solid OpenSCAD_Model
  facet normal 0.9048270524660177 0.42577929156507627 0
    outer loop
      vertex 8.421341084670491 -70.95874731610807 135
      vertex 8.74215991973682 -71.6405220446103 85
      vertex 8.421341084670491 -70.95874731610807 85
    endloop
  endfacet
  facet normal 0.844327925502013 0.5358267949790001 0
    outer loop
      vertex 8.74215991973682 -71.6405220446103 135
      vertex 9.145898033750315 -72.27671151375483 85
      vertex 8.74215991973682 -71.6405220446103 85
    endloop
  endfacet
  facet normal 0.7705132427757926 0.6374239897486855 0
    outer loop
      vertex 9.145898033750315 -72.27671151375483 135
      vertex 9.626188235471531 -72.85728263557213 85
      vertex 9.145898033750315 -72.27671151375483 85
    endloop
  endfacet
  facet normal 0.9822872507286885 0.1873813145857255 0
    outer loop
      vertex 8.047311792113133 -69.50199940138583 135
      vertex 8.188501033228214 -70.24213932298913 85
      vertex 8.047311792113133 -69.50199940138583 85
    endloop
  endfacet
  facet normal 0.9510565162951544 0.3090169943749455 0
    outer loop
      vertex 8.188501033228214 -70.24213932298913 135
      vertex 8.421341084670491 -70.95874731610807 85
      vertex 8.188501033228214 -70.24213932298913 85
    endloop
  endfacet
  facet normal 0.9980267284282716 0.06279051952931286 0
    outer loop
      vertex 8 -68.75 135
      vertex 8.047311792113133 -69.50199940138583 85
      vertex 8 -68.75 85
    endloop
  endfacet
  facet normal 0.9980267284282716 -0.06279051952931286 0
    outer loop
      vertex 8.047311792113133 -67.99800059861417 135
      vertex 8 -68.75 85
      vertex 8.047311792113133 -67.99800059861417 85
    endloop
  endfacet
  facet normal 0.9822872507286885 -0.1873813145857255 0
    outer loop
      vertex 8.188501033228214 -67.25786067701087 135
      vertex 8.047311792113133 -67.99800059861417 85
      vertex 8.188501033228214 -67.25786067701087 85
    endloop
  endfacet
  facet normal 0.9510565162951544 -0.3090169943749455 0
    outer loop
      vertex 8.421341084670491 -66.54125268389193 135
      vertex 8.188501033228214 -67.25786067701087 85
      vertex 8.421341084670491 -66.54125268389193 85
    endloop
  endfacet
  facet normal 0.9048270524660177 -0.42577929156507627 0
    outer loop
      vertex 8.74215991973682 -65.8594779553897 135
      vertex 8.421341084670491 -66.54125268389193 85
      vertex 8.74215991973682 -65.8594779553897 85
    endloop
  endfacet
  facet normal 0.844327925502013 -0.5358267949790001 0
    outer loop
      vertex 9.145898033750315 -65.22328848624517 135
      vertex 8.74215991973682 -65.8594779553897 85
      vertex 9.145898033750315 -65.22328848624517 85
    endloop
  endfacet
  facet normal 0.684547105928688 0.7289686274214122 0
    outer loop
      vertex 9.626188235471531 -72.85728263557213 135
      vertex 10.175456061507862 -73.37307945665474 85
      vertex 9.626188235471531 -72.85728263557213 85
    endloop
  endfacet
  facet normal 0.5877852522924705 0.8090169943749494 0
    outer loop
      vertex 10.175456061507862 -73.37307945665474 135
      vertex 10.785039230126019 -73.81596755301209 85
      vertex 10.175456061507862 -73.37307945665474 85
    endloop
  endfacet
  facet normal 0.481753674101724 0.8763066800438587 0
    outer loop
      vertex 10.785039230126019 -73.81596755301209 135
      vertex 11.445324250609566 -74.17896231479612 85
      vertex 10.785039230126019 -73.81596755301209 85
    endloop
  endfacet
  facet normal 0.36812455268467204 0.9297764858882537 0
    outer loop
      vertex 11.445324250609566 -74.17896231479612 135
      vertex 12.145898033750315 -74.45633909777092 85
      vertex 11.445324250609566 -74.17896231479612 85
    endloop
  endfacet
  facet normal 0.24868988716485566 0.9685831611286309 0
    outer loop
      vertex 12.145898033750315 -74.45633909777092 135
      vertex 12.875712112485651 -74.64372350437213 85
      vertex 12.145898033750315 -74.45633909777092 85
    endloop
  endfacet
  facet normal 0.12533323356430498 0.9921147013144777 0
    outer loop
      vertex 12.875712112485651 -74.64372350437213 135
      vertex 13.623256882824117 -74.73816037056963 85
      vertex 12.875712112485651 -74.64372350437213 85
    endloop
  endfacet
  facet normal 0 1 0
    outer loop
      vertex 13.623256882824117 -74.73816037056963 135
      vertex 14.376743117175883 -74.73816037056963 85
      vertex 13.623256882824117 -74.73816037056963 85
    endloop
  endfacet
  facet normal -0.12533323356430498 0.9921147013144777 0
    outer loop
      vertex 14.376743117175883 -74.73816037056963 135
      vertex 15.124287887514349 -74.64372350437213 85
      vertex 14.376743117175883 -74.73816037056963 85
    endloop
  endfacet
  facet normal 0.7705132427757926 -0.6374239897486855 0
    outer loop
      vertex 9.626188235471531 -64.64271736442787 135
      vertex 9.145898033750315 -65.22328848624517 85
      vertex 9.626188235471531 -64.64271736442787 85
    endloop
  endfacet
  facet normal 0.684547105928688 -0.7289686274214122 0
    outer loop
      vertex 10.175456061507862 -64.12692054334526 135
      vertex 9.626188235471531 -64.64271736442787 85
      vertex 10.175456061507862 -64.12692054334526 85
    endloop
  endfacet
  facet normal 0.5877852522924705 -0.8090169943749494 0
    outer loop
      vertex 10.785039230126019 -63.68403244698791 135
      vertex 10.175456061507862 -64.12692054334526 85
      vertex 10.785039230126019 -63.68403244698791 85
    endloop
  endfacet
  facet normal 0.4817536741017188 -0.8763066800438616 0
    outer loop
      vertex 11.445324250609563 -63.32103768520388 135
      vertex 10.785039230126019 -63.68403244698791 85
      vertex 11.445324250609563 -63.32103768520388 85
    endloop
  endfacet
  facet normal 0.36812455268467853 -0.9297764858882512 0
    outer loop
      vertex 12.145898033750315 -63.04366090222908 135
      vertex 11.445324250609563 -63.32103768520388 85
      vertex 12.145898033750315 -63.04366090222908 85
    endloop
  endfacet
  facet normal 0.24868988716485516 -0.9685831611286311 0
    outer loop
      vertex 12.875712112485653 -62.85627649562787 135
      vertex 12.145898033750315 -63.04366090222908 85
      vertex 12.875712112485653 -62.85627649562787 85
    endloop
  endfacet
  facet normal 0.12533323356430467 -0.9921147013144777 0
    outer loop
      vertex 13.623256882824121 -62.76183962943037 135
      vertex 12.875712112485653 -62.85627649562787 85
      vertex 13.623256882824121 -62.76183962943037 85
    endloop
  endfacet
  facet normal 0 -1 0
    outer loop
      vertex 14.376743117175879 -62.76183962943037 135
      vertex 13.623256882824121 -62.76183962943037 85
      vertex 14.376743117175879 -62.76183962943037 85
    endloop
  endfacet
  facet normal -0.12533323356430467 -0.9921147013144777 0
    outer loop
      vertex 15.124287887514347 -62.85627649562787 135
      vertex 14.376743117175879 -62.76183962943037 85
      vertex 15.124287887514347 -62.85627649562787 85
    endloop
  endfacet
  facet normal -0.24868988716485566 0.9685831611286309 0
    outer loop
      vertex 15.124287887514349 -74.64372350437213 135
      vertex 15.854101966249685 -74.45633909777092 85
      vertex 15.124287887514349 -74.64372350437213 85
    endloop
  endfacet
  facet normal -0.36812455268467204 0.9297764858882537 0
    outer loop
      vertex 15.854101966249685 -74.45633909777092 135
      vertex 16.554675749390434 -74.17896231479612 85
      vertex 15.854101966249685 -74.45633909777092 85
    endloop
  endfacet
  facet normal -0.481753674101727 0.876306680043857 0
    outer loop
      vertex 16.554675749390434 -74.17896231479612 135
      vertex 17.214960769873976 -73.81596755301209 85
      vertex 16.554675749390434 -74.17896231479612 85
    endloop
  endfacet
  facet normal -0.5877852522924648 0.8090169943749534 0
    outer loop
      vertex 17.214960769873976 -73.81596755301209 135
      vertex 17.82454393849214 -73.37307945665474 85
      vertex 17.214960769873976 -73.81596755301209 85
    endloop
  endfacet
  facet normal -0.6845471059286903 0.72896862742141 0
    outer loop
      vertex 17.82454393849214 -73.37307945665474 135
      vertex 18.37381176452847 -72.85728263557213 85
      vertex 17.82454393849214 -73.37307945665474 85
    endloop
  endfacet
  facet normal -0.7705132427757915 0.6374239897486869 0
    outer loop
      vertex 18.37381176452847 -72.85728263557213 135
      vertex 18.854101966249686 -72.27671151375483 85
      vertex 18.37381176452847 -72.85728263557213 85
    endloop
  endfacet
  facet normal -0.844327925502015 0.5358267949789968 0
    outer loop
      vertex 18.854101966249686 -72.27671151375483 135
      vertex 19.25784008026318 -71.6405220446103 85
      vertex 18.854101966249686 -72.27671151375483 85
    endloop
  endfacet
  facet normal -0.9048270524660187 0.42577929156507444 0
    outer loop
      vertex 19.25784008026318 -71.6405220446103 135
      vertex 19.578658915329505 -70.95874731610807 85
      vertex 19.25784008026318 -71.6405220446103 85
    endloop
  endfacet
  facet normal -0.9510565162951528 0.3090169943749497 0
    outer loop
      vertex 19.578658915329505 -70.95874731610807 135
      vertex 19.811498966771786 -70.24213932298913 85
      vertex 19.578658915329505 -70.95874731610807 85
    endloop
  endfacet
  facet normal -0.844327925502013 -0.5358267949790001 0
    outer loop
      vertex 19.257840080263183 -65.8594779553897 135
      vertex 18.854101966249686 -65.22328848624517 85
      vertex 19.257840080263183 -65.8594779553897 85
    endloop
  endfacet
  facet normal -0.9048270524660187 -0.42577929156507444 0
    outer loop
      vertex 19.57865891532951 -66.54125268389193 135
      vertex 19.257840080263183 -65.8594779553897 85
      vertex 19.57865891532951 -66.54125268389193 85
    endloop
  endfacet
  facet normal -0.9822872507286889 0.1873813145857232 0
    outer loop
      vertex 19.811498966771786 -70.24213932298913 135
      vertex 19.952688207886865 -69.50199940138583 85
      vertex 19.811498966771786 -70.24213932298913 85
    endloop
  endfacet
  facet normal -0.9980267284282714 0.0627905195293152 0
    outer loop
      vertex 19.952688207886865 -69.50199940138583 135
      vertex 20 -68.75 85
      vertex 19.952688207886865 -69.50199940138583 85
    endloop
  endfacet
  facet normal -0.9980267284282714 -0.0627905195293152 0
    outer loop
      vertex 20 -68.75 135
      vertex 19.952688207886865 -67.99800059861417 85
      vertex 20 -68.75 85
    endloop
  endfacet
  facet normal -0.9822872507286889 -0.1873813145857232 0
    outer loop
      vertex 19.952688207886865 -67.99800059861417 135
      vertex 19.811498966771786 -67.25786067701087 85
      vertex 19.952688207886865 -67.99800059861417 85
    endloop
  endfacet
  facet normal -0.9510565162951544 -0.3090169943749455 0
    outer loop
      vertex 19.811498966771786 -67.25786067701087 135
      vertex 19.57865891532951 -66.54125268389193 85
      vertex 19.811498966771786 -67.25786067701087 85
    endloop
  endfacet
  facet normal -0.24868988716485516 -0.9685831611286311 0
    outer loop
      vertex 15.854101966249685 -63.04366090222908 135
      vertex 15.124287887514347 -62.85627649562787 85
      vertex 15.854101966249685 -63.04366090222908 85
    endloop
  endfacet
  facet normal -0.36812455268467853 -0.9297764858882512 0
    outer loop
      vertex 16.554675749390437 -63.32103768520388 135
      vertex 15.854101966249685 -63.04366090222908 85
      vertex 16.554675749390437 -63.32103768520388 85
    endloop
  endfacet
  facet normal -0.4817536741017198 -0.8763066800438611 0
    outer loop
      vertex 17.21496076987398 -63.68403244698791 135
      vertex 16.554675749390437 -63.32103768520388 85
      vertex 17.21496076987398 -63.68403244698791 85
    endloop
  endfacet
  facet normal -0.5877852522924693 -0.8090169943749501 0
    outer loop
      vertex 17.824543938492138 -64.12692054334526 135
      vertex 17.21496076987398 -63.68403244698791 85
      vertex 17.824543938492138 -64.12692054334526 85
    endloop
  endfacet
  facet normal -0.684547105928688 -0.7289686274214122 0
    outer loop
      vertex 18.37381176452847 -64.64271736442787 135
      vertex 17.824543938492138 -64.12692054334526 85
      vertex 18.37381176452847 -64.64271736442787 85
    endloop
  endfacet
  facet normal -0.7705132427757915 -0.6374239897486869 0
    outer loop
      vertex 18.854101966249686 -65.22328848624517 135
      vertex 18.37381176452847 -64.64271736442787 85
      vertex 18.854101966249686 -65.22328848624517 85
    endloop
  endfacet
  facet normal 0.9048270524660177 0.42577929156507627 0
    outer loop
      vertex 8.421341084670491 -70.95874731610807 135
      vertex 8.74215991973682 -71.6405220446103 135
      vertex 8.74215991973682 -71.6405220446103 85
    endloop
  endfacet
  facet normal 0.844327925502013 0.5358267949790001 0
    outer loop
      vertex 8.74215991973682 -71.6405220446103 135
      vertex 9.145898033750315 -72.27671151375483 135
      vertex 9.145898033750315 -72.27671151375483 85
    endloop
  endfacet
  facet normal 0.9822872507286885 0.1873813145857255 0
    outer loop
      vertex 8.188501033228214 -70.24213932298913 135
      vertex 8.188501033228214 -70.24213932298913 85
      vertex 8.047311792113133 -69.50199940138583 135
    endloop
  endfacet
  facet normal 0.9510565162951544 0.3090169943749455 0
    outer loop
      vertex 8.188501033228214 -70.24213932298913 135
      vertex 8.421341084670491 -70.95874731610807 135
      vertex 8.421341084670491 -70.95874731610807 85
    endloop
  endfacet
  facet normal 0.9980267284282716 0.06279051952931286 0
    outer loop
      vertex 8.047311792113133 -69.50199940138583 135
      vertex 8.047311792113133 -69.50199940138583 85
      vertex 8 -68.75 135
    endloop
  endfacet
  facet normal 0.9980267284282716 -0.06279051952931286 0
    outer loop
      vertex 8 -68.75 135
      vertex 8 -68.75 85
      vertex 8.047311792113133 -67.99800059861417 135
    endloop
  endfacet
  facet normal 0.9822872507286885 -0.1873813145857255 0
    outer loop
      vertex 8.047311792113133 -67.99800059861417 135
      vertex 8.047311792113133 -67.99800059861417 85
      vertex 8.188501033228214 -67.25786067701087 135
    endloop
  endfacet
  facet normal 0.9510565162951544 -0.3090169943749455 0
    outer loop
      vertex 8.188501033228214 -67.25786067701087 135
      vertex 8.188501033228214 -67.25786067701087 85
      vertex 8.421341084670491 -66.54125268389193 135
    endloop
  endfacet
  facet normal 0.9048270524660177 -0.42577929156507627 0
    outer loop
      vertex 8.421341084670491 -66.54125268389193 135
      vertex 8.421341084670491 -66.54125268389193 85
      vertex 8.74215991973682 -65.8594779553897 135
    endloop
  endfacet
  facet normal 0.844327925502013 -0.5358267949790001 0
    outer loop
      vertex 8.74215991973682 -65.8594779553897 135
      vertex 8.74215991973682 -65.8594779553897 85
      vertex 9.145898033750315 -65.22328848624517 135
    endloop
  endfacet
  facet normal 0.7705132427757926 0.6374239897486855 0
    outer loop
      vertex 9.145898033750315 -72.27671151375483 135
      vertex 9.626188235471531 -72.85728263557213 135
      vertex 9.626188235471531 -72.85728263557213 85
    endloop
  endfacet
  facet normal 0.684547105928688 0.7289686274214122 0
    outer loop
      vertex 9.626188235471531 -72.85728263557213 135
      vertex 10.175456061507862 -73.37307945665474 135
      vertex 10.175456061507862 -73.37307945665474 85
    endloop
  endfacet
  facet normal 0.481753674101724 0.8763066800438587 0
    outer loop
      vertex 10.785039230126019 -73.81596755301209 135
      vertex 11.445324250609566 -74.17896231479612 135
      vertex 11.445324250609566 -74.17896231479612 85
    endloop
  endfacet
  facet normal 0.5877852522924705 0.8090169943749494 0
    outer loop
      vertex 10.175456061507862 -73.37307945665474 135
      vertex 10.785039230126019 -73.81596755301209 135
      vertex 10.785039230126019 -73.81596755301209 85
    endloop
  endfacet
  facet normal 0.36812455268467204 0.9297764858882537 0
    outer loop
      vertex 12.145898033750315 -74.45633909777092 135
      vertex 12.145898033750315 -74.45633909777092 85
      vertex 11.445324250609566 -74.17896231479612 135
    endloop
  endfacet
  facet normal 0.24868988716485566 0.9685831611286309 0
    outer loop
      vertex 12.145898033750315 -74.45633909777092 135
      vertex 12.875712112485651 -74.64372350437213 135
      vertex 12.875712112485651 -74.64372350437213 85
    endloop
  endfacet
  facet normal 0.12533323356430498 0.9921147013144777 0
    outer loop
      vertex 12.875712112485651 -74.64372350437213 135
      vertex 13.623256882824117 -74.73816037056963 135
      vertex 13.623256882824117 -74.73816037056963 85
    endloop
  endfacet
  facet normal 0 1 0
    outer loop
      vertex 13.623256882824117 -74.73816037056963 135
      vertex 14.376743117175883 -74.73816037056963 135
      vertex 14.376743117175883 -74.73816037056963 85
    endloop
  endfacet
  facet normal -0.12533323356430498 0.9921147013144777 0
    outer loop
      vertex 14.376743117175883 -74.73816037056963 135
      vertex 15.124287887514349 -74.64372350437213 135
      vertex 15.124287887514349 -74.64372350437213 85
    endloop
  endfacet
  facet normal 0 0 -1
    outer loop
      vertex 8.188501033228214 -70.24213932298913 135
      vertex 8.047311792113133 -69.50199940138583 135
      vertex 8.047311792113133 -67.99800059861417 135
    endloop
  endfacet
  facet normal 0 0 -1
    outer loop
      vertex 8.047311792113133 -69.50199940138583 135
      vertex 8 -68.75 135
      vertex 8.047311792113133 -67.99800059861417 135
    endloop
  endfacet
  facet normal 0 0 -1
    outer loop
      vertex 8.188501033228214 -70.24213932298913 135
      vertex 8.047311792113133 -67.99800059861417 135
      vertex 8.188501033228214 -67.25786067701087 135
    endloop
  endfacet
  facet normal 0 0 -1
    outer loop
      vertex 8.188501033228214 -70.24213932298913 135
      vertex 8.188501033228214 -67.25786067701087 135
      vertex 8.421341084670491 -70.95874731610807 135
    endloop
  endfacet
  facet normal 0 0 -1
    outer loop
      vertex 8.421341084670491 -70.95874731610807 135
      vertex 8.188501033228214 -67.25786067701087 135
      vertex 8.421341084670491 -66.54125268389193 135
    endloop
  endfacet
  facet normal 0 0 -1
    outer loop
      vertex 8.421341084670491 -70.95874731610807 135
      vertex 8.421341084670491 -66.54125268389193 135
      vertex 8.74215991973682 -71.6405220446103 135
    endloop
  endfacet
  facet normal 0 0 -1
    outer loop
      vertex 8.74215991973682 -71.6405220446103 135
      vertex 8.74215991973682 -65.8594779553897 135
      vertex 9.145898033750315 -72.27671151375483 135
    endloop
  endfacet
  facet normal 0 0 -1
    outer loop
      vertex 9.145898033750315 -72.27671151375483 135
      vertex 9.145898033750315 -65.22328848624517 135
      vertex 9.626188235471531 -72.85728263557213 135
    endloop
  endfacet
  facet normal 0 0 -1
    outer loop
      vertex 8.74215991973682 -71.6405220446103 135
      vertex 8.421341084670491 -66.54125268389193 135
      vertex 8.74215991973682 -65.8594779553897 135
    endloop
  endfacet
  facet normal 0 0 -1
    outer loop
      vertex 9.145898033750315 -72.27671151375483 135
      vertex 8.74215991973682 -65.8594779553897 135
      vertex 9.145898033750315 -65.22328848624517 135
    endloop
  endfacet
  facet normal 0 0 -1
    outer loop
      vertex 9.626188235471531 -72.85728263557213 135
      vertex 9.626188235471531 -64.64271736442787 135
      vertex 10.175456061507862 -73.37307945665474 135
    endloop
  endfacet
  facet normal 0 0 -1
    outer loop
      vertex 9.145898033750315 -65.22328848624517 135
      vertex 9.626188235471531 -64.64271736442787 135
      vertex 9.626188235471531 -72.85728263557213 135
    endloop
  endfacet
  facet normal 0 0 -1
    outer loop
      vertex 10.175456061507862 -73.37307945665474 135
      vertex 9.626188235471531 -64.64271736442787 135
      vertex 10.175456061507862 -64.12692054334526 135
    endloop
  endfacet
  facet normal 0 0 -1
    outer loop
      vertex 10.175456061507862 -73.37307945665474 135
      vertex 10.175456061507862 -64.12692054334526 135
      vertex 10.785039230126019 -73.81596755301209 135
    endloop
  endfacet
  facet normal 0 0 -1
    outer loop
      vertex 10.785039230126019 -73.81596755301209 135
      vertex 10.785039230126019 -63.68403244698791 135
      vertex 11.445324250609566 -74.17896231479612 135
    endloop
  endfacet
  facet normal 0 0 -1
    outer loop
      vertex 10.785039230126019 -73.81596755301209 135
      vertex 10.175456061507862 -64.12692054334526 135
      vertex 10.785039230126019 -63.68403244698791 135
    endloop
  endfacet
  facet normal 0 0 -1
    outer loop
      vertex 10.785039230126019 -63.68403244698791 135
      vertex 11.445324250609563 -63.32103768520388 135
      vertex 11.445324250609566 -74.17896231479612 135
    endloop
  endfacet
  facet normal 0 0 -1
    outer loop
      vertex 11.445324250609566 -74.17896231479612 135
      vertex 11.675558785279371 -69.6703113817117 135
      vertex 11.80923329989034 -69.95438418525428 135
    endloop
  endfacet
  facet normal 0 0 -1
    outer loop
      vertex 12.145898033750315 -74.45633909777092 135
      vertex 11.445324250609566 -74.17896231479612 135
      vertex 11.80923329989034 -69.95438418525428 135
    endloop
  endfacet
  facet normal 0 0 -1
    outer loop
      vertex 12.145898033750315 -74.45633909777092 135
      vertex 11.80923329989034 -69.95438418525428 135
      vertex 11.977457514062632 -70.21946313073119 135
    endloop
  endfacet
  facet normal 0 0 -1
    outer loop
      vertex 12.145898033750315 -74.45633909777092 135
      vertex 11.977457514062632 -70.21946313073119 135
      vertex 12.17757843144647 -70.46136776482172 135
    endloop
  endfacet
  facet normal 0 0 -1
    outer loop
      vertex 12.145898033750315 -74.45633909777092 135
      vertex 12.406440025628276 -70.67628310693948 135
      vertex 12.875712112485651 -74.64372350437213 135
    endloop
  endfacet
  facet normal 0 0 -1
    outer loop
      vertex 12.145898033750315 -74.45633909777092 135
      vertex 12.17757843144647 -70.46136776482172 135
      vertex 12.406440025628276 -70.67628310693948 135
    endloop
  endfacet
  facet normal 0 0 -1
    outer loop
      vertex 12.875712112485651 -74.64372350437213 135
      vertex 12.406440025628276 -70.67628310693948 135
      vertex 12.660433012552508 -70.86081981375504 135
    endloop
  endfacet
  facet normal 0 0 -1
    outer loop
      vertex 12.875712112485651 -74.64372350437213 135
      vertex 12.660433012552508 -70.86081981375504 135
      vertex 12.935551771087319 -71.01206763116505 135
    endloop
  endfacet
  facet normal 0 0 -1
    outer loop
      vertex 12.875712112485651 -74.64372350437213 135
      vertex 12.935551771087319 -71.01206763116505 135
      vertex 13.227457514062632 -71.12764129073788 135
    endloop
  endfacet
  facet normal 0 0 -1
    outer loop
      vertex 11.445324250609566 -74.17896231479612 135
      vertex 11.519713246713806 -69.06333308391076 135
      vertex 11.578542097178422 -69.37172471791213 135
    endloop
  endfacet
  facet normal 0 0 -1
    outer loop
      vertex 11.445324250609566 -74.17896231479612 135
      vertex 11.578542097178422 -69.37172471791213 135
      vertex 11.675558785279371 -69.6703113817117 135
    endloop
  endfacet
  facet normal 0 0 -1
    outer loop
      vertex 11.445324250609566 -74.17896231479612 135
      vertex 11.5 -68.75 135
      vertex 11.519713246713806 -69.06333308391076 135
    endloop
  endfacet
  facet normal 0 0 -1
    outer loop
      vertex 11.445324250609566 -74.17896231479612 135
      vertex 11.445324250609563 -63.32103768520388 135
      vertex 11.5 -68.75 135
    endloop
  endfacet
  facet normal 0 0 -1
    outer loop
      vertex 11.5 -68.75 135
      vertex 11.445324250609563 -63.32103768520388 135
      vertex 11.519713246713806 -68.43666691608924 135
    endloop
  endfacet
  facet normal 0 0 -1
    outer loop
      vertex 11.519713246713806 -68.43666691608924 135
      vertex 11.445324250609563 -63.32103768520388 135
      vertex 11.578542097178422 -68.12827528208787 135
    endloop
  endfacet
  facet normal 0 0 -1
    outer loop
      vertex 11.578542097178422 -68.12827528208787 135
      vertex 11.445324250609563 -63.32103768520388 135
      vertex 11.675558785279371 -67.8296886182883 135
    endloop
  endfacet
  facet normal 0 0 -1
    outer loop
      vertex 11.675558785279371 -67.8296886182883 135
      vertex 11.445324250609563 -63.32103768520388 135
      vertex 11.80923329989034 -67.54561581474572 135
    endloop
  endfacet
  facet normal 0 0 -1
    outer loop
      vertex 11.80923329989034 -67.54561581474572 135
      vertex 11.445324250609563 -63.32103768520388 135
      vertex 11.977457514062632 -67.28053686926881 135
    endloop
  endfacet
  facet normal 0 0 -1
    outer loop
      vertex 11.977457514062632 -67.28053686926881 135
      vertex 11.445324250609563 -63.32103768520388 135
      vertex 12.17757843144647 -67.03863223517828 135
    endloop
  endfacet
  facet normal 0 0 -1
    outer loop
      vertex 12.17757843144647 -67.03863223517828 135
      vertex 12.145898033750315 -63.04366090222908 135
      vertex 12.406440025628276 -66.82371689306052 135
    endloop
  endfacet
  facet normal 0 0 -1
    outer loop
      vertex 12.406440025628276 -66.82371689306052 135
      vertex 12.145898033750315 -63.04366090222908 135
      vertex 12.660433012552508 -66.63918018624496 135
    endloop
  endfacet
  facet normal 0 0 -1
    outer loop
      vertex 12.660433012552508 -66.63918018624496 135
      vertex 12.145898033750315 -63.04366090222908 135
      vertex 12.935551771087319 -66.48793236883495 135
    endloop
  endfacet
  facet normal 0 0 -1
    outer loop
      vertex 12.935551771087319 -66.48793236883495 135
      vertex 12.875712112485653 -62.85627649562787 135
      vertex 13.227457514062632 -66.37235870926212 135
    endloop
  endfacet
  facet normal 0 0 -1
    outer loop
      vertex 12.875712112485651 -74.64372350437213 135
      vertex 13.227457514062632 -71.12764129073788 135
      vertex 13.623256882824117 -74.73816037056963 135
    endloop
  endfacet
  facet normal 0 0 -1
    outer loop
      vertex 13.623256882824117 -74.73816037056963 135
      vertex 13.227457514062632 -71.12764129073788 135
      vertex 13.531546713535688 -71.20571812682172 135
    endloop
  endfacet
  facet normal 0 0 -1
    outer loop
      vertex 13.623256882824117 -74.73816037056963 135
      vertex 14.156976298823285 -71.24506682107068 135
      vertex 14.376743117175883 -74.73816037056963 135
    endloop
  endfacet
  facet normal 0 0 -1
    outer loop
      vertex 13.623256882824117 -74.73816037056963 135
      vertex 13.531546713535688 -71.20571812682172 135
      vertex 13.843023701176715 -71.24506682107068 135
    endloop
  endfacet
  facet normal 0 0 -1
    outer loop
      vertex 13.623256882824117 -74.73816037056963 135
      vertex 13.843023701176715 -71.24506682107068 135
      vertex 14.156976298823285 -71.24506682107068 135
    endloop
  endfacet
  facet normal 0 0 -1
    outer loop
      vertex 14.376743117175883 -74.73816037056963 135
      vertex 14.156976298823285 -71.24506682107068 135
      vertex 15.124287887514349 -74.64372350437213 135
    endloop
  endfacet
  facet normal 0 0 -1
    outer loop
      vertex 14.156976298823285 -71.24506682107068 135
      vertex 14.468453286464312 -71.20571812682172 135
      vertex 15.124287887514349 -74.64372350437213 135
    endloop
  endfacet
  facet normal 0 0 -1
    outer loop
      vertex 14.468453286464312 -71.20571812682172 135
      vertex 14.772542485937368 -71.12764129073788 135
      vertex 15.124287887514349 -74.64372350437213 135
    endloop
  endfacet
  facet normal 0 0 -1
    outer loop
      vertex 14.772542485937368 -71.12764129073788 135
      vertex 15.064448228912681 -71.01206763116505 135
      vertex 15.124287887514349 -74.64372350437213 135
    endloop
  endfacet
  facet normal 0 0 -1
    outer loop
      vertex 13.227457514062632 -66.37235870926212 135
      vertex 12.875712112485653 -62.85627649562787 135
      vertex 13.531546713535688 -66.29428187317828 135
    endloop
  endfacet
  facet normal 0 0 -1
    outer loop
      vertex 13.531546713535688 -66.29428187317828 135
      vertex 12.875712112485653 -62.85627649562787 135
      vertex 13.843023701176719 -66.25493317892932 135
    endloop
  endfacet
  facet normal 0 0 -1
    outer loop
      vertex 14.468453286464312 -66.29428187317828 135
      vertex 14.376743117175879 -62.76183962943037 135
      vertex 14.772542485937368 -66.37235870926212 135
    endloop
  endfacet
  facet normal 0 0 -1
    outer loop
      vertex 14.772542485937368 -66.37235870926212 135
      vertex 15.124287887514347 -62.85627649562787 135
      vertex 15.064448228912681 -66.48793236883495 135
    endloop
  endfacet
  facet normal 0.7705132427757926 -0.6374239897486855 0
    outer loop
      vertex 9.145898033750315 -65.22328848624517 135
      vertex 9.145898033750315 -65.22328848624517 85
      vertex 9.626188235471531 -64.64271736442787 135
    endloop
  endfacet
  facet normal 0.684547105928688 -0.7289686274214122 0
    outer loop
      vertex 9.626188235471531 -64.64271736442787 135
      vertex 9.626188235471531 -64.64271736442787 85
      vertex 10.175456061507862 -64.12692054334526 135
    endloop
  endfacet
  facet normal 0.5877852522924705 -0.8090169943749494 0
    outer loop
      vertex 10.175456061507862 -64.12692054334526 135
      vertex 10.175456061507862 -64.12692054334526 85
      vertex 10.785039230126019 -63.68403244698791 135
    endloop
  endfacet
  facet normal 0.4817536741017188 -0.8763066800438616 0
    outer loop
      vertex 10.785039230126019 -63.68403244698791 135
      vertex 10.785039230126019 -63.68403244698791 85
      vertex 11.445324250609563 -63.32103768520388 135
    endloop
  endfacet
  facet normal 0.36812455268467853 -0.9297764858882512 0
    outer loop
      vertex 11.445324250609563 -63.32103768520388 135
      vertex 11.445324250609563 -63.32103768520388 85
      vertex 12.145898033750315 -63.04366090222908 135
    endloop
  endfacet
  facet normal 0.24868988716485516 -0.9685831611286311 0
    outer loop
      vertex 12.145898033750315 -63.04366090222908 135
      vertex 12.145898033750315 -63.04366090222908 85
      vertex 12.875712112485653 -62.85627649562787 135
    endloop
  endfacet
  facet normal 0.12533323356430467 -0.9921147013144777 0
    outer loop
      vertex 12.875712112485653 -62.85627649562787 135
      vertex 12.875712112485653 -62.85627649562787 85
      vertex 13.623256882824121 -62.76183962943037 135
    endloop
  endfacet
  facet normal 0 -1 0
    outer loop
      vertex 13.623256882824121 -62.76183962943037 135
      vertex 13.623256882824121 -62.76183962943037 85
      vertex 14.376743117175879 -62.76183962943037 135
    endloop
  endfacet
  facet normal -0.12533323356430467 -0.9921147013144777 0
    outer loop
      vertex 14.376743117175879 -62.76183962943037 135
      vertex 14.376743117175879 -62.76183962943037 85
      vertex 15.124287887514347 -62.85627649562787 135
    endloop
  endfacet
  facet normal 0 0 -1
    outer loop
      vertex 12.17757843144647 -67.03863223517828 135
      vertex 11.445324250609563 -63.32103768520388 135
      vertex 12.145898033750315 -63.04366090222908 135
    endloop
  endfacet
  facet normal 0 0 -1
    outer loop
      vertex 12.935551771087319 -66.48793236883495 135
      vertex 12.145898033750315 -63.04366090222908 135
      vertex 12.875712112485653 -62.85627649562787 135
    endloop
  endfacet
  facet normal 0 0 -1
    outer loop
      vertex 13.843023701176719 -66.25493317892932 135
      vertex 12.875712112485653 -62.85627649562787 135
      vertex 13.623256882824121 -62.76183962943037 135
    endloop
  endfacet
  facet normal 0 0 -1
    outer loop
      vertex 13.843023701176719 -66.25493317892932 135
      vertex 13.623256882824121 -62.76183962943037 135
      vertex 14.376743117175879 -62.76183962943037 135
    endloop
  endfacet
  facet normal 0 0 -1
    outer loop
      vertex 13.843023701176719 -66.25493317892932 135
      vertex 14.376743117175879 -62.76183962943037 135
      vertex 14.156976298823283 -66.25493317892932 135
    endloop
  endfacet
  facet normal 0 0 -1
    outer loop
      vertex 14.156976298823283 -66.25493317892932 135
      vertex 14.376743117175879 -62.76183962943037 135
      vertex 14.468453286464312 -66.29428187317828 135
    endloop
  endfacet
  facet normal 0 0 -1
    outer loop
      vertex 14.772542485937368 -66.37235870926212 135
      vertex 14.376743117175879 -62.76183962943037 135
      vertex 15.124287887514347 -62.85627649562787 135
    endloop
  endfacet
  facet normal -0.24868988716485566 0.9685831611286309 0
    outer loop
      vertex 15.124287887514349 -74.64372350437213 135
      vertex 15.854101966249685 -74.45633909777092 135
      vertex 15.854101966249685 -74.45633909777092 85
    endloop
  endfacet
  facet normal -0.36812455268467204 0.9297764858882537 0
    outer loop
      vertex 15.854101966249685 -74.45633909777092 135
      vertex 16.554675749390434 -74.17896231479612 135
      vertex 16.554675749390434 -74.17896231479612 85
    endloop
  endfacet
  facet normal -0.481753674101727 0.876306680043857 0
    outer loop
      vertex 16.554675749390434 -74.17896231479612 135
      vertex 17.214960769873976 -73.81596755301209 135
      vertex 17.214960769873976 -73.81596755301209 85
    endloop
  endfacet
  facet normal -0.5877852522924648 0.8090169943749534 0
    outer loop
      vertex 17.214960769873976 -73.81596755301209 135
      vertex 17.82454393849214 -73.37307945665474 135
      vertex 17.82454393849214 -73.37307945665474 85
    endloop
  endfacet
  facet normal -0.6845471059286903 0.72896862742141 0
    outer loop
      vertex 17.82454393849214 -73.37307945665474 135
      vertex 18.37381176452847 -72.85728263557213 135
      vertex 18.37381176452847 -72.85728263557213 85
    endloop
  endfacet
  facet normal -0.7705132427757915 0.6374239897486869 0
    outer loop
      vertex 18.37381176452847 -72.85728263557213 135
      vertex 18.854101966249686 -72.27671151375483 135
      vertex 18.854101966249686 -72.27671151375483 85
    endloop
  endfacet
  facet normal -0.844327925502015 0.5358267949789968 0
    outer loop
      vertex 18.854101966249686 -72.27671151375483 135
      vertex 19.25784008026318 -71.6405220446103 135
      vertex 19.25784008026318 -71.6405220446103 85
    endloop
  endfacet
  facet normal -0.9048270524660187 0.42577929156507444 0
    outer loop
      vertex 19.25784008026318 -71.6405220446103 135
      vertex 19.578658915329505 -70.95874731610807 135
      vertex 19.578658915329505 -70.95874731610807 85
    endloop
  endfacet
  facet normal -0.844327925502013 -0.5358267949790001 0
    outer loop
      vertex 18.854101966249686 -65.22328848624517 135
      vertex 18.854101966249686 -65.22328848624517 85
      vertex 19.257840080263183 -65.8594779553897 135
    endloop
  endfacet
  facet normal -0.9510565162951544 -0.3090169943749455 0
    outer loop
      vertex 19.57865891532951 -66.54125268389193 135
      vertex 19.57865891532951 -66.54125268389193 85
      vertex 19.811498966771786 -67.25786067701087 135
    endloop
  endfacet
  facet normal -0.9048270524660187 -0.42577929156507444 0
    outer loop
      vertex 19.57865891532951 -66.54125268389193 135
      vertex 19.257840080263183 -65.8594779553897 135
      vertex 19.257840080263183 -65.8594779553897 85
    endloop
  endfacet
  facet normal -0.9510565162951528 0.3090169943749497 0
    outer loop
      vertex 19.578658915329505 -70.95874731610807 135
      vertex 19.811498966771786 -70.24213932298913 135
      vertex 19.811498966771786 -70.24213932298913 85
    endloop
  endfacet
  facet normal -0.9822872507286889 0.1873813145857232 0
    outer loop
      vertex 19.811498966771786 -70.24213932298913 135
      vertex 19.952688207886865 -69.50199940138583 135
      vertex 19.952688207886865 -69.50199940138583 85
    endloop
  endfacet
  facet normal -0.9980267284282714 0.0627905195293152 0
    outer loop
      vertex 19.952688207886865 -69.50199940138583 135
      vertex 20 -68.75 135
      vertex 20 -68.75 85
    endloop
  endfacet
  facet normal -0.9980267284282714 -0.0627905195293152 0
    outer loop
      vertex 20 -68.75 135
      vertex 19.952688207886865 -67.99800059861417 135
      vertex 19.952688207886865 -67.99800059861417 85
    endloop
  endfacet
  facet normal -0.9822872507286889 -0.1873813145857232 0
    outer loop
      vertex 19.952688207886865 -67.99800059861417 135
      vertex 19.811498966771786 -67.25786067701087 135
      vertex 19.811498966771786 -67.25786067701087 85
    endloop
  endfacet
  facet normal 0 0 -1
    outer loop
      vertex 15.124287887514349 -74.64372350437213 135
      vertex 15.064448228912681 -71.01206763116505 135
      vertex 15.854101966249685 -74.45633909777092 135
    endloop
  endfacet
  facet normal 0 0 -1
    outer loop
      vertex 15.854101966249685 -74.45633909777092 135
      vertex 15.064448228912681 -71.01206763116505 135
      vertex 15.33956698744749 -70.86081981375504 135
    endloop
  endfacet
  facet normal 0 0 -1
    outer loop
      vertex 15.854101966249685 -74.45633909777092 135
      vertex 15.33956698744749 -70.86081981375504 135
      vertex 15.593559974371725 -70.67628310693948 135
    endloop
  endfacet
  facet normal 0 0 -1
    outer loop
      vertex 15.854101966249685 -74.45633909777092 135
      vertex 15.593559974371725 -70.67628310693948 135
      vertex 15.82242156855353 -70.46136776482172 135
    endloop
  endfacet
  facet normal 0 0 -1
    outer loop
      vertex 15.854101966249685 -74.45633909777092 135
      vertex 15.82242156855353 -70.46136776482172 135
      vertex 16.554675749390434 -74.17896231479612 135
    endloop
  endfacet
  facet normal 0 0 -1
    outer loop
      vertex 15.82242156855353 -70.46136776482172 135
      vertex 16.022542485937368 -70.21946313073119 135
      vertex 16.554675749390434 -74.17896231479612 135
    endloop
  endfacet
  facet normal 0 0 -1
    outer loop
      vertex 16.554675749390434 -74.17896231479612 135
      vertex 16.022542485937368 -70.21946313073119 135
      vertex 16.19076670010966 -69.95438418525428 135
    endloop
  endfacet
  facet normal 0 0 -1
    outer loop
      vertex 16.554675749390434 -74.17896231479612 135
      vertex 16.19076670010966 -69.95438418525428 135
      vertex 16.32444121472063 -69.6703113817117 135
    endloop
  endfacet
  facet normal 0 0 -1
    outer loop
      vertex 15.064448228912681 -66.48793236883495 135
      vertex 15.124287887514347 -62.85627649562787 135
      vertex 15.339566987447492 -66.63918018624496 135
    endloop
  endfacet
  facet normal 0 0 -1
    outer loop
      vertex 15.339566987447492 -66.63918018624496 135
      vertex 15.124287887514347 -62.85627649562787 135
      vertex 15.593559974371724 -66.82371689306052 135
    endloop
  endfacet
  facet normal 0 0 -1
    outer loop
      vertex 15.593559974371724 -66.82371689306052 135
      vertex 15.854101966249685 -63.04366090222908 135
      vertex 15.82242156855353 -67.03863223517828 135
    endloop
  endfacet
  facet normal 0 0 -1
    outer loop
      vertex 15.82242156855353 -67.03863223517828 135
      vertex 15.854101966249685 -63.04366090222908 135
      vertex 16.022542485937368 -67.28053686926881 135
    endloop
  endfacet
  facet normal 0 0 -1
    outer loop
      vertex 16.554675749390434 -74.17896231479612 135
      vertex 16.32444121472063 -69.6703113817117 135
      vertex 16.42145790282158 -69.37172471791213 135
    endloop
  endfacet
  facet normal 0 0 -1
    outer loop
      vertex 16.554675749390434 -74.17896231479612 135
      vertex 16.42145790282158 -69.37172471791213 135
      vertex 16.480286753286194 -69.06333308391076 135
    endloop
  endfacet
  facet normal 0 0 -1
    outer loop
      vertex 16.554675749390434 -74.17896231479612 135
      vertex 16.480286753286194 -69.06333308391076 135
      vertex 16.5 -68.75 135
    endloop
  endfacet
  facet normal 0 0 -1
    outer loop
      vertex 16.554675749390434 -74.17896231479612 135
      vertex 16.554675749390437 -63.32103768520388 135
      vertex 17.214960769873976 -73.81596755301209 135
    endloop
  endfacet
  facet normal 0 0 -1
    outer loop
      vertex 16.554675749390434 -74.17896231479612 135
      vertex 16.5 -68.75 135
      vertex 16.554675749390437 -63.32103768520388 135
    endloop
  endfacet
  facet normal 0 0 -1
    outer loop
      vertex 16.19076670010966 -67.54561581474572 135
      vertex 16.022542485937368 -67.28053686926881 135
      vertex 15.854101966249685 -63.04366090222908 135
    endloop
  endfacet
  facet normal 0 0 -1
    outer loop
      vertex 16.19076670010966 -67.54561581474572 135
      vertex 16.554675749390437 -63.32103768520388 135
      vertex 16.32444121472063 -67.8296886182883 135
    endloop
  endfacet
  facet normal 0 0 -1
    outer loop
      vertex 16.5 -68.75 135
      vertex 16.480286753286194 -68.43666691608924 135
      vertex 16.554675749390437 -63.32103768520388 135
    endloop
  endfacet
  facet normal 0 0 -1
    outer loop
      vertex 16.480286753286194 -68.43666691608924 135
      vertex 16.42145790282158 -68.12827528208787 135
      vertex 16.554675749390437 -63.32103768520388 135
    endloop
  endfacet
  facet normal 0 0 -1
    outer loop
      vertex 16.32444121472063 -67.8296886182883 135
      vertex 16.554675749390437 -63.32103768520388 135
      vertex 16.42145790282158 -68.12827528208787 135
    endloop
  endfacet
  facet normal 0 0 -1
    outer loop
      vertex 17.214960769873976 -73.81596755301209 135
      vertex 17.21496076987398 -63.68403244698791 135
      vertex 17.82454393849214 -73.37307945665474 135
    endloop
  endfacet
  facet normal 0 0 -1
    outer loop
      vertex 16.554675749390437 -63.32103768520388 135
      vertex 17.21496076987398 -63.68403244698791 135
      vertex 17.214960769873976 -73.81596755301209 135
    endloop
  endfacet
  facet normal 0 0 -1
    outer loop
      vertex 17.82454393849214 -73.37307945665474 135
      vertex 17.21496076987398 -63.68403244698791 135
      vertex 17.824543938492138 -64.12692054334526 135
    endloop
  endfacet
  facet normal 0 0 -1
    outer loop
      vertex 17.82454393849214 -73.37307945665474 135
      vertex 17.824543938492138 -64.12692054334526 135
      vertex 18.37381176452847 -72.85728263557213 135
    endloop
  endfacet
  facet normal 0 0 -1
    outer loop
      vertex 18.37381176452847 -72.85728263557213 135
      vertex 18.37381176452847 -64.64271736442787 135
      vertex 18.854101966249686 -72.27671151375483 135
    endloop
  endfacet
  facet normal 0 0 -1
    outer loop
      vertex 18.37381176452847 -72.85728263557213 135
      vertex 17.824543938492138 -64.12692054334526 135
      vertex 18.37381176452847 -64.64271736442787 135
    endloop
  endfacet
  facet normal 0 0 -1
    outer loop
      vertex 18.37381176452847 -64.64271736442787 135
      vertex 18.854101966249686 -65.22328848624517 135
      vertex 18.854101966249686 -72.27671151375483 135
    endloop
  endfacet
  facet normal 0 0 -1
    outer loop
      vertex 18.854101966249686 -72.27671151375483 135
      vertex 18.854101966249686 -65.22328848624517 135
      vertex 19.25784008026318 -71.6405220446103 135
    endloop
  endfacet
  facet normal 0 0 -1
    outer loop
      vertex 19.25784008026318 -71.6405220446103 135
      vertex 19.257840080263183 -65.8594779553897 135
      vertex 19.578658915329505 -70.95874731610807 135
    endloop
  endfacet
  facet normal 0 0 -1
    outer loop
      vertex 19.578658915329505 -70.95874731610807 135
      vertex 19.57865891532951 -66.54125268389193 135
      vertex 19.811498966771786 -70.24213932298913 135
    endloop
  endfacet
  facet normal 0 0 -1
    outer loop
      vertex 19.25784008026318 -71.6405220446103 135
      vertex 18.854101966249686 -65.22328848624517 135
      vertex 19.257840080263183 -65.8594779553897 135
    endloop
  endfacet
  facet normal 0 0 -1
    outer loop
      vertex 19.578658915329505 -70.95874731610807 135
      vertex 19.257840080263183 -65.8594779553897 135
      vertex 19.57865891532951 -66.54125268389193 135
    endloop
  endfacet
  facet normal 0 0 -1
    outer loop
      vertex 19.811498966771786 -70.24213932298913 135
      vertex 19.811498966771786 -67.25786067701087 135
      vertex 19.952688207886865 -69.50199940138583 135
    endloop
  endfacet
  facet normal 0 0 -1
    outer loop
      vertex 19.952688207886865 -69.50199940138583 135
      vertex 19.811498966771786 -67.25786067701087 135
      vertex 19.952688207886865 -67.99800059861417 135
    endloop
  endfacet
  facet normal 0 0 -1
    outer loop
      vertex 19.952688207886865 -69.50199940138583 135
      vertex 19.952688207886865 -67.99800059861417 135
      vertex 20 -68.75 135
    endloop
  endfacet
  facet normal 0 0 -1
    outer loop
      vertex 19.811498966771786 -70.24213932298913 135
      vertex 19.57865891532951 -66.54125268389193 135
      vertex 19.811498966771786 -67.25786067701087 135
    endloop
  endfacet
  facet normal -0.24868988716485516 -0.9685831611286311 0
    outer loop
      vertex 15.124287887514347 -62.85627649562787 135
      vertex 15.124287887514347 -62.85627649562787 85
      vertex 15.854101966249685 -63.04366090222908 135
    endloop
  endfacet
  facet normal -0.36812455268467853 -0.9297764858882512 0
    outer loop
      vertex 16.554675749390437 -63.32103768520388 135
      vertex 15.854101966249685 -63.04366090222908 135
      vertex 15.854101966249685 -63.04366090222908 85
    endloop
  endfacet
  facet normal -0.4817536741017198 -0.8763066800438611 0
    outer loop
      vertex 16.554675749390437 -63.32103768520388 135
      vertex 16.554675749390437 -63.32103768520388 85
      vertex 17.21496076987398 -63.68403244698791 135
    endloop
  endfacet
  facet normal -0.5877852522924693 -0.8090169943749501 0
    outer loop
      vertex 17.21496076987398 -63.68403244698791 135
      vertex 17.21496076987398 -63.68403244698791 85
      vertex 17.824543938492138 -64.12692054334526 135
    endloop
  endfacet
  facet normal -0.684547105928688 -0.7289686274214122 0
    outer loop
      vertex 17.824543938492138 -64.12692054334526 135
      vertex 17.824543938492138 -64.12692054334526 85
      vertex 18.37381176452847 -64.64271736442787 135
    endloop
  endfacet
  facet normal -0.7705132427757915 -0.6374239897486869 0
    outer loop
      vertex 18.37381176452847 -64.64271736442787 135
      vertex 18.37381176452847 -64.64271736442787 85
      vertex 18.854101966249686 -65.22328848624517 135
    endloop
  endfacet
  facet normal 0 0 -1
    outer loop
      vertex 15.593559974371724 -66.82371689306052 135
      vertex 15.124287887514347 -62.85627649562787 135
      vertex 15.854101966249685 -63.04366090222908 135
    endloop
  endfacet
  facet normal 0 0 -1
    outer loop
      vertex 16.19076670010966 -67.54561581474572 135
      vertex 15.854101966249685 -63.04366090222908 135
      vertex 16.554675749390437 -63.32103768520388 135
    endloop
  endfacet
  facet normal 0.982287250728688 0.1873813145857281 0
    outer loop
      vertex 11.578542097178422 -69.37172471791213 135
      vertex 11.519713246713806 -69.06333308391076 135
      vertex 11.519713246713806 -69.06333308391076 140
    endloop
  endfacet
  facet normal 0.9980267284282714 0.0627905195293152 0
    outer loop
      vertex 11.519713246713806 -69.06333308391076 135
      vertex 11.5 -68.75 135
      vertex 11.5 -68.75 140
    endloop
  endfacet
  facet normal 0.9510565162951574 0.30901699437493574 0
    outer loop
      vertex 11.675558785279371 -69.6703113817117 135
      vertex 11.578542097178422 -69.37172471791213 135
      vertex 11.578542097178422 -69.37172471791213 140
    endloop
  endfacet
  facet normal 0.9980267284282714 -0.0627905195293152 0
    outer loop
      vertex 11.5 -68.75 135
      vertex 11.519713246713806 -68.43666691608924 135
      vertex 11.519713246713806 -68.43666691608924 140
    endloop
  endfacet
  facet normal 0.982287250728688 -0.1873813145857281 0
    outer loop
      vertex 11.519713246713806 -68.43666691608924 135
      vertex 11.578542097178422 -68.12827528208787 135
      vertex 11.578542097178422 -68.12827528208787 140
    endloop
  endfacet
  facet normal 0.9048270524660145 0.42577929156508315 0
    outer loop
      vertex 11.675558785279371 -69.6703113817117 135
      vertex 11.675558785279371 -69.6703113817117 140
      vertex 11.80923329989034 -69.95438418525428 135
    endloop
  endfacet
  facet normal 0.8443279255020203 0.5358267949789884 0
    outer loop
      vertex 11.977457514062632 -70.21946313073119 135
      vertex 11.80923329989034 -69.95438418525428 135
      vertex 11.80923329989034 -69.95438418525428 140
    endloop
  endfacet
  facet normal 0.7705132427757814 0.6374239897486991 0
    outer loop
      vertex 11.977457514062632 -70.21946313073119 135
      vertex 11.977457514062632 -70.21946313073119 140
      vertex 12.17757843144647 -70.46136776482172 135
    endloop
  endfacet
  facet normal 0.9510565162951574 -0.30901699437493574 0
    outer loop
      vertex 11.578542097178422 -68.12827528208787 135
      vertex 11.675558785279371 -67.8296886182883 135
      vertex 11.675558785279371 -67.8296886182883 140
    endloop
  endfacet
  facet normal 0.9048270524660145 -0.42577929156508315 0
    outer loop
      vertex 11.675558785279371 -67.8296886182883 135
      vertex 11.80923329989034 -67.54561581474572 135
      vertex 11.80923329989034 -67.54561581474572 140
    endloop
  endfacet
  facet normal 0.8443279255020203 -0.5358267949789884 0
    outer loop
      vertex 11.80923329989034 -67.54561581474572 135
      vertex 11.977457514062632 -67.28053686926881 135
      vertex 11.977457514062632 -67.28053686926881 140
    endloop
  endfacet
  facet normal 0.7705132427757814 -0.6374239897486991 0
    outer loop
      vertex 11.977457514062632 -67.28053686926881 135
      vertex 12.17757843144647 -67.03863223517828 135
      vertex 12.17757843144647 -67.03863223517828 140
    endloop
  endfacet
  facet normal 0.6845471059287056 0.7289686274213956 0
    outer loop
      vertex 12.17757843144647 -70.46136776482172 135
      vertex 12.17757843144647 -70.46136776482172 140
      vertex 12.406440025628276 -70.67628310693948 135
    endloop
  endfacet
  facet normal 0.5877852522924736 0.8090169943749471 0
    outer loop
      vertex 12.406440025628276 -70.67628310693948 135
      vertex 12.406440025628276 -70.67628310693948 140
      vertex 12.660433012552508 -70.86081981375504 135
    endloop
  endfacet
  facet normal 0.48175367410171016 0.8763066800438664 0
    outer loop
      vertex 12.660433012552508 -70.86081981375504 135
      vertex 12.660433012552508 -70.86081981375504 140
      vertex 12.935551771087319 -71.01206763116505 135
    endloop
  endfacet
  facet normal 0.36812455268466765 0.9297764858882555 0
    outer loop
      vertex 12.935551771087319 -71.01206763116505 135
      vertex 12.935551771087319 -71.01206763116505 140
      vertex 13.227457514062632 -71.12764129073788 135
    endloop
  endfacet
  facet normal 0.6845471059287056 -0.7289686274213956 0
    outer loop
      vertex 12.17757843144647 -67.03863223517828 135
      vertex 12.406440025628276 -66.82371689306052 135
      vertex 12.406440025628276 -66.82371689306052 140
    endloop
  endfacet
  facet normal 0.5877852522924736 -0.8090169943749471 0
    outer loop
      vertex 12.406440025628276 -66.82371689306052 135
      vertex 12.660433012552508 -66.63918018624496 135
      vertex 12.660433012552508 -66.63918018624496 140
    endloop
  endfacet
  facet normal 0.48175367410171016 -0.8763066800438664 0
    outer loop
      vertex 12.660433012552508 -66.63918018624496 135
      vertex 12.935551771087319 -66.48793236883495 135
      vertex 12.935551771087319 -66.48793236883495 140
    endloop
  endfacet
  facet normal 0.982287250728688 0.1873813145857281 0
    outer loop
      vertex 11.578542097178422 -69.37172471791213 135
      vertex 11.519713246713806 -69.06333308391076 140
      vertex 11.578542097178422 -69.37172471791213 140
    endloop
  endfacet
  facet normal 0.9980267284282714 0.0627905195293152 0
    outer loop
      vertex 11.519713246713806 -69.06333308391076 135
      vertex 11.5 -68.75 140
      vertex 11.519713246713806 -69.06333308391076 140
    endloop
  endfacet
  facet normal 0.9510565162951574 0.30901699437493574 0
    outer loop
      vertex 11.675558785279371 -69.6703113817117 135
      vertex 11.578542097178422 -69.37172471791213 140
      vertex 11.675558785279371 -69.6703113817117 140
    endloop
  endfacet
  facet normal 0.9980267284282714 -0.0627905195293152 0
    outer loop
      vertex 11.5 -68.75 135
      vertex 11.519713246713806 -68.43666691608924 140
      vertex 11.5 -68.75 140
    endloop
  endfacet
  facet normal 0.982287250728688 -0.1873813145857281 0
    outer loop
      vertex 11.519713246713806 -68.43666691608924 135
      vertex 11.578542097178422 -68.12827528208787 140
      vertex 11.519713246713806 -68.43666691608924 140
    endloop
  endfacet
  facet normal 0.9048270524660145 0.42577929156508315 0
    outer loop
      vertex 11.80923329989034 -69.95438418525428 135
      vertex 11.675558785279371 -69.6703113817117 140
      vertex 11.80923329989034 -69.95438418525428 140
    endloop
  endfacet
  facet normal 0.8443279255020203 0.5358267949789884 0
    outer loop
      vertex 11.977457514062632 -70.21946313073119 135
      vertex 11.80923329989034 -69.95438418525428 140
      vertex 11.977457514062632 -70.21946313073119 140
    endloop
  endfacet
  facet normal 0.7705132427757814 0.6374239897486991 0
    outer loop
      vertex 12.17757843144647 -70.46136776482172 135
      vertex 11.977457514062632 -70.21946313073119 140
      vertex 12.17757843144647 -70.46136776482172 140
    endloop
  endfacet
  facet normal 0.9510565162951574 -0.30901699437493574 0
    outer loop
      vertex 11.578542097178422 -68.12827528208787 135
      vertex 11.675558785279371 -67.8296886182883 140
      vertex 11.578542097178422 -68.12827528208787 140
    endloop
  endfacet
  facet normal 0.9048270524660145 -0.42577929156508315 0
    outer loop
      vertex 11.675558785279371 -67.8296886182883 135
      vertex 11.80923329989034 -67.54561581474572 140
      vertex 11.675558785279371 -67.8296886182883 140
    endloop
  endfacet
  facet normal 0.8443279255020203 -0.5358267949789884 0
    outer loop
      vertex 11.80923329989034 -67.54561581474572 135
      vertex 11.977457514062632 -67.28053686926881 140
      vertex 11.80923329989034 -67.54561581474572 140
    endloop
  endfacet
  facet normal 0.7705132427757814 -0.6374239897486991 0
    outer loop
      vertex 11.977457514062632 -67.28053686926881 135
      vertex 12.17757843144647 -67.03863223517828 140
      vertex 11.977457514062632 -67.28053686926881 140
    endloop
  endfacet
  facet normal 0.6845471059287056 0.7289686274213956 0
    outer loop
      vertex 12.406440025628276 -70.67628310693948 135
      vertex 12.17757843144647 -70.46136776482172 140
      vertex 12.406440025628276 -70.67628310693948 140
    endloop
  endfacet
  facet normal 0.5877852522924736 0.8090169943749471 0
    outer loop
      vertex 12.660433012552508 -70.86081981375504 135
      vertex 12.406440025628276 -70.67628310693948 140
      vertex 12.660433012552508 -70.86081981375504 140
    endloop
  endfacet
  facet normal 0.48175367410171016 0.8763066800438664 0
    outer loop
      vertex 12.935551771087319 -71.01206763116505 135
      vertex 12.660433012552508 -70.86081981375504 140
      vertex 12.935551771087319 -71.01206763116505 140
    endloop
  endfacet
  facet normal 0.6845471059287056 -0.7289686274213956 0
    outer loop
      vertex 12.17757843144647 -67.03863223517828 135
      vertex 12.406440025628276 -66.82371689306052 140
      vertex 12.17757843144647 -67.03863223517828 140
    endloop
  endfacet
  facet normal 0.5877852522924736 -0.8090169943749471 0
    outer loop
      vertex 12.406440025628276 -66.82371689306052 135
      vertex 12.660433012552508 -66.63918018624496 140
      vertex 12.406440025628276 -66.82371689306052 140
    endloop
  endfacet
  facet normal 0.48175367410171016 -0.8763066800438664 0
    outer loop
      vertex 12.660433012552508 -66.63918018624496 135
      vertex 12.935551771087319 -66.48793236883495 140
      vertex 12.660433012552508 -66.63918018624496 140
    endloop
  endfacet
  facet normal 0.36812455268466765 -0.9297764858882555 0
    outer loop
      vertex 12.935551771087319 -66.48793236883495 135
      vertex 13.227457514062632 -66.37235870926212 140
      vertex 12.935551771087319 -66.48793236883495 140
    endloop
  endfacet
  facet normal 0.24868988716485607 0.9685831611286309 0
    outer loop
      vertex 13.227457514062632 -71.12764129073788 135
      vertex 13.227457514062632 -71.12764129073788 140
      vertex 13.531546713535688 -71.20571812682172 135
    endloop
  endfacet
  facet normal 0.12533323356430504 0.9921147013144777 0
    outer loop
      vertex 13.531546713535688 -71.20571812682172 135
      vertex 13.531546713535688 -71.20571812682172 140
      vertex 13.843023701176715 -71.24506682107068 135
    endloop
  endfacet
  facet normal 0 1 0
    outer loop
      vertex 13.843023701176715 -71.24506682107068 135
      vertex 13.843023701176715 -71.24506682107068 140
      vertex 14.156976298823285 -71.24506682107068 135
    endloop
  endfacet
  facet normal -0.12533323356430504 0.9921147013144777 0
    outer loop
      vertex 14.156976298823285 -71.24506682107068 135
      vertex 14.156976298823285 -71.24506682107068 140
      vertex 14.468453286464312 -71.20571812682172 135
    endloop
  endfacet
  facet normal -0.24868988716485607 0.9685831611286309 0
    outer loop
      vertex 14.468453286464312 -71.20571812682172 135
      vertex 14.468453286464312 -71.20571812682172 140
      vertex 14.772542485937368 -71.12764129073788 135
    endloop
  endfacet
  facet normal -0.36812455268466765 0.9297764858882555 0
    outer loop
      vertex 14.772542485937368 -71.12764129073788 135
      vertex 14.772542485937368 -71.12764129073788 140
      vertex 15.064448228912681 -71.01206763116505 135
    endloop
  endfacet
  facet normal 0.36812455268466765 0.9297764858882555 0
    outer loop
      vertex 13.227457514062632 -71.12764129073788 135
      vertex 12.935551771087319 -71.01206763116505 140
      vertex 13.227457514062632 -71.12764129073788 140
    endloop
  endfacet
  facet normal 0.24868988716485607 0.9685831611286309 0
    outer loop
      vertex 13.531546713535688 -71.20571812682172 135
      vertex 13.227457514062632 -71.12764129073788 140
      vertex 13.531546713535688 -71.20571812682172 140
    endloop
  endfacet
  facet normal 0.12533323356430504 0.9921147013144777 0
    outer loop
      vertex 13.843023701176715 -71.24506682107068 135
      vertex 13.531546713535688 -71.20571812682172 140
      vertex 13.843023701176715 -71.24506682107068 140
    endloop
  endfacet
  facet normal 0 1 0
    outer loop
      vertex 14.156976298823285 -71.24506682107068 135
      vertex 13.843023701176715 -71.24506682107068 140
      vertex 14.156976298823285 -71.24506682107068 140
    endloop
  endfacet
  facet normal -0.12533323356430504 0.9921147013144777 0
    outer loop
      vertex 14.468453286464312 -71.20571812682172 135
      vertex 14.156976298823285 -71.24506682107068 140
      vertex 14.468453286464312 -71.20571812682172 140
    endloop
  endfacet
  facet normal -0.24868988716485607 0.9685831611286309 0
    outer loop
      vertex 14.772542485937368 -71.12764129073788 135
      vertex 14.468453286464312 -71.20571812682172 140
      vertex 14.772542485937368 -71.12764129073788 140
    endloop
  endfacet
  facet normal 0.36812455268466765 -0.9297764858882555 0
    outer loop
      vertex 12.935551771087319 -66.48793236883495 135
      vertex 13.227457514062632 -66.37235870926212 135
      vertex 13.227457514062632 -66.37235870926212 140
    endloop
  endfacet
  facet normal 0.24868988716485607 -0.9685831611286309 0
    outer loop
      vertex 13.227457514062632 -66.37235870926212 135
      vertex 13.531546713535688 -66.29428187317828 135
      vertex 13.531546713535688 -66.29428187317828 140
    endloop
  endfacet
  facet normal 0.12533323356430362 -0.9921147013144779 4.4203449539338706e-17
    outer loop
      vertex 13.531546713535688 -66.29428187317828 135
      vertex 13.843023701176719 -66.25493317892932 135
      vertex 13.843023701176717 -66.25493317892932 140
    endloop
  endfacet
  facet normal 0 -1 0
    outer loop
      vertex 13.843023701176719 -66.25493317892932 135
      vertex 14.156976298823283 -66.25493317892932 135
      vertex 14.156976298823283 -66.25493317892932 140
    endloop
  endfacet
  facet normal -0.12533323356430434 -0.9921147013144779 0
    outer loop
      vertex 14.156976298823283 -66.25493317892932 135
      vertex 14.468453286464312 -66.29428187317828 135
      vertex 14.468453286464312 -66.29428187317828 140
    endloop
  endfacet
  facet normal -0.24868988716485607 -0.9685831611286309 0
    outer loop
      vertex 14.468453286464312 -66.29428187317828 135
      vertex 14.772542485937368 -66.37235870926212 135
      vertex 14.772542485937368 -66.37235870926212 140
    endloop
  endfacet
  facet normal -0.36812455268466765 -0.9297764858882555 0
    outer loop
      vertex 14.772542485937368 -66.37235870926212 135
      vertex 15.064448228912681 -66.48793236883495 135
      vertex 15.064448228912681 -66.48793236883495 140
    endloop
  endfacet
  facet normal 0.24868988716485607 -0.9685831611286309 0
    outer loop
      vertex 13.227457514062632 -66.37235870926212 135
      vertex 13.531546713535688 -66.29428187317828 140
      vertex 13.227457514062632 -66.37235870926212 140
    endloop
  endfacet
  facet normal 0.12533323356430434 -0.9921147013144779 0
    outer loop
      vertex 13.531546713535688 -66.29428187317828 135
      vertex 13.843023701176717 -66.25493317892932 140
      vertex 13.531546713535688 -66.29428187317828 140
    endloop
  endfacet
  facet normal 0 -1 0
    outer loop
      vertex 13.843023701176719 -66.25493317892932 135
      vertex 14.156976298823283 -66.25493317892932 140
      vertex 13.843023701176717 -66.25493317892932 140
    endloop
  endfacet
  facet normal -0.36812455268466765 0.9297764858882555 0
    outer loop
      vertex 15.064448228912681 -71.01206763116505 135
      vertex 14.772542485937368 -71.12764129073788 140
      vertex 15.064448228912681 -71.01206763116505 140
    endloop
  endfacet
  facet normal -0.12533323356430434 -0.9921147013144779 0
    outer loop
      vertex 14.156976298823283 -66.25493317892932 135
      vertex 14.468453286464312 -66.29428187317828 140
      vertex 14.156976298823283 -66.25493317892932 140
    endloop
  endfacet
  facet normal -0.24868988716485607 -0.9685831611286309 0
    outer loop
      vertex 14.468453286464312 -66.29428187317828 135
      vertex 14.772542485937368 -66.37235870926212 140
      vertex 14.468453286464312 -66.29428187317828 140
    endloop
  endfacet
  facet normal -0.36812455268466765 -0.9297764858882555 0
    outer loop
      vertex 14.772542485937368 -66.37235870926212 135
      vertex 15.064448228912681 -66.48793236883495 140
      vertex 14.772542485937368 -66.37235870926212 140
    endloop
  endfacet
  facet normal -0.48175367410171255 0.876306680043865 0
    outer loop
      vertex 15.064448228912681 -71.01206763116505 135
      vertex 15.064448228912681 -71.01206763116505 140
      vertex 15.33956698744749 -70.86081981375504 135
    endloop
  endfacet
  facet normal -0.5877852522924681 0.809016994374951 0
    outer loop
      vertex 15.33956698744749 -70.86081981375504 135
      vertex 15.33956698744749 -70.86081981375504 140
      vertex 15.593559974371725 -70.67628310693948 135
    endloop
  endfacet
  facet normal -0.6845471059287085 0.7289686274213929 0
    outer loop
      vertex 15.593559974371725 -70.67628310693948 135
      vertex 15.593559974371725 -70.67628310693948 140
      vertex 15.82242156855353 -70.46136776482172 135
    endloop
  endfacet
  facet normal -0.7705132427757814 0.6374239897486991 0
    outer loop
      vertex 15.82242156855353 -70.46136776482172 135
      vertex 15.82242156855353 -70.46136776482172 140
      vertex 16.022542485937368 -70.21946313073119 135
    endloop
  endfacet
  facet normal -0.48175367410171016 -0.8763066800438664 0
    outer loop
      vertex 15.064448228912681 -66.48793236883495 135
      vertex 15.339566987447492 -66.63918018624496 135
      vertex 15.339566987447492 -66.63918018624496 140
    endloop
  endfacet
  facet normal -0.5877852522924736 -0.8090169943749471 0
    outer loop
      vertex 15.339566987447492 -66.63918018624496 135
      vertex 15.593559974371724 -66.82371689306052 135
      vertex 15.593559974371724 -66.82371689306052 140
    endloop
  endfacet
  facet normal -0.6845471059287056 -0.7289686274213956 0
    outer loop
      vertex 15.593559974371724 -66.82371689306052 135
      vertex 15.82242156855353 -67.03863223517828 135
      vertex 15.82242156855353 -67.03863223517828 140
    endloop
  endfacet
  facet normal -0.8443279255020203 0.5358267949789884 0
    outer loop
      vertex 16.022542485937368 -70.21946313073119 135
      vertex 16.022542485937368 -70.21946313073119 140
      vertex 16.19076670010966 -69.95438418525428 135
    endloop
  endfacet
  facet normal -0.9048270524660145 0.42577929156508315 0
    outer loop
      vertex 16.19076670010966 -69.95438418525428 135
      vertex 16.19076670010966 -69.95438418525428 140
      vertex 16.32444121472063 -69.6703113817117 135
    endloop
  endfacet
  facet normal -0.9510565162951556 0.30901699437494085 0
    outer loop
      vertex 16.32444121472063 -69.6703113817117 135
      vertex 16.32444121472063 -69.6703113817117 140
      vertex 16.42145790282158 -69.37172471791213 135
    endloop
  endfacet
  facet normal -0.982287250728689 0.18738131458572263 0
    outer loop
      vertex 16.42145790282158 -69.37172471791213 135
      vertex 16.42145790282158 -69.37172471791213 140
      vertex 16.480286753286194 -69.06333308391076 135
    endloop
  endfacet
  facet normal -0.9980267284282714 0.0627905195293152 0
    outer loop
      vertex 16.480286753286194 -69.06333308391076 135
      vertex 16.480286753286194 -69.06333308391076 140
      vertex 16.5 -68.75 135
    endloop
  endfacet
  facet normal -0.9980267284282714 -0.0627905195293152 0
    outer loop
      vertex 16.5 -68.75 135
      vertex 16.5 -68.75 140
      vertex 16.480286753286194 -68.43666691608924 135
    endloop
  endfacet
  facet normal -0.982287250728689 -0.18738131458572263 0
    outer loop
      vertex 16.480286753286194 -68.43666691608924 135
      vertex 16.480286753286194 -68.43666691608924 140
      vertex 16.42145790282158 -68.12827528208787 135
    endloop
  endfacet
  facet normal -0.8443279255020203 -0.5358267949789884 0
    outer loop
      vertex 16.19076670010966 -67.54561581474572 135
      vertex 16.19076670010966 -67.54561581474572 140
      vertex 16.022542485937368 -67.28053686926881 135
    endloop
  endfacet
  facet normal -0.7705132427757814 -0.6374239897486991 0
    outer loop
      vertex 15.82242156855353 -67.03863223517828 135
      vertex 16.022542485937368 -67.28053686926881 135
      vertex 16.022542485937368 -67.28053686926881 140
    endloop
  endfacet
  facet normal -0.9048270524660145 -0.42577929156508315 0
    outer loop
      vertex 16.19076670010966 -67.54561581474572 135
      vertex 16.32444121472063 -67.8296886182883 135
      vertex 16.32444121472063 -67.8296886182883 140
    endloop
  endfacet
  facet normal -0.9510565162951556 -0.30901699437494085 0
    outer loop
      vertex 16.32444121472063 -67.8296886182883 135
      vertex 16.42145790282158 -68.12827528208787 135
      vertex 16.42145790282158 -68.12827528208787 140
    endloop
  endfacet
  facet normal -0.48175367410171255 0.876306680043865 0
    outer loop
      vertex 15.33956698744749 -70.86081981375504 135
      vertex 15.064448228912681 -71.01206763116505 140
      vertex 15.33956698744749 -70.86081981375504 140
    endloop
  endfacet
  facet normal -0.5877852522924681 0.809016994374951 0
    outer loop
      vertex 15.593559974371725 -70.67628310693948 135
      vertex 15.33956698744749 -70.86081981375504 140
      vertex 15.593559974371725 -70.67628310693948 140
    endloop
  endfacet
  facet normal -0.6845471059287085 0.7289686274213929 0
    outer loop
      vertex 15.82242156855353 -70.46136776482172 135
      vertex 15.593559974371725 -70.67628310693948 140
      vertex 15.82242156855353 -70.46136776482172 140
    endloop
  endfacet
  facet normal -0.5877852522924736 -0.8090169943749471 0
    outer loop
      vertex 15.339566987447492 -66.63918018624496 135
      vertex 15.593559974371724 -66.82371689306052 140
      vertex 15.339566987447492 -66.63918018624496 140
    endloop
  endfacet
  facet normal -0.48175367410171016 -0.8763066800438664 0
    outer loop
      vertex 15.064448228912681 -66.48793236883495 135
      vertex 15.339566987447492 -66.63918018624496 140
      vertex 15.064448228912681 -66.48793236883495 140
    endloop
  endfacet
  facet normal -0.6845471059287056 -0.7289686274213956 0
    outer loop
      vertex 15.593559974371724 -66.82371689306052 135
      vertex 15.82242156855353 -67.03863223517828 140
      vertex 15.593559974371724 -66.82371689306052 140
    endloop
  endfacet
  facet normal -0.7705132427757814 -0.6374239897486991 0
    outer loop
      vertex 15.82242156855353 -67.03863223517828 135
      vertex 16.022542485937368 -67.28053686926881 140
      vertex 15.82242156855353 -67.03863223517828 140
    endloop
  endfacet
  facet normal -0.7705132427757814 0.6374239897486991 0
    outer loop
      vertex 16.022542485937368 -70.21946313073119 135
      vertex 15.82242156855353 -70.46136776482172 140
      vertex 16.022542485937368 -70.21946313073119 140
    endloop
  endfacet
  facet normal -0.8443279255020203 0.5358267949789884 0
    outer loop
      vertex 16.19076670010966 -69.95438418525428 135
      vertex 16.022542485937368 -70.21946313073119 140
      vertex 16.19076670010966 -69.95438418525428 140
    endloop
  endfacet
  facet normal -0.9048270524660145 0.42577929156508315 0
    outer loop
      vertex 16.32444121472063 -69.6703113817117 135
      vertex 16.19076670010966 -69.95438418525428 140
      vertex 16.32444121472063 -69.6703113817117 140
    endloop
  endfacet
  facet normal -0.9510565162951556 0.30901699437494085 0
    outer loop
      vertex 16.42145790282158 -69.37172471791213 135
      vertex 16.32444121472063 -69.6703113817117 140
      vertex 16.42145790282158 -69.37172471791213 140
    endloop
  endfacet
  facet normal -0.982287250728689 0.18738131458572263 0
    outer loop
      vertex 16.480286753286194 -69.06333308391076 135
      vertex 16.42145790282158 -69.37172471791213 140
      vertex 16.480286753286194 -69.06333308391076 140
    endloop
  endfacet
  facet normal -0.9980267284282714 0.0627905195293152 0
    outer loop
      vertex 16.5 -68.75 135
      vertex 16.480286753286194 -69.06333308391076 140
      vertex 16.5 -68.75 140
    endloop
  endfacet
  facet normal -0.9980267284282714 -0.0627905195293152 0
    outer loop
      vertex 16.480286753286194 -68.43666691608924 135
      vertex 16.5 -68.75 140
      vertex 16.480286753286194 -68.43666691608924 140
    endloop
  endfacet
  facet normal -0.982287250728689 -0.18738131458572263 0
    outer loop
      vertex 16.42145790282158 -68.12827528208787 135
      vertex 16.480286753286194 -68.43666691608924 140
      vertex 16.42145790282158 -68.12827528208787 140
    endloop
  endfacet
  facet normal -0.8443279255020203 -0.5358267949789884 0
    outer loop
      vertex 16.022542485937368 -67.28053686926881 135
      vertex 16.19076670010966 -67.54561581474572 140
      vertex 16.022542485937368 -67.28053686926881 140
    endloop
  endfacet
  facet normal -0.9048270524660145 -0.42577929156508315 0
    outer loop
      vertex 16.19076670010966 -67.54561581474572 135
      vertex 16.32444121472063 -67.8296886182883 140
      vertex 16.19076670010966 -67.54561581474572 140
    endloop
  endfacet
  facet normal -0.9510565162951556 -0.30901699437494085 0
    outer loop
      vertex 16.32444121472063 -67.8296886182883 135
      vertex 16.42145790282158 -68.12827528208787 140
      vertex 16.32444121472063 -67.8296886182883 140
    endloop
  endfacet
  facet normal 0.9048270524660151 0.42577929156508215 0
    outer loop
      vertex 40.42134108467049 -70.95874731610807 135
      vertex 40.74215991973682 -71.6405220446103 85
      vertex 40.42134108467049 -70.95874731610807 85
    endloop
  endfacet
  facet normal 0.844327925502015 0.5358267949789968 0
    outer loop
      vertex 40.74215991973682 -71.6405220446103 135
      vertex 41.14589803375031 -72.27671151375483 85
      vertex 40.74215991973682 -71.6405220446103 85
    endloop
  endfacet
  facet normal 0.9510565162951556 0.30901699437494123 0
    outer loop
      vertex 40.18850103322821 -70.24213932298913 135
      vertex 40.42134108467049 -70.95874731610807 85
      vertex 40.18850103322821 -70.24213932298913 85
    endloop
  endfacet
  facet normal 0.9822872507286889 0.1873813145857232 0
    outer loop
      vertex 40.047311792113135 -69.50199940138583 135
      vertex 40.18850103322821 -70.24213932298913 85
      vertex 40.047311792113135 -69.50199940138583 85
    endloop
  endfacet
  facet normal 0.9980267284282714 0.0627905195293152 0
    outer loop
      vertex 40 -68.75 135
      vertex 40.047311792113135 -69.50199940138583 85
      vertex 40 -68.75 85
    endloop
  endfacet
  facet normal 0.9980267284282714 -0.0627905195293152 0
    outer loop
      vertex 40.047311792113135 -67.99800059861417 135
      vertex 40 -68.75 85
      vertex 40.047311792113135 -67.99800059861417 85
    endloop
  endfacet
  facet normal 0.9822872507286889 -0.1873813145857232 0
    outer loop
      vertex 40.18850103322821 -67.25786067701087 135
      vertex 40.047311792113135 -67.99800059861417 85
      vertex 40.18850103322821 -67.25786067701087 85
    endloop
  endfacet
  facet normal 0.9510565162951556 -0.30901699437494123 0
    outer loop
      vertex 40.42134108467049 -66.54125268389193 135
      vertex 40.18850103322821 -67.25786067701087 85
      vertex 40.42134108467049 -66.54125268389193 85
    endloop
  endfacet
  facet normal 0.9048270524660151 -0.42577929156508215 0
    outer loop
      vertex 40.74215991973682 -65.8594779553897 135
      vertex 40.42134108467049 -66.54125268389193 85
      vertex 40.74215991973682 -65.8594779553897 85
    endloop
  endfacet
  facet normal 0.844327925502015 -0.5358267949789968 0
    outer loop
      vertex 41.14589803375031 -65.22328848624517 135
      vertex 40.74215991973682 -65.8594779553897 85
      vertex 41.14589803375031 -65.22328848624517 85
    endloop
  endfacet
  facet normal 0.7705132427757915 0.6374239897486869 0
    outer loop
      vertex 41.14589803375031 -72.27671151375483 135
      vertex 41.62618823547153 -72.85728263557213 85
      vertex 41.14589803375031 -72.27671151375483 85
    endloop
  endfacet
  facet normal 0.6845471059286903 0.72896862742141 0
    outer loop
      vertex 41.62618823547153 -72.85728263557213 135
      vertex 42.17545606150786 -73.37307945665474 85
      vertex 41.62618823547153 -72.85728263557213 85
    endloop
  endfacet
  facet normal 0.5877852522924693 0.8090169943749501 0
    outer loop
      vertex 42.17545606150786 -73.37307945665474 135
      vertex 42.78503923012602 -73.81596755301209 85
      vertex 42.17545606150786 -73.37307945665474 85
    endloop
  endfacet
  facet normal 0.4817536741017231 0.8763066800438594 0
    outer loop
      vertex 42.78503923012602 -73.81596755301209 135
      vertex 43.445324250609566 -74.17896231479612 85
      vertex 42.78503923012602 -73.81596755301209 85
    endloop
  endfacet
  facet normal 0.3681245526846728 0.9297764858882533 0
    outer loop
      vertex 43.445324250609566 -74.17896231479612 135
      vertex 44.14589803375031 -74.45633909777092 85
      vertex 43.445324250609566 -74.17896231479612 85
    endloop
  endfacet
  facet normal 0.24868988716485516 0.9685831611286311 0
    outer loop
      vertex 44.14589803375031 -74.45633909777092 135
      vertex 44.87571211248565 -74.64372350437213 85
      vertex 44.14589803375031 -74.45633909777092 85
    endloop
  endfacet
  facet normal 0.7705132427757915 -0.6374239897486869 0
    outer loop
      vertex 41.62618823547153 -64.64271736442787 135
      vertex 41.14589803375031 -65.22328848624517 85
      vertex 41.62618823547153 -64.64271736442787 85
    endloop
  endfacet
  facet normal 0.6845471059286903 -0.72896862742141 0
    outer loop
      vertex 42.17545606150786 -64.12692054334526 135
      vertex 41.62618823547153 -64.64271736442787 85
      vertex 42.17545606150786 -64.12692054334526 85
    endloop
  endfacet
  facet normal 0.5877852522924693 -0.8090169943749501 0
    outer loop
      vertex 42.78503923012602 -63.68403244698791 135
      vertex 42.17545606150786 -64.12692054334526 85
      vertex 42.78503923012602 -63.68403244698791 85
    endloop
  endfacet
  facet normal 0.4817536741017158 -0.8763066800438634 0
    outer loop
      vertex 43.445324250609566 -63.32103768520388 135
      vertex 42.78503923012602 -63.68403244698791 85
      vertex 43.445324250609566 -63.32103768520388 85
    endloop
  endfacet
  facet normal 0.368124552684681 -0.9297764858882501 0
    outer loop
      vertex 44.14589803375031 -63.04366090222908 135
      vertex 43.445324250609566 -63.32103768520388 85
      vertex 44.14589803375031 -63.04366090222908 85
    endloop
  endfacet
  facet normal 0.24868988716485516 -0.9685831611286311 0
    outer loop
      vertex 44.87571211248565 -62.85627649562787 135
      vertex 44.14589803375031 -63.04366090222908 85
      vertex 44.87571211248565 -62.85627649562787 85
    endloop
  endfacet
  facet normal 0.12533323356430526 0.9921147013144777 0
    outer loop
      vertex 44.87571211248565 -74.64372350437213 135
      vertex 45.623256882824116 -74.73816037056963 85
      vertex 44.87571211248565 -74.64372350437213 85
    endloop
  endfacet
  facet normal 0 1 0
    outer loop
      vertex 45.623256882824116 -74.73816037056963 135
      vertex 46.376743117175884 -74.73816037056963 85
      vertex 45.623256882824116 -74.73816037056963 85
    endloop
  endfacet
  facet normal -0.12533323356430526 0.9921147013144777 0
    outer loop
      vertex 46.376743117175884 -74.73816037056963 135
      vertex 47.12428788751435 -74.64372350437213 85
      vertex 46.376743117175884 -74.73816037056963 85
    endloop
  endfacet
  facet normal -0.24868988716485516 0.9685831611286311 0
    outer loop
      vertex 47.12428788751435 -74.64372350437213 135
      vertex 47.85410196624969 -74.45633909777092 85
      vertex 47.12428788751435 -74.64372350437213 85
    endloop
  endfacet
  facet normal -0.3681245526846728 0.9297764858882533 0
    outer loop
      vertex 47.85410196624969 -74.45633909777092 135
      vertex 48.554675749390434 -74.17896231479612 85
      vertex 47.85410196624969 -74.45633909777092 85
    endloop
  endfacet
  facet normal -0.481753674101727 0.876306680043857 0
    outer loop
      vertex 48.554675749390434 -74.17896231479612 135
      vertex 49.214960769873976 -73.81596755301209 85
      vertex 48.554675749390434 -74.17896231479612 85
    endloop
  endfacet
  facet normal -0.5877852522924648 0.8090169943749534 0
    outer loop
      vertex 49.214960769873976 -73.81596755301209 135
      vertex 49.82454393849214 -73.37307945665474 85
      vertex 49.214960769873976 -73.81596755301209 85
    endloop
  endfacet
  facet normal -0.6845471059286903 0.72896862742141 0
    outer loop
      vertex 49.82454393849214 -73.37307945665474 135
      vertex 50.37381176452847 -72.85728263557213 85
      vertex 49.82454393849214 -73.37307945665474 85
    endloop
  endfacet
  facet normal -0.7705132427757915 0.6374239897486869 0
    outer loop
      vertex 50.37381176452847 -72.85728263557213 135
      vertex 50.85410196624969 -72.27671151375483 85
      vertex 50.37381176452847 -72.85728263557213 85
    endloop
  endfacet
  facet normal -0.844327925502015 0.5358267949789968 0
    outer loop
      vertex 50.85410196624969 -72.27671151375483 135
      vertex 51.25784008026318 -71.6405220446103 85
      vertex 50.85410196624969 -72.27671151375483 85
    endloop
  endfacet
  facet normal -0.9048270524660187 0.42577929156507444 0
    outer loop
      vertex 51.25784008026318 -71.6405220446103 135
      vertex 51.578658915329505 -70.95874731610807 85
      vertex 51.25784008026318 -71.6405220446103 85
    endloop
  endfacet
  facet normal -0.844327925502015 -0.5358267949789968 0
    outer loop
      vertex 51.25784008026318 -65.8594779553897 135
      vertex 50.85410196624969 -65.22328848624517 85
      vertex 51.25784008026318 -65.8594779553897 85
    endloop
  endfacet
  facet normal -0.9048270524660187 -0.42577929156507444 0
    outer loop
      vertex 51.578658915329505 -66.54125268389193 135
      vertex 51.25784008026318 -65.8594779553897 85
      vertex 51.578658915329505 -66.54125268389193 85
    endloop
  endfacet
  facet normal -0.9510565162951528 0.3090169943749497 0
    outer loop
      vertex 51.578658915329505 -70.95874731610807 135
      vertex 51.81149896677179 -70.24213932298913 85
      vertex 51.578658915329505 -70.95874731610807 85
    endloop
  endfacet
  facet normal -0.9822872507286889 0.1873813145857232 0
    outer loop
      vertex 51.81149896677179 -70.24213932298913 135
      vertex 51.952688207886865 -69.50199940138583 85
      vertex 51.81149896677179 -70.24213932298913 85
    endloop
  endfacet
  facet normal -0.9980267284282714 0.0627905195293152 0
    outer loop
      vertex 51.952688207886865 -69.50199940138583 135
      vertex 52 -68.75 85
      vertex 51.952688207886865 -69.50199940138583 85
    endloop
  endfacet
  facet normal -0.9980267284282714 -0.0627905195293152 0
    outer loop
      vertex 52 -68.75 135
      vertex 51.952688207886865 -67.99800059861417 85
      vertex 52 -68.75 85
    endloop
  endfacet
  facet normal -0.9510565162951528 -0.3090169943749497 0
    outer loop
      vertex 51.81149896677179 -67.25786067701087 135
      vertex 51.578658915329505 -66.54125268389193 85
      vertex 51.81149896677179 -67.25786067701087 85
    endloop
  endfacet
  facet normal -0.9822872507286889 -0.1873813145857232 0
    outer loop
      vertex 51.952688207886865 -67.99800059861417 135
      vertex 51.81149896677179 -67.25786067701087 85
      vertex 51.952688207886865 -67.99800059861417 85
    endloop
  endfacet
  facet normal 0.1253332335643041 -0.9921147013144779 0
    outer loop
      vertex 45.62325688282412 -62.76183962943037 135
      vertex 44.87571211248565 -62.85627649562787 85
      vertex 45.62325688282412 -62.76183962943037 85
    endloop
  endfacet
  facet normal 0 -1 0
    outer loop
      vertex 46.37674311717588 -62.76183962943037 135
      vertex 45.62325688282412 -62.76183962943037 85
      vertex 46.37674311717588 -62.76183962943037 85
    endloop
  endfacet
  facet normal -0.1253332335643041 -0.9921147013144779 0
    outer loop
      vertex 47.12428788751435 -62.85627649562787 135
      vertex 46.37674311717588 -62.76183962943037 85
      vertex 47.12428788751435 -62.85627649562787 85
    endloop
  endfacet
  facet normal -0.24868988716485516 -0.9685831611286311 0
    outer loop
      vertex 47.85410196624969 -63.04366090222908 135
      vertex 47.12428788751435 -62.85627649562787 85
      vertex 47.85410196624969 -63.04366090222908 85
    endloop
  endfacet
  facet normal -0.368124552684681 -0.9297764858882501 0
    outer loop
      vertex 48.554675749390434 -63.32103768520388 135
      vertex 47.85410196624969 -63.04366090222908 85
      vertex 48.554675749390434 -63.32103768520388 85
    endloop
  endfacet
  facet normal -0.4817536741017158 -0.8763066800438634 0
    outer loop
      vertex 49.21496076987398 -63.68403244698791 135
      vertex 48.554675749390434 -63.32103768520388 85
      vertex 49.21496076987398 -63.68403244698791 85
    endloop
  endfacet
  facet normal -0.5877852522924693 -0.8090169943749501 0
    outer loop
      vertex 49.82454393849214 -64.12692054334526 135
      vertex 49.21496076987398 -63.68403244698791 85
      vertex 49.82454393849214 -64.12692054334526 85
    endloop
  endfacet
  facet normal -0.6845471059286903 -0.72896862742141 0
    outer loop
      vertex 50.37381176452847 -64.64271736442787 135
      vertex 49.82454393849214 -64.12692054334526 85
      vertex 50.37381176452847 -64.64271736442787 85
    endloop
  endfacet
  facet normal -0.7705132427757915 -0.6374239897486869 0
    outer loop
      vertex 50.85410196624969 -65.22328848624517 135
      vertex 50.37381176452847 -64.64271736442787 85
      vertex 50.85410196624969 -65.22328848624517 85
    endloop
  endfacet
  facet normal 0.9048270524660151 0.42577929156508215 0
    outer loop
      vertex 40.74215991973682 -71.6405220446103 135
      vertex 40.74215991973682 -71.6405220446103 85
      vertex 40.42134108467049 -70.95874731610807 135
    endloop
  endfacet
  facet normal 0.844327925502015 0.5358267949789968 0
    outer loop
      vertex 40.74215991973682 -71.6405220446103 135
      vertex 41.14589803375031 -72.27671151375483 135
      vertex 41.14589803375031 -72.27671151375483 85
    endloop
  endfacet
  facet normal 0.9822872507286889 0.1873813145857232 0
    outer loop
      vertex 40.18850103322821 -70.24213932298913 135
      vertex 40.18850103322821 -70.24213932298913 85
      vertex 40.047311792113135 -69.50199940138583 135
    endloop
  endfacet
  facet normal 0.9980267284282714 0.0627905195293152 0
    outer loop
      vertex 40.047311792113135 -69.50199940138583 135
      vertex 40.047311792113135 -69.50199940138583 85
      vertex 40 -68.75 135
    endloop
  endfacet
  facet normal 0.9980267284282714 -0.0627905195293152 0
    outer loop
      vertex 40 -68.75 135
      vertex 40 -68.75 85
      vertex 40.047311792113135 -67.99800059861417 135
    endloop
  endfacet
  facet normal 0.9822872507286889 -0.1873813145857232 0
    outer loop
      vertex 40.047311792113135 -67.99800059861417 135
      vertex 40.047311792113135 -67.99800059861417 85
      vertex 40.18850103322821 -67.25786067701087 135
    endloop
  endfacet
  facet normal 0.9510565162951556 -0.30901699437494123 0
    outer loop
      vertex 40.18850103322821 -67.25786067701087 135
      vertex 40.18850103322821 -67.25786067701087 85
      vertex 40.42134108467049 -66.54125268389193 135
    endloop
  endfacet
  facet normal 0.9510565162951556 0.30901699437494123 0
    outer loop
      vertex 40.18850103322821 -70.24213932298913 135
      vertex 40.42134108467049 -70.95874731610807 135
      vertex 40.42134108467049 -70.95874731610807 85
    endloop
  endfacet
  facet normal 0.9048270524660151 -0.42577929156508215 0
    outer loop
      vertex 40.42134108467049 -66.54125268389193 135
      vertex 40.42134108467049 -66.54125268389193 85
      vertex 40.74215991973682 -65.8594779553897 135
    endloop
  endfacet
  facet normal 0.844327925502015 -0.5358267949789968 0
    outer loop
      vertex 40.74215991973682 -65.8594779553897 135
      vertex 40.74215991973682 -65.8594779553897 85
      vertex 41.14589803375031 -65.22328848624517 135
    endloop
  endfacet
  facet normal 0.7705132427757915 0.6374239897486869 0
    outer loop
      vertex 41.14589803375031 -72.27671151375483 135
      vertex 41.62618823547153 -72.85728263557213 135
      vertex 41.62618823547153 -72.85728263557213 85
    endloop
  endfacet
  facet normal 0.6845471059286903 0.72896862742141 0
    outer loop
      vertex 41.62618823547153 -72.85728263557213 135
      vertex 42.17545606150786 -73.37307945665474 135
      vertex 42.17545606150786 -73.37307945665474 85
    endloop
  endfacet
  facet normal 0.5877852522924693 0.8090169943749501 0
    outer loop
      vertex 42.17545606150786 -73.37307945665474 135
      vertex 42.78503923012602 -73.81596755301209 135
      vertex 42.78503923012602 -73.81596755301209 85
    endloop
  endfacet
  facet normal 0.4817536741017231 0.8763066800438594 0
    outer loop
      vertex 42.78503923012602 -73.81596755301209 135
      vertex 43.445324250609566 -74.17896231479612 135
      vertex 43.445324250609566 -74.17896231479612 85
    endloop
  endfacet
  facet normal 0.3681245526846728 0.9297764858882533 0
    outer loop
      vertex 44.14589803375031 -74.45633909777092 135
      vertex 44.14589803375031 -74.45633909777092 85
      vertex 43.445324250609566 -74.17896231479612 135
    endloop
  endfacet
  facet normal 0.24868988716485516 0.9685831611286311 0
    outer loop
      vertex 44.14589803375031 -74.45633909777092 135
      vertex 44.87571211248565 -74.64372350437213 135
      vertex 44.87571211248565 -74.64372350437213 85
    endloop
  endfacet
  facet normal 0 0 -1
    outer loop
      vertex 40.047311792113135 -69.50199940138583 135
      vertex 40 -68.75 135
      vertex 40.047311792113135 -67.99800059861417 135
    endloop
  endfacet
  facet normal 0 0 -1
    outer loop
      vertex 40.18850103322821 -70.24213932298913 135
      vertex 40.047311792113135 -69.50199940138583 135
      vertex 40.047311792113135 -67.99800059861417 135
    endloop
  endfacet
  facet normal 0 0 -1
    outer loop
      vertex 40.18850103322821 -70.24213932298913 135
      vertex 40.18850103322821 -67.25786067701087 135
      vertex 40.42134108467049 -70.95874731610807 135
    endloop
  endfacet
  facet normal 0 0 -1
    outer loop
      vertex 40.18850103322821 -70.24213932298913 135
      vertex 40.047311792113135 -67.99800059861417 135
      vertex 40.18850103322821 -67.25786067701087 135
    endloop
  endfacet
  facet normal 0 0 -1
    outer loop
      vertex 40.74215991973682 -71.6405220446103 135
      vertex 40.42134108467049 -70.95874731610807 135
      vertex 40.42134108467049 -66.54125268389193 135
    endloop
  endfacet
  facet normal 0 0 -1
    outer loop
      vertex 40.42134108467049 -70.95874731610807 135
      vertex 40.18850103322821 -67.25786067701087 135
      vertex 40.42134108467049 -66.54125268389193 135
    endloop
  endfacet
  facet normal 0 0 -1
    outer loop
      vertex 40.74215991973682 -71.6405220446103 135
      vertex 40.74215991973682 -65.8594779553897 135
      vertex 41.14589803375031 -72.27671151375483 135
    endloop
  endfacet
  facet normal 0 0 -1
    outer loop
      vertex 40.74215991973682 -71.6405220446103 135
      vertex 40.42134108467049 -66.54125268389193 135
      vertex 40.74215991973682 -65.8594779553897 135
    endloop
  endfacet
  facet normal 0 0 -1
    outer loop
      vertex 41.14589803375031 -72.27671151375483 135
      vertex 40.74215991973682 -65.8594779553897 135
      vertex 41.14589803375031 -65.22328848624517 135
    endloop
  endfacet
  facet normal 0 0 -1
    outer loop
      vertex 41.14589803375031 -72.27671151375483 135
      vertex 41.14589803375031 -65.22328848624517 135
      vertex 41.62618823547153 -72.85728263557213 135
    endloop
  endfacet
  facet normal 0 0 -1
    outer loop
      vertex 41.62618823547153 -72.85728263557213 135
      vertex 41.62618823547153 -64.64271736442787 135
      vertex 42.17545606150786 -73.37307945665474 135
    endloop
  endfacet
  facet normal 0 0 -1
    outer loop
      vertex 41.14589803375031 -65.22328848624517 135
      vertex 41.62618823547153 -64.64271736442787 135
      vertex 41.62618823547153 -72.85728263557213 135
    endloop
  endfacet
  facet normal 0 0 -1
    outer loop
      vertex 42.17545606150786 -73.37307945665474 135
      vertex 41.62618823547153 -64.64271736442787 135
      vertex 42.17545606150786 -64.12692054334526 135
    endloop
  endfacet
  facet normal 0 0 -1
    outer loop
      vertex 42.17545606150786 -73.37307945665474 135
      vertex 42.17545606150786 -64.12692054334526 135
      vertex 42.78503923012602 -73.81596755301209 135
    endloop
  endfacet
  facet normal 0 0 -1
    outer loop
      vertex 42.78503923012602 -73.81596755301209 135
      vertex 42.78503923012602 -63.68403244698791 135
      vertex 43.445324250609566 -74.17896231479612 135
    endloop
  endfacet
  facet normal 0 0 -1
    outer loop
      vertex 42.78503923012602 -73.81596755301209 135
      vertex 42.17545606150786 -64.12692054334526 135
      vertex 42.78503923012602 -63.68403244698791 135
    endloop
  endfacet
  facet normal 0 0 -1
    outer loop
      vertex 44.14589803375031 -74.45633909777092 135
      vertex 43.445324250609566 -74.17896231479612 135
      vertex 43.97745751406263 -70.21946313073119 135
    endloop
  endfacet
  facet normal 0 0 -1
    outer loop
      vertex 43.445324250609566 -74.17896231479612 135
      vertex 43.67555878527937 -69.6703113817117 135
      vertex 43.809233299890344 -69.95438418525428 135
    endloop
  endfacet
  facet normal 0 0 -1
    outer loop
      vertex 43.445324250609566 -74.17896231479612 135
      vertex 43.809233299890344 -69.95438418525428 135
      vertex 43.97745751406263 -70.21946313073119 135
    endloop
  endfacet
  facet normal 0 0 -1
    outer loop
      vertex 44.14589803375031 -74.45633909777092 135
      vertex 44.17757843144647 -70.46136776482172 135
      vertex 44.40644002562828 -70.67628310693948 135
    endloop
  endfacet
  facet normal 0 0 -1
    outer loop
      vertex 44.14589803375031 -74.45633909777092 135
      vertex 43.97745751406263 -70.21946313073119 135
      vertex 44.17757843144647 -70.46136776482172 135
    endloop
  endfacet
  facet normal 0 0 -1
    outer loop
      vertex 44.14589803375031 -74.45633909777092 135
      vertex 44.40644002562828 -70.67628310693948 135
      vertex 44.66043301255251 -70.86081981375504 135
    endloop
  endfacet
  facet normal 0 0 -1
    outer loop
      vertex 44.14589803375031 -74.45633909777092 135
      vertex 44.66043301255251 -70.86081981375504 135
      vertex 44.87571211248565 -74.64372350437213 135
    endloop
  endfacet
  facet normal 0 0 -1
    outer loop
      vertex 44.87571211248565 -74.64372350437213 135
      vertex 44.66043301255251 -70.86081981375504 135
      vertex 44.93555177108732 -71.01206763116505 135
    endloop
  endfacet
  facet normal 0 0 -1
    outer loop
      vertex 43.445324250609566 -74.17896231479612 135
      vertex 43.519713246713806 -69.06333308391076 135
      vertex 43.57854209717842 -69.37172471791213 135
    endloop
  endfacet
  facet normal 0 0 -1
    outer loop
      vertex 43.445324250609566 -74.17896231479612 135
      vertex 43.57854209717842 -69.37172471791213 135
      vertex 43.67555878527937 -69.6703113817117 135
    endloop
  endfacet
  facet normal 0 0 -1
    outer loop
      vertex 43.445324250609566 -74.17896231479612 135
      vertex 43.5 -68.75 135
      vertex 43.519713246713806 -69.06333308391076 135
    endloop
  endfacet
  facet normal 0 0 -1
    outer loop
      vertex 43.445324250609566 -74.17896231479612 135
      vertex 43.445324250609566 -63.32103768520388 135
      vertex 43.5 -68.75 135
    endloop
  endfacet
  facet normal 0 0 -1
    outer loop
      vertex 42.78503923012602 -63.68403244698791 135
      vertex 43.445324250609566 -63.32103768520388 135
      vertex 43.445324250609566 -74.17896231479612 135
    endloop
  endfacet
  facet normal 0 0 -1
    outer loop
      vertex 43.5 -68.75 135
      vertex 43.445324250609566 -63.32103768520388 135
      vertex 43.519713246713806 -68.43666691608924 135
    endloop
  endfacet
  facet normal 0 0 -1
    outer loop
      vertex 43.519713246713806 -68.43666691608924 135
      vertex 43.445324250609566 -63.32103768520388 135
      vertex 43.57854209717842 -68.12827528208787 135
    endloop
  endfacet
  facet normal 0 0 -1
    outer loop
      vertex 43.57854209717842 -68.12827528208787 135
      vertex 43.445324250609566 -63.32103768520388 135
      vertex 43.67555878527937 -67.8296886182883 135
    endloop
  endfacet
  facet normal 0 0 -1
    outer loop
      vertex 43.67555878527937 -67.8296886182883 135
      vertex 43.445324250609566 -63.32103768520388 135
      vertex 43.809233299890344 -67.54561581474572 135
    endloop
  endfacet
  facet normal 0 0 -1
    outer loop
      vertex 43.809233299890344 -67.54561581474572 135
      vertex 43.445324250609566 -63.32103768520388 135
      vertex 43.97745751406263 -67.28053686926881 135
    endloop
  endfacet
  facet normal 0 0 -1
    outer loop
      vertex 43.97745751406263 -67.28053686926881 135
      vertex 44.14589803375031 -63.04366090222908 135
      vertex 44.17757843144647 -67.03863223517828 135
    endloop
  endfacet
  facet normal 0 0 -1
    outer loop
      vertex 44.17757843144647 -67.03863223517828 135
      vertex 44.14589803375031 -63.04366090222908 135
      vertex 44.40644002562828 -66.82371689306052 135
    endloop
  endfacet
  facet normal 0 0 -1
    outer loop
      vertex 44.40644002562828 -66.82371689306052 135
      vertex 44.14589803375031 -63.04366090222908 135
      vertex 44.66043301255251 -66.63918018624496 135
    endloop
  endfacet
  facet normal 0 0 -1
    outer loop
      vertex 44.66043301255251 -66.63918018624496 135
      vertex 44.87571211248565 -62.85627649562787 135
      vertex 44.93555177108732 -66.48793236883495 135
    endloop
  endfacet
  facet normal 0.7705132427757915 -0.6374239897486869 0
    outer loop
      vertex 41.14589803375031 -65.22328848624517 135
      vertex 41.14589803375031 -65.22328848624517 85
      vertex 41.62618823547153 -64.64271736442787 135
    endloop
  endfacet
  facet normal 0.6845471059286903 -0.72896862742141 0
    outer loop
      vertex 41.62618823547153 -64.64271736442787 135
      vertex 41.62618823547153 -64.64271736442787 85
      vertex 42.17545606150786 -64.12692054334526 135
    endloop
  endfacet
  facet normal 0.5877852522924693 -0.8090169943749501 0
    outer loop
      vertex 42.17545606150786 -64.12692054334526 135
      vertex 42.17545606150786 -64.12692054334526 85
      vertex 42.78503923012602 -63.68403244698791 135
    endloop
  endfacet
  facet normal 0.4817536741017158 -0.8763066800438634 0
    outer loop
      vertex 42.78503923012602 -63.68403244698791 135
      vertex 42.78503923012602 -63.68403244698791 85
      vertex 43.445324250609566 -63.32103768520388 135
    endloop
  endfacet
  facet normal 0.368124552684681 -0.9297764858882501 0
    outer loop
      vertex 43.445324250609566 -63.32103768520388 135
      vertex 43.445324250609566 -63.32103768520388 85
      vertex 44.14589803375031 -63.04366090222908 135
    endloop
  endfacet
  facet normal 0.24868988716485516 -0.9685831611286311 0
    outer loop
      vertex 44.14589803375031 -63.04366090222908 135
      vertex 44.14589803375031 -63.04366090222908 85
      vertex 44.87571211248565 -62.85627649562787 135
    endloop
  endfacet
  facet normal 0 0 -1
    outer loop
      vertex 43.97745751406263 -67.28053686926881 135
      vertex 43.445324250609566 -63.32103768520388 135
      vertex 44.14589803375031 -63.04366090222908 135
    endloop
  endfacet
  facet normal 0 0 -1
    outer loop
      vertex 44.66043301255251 -66.63918018624496 135
      vertex 44.14589803375031 -63.04366090222908 135
      vertex 44.87571211248565 -62.85627649562787 135
    endloop
  endfacet
  facet normal 0.12533323356430526 0.9921147013144777 0
    outer loop
      vertex 44.87571211248565 -74.64372350437213 135
      vertex 45.623256882824116 -74.73816037056963 135
      vertex 45.623256882824116 -74.73816037056963 85
    endloop
  endfacet
  facet normal 0 1 0
    outer loop
      vertex 45.623256882824116 -74.73816037056963 135
      vertex 46.376743117175884 -74.73816037056963 135
      vertex 46.376743117175884 -74.73816037056963 85
    endloop
  endfacet
  facet normal -0.12533323356430526 0.9921147013144777 0
    outer loop
      vertex 46.376743117175884 -74.73816037056963 135
      vertex 47.12428788751435 -74.64372350437213 135
      vertex 47.12428788751435 -74.64372350437213 85
    endloop
  endfacet
  facet normal -0.24868988716485516 0.9685831611286311 0
    outer loop
      vertex 47.12428788751435 -74.64372350437213 135
      vertex 47.85410196624969 -74.45633909777092 135
      vertex 47.85410196624969 -74.45633909777092 85
    endloop
  endfacet
  facet normal -0.3681245526846728 0.9297764858882533 0
    outer loop
      vertex 47.85410196624969 -74.45633909777092 135
      vertex 48.554675749390434 -74.17896231479612 135
      vertex 48.554675749390434 -74.17896231479612 85
    endloop
  endfacet
  facet normal -0.481753674101727 0.876306680043857 0
    outer loop
      vertex 48.554675749390434 -74.17896231479612 135
      vertex 49.214960769873976 -73.81596755301209 135
      vertex 49.214960769873976 -73.81596755301209 85
    endloop
  endfacet
  facet normal -0.5877852522924648 0.8090169943749534 0
    outer loop
      vertex 49.214960769873976 -73.81596755301209 135
      vertex 49.82454393849214 -73.37307945665474 135
      vertex 49.82454393849214 -73.37307945665474 85
    endloop
  endfacet
  facet normal -0.6845471059286903 0.72896862742141 0
    outer loop
      vertex 49.82454393849214 -73.37307945665474 135
      vertex 50.37381176452847 -72.85728263557213 135
      vertex 50.37381176452847 -72.85728263557213 85
    endloop
  endfacet
  facet normal -0.7705132427757915 0.6374239897486869 0
    outer loop
      vertex 50.37381176452847 -72.85728263557213 135
      vertex 50.85410196624969 -72.27671151375483 135
      vertex 50.85410196624969 -72.27671151375483 85
    endloop
  endfacet
  facet normal -0.844327925502015 0.5358267949789968 0
    outer loop
      vertex 50.85410196624969 -72.27671151375483 135
      vertex 51.25784008026318 -71.6405220446103 135
      vertex 51.25784008026318 -71.6405220446103 85
    endloop
  endfacet
  facet normal -0.9048270524660187 0.42577929156507444 0
    outer loop
      vertex 51.25784008026318 -71.6405220446103 135
      vertex 51.578658915329505 -70.95874731610807 135
      vertex 51.578658915329505 -70.95874731610807 85
    endloop
  endfacet
  facet normal -0.844327925502015 -0.5358267949789968 0
    outer loop
      vertex 50.85410196624969 -65.22328848624517 135
      vertex 50.85410196624969 -65.22328848624517 85
      vertex 51.25784008026318 -65.8594779553897 135
    endloop
  endfacet
  facet normal -0.9048270524660187 -0.42577929156507444 0
    outer loop
      vertex 51.25784008026318 -65.8594779553897 135
      vertex 51.25784008026318 -65.8594779553897 85
      vertex 51.578658915329505 -66.54125268389193 135
    endloop
  endfacet
  facet normal -0.9510565162951528 0.3090169943749497 0
    outer loop
      vertex 51.578658915329505 -70.95874731610807 135
      vertex 51.81149896677179 -70.24213932298913 135
      vertex 51.81149896677179 -70.24213932298913 85
    endloop
  endfacet
  facet normal -0.9822872507286889 0.1873813145857232 0
    outer loop
      vertex 51.81149896677179 -70.24213932298913 135
      vertex 51.952688207886865 -69.50199940138583 135
      vertex 51.952688207886865 -69.50199940138583 85
    endloop
  endfacet
  facet normal -0.9980267284282714 0.0627905195293152 0
    outer loop
      vertex 51.952688207886865 -69.50199940138583 135
      vertex 52 -68.75 135
      vertex 52 -68.75 85
    endloop
  endfacet
  facet normal -0.9980267284282714 -0.0627905195293152 0
    outer loop
      vertex 52 -68.75 135
      vertex 51.952688207886865 -67.99800059861417 135
      vertex 51.952688207886865 -67.99800059861417 85
    endloop
  endfacet
  facet normal -0.9510565162951528 -0.3090169943749497 0
    outer loop
      vertex 51.578658915329505 -66.54125268389193 135
      vertex 51.578658915329505 -66.54125268389193 85
      vertex 51.81149896677179 -67.25786067701087 135
    endloop
  endfacet
  facet normal -0.9822872507286889 -0.1873813145857232 0
    outer loop
      vertex 51.952688207886865 -67.99800059861417 135
      vertex 51.81149896677179 -67.25786067701087 135
      vertex 51.81149896677179 -67.25786067701087 85
    endloop
  endfacet
  facet normal 0 0 -1
    outer loop
      vertex 44.87571211248565 -74.64372350437213 135
      vertex 45.53154671353569 -71.20571812682172 135
      vertex 45.623256882824116 -74.73816037056963 135
    endloop
  endfacet
  facet normal 0 0 -1
    outer loop
      vertex 44.87571211248565 -74.64372350437213 135
      vertex 44.93555177108732 -71.01206763116505 135
      vertex 45.22745751406263 -71.12764129073788 135
    endloop
  endfacet
  facet normal 0 0 -1
    outer loop
      vertex 44.87571211248565 -74.64372350437213 135
      vertex 45.22745751406263 -71.12764129073788 135
      vertex 45.53154671353569 -71.20571812682172 135
    endloop
  endfacet
  facet normal 0 0 -1
    outer loop
      vertex 45.623256882824116 -74.73816037056963 135
      vertex 45.53154671353569 -71.20571812682172 135
      vertex 45.84302370117672 -71.24506682107068 135
    endloop
  endfacet
  facet normal 0 0 -1
    outer loop
      vertex 45.623256882824116 -74.73816037056963 135
      vertex 45.84302370117672 -71.24506682107068 135
      vertex 46.15697629882329 -71.24506682107068 135
    endloop
  endfacet
  facet normal 0 0 -1
    outer loop
      vertex 45.623256882824116 -74.73816037056963 135
      vertex 46.15697629882329 -71.24506682107068 135
      vertex 46.376743117175884 -74.73816037056963 135
    endloop
  endfacet
  facet normal 0 0 -1
    outer loop
      vertex 46.376743117175884 -74.73816037056963 135
      vertex 46.15697629882329 -71.24506682107068 135
      vertex 46.46845328646431 -71.20571812682172 135
    endloop
  endfacet
  facet normal 0 0 -1
    outer loop
      vertex 46.376743117175884 -74.73816037056963 135
      vertex 46.46845328646431 -71.20571812682172 135
      vertex 47.12428788751435 -74.64372350437213 135
    endloop
  endfacet
  facet normal 0 0 -1
    outer loop
      vertex 47.12428788751435 -74.64372350437213 135
      vertex 46.46845328646431 -71.20571812682172 135
      vertex 46.77254248593737 -71.12764129073788 135
    endloop
  endfacet
  facet normal 0 0 -1
    outer loop
      vertex 44.93555177108732 -66.48793236883495 135
      vertex 44.87571211248565 -62.85627649562787 135
      vertex 45.22745751406263 -66.37235870926212 135
    endloop
  endfacet
  facet normal 0 0 -1
    outer loop
      vertex 44.87571211248565 -62.85627649562787 135
      vertex 45.53154671353569 -66.29428187317828 135
      vertex 45.22745751406263 -66.37235870926212 135
    endloop
  endfacet
  facet normal 0 0 -1
    outer loop
      vertex 46.46845328646431 -66.29428187317828 135
      vertex 47.12428788751435 -62.85627649562787 135
      vertex 46.77254248593737 -66.37235870926212 135
    endloop
  endfacet
  facet normal 0 0 -1
    outer loop
      vertex 47.12428788751435 -74.64372350437213 135
      vertex 46.77254248593737 -71.12764129073788 135
      vertex 47.06444822891268 -71.01206763116505 135
    endloop
  endfacet
  facet normal 0 0 -1
    outer loop
      vertex 47.12428788751435 -74.64372350437213 135
      vertex 47.06444822891268 -71.01206763116505 135
      vertex 47.33956698744749 -70.86081981375504 135
    endloop
  endfacet
  facet normal 0 0 -1
    outer loop
      vertex 47.12428788751435 -74.64372350437213 135
      vertex 47.33956698744749 -70.86081981375504 135
      vertex 47.85410196624969 -74.45633909777092 135
    endloop
  endfacet
  facet normal 0 0 -1
    outer loop
      vertex 47.85410196624969 -74.45633909777092 135
      vertex 47.33956698744749 -70.86081981375504 135
      vertex 47.59355997437172 -70.67628310693948 135
    endloop
  endfacet
  facet normal 0 0 -1
    outer loop
      vertex 47.85410196624969 -74.45633909777092 135
      vertex 47.59355997437172 -70.67628310693948 135
      vertex 47.82242156855353 -70.46136776482172 135
    endloop
  endfacet
  facet normal 0 0 -1
    outer loop
      vertex 47.85410196624969 -74.45633909777092 135
      vertex 48.02254248593737 -70.21946313073119 135
      vertex 48.554675749390434 -74.17896231479612 135
    endloop
  endfacet
  facet normal 0 0 -1
    outer loop
      vertex 47.85410196624969 -74.45633909777092 135
      vertex 47.82242156855353 -70.46136776482172 135
      vertex 48.02254248593737 -70.21946313073119 135
    endloop
  endfacet
  facet normal 0 0 -1
    outer loop
      vertex 48.554675749390434 -74.17896231479612 135
      vertex 48.02254248593737 -70.21946313073119 135
      vertex 48.190766700109656 -69.95438418525428 135
    endloop
  endfacet
  facet normal 0 0 -1
    outer loop
      vertex 48.554675749390434 -74.17896231479612 135
      vertex 48.190766700109656 -69.95438418525428 135
      vertex 48.32444121472063 -69.6703113817117 135
    endloop
  endfacet
  facet normal 0 0 -1
    outer loop
      vertex 46.77254248593737 -66.37235870926212 135
      vertex 47.12428788751435 -62.85627649562787 135
      vertex 47.06444822891268 -66.48793236883495 135
    endloop
  endfacet
  facet normal 0 0 -1
    outer loop
      vertex 47.06444822891268 -66.48793236883495 135
      vertex 47.12428788751435 -62.85627649562787 135
      vertex 47.33956698744749 -66.63918018624496 135
    endloop
  endfacet
  facet normal 0 0 -1
    outer loop
      vertex 47.33956698744749 -66.63918018624496 135
      vertex 47.85410196624969 -63.04366090222908 135
      vertex 47.59355997437172 -66.82371689306052 135
    endloop
  endfacet
  facet normal 0 0 -1
    outer loop
      vertex 47.59355997437172 -66.82371689306052 135
      vertex 47.85410196624969 -63.04366090222908 135
      vertex 47.82242156855353 -67.03863223517828 135
    endloop
  endfacet
  facet normal 0 0 -1
    outer loop
      vertex 48.554675749390434 -74.17896231479612 135
      vertex 48.32444121472063 -69.6703113817117 135
      vertex 48.42145790282158 -69.37172471791213 135
    endloop
  endfacet
  facet normal 0 0 -1
    outer loop
      vertex 48.554675749390434 -74.17896231479612 135
      vertex 48.42145790282158 -69.37172471791213 135
      vertex 48.480286753286194 -69.06333308391076 135
    endloop
  endfacet
  facet normal 0 0 -1
    outer loop
      vertex 48.554675749390434 -74.17896231479612 135
      vertex 48.480286753286194 -69.06333308391076 135
      vertex 48.5 -68.75 135
    endloop
  endfacet
  facet normal 0 0 -1
    outer loop
      vertex 48.554675749390434 -74.17896231479612 135
      vertex 48.5 -68.75 135
      vertex 48.554675749390434 -63.32103768520388 135
    endloop
  endfacet
  facet normal 0 0 -1
    outer loop
      vertex 47.82242156855353 -67.03863223517828 135
      vertex 47.85410196624969 -63.04366090222908 135
      vertex 48.02254248593737 -67.28053686926881 135
    endloop
  endfacet
  facet normal 0 0 -1
    outer loop
      vertex 48.19076670010966 -67.54561581474572 135
      vertex 48.02254248593737 -67.28053686926881 135
      vertex 48.554675749390434 -63.32103768520388 135
    endloop
  endfacet
  facet normal 0 0 -1
    outer loop
      vertex 48.5 -68.75 135
      vertex 48.480286753286194 -68.43666691608924 135
      vertex 48.554675749390434 -63.32103768520388 135
    endloop
  endfacet
  facet normal 0 0 -1
    outer loop
      vertex 48.480286753286194 -68.43666691608924 135
      vertex 48.42145790282158 -68.12827528208787 135
      vertex 48.554675749390434 -63.32103768520388 135
    endloop
  endfacet
  facet normal 0 0 -1
    outer loop
      vertex 48.19076670010966 -67.54561581474572 135
      vertex 48.554675749390434 -63.32103768520388 135
      vertex 48.32444121472063 -67.8296886182883 135
    endloop
  endfacet
  facet normal 0 0 -1
    outer loop
      vertex 48.42145790282158 -68.12827528208787 135
      vertex 48.32444121472063 -67.8296886182883 135
      vertex 48.554675749390434 -63.32103768520388 135
    endloop
  endfacet
  facet normal 0 0 -1
    outer loop
      vertex 48.554675749390434 -74.17896231479612 135
      vertex 48.554675749390434 -63.32103768520388 135
      vertex 49.214960769873976 -73.81596755301209 135
    endloop
  endfacet
  facet normal 0 0 -1
    outer loop
      vertex 49.214960769873976 -73.81596755301209 135
      vertex 49.21496076987398 -63.68403244698791 135
      vertex 49.82454393849214 -73.37307945665474 135
    endloop
  endfacet
  facet normal 0 0 -1
    outer loop
      vertex 48.554675749390434 -63.32103768520388 135
      vertex 49.21496076987398 -63.68403244698791 135
      vertex 49.214960769873976 -73.81596755301209 135
    endloop
  endfacet
  facet normal 0 0 -1
    outer loop
      vertex 49.82454393849214 -73.37307945665474 135
      vertex 49.21496076987398 -63.68403244698791 135
      vertex 49.82454393849214 -64.12692054334526 135
    endloop
  endfacet
  facet normal 0 0 -1
    outer loop
      vertex 49.82454393849214 -73.37307945665474 135
      vertex 49.82454393849214 -64.12692054334526 135
      vertex 50.37381176452847 -72.85728263557213 135
    endloop
  endfacet
  facet normal 0 0 -1
    outer loop
      vertex 50.37381176452847 -72.85728263557213 135
      vertex 50.37381176452847 -64.64271736442787 135
      vertex 50.85410196624969 -72.27671151375483 135
    endloop
  endfacet
  facet normal 0 0 -1
    outer loop
      vertex 50.37381176452847 -72.85728263557213 135
      vertex 49.82454393849214 -64.12692054334526 135
      vertex 50.37381176452847 -64.64271736442787 135
    endloop
  endfacet
  facet normal 0 0 -1
    outer loop
      vertex 50.85410196624969 -72.27671151375483 135
      vertex 50.85410196624969 -65.22328848624517 135
      vertex 51.25784008026318 -71.6405220446103 135
    endloop
  endfacet
  facet normal 0 0 -1
    outer loop
      vertex 51.25784008026318 -71.6405220446103 135
      vertex 51.25784008026318 -65.8594779553897 135
      vertex 51.578658915329505 -70.95874731610807 135
    endloop
  endfacet
  facet normal 0 0 -1
    outer loop
      vertex 50.37381176452847 -64.64271736442787 135
      vertex 50.85410196624969 -65.22328848624517 135
      vertex 50.85410196624969 -72.27671151375483 135
    endloop
  endfacet
  facet normal 0 0 -1
    outer loop
      vertex 51.25784008026318 -71.6405220446103 135
      vertex 50.85410196624969 -65.22328848624517 135
      vertex 51.25784008026318 -65.8594779553897 135
    endloop
  endfacet
  facet normal 0 0 -1
    outer loop
      vertex 51.578658915329505 -70.95874731610807 135
      vertex 51.25784008026318 -65.8594779553897 135
      vertex 51.578658915329505 -66.54125268389193 135
    endloop
  endfacet
  facet normal 0 0 -1
    outer loop
      vertex 51.578658915329505 -70.95874731610807 135
      vertex 51.578658915329505 -66.54125268389193 135
      vertex 51.81149896677179 -70.24213932298913 135
    endloop
  endfacet
  facet normal 0 0 -1
    outer loop
      vertex 51.81149896677179 -70.24213932298913 135
      vertex 51.81149896677179 -67.25786067701087 135
      vertex 51.952688207886865 -69.50199940138583 135
    endloop
  endfacet
  facet normal 0 0 -1
    outer loop
      vertex 51.952688207886865 -69.50199940138583 135
      vertex 51.81149896677179 -67.25786067701087 135
      vertex 51.952688207886865 -67.99800059861417 135
    endloop
  endfacet
  facet normal 0 0 -1
    outer loop
      vertex 51.952688207886865 -69.50199940138583 135
      vertex 51.952688207886865 -67.99800059861417 135
      vertex 52 -68.75 135
    endloop
  endfacet
  facet normal 0 0 -1
    outer loop
      vertex 51.81149896677179 -70.24213932298913 135
      vertex 51.578658915329505 -66.54125268389193 135
      vertex 51.81149896677179 -67.25786067701087 135
    endloop
  endfacet
  facet normal 0.1253332335643041 -0.9921147013144779 0
    outer loop
      vertex 44.87571211248565 -62.85627649562787 135
      vertex 44.87571211248565 -62.85627649562787 85
      vertex 45.62325688282412 -62.76183962943037 135
    endloop
  endfacet
  facet normal 0 -1 0
    outer loop
      vertex 45.62325688282412 -62.76183962943037 135
      vertex 45.62325688282412 -62.76183962943037 85
      vertex 46.37674311717588 -62.76183962943037 135
    endloop
  endfacet
  facet normal -0.1253332335643041 -0.9921147013144779 0
    outer loop
      vertex 46.37674311717588 -62.76183962943037 135
      vertex 46.37674311717588 -62.76183962943037 85
      vertex 47.12428788751435 -62.85627649562787 135
    endloop
  endfacet
  facet normal -0.24868988716485516 -0.9685831611286311 0
    outer loop
      vertex 47.12428788751435 -62.85627649562787 135
      vertex 47.12428788751435 -62.85627649562787 85
      vertex 47.85410196624969 -63.04366090222908 135
    endloop
  endfacet
  facet normal -0.368124552684681 -0.9297764858882501 0
    outer loop
      vertex 48.554675749390434 -63.32103768520388 135
      vertex 47.85410196624969 -63.04366090222908 135
      vertex 47.85410196624969 -63.04366090222908 85
    endloop
  endfacet
  facet normal -0.4817536741017158 -0.8763066800438634 0
    outer loop
      vertex 48.554675749390434 -63.32103768520388 135
      vertex 48.554675749390434 -63.32103768520388 85
      vertex 49.21496076987398 -63.68403244698791 135
    endloop
  endfacet
  facet normal -0.5877852522924693 -0.8090169943749501 0
    outer loop
      vertex 49.21496076987398 -63.68403244698791 135
      vertex 49.21496076987398 -63.68403244698791 85
      vertex 49.82454393849214 -64.12692054334526 135
    endloop
  endfacet
  facet normal -0.6845471059286903 -0.72896862742141 0
    outer loop
      vertex 49.82454393849214 -64.12692054334526 135
      vertex 49.82454393849214 -64.12692054334526 85
      vertex 50.37381176452847 -64.64271736442787 135
    endloop
  endfacet
  facet normal -0.7705132427757915 -0.6374239897486869 0
    outer loop
      vertex 50.37381176452847 -64.64271736442787 135
      vertex 50.37381176452847 -64.64271736442787 85
      vertex 50.85410196624969 -65.22328848624517 135
    endloop
  endfacet
  facet normal 0 0 -1
    outer loop
      vertex 44.87571211248565 -62.85627649562787 135
      vertex 45.62325688282412 -62.76183962943037 135
      vertex 45.53154671353569 -66.29428187317828 135
    endloop
  endfacet
  facet normal 0 0 -1
    outer loop
      vertex 45.53154671353569 -66.29428187317828 135
      vertex 45.62325688282412 -62.76183962943037 135
      vertex 45.84302370117672 -66.25493317892932 135
    endloop
  endfacet
  facet normal 0 0 -1
    outer loop
      vertex 45.84302370117672 -66.25493317892932 135
      vertex 46.37674311717588 -62.76183962943037 135
      vertex 46.15697629882328 -66.25493317892932 135
    endloop
  endfacet
  facet normal 0 0 -1
    outer loop
      vertex 45.84302370117672 -66.25493317892932 135
      vertex 45.62325688282412 -62.76183962943037 135
      vertex 46.37674311717588 -62.76183962943037 135
    endloop
  endfacet
  facet normal 0 0 -1
    outer loop
      vertex 46.15697629882328 -66.25493317892932 135
      vertex 46.37674311717588 -62.76183962943037 135
      vertex 46.46845328646431 -66.29428187317828 135
    endloop
  endfacet
  facet normal 0 0 -1
    outer loop
      vertex 46.46845328646431 -66.29428187317828 135
      vertex 46.37674311717588 -62.76183962943037 135
      vertex 47.12428788751435 -62.85627649562787 135
    endloop
  endfacet
  facet normal 0 0 -1
    outer loop
      vertex 47.33956698744749 -66.63918018624496 135
      vertex 47.12428788751435 -62.85627649562787 135
      vertex 47.85410196624969 -63.04366090222908 135
    endloop
  endfacet
  facet normal 0 0 -1
    outer loop
      vertex 48.02254248593737 -67.28053686926881 135
      vertex 47.85410196624969 -63.04366090222908 135
      vertex 48.554675749390434 -63.32103768520388 135
    endloop
  endfacet
  facet normal 0.9980267284282714 0.0627905195293152 0
    outer loop
      vertex 43.519713246713806 -69.06333308391076 135
      vertex 43.5 -68.75 135
      vertex 43.5 -68.75 140
    endloop
  endfacet
  facet normal 0.982287250728689 0.18738131458572263 0
    outer loop
      vertex 43.57854209717842 -69.37172471791213 135
      vertex 43.519713246713806 -69.06333308391076 135
      vertex 43.519713246713806 -69.06333308391076 140
    endloop
  endfacet
  facet normal 0.9980267284282714 -0.0627905195293152 0
    outer loop
      vertex 43.5 -68.75 135
      vertex 43.519713246713806 -68.43666691608924 135
      vertex 43.519713246713806 -68.43666691608924 140
    endloop
  endfacet
  facet normal 0.982287250728689 -0.18738131458572263 0
    outer loop
      vertex 43.519713246713806 -68.43666691608924 135
      vertex 43.57854209717842 -68.12827528208787 135
      vertex 43.57854209717842 -68.12827528208787 140
    endloop
  endfacet
  facet normal 0.9048270524660101 0.4257792915650924 0
    outer loop
      vertex 43.67555878527937 -69.6703113817117 135
      vertex 43.67555878527937 -69.6703113817117 140
      vertex 43.809233299890344 -69.95438418525428 135
    endloop
  endfacet
  facet normal 0.8443279255020305 0.5358267949789723 0
    outer loop
      vertex 43.97745751406263 -70.21946313073119 135
      vertex 43.809233299890344 -69.95438418525428 135
      vertex 43.809233299890344 -69.95438418525428 140
    endloop
  endfacet
  facet normal 0.7705132427757758 0.6374239897487058 0
    outer loop
      vertex 43.97745751406263 -70.21946313073119 135
      vertex 43.97745751406263 -70.21946313073119 140
      vertex 44.17757843144647 -70.46136776482172 135
    endloop
  endfacet
  facet normal 0.9510565162951556 0.30901699437494085 0
    outer loop
      vertex 43.57854209717842 -69.37172471791213 135
      vertex 43.57854209717842 -69.37172471791213 140
      vertex 43.67555878527937 -69.6703113817117 135
    endloop
  endfacet
  facet normal 0.9510565162951556 -0.30901699437494085 0
    outer loop
      vertex 43.57854209717842 -68.12827528208787 135
      vertex 43.67555878527937 -67.8296886182883 135
      vertex 43.67555878527937 -67.8296886182883 140
    endloop
  endfacet
  facet normal 0.9048270524660101 -0.4257792915650924 0
    outer loop
      vertex 43.67555878527937 -67.8296886182883 135
      vertex 43.809233299890344 -67.54561581474572 135
      vertex 43.809233299890344 -67.54561581474572 140
    endloop
  endfacet
  facet normal 0.8443279255020305 -0.5358267949789723 0
    outer loop
      vertex 43.809233299890344 -67.54561581474572 135
      vertex 43.97745751406263 -67.28053686926881 135
      vertex 43.97745751406263 -67.28053686926881 140
    endloop
  endfacet
  facet normal 0.6845471059287028 0.7289686274213982 0
    outer loop
      vertex 44.17757843144647 -70.46136776482172 135
      vertex 44.17757843144647 -70.46136776482172 140
      vertex 44.40644002562828 -70.67628310693948 135
    endloop
  endfacet
  facet normal 0.5877852522924736 0.8090169943749471 0
    outer loop
      vertex 44.40644002562828 -70.67628310693948 135
      vertex 44.40644002562828 -70.67628310693948 140
      vertex 44.66043301255251 -70.86081981375504 135
    endloop
  endfacet
  facet normal 0.48175367410171255 0.876306680043865 0
    outer loop
      vertex 44.66043301255251 -70.86081981375504 135
      vertex 44.66043301255251 -70.86081981375504 140
      vertex 44.93555177108732 -71.01206763116505 135
    endloop
  endfacet
  facet normal 0.7705132427757758 -0.6374239897487058 0
    outer loop
      vertex 43.97745751406263 -67.28053686926881 135
      vertex 44.17757843144647 -67.03863223517828 135
      vertex 44.17757843144647 -67.03863223517828 140
    endloop
  endfacet
  facet normal 0.6845471059287028 -0.7289686274213982 0
    outer loop
      vertex 44.17757843144647 -67.03863223517828 135
      vertex 44.40644002562828 -66.82371689306052 135
      vertex 44.40644002562828 -66.82371689306052 140
    endloop
  endfacet
  facet normal 0.5877852522924736 -0.8090169943749471 0
    outer loop
      vertex 44.40644002562828 -66.82371689306052 135
      vertex 44.66043301255251 -66.63918018624496 135
      vertex 44.66043301255251 -66.63918018624496 140
    endloop
  endfacet
  facet normal 0.48175367410171255 -0.876306680043865 0
    outer loop
      vertex 44.66043301255251 -66.63918018624496 135
      vertex 44.93555177108732 -66.48793236883495 135
      vertex 44.93555177108732 -66.48793236883495 140
    endloop
  endfacet
  facet normal 0.982287250728689 0.18738131458572263 0
    outer loop
      vertex 43.57854209717842 -69.37172471791213 135
      vertex 43.519713246713806 -69.06333308391076 140
      vertex 43.57854209717842 -69.37172471791213 140
    endloop
  endfacet
  facet normal 0.9980267284282714 0.0627905195293152 0
    outer loop
      vertex 43.519713246713806 -69.06333308391076 135
      vertex 43.5 -68.75 140
      vertex 43.519713246713806 -69.06333308391076 140
    endloop
  endfacet
  facet normal 0.9980267284282714 -0.0627905195293152 0
    outer loop
      vertex 43.5 -68.75 135
      vertex 43.519713246713806 -68.43666691608924 140
      vertex 43.5 -68.75 140
    endloop
  endfacet
  facet normal 0.982287250728689 -0.18738131458572263 0
    outer loop
      vertex 43.519713246713806 -68.43666691608924 135
      vertex 43.57854209717842 -68.12827528208787 140
      vertex 43.519713246713806 -68.43666691608924 140
    endloop
  endfacet
  facet normal 0.9048270524660101 0.4257792915650924 0
    outer loop
      vertex 43.809233299890344 -69.95438418525428 135
      vertex 43.67555878527937 -69.6703113817117 140
      vertex 43.809233299890344 -69.95438418525428 140
    endloop
  endfacet
  facet normal 0.8443279255020305 0.5358267949789723 0
    outer loop
      vertex 43.97745751406263 -70.21946313073119 135
      vertex 43.809233299890344 -69.95438418525428 140
      vertex 43.97745751406263 -70.21946313073119 140
    endloop
  endfacet
  facet normal 0.9510565162951556 0.30901699437494085 0
    outer loop
      vertex 43.67555878527937 -69.6703113817117 135
      vertex 43.57854209717842 -69.37172471791213 140
      vertex 43.67555878527937 -69.6703113817117 140
    endloop
  endfacet
  facet normal 0.9510565162951556 -0.30901699437494085 0
    outer loop
      vertex 43.57854209717842 -68.12827528208787 135
      vertex 43.67555878527937 -67.8296886182883 140
      vertex 43.57854209717842 -68.12827528208787 140
    endloop
  endfacet
  facet normal 0.9048270524660101 -0.4257792915650924 0
    outer loop
      vertex 43.67555878527937 -67.8296886182883 135
      vertex 43.809233299890344 -67.54561581474572 140
      vertex 43.67555878527937 -67.8296886182883 140
    endloop
  endfacet
  facet normal 0.8443279255020305 -0.5358267949789723 0
    outer loop
      vertex 43.809233299890344 -67.54561581474572 135
      vertex 43.97745751406263 -67.28053686926881 140
      vertex 43.809233299890344 -67.54561581474572 140
    endloop
  endfacet
  facet normal 0.7705132427757758 -0.6374239897487058 0
    outer loop
      vertex 43.97745751406263 -67.28053686926881 135
      vertex 44.17757843144647 -67.03863223517828 140
      vertex 43.97745751406263 -67.28053686926881 140
    endloop
  endfacet
  facet normal 0.7705132427757758 0.6374239897487058 0
    outer loop
      vertex 44.17757843144647 -70.46136776482172 135
      vertex 43.97745751406263 -70.21946313073119 140
      vertex 44.17757843144647 -70.46136776482172 140
    endloop
  endfacet
  facet normal 0.6845471059287028 0.7289686274213982 0
    outer loop
      vertex 44.40644002562828 -70.67628310693948 135
      vertex 44.17757843144647 -70.46136776482172 140
      vertex 44.40644002562828 -70.67628310693948 140
    endloop
  endfacet
  facet normal 0.5877852522924736 0.8090169943749471 0
    outer loop
      vertex 44.66043301255251 -70.86081981375504 135
      vertex 44.40644002562828 -70.67628310693948 140
      vertex 44.66043301255251 -70.86081981375504 140
    endloop
  endfacet
  facet normal 0.48175367410171255 0.876306680043865 0
    outer loop
      vertex 44.93555177108732 -71.01206763116505 135
      vertex 44.66043301255251 -70.86081981375504 140
      vertex 44.93555177108732 -71.01206763116505 140
    endloop
  endfacet
  facet normal 0.6845471059287028 -0.7289686274213982 0
    outer loop
      vertex 44.17757843144647 -67.03863223517828 135
      vertex 44.40644002562828 -66.82371689306052 140
      vertex 44.17757843144647 -67.03863223517828 140
    endloop
  endfacet
  facet normal 0.5877852522924736 -0.8090169943749471 0
    outer loop
      vertex 44.40644002562828 -66.82371689306052 135
      vertex 44.66043301255251 -66.63918018624496 140
      vertex 44.40644002562828 -66.82371689306052 140
    endloop
  endfacet
  facet normal 0.48175367410171255 -0.876306680043865 0
    outer loop
      vertex 44.66043301255251 -66.63918018624496 135
      vertex 44.93555177108732 -66.48793236883495 140
      vertex 44.66043301255251 -66.63918018624496 140
    endloop
  endfacet
  facet normal 0.24868988716485196 0.9685831611286319 0
    outer loop
      vertex 45.22745751406263 -71.12764129073788 135
      vertex 45.22745751406263 -71.12764129073788 140
      vertex 45.53154671353569 -71.20571812682172 135
    endloop
  endfacet
  facet normal 0.12533323356430434 0.9921147013144779 0
    outer loop
      vertex 45.53154671353569 -71.20571812682172 135
      vertex 45.53154671353569 -71.20571812682172 140
      vertex 45.84302370117672 -71.24506682107068 135
    endloop
  endfacet
  facet normal 0 1 0
    outer loop
      vertex 45.84302370117672 -71.24506682107068 135
      vertex 45.84302370117672 -71.24506682107068 140
      vertex 46.15697629882329 -71.24506682107068 135
    endloop
  endfacet
  facet normal -0.12533323356430714 0.9921147013144773 -1.7810923731688481e-16
    outer loop
      vertex 46.15697629882329 -71.24506682107068 135
      vertex 46.15697629882328 -71.24506682107068 140
      vertex 46.46845328646431 -71.20571812682172 135
    endloop
  endfacet
  facet normal -0.24868988716485196 0.9685831611286319 0
    outer loop
      vertex 46.46845328646431 -71.20571812682172 135
      vertex 46.46845328646431 -71.20571812682172 140
      vertex 46.77254248593737 -71.12764129073788 135
    endloop
  endfacet
  facet normal -0.36812455268467154 0.929776485888254 0
    outer loop
      vertex 46.77254248593737 -71.12764129073788 135
      vertex 46.77254248593737 -71.12764129073788 140
      vertex 47.06444822891268 -71.01206763116505 135
    endloop
  endfacet
  facet normal 0.36812455268467154 0.929776485888254 0
    outer loop
      vertex 45.22745751406263 -71.12764129073788 135
      vertex 44.93555177108732 -71.01206763116505 140
      vertex 45.22745751406263 -71.12764129073788 140
    endloop
  endfacet
  facet normal 0.24868988716485196 0.9685831611286319 0
    outer loop
      vertex 45.53154671353569 -71.20571812682172 135
      vertex 45.22745751406263 -71.12764129073788 140
      vertex 45.53154671353569 -71.20571812682172 140
    endloop
  endfacet
  facet normal 0.12533323356430434 0.9921147013144779 0
    outer loop
      vertex 45.84302370117672 -71.24506682107068 135
      vertex 45.53154671353569 -71.20571812682172 140
      vertex 45.84302370117672 -71.24506682107068 140
    endloop
  endfacet
  facet normal 0 1 0
    outer loop
      vertex 46.15697629882329 -71.24506682107068 135
      vertex 45.84302370117672 -71.24506682107068 140
      vertex 46.15697629882328 -71.24506682107068 140
    endloop
  endfacet
  facet normal -0.12533323356430434 0.9921147013144779 0
    outer loop
      vertex 46.46845328646431 -71.20571812682172 135
      vertex 46.15697629882328 -71.24506682107068 140
      vertex 46.46845328646431 -71.20571812682172 140
    endloop
  endfacet
  facet normal -0.24868988716485196 0.9685831611286319 0
    outer loop
      vertex 46.77254248593737 -71.12764129073788 135
      vertex 46.46845328646431 -71.20571812682172 140
      vertex 46.77254248593737 -71.12764129073788 140
    endloop
  endfacet
  facet normal 0.36812455268467154 0.929776485888254 0
    outer loop
      vertex 44.93555177108732 -71.01206763116505 135
      vertex 44.93555177108732 -71.01206763116505 140
      vertex 45.22745751406263 -71.12764129073788 135
    endloop
  endfacet
  facet normal 0.36812455268467154 -0.929776485888254 0
    outer loop
      vertex 44.93555177108732 -66.48793236883495 135
      vertex 45.22745751406263 -66.37235870926212 135
      vertex 45.22745751406263 -66.37235870926212 140
    endloop
  endfacet
  facet normal 0.24868988716485196 -0.9685831611286319 0
    outer loop
      vertex 45.22745751406263 -66.37235870926212 135
      vertex 45.53154671353569 -66.29428187317828 135
      vertex 45.53154671353569 -66.29428187317828 140
    endloop
  endfacet
  facet normal 0.12533323356430434 -0.9921147013144779 0
    outer loop
      vertex 45.53154671353569 -66.29428187317828 135
      vertex 45.84302370117672 -66.25493317892932 135
      vertex 45.84302370117672 -66.25493317892932 140
    endloop
  endfacet
  facet normal 0 -1 0
    outer loop
      vertex 45.84302370117672 -66.25493317892932 135
      vertex 46.15697629882328 -66.25493317892932 135
      vertex 46.15697629882328 -66.25493317892932 140
    endloop
  endfacet
  facet normal -0.12533323356430434 -0.9921147013144779 0
    outer loop
      vertex 46.15697629882328 -66.25493317892932 135
      vertex 46.46845328646431 -66.29428187317828 135
      vertex 46.46845328646431 -66.29428187317828 140
    endloop
  endfacet
  facet normal -0.24868988716485196 -0.9685831611286319 0
    outer loop
      vertex 46.46845328646431 -66.29428187317828 135
      vertex 46.77254248593737 -66.37235870926212 135
      vertex 46.77254248593737 -66.37235870926212 140
    endloop
  endfacet
  facet normal 0.36812455268467154 -0.929776485888254 0
    outer loop
      vertex 44.93555177108732 -66.48793236883495 135
      vertex 45.22745751406263 -66.37235870926212 140
      vertex 44.93555177108732 -66.48793236883495 140
    endloop
  endfacet
  facet normal 0.24868988716485196 -0.9685831611286319 0
    outer loop
      vertex 45.22745751406263 -66.37235870926212 135
      vertex 45.53154671353569 -66.29428187317828 140
      vertex 45.22745751406263 -66.37235870926212 140
    endloop
  endfacet
  facet normal 0.12533323356430434 -0.9921147013144779 0
    outer loop
      vertex 45.53154671353569 -66.29428187317828 135
      vertex 45.84302370117672 -66.25493317892932 140
      vertex 45.53154671353569 -66.29428187317828 140
    endloop
  endfacet
  facet normal 0 -1 0
    outer loop
      vertex 45.84302370117672 -66.25493317892932 135
      vertex 46.15697629882328 -66.25493317892932 140
      vertex 45.84302370117672 -66.25493317892932 140
    endloop
  endfacet
  facet normal -0.12533323356430434 -0.9921147013144779 0
    outer loop
      vertex 46.15697629882328 -66.25493317892932 135
      vertex 46.46845328646431 -66.29428187317828 140
      vertex 46.15697629882328 -66.25493317892932 140
    endloop
  endfacet
  facet normal -0.24868988716485196 -0.9685831611286319 0
    outer loop
      vertex 46.46845328646431 -66.29428187317828 135
      vertex 46.77254248593737 -66.37235870926212 140
      vertex 46.46845328646431 -66.29428187317828 140
    endloop
  endfacet
  facet normal -0.36812455268467154 -0.929776485888254 0
    outer loop
      vertex 46.77254248593737 -66.37235870926212 135
      vertex 47.06444822891268 -66.48793236883495 140
      vertex 46.77254248593737 -66.37235870926212 140
    endloop
  endfacet
  facet normal -0.48175367410171255 0.876306680043865 0
    outer loop
      vertex 47.06444822891268 -71.01206763116505 135
      vertex 47.06444822891268 -71.01206763116505 140
      vertex 47.33956698744749 -70.86081981375504 135
    endloop
  endfacet
  facet normal -0.5877852522924736 0.8090169943749471 0
    outer loop
      vertex 47.33956698744749 -70.86081981375504 135
      vertex 47.33956698744749 -70.86081981375504 140
      vertex 47.59355997437172 -70.67628310693948 135
    endloop
  endfacet
  facet normal -0.6845471059287028 0.7289686274213982 0
    outer loop
      vertex 47.59355997437172 -70.67628310693948 135
      vertex 47.59355997437172 -70.67628310693948 140
      vertex 47.82242156855353 -70.46136776482172 135
    endloop
  endfacet
  facet normal -0.36812455268467154 -0.929776485888254 0
    outer loop
      vertex 46.77254248593737 -66.37235870926212 135
      vertex 47.06444822891268 -66.48793236883495 135
      vertex 47.06444822891268 -66.48793236883495 140
    endloop
  endfacet
  facet normal -0.48175367410171255 -0.876306680043865 0
    outer loop
      vertex 47.06444822891268 -66.48793236883495 135
      vertex 47.33956698744749 -66.63918018624496 135
      vertex 47.33956698744749 -66.63918018624496 140
    endloop
  endfacet
  facet normal -0.5877852522924736 -0.8090169943749471 0
    outer loop
      vertex 47.33956698744749 -66.63918018624496 135
      vertex 47.59355997437172 -66.82371689306052 135
      vertex 47.59355997437172 -66.82371689306052 140
    endloop
  endfacet
  facet normal -0.6845471059287028 -0.7289686274213982 0
    outer loop
      vertex 47.59355997437172 -66.82371689306052 135
      vertex 47.82242156855353 -67.03863223517828 135
      vertex 47.82242156855353 -67.03863223517828 140
    endloop
  endfacet
  facet normal -0.7705132427757758 0.6374239897487058 0
    outer loop
      vertex 47.82242156855353 -70.46136776482172 135
      vertex 47.82242156855353 -70.46136776482172 140
      vertex 48.02254248593737 -70.21946313073119 135
    endloop
  endfacet
  facet normal -0.8443279255020305 0.5358267949789723 0
    outer loop
      vertex 48.02254248593737 -70.21946313073119 135
      vertex 48.02254248593737 -70.21946313073119 140
      vertex 48.190766700109656 -69.95438418525428 135
    endloop
  endfacet
  facet normal -0.9048270524660101 0.4257792915650924 0
    outer loop
      vertex 48.190766700109656 -69.95438418525428 135
      vertex 48.190766700109656 -69.95438418525428 140
      vertex 48.32444121472063 -69.6703113817117 135
    endloop
  endfacet
  facet normal -0.9510565162951556 0.30901699437494085 0
    outer loop
      vertex 48.32444121472063 -69.6703113817117 135
      vertex 48.32444121472063 -69.6703113817117 140
      vertex 48.42145790282158 -69.37172471791213 135
    endloop
  endfacet
  facet normal -0.982287250728689 0.18738131458572263 0
    outer loop
      vertex 48.42145790282158 -69.37172471791213 135
      vertex 48.42145790282158 -69.37172471791213 140
      vertex 48.480286753286194 -69.06333308391076 135
    endloop
  endfacet
  facet normal -0.9980267284282714 0.0627905195293152 0
    outer loop
      vertex 48.480286753286194 -69.06333308391076 135
      vertex 48.480286753286194 -69.06333308391076 140
      vertex 48.5 -68.75 135
    endloop
  endfacet
  facet normal -0.9980267284282714 -0.0627905195293152 0
    outer loop
      vertex 48.5 -68.75 135
      vertex 48.5 -68.75 140
      vertex 48.480286753286194 -68.43666691608924 135
    endloop
  endfacet
  facet normal -0.982287250728689 -0.18738131458572263 0
    outer loop
      vertex 48.480286753286194 -68.43666691608924 135
      vertex 48.480286753286194 -68.43666691608924 140
      vertex 48.42145790282158 -68.12827528208787 135
    endloop
  endfacet
  facet normal -0.7705132427757758 -0.6374239897487058 0
    outer loop
      vertex 47.82242156855353 -67.03863223517828 135
      vertex 48.02254248593737 -67.28053686926881 135
      vertex 48.02254248593737 -67.28053686926881 140
    endloop
  endfacet
  facet normal -0.8443279255020203 -0.5358267949789884 0
    outer loop
      vertex 48.19076670010966 -67.54561581474572 135
      vertex 48.19076670010966 -67.54561581474572 140
      vertex 48.02254248593737 -67.28053686926881 135
    endloop
  endfacet
  facet normal -0.9048270524660189 -0.42577929156507394 0
    outer loop
      vertex 48.19076670010966 -67.54561581474572 135
      vertex 48.32444121472063 -67.8296886182883 135
      vertex 48.32444121472063 -67.8296886182883 140
    endloop
  endfacet
  facet normal -0.9510565162951556 -0.30901699437494085 0
    outer loop
      vertex 48.42145790282158 -68.12827528208787 135
      vertex 48.42145790282158 -68.12827528208787 140
      vertex 48.32444121472063 -67.8296886182883 135
    endloop
  endfacet
  facet normal -0.36812455268467154 0.929776485888254 0
    outer loop
      vertex 47.06444822891268 -71.01206763116505 135
      vertex 46.77254248593737 -71.12764129073788 140
      vertex 47.06444822891268 -71.01206763116505 140
    endloop
  endfacet
  facet normal -0.48175367410171255 0.876306680043865 0
    outer loop
      vertex 47.33956698744749 -70.86081981375504 135
      vertex 47.06444822891268 -71.01206763116505 140
      vertex 47.33956698744749 -70.86081981375504 140
    endloop
  endfacet
  facet normal -0.5877852522924736 0.8090169943749471 0
    outer loop
      vertex 47.59355997437172 -70.67628310693948 135
      vertex 47.33956698744749 -70.86081981375504 140
      vertex 47.59355997437172 -70.67628310693948 140
    endloop
  endfacet
  facet normal -0.6845471059287028 0.7289686274213982 0
    outer loop
      vertex 47.82242156855353 -70.46136776482172 135
      vertex 47.59355997437172 -70.67628310693948 140
      vertex 47.82242156855353 -70.46136776482172 140
    endloop
  endfacet
  facet normal -0.48175367410171255 -0.876306680043865 0
    outer loop
      vertex 47.06444822891268 -66.48793236883495 135
      vertex 47.33956698744749 -66.63918018624496 140
      vertex 47.06444822891268 -66.48793236883495 140
    endloop
  endfacet
  facet normal -0.5877852522924736 -0.8090169943749471 0
    outer loop
      vertex 47.33956698744749 -66.63918018624496 135
      vertex 47.59355997437172 -66.82371689306052 140
      vertex 47.33956698744749 -66.63918018624496 140
    endloop
  endfacet
  facet normal -0.6845471059287028 -0.7289686274213982 0
    outer loop
      vertex 47.59355997437172 -66.82371689306052 135
      vertex 47.82242156855353 -67.03863223517828 140
      vertex 47.59355997437172 -66.82371689306052 140
    endloop
  endfacet
  facet normal -0.7705132427757758 0.6374239897487058 0
    outer loop
      vertex 48.02254248593737 -70.21946313073119 135
      vertex 47.82242156855353 -70.46136776482172 140
      vertex 48.02254248593737 -70.21946313073119 140
    endloop
  endfacet
  facet normal -0.8443279255020305 0.5358267949789723 0
    outer loop
      vertex 48.190766700109656 -69.95438418525428 135
      vertex 48.02254248593737 -70.21946313073119 140
      vertex 48.190766700109656 -69.95438418525428 140
    endloop
  endfacet
  facet normal -0.9048270524660101 0.4257792915650924 0
    outer loop
      vertex 48.32444121472063 -69.6703113817117 135
      vertex 48.190766700109656 -69.95438418525428 140
      vertex 48.32444121472063 -69.6703113817117 140
    endloop
  endfacet
  facet normal -0.9510565162951556 0.30901699437494085 0
    outer loop
      vertex 48.42145790282158 -69.37172471791213 135
      vertex 48.32444121472063 -69.6703113817117 140
      vertex 48.42145790282158 -69.37172471791213 140
    endloop
  endfacet
  facet normal -0.982287250728689 0.18738131458572263 0
    outer loop
      vertex 48.480286753286194 -69.06333308391076 135
      vertex 48.42145790282158 -69.37172471791213 140
      vertex 48.480286753286194 -69.06333308391076 140
    endloop
  endfacet
  facet normal -0.9980267284282714 0.0627905195293152 0
    outer loop
      vertex 48.5 -68.75 135
      vertex 48.480286753286194 -69.06333308391076 140
      vertex 48.5 -68.75 140
    endloop
  endfacet
  facet normal -0.9980267284282714 -0.0627905195293152 0
    outer loop
      vertex 48.480286753286194 -68.43666691608924 135
      vertex 48.5 -68.75 140
      vertex 48.480286753286194 -68.43666691608924 140
    endloop
  endfacet
  facet normal -0.982287250728689 -0.18738131458572263 0
    outer loop
      vertex 48.42145790282158 -68.12827528208787 135
      vertex 48.480286753286194 -68.43666691608924 140
      vertex 48.42145790282158 -68.12827528208787 140
    endloop
  endfacet
  facet normal -0.7705132427757758 -0.6374239897487058 0
    outer loop
      vertex 47.82242156855353 -67.03863223517828 135
      vertex 48.02254248593737 -67.28053686926881 140
      vertex 47.82242156855353 -67.03863223517828 140
    endloop
  endfacet
  facet normal -0.8443279255020203 -0.5358267949789884 0
    outer loop
      vertex 48.02254248593737 -67.28053686926881 135
      vertex 48.19076670010966 -67.54561581474572 140
      vertex 48.02254248593737 -67.28053686926881 140
    endloop
  endfacet
  facet normal -0.9048270524660189 -0.42577929156507394 0
    outer loop
      vertex 48.19076670010966 -67.54561581474572 135
      vertex 48.32444121472063 -67.8296886182883 140
      vertex 48.19076670010966 -67.54561581474572 140
    endloop
  endfacet
  facet normal -0.9510565162951556 -0.30901699437494085 0
    outer loop
      vertex 48.32444121472063 -67.8296886182883 135
      vertex 48.42145790282158 -68.12827528208787 140
      vertex 48.32444121472063 -67.8296886182883 140
    endloop
  endfacet
  facet normal 0.684547105928678 0.7289686274214215 0
    outer loop
      vertex 42.93833176483007 59.874902155099505 138
      vertex 43.322819243055505 59.51384438034169 85
      vertex 42.93833176483007 59.874902155099505 85
    endloop
  endfacet
  facet normal 0.9048270524660192 0.42577929156507344 0
    outer loop
      vertex 42.09493875926935 61.20387687872435 138
      vertex 42.319511943815776 60.726634568772795 85
      vertex 42.09493875926935 61.20387687872435 85
    endloop
  endfacet
  facet normal 0.9822872507286908 0.1873813145857131 0
    outer loop
      vertex 41.833118254479196 62.22360041902992 138
      vertex 41.931950723259746 61.70550247390761 85
      vertex 41.833118254479196 62.22360041902992 85
    endloop
  endfacet
  facet normal 0.9980267284282709 0.0627905195293236 0
    outer loop
      vertex 41.8 62.75 138
      vertex 41.833118254479196 62.22360041902992 85
      vertex 41.8 62.75 85
    endloop
  endfacet
  facet normal 0.95105651629515 0.30901699437495866 0
    outer loop
      vertex 41.931950723259746 61.70550247390761 138
      vertex 42.09493875926935 61.20387687872435 85
      vertex 41.931950723259746 61.70550247390761 85
    endloop
  endfacet
  facet normal 0.9980267284282709 -0.0627905195293236 0
    outer loop
      vertex 41.833118254479196 63.27639958097008 138
      vertex 41.8 62.75 85
      vertex 41.833118254479196 63.27639958097008 85
    endloop
  endfacet
  facet normal 0.9822872507286908 -0.1873813145857131 0
    outer loop
      vertex 41.931950723259746 63.79449752609239 138
      vertex 41.833118254479196 63.27639958097008 85
      vertex 41.931950723259746 63.79449752609239 85
    endloop
  endfacet
  facet normal 0.9510565162951485 -0.30901699437496255 0
    outer loop
      vertex 42.09493875926935 64.29612312127564 138
      vertex 41.931950723259746 63.79449752609239 85
      vertex 42.09493875926935 64.29612312127564 85
    endloop
  endfacet
  facet normal 0.8443279255020185 0.5358267949789912 0
    outer loop
      vertex 42.319511943815776 60.726634568772795 138
      vertex 42.60212862362522 60.28130194037161 85
      vertex 42.319511943815776 60.726634568772795 85
    endloop
  endfacet
  facet normal 0.7705132427757934 0.6374239897486849 0
    outer loop
      vertex 42.60212862362522 60.28130194037161 138
      vertex 42.93833176483007 59.874902155099505 85
      vertex 42.60212862362522 60.28130194037161 85
    endloop
  endfacet
  facet normal 0.9048270524660217 -0.4257792915650683 0
    outer loop
      vertex 42.319511943815776 64.7733654312272 138
      vertex 42.09493875926935 64.29612312127564 85
      vertex 42.319511943815776 64.7733654312272 85
    endloop
  endfacet
  facet normal 0.8443279255020224 -0.535826794978985 0
    outer loop
      vertex 42.60212862362522 65.2186980596284 138
      vertex 42.319511943815776 64.7733654312272 85
      vertex 42.60212862362522 65.2186980596284 85
    endloop
  endfacet
  facet normal 0.7705132427757878 -0.6374239897486914 0
    outer loop
      vertex 42.93833176483007 65.6250978449005 138
      vertex 42.60212862362522 65.2186980596284 85
      vertex 42.93833176483007 65.6250978449005 85
    endloop
  endfacet
  facet normal 0.5877852522924789 0.8090169943749432 0
    outer loop
      vertex 43.322819243055505 59.51384438034169 138
      vertex 43.74952746108821 59.20382271289154 85
      vertex 43.322819243055505 59.51384438034169 85
    endloop
  endfacet
  facet normal 0.48175367410171455 0.8763066800438639 0
    outer loop
      vertex 43.74952746108821 59.20382271289154 138
      vertex 44.21172697542669 58.94972637964272 85
      vertex 43.74952746108821 59.20382271289154 85
    endloop
  endfacet
  facet normal 0.3681245526846836 0.9297764858882491 0
    outer loop
      vertex 44.21172697542669 58.94972637964272 138
      vertex 44.70212862362522 58.75556263156035 85
      vertex 44.21172697542669 58.94972637964272 85
    endloop
  endfacet
  facet normal 0.24868988716484852 0.9685831611286327 0
    outer loop
      vertex 44.70212862362522 58.75556263156035 138
      vertex 45.212998478739955 58.62439354693951 85
      vertex 44.70212862362522 58.75556263156035 85
    endloop
  endfacet
  facet normal 0.6845471059286852 -0.7289686274214149 0
    outer loop
      vertex 43.322819243055505 65.98615561965832 138
      vertex 42.93833176483007 65.6250978449005 85
      vertex 43.322819243055505 65.98615561965832 85
    endloop
  endfacet
  facet normal 0.5877852522924701 -0.8090169943749497 0
    outer loop
      vertex 43.74952746108821 66.29617728710846 138
      vertex 43.322819243055505 65.98615561965832 85
      vertex 43.74952746108821 66.29617728710846 85
    endloop
  endfacet
  facet normal 0.481753674101725 -0.8763066800438583 0
    outer loop
      vertex 44.21172697542669 66.55027362035729 138
      vertex 43.74952746108821 66.29617728710846 85
      vertex 44.21172697542669 66.55027362035729 85
    endloop
  endfacet
  facet normal 0.3681245526846719 -0.9297764858882538 0
    outer loop
      vertex 44.70212862362522 66.74443736843965 138
      vertex 44.21172697542669 66.55027362035729 85
      vertex 44.70212862362522 66.74443736843965 85
    endloop
  endfacet
  facet normal 0.12533323356430826 0.9921147013144773 0
    outer loop
      vertex 45.212998478739955 58.62439354693951 138
      vertex 45.73627981797688 58.55828774060126 85
      vertex 45.212998478739955 58.62439354693951 85
    endloop
  endfacet
  facet normal 0 1 0
    outer loop
      vertex 45.73627981797688 58.55828774060126 138
      vertex 46.26372018202312 58.55828774060126 85
      vertex 45.73627981797688 58.55828774060126 85
    endloop
  endfacet
  facet normal -0.12533323356430826 0.9921147013144773 0
    outer loop
      vertex 46.26372018202312 58.55828774060126 138
      vertex 46.787001521260045 58.62439354693951 85
      vertex 46.26372018202312 58.55828774060126 85
    endloop
  endfacet
  facet normal -0.24868988716484852 0.9685831611286327 0
    outer loop
      vertex 46.787001521260045 58.62439354693951 138
      vertex 47.29787137637478 58.75556263156035 85
      vertex 46.787001521260045 58.62439354693951 85
    endloop
  endfacet
  facet normal -0.3681245526846836 0.9297764858882491 0
    outer loop
      vertex 47.29787137637478 58.75556263156035 138
      vertex 47.78827302457331 58.94972637964272 85
      vertex 47.29787137637478 58.75556263156035 85
    endloop
  endfacet
  facet normal -0.48175367410171455 0.8763066800438639 0
    outer loop
      vertex 47.78827302457331 58.94972637964272 138
      vertex 48.25047253891179 59.20382271289154 85
      vertex 47.78827302457331 58.94972637964272 85
    endloop
  endfacet
  facet normal -0.5877852522924789 0.8090169943749432 0
    outer loop
      vertex 48.25047253891179 59.20382271289154 138
      vertex 48.677180756944495 59.51384438034169 85
      vertex 48.25047253891179 59.20382271289154 85
    endloop
  endfacet
  facet normal 0.24868988716486118 -0.9685831611286295 0
    outer loop
      vertex 45.212998478739955 66.8756064530605 138
      vertex 44.70212862362522 66.74443736843965 85
      vertex 45.212998478739955 66.8756064530605 85
    endloop
  endfacet
  facet normal 0.12533323356429332 -0.9921147013144792 0
    outer loop
      vertex 45.736279817976886 66.94171225939874 138
      vertex 45.212998478739955 66.8756064530605 85
      vertex 45.736279817976886 66.94171225939874 85
    endloop
  endfacet
  facet normal 0 -1 0
    outer loop
      vertex 46.263720182023114 66.94171225939874 138
      vertex 45.736279817976886 66.94171225939874 85
      vertex 46.263720182023114 66.94171225939874 85
    endloop
  endfacet
  facet normal -0.12533323356429332 -0.9921147013144792 0
    outer loop
      vertex 46.787001521260045 66.8756064530605 138
      vertex 46.263720182023114 66.94171225939874 85
      vertex 46.787001521260045 66.8756064530605 85
    endloop
  endfacet
  facet normal -0.24868988716486118 -0.9685831611286295 0
    outer loop
      vertex 47.29787137637478 66.74443736843965 138
      vertex 46.787001521260045 66.8756064530605 85
      vertex 47.29787137637478 66.74443736843965 85
    endloop
  endfacet
  facet normal -0.3681245526846719 -0.9297764858882538 0
    outer loop
      vertex 47.78827302457331 66.55027362035729 138
      vertex 47.29787137637478 66.74443736843965 85
      vertex 47.78827302457331 66.55027362035729 85
    endloop
  endfacet
  facet normal -0.481753674101725 -0.8763066800438583 0
    outer loop
      vertex 48.25047253891179 66.29617728710846 138
      vertex 47.78827302457331 66.55027362035729 85
      vertex 48.25047253891179 66.29617728710846 85
    endloop
  endfacet
  facet normal -0.5877852522924701 -0.8090169943749497 0
    outer loop
      vertex 48.677180756944495 65.98615561965832 138
      vertex 48.25047253891179 66.29617728710846 85
      vertex 48.677180756944495 65.98615561965832 85
    endloop
  endfacet
  facet normal -0.684547105928678 0.7289686274214215 0
    outer loop
      vertex 48.677180756944495 59.51384438034169 138
      vertex 49.06166823516993 59.874902155099505 85
      vertex 48.677180756944495 59.51384438034169 85
    endloop
  endfacet
  facet normal -0.7705132427757934 0.6374239897486849 0
    outer loop
      vertex 49.06166823516993 59.874902155099505 138
      vertex 49.39787137637478 60.28130194037161 85
      vertex 49.06166823516993 59.874902155099505 85
    endloop
  endfacet
  facet normal -0.8443279255020185 0.5358267949789912 0
    outer loop
      vertex 49.39787137637478 60.28130194037161 138
      vertex 49.680488056184224 60.726634568772795 85
      vertex 49.39787137637478 60.28130194037161 85
    endloop
  endfacet
  facet normal -0.6845471059286918 -0.7289686274214084 0
    outer loop
      vertex 49.061668235169925 65.6250978449005 138
      vertex 48.677180756944495 65.98615561965832 85
      vertex 49.061668235169925 65.6250978449005 85
    endloop
  endfacet
  facet normal -0.7705132427757811 -0.6374239897486994 0
    outer loop
      vertex 49.39787137637478 65.2186980596284 138
      vertex 49.061668235169925 65.6250978449005 85
      vertex 49.39787137637478 65.2186980596284 85
    endloop
  endfacet
  facet normal -0.8443279255020224 -0.535826794978985 0
    outer loop
      vertex 49.680488056184224 64.7733654312272 138
      vertex 49.39787137637478 65.2186980596284 85
      vertex 49.680488056184224 64.7733654312272 85
    endloop
  endfacet
  facet normal -0.9048270524660192 0.42577929156507344 0
    outer loop
      vertex 49.680488056184224 60.726634568772795 138
      vertex 49.90506124073065 61.20387687872435 85
      vertex 49.680488056184224 60.726634568772795 85
    endloop
  endfacet
  facet normal -0.9510565162951512 0.30901699437495467 0
    outer loop
      vertex 49.90506124073065 61.20387687872435 138
      vertex 50.068049276740254 61.705502473907615 85
      vertex 49.90506124073065 61.20387687872435 85
    endloop
  endfacet
  facet normal -0.9822872507286903 0.18738131458571558 0
    outer loop
      vertex 50.068049276740254 61.705502473907615 138
      vertex 50.166881745520804 62.22360041902992 85
      vertex 50.068049276740254 61.705502473907615 85
    endloop
  endfacet
  facet normal -0.9980267284282709 0.0627905195293236 0
    outer loop
      vertex 50.166881745520804 62.22360041902992 138
      vertex 50.2 62.75 85
      vertex 50.166881745520804 62.22360041902992 85
    endloop
  endfacet
  facet normal -0.9822872507286908 -0.1873813145857131 0
    outer loop
      vertex 50.166881745520804 63.27639958097008 138
      vertex 50.068049276740254 63.79449752609239 85
      vertex 50.166881745520804 63.27639958097008 85
    endloop
  endfacet
  facet normal -0.9510565162951485 -0.30901699437496255 0
    outer loop
      vertex 50.068049276740254 63.79449752609239 138
      vertex 49.90506124073065 64.29612312127564 85
      vertex 50.068049276740254 63.79449752609239 85
    endloop
  endfacet
  facet normal -0.9048270524660217 -0.4257792915650683 0
    outer loop
      vertex 49.90506124073065 64.29612312127564 138
      vertex 49.680488056184224 64.7733654312272 85
      vertex 49.90506124073065 64.29612312127564 85
    endloop
  endfacet
  facet normal -0.9980267284282709 -0.0627905195293236 0
    outer loop
      vertex 50.2 62.75 138
      vertex 50.166881745520804 63.27639958097008 85
      vertex 50.2 62.75 85
    endloop
  endfacet
  facet normal 0.95105651629515 0.30901699437495866 0
    outer loop
      vertex 41.931950723259746 61.70550247390761 138
      vertex 42.09493875926935 61.20387687872435 138
      vertex 42.09493875926935 61.20387687872435 85
    endloop
  endfacet
  facet normal 0.9822872507286908 0.1873813145857131 0
    outer loop
      vertex 41.931950723259746 61.70550247390761 138
      vertex 41.931950723259746 61.70550247390761 85
      vertex 41.833118254479196 62.22360041902992 138
    endloop
  endfacet
  facet normal 0.9980267284282709 0.0627905195293236 0
    outer loop
      vertex 41.833118254479196 62.22360041902992 138
      vertex 41.833118254479196 62.22360041902992 85
      vertex 41.8 62.75 138
    endloop
  endfacet
  facet normal 0.9980267284282709 -0.0627905195293236 0
    outer loop
      vertex 41.8 62.75 138
      vertex 41.8 62.75 85
      vertex 41.833118254479196 63.27639958097008 138
    endloop
  endfacet
  facet normal 0.9822872507286908 -0.1873813145857131 0
    outer loop
      vertex 41.833118254479196 63.27639958097008 138
      vertex 41.833118254479196 63.27639958097008 85
      vertex 41.931950723259746 63.79449752609239 138
    endloop
  endfacet
  facet normal 0.9510565162951485 -0.30901699437496255 0
    outer loop
      vertex 41.931950723259746 63.79449752609239 138
      vertex 41.931950723259746 63.79449752609239 85
      vertex 42.09493875926935 64.29612312127564 138
    endloop
  endfacet
  facet normal 0.9048270524660217 -0.4257792915650683 0
    outer loop
      vertex 42.09493875926935 64.29612312127564 138
      vertex 42.09493875926935 64.29612312127564 85
      vertex 42.319511943815776 64.7733654312272 138
    endloop
  endfacet
  facet normal 0.9048270524660192 0.42577929156507344 0
    outer loop
      vertex 42.09493875926935 61.20387687872435 138
      vertex 42.319511943815776 60.726634568772795 138
      vertex 42.319511943815776 60.726634568772795 85
    endloop
  endfacet
  facet normal 0.8443279255020185 0.5358267949789912 0
    outer loop
      vertex 42.319511943815776 60.726634568772795 138
      vertex 42.60212862362522 60.28130194037161 138
      vertex 42.60212862362522 60.28130194037161 85
    endloop
  endfacet
  facet normal 0.7705132427757934 0.6374239897486849 0
    outer loop
      vertex 42.60212862362522 60.28130194037161 138
      vertex 42.93833176483007 59.874902155099505 138
      vertex 42.93833176483007 59.874902155099505 85
    endloop
  endfacet
  facet normal 0.8443279255020224 -0.535826794978985 0
    outer loop
      vertex 42.319511943815776 64.7733654312272 138
      vertex 42.319511943815776 64.7733654312272 85
      vertex 42.60212862362522 65.2186980596284 138
    endloop
  endfacet
  facet normal 0.7705132427757878 -0.6374239897486914 0
    outer loop
      vertex 42.60212862362522 65.2186980596284 138
      vertex 42.60212862362522 65.2186980596284 85
      vertex 42.93833176483007 65.6250978449005 138
    endloop
  endfacet
  facet normal 0.6845471059286852 -0.7289686274214149 0
    outer loop
      vertex 42.93833176483007 65.6250978449005 138
      vertex 42.93833176483007 65.6250978449005 85
      vertex 43.322819243055505 65.98615561965832 138
    endloop
  endfacet
  facet normal 0.684547105928678 0.7289686274214215 0
    outer loop
      vertex 43.322819243055505 59.51384438034169 138
      vertex 43.322819243055505 59.51384438034169 85
      vertex 42.93833176483007 59.874902155099505 138
    endloop
  endfacet
  facet normal 0.5877852522924789 0.8090169943749432 0
    outer loop
      vertex 43.322819243055505 59.51384438034169 138
      vertex 43.74952746108821 59.20382271289154 138
      vertex 43.74952746108821 59.20382271289154 85
    endloop
  endfacet
  facet normal 0.48175367410171455 0.8763066800438639 0
    outer loop
      vertex 43.74952746108821 59.20382271289154 138
      vertex 44.21172697542669 58.94972637964272 138
      vertex 44.21172697542669 58.94972637964272 85
    endloop
  endfacet
  facet normal 0.3681245526846836 0.9297764858882491 0
    outer loop
      vertex 44.21172697542669 58.94972637964272 138
      vertex 44.70212862362522 58.75556263156035 138
      vertex 44.70212862362522 58.75556263156035 85
    endloop
  endfacet
  facet normal 0.5877852522924701 -0.8090169943749497 0
    outer loop
      vertex 43.322819243055505 65.98615561965832 138
      vertex 43.322819243055505 65.98615561965832 85
      vertex 43.74952746108821 66.29617728710846 138
    endloop
  endfacet
  facet normal 0.481753674101725 -0.8763066800438583 0
    outer loop
      vertex 43.74952746108821 66.29617728710846 138
      vertex 43.74952746108821 66.29617728710846 85
      vertex 44.21172697542669 66.55027362035729 138
    endloop
  endfacet
  facet normal 0.3681245526846719 -0.9297764858882538 0
    outer loop
      vertex 44.21172697542669 66.55027362035729 138
      vertex 44.21172697542669 66.55027362035729 85
      vertex 44.70212862362522 66.74443736843965 138
    endloop
  endfacet
  facet normal 0.24868988716486118 -0.9685831611286295 0
    outer loop
      vertex 44.70212862362522 66.74443736843965 138
      vertex 44.70212862362522 66.74443736843965 85
      vertex 45.212998478739955 66.8756064530605 138
    endloop
  endfacet
  facet normal 0.24868988716484852 0.9685831611286327 0
    outer loop
      vertex 44.70212862362522 58.75556263156035 138
      vertex 45.212998478739955 58.62439354693951 138
      vertex 45.212998478739955 58.62439354693951 85
    endloop
  endfacet
  facet normal 0.12533323356430826 0.9921147013144773 0
    outer loop
      vertex 45.212998478739955 58.62439354693951 138
      vertex 45.73627981797688 58.55828774060126 138
      vertex 45.73627981797688 58.55828774060126 85
    endloop
  endfacet
  facet normal 0 1 0
    outer loop
      vertex 45.73627981797688 58.55828774060126 138
      vertex 46.26372018202312 58.55828774060126 138
      vertex 46.26372018202312 58.55828774060126 85
    endloop
  endfacet
  facet normal -0.12533323356430826 0.9921147013144773 0
    outer loop
      vertex 46.26372018202312 58.55828774060126 138
      vertex 46.787001521260045 58.62439354693951 138
      vertex 46.787001521260045 58.62439354693951 85
    endloop
  endfacet
  facet normal -0.24868988716484852 0.9685831611286327 0
    outer loop
      vertex 46.787001521260045 58.62439354693951 138
      vertex 47.29787137637478 58.75556263156035 138
      vertex 47.29787137637478 58.75556263156035 85
    endloop
  endfacet
  facet normal -0.3681245526846836 0.9297764858882491 0
    outer loop
      vertex 47.29787137637478 58.75556263156035 138
      vertex 47.78827302457331 58.94972637964272 138
      vertex 47.78827302457331 58.94972637964272 85
    endloop
  endfacet
  facet normal -0.48175367410171455 0.8763066800438639 0
    outer loop
      vertex 47.78827302457331 58.94972637964272 138
      vertex 48.25047253891179 59.20382271289154 138
      vertex 48.25047253891179 59.20382271289154 85
    endloop
  endfacet
  facet normal -0.5877852522924789 0.8090169943749432 0
    outer loop
      vertex 48.25047253891179 59.20382271289154 138
      vertex 48.677180756944495 59.51384438034169 138
      vertex 48.677180756944495 59.51384438034169 85
    endloop
  endfacet
  facet normal 0.12533323356429332 -0.9921147013144792 0
    outer loop
      vertex 45.212998478739955 66.8756064530605 138
      vertex 45.212998478739955 66.8756064530605 85
      vertex 45.736279817976886 66.94171225939874 138
    endloop
  endfacet
  facet normal 0 -1 0
    outer loop
      vertex 45.736279817976886 66.94171225939874 138
      vertex 45.736279817976886 66.94171225939874 85
      vertex 46.263720182023114 66.94171225939874 138
    endloop
  endfacet
  facet normal -0.12533323356429332 -0.9921147013144792 0
    outer loop
      vertex 46.263720182023114 66.94171225939874 138
      vertex 46.263720182023114 66.94171225939874 85
      vertex 46.787001521260045 66.8756064530605 138
    endloop
  endfacet
  facet normal -0.24868988716486118 -0.9685831611286295 0
    outer loop
      vertex 46.787001521260045 66.8756064530605 138
      vertex 46.787001521260045 66.8756064530605 85
      vertex 47.29787137637478 66.74443736843965 138
    endloop
  endfacet
  facet normal -0.3681245526846719 -0.9297764858882538 0
    outer loop
      vertex 47.29787137637478 66.74443736843965 138
      vertex 47.29787137637478 66.74443736843965 85
      vertex 47.78827302457331 66.55027362035729 138
    endloop
  endfacet
  facet normal -0.481753674101725 -0.8763066800438583 0
    outer loop
      vertex 47.78827302457331 66.55027362035729 138
      vertex 47.78827302457331 66.55027362035729 85
      vertex 48.25047253891179 66.29617728710846 138
    endloop
  endfacet
  facet normal -0.5877852522924701 -0.8090169943749497 0
    outer loop
      vertex 48.25047253891179 66.29617728710846 138
      vertex 48.25047253891179 66.29617728710846 85
      vertex 48.677180756944495 65.98615561965832 138
    endloop
  endfacet
  facet normal -0.684547105928678 0.7289686274214215 0
    outer loop
      vertex 48.677180756944495 59.51384438034169 138
      vertex 49.06166823516993 59.874902155099505 138
      vertex 49.06166823516993 59.874902155099505 85
    endloop
  endfacet
  facet normal -0.7705132427757934 0.6374239897486849 0
    outer loop
      vertex 49.06166823516993 59.874902155099505 138
      vertex 49.39787137637478 60.28130194037161 138
      vertex 49.39787137637478 60.28130194037161 85
    endloop
  endfacet
  facet normal -0.8443279255020185 0.5358267949789912 0
    outer loop
      vertex 49.39787137637478 60.28130194037161 138
      vertex 49.680488056184224 60.726634568772795 138
      vertex 49.680488056184224 60.726634568772795 85
    endloop
  endfacet
  facet normal -0.7705132427757811 -0.6374239897486994 0
    outer loop
      vertex 49.39787137637478 65.2186980596284 138
      vertex 49.061668235169925 65.6250978449005 138
      vertex 49.061668235169925 65.6250978449005 85
    endloop
  endfacet
  facet normal -0.8443279255020224 -0.535826794978985 0
    outer loop
      vertex 49.39787137637478 65.2186980596284 138
      vertex 49.39787137637478 65.2186980596284 85
      vertex 49.680488056184224 64.7733654312272 138
    endloop
  endfacet
  facet normal -0.9048270524660192 0.42577929156507344 0
    outer loop
      vertex 49.680488056184224 60.726634568772795 138
      vertex 49.90506124073065 61.20387687872435 138
      vertex 49.90506124073065 61.20387687872435 85
    endloop
  endfacet
  facet normal -0.9510565162951512 0.30901699437495467 0
    outer loop
      vertex 49.90506124073065 61.20387687872435 138
      vertex 50.068049276740254 61.705502473907615 138
      vertex 50.068049276740254 61.705502473907615 85
    endloop
  endfacet
  facet normal -0.9822872507286903 0.18738131458571558 0
    outer loop
      vertex 50.068049276740254 61.705502473907615 138
      vertex 50.166881745520804 62.22360041902992 138
      vertex 50.166881745520804 62.22360041902992 85
    endloop
  endfacet
  facet normal -0.9980267284282709 0.0627905195293236 0
    outer loop
      vertex 50.166881745520804 62.22360041902992 138
      vertex 50.2 62.75 138
      vertex 50.2 62.75 85
    endloop
  endfacet
  facet normal -0.9510565162951485 -0.30901699437496255 0
    outer loop
      vertex 50.068049276740254 63.79449752609239 138
      vertex 49.90506124073065 64.29612312127564 138
      vertex 49.90506124073065 64.29612312127564 85
    endloop
  endfacet
  facet normal -0.9822872507286908 -0.1873813145857131 0
    outer loop
      vertex 50.068049276740254 63.79449752609239 138
      vertex 50.068049276740254 63.79449752609239 85
      vertex 50.166881745520804 63.27639958097008 138
    endloop
  endfacet
  facet normal -0.9048270524660217 -0.4257792915650683 0
    outer loop
      vertex 49.680488056184224 64.7733654312272 138
      vertex 49.680488056184224 64.7733654312272 85
      vertex 49.90506124073065 64.29612312127564 138
    endloop
  endfacet
  facet normal -0.9980267284282709 -0.0627905195293236 0
    outer loop
      vertex 50.2 62.75 138
      vertex 50.166881745520804 63.27639958097008 138
      vertex 50.166881745520804 63.27639958097008 85
    endloop
  endfacet
  facet normal -0.6845471059286918 -0.7289686274214084 0
    outer loop
      vertex 48.677180756944495 65.98615561965832 138
      vertex 48.677180756944495 65.98615561965832 85
      vertex 49.061668235169925 65.6250978449005 138
    endloop
  endfacet
  facet normal 0.6845471059286831 0.7289686274214168 0
    outer loop
      vertex 10.938331764830071 59.874902155099505 138
      vertex 11.322819243055504 59.51384438034169 85
      vertex 10.938331764830071 59.874902155099505 85
    endloop
  endfacet
  facet normal 0.9980267284282718 0.06279051952931018 0
    outer loop
      vertex 9.8 62.75 138
      vertex 9.833118254479192 62.22360041902992 85
      vertex 9.8 62.75 85
    endloop
  endfacet
  facet normal 0.9048270524660192 0.42577929156507344 0
    outer loop
      vertex 10.094938759269343 61.20387687872435 138
      vertex 10.319511943815773 60.726634568772795 85
      vertex 10.094938759269343 61.20387687872435 85
    endloop
  endfacet
  facet normal 0.9822872507286884 0.18738131458572613 0
    outer loop
      vertex 9.833118254479192 62.22360041902992 138
      vertex 9.93195072325975 61.70550247390761 85
      vertex 9.833118254479192 62.22360041902992 85
    endloop
  endfacet
  facet normal 0.9510565162951539 0.30901699437494645 0
    outer loop
      vertex 9.93195072325975 61.70550247390761 138
      vertex 10.094938759269343 61.20387687872435 85
      vertex 9.93195072325975 61.70550247390761 85
    endloop
  endfacet
  facet normal 0.9980267284282718 -0.06279051952931018 0
    outer loop
      vertex 9.833118254479192 63.27639958097008 138
      vertex 9.8 62.75 85
      vertex 9.833118254479192 63.27639958097008 85
    endloop
  endfacet
  facet normal 0.9822872507286884 -0.18738131458572613 0
    outer loop
      vertex 9.93195072325975 63.79449752609239 138
      vertex 9.833118254479192 63.27639958097008 85
      vertex 9.93195072325975 63.79449752609239 85
    endloop
  endfacet
  facet normal 0.9510565162951525 -0.3090169943749504 0
    outer loop
      vertex 10.094938759269343 64.29612312127564 138
      vertex 9.93195072325975 63.79449752609239 85
      vertex 10.094938759269343 64.29612312127564 85
    endloop
  endfacet
  facet normal 0.9048270524660217 -0.4257792915650683 0
    outer loop
      vertex 10.319511943815773 64.7733654312272 138
      vertex 10.094938759269343 64.29612312127564 85
      vertex 10.319511943815773 64.7733654312272 85
    endloop
  endfacet
  facet normal 0.8443279255020154 0.5358267949789959 0
    outer loop
      vertex 10.319511943815773 60.726634568772795 138
      vertex 10.60212862362522 60.28130194037161 85
      vertex 10.319511943815773 60.726634568772795 85
    endloop
  endfacet
  facet normal 0.7705132427757899 0.6374239897486887 0
    outer loop
      vertex 10.60212862362522 60.28130194037161 138
      vertex 10.938331764830071 59.874902155099505 85
      vertex 10.60212862362522 60.28130194037161 85
    endloop
  endfacet
  facet normal 0.8443279255020194 -0.5358267949789899 0
    outer loop
      vertex 10.60212862362522 65.2186980596284 138
      vertex 10.319511943815773 64.7733654312272 85
      vertex 10.60212862362522 65.2186980596284 85
    endloop
  endfacet
  facet normal 0.7705132427757846 -0.6374239897486954 0
    outer loop
      vertex 10.938331764830071 65.6250978449005 138
      vertex 10.60212862362522 65.2186980596284 85
      vertex 10.938331764830071 65.6250978449005 85
    endloop
  endfacet
  facet normal 0.6845471059286902 -0.7289686274214101 0
    outer loop
      vertex 11.322819243055504 65.98615561965832 138
      vertex 10.938331764830071 65.6250978449005 85
      vertex 11.322819243055504 65.98615561965832 85
    endloop
  endfacet
  facet normal 0.5877852522924774 0.8090169943749445 0
    outer loop
      vertex 11.322819243055504 59.51384438034169 138
      vertex 11.749527461088213 59.20382271289154 85
      vertex 11.322819243055504 59.51384438034169 85
    endloop
  endfacet
  facet normal 0.48175367410171177 0.8763066800438655 0
    outer loop
      vertex 11.749527461088213 59.20382271289154 138
      vertex 12.211726975426696 58.94972637964272 85
      vertex 11.749527461088213 59.20382271289154 85
    endloop
  endfacet
  facet normal 0.36812455268468586 0.9297764858882482 0
    outer loop
      vertex 12.211726975426696 58.94972637964272 138
      vertex 12.70212862362522 58.75556263156035 85
      vertex 12.211726975426696 58.94972637964272 85
    endloop
  endfacet
  facet normal 0.24868988716484852 0.9685831611286327 0
    outer loop
      vertex 12.70212862362522 58.75556263156035 138
      vertex 13.212998478739955 58.62439354693951 85
      vertex 12.70212862362522 58.75556263156035 85
    endloop
  endfacet
  facet normal 0.1253332335643074 0.9921147013144773 0
    outer loop
      vertex 13.212998478739955 58.62439354693951 138
      vertex 13.736279817976882 58.55828774060126 85
      vertex 13.212998478739955 58.62439354693951 85
    endloop
  endfacet
  facet normal 0 1 0
    outer loop
      vertex 13.73627981797688 58.55828774060126 138
      vertex 14.263720182023118 58.55828774060126 85
      vertex 13.736279817976882 58.55828774060126 85
    endloop
  endfacet
  facet normal -0.1253332335643074 0.9921147013144773 0
    outer loop
      vertex 14.263720182023118 58.55828774060126 138
      vertex 14.787001521260045 58.62439354693951 85
      vertex 14.263720182023118 58.55828774060126 85
    endloop
  endfacet
  facet normal -0.24868988716484852 0.9685831611286327 0
    outer loop
      vertex 14.787001521260045 58.62439354693951 138
      vertex 15.29787137637478 58.75556263156035 85
      vertex 14.787001521260045 58.62439354693951 85
    endloop
  endfacet
  facet normal 0.5877852522924685 -0.8090169943749507 0
    outer loop
      vertex 11.749527461088213 66.29617728710846 138
      vertex 11.322819243055504 65.98615561965832 85
      vertex 11.749527461088213 66.29617728710846 85
    endloop
  endfacet
  facet normal 0.4817536741017236 -0.876306680043859 0
    outer loop
      vertex 12.211726975426695 66.55027362035729 138
      vertex 11.749527461088213 66.29617728710846 85
      vertex 12.211726975426695 66.55027362035729 85
    endloop
  endfacet
  facet normal 0.36812455268467303 -0.9297764858882533 0
    outer loop
      vertex 12.70212862362522 66.74443736843965 138
      vertex 12.211726975426695 66.55027362035729 85
      vertex 12.70212862362522 66.74443736843965 85
    endloop
  endfacet
  facet normal 0.2486898871648604 -0.9685831611286297 0
    outer loop
      vertex 13.212998478739957 66.8756064530605 138
      vertex 12.70212862362522 66.74443736843965 85
      vertex 13.212998478739957 66.8756064530605 85
    endloop
  endfacet
  facet normal 0.12533323356429416 -0.9921147013144791 0
    outer loop
      vertex 13.736279817976884 66.94171225939874 138
      vertex 13.212998478739957 66.8756064530605 85
      vertex 13.736279817976884 66.94171225939874 85
    endloop
  endfacet
  facet normal 0 -1 0
    outer loop
      vertex 14.263720182023116 66.94171225939874 138
      vertex 13.736279817976884 66.94171225939874 85
      vertex 14.263720182023116 66.94171225939874 85
    endloop
  endfacet
  facet normal -0.12533323356429416 -0.9921147013144791 0
    outer loop
      vertex 14.787001521260043 66.8756064530605 138
      vertex 14.263720182023116 66.94171225939874 85
      vertex 14.787001521260043 66.8756064530605 85
    endloop
  endfacet
  facet normal -0.36812455268468586 0.9297764858882482 0
    outer loop
      vertex 15.29787137637478 58.75556263156035 138
      vertex 15.788273024573304 58.94972637964272 85
      vertex 15.29787137637478 58.75556263156035 85
    endloop
  endfacet
  facet normal -0.48175367410171455 0.8763066800438639 0
    outer loop
      vertex 15.788273024573304 58.94972637964272 138
      vertex 16.250472538911783 59.20382271289154 85
      vertex 15.788273024573304 58.94972637964272 85
    endloop
  endfacet
  facet normal -0.5877852522924725 0.8090169943749478 0
    outer loop
      vertex 16.250472538911783 59.20382271289154 138
      vertex 16.677180756944498 59.51384438034169 85
      vertex 16.250472538911783 59.20382271289154 85
    endloop
  endfacet
  facet normal -0.6845471059286847 0.7289686274214153 0
    outer loop
      vertex 16.677180756944498 59.51384438034169 138
      vertex 17.06166823516993 59.874902155099505 85
      vertex 16.677180756944498 59.51384438034169 85
    endloop
  endfacet
  facet normal -0.7705132427757899 0.6374239897486887 0
    outer loop
      vertex 17.06166823516993 59.874902155099505 138
      vertex 17.39787137637478 60.28130194037161 85
      vertex 17.06166823516993 59.874902155099505 85
    endloop
  endfacet
  facet normal -0.8443279255020154 0.5358267949789959 0
    outer loop
      vertex 17.39787137637478 60.28130194037161 138
      vertex 17.680488056184227 60.726634568772795 85
      vertex 17.39787137637478 60.28130194037161 85
    endloop
  endfacet
  facet normal -0.9048270524660192 0.42577929156507344 0
    outer loop
      vertex 17.680488056184227 60.726634568772795 138
      vertex 17.905061240730657 61.20387687872435 85
      vertex 17.680488056184227 60.726634568772795 85
    endloop
  endfacet
  facet normal -0.6845471059286918 -0.7289686274214084 0
    outer loop
      vertex 17.06166823516993 65.6250978449005 138
      vertex 16.677180756944498 65.98615561965832 85
      vertex 17.06166823516993 65.6250978449005 85
    endloop
  endfacet
  facet normal -0.7705132427757846 -0.6374239897486954 0
    outer loop
      vertex 17.39787137637478 65.2186980596284 138
      vertex 17.06166823516993 65.6250978449005 85
      vertex 17.39787137637478 65.2186980596284 85
    endloop
  endfacet
  facet normal -0.8443279255020194 -0.5358267949789899 0
    outer loop
      vertex 17.680488056184227 64.7733654312272 138
      vertex 17.39787137637478 65.2186980596284 85
      vertex 17.680488056184227 64.7733654312272 85
    endloop
  endfacet
  facet normal -0.9510565162951552 0.3090169943749425 0
    outer loop
      vertex 17.905061240730657 61.20387687872435 138
      vertex 18.06804927674025 61.705502473907615 85
      vertex 17.905061240730657 61.20387687872435 85
    endloop
  endfacet
  facet normal -0.9822872507286879 0.1873813145857286 0
    outer loop
      vertex 18.06804927674025 61.705502473907615 138
      vertex 18.166881745520808 62.22360041902992 85
      vertex 18.06804927674025 61.705502473907615 85
    endloop
  endfacet
  facet normal -0.9980267284282718 0.06279051952931018 0
    outer loop
      vertex 18.166881745520808 62.22360041902992 138
      vertex 18.2 62.75 85
      vertex 18.166881745520808 62.22360041902992 85
    endloop
  endfacet
  facet normal -0.9510565162951525 -0.3090169943749504 0
    outer loop
      vertex 18.06804927674025 63.79449752609239 138
      vertex 17.905061240730657 64.29612312127564 85
      vertex 18.06804927674025 63.79449752609239 85
    endloop
  endfacet
  facet normal -0.9822872507286884 -0.18738131458572613 0
    outer loop
      vertex 18.166881745520808 63.27639958097008 138
      vertex 18.06804927674025 63.79449752609239 85
      vertex 18.166881745520808 63.27639958097008 85
    endloop
  endfacet
  facet normal -0.9980267284282718 -0.06279051952931018 0
    outer loop
      vertex 18.2 62.75 138
      vertex 18.166881745520808 63.27639958097008 85
      vertex 18.2 62.75 85
    endloop
  endfacet
  facet normal -0.9048270524660217 -0.4257792915650683 0
    outer loop
      vertex 17.905061240730657 64.29612312127564 138
      vertex 17.680488056184227 64.7733654312272 85
      vertex 17.905061240730657 64.29612312127564 85
    endloop
  endfacet
  facet normal -0.2486898871648604 -0.9685831611286297 0
    outer loop
      vertex 15.29787137637478 66.74443736843965 138
      vertex 14.787001521260043 66.8756064530605 85
      vertex 15.29787137637478 66.74443736843965 85
    endloop
  endfacet
  facet normal -0.36812455268467303 -0.9297764858882533 0
    outer loop
      vertex 15.788273024573305 66.55027362035729 138
      vertex 15.29787137637478 66.74443736843965 85
      vertex 15.788273024573305 66.55027362035729 85
    endloop
  endfacet
  facet normal -0.4817536741017236 -0.876306680043859 0
    outer loop
      vertex 16.250472538911787 66.29617728710846 138
      vertex 15.788273024573305 66.55027362035729 85
      vertex 16.250472538911787 66.29617728710846 85
    endloop
  endfacet
  facet normal -0.5877852522924669 -0.809016994374952 0
    outer loop
      vertex 16.677180756944498 65.98615561965832 138
      vertex 16.250472538911787 66.29617728710846 85
      vertex 16.677180756944498 65.98615561965832 85
    endloop
  endfacet
  facet normal 0.6845471059286831 0.7289686274214168 0
    outer loop
      vertex 10.938331764830071 59.874902155099505 138
      vertex 11.322819243055504 59.51384438034169 138
      vertex 11.322819243055504 59.51384438034169 85
    endloop
  endfacet
  facet normal 0.9980267284282718 0.06279051952931018 0
    outer loop
      vertex 9.833118254479192 62.22360041902992 138
      vertex 9.833118254479192 62.22360041902992 85
      vertex 9.8 62.75 138
    endloop
  endfacet
  facet normal 0.9510565162951539 0.30901699437494645 0
    outer loop
      vertex 9.93195072325975 61.70550247390761 138
      vertex 10.094938759269343 61.20387687872435 138
      vertex 10.094938759269343 61.20387687872435 85
    endloop
  endfacet
  facet normal 0.9048270524660192 0.42577929156507344 0
    outer loop
      vertex 10.094938759269343 61.20387687872435 138
      vertex 10.319511943815773 60.726634568772795 138
      vertex 10.319511943815773 60.726634568772795 85
    endloop
  endfacet
  facet normal 0.9822872507286884 0.18738131458572613 0
    outer loop
      vertex 9.833118254479192 62.22360041902992 138
      vertex 9.93195072325975 61.70550247390761 138
      vertex 9.93195072325975 61.70550247390761 85
    endloop
  endfacet
  facet normal 0.9980267284282718 -0.06279051952931018 0
    outer loop
      vertex 9.8 62.75 138
      vertex 9.8 62.75 85
      vertex 9.833118254479192 63.27639958097008 138
    endloop
  endfacet
  facet normal 0.9822872507286884 -0.18738131458572613 0
    outer loop
      vertex 9.833118254479192 63.27639958097008 138
      vertex 9.833118254479192 63.27639958097008 85
      vertex 9.93195072325975 63.79449752609239 138
    endloop
  endfacet
  facet normal 0.9510565162951525 -0.3090169943749504 0
    outer loop
      vertex 9.93195072325975 63.79449752609239 138
      vertex 9.93195072325975 63.79449752609239 85
      vertex 10.094938759269343 64.29612312127564 138
    endloop
  endfacet
  facet normal 0.9048270524660217 -0.4257792915650683 0
    outer loop
      vertex 10.094938759269343 64.29612312127564 138
      vertex 10.094938759269343 64.29612312127564 85
      vertex 10.319511943815773 64.7733654312272 138
    endloop
  endfacet
  facet normal 0.8443279255020154 0.5358267949789959 0
    outer loop
      vertex 10.319511943815773 60.726634568772795 138
      vertex 10.60212862362522 60.28130194037161 138
      vertex 10.60212862362522 60.28130194037161 85
    endloop
  endfacet
  facet normal 0.7705132427757899 0.6374239897486887 0
    outer loop
      vertex 10.60212862362522 60.28130194037161 138
      vertex 10.938331764830071 59.874902155099505 138
      vertex 10.938331764830071 59.874902155099505 85
    endloop
  endfacet
  facet normal 0.8443279255020194 -0.5358267949789899 0
    outer loop
      vertex 10.319511943815773 64.7733654312272 138
      vertex 10.319511943815773 64.7733654312272 85
      vertex 10.60212862362522 65.2186980596284 138
    endloop
  endfacet
  facet normal 0.7705132427757846 -0.6374239897486954 0
    outer loop
      vertex 10.60212862362522 65.2186980596284 138
      vertex 10.60212862362522 65.2186980596284 85
      vertex 10.938331764830071 65.6250978449005 138
    endloop
  endfacet
  facet normal 0.6845471059286902 -0.7289686274214101 0
    outer loop
      vertex 10.938331764830071 65.6250978449005 138
      vertex 10.938331764830071 65.6250978449005 85
      vertex 11.322819243055504 65.98615561965832 138
    endloop
  endfacet
  facet normal 0.5877852522924774 0.8090169943749445 0
    outer loop
      vertex 11.322819243055504 59.51384438034169 138
      vertex 11.749527461088213 59.20382271289154 138
      vertex 11.749527461088213 59.20382271289154 85
    endloop
  endfacet
  facet normal 0.48175367410171177 0.8763066800438655 0
    outer loop
      vertex 11.749527461088213 59.20382271289154 138
      vertex 12.211726975426696 58.94972637964272 138
      vertex 12.211726975426696 58.94972637964272 85
    endloop
  endfacet
  facet normal 0.36812455268468586 0.9297764858882482 0
    outer loop
      vertex 12.211726975426696 58.94972637964272 138
      vertex 12.70212862362522 58.75556263156035 138
      vertex 12.70212862362522 58.75556263156035 85
    endloop
  endfacet
  facet normal 0.24868988716484852 0.9685831611286327 0
    outer loop
      vertex 12.70212862362522 58.75556263156035 138
      vertex 13.212998478739955 58.62439354693951 138
      vertex 13.212998478739955 58.62439354693951 85
    endloop
  endfacet
  facet normal 0.12533323356430784 0.9921147013144773 4.219781234101343e-18
    outer loop
      vertex 13.212998478739955 58.62439354693951 138
      vertex 13.73627981797688 58.55828774060126 138
      vertex 13.736279817976882 58.55828774060126 85
    endloop
  endfacet
  facet normal 0 1 0
    outer loop
      vertex 13.73627981797688 58.55828774060126 138
      vertex 14.263720182023118 58.55828774060126 138
      vertex 14.263720182023118 58.55828774060126 85
    endloop
  endfacet
  facet normal -0.1253332335643074 0.9921147013144773 0
    outer loop
      vertex 14.263720182023118 58.55828774060126 138
      vertex 14.787001521260045 58.62439354693951 138
      vertex 14.787001521260045 58.62439354693951 85
    endloop
  endfacet
  facet normal 0.5877852522924685 -0.8090169943749507 0
    outer loop
      vertex 11.322819243055504 65.98615561965832 138
      vertex 11.322819243055504 65.98615561965832 85
      vertex 11.749527461088213 66.29617728710846 138
    endloop
  endfacet
  facet normal 0.4817536741017236 -0.876306680043859 0
    outer loop
      vertex 11.749527461088213 66.29617728710846 138
      vertex 11.749527461088213 66.29617728710846 85
      vertex 12.211726975426695 66.55027362035729 138
    endloop
  endfacet
  facet normal 0.36812455268467303 -0.9297764858882533 0
    outer loop
      vertex 12.211726975426695 66.55027362035729 138
      vertex 12.211726975426695 66.55027362035729 85
      vertex 12.70212862362522 66.74443736843965 138
    endloop
  endfacet
  facet normal 0.2486898871648604 -0.9685831611286297 0
    outer loop
      vertex 12.70212862362522 66.74443736843965 138
      vertex 12.70212862362522 66.74443736843965 85
      vertex 13.212998478739957 66.8756064530605 138
    endloop
  endfacet
  facet normal 0.12533323356429416 -0.9921147013144791 0
    outer loop
      vertex 13.212998478739957 66.8756064530605 138
      vertex 13.212998478739957 66.8756064530605 85
      vertex 13.736279817976884 66.94171225939874 138
    endloop
  endfacet
  facet normal 0 -1 0
    outer loop
      vertex 13.736279817976884 66.94171225939874 138
      vertex 13.736279817976884 66.94171225939874 85
      vertex 14.263720182023116 66.94171225939874 138
    endloop
  endfacet
  facet normal -0.12533323356429416 -0.9921147013144791 0
    outer loop
      vertex 14.263720182023116 66.94171225939874 138
      vertex 14.263720182023116 66.94171225939874 85
      vertex 14.787001521260043 66.8756064530605 138
    endloop
  endfacet
  facet normal -0.2486898871648604 -0.9685831611286297 0
    outer loop
      vertex 14.787001521260043 66.8756064530605 138
      vertex 14.787001521260043 66.8756064530605 85
      vertex 15.29787137637478 66.74443736843965 138
    endloop
  endfacet
  facet normal -0.24868988716484852 0.9685831611286327 0
    outer loop
      vertex 14.787001521260045 58.62439354693951 138
      vertex 15.29787137637478 58.75556263156035 138
      vertex 15.29787137637478 58.75556263156035 85
    endloop
  endfacet
  facet normal -0.36812455268468586 0.9297764858882482 0
    outer loop
      vertex 15.29787137637478 58.75556263156035 138
      vertex 15.788273024573304 58.94972637964272 138
      vertex 15.788273024573304 58.94972637964272 85
    endloop
  endfacet
  facet normal -0.48175367410171455 0.8763066800438639 0
    outer loop
      vertex 15.788273024573304 58.94972637964272 138
      vertex 16.250472538911783 59.20382271289154 138
      vertex 16.250472538911783 59.20382271289154 85
    endloop
  endfacet
  facet normal -0.5877852522924725 0.8090169943749478 0
    outer loop
      vertex 16.250472538911783 59.20382271289154 138
      vertex 16.677180756944498 59.51384438034169 138
      vertex 16.677180756944498 59.51384438034169 85
    endloop
  endfacet
  facet normal -0.6845471059286847 0.7289686274214153 0
    outer loop
      vertex 16.677180756944498 59.51384438034169 138
      vertex 17.06166823516993 59.874902155099505 138
      vertex 17.06166823516993 59.874902155099505 85
    endloop
  endfacet
  facet normal -0.7705132427757899 0.6374239897486887 0
    outer loop
      vertex 17.06166823516993 59.874902155099505 138
      vertex 17.39787137637478 60.28130194037161 138
      vertex 17.39787137637478 60.28130194037161 85
    endloop
  endfacet
  facet normal -0.8443279255020154 0.5358267949789959 0
    outer loop
      vertex 17.39787137637478 60.28130194037161 138
      vertex 17.680488056184227 60.726634568772795 138
      vertex 17.680488056184227 60.726634568772795 85
    endloop
  endfacet
  facet normal -0.7705132427757846 -0.6374239897486954 0
    outer loop
      vertex 17.39787137637478 65.2186980596284 138
      vertex 17.06166823516993 65.6250978449005 138
      vertex 17.06166823516993 65.6250978449005 85
    endloop
  endfacet
  facet normal -0.8443279255020194 -0.5358267949789899 0
    outer loop
      vertex 17.39787137637478 65.2186980596284 138
      vertex 17.39787137637478 65.2186980596284 85
      vertex 17.680488056184227 64.7733654312272 138
    endloop
  endfacet
  facet normal -0.9048270524660217 -0.4257792915650683 0
    outer loop
      vertex 17.680488056184227 64.7733654312272 138
      vertex 17.680488056184227 64.7733654312272 85
      vertex 17.905061240730657 64.29612312127564 138
    endloop
  endfacet
  facet normal -0.9048270524660192 0.42577929156507344 0
    outer loop
      vertex 17.680488056184227 60.726634568772795 138
      vertex 17.905061240730657 61.20387687872435 138
      vertex 17.905061240730657 61.20387687872435 85
    endloop
  endfacet
  facet normal -0.9510565162951552 0.3090169943749425 0
    outer loop
      vertex 17.905061240730657 61.20387687872435 138
      vertex 18.06804927674025 61.705502473907615 138
      vertex 18.06804927674025 61.705502473907615 85
    endloop
  endfacet
  facet normal -0.9822872507286879 0.1873813145857286 0
    outer loop
      vertex 18.06804927674025 61.705502473907615 138
      vertex 18.166881745520808 62.22360041902992 138
      vertex 18.166881745520808 62.22360041902992 85
    endloop
  endfacet
  facet normal -0.9980267284282718 0.06279051952931018 0
    outer loop
      vertex 18.166881745520808 62.22360041902992 138
      vertex 18.2 62.75 138
      vertex 18.2 62.75 85
    endloop
  endfacet
  facet normal -0.9510565162951525 -0.3090169943749504 0
    outer loop
      vertex 18.06804927674025 63.79449752609239 138
      vertex 17.905061240730657 64.29612312127564 138
      vertex 17.905061240730657 64.29612312127564 85
    endloop
  endfacet
  facet normal -0.9980267284282718 -0.06279051952931018 0
    outer loop
      vertex 18.2 62.75 138
      vertex 18.166881745520808 63.27639958097008 138
      vertex 18.166881745520808 63.27639958097008 85
    endloop
  endfacet
  facet normal -0.9822872507286884 -0.18738131458572613 0
    outer loop
      vertex 18.06804927674025 63.79449752609239 138
      vertex 18.06804927674025 63.79449752609239 85
      vertex 18.166881745520808 63.27639958097008 138
    endloop
  endfacet
  facet normal -0.36812455268467303 -0.9297764858882533 0
    outer loop
      vertex 15.29787137637478 66.74443736843965 138
      vertex 15.29787137637478 66.74443736843965 85
      vertex 15.788273024573305 66.55027362035729 138
    endloop
  endfacet
  facet normal -0.4817536741017236 -0.876306680043859 0
    outer loop
      vertex 15.788273024573305 66.55027362035729 138
      vertex 15.788273024573305 66.55027362035729 85
      vertex 16.250472538911787 66.29617728710846 138
    endloop
  endfacet
  facet normal -0.5877852522924669 -0.809016994374952 0
    outer loop
      vertex 16.250472538911787 66.29617728710846 138
      vertex 16.250472538911787 66.29617728710846 85
      vertex 16.677180756944498 65.98615561965832 138
    endloop
  endfacet
  facet normal -0.6845471059286918 -0.7289686274214084 0
    outer loop
      vertex 16.677180756944498 65.98615561965832 138
      vertex 16.677180756944498 65.98615561965832 85
      vertex 17.06166823516993 65.6250978449005 138
    endloop
  endfacet
  facet normal 0.95105651629515 0.30901699437495866 0
    outer loop
      vertex 41.931950723259746 -100.79449752609239 138
      vertex 42.09493875926935 -101.29612312127564 85
      vertex 41.931950723259746 -100.79449752609239 85
    endloop
  endfacet
  facet normal 0.9048270524660217 0.4257792915650683 0
    outer loop
      vertex 42.09493875926935 -101.29612312127564 138
      vertex 42.319511943815776 -101.7733654312272 85
      vertex 42.09493875926935 -101.29612312127564 85
    endloop
  endfacet
  facet normal 0.8443279255020224 0.535826794978985 0
    outer loop
      vertex 42.319511943815776 -101.7733654312272 138
      vertex 42.60212862362522 -102.2186980596284 85
      vertex 42.319511943815776 -101.7733654312272 85
    endloop
  endfacet
  facet normal 0.7705132427757878 0.6374239897486914 0
    outer loop
      vertex 42.60212862362522 -102.2186980596284 138
      vertex 42.93833176483007 -102.6250978449005 85
      vertex 42.60212862362522 -102.2186980596284 85
    endloop
  endfacet
  facet normal 0.6845471059286852 0.7289686274214149 0
    outer loop
      vertex 42.93833176483007 -102.6250978449005 138
      vertex 43.322819243055505 -102.98615561965832 85
      vertex 42.93833176483007 -102.6250978449005 85
    endloop
  endfacet
  facet normal 0.5877852522924701 0.8090169943749497 0
    outer loop
      vertex 43.322819243055505 -102.98615561965832 138
      vertex 43.74952746108821 -103.29617728710846 85
      vertex 43.322819243055505 -102.98615561965832 85
    endloop
  endfacet
  facet normal 0.481753674101725 0.8763066800438583 0
    outer loop
      vertex 43.74952746108821 -103.29617728710846 138
      vertex 44.21172697542669 -103.55027362035729 85
      vertex 43.74952746108821 -103.29617728710846 85
    endloop
  endfacet
  facet normal 0.3681245526846719 0.9297764858882538 0
    outer loop
      vertex 44.21172697542669 -103.55027362035729 138
      vertex 44.70212862362522 -103.74443736843965 85
      vertex 44.21172697542669 -103.55027362035729 85
    endloop
  endfacet
  facet normal 0.24868988716486118 0.9685831611286295 0
    outer loop
      vertex 44.70212862362522 -103.74443736843965 138
      vertex 45.212998478739955 -103.8756064530605 85
      vertex 44.70212862362522 -103.74443736843965 85
    endloop
  endfacet
  facet normal 0.9822872507286903 0.18738131458571558 0
    outer loop
      vertex 41.833118254479196 -100.27639958097008 138
      vertex 41.931950723259746 -100.79449752609239 85
      vertex 41.833118254479196 -100.27639958097008 85
    endloop
  endfacet
  facet normal 0.9980267284282709 0.0627905195293236 0
    outer loop
      vertex 41.8 -99.75 138
      vertex 41.833118254479196 -100.27639958097008 85
      vertex 41.8 -99.75 85
    endloop
  endfacet
  facet normal 0.9980267284282709 -0.0627905195293236 0
    outer loop
      vertex 41.833118254479196 -99.22360041902992 138
      vertex 41.8 -99.75 85
      vertex 41.833118254479196 -99.22360041902992 85
    endloop
  endfacet
  facet normal 0.9822872507286903 -0.18738131458571558 0
    outer loop
      vertex 41.931950723259746 -98.70550247390761 138
      vertex 41.833118254479196 -99.22360041902992 85
      vertex 41.931950723259746 -98.70550247390761 85
    endloop
  endfacet
  facet normal 0.95105651629515 -0.30901699437495866 0
    outer loop
      vertex 42.09493875926935 -98.20387687872436 138
      vertex 41.931950723259746 -98.70550247390761 85
      vertex 42.09493875926935 -98.20387687872436 85
    endloop
  endfacet
  facet normal 0.9048270524660217 -0.4257792915650683 0
    outer loop
      vertex 42.319511943815776 -97.7266345687728 138
      vertex 42.09493875926935 -98.20387687872436 85
      vertex 42.319511943815776 -97.7266345687728 85
    endloop
  endfacet
  facet normal 0.8443279255020224 -0.535826794978985 0
    outer loop
      vertex 42.60212862362522 -97.2813019403716 138
      vertex 42.319511943815776 -97.7266345687728 85
      vertex 42.60212862362522 -97.2813019403716 85
    endloop
  endfacet
  facet normal 0.7705132427757878 -0.6374239897486914 0
    outer loop
      vertex 42.93833176483007 -96.8749021550995 138
      vertex 42.60212862362522 -97.2813019403716 85
      vertex 42.93833176483007 -96.8749021550995 85
    endloop
  endfacet
  facet normal 0.6845471059286852 -0.7289686274214149 0
    outer loop
      vertex 43.322819243055505 -96.51384438034168 138
      vertex 42.93833176483007 -96.8749021550995 85
      vertex 43.322819243055505 -96.51384438034168 85
    endloop
  endfacet
  facet normal 0.5877852522924701 -0.8090169943749497 0
    outer loop
      vertex 43.74952746108821 -96.20382271289154 138
      vertex 43.322819243055505 -96.51384438034168 85
      vertex 43.74952746108821 -96.20382271289154 85
    endloop
  endfacet
  facet normal 0.481753674101725 -0.8763066800438583 0
    outer loop
      vertex 44.21172697542669 -95.94972637964271 138
      vertex 43.74952746108821 -96.20382271289154 85
      vertex 44.21172697542669 -95.94972637964271 85
    endloop
  endfacet
  facet normal 0.3681245526846719 -0.9297764858882538 0
    outer loop
      vertex 44.70212862362522 -95.75556263156035 138
      vertex 44.21172697542669 -95.94972637964271 85
      vertex 44.70212862362522 -95.75556263156035 85
    endloop
  endfacet
  facet normal 0.125333233564295 0.9921147013144791 0
    outer loop
      vertex 45.212998478739955 -103.8756064530605 138
      vertex 45.73627981797688 -103.94171225939874 85
      vertex 45.212998478739955 -103.8756064530605 85
    endloop
  endfacet
  facet normal 0 1 0
    outer loop
      vertex 45.73627981797688 -103.94171225939874 138
      vertex 46.26372018202312 -103.94171225939874 85
      vertex 45.73627981797688 -103.94171225939874 85
    endloop
  endfacet
  facet normal -0.125333233564295 0.9921147013144791 0
    outer loop
      vertex 46.26372018202312 -103.94171225939874 138
      vertex 46.787001521260045 -103.8756064530605 85
      vertex 46.26372018202312 -103.94171225939874 85
    endloop
  endfacet
  facet normal -0.24868988716486118 0.9685831611286295 0
    outer loop
      vertex 46.787001521260045 -103.8756064530605 138
      vertex 47.29787137637478 -103.74443736843965 85
      vertex 46.787001521260045 -103.8756064530605 85
    endloop
  endfacet
  facet normal -0.3681245526846719 0.9297764858882538 0
    outer loop
      vertex 47.29787137637478 -103.74443736843965 138
      vertex 47.78827302457331 -103.55027362035729 85
      vertex 47.29787137637478 -103.74443736843965 85
    endloop
  endfacet
  facet normal -0.481753674101725 0.8763066800438583 0
    outer loop
      vertex 47.78827302457331 -103.55027362035729 138
      vertex 48.25047253891179 -103.29617728710846 85
      vertex 47.78827302457331 -103.55027362035729 85
    endloop
  endfacet
  facet normal -0.5877852522924701 0.8090169943749497 0
    outer loop
      vertex 48.25047253891179 -103.29617728710846 138
      vertex 48.677180756944495 -102.98615561965832 85
      vertex 48.25047253891179 -103.29617728710846 85
    endloop
  endfacet
  facet normal 0.24868988716486118 -0.9685831611286295 0
    outer loop
      vertex 45.212998478739955 -95.6243935469395 138
      vertex 44.70212862362522 -95.75556263156035 85
      vertex 45.212998478739955 -95.6243935469395 85
    endloop
  endfacet
  facet normal 0.12533323356429332 -0.9921147013144792 0
    outer loop
      vertex 45.736279817976886 -95.55828774060126 138
      vertex 45.212998478739955 -95.6243935469395 85
      vertex 45.736279817976886 -95.55828774060126 85
    endloop
  endfacet
  facet normal 0 -1 0
    outer loop
      vertex 46.263720182023114 -95.55828774060126 138
      vertex 45.736279817976886 -95.55828774060126 85
      vertex 46.263720182023114 -95.55828774060126 85
    endloop
  endfacet
  facet normal -0.12533323356429332 -0.9921147013144792 0
    outer loop
      vertex 46.787001521260045 -95.6243935469395 138
      vertex 46.263720182023114 -95.55828774060126 85
      vertex 46.787001521260045 -95.6243935469395 85
    endloop
  endfacet
  facet normal -0.24868988716486118 -0.9685831611286295 0
    outer loop
      vertex 47.29787137637478 -95.75556263156035 138
      vertex 46.787001521260045 -95.6243935469395 85
      vertex 47.29787137637478 -95.75556263156035 85
    endloop
  endfacet
  facet normal -0.3681245526846719 -0.9297764858882538 0
    outer loop
      vertex 47.78827302457331 -95.94972637964271 138
      vertex 47.29787137637478 -95.75556263156035 85
      vertex 47.78827302457331 -95.94972637964271 85
    endloop
  endfacet
  facet normal -0.481753674101725 -0.8763066800438583 0
    outer loop
      vertex 48.25047253891179 -96.20382271289154 138
      vertex 47.78827302457331 -95.94972637964271 85
      vertex 48.25047253891179 -96.20382271289154 85
    endloop
  endfacet
  facet normal -0.5877852522924701 -0.8090169943749497 0
    outer loop
      vertex 48.677180756944495 -96.51384438034168 138
      vertex 48.25047253891179 -96.20382271289154 85
      vertex 48.677180756944495 -96.51384438034168 85
    endloop
  endfacet
  facet normal -0.6845471059286852 0.7289686274214149 0
    outer loop
      vertex 48.677180756944495 -102.98615561965832 138
      vertex 49.06166823516993 -102.6250978449005 85
      vertex 48.677180756944495 -102.98615561965832 85
    endloop
  endfacet
  facet normal -0.7705132427757878 0.6374239897486914 0
    outer loop
      vertex 49.06166823516993 -102.6250978449005 138
      vertex 49.39787137637478 -102.2186980596284 85
      vertex 49.06166823516993 -102.6250978449005 85
    endloop
  endfacet
  facet normal -0.8443279255020224 0.535826794978985 0
    outer loop
      vertex 49.39787137637478 -102.2186980596284 138
      vertex 49.680488056184224 -101.7733654312272 85
      vertex 49.39787137637478 -102.2186980596284 85
    endloop
  endfacet
  facet normal -0.9048270524660167 0.4257792915650786 0
    outer loop
      vertex 49.680488056184224 -101.7733654312272 138
      vertex 49.90506124073065 -101.29612312127566 85
      vertex 49.680488056184224 -101.7733654312272 85
    endloop
  endfacet
  facet normal -0.9510565162951525 0.3090169943749507 0
    outer loop
      vertex 49.90506124073065 -101.29612312127566 138
      vertex 50.068049276740254 -100.79449752609239 85
      vertex 49.90506124073065 -101.29612312127566 85
    endloop
  endfacet
  facet normal -0.6845471059286918 -0.7289686274214084 0
    outer loop
      vertex 49.061668235169925 -96.8749021550995 138
      vertex 48.677180756944495 -96.51384438034168 85
      vertex 49.061668235169925 -96.8749021550995 85
    endloop
  endfacet
  facet normal -0.7705132427757811 -0.6374239897486994 0
    outer loop
      vertex 49.39787137637478 -97.2813019403716 138
      vertex 49.061668235169925 -96.8749021550995 85
      vertex 49.39787137637478 -97.2813019403716 85
    endloop
  endfacet
  facet normal -0.8443279255020224 -0.535826794978985 0
    outer loop
      vertex 49.680488056184224 -97.7266345687728 138
      vertex 49.39787137637478 -97.2813019403716 85
      vertex 49.680488056184224 -97.7266345687728 85
    endloop
  endfacet
  facet normal -0.9822872507286903 0.18738131458571558 0
    outer loop
      vertex 50.068049276740254 -100.79449752609239 138
      vertex 50.166881745520804 -100.27639958097008 85
      vertex 50.068049276740254 -100.79449752609239 85
    endloop
  endfacet
  facet normal -0.9048270524660217 -0.4257792915650683 0
    outer loop
      vertex 49.90506124073065 -98.20387687872436 138
      vertex 49.680488056184224 -97.7266345687728 85
      vertex 49.90506124073065 -98.20387687872436 85
    endloop
  endfacet
  facet normal -0.9822872507286903 -0.18738131458571558 0
    outer loop
      vertex 50.166881745520804 -99.22360041902992 138
      vertex 50.068049276740254 -98.70550247390761 85
      vertex 50.166881745520804 -99.22360041902992 85
    endloop
  endfacet
  facet normal -0.95105651629515 -0.30901699437495866 0
    outer loop
      vertex 50.068049276740254 -98.70550247390761 138
      vertex 49.90506124073065 -98.20387687872436 85
      vertex 50.068049276740254 -98.70550247390761 85
    endloop
  endfacet
  facet normal -0.9980267284282709 0.0627905195293236 0
    outer loop
      vertex 50.166881745520804 -100.27639958097008 138
      vertex 50.2 -99.75 85
      vertex 50.166881745520804 -100.27639958097008 85
    endloop
  endfacet
  facet normal -0.9980267284282709 -0.0627905195293236 0
    outer loop
      vertex 50.2 -99.75 138
      vertex 50.166881745520804 -99.22360041902992 85
      vertex 50.2 -99.75 85
    endloop
  endfacet
  facet normal 0.95105651629515 0.30901699437495866 0
    outer loop
      vertex 42.09493875926935 -101.29612312127564 138
      vertex 42.09493875926935 -101.29612312127564 85
      vertex 41.931950723259746 -100.79449752609239 138
    endloop
  endfacet
  facet normal 0.9048270524660217 0.4257792915650683 0
    outer loop
      vertex 42.09493875926935 -101.29612312127564 138
      vertex 42.319511943815776 -101.7733654312272 138
      vertex 42.319511943815776 -101.7733654312272 85
    endloop
  endfacet
  facet normal 0.8443279255020224 0.535826794978985 0
    outer loop
      vertex 42.319511943815776 -101.7733654312272 138
      vertex 42.60212862362522 -102.2186980596284 138
      vertex 42.60212862362522 -102.2186980596284 85
    endloop
  endfacet
  facet normal 0.7705132427757878 0.6374239897486914 0
    outer loop
      vertex 42.93833176483007 -102.6250978449005 138
      vertex 42.93833176483007 -102.6250978449005 85
      vertex 42.60212862362522 -102.2186980596284 138
    endloop
  endfacet
  facet normal 0.6845471059286852 0.7289686274214149 0
    outer loop
      vertex 42.93833176483007 -102.6250978449005 138
      vertex 43.322819243055505 -102.98615561965832 138
      vertex 43.322819243055505 -102.98615561965832 85
    endloop
  endfacet
  facet normal 0.5877852522924701 0.8090169943749497 0
    outer loop
      vertex 43.322819243055505 -102.98615561965832 138
      vertex 43.74952746108821 -103.29617728710846 138
      vertex 43.74952746108821 -103.29617728710846 85
    endloop
  endfacet
  facet normal 0.481753674101725 0.8763066800438583 0
    outer loop
      vertex 43.74952746108821 -103.29617728710846 138
      vertex 44.21172697542669 -103.55027362035729 138
      vertex 44.21172697542669 -103.55027362035729 85
    endloop
  endfacet
  facet normal 0.3681245526846719 0.9297764858882538 0
    outer loop
      vertex 44.21172697542669 -103.55027362035729 138
      vertex 44.70212862362522 -103.74443736843965 138
      vertex 44.70212862362522 -103.74443736843965 85
    endloop
  endfacet
  facet normal 0.9980267284282709 0.0627905195293236 0
    outer loop
      vertex 41.833118254479196 -100.27639958097008 138
      vertex 41.833118254479196 -100.27639958097008 85
      vertex 41.8 -99.75 138
    endloop
  endfacet
  facet normal 0.9822872507286903 0.18738131458571558 0
    outer loop
      vertex 41.833118254479196 -100.27639958097008 138
      vertex 41.931950723259746 -100.79449752609239 138
      vertex 41.931950723259746 -100.79449752609239 85
    endloop
  endfacet
  facet normal 0.9980267284282709 -0.0627905195293236 0
    outer loop
      vertex 41.8 -99.75 138
      vertex 41.8 -99.75 85
      vertex 41.833118254479196 -99.22360041902992 138
    endloop
  endfacet
  facet normal 0.9822872507286903 -0.18738131458571558 0
    outer loop
      vertex 41.833118254479196 -99.22360041902992 138
      vertex 41.833118254479196 -99.22360041902992 85
      vertex 41.931950723259746 -98.70550247390761 138
    endloop
  endfacet
  facet normal 0.95105651629515 -0.30901699437495866 0
    outer loop
      vertex 41.931950723259746 -98.70550247390761 138
      vertex 41.931950723259746 -98.70550247390761 85
      vertex 42.09493875926935 -98.20387687872436 138
    endloop
  endfacet
  facet normal 0.9048270524660217 -0.4257792915650683 0
    outer loop
      vertex 42.09493875926935 -98.20387687872436 138
      vertex 42.09493875926935 -98.20387687872436 85
      vertex 42.319511943815776 -97.7266345687728 138
    endloop
  endfacet
  facet normal 0.8443279255020224 -0.535826794978985 0
    outer loop
      vertex 42.319511943815776 -97.7266345687728 138
      vertex 42.319511943815776 -97.7266345687728 85
      vertex 42.60212862362522 -97.2813019403716 138
    endloop
  endfacet
  facet normal 0.7705132427757878 -0.6374239897486914 0
    outer loop
      vertex 42.60212862362522 -97.2813019403716 138
      vertex 42.60212862362522 -97.2813019403716 85
      vertex 42.93833176483007 -96.8749021550995 138
    endloop
  endfacet
  facet normal 0.6845471059286852 -0.7289686274214149 0
    outer loop
      vertex 42.93833176483007 -96.8749021550995 138
      vertex 42.93833176483007 -96.8749021550995 85
      vertex 43.322819243055505 -96.51384438034168 138
    endloop
  endfacet
  facet normal 0.5877852522924701 -0.8090169943749497 0
    outer loop
      vertex 43.322819243055505 -96.51384438034168 138
      vertex 43.322819243055505 -96.51384438034168 85
      vertex 43.74952746108821 -96.20382271289154 138
    endloop
  endfacet
  facet normal 0.481753674101725 -0.8763066800438583 0
    outer loop
      vertex 43.74952746108821 -96.20382271289154 138
      vertex 43.74952746108821 -96.20382271289154 85
      vertex 44.21172697542669 -95.94972637964271 138
    endloop
  endfacet
  facet normal 0.3681245526846719 -0.9297764858882538 0
    outer loop
      vertex 44.21172697542669 -95.94972637964271 138
      vertex 44.21172697542669 -95.94972637964271 85
      vertex 44.70212862362522 -95.75556263156035 138
    endloop
  endfacet
  facet normal 0.24868988716486118 -0.9685831611286295 0
    outer loop
      vertex 44.70212862362522 -95.75556263156035 138
      vertex 44.70212862362522 -95.75556263156035 85
      vertex 45.212998478739955 -95.6243935469395 138
    endloop
  endfacet
  facet normal 0.24868988716486118 0.9685831611286295 0
    outer loop
      vertex 44.70212862362522 -103.74443736843965 138
      vertex 45.212998478739955 -103.8756064530605 138
      vertex 45.212998478739955 -103.8756064530605 85
    endloop
  endfacet
  facet normal 0.125333233564295 0.9921147013144791 0
    outer loop
      vertex 45.212998478739955 -103.8756064530605 138
      vertex 45.73627981797688 -103.94171225939874 138
      vertex 45.73627981797688 -103.94171225939874 85
    endloop
  endfacet
  facet normal 0 1 0
    outer loop
      vertex 45.73627981797688 -103.94171225939874 138
      vertex 46.26372018202312 -103.94171225939874 138
      vertex 46.26372018202312 -103.94171225939874 85
    endloop
  endfacet
  facet normal -0.125333233564295 0.9921147013144791 0
    outer loop
      vertex 46.26372018202312 -103.94171225939874 138
      vertex 46.787001521260045 -103.8756064530605 138
      vertex 46.787001521260045 -103.8756064530605 85
    endloop
  endfacet
  facet normal -0.24868988716486118 0.9685831611286295 0
    outer loop
      vertex 46.787001521260045 -103.8756064530605 138
      vertex 47.29787137637478 -103.74443736843965 138
      vertex 47.29787137637478 -103.74443736843965 85
    endloop
  endfacet
  facet normal -0.3681245526846719 0.9297764858882538 0
    outer loop
      vertex 47.29787137637478 -103.74443736843965 138
      vertex 47.78827302457331 -103.55027362035729 138
      vertex 47.78827302457331 -103.55027362035729 85
    endloop
  endfacet
  facet normal -0.481753674101725 0.8763066800438583 0
    outer loop
      vertex 47.78827302457331 -103.55027362035729 138
      vertex 48.25047253891179 -103.29617728710846 138
      vertex 48.25047253891179 -103.29617728710846 85
    endloop
  endfacet
  facet normal -0.5877852522924701 0.8090169943749497 0
    outer loop
      vertex 48.25047253891179 -103.29617728710846 138
      vertex 48.677180756944495 -102.98615561965832 138
      vertex 48.677180756944495 -102.98615561965832 85
    endloop
  endfacet
  facet normal 0.12533323356429332 -0.9921147013144792 0
    outer loop
      vertex 45.212998478739955 -95.6243935469395 138
      vertex 45.212998478739955 -95.6243935469395 85
      vertex 45.736279817976886 -95.55828774060126 138
    endloop
  endfacet
  facet normal 0 -1 0
    outer loop
      vertex 45.736279817976886 -95.55828774060126 138
      vertex 45.736279817976886 -95.55828774060126 85
      vertex 46.263720182023114 -95.55828774060126 138
    endloop
  endfacet
  facet normal -0.12533323356429332 -0.9921147013144792 0
    outer loop
      vertex 46.263720182023114 -95.55828774060126 138
      vertex 46.263720182023114 -95.55828774060126 85
      vertex 46.787001521260045 -95.6243935469395 138
    endloop
  endfacet
  facet normal -0.24868988716486118 -0.9685831611286295 0
    outer loop
      vertex 46.787001521260045 -95.6243935469395 138
      vertex 46.787001521260045 -95.6243935469395 85
      vertex 47.29787137637478 -95.75556263156035 138
    endloop
  endfacet
  facet normal -0.3681245526846719 -0.9297764858882538 0
    outer loop
      vertex 47.29787137637478 -95.75556263156035 138
      vertex 47.29787137637478 -95.75556263156035 85
      vertex 47.78827302457331 -95.94972637964271 138
    endloop
  endfacet
  facet normal -0.481753674101725 -0.8763066800438583 0
    outer loop
      vertex 47.78827302457331 -95.94972637964271 138
      vertex 47.78827302457331 -95.94972637964271 85
      vertex 48.25047253891179 -96.20382271289154 138
    endloop
  endfacet
  facet normal -0.5877852522924701 -0.8090169943749497 0
    outer loop
      vertex 48.25047253891179 -96.20382271289154 138
      vertex 48.25047253891179 -96.20382271289154 85
      vertex 48.677180756944495 -96.51384438034168 138
    endloop
  endfacet
  facet normal -0.6845471059286852 0.7289686274214149 0
    outer loop
      vertex 48.677180756944495 -102.98615561965832 138
      vertex 49.06166823516993 -102.6250978449005 138
      vertex 49.06166823516993 -102.6250978449005 85
    endloop
  endfacet
  facet normal -0.7705132427757878 0.6374239897486914 0
    outer loop
      vertex 49.06166823516993 -102.6250978449005 138
      vertex 49.39787137637478 -102.2186980596284 138
      vertex 49.39787137637478 -102.2186980596284 85
    endloop
  endfacet
  facet normal -0.8443279255020224 0.535826794978985 0
    outer loop
      vertex 49.39787137637478 -102.2186980596284 138
      vertex 49.680488056184224 -101.7733654312272 138
      vertex 49.680488056184224 -101.7733654312272 85
    endloop
  endfacet
  facet normal -0.9048270524660167 0.4257792915650786 0
    outer loop
      vertex 49.680488056184224 -101.7733654312272 138
      vertex 49.90506124073065 -101.29612312127566 138
      vertex 49.90506124073065 -101.29612312127566 85
    endloop
  endfacet
  facet normal -0.9510565162951525 0.3090169943749507 0
    outer loop
      vertex 49.90506124073065 -101.29612312127566 138
      vertex 50.068049276740254 -100.79449752609239 138
      vertex 50.068049276740254 -100.79449752609239 85
    endloop
  endfacet
  facet normal -0.6845471059286918 -0.7289686274214084 0
    outer loop
      vertex 48.677180756944495 -96.51384438034168 138
      vertex 48.677180756944495 -96.51384438034168 85
      vertex 49.061668235169925 -96.8749021550995 138
    endloop
  endfacet
  facet normal -0.7705132427757811 -0.6374239897486994 0
    outer loop
      vertex 49.061668235169925 -96.8749021550995 138
      vertex 49.061668235169925 -96.8749021550995 85
      vertex 49.39787137637478 -97.2813019403716 138
    endloop
  endfacet
  facet normal -0.8443279255020224 -0.535826794978985 0
    outer loop
      vertex 49.39787137637478 -97.2813019403716 138
      vertex 49.39787137637478 -97.2813019403716 85
      vertex 49.680488056184224 -97.7266345687728 138
    endloop
  endfacet
  facet normal -0.9822872507286903 0.18738131458571558 0
    outer loop
      vertex 50.068049276740254 -100.79449752609239 138
      vertex 50.166881745520804 -100.27639958097008 138
      vertex 50.166881745520804 -100.27639958097008 85
    endloop
  endfacet
  facet normal -0.9048270524660217 -0.4257792915650683 0
    outer loop
      vertex 49.680488056184224 -97.7266345687728 138
      vertex 49.680488056184224 -97.7266345687728 85
      vertex 49.90506124073065 -98.20387687872436 138
    endloop
  endfacet
  facet normal -0.9822872507286903 -0.18738131458571558 0
    outer loop
      vertex 50.068049276740254 -98.70550247390761 138
      vertex 50.068049276740254 -98.70550247390761 85
      vertex 50.166881745520804 -99.22360041902992 138
    endloop
  endfacet
  facet normal -0.95105651629515 -0.30901699437495866 0
    outer loop
      vertex 49.90506124073065 -98.20387687872436 138
      vertex 49.90506124073065 -98.20387687872436 85
      vertex 50.068049276740254 -98.70550247390761 138
    endloop
  endfacet
  facet normal -0.9980267284282709 0.0627905195293236 0
    outer loop
      vertex 50.166881745520804 -100.27639958097008 138
      vertex 50.2 -99.75 138
      vertex 50.2 -99.75 85
    endloop
  endfacet
  facet normal -0.9980267284282709 -0.0627905195293236 0
    outer loop
      vertex 50.2 -99.75 138
      vertex 50.166881745520804 -99.22360041902992 138
      vertex 50.166881745520804 -99.22360041902992 85
    endloop
  endfacet
  facet normal 0.9510565162951539 0.30901699437494645 0
    outer loop
      vertex 9.93195072325975 -100.79449752609239 138
      vertex 10.094938759269343 -101.29612312127564 85
      vertex 9.93195072325975 -100.79449752609239 85
    endloop
  endfacet
  facet normal 0.9048270524660217 0.4257792915650683 0
    outer loop
      vertex 10.094938759269343 -101.29612312127564 138
      vertex 10.319511943815773 -101.7733654312272 85
      vertex 10.094938759269343 -101.29612312127564 85
    endloop
  endfacet
  facet normal 0.7705132427757846 0.6374239897486954 0
    outer loop
      vertex 10.60212862362522 -102.2186980596284 138
      vertex 10.938331764830071 -102.6250978449005 85
      vertex 10.60212862362522 -102.2186980596284 85
    endloop
  endfacet
  facet normal 0.8443279255020194 0.5358267949789899 0
    outer loop
      vertex 10.319511943815773 -101.7733654312272 138
      vertex 10.60212862362522 -102.2186980596284 85
      vertex 10.319511943815773 -101.7733654312272 85
    endloop
  endfacet
  facet normal 0.6845471059286902 0.7289686274214101 0
    outer loop
      vertex 10.938331764830071 -102.6250978449005 138
      vertex 11.322819243055504 -102.98615561965832 85
      vertex 10.938331764830071 -102.6250978449005 85
    endloop
  endfacet
  facet normal 0.9980267284282718 0.06279051952931018 0
    outer loop
      vertex 9.8 -99.75 138
      vertex 9.833118254479192 -100.27639958097008 85
      vertex 9.8 -99.75 85
    endloop
  endfacet
  facet normal 0.9980267284282718 -0.06279051952931018 0
    outer loop
      vertex 9.833118254479192 -99.22360041902992 138
      vertex 9.8 -99.75 85
      vertex 9.833118254479192 -99.22360041902992 85
    endloop
  endfacet
  facet normal 0.9822872507286879 0.1873813145857286 0
    outer loop
      vertex 9.833118254479192 -100.27639958097008 138
      vertex 9.93195072325975 -100.79449752609239 85
      vertex 9.833118254479192 -100.27639958097008 85
    endloop
  endfacet
  facet normal 0.9822872507286879 -0.1873813145857286 0
    outer loop
      vertex 9.93195072325975 -98.70550247390761 138
      vertex 9.833118254479192 -99.22360041902992 85
      vertex 9.93195072325975 -98.70550247390761 85
    endloop
  endfacet
  facet normal 0.9510565162951539 -0.30901699437494645 0
    outer loop
      vertex 10.094938759269343 -98.20387687872436 138
      vertex 9.93195072325975 -98.70550247390761 85
      vertex 10.094938759269343 -98.20387687872436 85
    endloop
  endfacet
  facet normal 0.9048270524660217 -0.4257792915650683 0
    outer loop
      vertex 10.319511943815773 -97.7266345687728 138
      vertex 10.094938759269343 -98.20387687872436 85
      vertex 10.319511943815773 -97.7266345687728 85
    endloop
  endfacet
  facet normal 0.8443279255020194 -0.5358267949789899 0
    outer loop
      vertex 10.60212862362522 -97.2813019403716 138
      vertex 10.319511943815773 -97.7266345687728 85
      vertex 10.60212862362522 -97.2813019403716 85
    endloop
  endfacet
  facet normal 0.7705132427757846 -0.6374239897486954 0
    outer loop
      vertex 10.938331764830071 -96.8749021550995 138
      vertex 10.60212862362522 -97.2813019403716 85
      vertex 10.938331764830071 -96.8749021550995 85
    endloop
  endfacet
  facet normal 0.6845471059286902 -0.7289686274214101 0
    outer loop
      vertex 11.322819243055504 -96.51384438034168 138
      vertex 10.938331764830071 -96.8749021550995 85
      vertex 11.322819243055504 -96.51384438034168 85
    endloop
  endfacet
  facet normal 0.5877852522924685 0.8090169943749507 0
    outer loop
      vertex 11.322819243055504 -102.98615561965832 138
      vertex 11.749527461088213 -103.29617728710846 85
      vertex 11.322819243055504 -102.98615561965832 85
    endloop
  endfacet
  facet normal 0.4817536741017221 0.8763066800438598 0
    outer loop
      vertex 11.749527461088213 -103.29617728710846 138
      vertex 12.211726975426696 -103.55027362035729 85
      vertex 11.749527461088213 -103.29617728710846 85
    endloop
  endfacet
  facet normal 0.3681245526846742 0.9297764858882528 0
    outer loop
      vertex 12.211726975426696 -103.55027362035729 138
      vertex 12.70212862362522 -103.74443736843965 85
      vertex 12.211726975426696 -103.55027362035729 85
    endloop
  endfacet
  facet normal 0.24868988716486118 0.9685831611286295 0
    outer loop
      vertex 12.70212862362522 -103.74443736843965 138
      vertex 13.212998478739955 -103.8756064530605 85
      vertex 12.70212862362522 -103.74443736843965 85
    endloop
  endfacet
  facet normal 0.12533323356429416 0.9921147013144791 0
    outer loop
      vertex 13.212998478739955 -103.8756064530605 138
      vertex 13.736279817976882 -103.94171225939874 85
      vertex 13.212998478739955 -103.8756064530605 85
    endloop
  endfacet
  facet normal 0 1 0
    outer loop
      vertex 13.73627981797688 -103.94171225939874 138
      vertex 14.263720182023118 -103.94171225939874 85
      vertex 13.736279817976882 -103.94171225939874 85
    endloop
  endfacet
  facet normal -0.12533323356429416 0.9921147013144791 0
    outer loop
      vertex 14.263720182023118 -103.94171225939874 138
      vertex 14.787001521260045 -103.8756064530605 85
      vertex 14.263720182023118 -103.94171225939874 85
    endloop
  endfacet
  facet normal -0.24868988716486118 0.9685831611286295 0
    outer loop
      vertex 14.787001521260045 -103.8756064530605 138
      vertex 15.29787137637478 -103.74443736843965 85
      vertex 14.787001521260045 -103.8756064530605 85
    endloop
  endfacet
  facet normal 0.5877852522924685 -0.8090169943749507 0
    outer loop
      vertex 11.749527461088213 -96.20382271289154 138
      vertex 11.322819243055504 -96.51384438034168 85
      vertex 11.749527461088213 -96.20382271289154 85
    endloop
  endfacet
  facet normal 0.4817536741017236 -0.876306680043859 0
    outer loop
      vertex 12.211726975426695 -95.94972637964271 138
      vertex 11.749527461088213 -96.20382271289154 85
      vertex 12.211726975426695 -95.94972637964271 85
    endloop
  endfacet
  facet normal 0.36812455268467303 -0.9297764858882533 0
    outer loop
      vertex 12.70212862362522 -95.75556263156035 138
      vertex 12.211726975426695 -95.94972637964271 85
      vertex 12.70212862362522 -95.75556263156035 85
    endloop
  endfacet
  facet normal 0.2486898871648604 -0.9685831611286297 0
    outer loop
      vertex 13.212998478739957 -95.6243935469395 138
      vertex 12.70212862362522 -95.75556263156035 85
      vertex 13.212998478739957 -95.6243935469395 85
    endloop
  endfacet
  facet normal 0.12533323356429416 -0.9921147013144791 0
    outer loop
      vertex 13.736279817976884 -95.55828774060126 138
      vertex 13.212998478739957 -95.6243935469395 85
      vertex 13.736279817976884 -95.55828774060126 85
    endloop
  endfacet
  facet normal 0 -1 0
    outer loop
      vertex 14.263720182023116 -95.55828774060126 138
      vertex 13.736279817976884 -95.55828774060126 85
      vertex 14.263720182023116 -95.55828774060126 85
    endloop
  endfacet
  facet normal -0.12533323356429416 -0.9921147013144791 0
    outer loop
      vertex 14.787001521260043 -95.6243935469395 138
      vertex 14.263720182023116 -95.55828774060126 85
      vertex 14.787001521260043 -95.6243935469395 85
    endloop
  endfacet
  facet normal -0.3681245526846742 0.9297764858882528 0
    outer loop
      vertex 15.29787137637478 -103.74443736843965 138
      vertex 15.788273024573304 -103.55027362035729 85
      vertex 15.29787137637478 -103.74443736843965 85
    endloop
  endfacet
  facet normal -0.481753674101725 0.8763066800438583 0
    outer loop
      vertex 15.788273024573304 -103.55027362035729 138
      vertex 16.250472538911783 -103.29617728710846 85
      vertex 15.788273024573304 -103.55027362035729 85
    endloop
  endfacet
  facet normal -0.5877852522924637 0.8090169943749543 0
    outer loop
      vertex 16.250472538911783 -103.29617728710846 138
      vertex 16.677180756944498 -102.98615561965832 85
      vertex 16.250472538911783 -103.29617728710846 85
    endloop
  endfacet
  facet normal -0.6845471059286918 0.7289686274214084 0
    outer loop
      vertex 16.677180756944498 -102.98615561965832 138
      vertex 17.06166823516993 -102.6250978449005 85
      vertex 16.677180756944498 -102.98615561965832 85
    endloop
  endfacet
  facet normal -0.7705132427757846 0.6374239897486954 0
    outer loop
      vertex 17.06166823516993 -102.6250978449005 138
      vertex 17.39787137637478 -102.2186980596284 85
      vertex 17.06166823516993 -102.6250978449005 85
    endloop
  endfacet
  facet normal -0.8443279255020194 0.5358267949789899 0
    outer loop
      vertex 17.39787137637478 -102.2186980596284 138
      vertex 17.680488056184227 -101.7733654312272 85
      vertex 17.39787137637478 -102.2186980596284 85
    endloop
  endfacet
  facet normal -0.9048270524660167 0.4257792915650786 0
    outer loop
      vertex 17.680488056184227 -101.7733654312272 138
      vertex 17.905061240730657 -101.29612312127566 85
      vertex 17.680488056184227 -101.7733654312272 85
    endloop
  endfacet
  facet normal -0.9510565162951565 0.3090169943749385 0
    outer loop
      vertex 17.905061240730657 -101.29612312127566 138
      vertex 18.06804927674025 -100.79449752609239 85
      vertex 17.905061240730657 -101.29612312127566 85
    endloop
  endfacet
  facet normal -0.2486898871648604 -0.9685831611286297 0
    outer loop
      vertex 15.29787137637478 -95.75556263156035 138
      vertex 14.787001521260043 -95.6243935469395 85
      vertex 15.29787137637478 -95.75556263156035 85
    endloop
  endfacet
  facet normal -0.36812455268467303 -0.9297764858882533 0
    outer loop
      vertex 15.788273024573305 -95.94972637964271 138
      vertex 15.29787137637478 -95.75556263156035 85
      vertex 15.788273024573305 -95.94972637964271 85
    endloop
  endfacet
  facet normal -0.4817536741017236 -0.876306680043859 0
    outer loop
      vertex 16.250472538911787 -96.20382271289154 138
      vertex 15.788273024573305 -95.94972637964271 85
      vertex 16.250472538911787 -96.20382271289154 85
    endloop
  endfacet
  facet normal -0.5877852522924669 -0.809016994374952 0
    outer loop
      vertex 16.677180756944498 -96.51384438034168 138
      vertex 16.250472538911787 -96.20382271289154 85
      vertex 16.677180756944498 -96.51384438034168 85
    endloop
  endfacet
  facet normal -0.6845471059286918 -0.7289686274214084 0
    outer loop
      vertex 17.06166823516993 -96.8749021550995 138
      vertex 16.677180756944498 -96.51384438034168 85
      vertex 17.06166823516993 -96.8749021550995 85
    endloop
  endfacet
  facet normal -0.7705132427757846 -0.6374239897486954 0
    outer loop
      vertex 17.39787137637478 -97.2813019403716 138
      vertex 17.06166823516993 -96.8749021550995 85
      vertex 17.39787137637478 -97.2813019403716 85
    endloop
  endfacet
  facet normal -0.8443279255020194 -0.5358267949789899 0
    outer loop
      vertex 17.680488056184227 -97.7266345687728 138
      vertex 17.39787137637478 -97.2813019403716 85
      vertex 17.680488056184227 -97.7266345687728 85
    endloop
  endfacet
  facet normal -0.9822872507286879 0.1873813145857286 0
    outer loop
      vertex 18.06804927674025 -100.79449752609239 138
      vertex 18.166881745520808 -100.27639958097008 85
      vertex 18.06804927674025 -100.79449752609239 85
    endloop
  endfacet
  facet normal -0.9980267284282718 0.06279051952931018 0
    outer loop
      vertex 18.166881745520808 -100.27639958097008 138
      vertex 18.2 -99.75 85
      vertex 18.166881745520808 -100.27639958097008 85
    endloop
  endfacet
  facet normal -0.9980267284282718 -0.06279051952931018 0
    outer loop
      vertex 18.2 -99.75 138
      vertex 18.166881745520808 -99.22360041902992 85
      vertex 18.2 -99.75 85
    endloop
  endfacet
  facet normal -0.9048270524660217 -0.4257792915650683 0
    outer loop
      vertex 17.905061240730657 -98.20387687872436 138
      vertex 17.680488056184227 -97.7266345687728 85
      vertex 17.905061240730657 -98.20387687872436 85
    endloop
  endfacet
  facet normal -0.9510565162951539 -0.30901699437494645 0
    outer loop
      vertex 18.06804927674025 -98.70550247390761 138
      vertex 17.905061240730657 -98.20387687872436 85
      vertex 18.06804927674025 -98.70550247390761 85
    endloop
  endfacet
  facet normal -0.9822872507286879 -0.1873813145857286 0
    outer loop
      vertex 18.166881745520808 -99.22360041902992 138
      vertex 18.06804927674025 -98.70550247390761 85
      vertex 18.166881745520808 -99.22360041902992 85
    endloop
  endfacet
  facet normal 0.9510565162951539 0.30901699437494645 0
    outer loop
      vertex 10.094938759269343 -101.29612312127564 138
      vertex 10.094938759269343 -101.29612312127564 85
      vertex 9.93195072325975 -100.79449752609239 138
    endloop
  endfacet
  facet normal 0.9048270524660217 0.4257792915650683 0
    outer loop
      vertex 10.094938759269343 -101.29612312127564 138
      vertex 10.319511943815773 -101.7733654312272 138
      vertex 10.319511943815773 -101.7733654312272 85
    endloop
  endfacet
  facet normal 0.8443279255020194 0.5358267949789899 0
    outer loop
      vertex 10.319511943815773 -101.7733654312272 138
      vertex 10.60212862362522 -102.2186980596284 138
      vertex 10.60212862362522 -102.2186980596284 85
    endloop
  endfacet
  facet normal 0.7705132427757846 0.6374239897486954 0
    outer loop
      vertex 10.938331764830071 -102.6250978449005 138
      vertex 10.938331764830071 -102.6250978449005 85
      vertex 10.60212862362522 -102.2186980596284 138
    endloop
  endfacet
  facet normal 0.6845471059286902 0.7289686274214101 0
    outer loop
      vertex 10.938331764830071 -102.6250978449005 138
      vertex 11.322819243055504 -102.98615561965832 138
      vertex 11.322819243055504 -102.98615561965832 85
    endloop
  endfacet
  facet normal 0.9980267284282718 0.06279051952931018 0
    outer loop
      vertex 9.833118254479192 -100.27639958097008 138
      vertex 9.833118254479192 -100.27639958097008 85
      vertex 9.8 -99.75 138
    endloop
  endfacet
  facet normal 0.9980267284282718 -0.06279051952931018 0
    outer loop
      vertex 9.8 -99.75 138
      vertex 9.8 -99.75 85
      vertex 9.833118254479192 -99.22360041902992 138
    endloop
  endfacet
  facet normal 0.9822872507286879 0.1873813145857286 0
    outer loop
      vertex 9.833118254479192 -100.27639958097008 138
      vertex 9.93195072325975 -100.79449752609239 138
      vertex 9.93195072325975 -100.79449752609239 85
    endloop
  endfacet
  facet normal 0.9822872507286879 -0.1873813145857286 0
    outer loop
      vertex 9.833118254479192 -99.22360041902992 138
      vertex 9.833118254479192 -99.22360041902992 85
      vertex 9.93195072325975 -98.70550247390761 138
    endloop
  endfacet
  facet normal 0.9510565162951539 -0.30901699437494645 0
    outer loop
      vertex 9.93195072325975 -98.70550247390761 138
      vertex 9.93195072325975 -98.70550247390761 85
      vertex 10.094938759269343 -98.20387687872436 138
    endloop
  endfacet
  facet normal 0.9048270524660217 -0.4257792915650683 0
    outer loop
      vertex 10.094938759269343 -98.20387687872436 138
      vertex 10.094938759269343 -98.20387687872436 85
      vertex 10.319511943815773 -97.7266345687728 138
    endloop
  endfacet
  facet normal 0.8443279255020194 -0.5358267949789899 0
    outer loop
      vertex 10.319511943815773 -97.7266345687728 138
      vertex 10.319511943815773 -97.7266345687728 85
      vertex 10.60212862362522 -97.2813019403716 138
    endloop
  endfacet
  facet normal 0.7705132427757846 -0.6374239897486954 0
    outer loop
      vertex 10.60212862362522 -97.2813019403716 138
      vertex 10.60212862362522 -97.2813019403716 85
      vertex 10.938331764830071 -96.8749021550995 138
    endloop
  endfacet
  facet normal 0.6845471059286902 -0.7289686274214101 0
    outer loop
      vertex 10.938331764830071 -96.8749021550995 138
      vertex 10.938331764830071 -96.8749021550995 85
      vertex 11.322819243055504 -96.51384438034168 138
    endloop
  endfacet
  facet normal 0.5877852522924685 0.8090169943749507 0
    outer loop
      vertex 11.322819243055504 -102.98615561965832 138
      vertex 11.749527461088213 -103.29617728710846 138
      vertex 11.749527461088213 -103.29617728710846 85
    endloop
  endfacet
  facet normal 0.4817536741017221 0.8763066800438598 0
    outer loop
      vertex 11.749527461088213 -103.29617728710846 138
      vertex 12.211726975426696 -103.55027362035729 138
      vertex 12.211726975426696 -103.55027362035729 85
    endloop
  endfacet
  facet normal 0.24868988716486118 0.9685831611286295 0
    outer loop
      vertex 12.70212862362522 -103.74443736843965 138
      vertex 13.212998478739955 -103.8756064530605 138
      vertex 13.212998478739955 -103.8756064530605 85
    endloop
  endfacet
  facet normal 0.3681245526846742 0.9297764858882528 0
    outer loop
      vertex 12.211726975426696 -103.55027362035729 138
      vertex 12.70212862362522 -103.74443736843965 138
      vertex 12.70212862362522 -103.74443736843965 85
    endloop
  endfacet
  facet normal 0.1253332335642946 0.9921147013144791 4.2197812341013505e-18
    outer loop
      vertex 13.212998478739955 -103.8756064530605 138
      vertex 13.73627981797688 -103.94171225939874 138
      vertex 13.736279817976882 -103.94171225939874 85
    endloop
  endfacet
  facet normal 0 1 0
    outer loop
      vertex 13.73627981797688 -103.94171225939874 138
      vertex 14.263720182023118 -103.94171225939874 138
      vertex 14.263720182023118 -103.94171225939874 85
    endloop
  endfacet
  facet normal -0.12533323356429416 0.9921147013144791 0
    outer loop
      vertex 14.263720182023118 -103.94171225939874 138
      vertex 14.787001521260045 -103.8756064530605 138
      vertex 14.787001521260045 -103.8756064530605 85
    endloop
  endfacet
  facet normal 0.5877852522924685 -0.8090169943749507 0
    outer loop
      vertex 11.322819243055504 -96.51384438034168 138
      vertex 11.322819243055504 -96.51384438034168 85
      vertex 11.749527461088213 -96.20382271289154 138
    endloop
  endfacet
  facet normal 0.4817536741017236 -0.876306680043859 0
    outer loop
      vertex 11.749527461088213 -96.20382271289154 138
      vertex 11.749527461088213 -96.20382271289154 85
      vertex 12.211726975426695 -95.94972637964271 138
    endloop
  endfacet
  facet normal 0.36812455268467303 -0.9297764858882533 0
    outer loop
      vertex 12.211726975426695 -95.94972637964271 138
      vertex 12.211726975426695 -95.94972637964271 85
      vertex 12.70212862362522 -95.75556263156035 138
    endloop
  endfacet
  facet normal 0.2486898871648604 -0.9685831611286297 0
    outer loop
      vertex 12.70212862362522 -95.75556263156035 138
      vertex 12.70212862362522 -95.75556263156035 85
      vertex 13.212998478739957 -95.6243935469395 138
    endloop
  endfacet
  facet normal 0.12533323356429416 -0.9921147013144791 0
    outer loop
      vertex 13.212998478739957 -95.6243935469395 138
      vertex 13.212998478739957 -95.6243935469395 85
      vertex 13.736279817976884 -95.55828774060126 138
    endloop
  endfacet
  facet normal 0 -1 0
    outer loop
      vertex 13.736279817976884 -95.55828774060126 138
      vertex 13.736279817976884 -95.55828774060126 85
      vertex 14.263720182023116 -95.55828774060126 138
    endloop
  endfacet
  facet normal -0.12533323356429416 -0.9921147013144791 0
    outer loop
      vertex 14.263720182023116 -95.55828774060126 138
      vertex 14.263720182023116 -95.55828774060126 85
      vertex 14.787001521260043 -95.6243935469395 138
    endloop
  endfacet
  facet normal -0.2486898871648604 -0.9685831611286297 0
    outer loop
      vertex 14.787001521260043 -95.6243935469395 138
      vertex 14.787001521260043 -95.6243935469395 85
      vertex 15.29787137637478 -95.75556263156035 138
    endloop
  endfacet
  facet normal -0.24868988716486118 0.9685831611286295 0
    outer loop
      vertex 14.787001521260045 -103.8756064530605 138
      vertex 15.29787137637478 -103.74443736843965 138
      vertex 15.29787137637478 -103.74443736843965 85
    endloop
  endfacet
  facet normal -0.3681245526846742 0.9297764858882528 0
    outer loop
      vertex 15.29787137637478 -103.74443736843965 138
      vertex 15.788273024573304 -103.55027362035729 138
      vertex 15.788273024573304 -103.55027362035729 85
    endloop
  endfacet
  facet normal -0.481753674101725 0.8763066800438583 0
    outer loop
      vertex 15.788273024573304 -103.55027362035729 138
      vertex 16.250472538911783 -103.29617728710846 138
      vertex 16.250472538911783 -103.29617728710846 85
    endloop
  endfacet
  facet normal -0.5877852522924637 0.8090169943749543 0
    outer loop
      vertex 16.250472538911783 -103.29617728710846 138
      vertex 16.677180756944498 -102.98615561965832 138
      vertex 16.677180756944498 -102.98615561965832 85
    endloop
  endfacet
  facet normal -0.6845471059286918 0.7289686274214084 0
    outer loop
      vertex 16.677180756944498 -102.98615561965832 138
      vertex 17.06166823516993 -102.6250978449005 138
      vertex 17.06166823516993 -102.6250978449005 85
    endloop
  endfacet
  facet normal -0.7705132427757846 0.6374239897486954 0
    outer loop
      vertex 17.06166823516993 -102.6250978449005 138
      vertex 17.39787137637478 -102.2186980596284 138
      vertex 17.39787137637478 -102.2186980596284 85
    endloop
  endfacet
  facet normal -0.8443279255020194 0.5358267949789899 0
    outer loop
      vertex 17.39787137637478 -102.2186980596284 138
      vertex 17.680488056184227 -101.7733654312272 138
      vertex 17.680488056184227 -101.7733654312272 85
    endloop
  endfacet
  facet normal -0.9048270524660167 0.4257792915650786 0
    outer loop
      vertex 17.680488056184227 -101.7733654312272 138
      vertex 17.905061240730657 -101.29612312127566 138
      vertex 17.905061240730657 -101.29612312127566 85
    endloop
  endfacet
  facet normal -0.9510565162951565 0.3090169943749385 0
    outer loop
      vertex 17.905061240730657 -101.29612312127566 138
      vertex 18.06804927674025 -100.79449752609239 138
      vertex 18.06804927674025 -100.79449752609239 85
    endloop
  endfacet
  facet normal -0.36812455268467303 -0.9297764858882533 0
    outer loop
      vertex 15.29787137637478 -95.75556263156035 138
      vertex 15.29787137637478 -95.75556263156035 85
      vertex 15.788273024573305 -95.94972637964271 138
    endloop
  endfacet
  facet normal -0.4817536741017236 -0.876306680043859 0
    outer loop
      vertex 15.788273024573305 -95.94972637964271 138
      vertex 15.788273024573305 -95.94972637964271 85
      vertex 16.250472538911787 -96.20382271289154 138
    endloop
  endfacet
  facet normal -0.5877852522924669 -0.809016994374952 0
    outer loop
      vertex 16.250472538911787 -96.20382271289154 138
      vertex 16.250472538911787 -96.20382271289154 85
      vertex 16.677180756944498 -96.51384438034168 138
    endloop
  endfacet
  facet normal -0.6845471059286918 -0.7289686274214084 0
    outer loop
      vertex 17.06166823516993 -96.8749021550995 138
      vertex 16.677180756944498 -96.51384438034168 138
      vertex 16.677180756944498 -96.51384438034168 85
    endloop
  endfacet
  facet normal -0.9048270524660217 -0.4257792915650683 0
    outer loop
      vertex 17.680488056184227 -97.7266345687728 138
      vertex 17.680488056184227 -97.7266345687728 85
      vertex 17.905061240730657 -98.20387687872436 138
    endloop
  endfacet
  facet normal -0.7705132427757846 -0.6374239897486954 0
    outer loop
      vertex 17.06166823516993 -96.8749021550995 138
      vertex 17.06166823516993 -96.8749021550995 85
      vertex 17.39787137637478 -97.2813019403716 138
    endloop
  endfacet
  facet normal -0.8443279255020194 -0.5358267949789899 0
    outer loop
      vertex 17.39787137637478 -97.2813019403716 138
      vertex 17.39787137637478 -97.2813019403716 85
      vertex 17.680488056184227 -97.7266345687728 138
    endloop
  endfacet
  facet normal -0.9822872507286879 0.1873813145857286 0
    outer loop
      vertex 18.06804927674025 -100.79449752609239 138
      vertex 18.166881745520808 -100.27639958097008 138
      vertex 18.166881745520808 -100.27639958097008 85
    endloop
  endfacet
  facet normal -0.9980267284282718 0.06279051952931018 0
    outer loop
      vertex 18.166881745520808 -100.27639958097008 138
      vertex 18.2 -99.75 138
      vertex 18.2 -99.75 85
    endloop
  endfacet
  facet normal -0.9980267284282718 -0.06279051952931018 0
    outer loop
      vertex 18.2 -99.75 138
      vertex 18.166881745520808 -99.22360041902992 138
      vertex 18.166881745520808 -99.22360041902992 85
    endloop
  endfacet
  facet normal -0.9510565162951539 -0.30901699437494645 0
    outer loop
      vertex 17.905061240730657 -98.20387687872436 138
      vertex 17.905061240730657 -98.20387687872436 85
      vertex 18.06804927674025 -98.70550247390761 138
    endloop
  endfacet
  facet normal -0.9822872507286879 -0.1873813145857286 0
    outer loop
      vertex 18.166881745520808 -99.22360041902992 138
      vertex 18.06804927674025 -98.70550247390761 138
      vertex 18.06804927674025 -98.70550247390761 85
    endloop
  endfacet
  facet normal 0.9048270524660208 0.42577929156507016 0
    outer loop
      vertex 38.901915891644705 58.847795239776104 138
      vertex 38.468810464305164 59.76819112325411 138
      vertex 38.468810464305164 59.76819112325411 140
    endloop
  endfacet
  facet normal 0.8443279255020153 0.5358267949789962 0
    outer loop
      vertex 38.901915891644705 58.847795239776104 138
      vertex 38.901915891644705 58.847795239776104 140
      vertex 39.44696234556292 57.98893945643097 138
    endloop
  endfacet
  facet normal 0.9048270524660208 0.42577929156507016 0
    outer loop
      vertex 38.901915891644705 58.847795239776104 138
      vertex 38.468810464305164 59.76819112325411 140
      vertex 38.901915891644705 58.847795239776104 140
    endloop
  endfacet
  facet normal 0.8443279255020153 0.5358267949789962 0
    outer loop
      vertex 39.44696234556292 57.98893945643097 138
      vertex 38.901915891644705 58.847795239776104 140
      vertex 39.44696234556292 57.98893945643097 140
    endloop
  endfacet
  facet normal 0 0 1
    outer loop
      vertex 37.96387091935273 61.73480080812914 138
      vertex 37.96387091935273 63.76519919187086 138
      vertex 37.9 62.75 138
    endloop
  endfacet
  facet normal 0 0 1
    outer loop
      vertex 37.96387091935273 61.73480080812914 138
      vertex 38.15447639485809 60.735611913964675 138
      vertex 38.15447639485809 64.76438808603532 138
    endloop
  endfacet
  facet normal 0 0 1
    outer loop
      vertex 38.15447639485809 60.735611913964675 138
      vertex 38.468810464305164 59.76819112325411 138
      vertex 38.468810464305164 65.73180887674589 138
    endloop
  endfacet
  facet normal 0 0 1
    outer loop
      vertex 37.96387091935273 61.73480080812914 138
      vertex 38.15447639485809 64.76438808603532 138
      vertex 37.96387091935273 63.76519919187086 138
    endloop
  endfacet
  facet normal 0 0 1
    outer loop
      vertex 38.15447639485809 60.735611913964675 138
      vertex 38.468810464305164 65.73180887674589 138
      vertex 38.15447639485809 64.76438808603532 138
    endloop
  endfacet
  facet normal 0 0 1
    outer loop
      vertex 38.901915891644705 58.847795239776104 138
      vertex 38.901915891644705 66.6522047602239 138
      vertex 38.468810464305164 59.76819112325411 138
    endloop
  endfacet
  facet normal 0 0 1
    outer loop
      vertex 38.901915891644705 58.847795239776104 138
      vertex 39.44696234556292 57.98893945643097 138
      vertex 39.44696234556292 67.51106054356903 138
    endloop
  endfacet
  facet normal 0 0 1
    outer loop
      vertex 38.468810464305164 59.76819112325411 138
      vertex 38.901915891644705 66.6522047602239 138
      vertex 38.468810464305164 65.73180887674589 138
    endloop
  endfacet
  facet normal 0 0 1
    outer loop
      vertex 38.901915891644705 58.847795239776104 138
      vertex 39.44696234556292 67.51106054356903 138
      vertex 38.901915891644705 66.6522047602239 138
    endloop
  endfacet
  facet normal 0.9980267284282716 0.06279051952931435 0
    outer loop
      vertex 37.96387091935273 61.73480080812914 138
      vertex 37.9 62.75 138
      vertex 37.9 62.75 140
    endloop
  endfacet
  facet normal 0.9510565162951525 0.30901699437495095 0
    outer loop
      vertex 38.15447639485809 60.735611913964675 138
      vertex 38.15447639485809 60.735611913964675 140
      vertex 38.468810464305164 59.76819112325411 138
    endloop
  endfacet
  facet normal 0.9822872507286889 0.18738131458572332 0
    outer loop
      vertex 37.96387091935273 61.73480080812914 138
      vertex 37.96387091935273 61.73480080812914 140
      vertex 38.15447639485809 60.735611913964675 138
    endloop
  endfacet
  facet normal 0.9980267284282716 0.06279051952931435 0
    outer loop
      vertex 37.96387091935273 61.73480080812914 138
      vertex 37.9 62.75 140
      vertex 37.96387091935273 61.73480080812914 140
    endloop
  endfacet
  facet normal 0.9822872507286889 0.18738131458572332 0
    outer loop
      vertex 38.15447639485809 60.735611913964675 138
      vertex 37.96387091935273 61.73480080812914 140
      vertex 38.15447639485809 60.735611913964675 140
    endloop
  endfacet
  facet normal 0.9510565162951525 0.30901699437495095 0
    outer loop
      vertex 38.468810464305164 59.76819112325411 138
      vertex 38.15447639485809 60.735611913964675 140
      vertex 38.468810464305164 59.76819112325411 140
    endloop
  endfacet
  facet normal 0.9980267284282716 -0.06279051952931435 0
    outer loop
      vertex 37.9 62.75 138
      vertex 37.96387091935273 63.76519919187086 138
      vertex 37.96387091935273 63.76519919187086 140
    endloop
  endfacet
  facet normal 0.9822872507286889 -0.18738131458572332 0
    outer loop
      vertex 37.96387091935273 63.76519919187086 138
      vertex 38.15447639485809 64.76438808603532 138
      vertex 38.15447639485809 64.76438808603532 140
    endloop
  endfacet
  facet normal 0.9510565162951525 -0.30901699437495095 0
    outer loop
      vertex 38.15447639485809 64.76438808603532 138
      vertex 38.468810464305164 65.73180887674589 138
      vertex 38.468810464305164 65.73180887674589 140
    endloop
  endfacet
  facet normal 0.9980267284282716 -0.06279051952931435 0
    outer loop
      vertex 37.9 62.75 138
      vertex 37.96387091935273 63.76519919187086 140
      vertex 37.9 62.75 140
    endloop
  endfacet
  facet normal 0.9822872507286889 -0.18738131458572332 0
    outer loop
      vertex 37.96387091935273 63.76519919187086 138
      vertex 38.15447639485809 64.76438808603532 140
      vertex 37.96387091935273 63.76519919187086 140
    endloop
  endfacet
  facet normal 0.9510565162951525 -0.30901699437495095 0
    outer loop
      vertex 38.15447639485809 64.76438808603532 138
      vertex 38.468810464305164 65.73180887674589 140
      vertex 38.15447639485809 64.76438808603532 140
    endloop
  endfacet
  facet normal 0.7705132427757906 0.6374239897486881 0
    outer loop
      vertex 39.44696234556292 57.98893945643097 138
      vertex 39.44696234556292 57.98893945643097 140
      vertex 40.095354117886565 57.20516844197762 138
    endloop
  endfacet
  facet normal 0.7705132427757906 0.6374239897486881 0
    outer loop
      vertex 40.095354117886565 57.20516844197762 138
      vertex 39.44696234556292 57.98893945643097 140
      vertex 40.095354117886565 57.20516844197762 140
    endloop
  endfacet
  facet normal 0.5877852522924679 0.8090169943749513 0
    outer loop
      vertex 40.83686568303561 56.508842733516104 138
      vertex 40.83686568303561 56.508842733516104 140
      vertex 41.65980296067013 55.91094380343368 138
    endloop
  endfacet
  facet normal 0.684547105928689 0.7289686274214112 0
    outer loop
      vertex 40.83686568303561 56.508842733516104 138
      vertex 40.095354117886565 57.20516844197762 140
      vertex 40.83686568303561 56.508842733516104 140
    endloop
  endfacet
  facet normal 0.684547105928689 0.7289686274214112 0
    outer loop
      vertex 40.095354117886565 57.20516844197762 138
      vertex 40.095354117886565 57.20516844197762 140
      vertex 40.83686568303561 56.508842733516104 138
    endloop
  endfacet
  facet normal 0 0 1
    outer loop
      vertex 39.44696234556292 57.98893945643097 138
      vertex 40.095354117886565 57.20516844197762 138
      vertex 40.095354117886565 68.29483155802238 138
    endloop
  endfacet
  facet normal 0 0 1
    outer loop
      vertex 39.44696234556292 57.98893945643097 138
      vertex 40.095354117886565 68.29483155802238 138
      vertex 39.44696234556292 67.51106054356903 138
    endloop
  endfacet
  facet normal 0 0 1
    outer loop
      vertex 40.095354117886565 57.20516844197762 138
      vertex 40.83686568303561 56.508842733516104 138
      vertex 40.83686568303561 68.9911572664839 138
    endloop
  endfacet
  facet normal 0 0 1
    outer loop
      vertex 40.095354117886565 57.20516844197762 138
      vertex 40.83686568303561 68.9911572664839 138
      vertex 40.095354117886565 68.29483155802238 138
    endloop
  endfacet
  facet normal 0 0 1
    outer loop
      vertex 40.83686568303561 56.508842733516104 138
      vertex 41.65980296067013 69.58905619656632 138
      vertex 40.83686568303561 68.9911572664839 138
    endloop
  endfacet
  facet normal 0.9048270524660208 -0.42577929156507016 0
    outer loop
      vertex 38.468810464305164 65.73180887674589 138
      vertex 38.901915891644705 66.6522047602239 138
      vertex 38.901915891644705 66.6522047602239 140
    endloop
  endfacet
  facet normal 0.8443279255020153 -0.5358267949789962 0
    outer loop
      vertex 38.901915891644705 66.6522047602239 138
      vertex 39.44696234556292 67.51106054356903 138
      vertex 39.44696234556292 67.51106054356903 140
    endloop
  endfacet
  facet normal 0.9048270524660208 -0.42577929156507016 0
    outer loop
      vertex 38.468810464305164 65.73180887674589 138
      vertex 38.901915891644705 66.6522047602239 140
      vertex 38.468810464305164 65.73180887674589 140
    endloop
  endfacet
  facet normal 0.8443279255020153 -0.5358267949789962 0
    outer loop
      vertex 38.901915891644705 66.6522047602239 138
      vertex 39.44696234556292 67.51106054356903 140
      vertex 38.901915891644705 66.6522047602239 140
    endloop
  endfacet
  facet normal 0.7705132427757906 -0.6374239897486881 0
    outer loop
      vertex 39.44696234556292 67.51106054356903 138
      vertex 40.095354117886565 68.29483155802238 138
      vertex 40.095354117886565 68.29483155802238 140
    endloop
  endfacet
  facet normal 0.7705132427757906 -0.6374239897486881 0
    outer loop
      vertex 39.44696234556292 67.51106054356903 138
      vertex 40.095354117886565 68.29483155802238 140
      vertex 39.44696234556292 67.51106054356903 140
    endloop
  endfacet
  facet normal 0.684547105928689 -0.7289686274214112 0
    outer loop
      vertex 40.095354117886565 68.29483155802238 138
      vertex 40.83686568303561 68.9911572664839 138
      vertex 40.83686568303561 68.9911572664839 140
    endloop
  endfacet
  facet normal 0.684547105928689 -0.7289686274214112 0
    outer loop
      vertex 40.095354117886565 68.29483155802238 138
      vertex 40.83686568303561 68.9911572664839 140
      vertex 40.095354117886565 68.29483155802238 140
    endloop
  endfacet
  facet normal 0.5877852522924679 -0.8090169943749513 0
    outer loop
      vertex 40.83686568303561 68.9911572664839 138
      vertex 41.65980296067013 69.58905619656632 140
      vertex 40.83686568303561 68.9911572664839 140
    endloop
  endfacet
  facet normal 0 0 1
    outer loop
      vertex 41.65980296067013 55.91094380343368 138
      vertex 42.551187738322916 55.42090087502524 138
      vertex 42.319511943815776 60.726634568772795 138
    endloop
  endfacet
  facet normal 0 0 1
    outer loop
      vertex 41.65980296067013 55.91094380343368 138
      vertex 42.09493875926935 61.20387687872435 138
      vertex 41.931950723259746 61.70550247390761 138
    endloop
  endfacet
  facet normal 0 0 1
    outer loop
      vertex 41.65980296067013 55.91094380343368 138
      vertex 42.319511943815776 60.726634568772795 138
      vertex 42.09493875926935 61.20387687872435 138
    endloop
  endfacet
  facet normal 0 0 1
    outer loop
      vertex 42.551187738322916 55.42090087502524 138
      vertex 43.49696234556293 55.046442218009254 138
      vertex 43.322819243055505 59.51384438034169 138
    endloop
  endfacet
  facet normal 0 0 1
    outer loop
      vertex 42.551187738322916 55.42090087502524 138
      vertex 42.60212862362522 60.28130194037161 138
      vertex 42.319511943815776 60.726634568772795 138
    endloop
  endfacet
  facet normal 0 0 1
    outer loop
      vertex 42.551187738322916 55.42090087502524 138
      vertex 43.322819243055505 59.51384438034169 138
      vertex 42.93833176483007 59.874902155099505 138
    endloop
  endfacet
  facet normal 0 0 1
    outer loop
      vertex 42.551187738322916 55.42090087502524 138
      vertex 42.93833176483007 59.874902155099505 138
      vertex 42.60212862362522 60.28130194037161 138
    endloop
  endfacet
  facet normal 0.4817536741017182 0.876306680043862 0
    outer loop
      vertex 41.65980296067013 55.91094380343368 138
      vertex 41.65980296067013 55.91094380343368 140
      vertex 42.551187738322916 55.42090087502524 138
    endloop
  endfacet
  facet normal 0.5877852522924679 0.8090169943749513 0
    outer loop
      vertex 41.65980296067013 55.91094380343368 138
      vertex 40.83686568303561 56.508842733516104 140
      vertex 41.65980296067013 55.91094380343368 140
    endloop
  endfacet
  facet normal 0.36812455268467864 0.9297764858882511 0
    outer loop
      vertex 42.551187738322916 55.42090087502524 138
      vertex 42.551187738322916 55.42090087502524 140
      vertex 43.49696234556293 55.046442218009254 138
    endloop
  endfacet
  facet normal 0.4817536741017182 0.876306680043862 0
    outer loop
      vertex 42.551187738322916 55.42090087502524 138
      vertex 41.65980296067013 55.91094380343368 140
      vertex 42.551187738322916 55.42090087502524 140
    endloop
  endfacet
  facet normal 0 0 1
    outer loop
      vertex 40.83686568303561 56.508842733516104 138
      vertex 41.65980296067013 55.91094380343368 138
      vertex 41.65980296067013 69.58905619656632 138
    endloop
  endfacet
  facet normal 0 0 1
    outer loop
      vertex 41.65980296067013 55.91094380343368 138
      vertex 41.8 62.75 138
      vertex 41.65980296067013 69.58905619656632 138
    endloop
  endfacet
  facet normal 0 0 1
    outer loop
      vertex 41.65980296067013 55.91094380343368 138
      vertex 41.931950723259746 61.70550247390761 138
      vertex 41.833118254479196 62.22360041902992 138
    endloop
  endfacet
  facet normal 0 0 1
    outer loop
      vertex 41.65980296067013 55.91094380343368 138
      vertex 41.833118254479196 62.22360041902992 138
      vertex 41.8 62.75 138
    endloop
  endfacet
  facet normal 0 0 1
    outer loop
      vertex 41.8 62.75 138
      vertex 41.833118254479196 63.27639958097008 138
      vertex 41.65980296067013 69.58905619656632 138
    endloop
  endfacet
  facet normal 0 0 1
    outer loop
      vertex 41.833118254479196 63.27639958097008 138
      vertex 41.931950723259746 63.79449752609239 138
      vertex 41.65980296067013 69.58905619656632 138
    endloop
  endfacet
  facet normal 0 0 1
    outer loop
      vertex 43.49696234556293 55.046442218009254 138
      vertex 43.74952746108821 59.20382271289154 138
      vertex 43.322819243055505 59.51384438034169 138
    endloop
  endfacet
  facet normal 0 0 1
    outer loop
      vertex 43.49696234556293 55.046442218009254 138
      vertex 44.21172697542669 58.94972637964272 138
      vertex 43.74952746108821 59.20382271289154 138
    endloop
  endfacet
  facet normal 0 0 1
    outer loop
      vertex 43.49696234556293 55.046442218009254 138
      vertex 44.48221135185563 54.793473269097625 138
      vertex 44.21172697542669 58.94972637964272 138
    endloop
  endfacet
  facet normal 0 0 1
    outer loop
      vertex 44.48221135185563 54.793473269097625 138
      vertex 44.70212862362522 58.75556263156035 138
      vertex 44.21172697542669 58.94972637964272 138
    endloop
  endfacet
  facet normal 0 0 1
    outer loop
      vertex 44.48221135185563 54.793473269097625 138
      vertex 45.212998478739955 58.62439354693951 138
      vertex 44.70212862362522 58.75556263156035 138
    endloop
  endfacet
  facet normal 0.2486898871648502 0.9685831611286324 0
    outer loop
      vertex 43.49696234556293 55.046442218009254 138
      vertex 43.49696234556293 55.046442218009254 140
      vertex 44.48221135185563 54.793473269097625 138
    endloop
  endfacet
  facet normal 0.36812455268467864 0.9297764858882511 0
    outer loop
      vertex 43.49696234556293 55.046442218009254 138
      vertex 42.551187738322916 55.42090087502524 140
      vertex 43.49696234556293 55.046442218009254 140
    endloop
  endfacet
  facet normal 0.12533323356430903 0.9921147013144772 0
    outer loop
      vertex 44.48221135185563 54.793473269097625 138
      vertex 44.48221135185563 54.793473269097625 140
      vertex 45.49139679181256 54.665983499731 138
    endloop
  endfacet
  facet normal 0.2486898871648502 0.9685831611286324 0
    outer loop
      vertex 44.48221135185563 54.793473269097625 138
      vertex 43.49696234556293 55.046442218009254 140
      vertex 44.48221135185563 54.793473269097625 140
    endloop
  endfacet
  facet normal 0 0 1
    outer loop
      vertex 41.931950723259746 63.79449752609239 138
      vertex 42.09493875926935 64.29612312127564 138
      vertex 41.65980296067013 69.58905619656632 138
    endloop
  endfacet
  facet normal 0 0 1
    outer loop
      vertex 42.09493875926935 64.29612312127564 138
      vertex 42.319511943815776 64.7733654312272 138
      vertex 41.65980296067013 69.58905619656632 138
    endloop
  endfacet
  facet normal 0 0 1
    outer loop
      vertex 42.319511943815776 64.7733654312272 138
      vertex 42.55118773832291 70.07909912497476 138
      vertex 41.65980296067013 69.58905619656632 138
    endloop
  endfacet
  facet normal 0 0 1
    outer loop
      vertex 42.319511943815776 64.7733654312272 138
      vertex 42.60212862362522 65.2186980596284 138
      vertex 42.55118773832291 70.07909912497476 138
    endloop
  endfacet
  facet normal 0 0 1
    outer loop
      vertex 42.60212862362522 65.2186980596284 138
      vertex 42.93833176483007 65.6250978449005 138
      vertex 42.55118773832291 70.07909912497476 138
    endloop
  endfacet
  facet normal 0 0 1
    outer loop
      vertex 42.93833176483007 65.6250978449005 138
      vertex 43.322819243055505 65.98615561965832 138
      vertex 42.55118773832291 70.07909912497476 138
    endloop
  endfacet
  facet normal 0 0 1
    outer loop
      vertex 42.55118773832291 70.07909912497476 138
      vertex 43.322819243055505 65.98615561965832 138
      vertex 43.49696234556293 70.45355778199074 138
    endloop
  endfacet
  facet normal 0.5877852522924679 -0.8090169943749513 0
    outer loop
      vertex 40.83686568303561 68.9911572664839 138
      vertex 41.65980296067013 69.58905619656632 138
      vertex 41.65980296067013 69.58905619656632 140
    endloop
  endfacet
  facet normal 0.48175367410172104 -0.8763066800438603 0
    outer loop
      vertex 41.65980296067013 69.58905619656632 138
      vertex 42.55118773832291 70.07909912497476 140
      vertex 41.65980296067013 69.58905619656632 140
    endloop
  endfacet
  facet normal 0.48175367410172104 -0.8763066800438603 0
    outer loop
      vertex 41.65980296067013 69.58905619656632 138
      vertex 42.55118773832291 70.07909912497476 138
      vertex 42.55118773832291 70.07909912497476 140
    endloop
  endfacet
  facet normal 0.3681245526846702 -0.9297764858882545 0
    outer loop
      vertex 42.55118773832291 70.07909912497476 138
      vertex 43.49696234556293 70.45355778199074 140
      vertex 42.55118773832291 70.07909912497476 140
    endloop
  endfacet
  facet normal 0 0 1
    outer loop
      vertex 43.322819243055505 65.98615561965832 138
      vertex 43.74952746108821 66.29617728710846 138
      vertex 43.49696234556293 70.45355778199074 138
    endloop
  endfacet
  facet normal 0 0 1
    outer loop
      vertex 43.74952746108821 66.29617728710846 138
      vertex 44.21172697542669 66.55027362035729 138
      vertex 43.49696234556293 70.45355778199074 138
    endloop
  endfacet
  facet normal 0 0 1
    outer loop
      vertex 43.49696234556293 70.45355778199074 138
      vertex 44.21172697542669 66.55027362035729 138
      vertex 44.70212862362522 66.74443736843965 138
    endloop
  endfacet
  facet normal 0 0 1
    outer loop
      vertex 44.70212862362522 66.74443736843965 138
      vertex 45.212998478739955 66.8756064530605 138
      vertex 44.48221135185563 70.70652673090238 138
    endloop
  endfacet
  facet normal 0 0 1
    outer loop
      vertex 43.49696234556293 70.45355778199074 138
      vertex 44.70212862362522 66.74443736843965 138
      vertex 44.48221135185563 70.70652673090238 138
    endloop
  endfacet
  facet normal 0.3681245526846702 -0.9297764858882545 0
    outer loop
      vertex 42.55118773832291 70.07909912497476 138
      vertex 43.49696234556293 70.45355778199074 138
      vertex 43.49696234556293 70.45355778199074 140
    endloop
  endfacet
  facet normal 0.24868988716486323 -0.9685831611286289 0
    outer loop
      vertex 43.49696234556293 70.45355778199074 138
      vertex 44.48221135185563 70.70652673090238 140
      vertex 43.49696234556293 70.45355778199074 140
    endloop
  endfacet
  facet normal 0.24868988716486323 -0.9685831611286289 0
    outer loop
      vertex 43.49696234556293 70.45355778199074 138
      vertex 44.48221135185563 70.70652673090238 138
      vertex 44.48221135185563 70.70652673090238 140
    endloop
  endfacet
  facet normal 0.12533323356430218 -0.9921147013144781 0
    outer loop
      vertex 44.48221135185563 70.70652673090238 138
      vertex 45.49139679181256 70.834016500269 140
      vertex 44.48221135185563 70.70652673090238 140
    endloop
  endfacet
  facet normal 0 0 1
    outer loop
      vertex 44.48221135185563 54.793473269097625 138
      vertex 45.49139679181256 54.665983499731 138
      vertex 45.212998478739955 58.62439354693951 138
    endloop
  endfacet
  facet normal 0 0 1
    outer loop
      vertex 45.49139679181256 54.665983499731 138
      vertex 45.73627981797688 58.55828774060126 138
      vertex 45.212998478739955 58.62439354693951 138
    endloop
  endfacet
  facet normal 0 0 1
    outer loop
      vertex 45.49139679181256 54.665983499731 138
      vertex 46.26372018202312 58.55828774060126 138
      vertex 45.73627981797688 58.55828774060126 138
    endloop
  endfacet
  facet normal 0 0 1
    outer loop
      vertex 45.49139679181256 54.665983499731 138
      vertex 46.50860320818744 54.665983499731 138
      vertex 46.26372018202312 58.55828774060126 138
    endloop
  endfacet
  facet normal 0 0 1
    outer loop
      vertex 46.50860320818744 54.665983499731 138
      vertex 47.51778864814437 54.793473269097625 138
      vertex 46.26372018202312 58.55828774060126 138
    endloop
  endfacet
  facet normal 0 0 1
    outer loop
      vertex 46.26372018202312 58.55828774060126 138
      vertex 47.51778864814437 54.793473269097625 138
      vertex 46.787001521260045 58.62439354693951 138
    endloop
  endfacet
  facet normal 0 1 0
    outer loop
      vertex 45.49139679181256 54.665983499731 138
      vertex 45.49139679181256 54.665983499731 140
      vertex 46.50860320818744 54.665983499731 138
    endloop
  endfacet
  facet normal 0.12533323356430903 0.9921147013144772 0
    outer loop
      vertex 45.49139679181256 54.665983499731 138
      vertex 44.48221135185563 54.793473269097625 140
      vertex 45.49139679181256 54.665983499731 140
    endloop
  endfacet
  facet normal -0.12533323356430903 0.9921147013144772 0
    outer loop
      vertex 46.50860320818744 54.665983499731 138
      vertex 46.50860320818744 54.665983499731 140
      vertex 47.51778864814437 54.793473269097625 138
    endloop
  endfacet
  facet normal 0 1 0
    outer loop
      vertex 46.50860320818744 54.665983499731 138
      vertex 45.49139679181256 54.665983499731 140
      vertex 46.50860320818744 54.665983499731 140
    endloop
  endfacet
  facet normal 0 0 1
    outer loop
      vertex 47.51778864814437 54.793473269097625 138
      vertex 48.50303765443707 55.046442218009254 138
      vertex 47.29787137637478 58.75556263156035 138
    endloop
  endfacet
  facet normal 0 0 1
    outer loop
      vertex 46.787001521260045 58.62439354693951 138
      vertex 47.51778864814437 54.793473269097625 138
      vertex 47.29787137637478 58.75556263156035 138
    endloop
  endfacet
  facet normal 0 0 1
    outer loop
      vertex 47.29787137637478 58.75556263156035 138
      vertex 48.50303765443707 55.046442218009254 138
      vertex 47.78827302457331 58.94972637964272 138
    endloop
  endfacet
  facet normal 0 0 1
    outer loop
      vertex 47.78827302457331 58.94972637964272 138
      vertex 48.50303765443707 55.046442218009254 138
      vertex 48.25047253891179 59.20382271289154 138
    endloop
  endfacet
  facet normal 0 0 1
    outer loop
      vertex 48.50303765443707 55.046442218009254 138
      vertex 48.677180756944495 59.51384438034169 138
      vertex 48.25047253891179 59.20382271289154 138
    endloop
  endfacet
  facet normal -0.12533323356430903 0.9921147013144772 0
    outer loop
      vertex 47.51778864814437 54.793473269097625 138
      vertex 46.50860320818744 54.665983499731 140
      vertex 47.51778864814437 54.793473269097625 140
    endloop
  endfacet
  facet normal -0.2486898871648502 0.9685831611286324 0
    outer loop
      vertex 47.51778864814437 54.793473269097625 138
      vertex 47.51778864814437 54.793473269097625 140
      vertex 48.50303765443707 55.046442218009254 138
    endloop
  endfacet
  facet normal -0.2486898871648502 0.9685831611286324 0
    outer loop
      vertex 48.50303765443707 55.046442218009254 138
      vertex 47.51778864814437 54.793473269097625 140
      vertex 48.50303765443707 55.046442218009254 140
    endloop
  endfacet
  facet normal 0 0 1
    outer loop
      vertex 44.48221135185563 70.70652673090238 138
      vertex 45.212998478739955 66.8756064530605 138
      vertex 45.736279817976886 66.94171225939874 138
    endloop
  endfacet
  facet normal 0 0 1
    outer loop
      vertex 44.48221135185563 70.70652673090238 138
      vertex 45.736279817976886 66.94171225939874 138
      vertex 45.49139679181256 70.834016500269 138
    endloop
  endfacet
  facet normal 0 0 1
    outer loop
      vertex 45.736279817976886 66.94171225939874 138
      vertex 46.50860320818744 70.834016500269 138
      vertex 45.49139679181256 70.834016500269 138
    endloop
  endfacet
  facet normal 0 0 1
    outer loop
      vertex 45.736279817976886 66.94171225939874 138
      vertex 46.263720182023114 66.94171225939874 138
      vertex 46.50860320818744 70.834016500269 138
    endloop
  endfacet
  facet normal 0 0 1
    outer loop
      vertex 46.263720182023114 66.94171225939874 138
      vertex 46.787001521260045 66.8756064530605 138
      vertex 46.50860320818744 70.834016500269 138
    endloop
  endfacet
  facet normal 0.12533323356430218 -0.9921147013144781 0
    outer loop
      vertex 44.48221135185563 70.70652673090238 138
      vertex 45.49139679181256 70.834016500269 138
      vertex 45.49139679181256 70.834016500269 140
    endloop
  endfacet
  facet normal 0 -1 0
    outer loop
      vertex 45.49139679181256 70.834016500269 138
      vertex 46.50860320818744 70.834016500269 140
      vertex 45.49139679181256 70.834016500269 140
    endloop
  endfacet
  facet normal 0 -1 0
    outer loop
      vertex 45.49139679181256 70.834016500269 138
      vertex 46.50860320818744 70.834016500269 138
      vertex 46.50860320818744 70.834016500269 140
    endloop
  endfacet
  facet normal -0.12533323356430218 -0.9921147013144781 0
    outer loop
      vertex 46.50860320818744 70.834016500269 138
      vertex 47.51778864814437 70.70652673090238 140
      vertex 46.50860320818744 70.834016500269 140
    endloop
  endfacet
  facet normal 0 0 1
    outer loop
      vertex 46.787001521260045 66.8756064530605 138
      vertex 47.29787137637478 66.74443736843965 138
      vertex 47.51778864814437 70.70652673090238 138
    endloop
  endfacet
  facet normal 0 0 1
    outer loop
      vertex 47.29787137637478 66.74443736843965 138
      vertex 47.78827302457331 66.55027362035729 138
      vertex 47.51778864814437 70.70652673090238 138
    endloop
  endfacet
  facet normal 0 0 1
    outer loop
      vertex 46.787001521260045 66.8756064530605 138
      vertex 47.51778864814437 70.70652673090238 138
      vertex 46.50860320818744 70.834016500269 138
    endloop
  endfacet
  facet normal 0 0 1
    outer loop
      vertex 47.78827302457331 66.55027362035729 138
      vertex 48.25047253891179 66.29617728710846 138
      vertex 48.50303765443707 70.45355778199074 138
    endloop
  endfacet
  facet normal 0 0 1
    outer loop
      vertex 48.25047253891179 66.29617728710846 138
      vertex 48.677180756944495 65.98615561965832 138
      vertex 48.50303765443707 70.45355778199074 138
    endloop
  endfacet
  facet normal 0 0 1
    outer loop
      vertex 47.78827302457331 66.55027362035729 138
      vertex 48.50303765443707 70.45355778199074 138
      vertex 47.51778864814437 70.70652673090238 138
    endloop
  endfacet
  facet normal -0.12533323356430218 -0.9921147013144781 0
    outer loop
      vertex 46.50860320818744 70.834016500269 138
      vertex 47.51778864814437 70.70652673090238 138
      vertex 47.51778864814437 70.70652673090238 140
    endloop
  endfacet
  facet normal -0.24868988716486323 -0.9685831611286289 0
    outer loop
      vertex 47.51778864814437 70.70652673090238 138
      vertex 48.50303765443707 70.45355778199074 138
      vertex 48.50303765443707 70.45355778199074 140
    endloop
  endfacet
  facet normal -0.24868988716486323 -0.9685831611286289 0
    outer loop
      vertex 47.51778864814437 70.70652673090238 138
      vertex 48.50303765443707 70.45355778199074 140
      vertex 47.51778864814437 70.70652673090238 140
    endloop
  endfacet
  facet normal 0 0 1
    outer loop
      vertex 48.50303765443707 55.046442218009254 138
      vertex 49.448812261677084 55.42090087502524 138
      vertex 48.677180756944495 59.51384438034169 138
    endloop
  endfacet
  facet normal 0 0 1
    outer loop
      vertex 48.677180756944495 59.51384438034169 138
      vertex 49.448812261677084 55.42090087502524 138
      vertex 49.06166823516993 59.874902155099505 138
    endloop
  endfacet
  facet normal 0 0 1
    outer loop
      vertex 49.448812261677084 55.42090087502524 138
      vertex 49.39787137637478 60.28130194037161 138
      vertex 49.06166823516993 59.874902155099505 138
    endloop
  endfacet
  facet normal 0 0 1
    outer loop
      vertex 49.448812261677084 55.42090087502524 138
      vertex 49.680488056184224 60.726634568772795 138
      vertex 49.39787137637478 60.28130194037161 138
    endloop
  endfacet
  facet normal 0 0 1
    outer loop
      vertex 49.448812261677084 55.42090087502524 138
      vertex 50.340197039329865 55.910943803433675 138
      vertex 49.680488056184224 60.726634568772795 138
    endloop
  endfacet
  facet normal 0 0 1
    outer loop
      vertex 50.340197039329865 55.910943803433675 138
      vertex 49.90506124073065 61.20387687872435 138
      vertex 49.680488056184224 60.726634568772795 138
    endloop
  endfacet
  facet normal 0 0 1
    outer loop
      vertex 50.340197039329865 55.910943803433675 138
      vertex 50.068049276740254 61.705502473907615 138
      vertex 49.90506124073065 61.20387687872435 138
    endloop
  endfacet
  facet normal -0.36812455268467864 0.9297764858882511 0
    outer loop
      vertex 48.50303765443707 55.046442218009254 138
      vertex 48.50303765443707 55.046442218009254 140
      vertex 49.448812261677084 55.42090087502524 138
    endloop
  endfacet
  facet normal -0.36812455268467864 0.9297764858882511 0
    outer loop
      vertex 49.448812261677084 55.42090087502524 138
      vertex 48.50303765443707 55.046442218009254 140
      vertex 49.448812261677084 55.42090087502524 140
    endloop
  endfacet
  facet normal -0.48175367410171577 0.8763066800438634 0
    outer loop
      vertex 49.448812261677084 55.42090087502524 138
      vertex 49.448812261677084 55.42090087502524 140
      vertex 50.340197039329865 55.910943803433675 138
    endloop
  endfacet
  facet normal -0.5877852522924737 0.809016994374947 0
    outer loop
      vertex 50.340197039329865 55.910943803433675 138
      vertex 50.340197039329865 55.910943803433675 140
      vertex 51.16313431696439 56.50884273351611 138
    endloop
  endfacet
  facet normal -0.48175367410171577 0.8763066800438634 0
    outer loop
      vertex 50.340197039329865 55.910943803433675 138
      vertex 49.448812261677084 55.42090087502524 140
      vertex 50.340197039329865 55.910943803433675 140
    endloop
  endfacet
  facet normal 0 0 1
    outer loop
      vertex 50.340197039329865 55.910943803433675 138
      vertex 50.166881745520804 62.22360041902992 138
      vertex 50.068049276740254 61.705502473907615 138
    endloop
  endfacet
  facet normal 0 0 1
    outer loop
      vertex 50.340197039329865 55.910943803433675 138
      vertex 50.2 62.75 138
      vertex 50.166881745520804 62.22360041902992 138
    endloop
  endfacet
  facet normal 0 0 1
    outer loop
      vertex 50.340197039329865 55.910943803433675 138
      vertex 50.34019703932987 69.58905619656632 138
      vertex 50.2 62.75 138
    endloop
  endfacet
  facet normal 0 0 1
    outer loop
      vertex 50.2 62.75 138
      vertex 50.34019703932987 69.58905619656632 138
      vertex 50.166881745520804 63.27639958097008 138
    endloop
  endfacet
  facet normal 0 0 1
    outer loop
      vertex 50.068049276740254 63.79449752609239 138
      vertex 50.166881745520804 63.27639958097008 138
      vertex 50.34019703932987 69.58905619656632 138
    endloop
  endfacet
  facet normal 0 0 1
    outer loop
      vertex 50.340197039329865 55.910943803433675 138
      vertex 51.16313431696439 68.9911572664839 138
      vertex 50.34019703932987 69.58905619656632 138
    endloop
  endfacet
  facet normal -0.6845471059286853 0.7289686274214148 0
    outer loop
      vertex 51.16313431696439 56.50884273351611 138
      vertex 51.16313431696439 56.50884273351611 140
      vertex 51.904645882113435 57.20516844197762 138
    endloop
  endfacet
  facet normal -0.5877852522924737 0.809016994374947 0
    outer loop
      vertex 51.16313431696439 56.50884273351611 138
      vertex 50.340197039329865 55.910943803433675 140
      vertex 51.16313431696439 56.50884273351611 140
    endloop
  endfacet
  facet normal -0.7705132427757906 0.6374239897486881 0
    outer loop
      vertex 51.904645882113435 57.20516844197762 138
      vertex 51.904645882113435 57.20516844197762 140
      vertex 52.55303765443708 57.98893945643097 138
    endloop
  endfacet
  facet normal -0.6845471059286853 0.7289686274214148 0
    outer loop
      vertex 51.904645882113435 57.20516844197762 138
      vertex 51.16313431696439 56.50884273351611 140
      vertex 51.904645882113435 57.20516844197762 140
    endloop
  endfacet
  facet normal -0.7705132427757906 0.6374239897486881 0
    outer loop
      vertex 52.55303765443708 57.98893945643097 138
      vertex 51.904645882113435 57.20516844197762 140
      vertex 52.55303765443708 57.98893945643097 140
    endloop
  endfacet
  facet normal 0 0 1
    outer loop
      vertex 50.340197039329865 55.910943803433675 138
      vertex 51.16313431696439 56.50884273351611 138
      vertex 51.16313431696439 68.9911572664839 138
    endloop
  endfacet
  facet normal 0 0 1
    outer loop
      vertex 51.16313431696439 56.50884273351611 138
      vertex 51.904645882113435 68.29483155802238 138
      vertex 51.16313431696439 68.9911572664839 138
    endloop
  endfacet
  facet normal 0 0 1
    outer loop
      vertex 51.16313431696439 56.50884273351611 138
      vertex 51.904645882113435 57.20516844197762 138
      vertex 51.904645882113435 68.29483155802238 138
    endloop
  endfacet
  facet normal 0 0 1
    outer loop
      vertex 51.904645882113435 57.20516844197762 138
      vertex 52.55303765443708 57.98893945643097 138
      vertex 52.55303765443708 67.51106054356903 138
    endloop
  endfacet
  facet normal 0 0 1
    outer loop
      vertex 51.904645882113435 57.20516844197762 138
      vertex 52.55303765443708 67.51106054356903 138
      vertex 51.904645882113435 68.29483155802238 138
    endloop
  endfacet
  facet normal 0 0 1
    outer loop
      vertex 48.677180756944495 65.98615561965832 138
      vertex 49.061668235169925 65.6250978449005 138
      vertex 49.44881226167709 70.07909912497476 138
    endloop
  endfacet
  facet normal 0 0 1
    outer loop
      vertex 49.39787137637478 65.2186980596284 138
      vertex 49.44881226167709 70.07909912497476 138
      vertex 49.061668235169925 65.6250978449005 138
    endloop
  endfacet
  facet normal 0 0 1
    outer loop
      vertex 49.39787137637478 65.2186980596284 138
      vertex 49.680488056184224 64.7733654312272 138
      vertex 49.44881226167709 70.07909912497476 138
    endloop
  endfacet
  facet normal 0 0 1
    outer loop
      vertex 48.677180756944495 65.98615561965832 138
      vertex 49.44881226167709 70.07909912497476 138
      vertex 48.50303765443707 70.45355778199074 138
    endloop
  endfacet
  facet normal 0 0 1
    outer loop
      vertex 49.680488056184224 64.7733654312272 138
      vertex 49.90506124073065 64.29612312127564 138
      vertex 50.34019703932987 69.58905619656632 138
    endloop
  endfacet
  facet normal 0 0 1
    outer loop
      vertex 50.068049276740254 63.79449752609239 138
      vertex 50.34019703932987 69.58905619656632 138
      vertex 49.90506124073065 64.29612312127564 138
    endloop
  endfacet
  facet normal 0 0 1
    outer loop
      vertex 49.680488056184224 64.7733654312272 138
      vertex 50.34019703932987 69.58905619656632 138
      vertex 49.44881226167709 70.07909912497476 138
    endloop
  endfacet
  facet normal -0.3681245526846702 -0.9297764858882545 0
    outer loop
      vertex 48.50303765443707 70.45355778199074 138
      vertex 49.44881226167709 70.07909912497476 138
      vertex 49.44881226167709 70.07909912497476 140
    endloop
  endfacet
  facet normal -0.3681245526846702 -0.9297764858882545 0
    outer loop
      vertex 48.50303765443707 70.45355778199074 138
      vertex 49.44881226167709 70.07909912497476 140
      vertex 48.50303765443707 70.45355778199074 140
    endloop
  endfacet
  facet normal -0.48175367410172104 -0.8763066800438603 0
    outer loop
      vertex 49.44881226167709 70.07909912497476 138
      vertex 50.34019703932987 69.58905619656632 138
      vertex 50.34019703932987 69.58905619656632 140
    endloop
  endfacet
  facet normal -0.48175367410172104 -0.8763066800438603 0
    outer loop
      vertex 49.44881226167709 70.07909912497476 138
      vertex 50.34019703932987 69.58905619656632 140
      vertex 49.44881226167709 70.07909912497476 140
    endloop
  endfacet
  facet normal -0.5877852522924679 -0.8090169943749513 0
    outer loop
      vertex 50.34019703932987 69.58905619656632 138
      vertex 51.16313431696439 68.9911572664839 140
      vertex 50.34019703932987 69.58905619656632 140
    endloop
  endfacet
  facet normal -0.684547105928689 -0.7289686274214112 0
    outer loop
      vertex 51.16313431696439 68.9911572664839 138
      vertex 51.904645882113435 68.29483155802238 140
      vertex 51.16313431696439 68.9911572664839 140
    endloop
  endfacet
  facet normal -0.5877852522924679 -0.8090169943749513 0
    outer loop
      vertex 50.34019703932987 69.58905619656632 138
      vertex 51.16313431696439 68.9911572664839 138
      vertex 51.16313431696439 68.9911572664839 140
    endloop
  endfacet
  facet normal -0.684547105928689 -0.7289686274214112 0
    outer loop
      vertex 51.16313431696439 68.9911572664839 138
      vertex 51.904645882113435 68.29483155802238 138
      vertex 51.904645882113435 68.29483155802238 140
    endloop
  endfacet
  facet normal -0.7705132427757906 -0.6374239897486881 0
    outer loop
      vertex 51.904645882113435 68.29483155802238 138
      vertex 52.55303765443708 67.51106054356903 138
      vertex 52.55303765443708 67.51106054356903 140
    endloop
  endfacet
  facet normal -0.7705132427757906 -0.6374239897486881 0
    outer loop
      vertex 51.904645882113435 68.29483155802238 138
      vertex 52.55303765443708 67.51106054356903 140
      vertex 51.904645882113435 68.29483155802238 140
    endloop
  endfacet
  facet normal -0.8443279255020153 0.5358267949789962 0
    outer loop
      vertex 52.55303765443708 57.98893945643097 138
      vertex 52.55303765443708 57.98893945643097 140
      vertex 53.098084108355295 58.847795239776104 138
    endloop
  endfacet
  facet normal -0.9048270524660196 0.4257792915650729 0
    outer loop
      vertex 53.098084108355295 58.847795239776104 138
      vertex 53.098084108355295 58.847795239776104 140
      vertex 53.531189535694836 59.768191123254105 138
    endloop
  endfacet
  facet normal -0.8443279255020153 0.5358267949789962 0
    outer loop
      vertex 53.098084108355295 58.847795239776104 138
      vertex 52.55303765443708 57.98893945643097 140
      vertex 53.098084108355295 58.847795239776104 140
    endloop
  endfacet
  facet normal -0.9048270524660196 0.4257792915650729 0
    outer loop
      vertex 53.531189535694836 59.768191123254105 138
      vertex 53.098084108355295 58.847795239776104 140
      vertex 53.531189535694836 59.768191123254105 140
    endloop
  endfacet
  facet normal 0 0 1
    outer loop
      vertex 52.55303765443708 57.98893945643097 138
      vertex 53.098084108355295 58.847795239776104 138
      vertex 53.098084108355295 66.6522047602239 138
    endloop
  endfacet
  facet normal 0 0 1
    outer loop
      vertex 53.098084108355295 58.847795239776104 138
      vertex 53.531189535694836 59.768191123254105 138
      vertex 53.531189535694836 65.73180887674589 138
    endloop
  endfacet
  facet normal 0 0 1
    outer loop
      vertex 52.55303765443708 57.98893945643097 138
      vertex 53.098084108355295 66.6522047602239 138
      vertex 52.55303765443708 67.51106054356903 138
    endloop
  endfacet
  facet normal 0 0 1
    outer loop
      vertex 53.098084108355295 58.847795239776104 138
      vertex 53.531189535694836 65.73180887674589 138
      vertex 53.098084108355295 66.6522047602239 138
    endloop
  endfacet
  facet normal 0 0 1
    outer loop
      vertex 53.531189535694836 59.768191123254105 138
      vertex 53.84552360514191 60.73561191396468 138
      vertex 53.84552360514191 64.76438808603532 138
    endloop
  endfacet
  facet normal 0 0 1
    outer loop
      vertex 53.84552360514191 60.73561191396468 138
      vertex 54.03612908064727 61.73480080812914 138
      vertex 54.03612908064727 63.76519919187086 138
    endloop
  endfacet
  facet normal 0 0 1
    outer loop
      vertex 54.03612908064727 61.73480080812914 138
      vertex 54.1 62.75 138
      vertex 54.03612908064727 63.76519919187086 138
    endloop
  endfacet
  facet normal 0 0 1
    outer loop
      vertex 53.531189535694836 59.768191123254105 138
      vertex 53.84552360514191 64.76438808603532 138
      vertex 53.531189535694836 65.73180887674589 138
    endloop
  endfacet
  facet normal 0 0 1
    outer loop
      vertex 53.84552360514191 60.73561191396468 138
      vertex 54.03612908064727 63.76519919187086 138
      vertex 53.84552360514191 64.76438808603532 138
    endloop
  endfacet
  facet normal -0.9510565162951539 0.30901699437494684 0
    outer loop
      vertex 53.531189535694836 59.768191123254105 138
      vertex 53.531189535694836 59.768191123254105 140
      vertex 53.84552360514191 60.73561191396468 138
    endloop
  endfacet
  facet normal -0.9822872507286886 0.1873813145857246 0
    outer loop
      vertex 53.84552360514191 60.73561191396468 138
      vertex 53.84552360514191 60.73561191396468 140
      vertex 54.03612908064727 61.73480080812914 138
    endloop
  endfacet
  facet normal -0.9980267284282716 0.06279051952931435 0
    outer loop
      vertex 54.03612908064727 61.73480080812914 138
      vertex 54.03612908064727 61.73480080812914 140
      vertex 54.1 62.75 138
    endloop
  endfacet
  facet normal -0.9510565162951539 0.30901699437494684 0
    outer loop
      vertex 53.84552360514191 60.73561191396468 138
      vertex 53.531189535694836 59.768191123254105 140
      vertex 53.84552360514191 60.73561191396468 140
    endloop
  endfacet
  facet normal -0.9822872507286886 0.1873813145857246 0
    outer loop
      vertex 54.03612908064727 61.73480080812914 138
      vertex 53.84552360514191 60.73561191396468 140
      vertex 54.03612908064727 61.73480080812914 140
    endloop
  endfacet
  facet normal -0.9980267284282716 0.06279051952931435 0
    outer loop
      vertex 54.1 62.75 138
      vertex 54.03612908064727 61.73480080812914 140
      vertex 54.1 62.75 140
    endloop
  endfacet
  facet normal -0.9510565162951525 -0.30901699437495095 0
    outer loop
      vertex 53.84552360514191 64.76438808603532 138
      vertex 53.84552360514191 64.76438808603532 140
      vertex 53.531189535694836 65.73180887674589 138
    endloop
  endfacet
  facet normal -0.9980267284282716 -0.06279051952931435 0
    outer loop
      vertex 54.1 62.75 138
      vertex 54.1 62.75 140
      vertex 54.03612908064727 63.76519919187086 138
    endloop
  endfacet
  facet normal -0.9822872507286889 -0.18738131458572332 0
    outer loop
      vertex 53.84552360514191 64.76438808603532 138
      vertex 54.03612908064727 63.76519919187086 138
      vertex 54.03612908064727 63.76519919187086 140
    endloop
  endfacet
  facet normal -0.9510565162951525 -0.30901699437495095 0
    outer loop
      vertex 53.531189535694836 65.73180887674589 138
      vertex 53.84552360514191 64.76438808603532 140
      vertex 53.531189535694836 65.73180887674589 140
    endloop
  endfacet
  facet normal -0.9980267284282716 -0.06279051952931435 0
    outer loop
      vertex 54.03612908064727 63.76519919187086 138
      vertex 54.1 62.75 140
      vertex 54.03612908064727 63.76519919187086 140
    endloop
  endfacet
  facet normal -0.9822872507286889 -0.18738131458572332 0
    outer loop
      vertex 53.84552360514191 64.76438808603532 138
      vertex 54.03612908064727 63.76519919187086 140
      vertex 53.84552360514191 64.76438808603532 140
    endloop
  endfacet
  facet normal -0.8443279255020153 -0.5358267949789962 0
    outer loop
      vertex 52.55303765443708 67.51106054356903 138
      vertex 53.098084108355295 66.6522047602239 138
      vertex 53.098084108355295 66.6522047602239 140
    endloop
  endfacet
  facet normal -0.9048270524660208 -0.42577929156507016 0
    outer loop
      vertex 53.098084108355295 66.6522047602239 138
      vertex 53.531189535694836 65.73180887674589 138
      vertex 53.531189535694836 65.73180887674589 140
    endloop
  endfacet
  facet normal -0.8443279255020153 -0.5358267949789962 0
    outer loop
      vertex 52.55303765443708 67.51106054356903 138
      vertex 53.098084108355295 66.6522047602239 140
      vertex 52.55303765443708 67.51106054356903 140
    endloop
  endfacet
  facet normal -0.9048270524660208 -0.42577929156507016 0
    outer loop
      vertex 53.098084108355295 66.6522047602239 138
      vertex 53.531189535694836 65.73180887674589 140
      vertex 53.098084108355295 66.6522047602239 140
    endloop
  endfacet
  facet normal 0.90482705246602 0.42577929156507155 0
    outer loop
      vertex 6.901915891644706 58.847795239776104 138
      vertex 6.468810464305164 59.76819112325411 138
      vertex 6.468810464305164 59.76819112325411 140
    endloop
  endfacet
  facet normal 0.8443279255020146 0.5358267949789974 0
    outer loop
      vertex 6.901915891644706 58.847795239776104 138
      vertex 6.901915891644706 58.847795239776104 140
      vertex 7.446962345562926 57.98893945643097 138
    endloop
  endfacet
  facet normal 0.90482705246602 0.42577929156507155 0
    outer loop
      vertex 6.901915891644706 58.847795239776104 138
      vertex 6.468810464305164 59.76819112325411 140
      vertex 6.901915891644706 58.847795239776104 140
    endloop
  endfacet
  facet normal 0.8443279255020146 0.5358267949789974 0
    outer loop
      vertex 7.446962345562926 57.98893945643097 138
      vertex 6.901915891644706 58.847795239776104 140
      vertex 7.446962345562926 57.98893945643097 140
    endloop
  endfacet
  facet normal 0 0 1
    outer loop
      vertex 5.963870919352729 61.73480080812914 138
      vertex 5.963870919352729 63.76519919187086 138
      vertex 5.9 62.75 138
    endloop
  endfacet
  facet normal 0 0 1
    outer loop
      vertex 5.963870919352729 61.73480080812914 138
      vertex 6.154476394858088 60.735611913964675 138
      vertex 6.154476394858088 64.76438808603532 138
    endloop
  endfacet
  facet normal 0 0 1
    outer loop
      vertex 6.154476394858088 60.735611913964675 138
      vertex 6.468810464305164 59.76819112325411 138
      vertex 6.468810464305164 65.73180887674589 138
    endloop
  endfacet
  facet normal 0 0 1
    outer loop
      vertex 5.963870919352729 61.73480080812914 138
      vertex 6.154476394858088 64.76438808603532 138
      vertex 5.963870919352729 63.76519919187086 138
    endloop
  endfacet
  facet normal 0 0 1
    outer loop
      vertex 6.154476394858088 60.735611913964675 138
      vertex 6.468810464305164 65.73180887674589 138
      vertex 6.154476394858088 64.76438808603532 138
    endloop
  endfacet
  facet normal 0 0 1
    outer loop
      vertex 6.901915891644706 58.847795239776104 138
      vertex 6.901915891644706 66.6522047602239 138
      vertex 6.468810464305164 59.76819112325411 138
    endloop
  endfacet
  facet normal 0 0 1
    outer loop
      vertex 6.901915891644706 58.847795239776104 138
      vertex 7.446962345562926 57.98893945643097 138
      vertex 7.446962345562926 67.51106054356903 138
    endloop
  endfacet
  facet normal 0 0 1
    outer loop
      vertex 6.468810464305164 59.76819112325411 138
      vertex 6.901915891644706 66.6522047602239 138
      vertex 6.468810464305164 65.73180887674589 138
    endloop
  endfacet
  facet normal 0 0 1
    outer loop
      vertex 6.901915891644706 58.847795239776104 138
      vertex 7.446962345562926 67.51106054356903 138
      vertex 6.901915891644706 66.6522047602239 138
    endloop
  endfacet
  facet normal 0.9822872507286885 0.187381314585725 0
    outer loop
      vertex 5.963870919352729 61.73480080812914 138
      vertex 5.963870919352729 61.73480080812914 140
      vertex 6.154476394858088 60.735611913964675 138
    endloop
  endfacet
  facet normal 0.9980267284282717 0.06279051952931261 0
    outer loop
      vertex 5.963870919352729 61.73480080812914 138
      vertex 5.9 62.75 138
      vertex 5.9 62.75 140
    endloop
  endfacet
  facet normal 0.9510565162951531 0.30901699437494856 0
    outer loop
      vertex 6.154476394858088 60.735611913964675 138
      vertex 6.154476394858088 60.735611913964675 140
      vertex 6.468810464305164 59.76819112325411 138
    endloop
  endfacet
  facet normal 0.9822872507286885 0.187381314585725 0
    outer loop
      vertex 6.154476394858088 60.735611913964675 138
      vertex 5.963870919352729 61.73480080812914 140
      vertex 6.154476394858088 60.735611913964675 140
    endloop
  endfacet
  facet normal 0.9980267284282717 0.06279051952931261 0
    outer loop
      vertex 5.963870919352729 61.73480080812914 138
      vertex 5.9 62.75 140
      vertex 5.963870919352729 61.73480080812914 140
    endloop
  endfacet
  facet normal 0.9510565162951531 0.30901699437494856 0
    outer loop
      vertex 6.468810464305164 59.76819112325411 138
      vertex 6.154476394858088 60.735611913964675 140
      vertex 6.468810464305164 59.76819112325411 140
    endloop
  endfacet
  facet normal 0.9980267284282717 -0.06279051952931261 0
    outer loop
      vertex 5.9 62.75 138
      vertex 5.963870919352729 63.76519919187086 138
      vertex 5.963870919352729 63.76519919187086 140
    endloop
  endfacet
  facet normal 0.9822872507286885 -0.187381314585725 0
    outer loop
      vertex 5.963870919352729 63.76519919187086 138
      vertex 6.154476394858088 64.76438808603532 138
      vertex 6.154476394858088 64.76438808603532 140
    endloop
  endfacet
  facet normal 0.9510565162951531 -0.30901699437494856 0
    outer loop
      vertex 6.154476394858088 64.76438808603532 138
      vertex 6.468810464305164 65.73180887674589 138
      vertex 6.468810464305164 65.73180887674589 140
    endloop
  endfacet
  facet normal 0.9980267284282717 -0.06279051952931261 0
    outer loop
      vertex 5.9 62.75 138
      vertex 5.963870919352729 63.76519919187086 140
      vertex 5.9 62.75 140
    endloop
  endfacet
  facet normal 0.9822872507286885 -0.187381314585725 0
    outer loop
      vertex 5.963870919352729 63.76519919187086 138
      vertex 6.154476394858088 64.76438808603532 140
      vertex 5.963870919352729 63.76519919187086 140
    endloop
  endfacet
  facet normal 0.9510565162951531 -0.30901699437494856 0
    outer loop
      vertex 6.154476394858088 64.76438808603532 138
      vertex 6.468810464305164 65.73180887674589 140
      vertex 6.154476394858088 64.76438808603532 140
    endloop
  endfacet
  facet normal 0.90482705246602 -0.42577929156507155 0
    outer loop
      vertex 6.468810464305164 65.73180887674589 138
      vertex 6.901915891644706 66.6522047602239 138
      vertex 6.901915891644706 66.6522047602239 140
    endloop
  endfacet
  facet normal 0.8443279255020146 -0.5358267949789974 0
    outer loop
      vertex 6.901915891644706 66.6522047602239 138
      vertex 7.446962345562926 67.51106054356903 138
      vertex 7.446962345562926 67.51106054356903 140
    endloop
  endfacet
  facet normal 0.90482705246602 -0.42577929156507155 0
    outer loop
      vertex 6.468810464305164 65.73180887674589 138
      vertex 6.901915891644706 66.6522047602239 140
      vertex 6.468810464305164 65.73180887674589 140
    endloop
  endfacet
  facet normal 0.8443279255020146 -0.5358267949789974 0
    outer loop
      vertex 6.901915891644706 66.6522047602239 138
      vertex 7.446962345562926 67.51106054356903 140
      vertex 6.901915891644706 66.6522047602239 140
    endloop
  endfacet
  facet normal 0.7705132427757919 0.6374239897486865 0
    outer loop
      vertex 7.446962345562926 57.98893945643097 138
      vertex 7.446962345562926 57.98893945643097 140
      vertex 8.095354117886565 57.20516844197762 138
    endloop
  endfacet
  facet normal 0.6845471059286872 0.7289686274214129 0
    outer loop
      vertex 8.095354117886565 57.20516844197762 138
      vertex 8.095354117886565 57.20516844197762 140
      vertex 8.836865683035615 56.508842733516104 138
    endloop
  endfacet
  facet normal 0.7705132427757919 0.6374239897486865 0
    outer loop
      vertex 8.095354117886565 57.20516844197762 138
      vertex 7.446962345562926 57.98893945643097 140
      vertex 8.095354117886565 57.20516844197762 140
    endloop
  endfacet
  facet normal 0.5877852522924695 0.80901699437495 0
    outer loop
      vertex 8.836865683035615 56.508842733516104 138
      vertex 8.836865683035615 56.508842733516104 140
      vertex 9.659802960670127 55.91094380343368 138
    endloop
  endfacet
  facet normal 0.6845471059286872 0.7289686274214129 0
    outer loop
      vertex 8.836865683035615 56.508842733516104 138
      vertex 8.095354117886565 57.20516844197762 140
      vertex 8.836865683035615 56.508842733516104 140
    endloop
  endfacet
  facet normal 0 0 1
    outer loop
      vertex 7.446962345562926 57.98893945643097 138
      vertex 8.095354117886565 57.20516844197762 138
      vertex 8.095354117886565 68.29483155802238 138
    endloop
  endfacet
  facet normal 0 0 1
    outer loop
      vertex 7.446962345562926 57.98893945643097 138
      vertex 8.095354117886565 68.29483155802238 138
      vertex 7.446962345562926 67.51106054356903 138
    endloop
  endfacet
  facet normal 0 0 1
    outer loop
      vertex 8.095354117886565 57.20516844197762 138
      vertex 8.836865683035615 68.9911572664839 138
      vertex 8.095354117886565 68.29483155802238 138
    endloop
  endfacet
  facet normal 0 0 1
    outer loop
      vertex 8.095354117886565 57.20516844197762 138
      vertex 8.836865683035615 56.508842733516104 138
      vertex 8.836865683035615 68.9911572664839 138
    endloop
  endfacet
  facet normal 0 0 1
    outer loop
      vertex 8.836865683035615 56.508842733516104 138
      vertex 9.659802960670127 69.58905619656632 138
      vertex 8.836865683035615 68.9911572664839 138
    endloop
  endfacet
  facet normal 0 0 1
    outer loop
      vertex 9.659802960670127 55.91094380343368 138
      vertex 10.551187738322913 55.42090087502524 138
      vertex 10.319511943815773 60.726634568772795 138
    endloop
  endfacet
  facet normal 0 0 1
    outer loop
      vertex 9.659802960670127 55.91094380343368 138
      vertex 10.094938759269343 61.20387687872435 138
      vertex 9.93195072325975 61.70550247390761 138
    endloop
  endfacet
  facet normal 0 0 1
    outer loop
      vertex 9.659802960670127 55.91094380343368 138
      vertex 10.319511943815773 60.726634568772795 138
      vertex 10.094938759269343 61.20387687872435 138
    endloop
  endfacet
  facet normal 0 0 1
    outer loop
      vertex 10.551187738322913 55.42090087502524 138
      vertex 11.496962345562926 55.046442218009254 138
      vertex 11.322819243055504 59.51384438034169 138
    endloop
  endfacet
  facet normal 0 0 1
    outer loop
      vertex 10.551187738322913 55.42090087502524 138
      vertex 10.60212862362522 60.28130194037161 138
      vertex 10.319511943815773 60.726634568772795 138
    endloop
  endfacet
  facet normal 0 0 1
    outer loop
      vertex 10.551187738322913 55.42090087502524 138
      vertex 10.938331764830071 59.874902155099505 138
      vertex 10.60212862362522 60.28130194037161 138
    endloop
  endfacet
  facet normal 0 0 1
    outer loop
      vertex 10.551187738322913 55.42090087502524 138
      vertex 11.322819243055504 59.51384438034169 138
      vertex 10.938331764830071 59.874902155099505 138
    endloop
  endfacet
  facet normal 0.4817536741017197 0.8763066800438613 0
    outer loop
      vertex 9.659802960670127 55.91094380343368 138
      vertex 9.659802960670127 55.91094380343368 140
      vertex 10.551187738322913 55.42090087502524 138
    endloop
  endfacet
  facet normal 0.5877852522924695 0.80901699437495 0
    outer loop
      vertex 9.659802960670127 55.91094380343368 138
      vertex 8.836865683035615 56.508842733516104 140
      vertex 9.659802960670127 55.91094380343368 140
    endloop
  endfacet
  facet normal 0.4817536741017197 0.8763066800438613 0
    outer loop
      vertex 10.551187738322913 55.42090087502524 138
      vertex 9.659802960670127 55.91094380343368 140
      vertex 10.551187738322913 55.42090087502524 140
    endloop
  endfacet
  facet normal 0.3681245526846781 0.9297764858882515 0
    outer loop
      vertex 10.551187738322913 55.42090087502524 138
      vertex 10.551187738322913 55.42090087502524 140
      vertex 11.496962345562926 55.046442218009254 138
    endloop
  endfacet
  facet normal 0.3681245526846781 0.9297764858882515 0
    outer loop
      vertex 11.496962345562926 55.046442218009254 138
      vertex 10.551187738322913 55.42090087502524 140
      vertex 11.496962345562926 55.046442218009254 140
    endloop
  endfacet
  facet normal 0 0 1
    outer loop
      vertex 8.836865683035615 56.508842733516104 138
      vertex 9.659802960670127 55.91094380343368 138
      vertex 9.659802960670127 69.58905619656632 138
    endloop
  endfacet
  facet normal 0 0 1
    outer loop
      vertex 9.659802960670127 55.91094380343368 138
      vertex 9.93195072325975 61.70550247390761 138
      vertex 9.833118254479192 62.22360041902992 138
    endloop
  endfacet
  facet normal 0 0 1
    outer loop
      vertex 9.659802960670127 55.91094380343368 138
      vertex 9.833118254479192 62.22360041902992 138
      vertex 9.8 62.75 138
    endloop
  endfacet
  facet normal 0 0 1
    outer loop
      vertex 9.659802960670127 55.91094380343368 138
      vertex 9.8 62.75 138
      vertex 9.659802960670127 69.58905619656632 138
    endloop
  endfacet
  facet normal 0 0 1
    outer loop
      vertex 9.8 62.75 138
      vertex 9.833118254479192 63.27639958097008 138
      vertex 9.659802960670127 69.58905619656632 138
    endloop
  endfacet
  facet normal 0 0 1
    outer loop
      vertex 9.833118254479192 63.27639958097008 138
      vertex 9.93195072325975 63.79449752609239 138
      vertex 9.659802960670127 69.58905619656632 138
    endloop
  endfacet
  facet normal 0.7705132427757919 -0.6374239897486865 0
    outer loop
      vertex 7.446962345562926 67.51106054356903 138
      vertex 8.095354117886565 68.29483155802238 138
      vertex 8.095354117886565 68.29483155802238 140
    endloop
  endfacet
  facet normal 0.7705132427757919 -0.6374239897486865 0
    outer loop
      vertex 7.446962345562926 67.51106054356903 138
      vertex 8.095354117886565 68.29483155802238 140
      vertex 7.446962345562926 67.51106054356903 140
    endloop
  endfacet
  facet normal 0.6845471059286872 -0.7289686274214129 0
    outer loop
      vertex 8.095354117886565 68.29483155802238 138
      vertex 8.836865683035615 68.9911572664839 140
      vertex 8.095354117886565 68.29483155802238 140
    endloop
  endfacet
  facet normal 0.6845471059286872 -0.7289686274214129 0
    outer loop
      vertex 8.095354117886565 68.29483155802238 138
      vertex 8.836865683035615 68.9911572664839 138
      vertex 8.836865683035615 68.9911572664839 140
    endloop
  endfacet
  facet normal 0.5877852522924695 -0.80901699437495 0
    outer loop
      vertex 8.836865683035615 68.9911572664839 138
      vertex 9.659802960670127 69.58905619656632 140
      vertex 8.836865683035615 68.9911572664839 140
    endloop
  endfacet
  facet normal 0 0 1
    outer loop
      vertex 9.93195072325975 63.79449752609239 138
      vertex 10.094938759269343 64.29612312127564 138
      vertex 9.659802960670127 69.58905619656632 138
    endloop
  endfacet
  facet normal 0 0 1
    outer loop
      vertex 10.094938759269343 64.29612312127564 138
      vertex 10.319511943815773 64.7733654312272 138
      vertex 9.659802960670127 69.58905619656632 138
    endloop
  endfacet
  facet normal 0 0 1
    outer loop
      vertex 10.319511943815773 64.7733654312272 138
      vertex 10.551187738322911 70.07909912497476 138
      vertex 9.659802960670127 69.58905619656632 138
    endloop
  endfacet
  facet normal 0 0 1
    outer loop
      vertex 10.319511943815773 64.7733654312272 138
      vertex 10.60212862362522 65.2186980596284 138
      vertex 10.551187738322911 70.07909912497476 138
    endloop
  endfacet
  facet normal 0 0 1
    outer loop
      vertex 10.60212862362522 65.2186980596284 138
      vertex 10.938331764830071 65.6250978449005 138
      vertex 10.551187738322911 70.07909912497476 138
    endloop
  endfacet
  facet normal 0 0 1
    outer loop
      vertex 10.938331764830071 65.6250978449005 138
      vertex 11.322819243055504 65.98615561965832 138
      vertex 10.551187738322911 70.07909912497476 138
    endloop
  endfacet
  facet normal 0 0 1
    outer loop
      vertex 10.551187738322911 70.07909912497476 138
      vertex 11.322819243055504 65.98615561965832 138
      vertex 11.496962345562926 70.45355778199074 138
    endloop
  endfacet
  facet normal 0.5877852522924695 -0.80901699437495 0
    outer loop
      vertex 8.836865683035615 68.9911572664839 138
      vertex 9.659802960670127 69.58905619656632 138
      vertex 9.659802960670127 69.58905619656632 140
    endloop
  endfacet
  facet normal 0.4817536741017203 -0.8763066800438607 0
    outer loop
      vertex 9.659802960670127 69.58905619656632 138
      vertex 10.551187738322911 70.07909912497476 138
      vertex 10.551187738322911 70.07909912497476 140
    endloop
  endfacet
  facet normal 0.4817536741017203 -0.8763066800438607 0
    outer loop
      vertex 9.659802960670127 69.58905619656632 138
      vertex 10.551187738322911 70.07909912497476 140
      vertex 9.659802960670127 69.58905619656632 140
    endloop
  endfacet
  facet normal 0.3681245526846714 -0.929776485888254 0
    outer loop
      vertex 10.551187738322911 70.07909912497476 138
      vertex 11.496962345562926 70.45355778199074 138
      vertex 11.496962345562926 70.45355778199074 140
    endloop
  endfacet
  facet normal 0.3681245526846714 -0.929776485888254 0
    outer loop
      vertex 10.551187738322911 70.07909912497476 138
      vertex 11.496962345562926 70.45355778199074 140
      vertex 10.551187738322911 70.07909912497476 140
    endloop
  endfacet
  facet normal 0 0 1
    outer loop
      vertex 11.496962345562926 55.046442218009254 138
      vertex 12.482211351855629 54.793473269097625 138
      vertex 12.211726975426696 58.94972637964272 138
    endloop
  endfacet
  facet normal 0 0 1
    outer loop
      vertex 11.496962345562926 55.046442218009254 138
      vertex 11.749527461088213 59.20382271289154 138
      vertex 11.322819243055504 59.51384438034169 138
    endloop
  endfacet
  facet normal 0 0 1
    outer loop
      vertex 11.496962345562926 55.046442218009254 138
      vertex 12.211726975426696 58.94972637964272 138
      vertex 11.749527461088213 59.20382271289154 138
    endloop
  endfacet
  facet normal 0 0 1
    outer loop
      vertex 12.482211351855629 54.793473269097625 138
      vertex 13.491396791812559 54.665983499731 138
      vertex 13.212998478739955 58.62439354693951 138
    endloop
  endfacet
  facet normal 0 0 1
    outer loop
      vertex 12.482211351855629 54.793473269097625 138
      vertex 12.70212862362522 58.75556263156035 138
      vertex 12.211726975426696 58.94972637964272 138
    endloop
  endfacet
  facet normal 0 0 1
    outer loop
      vertex 12.482211351855629 54.793473269097625 138
      vertex 13.212998478739955 58.62439354693951 138
      vertex 12.70212862362522 58.75556263156035 138
    endloop
  endfacet
  facet normal 0.24868988716485058 0.9685831611286322 0
    outer loop
      vertex 11.496962345562926 55.046442218009254 138
      vertex 11.496962345562926 55.046442218009254 140
      vertex 12.482211351855629 54.793473269097625 138
    endloop
  endfacet
  facet normal 0.24868988716485058 0.9685831611286322 0
    outer loop
      vertex 12.482211351855629 54.793473269097625 138
      vertex 11.496962345562926 55.046442218009254 140
      vertex 12.482211351855629 54.793473269097625 140
    endloop
  endfacet
  facet normal 0.12533323356430903 0.9921147013144772 0
    outer loop
      vertex 12.482211351855629 54.793473269097625 138
      vertex 12.482211351855629 54.793473269097625 140
      vertex 13.491396791812559 54.665983499731 138
    endloop
  endfacet
  facet normal 0 0 1
    outer loop
      vertex 13.491396791812559 54.665983499731 138
      vertex 13.73627981797688 58.55828774060126 138
      vertex 13.212998478739955 58.62439354693951 138
    endloop
  endfacet
  facet normal 0 0 1
    outer loop
      vertex 13.491396791812559 54.665983499731 138
      vertex 14.263720182023118 58.55828774060126 138
      vertex 13.73627981797688 58.55828774060126 138
    endloop
  endfacet
  facet normal 0 0 1
    outer loop
      vertex 13.491396791812559 54.665983499731 138
      vertex 14.508603208187441 54.665983499731 138
      vertex 14.263720182023118 58.55828774060126 138
    endloop
  endfacet
  facet normal 0 0 1
    outer loop
      vertex 14.508603208187441 54.665983499731 138
      vertex 15.517788648144371 54.793473269097625 138
      vertex 14.263720182023118 58.55828774060126 138
    endloop
  endfacet
  facet normal 0 0 1
    outer loop
      vertex 14.263720182023118 58.55828774060126 138
      vertex 15.517788648144371 54.793473269097625 138
      vertex 14.787001521260045 58.62439354693951 138
    endloop
  endfacet
  facet normal 0 1 0
    outer loop
      vertex 13.491396791812559 54.665983499731 138
      vertex 13.491396791812559 54.665983499731 140
      vertex 14.508603208187441 54.665983499731 138
    endloop
  endfacet
  facet normal 0.12533323356430903 0.9921147013144772 0
    outer loop
      vertex 13.491396791812559 54.665983499731 138
      vertex 12.482211351855629 54.793473269097625 140
      vertex 13.491396791812559 54.665983499731 140
    endloop
  endfacet
  facet normal -0.12533323356430903 0.9921147013144772 0
    outer loop
      vertex 14.508603208187441 54.665983499731 138
      vertex 14.508603208187441 54.665983499731 140
      vertex 15.517788648144371 54.793473269097625 138
    endloop
  endfacet
  facet normal 0 1 0
    outer loop
      vertex 14.508603208187441 54.665983499731 138
      vertex 13.491396791812559 54.665983499731 140
      vertex 14.508603208187441 54.665983499731 140
    endloop
  endfacet
  facet normal 0 0 1
    outer loop
      vertex 11.322819243055504 65.98615561965832 138
      vertex 11.749527461088213 66.29617728710846 138
      vertex 11.496962345562926 70.45355778199074 138
    endloop
  endfacet
  facet normal 0 0 1
    outer loop
      vertex 11.749527461088213 66.29617728710846 138
      vertex 12.211726975426695 66.55027362035729 138
      vertex 11.496962345562926 70.45355778199074 138
    endloop
  endfacet
  facet normal 0 0 1
    outer loop
      vertex 11.496962345562926 70.45355778199074 138
      vertex 12.211726975426695 66.55027362035729 138
      vertex 12.70212862362522 66.74443736843965 138
    endloop
  endfacet
  facet normal 0 0 1
    outer loop
      vertex 12.70212862362522 66.74443736843965 138
      vertex 13.212998478739957 66.8756064530605 138
      vertex 12.48221135185563 70.70652673090238 138
    endloop
  endfacet
  facet normal 0 0 1
    outer loop
      vertex 11.496962345562926 70.45355778199074 138
      vertex 12.70212862362522 66.74443736843965 138
      vertex 12.48221135185563 70.70652673090238 138
    endloop
  endfacet
  facet normal 0.24868988716486323 -0.9685831611286289 0
    outer loop
      vertex 11.496962345562926 70.45355778199074 138
      vertex 12.48221135185563 70.70652673090238 138
      vertex 12.48221135185563 70.70652673090238 140
    endloop
  endfacet
  facet normal 0.24868988716486323 -0.9685831611286289 0
    outer loop
      vertex 11.496962345562926 70.45355778199074 138
      vertex 12.48221135185563 70.70652673090238 140
      vertex 11.496962345562926 70.45355778199074 140
    endloop
  endfacet
  facet normal 0.12533323356430195 -0.9921147013144781 0
    outer loop
      vertex 12.48221135185563 70.70652673090238 138
      vertex 13.491396791812562 70.834016500269 140
      vertex 12.48221135185563 70.70652673090238 140
    endloop
  endfacet
  facet normal 0 0 1
    outer loop
      vertex 12.48221135185563 70.70652673090238 138
      vertex 13.212998478739957 66.8756064530605 138
      vertex 13.736279817976884 66.94171225939874 138
    endloop
  endfacet
  facet normal 0 0 1
    outer loop
      vertex 12.48221135185563 70.70652673090238 138
      vertex 13.736279817976884 66.94171225939874 138
      vertex 13.491396791812562 70.834016500269 138
    endloop
  endfacet
  facet normal 0 0 1
    outer loop
      vertex 13.736279817976884 66.94171225939874 138
      vertex 14.508603208187438 70.834016500269 138
      vertex 13.491396791812562 70.834016500269 138
    endloop
  endfacet
  facet normal 0 0 1
    outer loop
      vertex 13.736279817976884 66.94171225939874 138
      vertex 14.263720182023116 66.94171225939874 138
      vertex 14.508603208187438 70.834016500269 138
    endloop
  endfacet
  facet normal 0 0 1
    outer loop
      vertex 14.263720182023116 66.94171225939874 138
      vertex 14.787001521260043 66.8756064530605 138
      vertex 14.508603208187438 70.834016500269 138
    endloop
  endfacet
  facet normal 0 0 1
    outer loop
      vertex 14.787001521260043 66.8756064530605 138
      vertex 15.51778864814437 70.70652673090238 138
      vertex 14.508603208187438 70.834016500269 138
    endloop
  endfacet
  facet normal 0.12533323356430195 -0.9921147013144781 0
    outer loop
      vertex 12.48221135185563 70.70652673090238 138
      vertex 13.491396791812562 70.834016500269 138
      vertex 13.491396791812562 70.834016500269 140
    endloop
  endfacet
  facet normal 0 -1 0
    outer loop
      vertex 13.491396791812562 70.834016500269 138
      vertex 14.508603208187438 70.834016500269 140
      vertex 13.491396791812562 70.834016500269 140
    endloop
  endfacet
  facet normal 0 -1 0
    outer loop
      vertex 13.491396791812562 70.834016500269 138
      vertex 14.508603208187438 70.834016500269 138
      vertex 14.508603208187438 70.834016500269 140
    endloop
  endfacet
  facet normal -0.12533323356430195 -0.9921147013144781 0
    outer loop
      vertex 14.508603208187438 70.834016500269 138
      vertex 15.51778864814437 70.70652673090238 140
      vertex 14.508603208187438 70.834016500269 140
    endloop
  endfacet
  facet normal 0 0 1
    outer loop
      vertex 15.517788648144371 54.793473269097625 138
      vertex 16.503037654437072 55.046442218009254 138
      vertex 15.29787137637478 58.75556263156035 138
    endloop
  endfacet
  facet normal 0 0 1
    outer loop
      vertex 14.787001521260045 58.62439354693951 138
      vertex 15.517788648144371 54.793473269097625 138
      vertex 15.29787137637478 58.75556263156035 138
    endloop
  endfacet
  facet normal 0 0 1
    outer loop
      vertex 15.29787137637478 58.75556263156035 138
      vertex 16.503037654437072 55.046442218009254 138
      vertex 15.788273024573304 58.94972637964272 138
    endloop
  endfacet
  facet normal 0 0 1
    outer loop
      vertex 15.788273024573304 58.94972637964272 138
      vertex 16.503037654437072 55.046442218009254 138
      vertex 16.250472538911783 59.20382271289154 138
    endloop
  endfacet
  facet normal 0 0 1
    outer loop
      vertex 16.503037654437072 55.046442218009254 138
      vertex 16.677180756944498 59.51384438034169 138
      vertex 16.250472538911783 59.20382271289154 138
    endloop
  endfacet
  facet normal -0.248689887164851 0.9685831611286321 0
    outer loop
      vertex 15.517788648144371 54.793473269097625 138
      vertex 15.517788648144371 54.793473269097625 140
      vertex 16.503037654437072 55.046442218009254 138
    endloop
  endfacet
  facet normal -0.12533323356430903 0.9921147013144772 0
    outer loop
      vertex 15.517788648144371 54.793473269097625 138
      vertex 14.508603208187441 54.665983499731 140
      vertex 15.517788648144371 54.793473269097625 140
    endloop
  endfacet
  facet normal -0.3681245526846774 0.9297764858882516 0
    outer loop
      vertex 16.503037654437072 55.046442218009254 138
      vertex 16.503037654437072 55.046442218009254 140
      vertex 17.448812261677087 55.42090087502524 138
    endloop
  endfacet
  facet normal -0.248689887164851 0.9685831611286321 0
    outer loop
      vertex 16.503037654437072 55.046442218009254 138
      vertex 15.517788648144371 54.793473269097625 140
      vertex 16.503037654437072 55.046442218009254 140
    endloop
  endfacet
  facet normal 0 0 1
    outer loop
      vertex 16.503037654437072 55.046442218009254 138
      vertex 17.448812261677087 55.42090087502524 138
      vertex 16.677180756944498 59.51384438034169 138
    endloop
  endfacet
  facet normal 0 0 1
    outer loop
      vertex 16.677180756944498 59.51384438034169 138
      vertex 17.448812261677087 55.42090087502524 138
      vertex 17.06166823516993 59.874902155099505 138
    endloop
  endfacet
  facet normal 0 0 1
    outer loop
      vertex 17.448812261677087 55.42090087502524 138
      vertex 17.39787137637478 60.28130194037161 138
      vertex 17.06166823516993 59.874902155099505 138
    endloop
  endfacet
  facet normal 0 0 1
    outer loop
      vertex 17.448812261677087 55.42090087502524 138
      vertex 17.680488056184227 60.726634568772795 138
      vertex 17.39787137637478 60.28130194037161 138
    endloop
  endfacet
  facet normal 0 0 1
    outer loop
      vertex 17.448812261677087 55.42090087502524 138
      vertex 18.34019703932987 55.910943803433675 138
      vertex 17.680488056184227 60.726634568772795 138
    endloop
  endfacet
  facet normal 0 0 1
    outer loop
      vertex 18.34019703932987 55.910943803433675 138
      vertex 17.905061240730657 61.20387687872435 138
      vertex 17.680488056184227 60.726634568772795 138
    endloop
  endfacet
  facet normal 0 0 1
    outer loop
      vertex 18.34019703932987 55.910943803433675 138
      vertex 18.06804927674025 61.705502473907615 138
      vertex 17.905061240730657 61.20387687872435 138
    endloop
  endfacet
  facet normal -0.48175367410171577 0.8763066800438634 0
    outer loop
      vertex 17.448812261677087 55.42090087502524 138
      vertex 17.448812261677087 55.42090087502524 140
      vertex 18.34019703932987 55.910943803433675 138
    endloop
  endfacet
  facet normal -0.3681245526846774 0.9297764858882516 0
    outer loop
      vertex 17.448812261677087 55.42090087502524 138
      vertex 16.503037654437072 55.046442218009254 140
      vertex 17.448812261677087 55.42090087502524 140
    endloop
  endfacet
  facet normal -0.5877852522924754 0.8090169943749459 0
    outer loop
      vertex 18.34019703932987 55.910943803433675 138
      vertex 18.34019703932987 55.910943803433675 140
      vertex 19.16313431696439 56.50884273351611 138
    endloop
  endfacet
  facet normal -0.48175367410171577 0.8763066800438634 0
    outer loop
      vertex 18.34019703932987 55.910943803433675 138
      vertex 17.448812261677087 55.42090087502524 140
      vertex 18.34019703932987 55.910943803433675 140
    endloop
  endfacet
  facet normal 0 0 1
    outer loop
      vertex 18.34019703932987 55.910943803433675 138
      vertex 18.166881745520808 62.22360041902992 138
      vertex 18.06804927674025 61.705502473907615 138
    endloop
  endfacet
  facet normal 0 0 1
    outer loop
      vertex 18.34019703932987 55.910943803433675 138
      vertex 18.2 62.75 138
      vertex 18.166881745520808 62.22360041902992 138
    endloop
  endfacet
  facet normal 0 0 1
    outer loop
      vertex 18.34019703932987 55.910943803433675 138
      vertex 18.340197039329873 69.58905619656632 138
      vertex 18.2 62.75 138
    endloop
  endfacet
  facet normal 0 0 1
    outer loop
      vertex 18.2 62.75 138
      vertex 18.340197039329873 69.58905619656632 138
      vertex 18.166881745520808 63.27639958097008 138
    endloop
  endfacet
  facet normal 0 0 1
    outer loop
      vertex 18.06804927674025 63.79449752609239 138
      vertex 18.166881745520808 63.27639958097008 138
      vertex 18.340197039329873 69.58905619656632 138
    endloop
  endfacet
  facet normal 0 0 1
    outer loop
      vertex 18.34019703932987 55.910943803433675 138
      vertex 19.16313431696439 68.9911572664839 138
      vertex 18.340197039329873 69.58905619656632 138
    endloop
  endfacet
  facet normal 0 0 1
    outer loop
      vertex 14.787001521260043 66.8756064530605 138
      vertex 15.29787137637478 66.74443736843965 138
      vertex 15.51778864814437 70.70652673090238 138
    endloop
  endfacet
  facet normal 0 0 1
    outer loop
      vertex 15.29787137637478 66.74443736843965 138
      vertex 15.788273024573305 66.55027362035729 138
      vertex 15.51778864814437 70.70652673090238 138
    endloop
  endfacet
  facet normal 0 0 1
    outer loop
      vertex 15.788273024573305 66.55027362035729 138
      vertex 16.503037654437072 70.45355778199074 138
      vertex 15.51778864814437 70.70652673090238 138
    endloop
  endfacet
  facet normal 0 0 1
    outer loop
      vertex 15.788273024573305 66.55027362035729 138
      vertex 16.250472538911787 66.29617728710846 138
      vertex 16.503037654437072 70.45355778199074 138
    endloop
  endfacet
  facet normal 0 0 1
    outer loop
      vertex 16.250472538911787 66.29617728710846 138
      vertex 16.677180756944498 65.98615561965832 138
      vertex 16.503037654437072 70.45355778199074 138
    endloop
  endfacet
  facet normal -0.12533323356430195 -0.9921147013144781 0
    outer loop
      vertex 14.508603208187438 70.834016500269 138
      vertex 15.51778864814437 70.70652673090238 138
      vertex 15.51778864814437 70.70652673090238 140
    endloop
  endfacet
  facet normal -0.24868988716486368 -0.9685831611286287 0
    outer loop
      vertex 15.51778864814437 70.70652673090238 138
      vertex 16.503037654437072 70.45355778199074 140
      vertex 15.51778864814437 70.70652673090238 140
    endloop
  endfacet
  facet normal -0.24868988716486368 -0.9685831611286287 0
    outer loop
      vertex 15.51778864814437 70.70652673090238 138
      vertex 16.503037654437072 70.45355778199074 138
      vertex 16.503037654437072 70.45355778199074 140
    endloop
  endfacet
  facet normal -0.3681245526846714 -0.929776485888254 0
    outer loop
      vertex 16.503037654437072 70.45355778199074 138
      vertex 17.448812261677087 70.07909912497476 140
      vertex 16.503037654437072 70.45355778199074 140
    endloop
  endfacet
  facet normal 0 0 1
    outer loop
      vertex 16.677180756944498 65.98615561965832 138
      vertex 17.06166823516993 65.6250978449005 138
      vertex 17.448812261677087 70.07909912497476 138
    endloop
  endfacet
  facet normal 0 0 1
    outer loop
      vertex 17.39787137637478 65.2186980596284 138
      vertex 17.448812261677087 70.07909912497476 138
      vertex 17.06166823516993 65.6250978449005 138
    endloop
  endfacet
  facet normal 0 0 1
    outer loop
      vertex 17.39787137637478 65.2186980596284 138
      vertex 17.680488056184227 64.7733654312272 138
      vertex 17.448812261677087 70.07909912497476 138
    endloop
  endfacet
  facet normal 0 0 1
    outer loop
      vertex 16.677180756944498 65.98615561965832 138
      vertex 17.448812261677087 70.07909912497476 138
      vertex 16.503037654437072 70.45355778199074 138
    endloop
  endfacet
  facet normal 0 0 1
    outer loop
      vertex 17.680488056184227 64.7733654312272 138
      vertex 17.905061240730657 64.29612312127564 138
      vertex 18.340197039329873 69.58905619656632 138
    endloop
  endfacet
  facet normal 0 0 1
    outer loop
      vertex 18.06804927674025 63.79449752609239 138
      vertex 18.340197039329873 69.58905619656632 138
      vertex 17.905061240730657 64.29612312127564 138
    endloop
  endfacet
  facet normal 0 0 1
    outer loop
      vertex 17.680488056184227 64.7733654312272 138
      vertex 18.340197039329873 69.58905619656632 138
      vertex 17.448812261677087 70.07909912497476 138
    endloop
  endfacet
  facet normal -0.3681245526846714 -0.929776485888254 0
    outer loop
      vertex 16.503037654437072 70.45355778199074 138
      vertex 17.448812261677087 70.07909912497476 138
      vertex 17.448812261677087 70.07909912497476 140
    endloop
  endfacet
  facet normal -0.4817536741017197 -0.8763066800438613 0
    outer loop
      vertex 17.448812261677087 70.07909912497476 138
      vertex 18.340197039329873 69.58905619656632 140
      vertex 17.448812261677087 70.07909912497476 140
    endloop
  endfacet
  facet normal -0.4817536741017197 -0.8763066800438613 0
    outer loop
      vertex 17.448812261677087 70.07909912497476 138
      vertex 18.340197039329873 69.58905619656632 138
      vertex 18.340197039329873 69.58905619656632 140
    endloop
  endfacet
  facet normal -0.5877852522924679 -0.8090169943749513 0
    outer loop
      vertex 18.340197039329873 69.58905619656632 138
      vertex 19.16313431696439 68.9911572664839 140
      vertex 18.340197039329873 69.58905619656632 140
    endloop
  endfacet
  facet normal -0.6845471059286853 0.7289686274214148 0
    outer loop
      vertex 19.16313431696439 56.50884273351611 138
      vertex 19.16313431696439 56.50884273351611 140
      vertex 19.904645882113435 57.20516844197762 138
    endloop
  endfacet
  facet normal -0.5877852522924754 0.8090169943749459 0
    outer loop
      vertex 19.16313431696439 56.50884273351611 138
      vertex 18.34019703932987 55.910943803433675 140
      vertex 19.16313431696439 56.50884273351611 140
    endloop
  endfacet
  facet normal -0.6845471059286853 0.7289686274214148 0
    outer loop
      vertex 19.904645882113435 57.20516844197762 138
      vertex 19.16313431696439 56.50884273351611 140
      vertex 19.904645882113435 57.20516844197762 140
    endloop
  endfacet
  facet normal -0.7705132427757923 0.637423989748686 0
    outer loop
      vertex 19.904645882113435 57.20516844197762 138
      vertex 19.904645882113435 57.20516844197762 140
      vertex 20.553037654437073 57.98893945643097 138
    endloop
  endfacet
  facet normal -0.7705132427757923 0.637423989748686 0
    outer loop
      vertex 20.553037654437073 57.98893945643097 138
      vertex 19.904645882113435 57.20516844197762 140
      vertex 20.553037654437073 57.98893945643097 140
    endloop
  endfacet
  facet normal 0 0 1
    outer loop
      vertex 18.34019703932987 55.910943803433675 138
      vertex 19.16313431696439 56.50884273351611 138
      vertex 19.16313431696439 68.9911572664839 138
    endloop
  endfacet
  facet normal 0 0 1
    outer loop
      vertex 19.16313431696439 56.50884273351611 138
      vertex 19.904645882113435 57.20516844197762 138
      vertex 19.904645882113435 68.29483155802238 138
    endloop
  endfacet
  facet normal 0 0 1
    outer loop
      vertex 19.16313431696439 56.50884273351611 138
      vertex 19.904645882113435 68.29483155802238 138
      vertex 19.16313431696439 68.9911572664839 138
    endloop
  endfacet
  facet normal 0 0 1
    outer loop
      vertex 19.904645882113435 57.20516844197762 138
      vertex 20.553037654437073 57.98893945643097 138
      vertex 20.553037654437073 67.51106054356903 138
    endloop
  endfacet
  facet normal 0 0 1
    outer loop
      vertex 19.904645882113435 57.20516844197762 138
      vertex 20.553037654437073 67.51106054356903 138
      vertex 19.904645882113435 68.29483155802238 138
    endloop
  endfacet
  facet normal -0.8443279255020136 0.5358267949789987 0
    outer loop
      vertex 20.553037654437073 57.98893945643097 138
      vertex 20.553037654437073 57.98893945643097 140
      vertex 21.098084108355295 58.847795239776104 138
    endloop
  endfacet
  facet normal -0.9048270524660196 0.4257792915650729 0
    outer loop
      vertex 21.098084108355295 58.847795239776104 138
      vertex 21.098084108355295 58.847795239776104 140
      vertex 21.531189535694836 59.768191123254105 138
    endloop
  endfacet
  facet normal -0.8443279255020136 0.5358267949789987 0
    outer loop
      vertex 21.098084108355295 58.847795239776104 138
      vertex 20.553037654437073 57.98893945643097 140
      vertex 21.098084108355295 58.847795239776104 140
    endloop
  endfacet
  facet normal -0.9048270524660196 0.4257792915650729 0
    outer loop
      vertex 21.531189535694836 59.768191123254105 138
      vertex 21.098084108355295 58.847795239776104 140
      vertex 21.531189535694836 59.768191123254105 140
    endloop
  endfacet
  facet normal 0 0 1
    outer loop
      vertex 20.553037654437073 57.98893945643097 138
      vertex 21.098084108355295 58.847795239776104 138
      vertex 21.098084108355295 66.6522047602239 138
    endloop
  endfacet
  facet normal 0 0 1
    outer loop
      vertex 21.098084108355295 58.847795239776104 138
      vertex 21.531189535694836 59.768191123254105 138
      vertex 21.531189535694836 65.73180887674589 138
    endloop
  endfacet
  facet normal 0 0 1
    outer loop
      vertex 20.553037654437073 57.98893945643097 138
      vertex 21.098084108355295 66.6522047602239 138
      vertex 20.553037654437073 67.51106054356903 138
    endloop
  endfacet
  facet normal 0 0 1
    outer loop
      vertex 21.098084108355295 58.847795239776104 138
      vertex 21.531189535694836 65.73180887674589 138
      vertex 21.098084108355295 66.6522047602239 138
    endloop
  endfacet
  facet normal 0 0 1
    outer loop
      vertex 21.531189535694836 59.768191123254105 138
      vertex 21.845523605141913 60.73561191396468 138
      vertex 21.845523605141913 64.76438808603532 138
    endloop
  endfacet
  facet normal 0 0 1
    outer loop
      vertex 21.845523605141913 60.73561191396468 138
      vertex 22.03612908064727 61.73480080812914 138
      vertex 22.03612908064727 63.76519919187086 138
    endloop
  endfacet
  facet normal 0 0 1
    outer loop
      vertex 22.03612908064727 61.73480080812914 138
      vertex 22.1 62.75 138
      vertex 22.03612908064727 63.76519919187086 138
    endloop
  endfacet
  facet normal 0 0 1
    outer loop
      vertex 21.531189535694836 59.768191123254105 138
      vertex 21.845523605141913 64.76438808603532 138
      vertex 21.531189535694836 65.73180887674589 138
    endloop
  endfacet
  facet normal 0 0 1
    outer loop
      vertex 21.845523605141913 60.73561191396468 138
      vertex 22.03612908064727 63.76519919187086 138
      vertex 21.845523605141913 64.76438808603532 138
    endloop
  endfacet
  facet normal -0.9510565162951539 0.30901699437494684 0
    outer loop
      vertex 21.531189535694836 59.768191123254105 138
      vertex 21.531189535694836 59.768191123254105 140
      vertex 21.845523605141913 60.73561191396468 138
    endloop
  endfacet
  facet normal -0.9822872507286886 0.1873813145857246 0
    outer loop
      vertex 21.845523605141913 60.73561191396468 138
      vertex 21.845523605141913 60.73561191396468 140
      vertex 22.03612908064727 61.73480080812914 138
    endloop
  endfacet
  facet normal -0.9980267284282716 0.06279051952931435 0
    outer loop
      vertex 22.03612908064727 61.73480080812914 138
      vertex 22.03612908064727 61.73480080812914 140
      vertex 22.1 62.75 138
    endloop
  endfacet
  facet normal -0.9510565162951539 0.30901699437494684 0
    outer loop
      vertex 21.845523605141913 60.73561191396468 138
      vertex 21.531189535694836 59.768191123254105 140
      vertex 21.845523605141913 60.73561191396468 140
    endloop
  endfacet
  facet normal -0.9822872507286886 0.1873813145857246 0
    outer loop
      vertex 22.03612908064727 61.73480080812914 138
      vertex 21.845523605141913 60.73561191396468 140
      vertex 22.03612908064727 61.73480080812914 140
    endloop
  endfacet
  facet normal -0.9980267284282716 0.06279051952931435 0
    outer loop
      vertex 22.1 62.75 138
      vertex 22.03612908064727 61.73480080812914 140
      vertex 22.1 62.75 140
    endloop
  endfacet
  facet normal -0.9822872507286889 -0.18738131458572332 0
    outer loop
      vertex 21.845523605141913 64.76438808603532 138
      vertex 22.03612908064727 63.76519919187086 138
      vertex 22.03612908064727 63.76519919187086 140
    endloop
  endfacet
  facet normal -0.9510565162951525 -0.30901699437495095 0
    outer loop
      vertex 21.845523605141913 64.76438808603532 138
      vertex 21.845523605141913 64.76438808603532 140
      vertex 21.531189535694836 65.73180887674589 138
    endloop
  endfacet
  facet normal -0.9980267284282716 -0.06279051952931435 0
    outer loop
      vertex 22.1 62.75 138
      vertex 22.1 62.75 140
      vertex 22.03612908064727 63.76519919187086 138
    endloop
  endfacet
  facet normal -0.9510565162951525 -0.30901699437495095 0
    outer loop
      vertex 21.531189535694836 65.73180887674589 138
      vertex 21.845523605141913 64.76438808603532 140
      vertex 21.531189535694836 65.73180887674589 140
    endloop
  endfacet
  facet normal -0.9822872507286889 -0.18738131458572332 0
    outer loop
      vertex 21.845523605141913 64.76438808603532 138
      vertex 22.03612908064727 63.76519919187086 140
      vertex 21.845523605141913 64.76438808603532 140
    endloop
  endfacet
  facet normal -0.9980267284282716 -0.06279051952931435 0
    outer loop
      vertex 22.03612908064727 63.76519919187086 138
      vertex 22.1 62.75 140
      vertex 22.03612908064727 63.76519919187086 140
    endloop
  endfacet
  facet normal -0.684547105928689 -0.7289686274214112 0
    outer loop
      vertex 19.16313431696439 68.9911572664839 138
      vertex 19.904645882113435 68.29483155802238 138
      vertex 19.904645882113435 68.29483155802238 140
    endloop
  endfacet
  facet normal -0.684547105928689 -0.7289686274214112 0
    outer loop
      vertex 19.16313431696439 68.9911572664839 138
      vertex 19.904645882113435 68.29483155802238 140
      vertex 19.16313431696439 68.9911572664839 140
    endloop
  endfacet
  facet normal -0.5877852522924679 -0.8090169943749513 0
    outer loop
      vertex 18.340197039329873 69.58905619656632 138
      vertex 19.16313431696439 68.9911572664839 138
      vertex 19.16313431696439 68.9911572664839 140
    endloop
  endfacet
  facet normal -0.7705132427757923 -0.637423989748686 0
    outer loop
      vertex 20.553037654437073 67.51106054356903 138
      vertex 20.553037654437073 67.51106054356903 140
      vertex 19.904645882113435 68.29483155802238 138
    endloop
  endfacet
  facet normal -0.7705132427757923 -0.637423989748686 0
    outer loop
      vertex 19.904645882113435 68.29483155802238 138
      vertex 20.553037654437073 67.51106054356903 140
      vertex 19.904645882113435 68.29483155802238 140
    endloop
  endfacet
  facet normal -0.8443279255020136 -0.5358267949789987 0
    outer loop
      vertex 20.553037654437073 67.51106054356903 138
      vertex 21.098084108355295 66.6522047602239 138
      vertex 21.098084108355295 66.6522047602239 140
    endloop
  endfacet
  facet normal -0.9048270524660208 -0.42577929156507016 0
    outer loop
      vertex 21.531189535694836 65.73180887674589 138
      vertex 21.531189535694836 65.73180887674589 140
      vertex 21.098084108355295 66.6522047602239 138
    endloop
  endfacet
  facet normal -0.8443279255020136 -0.5358267949789987 0
    outer loop
      vertex 20.553037654437073 67.51106054356903 138
      vertex 21.098084108355295 66.6522047602239 140
      vertex 20.553037654437073 67.51106054356903 140
    endloop
  endfacet
  facet normal -0.9048270524660208 -0.42577929156507016 0
    outer loop
      vertex 21.098084108355295 66.6522047602239 138
      vertex 21.531189535694836 65.73180887674589 140
      vertex 21.098084108355295 66.6522047602239 140
    endloop
  endfacet
  facet normal 0 0 1
    outer loop
      vertex 38.901915891644705 -103.6522047602239 138
      vertex 39.44696234556292 -104.51106054356903 138
      vertex 39.44696234556292 -94.98893945643097 138
    endloop
  endfacet
  facet normal 0.9822872507286889 0.18738131458572332 0
    outer loop
      vertex 37.96387091935273 -100.76519919187086 138
      vertex 37.96387091935273 -100.76519919187086 140
      vertex 38.15447639485809 -101.76438808603532 138
    endloop
  endfacet
  facet normal 0.9510565162951525 0.30901699437495095 0
    outer loop
      vertex 38.468810464305164 -102.73180887674589 138
      vertex 38.15447639485809 -101.76438808603532 138
      vertex 38.15447639485809 -101.76438808603532 140
    endloop
  endfacet
  facet normal 0.9510565162951525 0.30901699437495095 0
    outer loop
      vertex 38.468810464305164 -102.73180887674589 138
      vertex 38.15447639485809 -101.76438808603532 140
      vertex 38.468810464305164 -102.73180887674589 140
    endloop
  endfacet
  facet normal 0.9822872507286889 0.18738131458572332 0
    outer loop
      vertex 38.15447639485809 -101.76438808603532 138
      vertex 37.96387091935273 -100.76519919187086 140
      vertex 38.15447639485809 -101.76438808603532 140
    endloop
  endfacet
  facet normal 0.8443279255020153 0.5358267949789962 0
    outer loop
      vertex 38.901915891644705 -103.6522047602239 138
      vertex 38.901915891644705 -103.6522047602239 140
      vertex 39.44696234556292 -104.51106054356903 138
    endloop
  endfacet
  facet normal 0.8443279255020153 0.5358267949789962 0
    outer loop
      vertex 39.44696234556292 -104.51106054356903 138
      vertex 38.901915891644705 -103.6522047602239 140
      vertex 39.44696234556292 -104.51106054356903 140
    endloop
  endfacet
  facet normal 0.9048270524660208 0.42577929156507016 0
    outer loop
      vertex 38.901915891644705 -103.6522047602239 138
      vertex 38.468810464305164 -102.73180887674589 138
      vertex 38.468810464305164 -102.73180887674589 140
    endloop
  endfacet
  facet normal 0.9048270524660208 0.42577929156507016 0
    outer loop
      vertex 38.901915891644705 -103.6522047602239 138
      vertex 38.468810464305164 -102.73180887674589 140
      vertex 38.901915891644705 -103.6522047602239 140
    endloop
  endfacet
  facet normal 0 0 1
    outer loop
      vertex 40.095354117886565 -105.29483155802238 138
      vertex 40.095354117886565 -94.20516844197762 138
      vertex 39.44696234556292 -104.51106054356903 138
    endloop
  endfacet
  facet normal 0 0 1
    outer loop
      vertex 40.095354117886565 -105.29483155802238 138
      vertex 40.83686568303561 -105.9911572664839 138
      vertex 40.83686568303561 -93.5088427335161 138
    endloop
  endfacet
  facet normal 0.7705132427757906 0.6374239897486881 0
    outer loop
      vertex 40.095354117886565 -105.29483155802238 138
      vertex 39.44696234556292 -104.51106054356903 138
      vertex 39.44696234556292 -104.51106054356903 140
    endloop
  endfacet
  facet normal 0.7705132427757906 0.6374239897486881 0
    outer loop
      vertex 40.095354117886565 -105.29483155802238 138
      vertex 39.44696234556292 -104.51106054356903 140
      vertex 40.095354117886565 -105.29483155802238 140
    endloop
  endfacet
  facet normal 0.684547105928689 0.7289686274214112 0
    outer loop
      vertex 40.095354117886565 -105.29483155802238 138
      vertex 40.095354117886565 -105.29483155802238 140
      vertex 40.83686568303561 -105.9911572664839 138
    endloop
  endfacet
  facet normal 0.5877852522924679 0.8090169943749513 0
    outer loop
      vertex 40.83686568303561 -105.9911572664839 138
      vertex 40.83686568303561 -105.9911572664839 140
      vertex 41.65980296067013 -106.58905619656632 138
    endloop
  endfacet
  facet normal 0.684547105928689 0.7289686274214112 0
    outer loop
      vertex 40.83686568303561 -105.9911572664839 138
      vertex 40.095354117886565 -105.29483155802238 140
      vertex 40.83686568303561 -105.9911572664839 140
    endloop
  endfacet
  facet normal 0 0 1
    outer loop
      vertex 37.96387091935273 -100.76519919187086 138
      vertex 37.96387091935273 -98.73480080812914 138
      vertex 37.9 -99.75 138
    endloop
  endfacet
  facet normal 0 0 1
    outer loop
      vertex 37.96387091935273 -100.76519919187086 138
      vertex 38.15447639485809 -101.76438808603532 138
      vertex 38.15447639485809 -97.73561191396468 138
    endloop
  endfacet
  facet normal 0 0 1
    outer loop
      vertex 38.468810464305164 -102.73180887674589 138
      vertex 38.468810464305164 -96.76819112325411 138
      vertex 38.15447639485809 -101.76438808603532 138
    endloop
  endfacet
  facet normal 0 0 1
    outer loop
      vertex 37.96387091935273 -100.76519919187086 138
      vertex 38.15447639485809 -97.73561191396468 138
      vertex 37.96387091935273 -98.73480080812914 138
    endloop
  endfacet
  facet normal 0 0 1
    outer loop
      vertex 38.15447639485809 -101.76438808603532 138
      vertex 38.468810464305164 -96.76819112325411 138
      vertex 38.15447639485809 -97.73561191396468 138
    endloop
  endfacet
  facet normal 0 0 1
    outer loop
      vertex 38.901915891644705 -103.6522047602239 138
      vertex 38.901915891644705 -95.8477952397761 138
      vertex 38.468810464305164 -102.73180887674589 138
    endloop
  endfacet
  facet normal 0 0 1
    outer loop
      vertex 38.468810464305164 -102.73180887674589 138
      vertex 38.901915891644705 -95.8477952397761 138
      vertex 38.468810464305164 -96.76819112325411 138
    endloop
  endfacet
  facet normal 0 0 1
    outer loop
      vertex 38.901915891644705 -103.6522047602239 138
      vertex 39.44696234556292 -94.98893945643097 138
      vertex 38.901915891644705 -95.8477952397761 138
    endloop
  endfacet
  facet normal 0.9980267284282716 0.06279051952931435 0
    outer loop
      vertex 37.96387091935273 -100.76519919187086 138
      vertex 37.9 -99.75 138
      vertex 37.9 -99.75 140
    endloop
  endfacet
  facet normal 0.9980267284282716 -0.06279051952931435 0
    outer loop
      vertex 37.9 -99.75 138
      vertex 37.96387091935273 -98.73480080812914 138
      vertex 37.96387091935273 -98.73480080812914 140
    endloop
  endfacet
  facet normal 0.9822872507286889 -0.18738131458572332 0
    outer loop
      vertex 37.96387091935273 -98.73480080812914 138
      vertex 38.15447639485809 -97.73561191396468 138
      vertex 38.15447639485809 -97.73561191396468 140
    endloop
  endfacet
  facet normal 0.9980267284282716 0.06279051952931435 0
    outer loop
      vertex 37.96387091935273 -100.76519919187086 138
      vertex 37.9 -99.75 140
      vertex 37.96387091935273 -100.76519919187086 140
    endloop
  endfacet
  facet normal 0.9980267284282716 -0.06279051952931435 0
    outer loop
      vertex 37.9 -99.75 138
      vertex 37.96387091935273 -98.73480080812914 140
      vertex 37.9 -99.75 140
    endloop
  endfacet
  facet normal 0.9822872507286889 -0.18738131458572332 0
    outer loop
      vertex 37.96387091935273 -98.73480080812914 138
      vertex 38.15447639485809 -97.73561191396468 140
      vertex 37.96387091935273 -98.73480080812914 140
    endloop
  endfacet
  facet normal 0.9510565162951525 -0.30901699437495095 0
    outer loop
      vertex 38.15447639485809 -97.73561191396468 138
      vertex 38.468810464305164 -96.76819112325411 138
      vertex 38.468810464305164 -96.76819112325411 140
    endloop
  endfacet
  facet normal 0.9510565162951525 -0.30901699437495095 0
    outer loop
      vertex 38.15447639485809 -97.73561191396468 138
      vertex 38.468810464305164 -96.76819112325411 140
      vertex 38.15447639485809 -97.73561191396468 140
    endloop
  endfacet
  facet normal 0.9048270524660208 -0.42577929156507016 0
    outer loop
      vertex 38.468810464305164 -96.76819112325411 138
      vertex 38.901915891644705 -95.8477952397761 138
      vertex 38.901915891644705 -95.8477952397761 140
    endloop
  endfacet
  facet normal 0.8443279255020153 -0.5358267949789962 0
    outer loop
      vertex 38.901915891644705 -95.8477952397761 138
      vertex 39.44696234556292 -94.98893945643097 138
      vertex 39.44696234556292 -94.98893945643097 140
    endloop
  endfacet
  facet normal 0.9048270524660208 -0.42577929156507016 0
    outer loop
      vertex 38.468810464305164 -96.76819112325411 138
      vertex 38.901915891644705 -95.8477952397761 140
      vertex 38.468810464305164 -96.76819112325411 140
    endloop
  endfacet
  facet normal 0.8443279255020153 -0.5358267949789962 0
    outer loop
      vertex 38.901915891644705 -95.8477952397761 138
      vertex 39.44696234556292 -94.98893945643097 140
      vertex 38.901915891644705 -95.8477952397761 140
    endloop
  endfacet
  facet normal 0 0 1
    outer loop
      vertex 39.44696234556292 -104.51106054356903 138
      vertex 40.095354117886565 -94.20516844197762 138
      vertex 39.44696234556292 -94.98893945643097 138
    endloop
  endfacet
  facet normal 0 0 1
    outer loop
      vertex 40.095354117886565 -105.29483155802238 138
      vertex 40.83686568303561 -93.5088427335161 138
      vertex 40.095354117886565 -94.20516844197762 138
    endloop
  endfacet
  facet normal 0 0 1
    outer loop
      vertex 40.83686568303561 -105.9911572664839 138
      vertex 41.65980296067013 -92.91094380343368 138
      vertex 40.83686568303561 -93.5088427335161 138
    endloop
  endfacet
  facet normal 0.7705132427757906 -0.6374239897486881 0
    outer loop
      vertex 39.44696234556292 -94.98893945643097 138
      vertex 40.095354117886565 -94.20516844197762 138
      vertex 40.095354117886565 -94.20516844197762 140
    endloop
  endfacet
  facet normal 0.7705132427757906 -0.6374239897486881 0
    outer loop
      vertex 39.44696234556292 -94.98893945643097 138
      vertex 40.095354117886565 -94.20516844197762 140
      vertex 39.44696234556292 -94.98893945643097 140
    endloop
  endfacet
  facet normal 0.684547105928689 -0.7289686274214112 0
    outer loop
      vertex 40.095354117886565 -94.20516844197762 138
      vertex 40.83686568303561 -93.5088427335161 138
      vertex 40.83686568303561 -93.5088427335161 140
    endloop
  endfacet
  facet normal 0.684547105928689 -0.7289686274214112 0
    outer loop
      vertex 40.095354117886565 -94.20516844197762 138
      vertex 40.83686568303561 -93.5088427335161 140
      vertex 40.095354117886565 -94.20516844197762 140
    endloop
  endfacet
  facet normal 0.5877852522924679 -0.8090169943749513 0
    outer loop
      vertex 40.83686568303561 -93.5088427335161 138
      vertex 41.65980296067013 -92.91094380343368 140
      vertex 40.83686568303561 -93.5088427335161 140
    endloop
  endfacet
  facet normal 0.3681245526846726 0.9297764858882536 0
    outer loop
      vertex 42.551187738322916 -107.07909912497476 138
      vertex 42.551187738322916 -107.07909912497476 140
      vertex 43.49696234556293 -107.45355778199074 138
    endloop
  endfacet
  facet normal 0.4817536741017182 0.876306680043862 0
    outer loop
      vertex 42.551187738322916 -107.07909912497476 138
      vertex 41.65980296067013 -106.58905619656632 140
      vertex 42.551187738322916 -107.07909912497476 140
    endloop
  endfacet
  facet normal 0 0 1
    outer loop
      vertex 41.65980296067013 -106.58905619656632 138
      vertex 42.551187738322916 -107.07909912497476 138
      vertex 42.319511943815776 -101.7733654312272 138
    endloop
  endfacet
  facet normal 0 0 1
    outer loop
      vertex 40.83686568303561 -105.9911572664839 138
      vertex 41.65980296067013 -106.58905619656632 138
      vertex 41.65980296067013 -92.91094380343368 138
    endloop
  endfacet
  facet normal 0 0 1
    outer loop
      vertex 41.65980296067013 -106.58905619656632 138
      vertex 41.931950723259746 -100.79449752609239 138
      vertex 41.833118254479196 -100.27639958097008 138
    endloop
  endfacet
  facet normal 0 0 1
    outer loop
      vertex 41.65980296067013 -106.58905619656632 138
      vertex 42.09493875926935 -101.29612312127564 138
      vertex 41.931950723259746 -100.79449752609239 138
    endloop
  endfacet
  facet normal 0 0 1
    outer loop
      vertex 41.65980296067013 -106.58905619656632 138
      vertex 42.319511943815776 -101.7733654312272 138
      vertex 42.09493875926935 -101.29612312127564 138
    endloop
  endfacet
  facet normal 0 0 1
    outer loop
      vertex 41.65980296067013 -106.58905619656632 138
      vertex 41.833118254479196 -100.27639958097008 138
      vertex 41.8 -99.75 138
    endloop
  endfacet
  facet normal 0 0 1
    outer loop
      vertex 42.551187738322916 -107.07909912497476 138
      vertex 43.49696234556293 -107.45355778199074 138
      vertex 43.322819243055505 -102.98615561965832 138
    endloop
  endfacet
  facet normal 0 0 1
    outer loop
      vertex 42.551187738322916 -107.07909912497476 138
      vertex 42.93833176483007 -102.6250978449005 138
      vertex 42.60212862362522 -102.2186980596284 138
    endloop
  endfacet
  facet normal 0 0 1
    outer loop
      vertex 42.551187738322916 -107.07909912497476 138
      vertex 43.322819243055505 -102.98615561965832 138
      vertex 42.93833176483007 -102.6250978449005 138
    endloop
  endfacet
  facet normal 0 0 1
    outer loop
      vertex 42.551187738322916 -107.07909912497476 138
      vertex 42.60212862362522 -102.2186980596284 138
      vertex 42.319511943815776 -101.7733654312272 138
    endloop
  endfacet
  facet normal 0.4817536741017182 0.876306680043862 0
    outer loop
      vertex 41.65980296067013 -106.58905619656632 138
      vertex 41.65980296067013 -106.58905619656632 140
      vertex 42.551187738322916 -107.07909912497476 138
    endloop
  endfacet
  facet normal 0.5877852522924679 0.8090169943749513 0
    outer loop
      vertex 41.65980296067013 -106.58905619656632 138
      vertex 40.83686568303561 -105.9911572664839 140
      vertex 41.65980296067013 -106.58905619656632 140
    endloop
  endfacet
  facet normal 0.24868988716486323 0.9685831611286289 0
    outer loop
      vertex 43.49696234556293 -107.45355778199074 138
      vertex 43.49696234556293 -107.45355778199074 140
      vertex 44.48221135185563 -107.70652673090238 138
    endloop
  endfacet
  facet normal 0.3681245526846726 0.9297764858882536 0
    outer loop
      vertex 43.49696234556293 -107.45355778199074 138
      vertex 42.551187738322916 -107.07909912497476 140
      vertex 43.49696234556293 -107.45355778199074 140
    endloop
  endfacet
  facet normal 0.12533323356430218 0.9921147013144781 0
    outer loop
      vertex 44.48221135185563 -107.70652673090238 138
      vertex 44.48221135185563 -107.70652673090238 140
      vertex 45.49139679181256 -107.834016500269 138
    endloop
  endfacet
  facet normal 0.24868988716486323 0.9685831611286289 0
    outer loop
      vertex 44.48221135185563 -107.70652673090238 138
      vertex 43.49696234556293 -107.45355778199074 140
      vertex 44.48221135185563 -107.70652673090238 140
    endloop
  endfacet
  facet normal 0 0 1
    outer loop
      vertex 43.49696234556293 -107.45355778199074 138
      vertex 43.74952746108821 -103.29617728710846 138
      vertex 43.322819243055505 -102.98615561965832 138
    endloop
  endfacet
  facet normal 0 0 1
    outer loop
      vertex 43.49696234556293 -107.45355778199074 138
      vertex 44.21172697542669 -103.55027362035729 138
      vertex 43.74952746108821 -103.29617728710846 138
    endloop
  endfacet
  facet normal 0 0 1
    outer loop
      vertex 43.49696234556293 -107.45355778199074 138
      vertex 44.48221135185563 -107.70652673090238 138
      vertex 44.21172697542669 -103.55027362035729 138
    endloop
  endfacet
  facet normal 0 0 1
    outer loop
      vertex 44.48221135185563 -107.70652673090238 138
      vertex 44.70212862362522 -103.74443736843965 138
      vertex 44.21172697542669 -103.55027362035729 138
    endloop
  endfacet
  facet normal 0 0 1
    outer loop
      vertex 44.48221135185563 -107.70652673090238 138
      vertex 45.212998478739955 -103.8756064530605 138
      vertex 44.70212862362522 -103.74443736843965 138
    endloop
  endfacet
  facet normal 0 0 1
    outer loop
      vertex 41.65980296067013 -106.58905619656632 138
      vertex 41.8 -99.75 138
      vertex 41.65980296067013 -92.91094380343368 138
    endloop
  endfacet
  facet normal 0 0 1
    outer loop
      vertex 41.8 -99.75 138
      vertex 41.833118254479196 -99.22360041902992 138
      vertex 41.65980296067013 -92.91094380343368 138
    endloop
  endfacet
  facet normal 0 0 1
    outer loop
      vertex 41.833118254479196 -99.22360041902992 138
      vertex 41.931950723259746 -98.70550247390761 138
      vertex 41.65980296067013 -92.91094380343368 138
    endloop
  endfacet
  facet normal 0 0 1
    outer loop
      vertex 41.931950723259746 -98.70550247390761 138
      vertex 42.09493875926935 -98.20387687872436 138
      vertex 41.65980296067013 -92.91094380343368 138
    endloop
  endfacet
  facet normal 0 0 1
    outer loop
      vertex 42.09493875926935 -98.20387687872436 138
      vertex 42.319511943815776 -97.7266345687728 138
      vertex 41.65980296067013 -92.91094380343368 138
    endloop
  endfacet
  facet normal 0 0 1
    outer loop
      vertex 42.319511943815776 -97.7266345687728 138
      vertex 42.60212862362522 -97.2813019403716 138
      vertex 42.55118773832291 -92.42090087502524 138
    endloop
  endfacet
  facet normal 0 0 1
    outer loop
      vertex 42.60212862362522 -97.2813019403716 138
      vertex 42.93833176483007 -96.8749021550995 138
      vertex 42.55118773832291 -92.42090087502524 138
    endloop
  endfacet
  facet normal 0 0 1
    outer loop
      vertex 42.93833176483007 -96.8749021550995 138
      vertex 43.322819243055505 -96.51384438034168 138
      vertex 42.55118773832291 -92.42090087502524 138
    endloop
  endfacet
  facet normal 0 0 1
    outer loop
      vertex 42.319511943815776 -97.7266345687728 138
      vertex 42.55118773832291 -92.42090087502524 138
      vertex 41.65980296067013 -92.91094380343368 138
    endloop
  endfacet
  facet normal 0 0 1
    outer loop
      vertex 42.55118773832291 -92.42090087502524 138
      vertex 43.322819243055505 -96.51384438034168 138
      vertex 43.49696234556293 -92.04644221800926 138
    endloop
  endfacet
  facet normal 0.5877852522924679 -0.8090169943749513 0
    outer loop
      vertex 40.83686568303561 -93.5088427335161 138
      vertex 41.65980296067013 -92.91094380343368 138
      vertex 41.65980296067013 -92.91094380343368 140
    endloop
  endfacet
  facet normal 0.48175367410172104 -0.8763066800438603 0
    outer loop
      vertex 41.65980296067013 -92.91094380343368 138
      vertex 42.55118773832291 -92.42090087502524 140
      vertex 41.65980296067013 -92.91094380343368 140
    endloop
  endfacet
  facet normal 0.48175367410172104 -0.8763066800438603 0
    outer loop
      vertex 41.65980296067013 -92.91094380343368 138
      vertex 42.55118773832291 -92.42090087502524 138
      vertex 42.55118773832291 -92.42090087502524 140
    endloop
  endfacet
  facet normal 0.3681245526846702 -0.9297764858882545 0
    outer loop
      vertex 42.55118773832291 -92.42090087502524 138
      vertex 43.49696234556293 -92.04644221800926 140
      vertex 42.55118773832291 -92.42090087502524 140
    endloop
  endfacet
  facet normal 0 0 1
    outer loop
      vertex 43.322819243055505 -96.51384438034168 138
      vertex 43.74952746108821 -96.20382271289154 138
      vertex 43.49696234556293 -92.04644221800926 138
    endloop
  endfacet
  facet normal 0 0 1
    outer loop
      vertex 43.74952746108821 -96.20382271289154 138
      vertex 44.21172697542669 -95.94972637964271 138
      vertex 43.49696234556293 -92.04644221800926 138
    endloop
  endfacet
  facet normal 0 0 1
    outer loop
      vertex 43.49696234556293 -92.04644221800926 138
      vertex 44.21172697542669 -95.94972637964271 138
      vertex 44.70212862362522 -95.75556263156035 138
    endloop
  endfacet
  facet normal 0 0 1
    outer loop
      vertex 43.49696234556293 -92.04644221800926 138
      vertex 44.70212862362522 -95.75556263156035 138
      vertex 44.48221135185563 -91.79347326909762 138
    endloop
  endfacet
  facet normal 0 0 1
    outer loop
      vertex 44.70212862362522 -95.75556263156035 138
      vertex 45.212998478739955 -95.6243935469395 138
      vertex 44.48221135185563 -91.79347326909762 138
    endloop
  endfacet
  facet normal 0.3681245526846702 -0.9297764858882545 0
    outer loop
      vertex 42.55118773832291 -92.42090087502524 138
      vertex 43.49696234556293 -92.04644221800926 138
      vertex 43.49696234556293 -92.04644221800926 140
    endloop
  endfacet
  facet normal 0.24868988716486323 -0.9685831611286289 0
    outer loop
      vertex 43.49696234556293 -92.04644221800926 138
      vertex 44.48221135185563 -91.79347326909762 140
      vertex 43.49696234556293 -92.04644221800926 140
    endloop
  endfacet
  facet normal 0.24868988716486323 -0.9685831611286289 0
    outer loop
      vertex 43.49696234556293 -92.04644221800926 138
      vertex 44.48221135185563 -91.79347326909762 138
      vertex 44.48221135185563 -91.79347326909762 140
    endloop
  endfacet
  facet normal 0.12533323356430218 -0.9921147013144781 0
    outer loop
      vertex 44.48221135185563 -91.79347326909762 138
      vertex 45.49139679181256 -91.665983499731 140
      vertex 44.48221135185563 -91.79347326909762 140
    endloop
  endfacet
  facet normal 0 1 0
    outer loop
      vertex 45.49139679181256 -107.834016500269 138
      vertex 45.49139679181256 -107.834016500269 140
      vertex 46.50860320818744 -107.834016500269 138
    endloop
  endfacet
  facet normal 0.12533323356430218 0.9921147013144781 0
    outer loop
      vertex 45.49139679181256 -107.834016500269 138
      vertex 44.48221135185563 -107.70652673090238 140
      vertex 45.49139679181256 -107.834016500269 140
    endloop
  endfacet
  facet normal -0.12533323356430218 0.9921147013144781 0
    outer loop
      vertex 46.50860320818744 -107.834016500269 138
      vertex 46.50860320818744 -107.834016500269 140
      vertex 47.51778864814437 -107.70652673090238 138
    endloop
  endfacet
  facet normal 0 1 0
    outer loop
      vertex 46.50860320818744 -107.834016500269 138
      vertex 45.49139679181256 -107.834016500269 140
      vertex 46.50860320818744 -107.834016500269 140
    endloop
  endfacet
  facet normal 0 0 1
    outer loop
      vertex 44.48221135185563 -107.70652673090238 138
      vertex 45.49139679181256 -107.834016500269 138
      vertex 45.212998478739955 -103.8756064530605 138
    endloop
  endfacet
  facet normal 0 0 1
    outer loop
      vertex 45.49139679181256 -107.834016500269 138
      vertex 45.73627981797688 -103.94171225939874 138
      vertex 45.212998478739955 -103.8756064530605 138
    endloop
  endfacet
  facet normal 0 0 1
    outer loop
      vertex 45.49139679181256 -107.834016500269 138
      vertex 46.26372018202312 -103.94171225939874 138
      vertex 45.73627981797688 -103.94171225939874 138
    endloop
  endfacet
  facet normal 0 0 1
    outer loop
      vertex 45.49139679181256 -107.834016500269 138
      vertex 46.50860320818744 -107.834016500269 138
      vertex 46.26372018202312 -103.94171225939874 138
    endloop
  endfacet
  facet normal 0 0 1
    outer loop
      vertex 46.50860320818744 -107.834016500269 138
      vertex 47.51778864814437 -107.70652673090238 138
      vertex 46.26372018202312 -103.94171225939874 138
    endloop
  endfacet
  facet normal 0 0 1
    outer loop
      vertex 46.26372018202312 -103.94171225939874 138
      vertex 47.51778864814437 -107.70652673090238 138
      vertex 46.787001521260045 -103.8756064530605 138
    endloop
  endfacet
  facet normal -0.12533323356430218 0.9921147013144781 0
    outer loop
      vertex 47.51778864814437 -107.70652673090238 138
      vertex 46.50860320818744 -107.834016500269 140
      vertex 47.51778864814437 -107.70652673090238 140
    endloop
  endfacet
  facet normal -0.24868988716486323 0.9685831611286289 0
    outer loop
      vertex 47.51778864814437 -107.70652673090238 138
      vertex 47.51778864814437 -107.70652673090238 140
      vertex 48.50303765443707 -107.45355778199074 138
    endloop
  endfacet
  facet normal -0.24868988716486323 0.9685831611286289 0
    outer loop
      vertex 48.50303765443707 -107.45355778199074 138
      vertex 47.51778864814437 -107.70652673090238 140
      vertex 48.50303765443707 -107.45355778199074 140
    endloop
  endfacet
  facet normal 0 0 1
    outer loop
      vertex 46.787001521260045 -103.8756064530605 138
      vertex 47.51778864814437 -107.70652673090238 138
      vertex 47.29787137637478 -103.74443736843965 138
    endloop
  endfacet
  facet normal 0 0 1
    outer loop
      vertex 47.51778864814437 -107.70652673090238 138
      vertex 48.50303765443707 -107.45355778199074 138
      vertex 47.29787137637478 -103.74443736843965 138
    endloop
  endfacet
  facet normal 0 0 1
    outer loop
      vertex 47.29787137637478 -103.74443736843965 138
      vertex 48.50303765443707 -107.45355778199074 138
      vertex 47.78827302457331 -103.55027362035729 138
    endloop
  endfacet
  facet normal 0 0 1
    outer loop
      vertex 47.78827302457331 -103.55027362035729 138
      vertex 48.50303765443707 -107.45355778199074 138
      vertex 48.25047253891179 -103.29617728710846 138
    endloop
  endfacet
  facet normal 0 0 1
    outer loop
      vertex 48.50303765443707 -107.45355778199074 138
      vertex 48.677180756944495 -102.98615561965832 138
      vertex 48.25047253891179 -103.29617728710846 138
    endloop
  endfacet
  facet normal 0 0 1
    outer loop
      vertex 44.48221135185563 -91.79347326909762 138
      vertex 45.212998478739955 -95.6243935469395 138
      vertex 45.736279817976886 -95.55828774060126 138
    endloop
  endfacet
  facet normal 0 0 1
    outer loop
      vertex 44.48221135185563 -91.79347326909762 138
      vertex 45.736279817976886 -95.55828774060126 138
      vertex 45.49139679181256 -91.665983499731 138
    endloop
  endfacet
  facet normal 0 0 1
    outer loop
      vertex 45.736279817976886 -95.55828774060126 138
      vertex 46.50860320818744 -91.665983499731 138
      vertex 45.49139679181256 -91.665983499731 138
    endloop
  endfacet
  facet normal 0 0 1
    outer loop
      vertex 45.736279817976886 -95.55828774060126 138
      vertex 46.263720182023114 -95.55828774060126 138
      vertex 46.50860320818744 -91.665983499731 138
    endloop
  endfacet
  facet normal 0 0 1
    outer loop
      vertex 46.263720182023114 -95.55828774060126 138
      vertex 46.787001521260045 -95.6243935469395 138
      vertex 46.50860320818744 -91.665983499731 138
    endloop
  endfacet
  facet normal 0.12533323356430218 -0.9921147013144781 0
    outer loop
      vertex 44.48221135185563 -91.79347326909762 138
      vertex 45.49139679181256 -91.665983499731 138
      vertex 45.49139679181256 -91.665983499731 140
    endloop
  endfacet
  facet normal 0 -1 0
    outer loop
      vertex 45.49139679181256 -91.665983499731 138
      vertex 46.50860320818744 -91.665983499731 140
      vertex 45.49139679181256 -91.665983499731 140
    endloop
  endfacet
  facet normal 0 -1 0
    outer loop
      vertex 45.49139679181256 -91.665983499731 138
      vertex 46.50860320818744 -91.665983499731 138
      vertex 46.50860320818744 -91.665983499731 140
    endloop
  endfacet
  facet normal -0.12533323356430218 -0.9921147013144781 0
    outer loop
      vertex 46.50860320818744 -91.665983499731 138
      vertex 47.51778864814437 -91.79347326909762 140
      vertex 46.50860320818744 -91.665983499731 140
    endloop
  endfacet
  facet normal 0 0 1
    outer loop
      vertex 48.25047253891179 -96.20382271289154 138
      vertex 48.677180756944495 -96.51384438034168 138
      vertex 48.50303765443707 -92.04644221800926 138
    endloop
  endfacet
  facet normal 0 0 1
    outer loop
      vertex 46.787001521260045 -95.6243935469395 138
      vertex 47.29787137637478 -95.75556263156035 138
      vertex 47.51778864814437 -91.79347326909762 138
    endloop
  endfacet
  facet normal 0 0 1
    outer loop
      vertex 46.787001521260045 -95.6243935469395 138
      vertex 47.51778864814437 -91.79347326909762 138
      vertex 46.50860320818744 -91.665983499731 138
    endloop
  endfacet
  facet normal 0 0 1
    outer loop
      vertex 47.29787137637478 -95.75556263156035 138
      vertex 47.78827302457331 -95.94972637964271 138
      vertex 47.51778864814437 -91.79347326909762 138
    endloop
  endfacet
  facet normal 0 0 1
    outer loop
      vertex 47.78827302457331 -95.94972637964271 138
      vertex 48.25047253891179 -96.20382271289154 138
      vertex 48.50303765443707 -92.04644221800926 138
    endloop
  endfacet
  facet normal 0 0 1
    outer loop
      vertex 47.78827302457331 -95.94972637964271 138
      vertex 48.50303765443707 -92.04644221800926 138
      vertex 47.51778864814437 -91.79347326909762 138
    endloop
  endfacet
  facet normal -0.12533323356430218 -0.9921147013144781 0
    outer loop
      vertex 46.50860320818744 -91.665983499731 138
      vertex 47.51778864814437 -91.79347326909762 138
      vertex 47.51778864814437 -91.79347326909762 140
    endloop
  endfacet
  facet normal -0.24868988716486323 -0.9685831611286289 0
    outer loop
      vertex 47.51778864814437 -91.79347326909762 138
      vertex 48.50303765443707 -92.04644221800926 138
      vertex 48.50303765443707 -92.04644221800926 140
    endloop
  endfacet
  facet normal -0.24868988716486323 -0.9685831611286289 0
    outer loop
      vertex 47.51778864814437 -91.79347326909762 138
      vertex 48.50303765443707 -92.04644221800926 140
      vertex 47.51778864814437 -91.79347326909762 140
    endloop
  endfacet
  facet normal -0.3681245526846726 0.9297764858882536 0
    outer loop
      vertex 48.50303765443707 -107.45355778199074 138
      vertex 48.50303765443707 -107.45355778199074 140
      vertex 49.448812261677084 -107.07909912497476 138
    endloop
  endfacet
  facet normal -0.3681245526846726 0.9297764858882536 0
    outer loop
      vertex 49.448812261677084 -107.07909912497476 138
      vertex 48.50303765443707 -107.45355778199074 140
      vertex 49.448812261677084 -107.07909912497476 140
    endloop
  endfacet
  facet normal -0.48175367410172104 0.8763066800438603 0
    outer loop
      vertex 49.448812261677084 -107.07909912497476 138
      vertex 49.448812261677084 -107.07909912497476 140
      vertex 50.340197039329865 -106.58905619656632 138
    endloop
  endfacet
  facet normal 0 0 1
    outer loop
      vertex 48.50303765443707 -107.45355778199074 138
      vertex 49.448812261677084 -107.07909912497476 138
      vertex 48.677180756944495 -102.98615561965832 138
    endloop
  endfacet
  facet normal 0 0 1
    outer loop
      vertex 48.677180756944495 -102.98615561965832 138
      vertex 49.448812261677084 -107.07909912497476 138
      vertex 49.06166823516993 -102.6250978449005 138
    endloop
  endfacet
  facet normal 0 0 1
    outer loop
      vertex 49.448812261677084 -107.07909912497476 138
      vertex 49.39787137637478 -102.2186980596284 138
      vertex 49.06166823516993 -102.6250978449005 138
    endloop
  endfacet
  facet normal 0 0 1
    outer loop
      vertex 49.448812261677084 -107.07909912497476 138
      vertex 49.680488056184224 -101.7733654312272 138
      vertex 49.39787137637478 -102.2186980596284 138
    endloop
  endfacet
  facet normal 0 0 1
    outer loop
      vertex 49.448812261677084 -107.07909912497476 138
      vertex 50.340197039329865 -106.58905619656632 138
      vertex 49.680488056184224 -101.7733654312272 138
    endloop
  endfacet
  facet normal 0 0 1
    outer loop
      vertex 50.340197039329865 -106.58905619656632 138
      vertex 49.90506124073065 -101.29612312127566 138
      vertex 49.680488056184224 -101.7733654312272 138
    endloop
  endfacet
  facet normal 0 0 1
    outer loop
      vertex 50.340197039329865 -106.58905619656632 138
      vertex 50.068049276740254 -100.79449752609239 138
      vertex 49.90506124073065 -101.29612312127566 138
    endloop
  endfacet
  facet normal 0 0 1
    outer loop
      vertex 50.340197039329865 -106.58905619656632 138
      vertex 50.166881745520804 -100.27639958097008 138
      vertex 50.068049276740254 -100.79449752609239 138
    endloop
  endfacet
  facet normal 0 0 1
    outer loop
      vertex 50.340197039329865 -106.58905619656632 138
      vertex 50.2 -99.75 138
      vertex 50.166881745520804 -100.27639958097008 138
    endloop
  endfacet
  facet normal -0.5877852522924645 0.8090169943749536 0
    outer loop
      vertex 50.340197039329865 -106.58905619656632 138
      vertex 50.340197039329865 -106.58905619656632 140
      vertex 51.16313431696439 -105.9911572664839 138
    endloop
  endfacet
  facet normal -0.48175367410172104 0.8763066800438603 0
    outer loop
      vertex 50.340197039329865 -106.58905619656632 138
      vertex 49.448812261677084 -107.07909912497476 140
      vertex 50.340197039329865 -106.58905619656632 140
    endloop
  endfacet
  facet normal 0 0 1
    outer loop
      vertex 50.340197039329865 -106.58905619656632 138
      vertex 51.16313431696439 -105.9911572664839 138
      vertex 51.16313431696439 -93.5088427335161 138
    endloop
  endfacet
  facet normal 0 0 1
    outer loop
      vertex 51.16313431696439 -105.9911572664839 138
      vertex 51.904645882113435 -105.29483155802238 138
      vertex 51.904645882113435 -94.20516844197762 138
    endloop
  endfacet
  facet normal 0 0 1
    outer loop
      vertex 51.904645882113435 -105.29483155802238 138
      vertex 52.55303765443708 -104.51106054356903 138
      vertex 52.55303765443708 -94.98893945643097 138
    endloop
  endfacet
  facet normal -0.684547105928689 0.7289686274214112 0
    outer loop
      vertex 51.16313431696439 -105.9911572664839 138
      vertex 51.16313431696439 -105.9911572664839 140
      vertex 51.904645882113435 -105.29483155802238 138
    endloop
  endfacet
  facet normal -0.5877852522924645 0.8090169943749536 0
    outer loop
      vertex 51.16313431696439 -105.9911572664839 138
      vertex 50.340197039329865 -106.58905619656632 140
      vertex 51.16313431696439 -105.9911572664839 140
    endloop
  endfacet
  facet normal -0.7705132427757906 0.6374239897486881 0
    outer loop
      vertex 51.904645882113435 -105.29483155802238 138
      vertex 51.904645882113435 -105.29483155802238 140
      vertex 52.55303765443708 -104.51106054356903 138
    endloop
  endfacet
  facet normal -0.684547105928689 0.7289686274214112 0
    outer loop
      vertex 51.904645882113435 -105.29483155802238 138
      vertex 51.16313431696439 -105.9911572664839 140
      vertex 51.904645882113435 -105.29483155802238 140
    endloop
  endfacet
  facet normal -0.7705132427757906 0.6374239897486881 0
    outer loop
      vertex 52.55303765443708 -104.51106054356903 138
      vertex 51.904645882113435 -105.29483155802238 140
      vertex 52.55303765443708 -104.51106054356903 140
    endloop
  endfacet
  facet normal 0 0 1
    outer loop
      vertex 48.677180756944495 -96.51384438034168 138
      vertex 49.061668235169925 -96.8749021550995 138
      vertex 49.44881226167709 -92.42090087502524 138
    endloop
  endfacet
  facet normal 0 0 1
    outer loop
      vertex 49.061668235169925 -96.8749021550995 138
      vertex 49.39787137637478 -97.2813019403716 138
      vertex 49.44881226167709 -92.42090087502524 138
    endloop
  endfacet
  facet normal 0 0 1
    outer loop
      vertex 49.39787137637478 -97.2813019403716 138
      vertex 49.680488056184224 -97.7266345687728 138
      vertex 49.44881226167709 -92.42090087502524 138
    endloop
  endfacet
  facet normal 0 0 1
    outer loop
      vertex 50.340197039329865 -106.58905619656632 138
      vertex 50.34019703932987 -92.91094380343368 138
      vertex 50.2 -99.75 138
    endloop
  endfacet
  facet normal 0 0 1
    outer loop
      vertex 49.90506124073065 -98.20387687872436 138
      vertex 50.068049276740254 -98.70550247390761 138
      vertex 50.34019703932987 -92.91094380343368 138
    endloop
  endfacet
  facet normal 0 0 1
    outer loop
      vertex 49.680488056184224 -97.7266345687728 138
      vertex 49.90506124073065 -98.20387687872436 138
      vertex 50.34019703932987 -92.91094380343368 138
    endloop
  endfacet
  facet normal 0 0 1
    outer loop
      vertex 50.2 -99.75 138
      vertex 50.34019703932987 -92.91094380343368 138
      vertex 50.166881745520804 -99.22360041902992 138
    endloop
  endfacet
  facet normal 0 0 1
    outer loop
      vertex 50.068049276740254 -98.70550247390761 138
      vertex 50.166881745520804 -99.22360041902992 138
      vertex 50.34019703932987 -92.91094380343368 138
    endloop
  endfacet
  facet normal 0 0 1
    outer loop
      vertex 50.340197039329865 -106.58905619656632 138
      vertex 51.16313431696439 -93.5088427335161 138
      vertex 50.34019703932987 -92.91094380343368 138
    endloop
  endfacet
  facet normal 0 0 1
    outer loop
      vertex 48.677180756944495 -96.51384438034168 138
      vertex 49.44881226167709 -92.42090087502524 138
      vertex 48.50303765443707 -92.04644221800926 138
    endloop
  endfacet
  facet normal 0 0 1
    outer loop
      vertex 49.680488056184224 -97.7266345687728 138
      vertex 50.34019703932987 -92.91094380343368 138
      vertex 49.44881226167709 -92.42090087502524 138
    endloop
  endfacet
  facet normal -0.3681245526846702 -0.9297764858882545 0
    outer loop
      vertex 48.50303765443707 -92.04644221800926 138
      vertex 49.44881226167709 -92.42090087502524 138
      vertex 49.44881226167709 -92.42090087502524 140
    endloop
  endfacet
  facet normal -0.3681245526846702 -0.9297764858882545 0
    outer loop
      vertex 48.50303765443707 -92.04644221800926 138
      vertex 49.44881226167709 -92.42090087502524 140
      vertex 48.50303765443707 -92.04644221800926 140
    endloop
  endfacet
  facet normal -0.48175367410172104 -0.8763066800438603 0
    outer loop
      vertex 49.44881226167709 -92.42090087502524 138
      vertex 50.34019703932987 -92.91094380343368 138
      vertex 50.34019703932987 -92.91094380343368 140
    endloop
  endfacet
  facet normal -0.48175367410172104 -0.8763066800438603 0
    outer loop
      vertex 49.44881226167709 -92.42090087502524 138
      vertex 50.34019703932987 -92.91094380343368 140
      vertex 49.44881226167709 -92.42090087502524 140
    endloop
  endfacet
  facet normal -0.5877852522924679 -0.8090169943749513 0
    outer loop
      vertex 50.34019703932987 -92.91094380343368 138
      vertex 51.16313431696439 -93.5088427335161 140
      vertex 50.34019703932987 -92.91094380343368 140
    endloop
  endfacet
  facet normal 0 0 1
    outer loop
      vertex 51.16313431696439 -105.9911572664839 138
      vertex 51.904645882113435 -94.20516844197762 138
      vertex 51.16313431696439 -93.5088427335161 138
    endloop
  endfacet
  facet normal 0 0 1
    outer loop
      vertex 51.904645882113435 -105.29483155802238 138
      vertex 52.55303765443708 -94.98893945643097 138
      vertex 51.904645882113435 -94.20516844197762 138
    endloop
  endfacet
  facet normal -0.5877852522924679 -0.8090169943749513 0
    outer loop
      vertex 50.34019703932987 -92.91094380343368 138
      vertex 51.16313431696439 -93.5088427335161 138
      vertex 51.16313431696439 -93.5088427335161 140
    endloop
  endfacet
  facet normal -0.684547105928689 -0.7289686274214112 0
    outer loop
      vertex 51.16313431696439 -93.5088427335161 138
      vertex 51.904645882113435 -94.20516844197762 140
      vertex 51.16313431696439 -93.5088427335161 140
    endloop
  endfacet
  facet normal -0.684547105928689 -0.7289686274214112 0
    outer loop
      vertex 51.16313431696439 -93.5088427335161 138
      vertex 51.904645882113435 -94.20516844197762 138
      vertex 51.904645882113435 -94.20516844197762 140
    endloop
  endfacet
  facet normal -0.7705132427757906 -0.6374239897486881 0
    outer loop
      vertex 51.904645882113435 -94.20516844197762 138
      vertex 52.55303765443708 -94.98893945643097 138
      vertex 52.55303765443708 -94.98893945643097 140
    endloop
  endfacet
  facet normal -0.7705132427757906 -0.6374239897486881 0
    outer loop
      vertex 51.904645882113435 -94.20516844197762 138
      vertex 52.55303765443708 -94.98893945643097 140
      vertex 51.904645882113435 -94.20516844197762 140
    endloop
  endfacet
  facet normal 0 0 1
    outer loop
      vertex 52.55303765443708 -104.51106054356903 138
      vertex 53.098084108355295 -103.6522047602239 138
      vertex 53.098084108355295 -95.8477952397761 138
    endloop
  endfacet
  facet normal 0 0 1
    outer loop
      vertex 53.098084108355295 -103.6522047602239 138
      vertex 53.531189535694836 -102.7318088767459 138
      vertex 53.531189535694836 -96.76819112325411 138
    endloop
  endfacet
  facet normal -0.8443279255020153 0.5358267949789962 0
    outer loop
      vertex 52.55303765443708 -104.51106054356903 138
      vertex 52.55303765443708 -104.51106054356903 140
      vertex 53.098084108355295 -103.6522047602239 138
    endloop
  endfacet
  facet normal -0.8443279255020153 0.5358267949789962 0
    outer loop
      vertex 53.098084108355295 -103.6522047602239 138
      vertex 52.55303765443708 -104.51106054356903 140
      vertex 53.098084108355295 -103.6522047602239 140
    endloop
  endfacet
  facet normal -0.9048270524660181 0.4257792915650755 0
    outer loop
      vertex 53.098084108355295 -103.6522047602239 138
      vertex 53.098084108355295 -103.6522047602239 140
      vertex 53.531189535694836 -102.7318088767459 138
    endloop
  endfacet
  facet normal -0.9048270524660181 0.4257792915650755 0
    outer loop
      vertex 53.531189535694836 -102.7318088767459 138
      vertex 53.098084108355295 -103.6522047602239 140
      vertex 53.531189535694836 -102.7318088767459 140
    endloop
  endfacet
  facet normal -0.9510565162951539 0.30901699437494684 0
    outer loop
      vertex 53.531189535694836 -102.7318088767459 138
      vertex 53.531189535694836 -102.7318088767459 140
      vertex 53.84552360514191 -101.76438808603532 138
    endloop
  endfacet
  facet normal -0.9822872507286889 0.18738131458572332 0
    outer loop
      vertex 53.84552360514191 -101.76438808603532 138
      vertex 53.84552360514191 -101.76438808603532 140
      vertex 54.03612908064727 -100.76519919187086 138
    endloop
  endfacet
  facet normal -0.9510565162951539 0.30901699437494684 0
    outer loop
      vertex 53.84552360514191 -101.76438808603532 138
      vertex 53.531189535694836 -102.7318088767459 140
      vertex 53.84552360514191 -101.76438808603532 140
    endloop
  endfacet
  facet normal -0.9822872507286889 0.18738131458572332 0
    outer loop
      vertex 54.03612908064727 -100.76519919187086 138
      vertex 53.84552360514191 -101.76438808603532 140
      vertex 54.03612908064727 -100.76519919187086 140
    endloop
  endfacet
  facet normal 0 0 1
    outer loop
      vertex 52.55303765443708 -104.51106054356903 138
      vertex 53.098084108355295 -95.8477952397761 138
      vertex 52.55303765443708 -94.98893945643097 138
    endloop
  endfacet
  facet normal 0 0 1
    outer loop
      vertex 53.098084108355295 -103.6522047602239 138
      vertex 53.531189535694836 -96.76819112325411 138
      vertex 53.098084108355295 -95.8477952397761 138
    endloop
  endfacet
  facet normal 0 0 1
    outer loop
      vertex 53.531189535694836 -102.7318088767459 138
      vertex 53.84552360514191 -101.76438808603532 138
      vertex 53.84552360514191 -97.73561191396468 138
    endloop
  endfacet
  facet normal 0 0 1
    outer loop
      vertex 53.531189535694836 -102.7318088767459 138
      vertex 53.84552360514191 -97.73561191396468 138
      vertex 53.531189535694836 -96.76819112325411 138
    endloop
  endfacet
  facet normal 0 0 1
    outer loop
      vertex 53.84552360514191 -101.76438808603532 138
      vertex 54.03612908064727 -100.76519919187086 138
      vertex 54.03612908064727 -98.73480080812914 138
    endloop
  endfacet
  facet normal 0 0 1
    outer loop
      vertex 53.84552360514191 -101.76438808603532 138
      vertex 54.03612908064727 -98.73480080812914 138
      vertex 53.84552360514191 -97.73561191396468 138
    endloop
  endfacet
  facet normal 0 0 1
    outer loop
      vertex 54.03612908064727 -100.76519919187086 138
      vertex 54.1 -99.75 138
      vertex 54.03612908064727 -98.73480080812914 138
    endloop
  endfacet
  facet normal -0.8443279255020153 -0.5358267949789962 0
    outer loop
      vertex 52.55303765443708 -94.98893945643097 138
      vertex 53.098084108355295 -95.8477952397761 138
      vertex 53.098084108355295 -95.8477952397761 140
    endloop
  endfacet
  facet normal -0.9048270524660208 -0.42577929156507016 0
    outer loop
      vertex 53.531189535694836 -96.76819112325411 138
      vertex 53.531189535694836 -96.76819112325411 140
      vertex 53.098084108355295 -95.8477952397761 138
    endloop
  endfacet
  facet normal -0.8443279255020153 -0.5358267949789962 0
    outer loop
      vertex 52.55303765443708 -94.98893945643097 138
      vertex 53.098084108355295 -95.8477952397761 140
      vertex 52.55303765443708 -94.98893945643097 140
    endloop
  endfacet
  facet normal -0.9048270524660208 -0.42577929156507016 0
    outer loop
      vertex 53.098084108355295 -95.8477952397761 138
      vertex 53.531189535694836 -96.76819112325411 140
      vertex 53.098084108355295 -95.8477952397761 140
    endloop
  endfacet
  facet normal -0.9980267284282716 0.06279051952931435 0
    outer loop
      vertex 54.03612908064727 -100.76519919187086 138
      vertex 54.03612908064727 -100.76519919187086 140
      vertex 54.1 -99.75 138
    endloop
  endfacet
  facet normal -0.9980267284282716 -0.06279051952931435 0
    outer loop
      vertex 54.1 -99.75 138
      vertex 54.1 -99.75 140
      vertex 54.03612908064727 -98.73480080812914 138
    endloop
  endfacet
  facet normal -0.9822872507286889 -0.18738131458572332 0
    outer loop
      vertex 53.84552360514191 -97.73561191396468 138
      vertex 54.03612908064727 -98.73480080812914 138
      vertex 54.03612908064727 -98.73480080812914 140
    endloop
  endfacet
  facet normal -0.9980267284282716 0.06279051952931435 0
    outer loop
      vertex 54.1 -99.75 138
      vertex 54.03612908064727 -100.76519919187086 140
      vertex 54.1 -99.75 140
    endloop
  endfacet
  facet normal -0.9980267284282716 -0.06279051952931435 0
    outer loop
      vertex 54.03612908064727 -98.73480080812914 138
      vertex 54.1 -99.75 140
      vertex 54.03612908064727 -98.73480080812914 140
    endloop
  endfacet
  facet normal -0.9822872507286889 -0.18738131458572332 0
    outer loop
      vertex 53.84552360514191 -97.73561191396468 138
      vertex 54.03612908064727 -98.73480080812914 140
      vertex 53.84552360514191 -97.73561191396468 140
    endloop
  endfacet
  facet normal -0.9510565162951525 -0.30901699437495095 0
    outer loop
      vertex 53.531189535694836 -96.76819112325411 138
      vertex 53.84552360514191 -97.73561191396468 138
      vertex 53.84552360514191 -97.73561191396468 140
    endloop
  endfacet
  facet normal -0.9510565162951525 -0.30901699437495095 0
    outer loop
      vertex 53.531189535694836 -96.76819112325411 138
      vertex 53.84552360514191 -97.73561191396468 140
      vertex 53.531189535694836 -96.76819112325411 140
    endloop
  endfacet
  facet normal 0 0 1
    outer loop
      vertex 6.901915891644706 -103.6522047602239 138
      vertex 7.446962345562926 -104.51106054356903 138
      vertex 7.446962345562926 -94.98893945643097 138
    endloop
  endfacet
  facet normal 0.9822872507286885 0.187381314585725 0
    outer loop
      vertex 5.963870919352729 -100.76519919187086 138
      vertex 5.963870919352729 -100.76519919187086 140
      vertex 6.154476394858088 -101.76438808603532 138
    endloop
  endfacet
  facet normal 0.9510565162951531 0.30901699437494856 0
    outer loop
      vertex 6.468810464305164 -102.73180887674589 138
      vertex 6.154476394858088 -101.76438808603532 138
      vertex 6.154476394858088 -101.76438808603532 140
    endloop
  endfacet
  facet normal 0.9822872507286885 0.187381314585725 0
    outer loop
      vertex 6.154476394858088 -101.76438808603532 138
      vertex 5.963870919352729 -100.76519919187086 140
      vertex 6.154476394858088 -101.76438808603532 140
    endloop
  endfacet
  facet normal 0.9510565162951531 0.30901699437494856 0
    outer loop
      vertex 6.468810464305164 -102.73180887674589 138
      vertex 6.154476394858088 -101.76438808603532 140
      vertex 6.468810464305164 -102.73180887674589 140
    endloop
  endfacet
  facet normal 0.8443279255020146 0.5358267949789974 0
    outer loop
      vertex 6.901915891644706 -103.6522047602239 138
      vertex 6.901915891644706 -103.6522047602239 140
      vertex 7.446962345562926 -104.51106054356903 138
    endloop
  endfacet
  facet normal 0.8443279255020146 0.5358267949789974 0
    outer loop
      vertex 7.446962345562926 -104.51106054356903 138
      vertex 6.901915891644706 -103.6522047602239 140
      vertex 7.446962345562926 -104.51106054356903 140
    endloop
  endfacet
  facet normal 0.90482705246602 0.42577929156507155 0
    outer loop
      vertex 6.468810464305164 -102.73180887674589 138
      vertex 6.468810464305164 -102.73180887674589 140
      vertex 6.901915891644706 -103.6522047602239 138
    endloop
  endfacet
  facet normal 0.90482705246602 0.42577929156507155 0
    outer loop
      vertex 6.901915891644706 -103.6522047602239 138
      vertex 6.468810464305164 -102.73180887674589 140
      vertex 6.901915891644706 -103.6522047602239 140
    endloop
  endfacet
  facet normal 0 0 1
    outer loop
      vertex 5.963870919352729 -100.76519919187086 138
      vertex 5.963870919352729 -98.73480080812914 138
      vertex 5.9 -99.75 138
    endloop
  endfacet
  facet normal 0 0 1
    outer loop
      vertex 5.963870919352729 -100.76519919187086 138
      vertex 6.154476394858088 -101.76438808603532 138
      vertex 6.154476394858088 -97.73561191396468 138
    endloop
  endfacet
  facet normal 0 0 1
    outer loop
      vertex 5.963870919352729 -100.76519919187086 138
      vertex 6.154476394858088 -97.73561191396468 138
      vertex 5.963870919352729 -98.73480080812914 138
    endloop
  endfacet
  facet normal 0 0 1
    outer loop
      vertex 6.468810464305164 -102.73180887674589 138
      vertex 6.468810464305164 -96.76819112325411 138
      vertex 6.154476394858088 -101.76438808603532 138
    endloop
  endfacet
  facet normal 0 0 1
    outer loop
      vertex 6.154476394858088 -101.76438808603532 138
      vertex 6.468810464305164 -96.76819112325411 138
      vertex 6.154476394858088 -97.73561191396468 138
    endloop
  endfacet
  facet normal 0 0 1
    outer loop
      vertex 6.468810464305164 -102.73180887674589 138
      vertex 6.901915891644706 -103.6522047602239 138
      vertex 6.901915891644706 -95.8477952397761 138
    endloop
  endfacet
  facet normal 0 0 1
    outer loop
      vertex 6.468810464305164 -102.73180887674589 138
      vertex 6.901915891644706 -95.8477952397761 138
      vertex 6.468810464305164 -96.76819112325411 138
    endloop
  endfacet
  facet normal 0 0 1
    outer loop
      vertex 6.901915891644706 -103.6522047602239 138
      vertex 7.446962345562926 -94.98893945643097 138
      vertex 6.901915891644706 -95.8477952397761 138
    endloop
  endfacet
  facet normal 0.9980267284282717 0.06279051952931261 0
    outer loop
      vertex 5.963870919352729 -100.76519919187086 138
      vertex 5.9 -99.75 138
      vertex 5.9 -99.75 140
    endloop
  endfacet
  facet normal 0.9980267284282717 -0.06279051952931261 0
    outer loop
      vertex 5.9 -99.75 138
      vertex 5.963870919352729 -98.73480080812914 138
      vertex 5.963870919352729 -98.73480080812914 140
    endloop
  endfacet
  facet normal 0.9822872507286885 -0.187381314585725 0
    outer loop
      vertex 5.963870919352729 -98.73480080812914 138
      vertex 6.154476394858088 -97.73561191396468 138
      vertex 6.154476394858088 -97.73561191396468 140
    endloop
  endfacet
  facet normal 0.9980267284282717 0.06279051952931261 0
    outer loop
      vertex 5.963870919352729 -100.76519919187086 138
      vertex 5.9 -99.75 140
      vertex 5.963870919352729 -100.76519919187086 140
    endloop
  endfacet
  facet normal 0.9980267284282717 -0.06279051952931261 0
    outer loop
      vertex 5.9 -99.75 138
      vertex 5.963870919352729 -98.73480080812914 140
      vertex 5.9 -99.75 140
    endloop
  endfacet
  facet normal 0.9822872507286885 -0.187381314585725 0
    outer loop
      vertex 5.963870919352729 -98.73480080812914 138
      vertex 6.154476394858088 -97.73561191396468 140
      vertex 5.963870919352729 -98.73480080812914 140
    endloop
  endfacet
  facet normal 0.9510565162951531 -0.30901699437494856 0
    outer loop
      vertex 6.154476394858088 -97.73561191396468 138
      vertex 6.468810464305164 -96.76819112325411 138
      vertex 6.468810464305164 -96.76819112325411 140
    endloop
  endfacet
  facet normal 0.9510565162951531 -0.30901699437494856 0
    outer loop
      vertex 6.154476394858088 -97.73561191396468 138
      vertex 6.468810464305164 -96.76819112325411 140
      vertex 6.154476394858088 -97.73561191396468 140
    endloop
  endfacet
  facet normal 0.90482705246602 -0.42577929156507155 0
    outer loop
      vertex 6.468810464305164 -96.76819112325411 138
      vertex 6.901915891644706 -95.8477952397761 138
      vertex 6.901915891644706 -95.8477952397761 140
    endloop
  endfacet
  facet normal 0.8443279255020146 -0.5358267949789974 0
    outer loop
      vertex 6.901915891644706 -95.8477952397761 138
      vertex 7.446962345562926 -94.98893945643097 138
      vertex 7.446962345562926 -94.98893945643097 140
    endloop
  endfacet
  facet normal 0.90482705246602 -0.42577929156507155 0
    outer loop
      vertex 6.468810464305164 -96.76819112325411 138
      vertex 6.901915891644706 -95.8477952397761 140
      vertex 6.468810464305164 -96.76819112325411 140
    endloop
  endfacet
  facet normal 0.8443279255020146 -0.5358267949789974 0
    outer loop
      vertex 6.901915891644706 -95.8477952397761 138
      vertex 7.446962345562926 -94.98893945643097 140
      vertex 6.901915891644706 -95.8477952397761 140
    endloop
  endfacet
  facet normal 0 0 1
    outer loop
      vertex 7.446962345562926 -104.51106054356903 138
      vertex 8.095354117886565 -105.29483155802238 138
      vertex 8.095354117886565 -94.20516844197762 138
    endloop
  endfacet
  facet normal 0 0 1
    outer loop
      vertex 8.095354117886565 -105.29483155802238 138
      vertex 8.836865683035615 -105.9911572664839 138
      vertex 8.836865683035615 -93.5088427335161 138
    endloop
  endfacet
  facet normal 0.7705132427757919 0.6374239897486865 0
    outer loop
      vertex 7.446962345562926 -104.51106054356903 138
      vertex 7.446962345562926 -104.51106054356903 140
      vertex 8.095354117886565 -105.29483155802238 138
    endloop
  endfacet
  facet normal 0.6845471059286872 0.7289686274214129 0
    outer loop
      vertex 8.095354117886565 -105.29483155802238 138
      vertex 8.095354117886565 -105.29483155802238 140
      vertex 8.836865683035615 -105.9911572664839 138
    endloop
  endfacet
  facet normal 0.7705132427757919 0.6374239897486865 0
    outer loop
      vertex 8.095354117886565 -105.29483155802238 138
      vertex 7.446962345562926 -104.51106054356903 140
      vertex 8.095354117886565 -105.29483155802238 140
    endloop
  endfacet
  facet normal 0.5877852522924695 0.80901699437495 0
    outer loop
      vertex 8.836865683035615 -105.9911572664839 138
      vertex 8.836865683035615 -105.9911572664839 140
      vertex 9.659802960670127 -106.58905619656632 138
    endloop
  endfacet
  facet normal 0.6845471059286872 0.7289686274214129 0
    outer loop
      vertex 8.836865683035615 -105.9911572664839 138
      vertex 8.095354117886565 -105.29483155802238 140
      vertex 8.836865683035615 -105.9911572664839 140
    endloop
  endfacet
  facet normal 0.4817536741017197 0.8763066800438613 0
    outer loop
      vertex 10.551187738322913 -107.07909912497476 138
      vertex 9.659802960670127 -106.58905619656632 140
      vertex 10.551187738322913 -107.07909912497476 140
    endloop
  endfacet
  facet normal 0.368124552684672 0.9297764858882537 0
    outer loop
      vertex 10.551187738322913 -107.07909912497476 138
      vertex 10.551187738322913 -107.07909912497476 140
      vertex 11.496962345562926 -107.45355778199074 138
    endloop
  endfacet
  facet normal 0.368124552684672 0.9297764858882537 0
    outer loop
      vertex 11.496962345562926 -107.45355778199074 138
      vertex 10.551187738322913 -107.07909912497476 140
      vertex 11.496962345562926 -107.45355778199074 140
    endloop
  endfacet
  facet normal 0 0 1
    outer loop
      vertex 9.659802960670127 -106.58905619656632 138
      vertex 10.551187738322913 -107.07909912497476 138
      vertex 10.319511943815773 -101.7733654312272 138
    endloop
  endfacet
  facet normal 0 0 1
    outer loop
      vertex 9.659802960670127 -106.58905619656632 138
      vertex 9.93195072325975 -100.79449752609239 138
      vertex 9.833118254479192 -100.27639958097008 138
    endloop
  endfacet
  facet normal 0 0 1
    outer loop
      vertex 8.836865683035615 -105.9911572664839 138
      vertex 9.659802960670127 -106.58905619656632 138
      vertex 9.659802960670127 -92.91094380343368 138
    endloop
  endfacet
  facet normal 0 0 1
    outer loop
      vertex 9.659802960670127 -106.58905619656632 138
      vertex 9.833118254479192 -100.27639958097008 138
      vertex 9.8 -99.75 138
    endloop
  endfacet
  facet normal 0 0 1
    outer loop
      vertex 9.659802960670127 -106.58905619656632 138
      vertex 10.319511943815773 -101.7733654312272 138
      vertex 10.094938759269343 -101.29612312127564 138
    endloop
  endfacet
  facet normal 0 0 1
    outer loop
      vertex 9.659802960670127 -106.58905619656632 138
      vertex 10.094938759269343 -101.29612312127564 138
      vertex 9.93195072325975 -100.79449752609239 138
    endloop
  endfacet
  facet normal 0 0 1
    outer loop
      vertex 10.551187738322913 -107.07909912497476 138
      vertex 10.938331764830071 -102.6250978449005 138
      vertex 10.60212862362522 -102.2186980596284 138
    endloop
  endfacet
  facet normal 0 0 1
    outer loop
      vertex 10.551187738322913 -107.07909912497476 138
      vertex 11.496962345562926 -107.45355778199074 138
      vertex 11.322819243055504 -102.98615561965832 138
    endloop
  endfacet
  facet normal 0 0 1
    outer loop
      vertex 10.551187738322913 -107.07909912497476 138
      vertex 11.322819243055504 -102.98615561965832 138
      vertex 10.938331764830071 -102.6250978449005 138
    endloop
  endfacet
  facet normal 0 0 1
    outer loop
      vertex 10.551187738322913 -107.07909912497476 138
      vertex 10.60212862362522 -102.2186980596284 138
      vertex 10.319511943815773 -101.7733654312272 138
    endloop
  endfacet
  facet normal 0.4817536741017197 0.8763066800438613 0
    outer loop
      vertex 9.659802960670127 -106.58905619656632 138
      vertex 9.659802960670127 -106.58905619656632 140
      vertex 10.551187738322913 -107.07909912497476 138
    endloop
  endfacet
  facet normal 0.5877852522924695 0.80901699437495 0
    outer loop
      vertex 9.659802960670127 -106.58905619656632 138
      vertex 8.836865683035615 -105.9911572664839 140
      vertex 9.659802960670127 -106.58905619656632 140
    endloop
  endfacet
  facet normal 0 0 1
    outer loop
      vertex 7.446962345562926 -104.51106054356903 138
      vertex 8.095354117886565 -94.20516844197762 138
      vertex 7.446962345562926 -94.98893945643097 138
    endloop
  endfacet
  facet normal 0 0 1
    outer loop
      vertex 8.095354117886565 -105.29483155802238 138
      vertex 8.836865683035615 -93.5088427335161 138
      vertex 8.095354117886565 -94.20516844197762 138
    endloop
  endfacet
  facet normal 0 0 1
    outer loop
      vertex 8.836865683035615 -105.9911572664839 138
      vertex 9.659802960670127 -92.91094380343368 138
      vertex 8.836865683035615 -93.5088427335161 138
    endloop
  endfacet
  facet normal 0.7705132427757919 -0.6374239897486865 0
    outer loop
      vertex 7.446962345562926 -94.98893945643097 138
      vertex 8.095354117886565 -94.20516844197762 138
      vertex 8.095354117886565 -94.20516844197762 140
    endloop
  endfacet
  facet normal 0.7705132427757919 -0.6374239897486865 0
    outer loop
      vertex 7.446962345562926 -94.98893945643097 138
      vertex 8.095354117886565 -94.20516844197762 140
      vertex 7.446962345562926 -94.98893945643097 140
    endloop
  endfacet
  facet normal 0.6845471059286872 -0.7289686274214129 0
    outer loop
      vertex 8.095354117886565 -94.20516844197762 138
      vertex 8.836865683035615 -93.5088427335161 140
      vertex 8.095354117886565 -94.20516844197762 140
    endloop
  endfacet
  facet normal 0.6845471059286872 -0.7289686274214129 0
    outer loop
      vertex 8.095354117886565 -94.20516844197762 138
      vertex 8.836865683035615 -93.5088427335161 138
      vertex 8.836865683035615 -93.5088427335161 140
    endloop
  endfacet
  facet normal 0.5877852522924695 -0.80901699437495 0
    outer loop
      vertex 8.836865683035615 -93.5088427335161 138
      vertex 9.659802960670127 -92.91094380343368 140
      vertex 8.836865683035615 -93.5088427335161 140
    endloop
  endfacet
  facet normal 0 0 1
    outer loop
      vertex 9.659802960670127 -106.58905619656632 138
      vertex 9.8 -99.75 138
      vertex 9.659802960670127 -92.91094380343368 138
    endloop
  endfacet
  facet normal 0 0 1
    outer loop
      vertex 9.8 -99.75 138
      vertex 9.833118254479192 -99.22360041902992 138
      vertex 9.659802960670127 -92.91094380343368 138
    endloop
  endfacet
  facet normal 0 0 1
    outer loop
      vertex 9.833118254479192 -99.22360041902992 138
      vertex 9.93195072325975 -98.70550247390761 138
      vertex 9.659802960670127 -92.91094380343368 138
    endloop
  endfacet
  facet normal 0 0 1
    outer loop
      vertex 9.93195072325975 -98.70550247390761 138
      vertex 10.094938759269343 -98.20387687872436 138
      vertex 9.659802960670127 -92.91094380343368 138
    endloop
  endfacet
  facet normal 0 0 1
    outer loop
      vertex 10.094938759269343 -98.20387687872436 138
      vertex 10.319511943815773 -97.7266345687728 138
      vertex 9.659802960670127 -92.91094380343368 138
    endloop
  endfacet
  facet normal 0 0 1
    outer loop
      vertex 10.319511943815773 -97.7266345687728 138
      vertex 10.60212862362522 -97.2813019403716 138
      vertex 10.551187738322911 -92.42090087502524 138
    endloop
  endfacet
  facet normal 0 0 1
    outer loop
      vertex 10.60212862362522 -97.2813019403716 138
      vertex 10.938331764830071 -96.8749021550995 138
      vertex 10.551187738322911 -92.42090087502524 138
    endloop
  endfacet
  facet normal 0 0 1
    outer loop
      vertex 10.938331764830071 -96.8749021550995 138
      vertex 11.322819243055504 -96.51384438034168 138
      vertex 10.551187738322911 -92.42090087502524 138
    endloop
  endfacet
  facet normal 0 0 1
    outer loop
      vertex 10.319511943815773 -97.7266345687728 138
      vertex 10.551187738322911 -92.42090087502524 138
      vertex 9.659802960670127 -92.91094380343368 138
    endloop
  endfacet
  facet normal 0 0 1
    outer loop
      vertex 10.551187738322911 -92.42090087502524 138
      vertex 11.322819243055504 -96.51384438034168 138
      vertex 11.496962345562926 -92.04644221800926 138
    endloop
  endfacet
  facet normal 0.5877852522924695 -0.80901699437495 0
    outer loop
      vertex 8.836865683035615 -93.5088427335161 138
      vertex 9.659802960670127 -92.91094380343368 138
      vertex 9.659802960670127 -92.91094380343368 140
    endloop
  endfacet
  facet normal 0.4817536741017203 -0.8763066800438607 0
    outer loop
      vertex 9.659802960670127 -92.91094380343368 138
      vertex 10.551187738322911 -92.42090087502524 138
      vertex 10.551187738322911 -92.42090087502524 140
    endloop
  endfacet
  facet normal 0.4817536741017203 -0.8763066800438607 0
    outer loop
      vertex 9.659802960670127 -92.91094380343368 138
      vertex 10.551187738322911 -92.42090087502524 140
      vertex 9.659802960670127 -92.91094380343368 140
    endloop
  endfacet
  facet normal 0.3681245526846714 -0.929776485888254 0
    outer loop
      vertex 10.551187738322911 -92.42090087502524 138
      vertex 11.496962345562926 -92.04644221800926 138
      vertex 11.496962345562926 -92.04644221800926 140
    endloop
  endfacet
  facet normal 0.3681245526846714 -0.929776485888254 0
    outer loop
      vertex 10.551187738322911 -92.42090087502524 138
      vertex 11.496962345562926 -92.04644221800926 140
      vertex 10.551187738322911 -92.42090087502524 140
    endloop
  endfacet
  facet normal 0.24868988716486368 0.9685831611286287 0
    outer loop
      vertex 11.496962345562926 -107.45355778199074 138
      vertex 11.496962345562926 -107.45355778199074 140
      vertex 12.482211351855629 -107.70652673090238 138
    endloop
  endfacet
  facet normal 0.24868988716486368 0.9685831611286287 0
    outer loop
      vertex 12.482211351855629 -107.70652673090238 138
      vertex 11.496962345562926 -107.45355778199074 140
      vertex 12.482211351855629 -107.70652673090238 140
    endloop
  endfacet
  facet normal 0.12533323356430218 0.9921147013144781 0
    outer loop
      vertex 12.482211351855629 -107.70652673090238 138
      vertex 12.482211351855629 -107.70652673090238 140
      vertex 13.491396791812559 -107.834016500269 138
    endloop
  endfacet
  facet normal 0 0 1
    outer loop
      vertex 11.496962345562926 -107.45355778199074 138
      vertex 11.749527461088213 -103.29617728710846 138
      vertex 11.322819243055504 -102.98615561965832 138
    endloop
  endfacet
  facet normal 0 0 1
    outer loop
      vertex 11.496962345562926 -107.45355778199074 138
      vertex 12.482211351855629 -107.70652673090238 138
      vertex 12.211726975426696 -103.55027362035729 138
    endloop
  endfacet
  facet normal 0 0 1
    outer loop
      vertex 11.496962345562926 -107.45355778199074 138
      vertex 12.211726975426696 -103.55027362035729 138
      vertex 11.749527461088213 -103.29617728710846 138
    endloop
  endfacet
  facet normal 0 0 1
    outer loop
      vertex 12.482211351855629 -107.70652673090238 138
      vertex 12.70212862362522 -103.74443736843965 138
      vertex 12.211726975426696 -103.55027362035729 138
    endloop
  endfacet
  facet normal 0 0 1
    outer loop
      vertex 12.482211351855629 -107.70652673090238 138
      vertex 13.491396791812559 -107.834016500269 138
      vertex 13.212998478739955 -103.8756064530605 138
    endloop
  endfacet
  facet normal 0 0 1
    outer loop
      vertex 12.482211351855629 -107.70652673090238 138
      vertex 13.212998478739955 -103.8756064530605 138
      vertex 12.70212862362522 -103.74443736843965 138
    endloop
  endfacet
  facet normal 0 1 0
    outer loop
      vertex 13.491396791812559 -107.834016500269 138
      vertex 13.491396791812559 -107.834016500269 140
      vertex 14.508603208187441 -107.834016500269 138
    endloop
  endfacet
  facet normal 0.12533323356430218 0.9921147013144781 0
    outer loop
      vertex 13.491396791812559 -107.834016500269 138
      vertex 12.482211351855629 -107.70652673090238 140
      vertex 13.491396791812559 -107.834016500269 140
    endloop
  endfacet
  facet normal -0.12533323356430218 0.9921147013144781 0
    outer loop
      vertex 14.508603208187441 -107.834016500269 138
      vertex 14.508603208187441 -107.834016500269 140
      vertex 15.517788648144371 -107.70652673090238 138
    endloop
  endfacet
  facet normal 0 1 0
    outer loop
      vertex 14.508603208187441 -107.834016500269 138
      vertex 13.491396791812559 -107.834016500269 140
      vertex 14.508603208187441 -107.834016500269 140
    endloop
  endfacet
  facet normal 0 0 1
    outer loop
      vertex 13.491396791812559 -107.834016500269 138
      vertex 13.73627981797688 -103.94171225939874 138
      vertex 13.212998478739955 -103.8756064530605 138
    endloop
  endfacet
  facet normal 0 0 1
    outer loop
      vertex 13.491396791812559 -107.834016500269 138
      vertex 14.263720182023118 -103.94171225939874 138
      vertex 13.73627981797688 -103.94171225939874 138
    endloop
  endfacet
  facet normal 0 0 1
    outer loop
      vertex 13.491396791812559 -107.834016500269 138
      vertex 14.508603208187441 -107.834016500269 138
      vertex 14.263720182023118 -103.94171225939874 138
    endloop
  endfacet
  facet normal 0 0 1
    outer loop
      vertex 14.508603208187441 -107.834016500269 138
      vertex 15.517788648144371 -107.70652673090238 138
      vertex 14.263720182023118 -103.94171225939874 138
    endloop
  endfacet
  facet normal 0 0 1
    outer loop
      vertex 14.263720182023118 -103.94171225939874 138
      vertex 15.517788648144371 -107.70652673090238 138
      vertex 14.787001521260045 -103.8756064530605 138
    endloop
  endfacet
  facet normal 0 0 1
    outer loop
      vertex 11.322819243055504 -96.51384438034168 138
      vertex 11.749527461088213 -96.20382271289154 138
      vertex 11.496962345562926 -92.04644221800926 138
    endloop
  endfacet
  facet normal 0 0 1
    outer loop
      vertex 11.749527461088213 -96.20382271289154 138
      vertex 12.211726975426695 -95.94972637964271 138
      vertex 11.496962345562926 -92.04644221800926 138
    endloop
  endfacet
  facet normal 0 0 1
    outer loop
      vertex 11.496962345562926 -92.04644221800926 138
      vertex 12.211726975426695 -95.94972637964271 138
      vertex 12.70212862362522 -95.75556263156035 138
    endloop
  endfacet
  facet normal 0 0 1
    outer loop
      vertex 11.496962345562926 -92.04644221800926 138
      vertex 12.70212862362522 -95.75556263156035 138
      vertex 12.48221135185563 -91.79347326909762 138
    endloop
  endfacet
  facet normal 0 0 1
    outer loop
      vertex 12.70212862362522 -95.75556263156035 138
      vertex 13.212998478739957 -95.6243935469395 138
      vertex 12.48221135185563 -91.79347326909762 138
    endloop
  endfacet
  facet normal 0.24868988716486323 -0.9685831611286289 0
    outer loop
      vertex 11.496962345562926 -92.04644221800926 138
      vertex 12.48221135185563 -91.79347326909762 140
      vertex 11.496962345562926 -92.04644221800926 140
    endloop
  endfacet
  facet normal 0.24868988716486323 -0.9685831611286289 0
    outer loop
      vertex 11.496962345562926 -92.04644221800926 138
      vertex 12.48221135185563 -91.79347326909762 138
      vertex 12.48221135185563 -91.79347326909762 140
    endloop
  endfacet
  facet normal 0.12533323356430195 -0.9921147013144781 0
    outer loop
      vertex 12.48221135185563 -91.79347326909762 138
      vertex 13.491396791812562 -91.665983499731 138
      vertex 12.48221135185563 -91.79347326909762 140
    endloop
  endfacet
  facet normal 0 0 1
    outer loop
      vertex 12.48221135185563 -91.79347326909762 138
      vertex 13.212998478739957 -95.6243935469395 138
      vertex 13.736279817976884 -95.55828774060126 138
    endloop
  endfacet
  facet normal 0 0 1
    outer loop
      vertex 12.48221135185563 -91.79347326909762 138
      vertex 13.736279817976884 -95.55828774060126 138
      vertex 13.491396791812562 -91.665983499731 138
    endloop
  endfacet
  facet normal 0 0 1
    outer loop
      vertex 13.736279817976884 -95.55828774060126 138
      vertex 14.508603208187438 -91.665983499731 138
      vertex 13.491396791812562 -91.665983499731 138
    endloop
  endfacet
  facet normal 0 0 1
    outer loop
      vertex 13.736279817976884 -95.55828774060126 138
      vertex 14.263720182023116 -95.55828774060126 138
      vertex 14.508603208187438 -91.665983499731 138
    endloop
  endfacet
  facet normal 0 0 1
    outer loop
      vertex 14.263720182023116 -95.55828774060126 138
      vertex 14.787001521260043 -95.6243935469395 138
      vertex 14.508603208187438 -91.665983499731 138
    endloop
  endfacet
  facet normal 0 0 1
    outer loop
      vertex 14.787001521260043 -95.6243935469395 138
      vertex 15.51778864814437 -91.79347326909762 138
      vertex 14.508603208187438 -91.665983499731 138
    endloop
  endfacet
  facet normal 0.12533323356430195 -0.9921147013144781 0
    outer loop
      vertex 13.491396791812562 -91.665983499731 138
      vertex 13.491396791812562 -91.665983499731 140
      vertex 12.48221135185563 -91.79347326909762 140
    endloop
  endfacet
  facet normal 0 -1 0
    outer loop
      vertex 13.491396791812562 -91.665983499731 138
      vertex 14.508603208187438 -91.665983499731 140
      vertex 13.491396791812562 -91.665983499731 140
    endloop
  endfacet
  facet normal 0 -1 0
    outer loop
      vertex 13.491396791812562 -91.665983499731 138
      vertex 14.508603208187438 -91.665983499731 138
      vertex 14.508603208187438 -91.665983499731 140
    endloop
  endfacet
  facet normal -0.12533323356430195 -0.9921147013144781 0
    outer loop
      vertex 14.508603208187438 -91.665983499731 138
      vertex 15.51778864814437 -91.79347326909762 140
      vertex 14.508603208187438 -91.665983499731 140
    endloop
  endfacet
  facet normal -0.2486898871648641 0.9685831611286287 0
    outer loop
      vertex 15.517788648144371 -107.70652673090238 138
      vertex 15.517788648144371 -107.70652673090238 140
      vertex 16.503037654437072 -107.45355778199074 138
    endloop
  endfacet
  facet normal -0.12533323356430218 0.9921147013144781 0
    outer loop
      vertex 15.517788648144371 -107.70652673090238 138
      vertex 14.508603208187441 -107.834016500269 140
      vertex 15.517788648144371 -107.70652673090238 140
    endloop
  endfacet
  facet normal -0.3681245526846714 0.929776485888254 0
    outer loop
      vertex 16.503037654437072 -107.45355778199074 138
      vertex 16.503037654437072 -107.45355778199074 140
      vertex 17.448812261677087 -107.07909912497476 138
    endloop
  endfacet
  facet normal -0.2486898871648641 0.9685831611286287 0
    outer loop
      vertex 16.503037654437072 -107.45355778199074 138
      vertex 15.517788648144371 -107.70652673090238 140
      vertex 16.503037654437072 -107.45355778199074 140
    endloop
  endfacet
  facet normal 0 0 1
    outer loop
      vertex 14.787001521260045 -103.8756064530605 138
      vertex 15.517788648144371 -107.70652673090238 138
      vertex 15.29787137637478 -103.74443736843965 138
    endloop
  endfacet
  facet normal 0 0 1
    outer loop
      vertex 15.517788648144371 -107.70652673090238 138
      vertex 16.503037654437072 -107.45355778199074 138
      vertex 15.29787137637478 -103.74443736843965 138
    endloop
  endfacet
  facet normal 0 0 1
    outer loop
      vertex 15.29787137637478 -103.74443736843965 138
      vertex 16.503037654437072 -107.45355778199074 138
      vertex 15.788273024573304 -103.55027362035729 138
    endloop
  endfacet
  facet normal 0 0 1
    outer loop
      vertex 15.788273024573304 -103.55027362035729 138
      vertex 16.503037654437072 -107.45355778199074 138
      vertex 16.250472538911783 -103.29617728710846 138
    endloop
  endfacet
  facet normal 0 0 1
    outer loop
      vertex 16.503037654437072 -107.45355778199074 138
      vertex 16.677180756944498 -102.98615561965832 138
      vertex 16.250472538911783 -103.29617728710846 138
    endloop
  endfacet
  facet normal -0.48175367410172104 0.8763066800438603 0
    outer loop
      vertex 17.448812261677087 -107.07909912497476 138
      vertex 17.448812261677087 -107.07909912497476 140
      vertex 18.34019703932987 -106.58905619656632 138
    endloop
  endfacet
  facet normal -0.3681245526846714 0.929776485888254 0
    outer loop
      vertex 17.448812261677087 -107.07909912497476 138
      vertex 16.503037654437072 -107.45355778199074 140
      vertex 17.448812261677087 -107.07909912497476 140
    endloop
  endfacet
  facet normal 0 0 1
    outer loop
      vertex 16.503037654437072 -107.45355778199074 138
      vertex 17.448812261677087 -107.07909912497476 138
      vertex 16.677180756944498 -102.98615561965832 138
    endloop
  endfacet
  facet normal 0 0 1
    outer loop
      vertex 16.677180756944498 -102.98615561965832 138
      vertex 17.448812261677087 -107.07909912497476 138
      vertex 17.06166823516993 -102.6250978449005 138
    endloop
  endfacet
  facet normal 0 0 1
    outer loop
      vertex 17.448812261677087 -107.07909912497476 138
      vertex 17.39787137637478 -102.2186980596284 138
      vertex 17.06166823516993 -102.6250978449005 138
    endloop
  endfacet
  facet normal 0 0 1
    outer loop
      vertex 17.448812261677087 -107.07909912497476 138
      vertex 17.680488056184227 -101.7733654312272 138
      vertex 17.39787137637478 -102.2186980596284 138
    endloop
  endfacet
  facet normal 0 0 1
    outer loop
      vertex 17.448812261677087 -107.07909912497476 138
      vertex 18.34019703932987 -106.58905619656632 138
      vertex 17.680488056184227 -101.7733654312272 138
    endloop
  endfacet
  facet normal 0 0 1
    outer loop
      vertex 18.34019703932987 -106.58905619656632 138
      vertex 17.905061240730657 -101.29612312127566 138
      vertex 17.680488056184227 -101.7733654312272 138
    endloop
  endfacet
  facet normal 0 0 1
    outer loop
      vertex 18.34019703932987 -106.58905619656632 138
      vertex 18.06804927674025 -100.79449752609239 138
      vertex 17.905061240730657 -101.29612312127566 138
    endloop
  endfacet
  facet normal 0 0 1
    outer loop
      vertex 18.34019703932987 -106.58905619656632 138
      vertex 18.166881745520808 -100.27639958097008 138
      vertex 18.06804927674025 -100.79449752609239 138
    endloop
  endfacet
  facet normal 0 0 1
    outer loop
      vertex 18.34019703932987 -106.58905619656632 138
      vertex 18.2 -99.75 138
      vertex 18.166881745520808 -100.27639958097008 138
    endloop
  endfacet
  facet normal -0.5877852522924661 0.8090169943749523 0
    outer loop
      vertex 18.34019703932987 -106.58905619656632 138
      vertex 18.34019703932987 -106.58905619656632 140
      vertex 19.16313431696439 -105.9911572664839 138
    endloop
  endfacet
  facet normal -0.48175367410172104 0.8763066800438603 0
    outer loop
      vertex 18.34019703932987 -106.58905619656632 138
      vertex 17.448812261677087 -107.07909912497476 140
      vertex 18.34019703932987 -106.58905619656632 140
    endloop
  endfacet
  facet normal 0 0 1
    outer loop
      vertex 16.250472538911787 -96.20382271289154 138
      vertex 16.677180756944498 -96.51384438034168 138
      vertex 16.503037654437072 -92.04644221800926 138
    endloop
  endfacet
  facet normal 0 0 1
    outer loop
      vertex 14.787001521260043 -95.6243935469395 138
      vertex 15.29787137637478 -95.75556263156035 138
      vertex 15.51778864814437 -91.79347326909762 138
    endloop
  endfacet
  facet normal 0 0 1
    outer loop
      vertex 15.29787137637478 -95.75556263156035 138
      vertex 15.788273024573305 -95.94972637964271 138
      vertex 15.51778864814437 -91.79347326909762 138
    endloop
  endfacet
  facet normal 0 0 1
    outer loop
      vertex 15.788273024573305 -95.94972637964271 138
      vertex 16.503037654437072 -92.04644221800926 138
      vertex 15.51778864814437 -91.79347326909762 138
    endloop
  endfacet
  facet normal 0 0 1
    outer loop
      vertex 15.788273024573305 -95.94972637964271 138
      vertex 16.250472538911787 -96.20382271289154 138
      vertex 16.503037654437072 -92.04644221800926 138
    endloop
  endfacet
  facet normal -0.12533323356430195 -0.9921147013144781 0
    outer loop
      vertex 14.508603208187438 -91.665983499731 138
      vertex 15.51778864814437 -91.79347326909762 138
      vertex 15.51778864814437 -91.79347326909762 140
    endloop
  endfacet
  facet normal -0.24868988716486368 -0.9685831611286287 0
    outer loop
      vertex 15.51778864814437 -91.79347326909762 138
      vertex 16.503037654437072 -92.04644221800926 140
      vertex 15.51778864814437 -91.79347326909762 140
    endloop
  endfacet
  facet normal -0.24868988716486368 -0.9685831611286287 0
    outer loop
      vertex 15.51778864814437 -91.79347326909762 138
      vertex 16.503037654437072 -92.04644221800926 138
      vertex 16.503037654437072 -92.04644221800926 140
    endloop
  endfacet
  facet normal -0.3681245526846714 -0.929776485888254 0
    outer loop
      vertex 16.503037654437072 -92.04644221800926 138
      vertex 17.448812261677087 -92.42090087502524 140
      vertex 16.503037654437072 -92.04644221800926 140
    endloop
  endfacet
  facet normal 0 0 1
    outer loop
      vertex 17.06166823516993 -96.8749021550995 138
      vertex 17.448812261677087 -92.42090087502524 138
      vertex 16.677180756944498 -96.51384438034168 138
    endloop
  endfacet
  facet normal 0 0 1
    outer loop
      vertex 17.06166823516993 -96.8749021550995 138
      vertex 17.39787137637478 -97.2813019403716 138
      vertex 17.448812261677087 -92.42090087502524 138
    endloop
  endfacet
  facet normal 0 0 1
    outer loop
      vertex 17.39787137637478 -97.2813019403716 138
      vertex 17.680488056184227 -97.7266345687728 138
      vertex 17.448812261677087 -92.42090087502524 138
    endloop
  endfacet
  facet normal 0 0 1
    outer loop
      vertex 18.34019703932987 -106.58905619656632 138
      vertex 18.340197039329873 -92.91094380343368 138
      vertex 18.2 -99.75 138
    endloop
  endfacet
  facet normal 0 0 1
    outer loop
      vertex 18.2 -99.75 138
      vertex 18.340197039329873 -92.91094380343368 138
      vertex 18.166881745520808 -99.22360041902992 138
    endloop
  endfacet
  facet normal 0 0 1
    outer loop
      vertex 17.905061240730657 -98.20387687872436 138
      vertex 18.06804927674025 -98.70550247390761 138
      vertex 18.340197039329873 -92.91094380343368 138
    endloop
  endfacet
  facet normal 0 0 1
    outer loop
      vertex 18.166881745520808 -99.22360041902992 138
      vertex 18.340197039329873 -92.91094380343368 138
      vertex 18.06804927674025 -98.70550247390761 138
    endloop
  endfacet
  facet normal 0 0 1
    outer loop
      vertex 17.680488056184227 -97.7266345687728 138
      vertex 17.905061240730657 -98.20387687872436 138
      vertex 18.340197039329873 -92.91094380343368 138
    endloop
  endfacet
  facet normal 0 0 1
    outer loop
      vertex 18.34019703932987 -106.58905619656632 138
      vertex 19.16313431696439 -93.5088427335161 138
      vertex 18.340197039329873 -92.91094380343368 138
    endloop
  endfacet
  facet normal 0 0 1
    outer loop
      vertex 16.677180756944498 -96.51384438034168 138
      vertex 17.448812261677087 -92.42090087502524 138
      vertex 16.503037654437072 -92.04644221800926 138
    endloop
  endfacet
  facet normal 0 0 1
    outer loop
      vertex 17.680488056184227 -97.7266345687728 138
      vertex 18.340197039329873 -92.91094380343368 138
      vertex 17.448812261677087 -92.42090087502524 138
    endloop
  endfacet
  facet normal -0.3681245526846714 -0.929776485888254 0
    outer loop
      vertex 16.503037654437072 -92.04644221800926 138
      vertex 17.448812261677087 -92.42090087502524 138
      vertex 17.448812261677087 -92.42090087502524 140
    endloop
  endfacet
  facet normal -0.4817536741017197 -0.8763066800438613 0
    outer loop
      vertex 17.448812261677087 -92.42090087502524 138
      vertex 18.340197039329873 -92.91094380343368 140
      vertex 17.448812261677087 -92.42090087502524 140
    endloop
  endfacet
  facet normal -0.4817536741017197 -0.8763066800438613 0
    outer loop
      vertex 17.448812261677087 -92.42090087502524 138
      vertex 18.340197039329873 -92.91094380343368 138
      vertex 18.340197039329873 -92.91094380343368 140
    endloop
  endfacet
  facet normal -0.5877852522924679 -0.8090169943749513 0
    outer loop
      vertex 18.340197039329873 -92.91094380343368 138
      vertex 19.16313431696439 -93.5088427335161 140
      vertex 18.340197039329873 -92.91094380343368 140
    endloop
  endfacet
  facet normal 0 0 1
    outer loop
      vertex 18.34019703932987 -106.58905619656632 138
      vertex 19.16313431696439 -105.9911572664839 138
      vertex 19.16313431696439 -93.5088427335161 138
    endloop
  endfacet
  facet normal 0 0 1
    outer loop
      vertex 19.16313431696439 -105.9911572664839 138
      vertex 19.904645882113435 -105.29483155802238 138
      vertex 19.904645882113435 -94.20516844197762 138
    endloop
  endfacet
  facet normal 0 0 1
    outer loop
      vertex 19.904645882113435 -105.29483155802238 138
      vertex 20.553037654437073 -104.51106054356903 138
      vertex 20.553037654437073 -94.98893945643097 138
    endloop
  endfacet
  facet normal -0.684547105928689 0.7289686274214112 0
    outer loop
      vertex 19.16313431696439 -105.9911572664839 138
      vertex 19.16313431696439 -105.9911572664839 140
      vertex 19.904645882113435 -105.29483155802238 138
    endloop
  endfacet
  facet normal -0.5877852522924661 0.8090169943749523 0
    outer loop
      vertex 19.16313431696439 -105.9911572664839 138
      vertex 18.34019703932987 -106.58905619656632 140
      vertex 19.16313431696439 -105.9911572664839 140
    endloop
  endfacet
  facet normal -0.684547105928689 0.7289686274214112 0
    outer loop
      vertex 19.904645882113435 -105.29483155802238 138
      vertex 19.16313431696439 -105.9911572664839 140
      vertex 19.904645882113435 -105.29483155802238 140
    endloop
  endfacet
  facet normal -0.7705132427757923 0.637423989748686 0
    outer loop
      vertex 19.904645882113435 -105.29483155802238 138
      vertex 19.904645882113435 -105.29483155802238 140
      vertex 20.553037654437073 -104.51106054356903 138
    endloop
  endfacet
  facet normal -0.7705132427757923 0.637423989748686 0
    outer loop
      vertex 20.553037654437073 -104.51106054356903 138
      vertex 19.904645882113435 -105.29483155802238 140
      vertex 20.553037654437073 -104.51106054356903 140
    endloop
  endfacet
  facet normal 0 0 1
    outer loop
      vertex 20.553037654437073 -104.51106054356903 138
      vertex 21.098084108355295 -103.6522047602239 138
      vertex 21.098084108355295 -95.8477952397761 138
    endloop
  endfacet
  facet normal 0 0 1
    outer loop
      vertex 21.098084108355295 -103.6522047602239 138
      vertex 21.531189535694836 -102.7318088767459 138
      vertex 21.531189535694836 -96.76819112325411 138
    endloop
  endfacet
  facet normal -0.8443279255020136 0.5358267949789987 0
    outer loop
      vertex 20.553037654437073 -104.51106054356903 138
      vertex 20.553037654437073 -104.51106054356903 140
      vertex 21.098084108355295 -103.6522047602239 138
    endloop
  endfacet
  facet normal -0.8443279255020136 0.5358267949789987 0
    outer loop
      vertex 21.098084108355295 -103.6522047602239 138
      vertex 20.553037654437073 -104.51106054356903 140
      vertex 21.098084108355295 -103.6522047602239 140
    endloop
  endfacet
  facet normal -0.9048270524660181 0.4257792915650755 0
    outer loop
      vertex 21.098084108355295 -103.6522047602239 138
      vertex 21.098084108355295 -103.6522047602239 140
      vertex 21.531189535694836 -102.7318088767459 138
    endloop
  endfacet
  facet normal -0.9048270524660181 0.4257792915650755 0
    outer loop
      vertex 21.531189535694836 -102.7318088767459 138
      vertex 21.098084108355295 -103.6522047602239 140
      vertex 21.531189535694836 -102.7318088767459 140
    endloop
  endfacet
  facet normal -0.9510565162951539 0.30901699437494684 0
    outer loop
      vertex 21.531189535694836 -102.7318088767459 138
      vertex 21.531189535694836 -102.7318088767459 140
      vertex 21.845523605141913 -101.76438808603532 138
    endloop
  endfacet
  facet normal -0.9822872507286889 0.18738131458572332 0
    outer loop
      vertex 21.845523605141913 -101.76438808603532 138
      vertex 21.845523605141913 -101.76438808603532 140
      vertex 22.03612908064727 -100.76519919187086 138
    endloop
  endfacet
  facet normal -0.9510565162951539 0.30901699437494684 0
    outer loop
      vertex 21.845523605141913 -101.76438808603532 138
      vertex 21.531189535694836 -102.7318088767459 140
      vertex 21.845523605141913 -101.76438808603532 140
    endloop
  endfacet
  facet normal -0.9822872507286889 0.18738131458572332 0
    outer loop
      vertex 22.03612908064727 -100.76519919187086 138
      vertex 21.845523605141913 -101.76438808603532 140
      vertex 22.03612908064727 -100.76519919187086 140
    endloop
  endfacet
  facet normal 0 0 1
    outer loop
      vertex 19.16313431696439 -105.9911572664839 138
      vertex 19.904645882113435 -94.20516844197762 138
      vertex 19.16313431696439 -93.5088427335161 138
    endloop
  endfacet
  facet normal 0 0 1
    outer loop
      vertex 19.904645882113435 -105.29483155802238 138
      vertex 20.553037654437073 -94.98893945643097 138
      vertex 19.904645882113435 -94.20516844197762 138
    endloop
  endfacet
  facet normal -0.5877852522924679 -0.8090169943749513 0
    outer loop
      vertex 18.340197039329873 -92.91094380343368 138
      vertex 19.16313431696439 -93.5088427335161 138
      vertex 19.16313431696439 -93.5088427335161 140
    endloop
  endfacet
  facet normal -0.684547105928689 -0.7289686274214112 0
    outer loop
      vertex 19.16313431696439 -93.5088427335161 138
      vertex 19.904645882113435 -94.20516844197762 138
      vertex 19.904645882113435 -94.20516844197762 140
    endloop
  endfacet
  facet normal -0.684547105928689 -0.7289686274214112 0
    outer loop
      vertex 19.16313431696439 -93.5088427335161 138
      vertex 19.904645882113435 -94.20516844197762 140
      vertex 19.16313431696439 -93.5088427335161 140
    endloop
  endfacet
  facet normal -0.7705132427757923 -0.637423989748686 0
    outer loop
      vertex 19.904645882113435 -94.20516844197762 138
      vertex 20.553037654437073 -94.98893945643097 138
      vertex 20.553037654437073 -94.98893945643097 140
    endloop
  endfacet
  facet normal -0.7705132427757923 -0.637423989748686 0
    outer loop
      vertex 19.904645882113435 -94.20516844197762 138
      vertex 20.553037654437073 -94.98893945643097 140
      vertex 19.904645882113435 -94.20516844197762 140
    endloop
  endfacet
  facet normal 0 0 1
    outer loop
      vertex 20.553037654437073 -104.51106054356903 138
      vertex 21.098084108355295 -95.8477952397761 138
      vertex 20.553037654437073 -94.98893945643097 138
    endloop
  endfacet
  facet normal 0 0 1
    outer loop
      vertex 21.098084108355295 -103.6522047602239 138
      vertex 21.531189535694836 -96.76819112325411 138
      vertex 21.098084108355295 -95.8477952397761 138
    endloop
  endfacet
  facet normal 0 0 1
    outer loop
      vertex 21.531189535694836 -102.7318088767459 138
      vertex 21.845523605141913 -101.76438808603532 138
      vertex 21.845523605141913 -97.73561191396468 138
    endloop
  endfacet
  facet normal 0 0 1
    outer loop
      vertex 21.845523605141913 -101.76438808603532 138
      vertex 22.03612908064727 -100.76519919187086 138
      vertex 22.03612908064727 -98.73480080812914 138
    endloop
  endfacet
  facet normal 0 0 1
    outer loop
      vertex 21.845523605141913 -101.76438808603532 138
      vertex 22.03612908064727 -98.73480080812914 138
      vertex 21.845523605141913 -97.73561191396468 138
    endloop
  endfacet
  facet normal 0 0 1
    outer loop
      vertex 21.531189535694836 -102.7318088767459 138
      vertex 21.845523605141913 -97.73561191396468 138
      vertex 21.531189535694836 -96.76819112325411 138
    endloop
  endfacet
  facet normal 0 0 1
    outer loop
      vertex 22.03612908064727 -100.76519919187086 138
      vertex 22.1 -99.75 138
      vertex 22.03612908064727 -98.73480080812914 138
    endloop
  endfacet
  facet normal -0.8443279255020136 -0.5358267949789987 0
    outer loop
      vertex 20.553037654437073 -94.98893945643097 138
      vertex 21.098084108355295 -95.8477952397761 138
      vertex 21.098084108355295 -95.8477952397761 140
    endloop
  endfacet
  facet normal -0.9048270524660208 -0.42577929156507016 0
    outer loop
      vertex 21.531189535694836 -96.76819112325411 138
      vertex 21.531189535694836 -96.76819112325411 140
      vertex 21.098084108355295 -95.8477952397761 138
    endloop
  endfacet
  facet normal -0.8443279255020136 -0.5358267949789987 0
    outer loop
      vertex 20.553037654437073 -94.98893945643097 138
      vertex 21.098084108355295 -95.8477952397761 140
      vertex 20.553037654437073 -94.98893945643097 140
    endloop
  endfacet
  facet normal -0.9048270524660208 -0.42577929156507016 0
    outer loop
      vertex 21.098084108355295 -95.8477952397761 138
      vertex 21.531189535694836 -96.76819112325411 140
      vertex 21.098084108355295 -95.8477952397761 140
    endloop
  endfacet
  facet normal -0.9822872507286889 -0.18738131458572332 0
    outer loop
      vertex 21.845523605141913 -97.73561191396468 138
      vertex 22.03612908064727 -98.73480080812914 138
      vertex 22.03612908064727 -98.73480080812914 140
    endloop
  endfacet
  facet normal -0.9980267284282716 0.06279051952931435 0
    outer loop
      vertex 22.03612908064727 -100.76519919187086 138
      vertex 22.03612908064727 -100.76519919187086 140
      vertex 22.1 -99.75 138
    endloop
  endfacet
  facet normal -0.9980267284282716 -0.06279051952931435 0
    outer loop
      vertex 22.1 -99.75 138
      vertex 22.1 -99.75 140
      vertex 22.03612908064727 -98.73480080812914 138
    endloop
  endfacet
  facet normal -0.9822872507286889 -0.18738131458572332 0
    outer loop
      vertex 21.845523605141913 -97.73561191396468 138
      vertex 22.03612908064727 -98.73480080812914 140
      vertex 21.845523605141913 -97.73561191396468 140
    endloop
  endfacet
  facet normal -0.9980267284282716 0.06279051952931435 0
    outer loop
      vertex 22.1 -99.75 138
      vertex 22.03612908064727 -100.76519919187086 140
      vertex 22.1 -99.75 140
    endloop
  endfacet
  facet normal -0.9980267284282716 -0.06279051952931435 0
    outer loop
      vertex 22.03612908064727 -98.73480080812914 138
      vertex 22.1 -99.75 140
      vertex 22.03612908064727 -98.73480080812914 140
    endloop
  endfacet
  facet normal -0.9510565162951525 -0.30901699437495095 0
    outer loop
      vertex 21.531189535694836 -96.76819112325411 138
      vertex 21.845523605141913 -97.73561191396468 138
      vertex 21.845523605141913 -97.73561191396468 140
    endloop
  endfacet
  facet normal -0.9510565162951525 -0.30901699437495095 0
    outer loop
      vertex 21.531189535694836 -96.76819112325411 138
      vertex 21.845523605141913 -97.73561191396468 140
      vertex 21.531189535694836 -96.76819112325411 140
    endloop
  endfacet
  facet normal 0.05823433822040664 0.9983029409212574 0
    outer loop
      vertex 0 -37.75 85
      vertex 0 -37.75 117
      vertex 33.684210526315795 -39.71491228070175 85
    endloop
  endfacet
  facet normal 0.05823433822040665 -0.9983029409212574 0
    outer loop
      vertex 0 37.75 85
      vertex 33.68421052631579 39.71491228070175 85
      vertex 0 37.75 117
    endloop
  endfacet
  facet normal 0.04993761694389223 0 -0.9987523388778446
    outer loop
      vertex 0 -37.75 117
      vertex 0 37.75 117
      vertex 60 -41.25 120
    endloop
  endfacet
  facet normal 0.058234338220406676 0.9983029409212573 4.2116878601347916e-17
    outer loop
      vertex 60 -41.25 120
      vertex 33.684210526315795 -39.71491228070175 85
      vertex 0 -37.75 117
    endloop
  endfacet
  facet normal 0.058234338220406724 0.9983029409212573 0
    outer loop
      vertex 60 -41.25 85
      vertex 33.684210526315795 -39.71491228070175 85
      vertex 60 -41.25 120
    endloop
  endfacet
  facet normal 0.058234338220406676 -0.9983029409212573 2.807791906756528e-17
    outer loop
      vertex 0 37.75 117
      vertex 33.68421052631579 39.71491228070175 85
      vertex 60 41.25 120
    endloop
  endfacet
  facet normal 0.05823433822040671 -0.9983029409212573 0
    outer loop
      vertex 60 41.25 85
      vertex 60 41.25 120
      vertex 33.68421052631579 39.71491228070175 85
    endloop
  endfacet
  facet normal 0.04993761694389223 0 -0.9987523388778446
    outer loop
      vertex 0 37.75 117
      vertex 60 41.25 120
      vertex 60 -41.25 120
    endloop
  endfacet
  facet normal 0 0 -1
    outer loop
      vertex 0 -112.75 85
      vertex 9.8 -99.75 85
      vertex 9.833118254479192 -100.27639958097008 85
    endloop
  endfacet
  facet normal 0 0 -1
    outer loop
      vertex 0 -112.75 85
      vertex 9.833118254479192 -99.22360041902992 85
      vertex 9.8 -99.75 85
    endloop
  endfacet
  facet normal 0 0 -1
    outer loop
      vertex 0 -112.75 85
      vertex 10.319511943815773 -101.7733654312272 85
      vertex 10.60212862362522 -102.2186980596284 85
    endloop
  endfacet
  facet normal 0 0 -1
    outer loop
      vertex 0 -112.75 85
      vertex 9.93195072325975 -100.79449752609239 85
      vertex 10.094938759269343 -101.29612312127564 85
    endloop
  endfacet
  facet normal 0 0 -1
    outer loop
      vertex 0 -112.75 85
      vertex 9.833118254479192 -100.27639958097008 85
      vertex 9.93195072325975 -100.79449752609239 85
    endloop
  endfacet
  facet normal 0 0 -1
    outer loop
      vertex 0 -112.75 85
      vertex 10.094938759269343 -101.29612312127564 85
      vertex 10.319511943815773 -101.7733654312272 85
    endloop
  endfacet
  facet normal 0 0 -1
    outer loop
      vertex 0 -112.75 85
      vertex 10.60212862362522 -102.2186980596284 85
      vertex 10.938331764830071 -102.6250978449005 85
    endloop
  endfacet
  facet normal 0 0 -1
    outer loop
      vertex 0 -112.75 85
      vertex 10.938331764830071 -102.6250978449005 85
      vertex 11.322819243055504 -102.98615561965832 85
    endloop
  endfacet
  facet normal 0 0 -1
    outer loop
      vertex 0 -112.75 85
      vertex 12.145898033750315 -74.45633909777092 85
      vertex 9.833118254479192 -99.22360041902992 85
    endloop
  endfacet
  facet normal 0 0 -1
    outer loop
      vertex 0 -112.75 85
      vertex 0 -37.75 85
      vertex 8.188501033228214 -70.24213932298913 85
    endloop
  endfacet
  facet normal 0 0 -1
    outer loop
      vertex 0 -112.75 85
      vertex 8.188501033228214 -70.24213932298913 85
      vertex 8.421341084670491 -70.95874731610807 85
    endloop
  endfacet
  facet normal 0 0 -1
    outer loop
      vertex 0 -112.75 85
      vertex 9.145898033750315 -72.27671151375483 85
      vertex 9.626188235471531 -72.85728263557213 85
    endloop
  endfacet
  facet normal 0 0 -1
    outer loop
      vertex 0 -112.75 85
      vertex 8.421341084670491 -70.95874731610807 85
      vertex 8.74215991973682 -71.6405220446103 85
    endloop
  endfacet
  facet normal 0 0 -1
    outer loop
      vertex 0 -112.75 85
      vertex 8.74215991973682 -71.6405220446103 85
      vertex 9.145898033750315 -72.27671151375483 85
    endloop
  endfacet
  facet normal 0 0 -1
    outer loop
      vertex 0 -112.75 85
      vertex 9.626188235471531 -72.85728263557213 85
      vertex 10.175456061507862 -73.37307945665474 85
    endloop
  endfacet
  facet normal 0 0 -1
    outer loop
      vertex 0 -112.75 85
      vertex 10.175456061507862 -73.37307945665474 85
      vertex 10.785039230126019 -73.81596755301209 85
    endloop
  endfacet
  facet normal 0 0 -1
    outer loop
      vertex 0 -112.75 85
      vertex 10.785039230126019 -73.81596755301209 85
      vertex 11.445324250609566 -74.17896231479612 85
    endloop
  endfacet
  facet normal 0 0 -1
    outer loop
      vertex 0 -112.75 85
      vertex 13.212998478739955 -103.8756064530605 85
      vertex 13.736279817976882 -103.94171225939874 85
    endloop
  endfacet
  facet normal 0 0 -1
    outer loop
      vertex 0 -112.75 85
      vertex 13.736279817976882 -103.94171225939874 85
      vertex 14.263720182023118 -103.94171225939874 85
    endloop
  endfacet
  facet normal 0 0 -1
    outer loop
      vertex 0 -112.75 85
      vertex 11.322819243055504 -102.98615561965832 85
      vertex 11.749527461088213 -103.29617728710846 85
    endloop
  endfacet
  facet normal 0 0 -1
    outer loop
      vertex 0 -112.75 85
      vertex 11.749527461088213 -103.29617728710846 85
      vertex 12.211726975426696 -103.55027362035729 85
    endloop
  endfacet
  facet normal 0 0 -1
    outer loop
      vertex 0 -112.75 85
      vertex 12.211726975426696 -103.55027362035729 85
      vertex 12.70212862362522 -103.74443736843965 85
    endloop
  endfacet
  facet normal 0 0 -1
    outer loop
      vertex 0 -112.75 85
      vertex 12.70212862362522 -103.74443736843965 85
      vertex 13.212998478739955 -103.8756064530605 85
    endloop
  endfacet
  facet normal 0 0 -1
    outer loop
      vertex 12.145898033750315 -74.45633909777092 85
      vertex 9.93195072325975 -98.70550247390761 85
      vertex 9.833118254479192 -99.22360041902992 85
    endloop
  endfacet
  facet normal 0 0 -1
    outer loop
      vertex 12.145898033750315 -74.45633909777092 85
      vertex 10.094938759269343 -98.20387687872436 85
      vertex 9.93195072325975 -98.70550247390761 85
    endloop
  endfacet
  facet normal 0 0 -1
    outer loop
      vertex 12.145898033750315 -74.45633909777092 85
      vertex 10.319511943815773 -97.7266345687728 85
      vertex 10.094938759269343 -98.20387687872436 85
    endloop
  endfacet
  facet normal 0 0 -1
    outer loop
      vertex 12.145898033750315 -74.45633909777092 85
      vertex 10.60212862362522 -97.2813019403716 85
      vertex 10.319511943815773 -97.7266345687728 85
    endloop
  endfacet
  facet normal 0 0 -1
    outer loop
      vertex 12.145898033750315 -74.45633909777092 85
      vertex 10.938331764830071 -96.8749021550995 85
      vertex 10.60212862362522 -97.2813019403716 85
    endloop
  endfacet
  facet normal 0 0 -1
    outer loop
      vertex 12.145898033750315 -74.45633909777092 85
      vertex 11.322819243055504 -96.51384438034168 85
      vertex 10.938331764830071 -96.8749021550995 85
    endloop
  endfacet
  facet normal 0 0 -1
    outer loop
      vertex 12.145898033750315 -74.45633909777092 85
      vertex 11.749527461088213 -96.20382271289154 85
      vertex 11.322819243055504 -96.51384438034168 85
    endloop
  endfacet
  facet normal 0 0 -1
    outer loop
      vertex 0 -112.75 85
      vertex 11.445324250609566 -74.17896231479612 85
      vertex 12.145898033750315 -74.45633909777092 85
    endloop
  endfacet
  facet normal 0 0 -1
    outer loop
      vertex 12.145898033750315 -74.45633909777092 85
      vertex 12.211726975426695 -95.94972637964271 85
      vertex 11.749527461088213 -96.20382271289154 85
    endloop
  endfacet
  facet normal 0 0 -1
    outer loop
      vertex 12.145898033750315 -74.45633909777092 85
      vertex 12.70212862362522 -95.75556263156035 85
      vertex 12.211726975426695 -95.94972637964271 85
    endloop
  endfacet
  facet normal 0 0 -1
    outer loop
      vertex 12.70212862362522 -95.75556263156035 85
      vertex 12.875712112485651 -74.64372350437213 85
      vertex 13.212998478739957 -95.6243935469395 85
    endloop
  endfacet
  facet normal 0 0 -1
    outer loop
      vertex 12.145898033750315 -74.45633909777092 85
      vertex 12.875712112485651 -74.64372350437213 85
      vertex 12.70212862362522 -95.75556263156035 85
    endloop
  endfacet
  facet normal 0 0 -1
    outer loop
      vertex 13.212998478739957 -95.6243935469395 85
      vertex 13.623256882824117 -74.73816037056963 85
      vertex 13.736279817976884 -95.55828774060126 85
    endloop
  endfacet
  facet normal 0 0 -1
    outer loop
      vertex 13.736279817976884 -95.55828774060126 85
      vertex 14.376743117175883 -74.73816037056963 85
      vertex 14.263720182023116 -95.55828774060126 85
    endloop
  endfacet
  facet normal 0 0 -1
    outer loop
      vertex 14.263720182023116 -95.55828774060126 85
      vertex 14.376743117175883 -74.73816037056963 85
      vertex 14.787001521260043 -95.6243935469395 85
    endloop
  endfacet
  facet normal 0 0 -1
    outer loop
      vertex 12.875712112485651 -74.64372350437213 85
      vertex 13.623256882824117 -74.73816037056963 85
      vertex 13.212998478739957 -95.6243935469395 85
    endloop
  endfacet
  facet normal 0 0 -1
    outer loop
      vertex 13.623256882824117 -74.73816037056963 85
      vertex 14.376743117175883 -74.73816037056963 85
      vertex 13.736279817976884 -95.55828774060126 85
    endloop
  endfacet
  facet normal 0 0 -1
    outer loop
      vertex 14.376743117175883 -74.73816037056963 85
      vertex 15.124287887514349 -74.64372350437213 85
      vertex 14.787001521260043 -95.6243935469395 85
    endloop
  endfacet
  facet normal -1 0 0
    outer loop
      vertex 0 -112.75 85
      vertex 0 -112.75 140
      vertex 0 -37.75 85
    endloop
  endfacet
  facet normal 0 0 -1
    outer loop
      vertex 0 -37.75 85
      vertex 8 -68.75 85
      vertex 8.047311792113133 -69.50199940138583 85
    endloop
  endfacet
  facet normal 0 0 -1
    outer loop
      vertex 0 -37.75 85
      vertex 8.047311792113133 -67.99800059861417 85
      vertex 8 -68.75 85
    endloop
  endfacet
  facet normal 0 0 -1
    outer loop
      vertex 0 -37.75 85
      vertex 8.047311792113133 -69.50199940138583 85
      vertex 8.188501033228214 -70.24213932298913 85
    endloop
  endfacet
  facet normal 0 0 -1
    outer loop
      vertex 0 -37.75 85
      vertex 8.188501033228214 -67.25786067701087 85
      vertex 8.047311792113133 -67.99800059861417 85
    endloop
  endfacet
  facet normal 0 0 -1
    outer loop
      vertex 0 -37.75 85
      vertex 8.421341084670491 -66.54125268389193 85
      vertex 8.188501033228214 -67.25786067701087 85
    endloop
  endfacet
  facet normal 0 0 -1
    outer loop
      vertex 0 -37.75 85
      vertex 8.74215991973682 -65.8594779553897 85
      vertex 8.421341084670491 -66.54125268389193 85
    endloop
  endfacet
  facet normal 0 0 -1
    outer loop
      vertex 0 -37.75 85
      vertex 9.145898033750315 -65.22328848624517 85
      vertex 8.74215991973682 -65.8594779553897 85
    endloop
  endfacet
  facet normal 0 0 -1
    outer loop
      vertex 0 -37.75 85
      vertex 9.626188235471531 -64.64271736442787 85
      vertex 9.145898033750315 -65.22328848624517 85
    endloop
  endfacet
  facet normal 0 0 -1
    outer loop
      vertex 0 -37.75 85
      vertex 10.175456061507862 -64.12692054334526 85
      vertex 9.626188235471531 -64.64271736442787 85
    endloop
  endfacet
  facet normal 0 0 -1
    outer loop
      vertex 0 -37.75 85
      vertex 10.785039230126019 -63.68403244698791 85
      vertex 10.175456061507862 -64.12692054334526 85
    endloop
  endfacet
  facet normal 0 0 -1
    outer loop
      vertex 0 -37.75 85
      vertex 11.445324250609563 -63.32103768520388 85
      vertex 10.785039230126019 -63.68403244698791 85
    endloop
  endfacet
  facet normal 0 0 -1
    outer loop
      vertex 0 -37.75 85
      vertex 12.145898033750315 -63.04366090222908 85
      vertex 11.445324250609563 -63.32103768520388 85
    endloop
  endfacet
  facet normal 0 0 -1
    outer loop
      vertex 0 -37.75 85
      vertex 12.875712112485653 -62.85627649562787 85
      vertex 12.145898033750315 -63.04366090222908 85
    endloop
  endfacet
  facet normal 0 0 -1
    outer loop
      vertex 0 -37.75 85
      vertex 13.623256882824121 -62.76183962943037 85
      vertex 12.875712112485653 -62.85627649562787 85
    endloop
  endfacet
  facet normal 0 0 -1
    outer loop
      vertex 0 -37.75 85
      vertex 14.376743117175879 -62.76183962943037 85
      vertex 13.623256882824121 -62.76183962943037 85
    endloop
  endfacet
  facet normal 0 0 -1
    outer loop
      vertex 0 -37.75 85
      vertex 15.124287887514347 -62.85627649562787 85
      vertex 14.376743117175879 -62.76183962943037 85
    endloop
  endfacet
  facet normal 0 0 -1
    outer loop
      vertex 15.124287887514349 -74.64372350437213 85
      vertex 15.29787137637478 -95.75556263156035 85
      vertex 14.787001521260043 -95.6243935469395 85
    endloop
  endfacet
  facet normal 0 0 -1
    outer loop
      vertex 15.29787137637478 -95.75556263156035 85
      vertex 15.854101966249685 -74.45633909777092 85
      vertex 15.788273024573305 -95.94972637964271 85
    endloop
  endfacet
  facet normal 0 0 -1
    outer loop
      vertex 15.788273024573305 -95.94972637964271 85
      vertex 16.554675749390434 -74.17896231479612 85
      vertex 16.250472538911787 -96.20382271289154 85
    endloop
  endfacet
  facet normal 0 0 -1
    outer loop
      vertex 15.124287887514349 -74.64372350437213 85
      vertex 15.854101966249685 -74.45633909777092 85
      vertex 15.29787137637478 -95.75556263156035 85
    endloop
  endfacet
  facet normal 0 0 -1
    outer loop
      vertex 15.854101966249685 -74.45633909777092 85
      vertex 16.554675749390434 -74.17896231479612 85
      vertex 15.788273024573305 -95.94972637964271 85
    endloop
  endfacet
  facet normal 0 0 -1
    outer loop
      vertex 0 -112.75 85
      vertex 14.263720182023118 -103.94171225939874 85
      vertex 60 -112.75 85
    endloop
  endfacet
  facet normal 0 0 -1
    outer loop
      vertex 16.250472538911783 -103.29617728710846 85
      vertex 44.21172697542669 -103.55027362035729 85
      vertex 15.788273024573304 -103.55027362035729 85
    endloop
  endfacet
  facet normal 0 0 -1
    outer loop
      vertex 16.677180756944498 -102.98615561965832 85
      vertex 43.74952746108821 -103.29617728710846 85
      vertex 16.250472538911783 -103.29617728710846 85
    endloop
  endfacet
  facet normal 0 0 -1
    outer loop
      vertex 17.06166823516993 -102.6250978449005 85
      vertex 43.322819243055505 -102.98615561965832 85
      vertex 16.677180756944498 -102.98615561965832 85
    endloop
  endfacet
  facet normal 0 0 -1
    outer loop
      vertex 17.39787137637478 -102.2186980596284 85
      vertex 42.93833176483007 -102.6250978449005 85
      vertex 17.06166823516993 -102.6250978449005 85
    endloop
  endfacet
  facet normal 0 0 -1
    outer loop
      vertex 17.680488056184227 -101.7733654312272 85
      vertex 42.60212862362522 -102.2186980596284 85
      vertex 17.39787137637478 -102.2186980596284 85
    endloop
  endfacet
  facet normal 0 0 -1
    outer loop
      vertex 17.905061240730657 -101.29612312127566 85
      vertex 42.319511943815776 -101.7733654312272 85
      vertex 17.680488056184227 -101.7733654312272 85
    endloop
  endfacet
  facet normal 0 0 -1
    outer loop
      vertex 18.06804927674025 -100.79449752609239 85
      vertex 42.09493875926935 -101.29612312127564 85
      vertex 17.905061240730657 -101.29612312127566 85
    endloop
  endfacet
  facet normal 0 0 -1
    outer loop
      vertex 18.166881745520808 -100.27639958097008 85
      vertex 41.931950723259746 -100.79449752609239 85
      vertex 18.06804927674025 -100.79449752609239 85
    endloop
  endfacet
  facet normal 0 0 -1
    outer loop
      vertex 18.2 -99.75 85
      vertex 41.833118254479196 -100.27639958097008 85
      vertex 18.166881745520808 -100.27639958097008 85
    endloop
  endfacet
  facet normal 0 0 -1
    outer loop
      vertex 18.166881745520808 -99.22360041902992 85
      vertex 41.8 -99.75 85
      vertex 18.2 -99.75 85
    endloop
  endfacet
  facet normal 0 0 -1
    outer loop
      vertex 17.680488056184227 -97.7266345687728 85
      vertex 42.09493875926935 -98.20387687872436 85
      vertex 17.905061240730657 -98.20387687872436 85
    endloop
  endfacet
  facet normal 0 0 -1
    outer loop
      vertex 17.905061240730657 -98.20387687872436 85
      vertex 41.931950723259746 -98.70550247390761 85
      vertex 18.06804927674025 -98.70550247390761 85
    endloop
  endfacet
  facet normal 0 0 -1
    outer loop
      vertex 18.06804927674025 -98.70550247390761 85
      vertex 41.833118254479196 -99.22360041902992 85
      vertex 18.166881745520808 -99.22360041902992 85
    endloop
  endfacet
  facet normal 0 0 -1
    outer loop
      vertex 16.250472538911787 -96.20382271289154 85
      vertex 43.322819243055505 -96.51384438034168 85
      vertex 16.677180756944498 -96.51384438034168 85
    endloop
  endfacet
  facet normal 0 0 -1
    outer loop
      vertex 17.06166823516993 -96.8749021550995 85
      vertex 42.60212862362522 -97.2813019403716 85
      vertex 17.39787137637478 -97.2813019403716 85
    endloop
  endfacet
  facet normal 0 0 -1
    outer loop
      vertex 16.677180756944498 -96.51384438034168 85
      vertex 42.93833176483007 -96.8749021550995 85
      vertex 17.06166823516993 -96.8749021550995 85
    endloop
  endfacet
  facet normal 0 0 -1
    outer loop
      vertex 17.39787137637478 -97.2813019403716 85
      vertex 42.319511943815776 -97.7266345687728 85
      vertex 17.680488056184227 -97.7266345687728 85
    endloop
  endfacet
  facet normal 0 0 -1
    outer loop
      vertex 60 -112.75 85
      vertex 14.263720182023118 -103.94171225939874 85
      vertex 14.787001521260045 -103.8756064530605 85
    endloop
  endfacet
  facet normal 0 0 -1
    outer loop
      vertex 16.554675749390434 -74.17896231479612 85
      vertex 43.74952746108821 -96.20382271289154 85
      vertex 16.250472538911787 -96.20382271289154 85
    endloop
  endfacet
  facet normal 0 0 -1
    outer loop
      vertex 16.554675749390434 -74.17896231479612 85
      vertex 17.214960769873976 -73.81596755301209 85
      vertex 43.74952746108821 -96.20382271289154 85
    endloop
  endfacet
  facet normal 0 0 -1
    outer loop
      vertex 17.214960769873976 -73.81596755301209 85
      vertex 17.82454393849214 -73.37307945665474 85
      vertex 42.78503923012602 -73.81596755301209 85
    endloop
  endfacet
  facet normal 0 0 -1
    outer loop
      vertex 17.82454393849214 -73.37307945665474 85
      vertex 18.37381176452847 -72.85728263557213 85
      vertex 42.17545606150786 -73.37307945665474 85
    endloop
  endfacet
  facet normal 0 0 -1
    outer loop
      vertex 18.37381176452847 -72.85728263557213 85
      vertex 18.854101966249686 -72.27671151375483 85
      vertex 41.62618823547153 -72.85728263557213 85
    endloop
  endfacet
  facet normal 0 0 -1
    outer loop
      vertex 19.25784008026318 -71.6405220446103 85
      vertex 41.14589803375031 -72.27671151375483 85
      vertex 18.854101966249686 -72.27671151375483 85
    endloop
  endfacet
  facet normal 0 0 -1
    outer loop
      vertex 19.578658915329505 -70.95874731610807 85
      vertex 40.74215991973682 -71.6405220446103 85
      vertex 19.25784008026318 -71.6405220446103 85
    endloop
  endfacet
  facet normal 0 0 -1
    outer loop
      vertex 19.811498966771786 -70.24213932298913 85
      vertex 40.42134108467049 -70.95874731610807 85
      vertex 19.578658915329505 -70.95874731610807 85
    endloop
  endfacet
  facet normal 0 0 -1
    outer loop
      vertex 19.952688207886865 -69.50199940138583 85
      vertex 40.18850103322821 -70.24213932298913 85
      vertex 19.811498966771786 -70.24213932298913 85
    endloop
  endfacet
  facet normal 0 0 -1
    outer loop
      vertex 20 -68.75 85
      vertex 40.047311792113135 -69.50199940138583 85
      vertex 19.952688207886865 -69.50199940138583 85
    endloop
  endfacet
  facet normal 0 0 -1
    outer loop
      vertex 19.952688207886865 -67.99800059861417 85
      vertex 40 -68.75 85
      vertex 20 -68.75 85
    endloop
  endfacet
  facet normal 0 0 -1
    outer loop
      vertex 19.811498966771786 -67.25786067701087 85
      vertex 40.047311792113135 -67.99800059861417 85
      vertex 19.952688207886865 -67.99800059861417 85
    endloop
  endfacet
  facet normal 0 0 -1
    outer loop
      vertex 19.57865891532951 -66.54125268389193 85
      vertex 40.18850103322821 -67.25786067701087 85
      vertex 19.811498966771786 -67.25786067701087 85
    endloop
  endfacet
  facet normal 0 0 -1
    outer loop
      vertex 19.257840080263183 -65.8594779553897 85
      vertex 40.42134108467049 -66.54125268389193 85
      vertex 19.57865891532951 -66.54125268389193 85
    endloop
  endfacet
  facet normal 0 0 -1
    outer loop
      vertex 0 -37.75 85
      vertex 33.684210526315795 -39.71491228070175 85
      vertex 15.124287887514347 -62.85627649562787 85
    endloop
  endfacet
  facet normal 0 0 -1
    outer loop
      vertex 33.684210526315795 -39.71491228070175 85
      vertex 15.854101966249685 -63.04366090222908 85
      vertex 15.124287887514347 -62.85627649562787 85
    endloop
  endfacet
  facet normal 0 0 -1
    outer loop
      vertex 33.684210526315795 -39.71491228070175 85
      vertex 16.554675749390437 -63.32103768520388 85
      vertex 15.854101966249685 -63.04366090222908 85
    endloop
  endfacet
  facet normal 0 0 -1
    outer loop
      vertex 17.21496076987398 -63.68403244698791 85
      vertex 16.554675749390437 -63.32103768520388 85
      vertex 33.684210526315795 -39.71491228070175 85
    endloop
  endfacet
  facet normal 0 0 -1
    outer loop
      vertex 17.824543938492138 -64.12692054334526 85
      vertex 17.21496076987398 -63.68403244698791 85
      vertex 33.684210526315795 -39.71491228070175 85
    endloop
  endfacet
  facet normal 0 0 -1
    outer loop
      vertex 17.824543938492138 -64.12692054334526 85
      vertex 33.684210526315795 -39.71491228070175 85
      vertex 18.37381176452847 -64.64271736442787 85
    endloop
  endfacet
  facet normal 0 0 -1
    outer loop
      vertex 18.37381176452847 -64.64271736442787 85
      vertex 33.684210526315795 -39.71491228070175 85
      vertex 18.854101966249686 -65.22328848624517 85
    endloop
  endfacet
  facet normal 0 0 -1
    outer loop
      vertex 18.854101966249686 -65.22328848624517 85
      vertex 33.684210526315795 -39.71491228070175 85
      vertex 19.257840080263183 -65.8594779553897 85
    endloop
  endfacet
  facet normal 0 0 1
    outer loop
      vertex 0 -112.75 140
      vertex 7.446962345562926 -104.51106054356903 140
      vertex 6.901915891644706 -103.6522047602239 140
    endloop
  endfacet
  facet normal 0 0 1
    outer loop
      vertex 0 -112.75 140
      vertex 8.095354117886565 -105.29483155802238 140
      vertex 7.446962345562926 -104.51106054356903 140
    endloop
  endfacet
  facet normal 0 0 1
    outer loop
      vertex 0 -112.75 140
      vertex 6.468810464305164 -102.73180887674589 140
      vertex 6.154476394858088 -101.76438808603532 140
    endloop
  endfacet
  facet normal 0 0 1
    outer loop
      vertex 0 -112.75 140
      vertex 5.963870919352729 -100.76519919187086 140
      vertex 5.9 -99.75 140
    endloop
  endfacet
  facet normal 0 0 1
    outer loop
      vertex 0 -112.75 140
      vertex 6.154476394858088 -101.76438808603532 140
      vertex 5.963870919352729 -100.76519919187086 140
    endloop
  endfacet
  facet normal 0 0 1
    outer loop
      vertex 0 -112.75 140
      vertex 6.901915891644706 -103.6522047602239 140
      vertex 6.468810464305164 -102.73180887674589 140
    endloop
  endfacet
  facet normal 0 0 1
    outer loop
      vertex 0 -112.75 140
      vertex 8.836865683035615 -105.9911572664839 140
      vertex 8.095354117886565 -105.29483155802238 140
    endloop
  endfacet
  facet normal 0 0 1
    outer loop
      vertex 0 -112.75 140
      vertex 9.659802960670127 -106.58905619656632 140
      vertex 8.836865683035615 -105.9911572664839 140
    endloop
  endfacet
  facet normal 0 0 1
    outer loop
      vertex 0 -112.75 140
      vertex 10.551187738322913 -107.07909912497476 140
      vertex 9.659802960670127 -106.58905619656632 140
    endloop
  endfacet
  facet normal 0 0 1
    outer loop
      vertex 0 -112.75 140
      vertex 11.496962345562926 -107.45355778199074 140
      vertex 10.551187738322913 -107.07909912497476 140
    endloop
  endfacet
  facet normal 0 0 1
    outer loop
      vertex 0 -112.75 140
      vertex 12.482211351855629 -107.70652673090238 140
      vertex 11.496962345562926 -107.45355778199074 140
    endloop
  endfacet
  facet normal 0 0 1
    outer loop
      vertex 0 -112.75 140
      vertex 13.491396791812559 -107.834016500269 140
      vertex 12.482211351855629 -107.70652673090238 140
    endloop
  endfacet
  facet normal 0 0 1
    outer loop
      vertex 0 -112.75 140
      vertex 14.508603208187441 -107.834016500269 140
      vertex 13.491396791812559 -107.834016500269 140
    endloop
  endfacet
  facet normal 0 0 1
    outer loop
      vertex 0 -112.75 140
      vertex 15.517788648144371 -107.70652673090238 140
      vertex 14.508603208187441 -107.834016500269 140
    endloop
  endfacet
  facet normal 0 0 1
    outer loop
      vertex 0 -112.75 140
      vertex 16.503037654437072 -107.45355778199074 140
      vertex 15.517788648144371 -107.70652673090238 140
    endloop
  endfacet
  facet normal 0 0 1
    outer loop
      vertex 12.48221135185563 -91.79347326909762 140
      vertex 11.80923329989034 -69.95438418525428 140
      vertex 11.675558785279371 -69.6703113817117 140
    endloop
  endfacet
  facet normal 0 0 1
    outer loop
      vertex 12.48221135185563 -91.79347326909762 140
      vertex 11.977457514062632 -70.21946313073119 140
      vertex 11.80923329989034 -69.95438418525428 140
    endloop
  endfacet
  facet normal 0 0 1
    outer loop
      vertex 12.48221135185563 -91.79347326909762 140
      vertex 12.17757843144647 -70.46136776482172 140
      vertex 11.977457514062632 -70.21946313073119 140
    endloop
  endfacet
  facet normal 0 0 1
    outer loop
      vertex 12.48221135185563 -91.79347326909762 140
      vertex 12.406440025628276 -70.67628310693948 140
      vertex 12.17757843144647 -70.46136776482172 140
    endloop
  endfacet
  facet normal 0 0 1
    outer loop
      vertex 12.48221135185563 -91.79347326909762 140
      vertex 12.660433012552508 -70.86081981375504 140
      vertex 12.406440025628276 -70.67628310693948 140
    endloop
  endfacet
  facet normal 0 0 1
    outer loop
      vertex 12.48221135185563 -91.79347326909762 140
      vertex 12.935551771087319 -71.01206763116505 140
      vertex 12.660433012552508 -70.86081981375504 140
    endloop
  endfacet
  facet normal 0 0 1
    outer loop
      vertex 12.48221135185563 -91.79347326909762 140
      vertex 13.227457514062632 -71.12764129073788 140
      vertex 12.935551771087319 -71.01206763116505 140
    endloop
  endfacet
  facet normal 0 0 1
    outer loop
      vertex 12.48221135185563 -91.79347326909762 140
      vertex 13.531546713535688 -71.20571812682172 140
      vertex 13.227457514062632 -71.12764129073788 140
    endloop
  endfacet
  facet normal 0 0 1
    outer loop
      vertex 12.48221135185563 -91.79347326909762 140
      vertex 13.491396791812562 -91.665983499731 140
      vertex 13.531546713535688 -71.20571812682172 140
    endloop
  endfacet
  facet normal 0 0 1
    outer loop
      vertex 13.491396791812562 -91.665983499731 140
      vertex 14.508603208187438 -91.665983499731 140
      vertex 13.843023701176715 -71.24506682107068 140
    endloop
  endfacet
  facet normal 0 0 1
    outer loop
      vertex 14.508603208187438 -91.665983499731 140
      vertex 15.51778864814437 -91.79347326909762 140
      vertex 14.156976298823285 -71.24506682107068 140
    endloop
  endfacet
  facet normal 0 0 1
    outer loop
      vertex 13.491396791812562 -91.665983499731 140
      vertex 13.843023701176715 -71.24506682107068 140
      vertex 13.531546713535688 -71.20571812682172 140
    endloop
  endfacet
  facet normal 0 0 1
    outer loop
      vertex 14.508603208187438 -91.665983499731 140
      vertex 14.156976298823285 -71.24506682107068 140
      vertex 13.843023701176715 -71.24506682107068 140
    endloop
  endfacet
  facet normal 0 0 1
    outer loop
      vertex 15.51778864814437 -91.79347326909762 140
      vertex 14.468453286464312 -71.20571812682172 140
      vertex 14.156976298823285 -71.24506682107068 140
    endloop
  endfacet
  facet normal 0 0 1
    outer loop
      vertex 12.48221135185563 -91.79347326909762 140
      vertex 11.578542097178422 -69.37172471791213 140
      vertex 11.519713246713806 -69.06333308391076 140
    endloop
  endfacet
  facet normal 0 0 1
    outer loop
      vertex 12.48221135185563 -91.79347326909762 140
      vertex 11.675558785279371 -69.6703113817117 140
      vertex 11.578542097178422 -69.37172471791213 140
    endloop
  endfacet
  facet normal -1 0 0
    outer loop
      vertex 0 -112.75 140
      vertex 0 -37.75 117
      vertex 0 -37.75 85
    endloop
  endfacet
  facet normal 0 0 1
    outer loop
      vertex 0 -112.75 140
      vertex 5.9 -99.75 140
      vertex 0 77.75 140
    endloop
  endfacet
  facet normal -1 0 0
    outer loop
      vertex 0 -112.75 140
      vertex 0 77.75 140
      vertex 0 -37.75 117
    endloop
  endfacet
  facet normal 0 0 1
    outer loop
      vertex 0 77.75 140
      vertex 5.9 -99.75 140
      vertex 5.963870919352729 -98.73480080812914 140
    endloop
  endfacet
  facet normal 0 0 1
    outer loop
      vertex 0 77.75 140
      vertex 5.963870919352729 -98.73480080812914 140
      vertex 6.154476394858088 -97.73561191396468 140
    endloop
  endfacet
  facet normal 0 0 1
    outer loop
      vertex 0 77.75 140
      vertex 6.154476394858088 -97.73561191396468 140
      vertex 6.468810464305164 -96.76819112325411 140
    endloop
  endfacet
  facet normal 0 0 1
    outer loop
      vertex 0 77.75 140
      vertex 6.468810464305164 -96.76819112325411 140
      vertex 6.901915891644706 -95.8477952397761 140
    endloop
  endfacet
  facet normal 0 0 1
    outer loop
      vertex 0 77.75 140
      vertex 6.901915891644706 -95.8477952397761 140
      vertex 7.446962345562926 -94.98893945643097 140
    endloop
  endfacet
  facet normal 0 0 1
    outer loop
      vertex 0 77.75 140
      vertex 7.446962345562926 -94.98893945643097 140
      vertex 8.095354117886565 -94.20516844197762 140
    endloop
  endfacet
  facet normal 0 0 1
    outer loop
      vertex 0 77.75 140
      vertex 8.095354117886565 -94.20516844197762 140
      vertex 8.836865683035615 -93.5088427335161 140
    endloop
  endfacet
  facet normal 0 0 1
    outer loop
      vertex 0 77.75 140
      vertex 8.836865683035615 -93.5088427335161 140
      vertex 9.659802960670127 -92.91094380343368 140
    endloop
  endfacet
  facet normal 0 0 1
    outer loop
      vertex 0 77.75 140
      vertex 9.659802960670127 -92.91094380343368 140
      vertex 10.551187738322911 -92.42090087502524 140
    endloop
  endfacet
  facet normal 0 0 1
    outer loop
      vertex 0 77.75 140
      vertex 10.551187738322911 -92.42090087502524 140
      vertex 11.496962345562926 -92.04644221800926 140
    endloop
  endfacet
  facet normal 0 0 1
    outer loop
      vertex 0 77.75 140
      vertex 11.496962345562926 -92.04644221800926 140
      vertex 12.48221135185563 -91.79347326909762 140
    endloop
  endfacet
  facet normal 0 0 1
    outer loop
      vertex 0 77.75 140
      vertex 12.48221135185563 -91.79347326909762 140
      vertex 11.519713246713806 -69.06333308391076 140
    endloop
  endfacet
  facet normal 0 0 1
    outer loop
      vertex 0 77.75 140
      vertex 11.519713246713806 -69.06333308391076 140
      vertex 11.5 -68.75 140
    endloop
  endfacet
  facet normal 0 0 1
    outer loop
      vertex 0 77.75 140
      vertex 11.5 -68.75 140
      vertex 11.519713246713806 -68.43666691608924 140
    endloop
  endfacet
  facet normal 0 0 1
    outer loop
      vertex 0 77.75 140
      vertex 11.519713246713806 -68.43666691608924 140
      vertex 11.578542097178422 -68.12827528208787 140
    endloop
  endfacet
  facet normal 0 0 1
    outer loop
      vertex 0 77.75 140
      vertex 11.578542097178422 -68.12827528208787 140
      vertex 11.675558785279371 -67.8296886182883 140
    endloop
  endfacet
  facet normal 0 0 1
    outer loop
      vertex 0 77.75 140
      vertex 11.675558785279371 -67.8296886182883 140
      vertex 11.80923329989034 -67.54561581474572 140
    endloop
  endfacet
  facet normal 0 0 1
    outer loop
      vertex 0 77.75 140
      vertex 11.80923329989034 -67.54561581474572 140
      vertex 11.977457514062632 -67.28053686926881 140
    endloop
  endfacet
  facet normal 0 0 1
    outer loop
      vertex 0 77.75 140
      vertex 11.977457514062632 -67.28053686926881 140
      vertex 12.17757843144647 -67.03863223517828 140
    endloop
  endfacet
  facet normal 0 0 1
    outer loop
      vertex 0 77.75 140
      vertex 12.17757843144647 -67.03863223517828 140
      vertex 12.406440025628276 -66.82371689306052 140
    endloop
  endfacet
  facet normal 0 0 1
    outer loop
      vertex 0 77.75 140
      vertex 12.406440025628276 -66.82371689306052 140
      vertex 12.660433012552508 -66.63918018624496 140
    endloop
  endfacet
  facet normal 0 0 1
    outer loop
      vertex 0 77.75 140
      vertex 12.660433012552508 -66.63918018624496 140
      vertex 12.935551771087319 -66.48793236883495 140
    endloop
  endfacet
  facet normal 0 0 1
    outer loop
      vertex 0 77.75 140
      vertex 12.935551771087319 -66.48793236883495 140
      vertex 13.227457514062632 -66.37235870926212 140
    endloop
  endfacet
  facet normal 0 0 1
    outer loop
      vertex 0 77.75 140
      vertex 13.227457514062632 -66.37235870926212 140
      vertex 13.531546713535688 -66.29428187317828 140
    endloop
  endfacet
  facet normal 0 0 1
    outer loop
      vertex 0 77.75 140
      vertex 13.531546713535688 -66.29428187317828 140
      vertex 13.843023701176717 -66.25493317892932 140
    endloop
  endfacet
  facet normal 0 0 1
    outer loop
      vertex 0 77.75 140
      vertex 13.843023701176717 -66.25493317892932 140
      vertex 14.156976298823283 -66.25493317892932 140
    endloop
  endfacet
  facet normal 0 0 1
    outer loop
      vertex 0 77.75 140
      vertex 14.156976298823283 -66.25493317892932 140
      vertex 14.468453286464312 -66.29428187317828 140
    endloop
  endfacet
  facet normal 0 0 1
    outer loop
      vertex 0 77.75 140
      vertex 14.468453286464312 -66.29428187317828 140
      vertex 14.772542485937368 -66.37235870926212 140
    endloop
  endfacet
  facet normal 0 0 1
    outer loop
      vertex 0 77.75 140
      vertex 14.772542485937368 -66.37235870926212 140
      vertex 15.064448228912681 -66.48793236883495 140
    endloop
  endfacet
  facet normal 0 0 1
    outer loop
      vertex 0 77.75 140
      vertex 15.064448228912681 -66.48793236883495 140
      vertex 15.339566987447492 -66.63918018624496 140
    endloop
  endfacet
  facet normal 0 0 1
    outer loop
      vertex 0 77.75 140
      vertex 15.339566987447492 -66.63918018624496 140
      vertex 15.593559974371724 -66.82371689306052 140
    endloop
  endfacet
  facet normal 0 0 1
    outer loop
      vertex 0 77.75 140
      vertex 15.593559974371724 -66.82371689306052 140
      vertex 15.82242156855353 -67.03863223517828 140
    endloop
  endfacet
  facet normal 0 0 1
    outer loop
      vertex 0 77.75 140
      vertex 15.82242156855353 -67.03863223517828 140
      vertex 16.022542485937368 -67.28053686926881 140
    endloop
  endfacet
  facet normal 0 -1 0
    outer loop
      vertex 0 -112.75 85
      vertex 60 -112.75 140
      vertex 0 -112.75 140
    endloop
  endfacet
  facet normal 0 0 1
    outer loop
      vertex 0 -112.75 140
      vertex 43.49696234556293 -107.45355778199074 140
      vertex 16.503037654437072 -107.45355778199074 140
    endloop
  endfacet
  facet normal 0 0 1
    outer loop
      vertex 16.503037654437072 -107.45355778199074 140
      vertex 42.551187738322916 -107.07909912497476 140
      vertex 17.448812261677087 -107.07909912497476 140
    endloop
  endfacet
  facet normal 0 0 1
    outer loop
      vertex 17.448812261677087 -107.07909912497476 140
      vertex 41.65980296067013 -106.58905619656632 140
      vertex 18.34019703932987 -106.58905619656632 140
    endloop
  endfacet
  facet normal 0 0 1
    outer loop
      vertex 18.34019703932987 -106.58905619656632 140
      vertex 40.83686568303561 -105.9911572664839 140
      vertex 19.16313431696439 -105.9911572664839 140
    endloop
  endfacet
  facet normal 0 0 1
    outer loop
      vertex 16.503037654437072 -92.04644221800926 140
      vertex 17.448812261677087 -92.42090087502524 140
      vertex 43.49696234556293 -92.04644221800926 140
    endloop
  endfacet
  facet normal 0 0 1
    outer loop
      vertex 17.448812261677087 -92.42090087502524 140
      vertex 18.340197039329873 -92.91094380343368 140
      vertex 42.55118773832291 -92.42090087502524 140
    endloop
  endfacet
  facet normal 0 0 1
    outer loop
      vertex 15.51778864814437 -91.79347326909762 140
      vertex 16.503037654437072 -92.04644221800926 140
      vertex 44.48221135185563 -91.79347326909762 140
    endloop
  endfacet
  facet normal 0 0 1
    outer loop
      vertex 19.904645882113435 -105.29483155802238 140
      vertex 19.16313431696439 -105.9911572664839 140
      vertex 40.095354117886565 -105.29483155802238 140
    endloop
  endfacet
  facet normal 0 0 1
    outer loop
      vertex 20.553037654437073 -104.51106054356903 140
      vertex 19.904645882113435 -105.29483155802238 140
      vertex 39.44696234556292 -104.51106054356903 140
    endloop
  endfacet
  facet normal 0 0 1
    outer loop
      vertex 21.098084108355295 -103.6522047602239 140
      vertex 20.553037654437073 -104.51106054356903 140
      vertex 38.901915891644705 -103.6522047602239 140
    endloop
  endfacet
  facet normal 0 0 1
    outer loop
      vertex 21.098084108355295 -103.6522047602239 140
      vertex 38.468810464305164 -102.73180887674589 140
      vertex 21.531189535694836 -102.7318088767459 140
    endloop
  endfacet
  facet normal 0 0 1
    outer loop
      vertex 21.845523605141913 -101.76438808603532 140
      vertex 21.531189535694836 -102.7318088767459 140
      vertex 38.15447639485809 -101.76438808603532 140
    endloop
  endfacet
  facet normal 0 0 1
    outer loop
      vertex 21.845523605141913 -101.76438808603532 140
      vertex 37.96387091935273 -100.76519919187086 140
      vertex 22.03612908064727 -100.76519919187086 140
    endloop
  endfacet
  facet normal 0 0 1
    outer loop
      vertex 0 -112.75 140
      vertex 44.48221135185563 -107.70652673090238 140
      vertex 43.49696234556293 -107.45355778199074 140
    endloop
  endfacet
  facet normal 0 0 1
    outer loop
      vertex 0 -112.75 140
      vertex 45.49139679181256 -107.834016500269 140
      vertex 44.48221135185563 -107.70652673090238 140
    endloop
  endfacet
  facet normal 0 0 1
    outer loop
      vertex 21.098084108355295 -95.8477952397761 140
      vertex 21.531189535694836 -96.76819112325411 140
      vertex 38.901915891644705 -95.8477952397761 140
    endloop
  endfacet
  facet normal 0 0 1
    outer loop
      vertex 21.098084108355295 -95.8477952397761 140
      vertex 39.44696234556292 -94.98893945643097 140
      vertex 20.553037654437073 -94.98893945643097 140
    endloop
  endfacet
  facet normal 0 0 1
    outer loop
      vertex 22.03612908064727 -100.76519919187086 140
      vertex 37.9 -99.75 140
      vertex 22.1 -99.75 140
    endloop
  endfacet
  facet normal 0 0 1
    outer loop
      vertex 22.03612908064727 -98.73480080812914 140
      vertex 22.1 -99.75 140
      vertex 37.96387091935273 -98.73480080812914 140
    endloop
  endfacet
  facet normal 0 0 1
    outer loop
      vertex 22.03612908064727 -98.73480080812914 140
      vertex 38.15447639485809 -97.73561191396468 140
      vertex 21.845523605141913 -97.73561191396468 140
    endloop
  endfacet
  facet normal 0 0 1
    outer loop
      vertex 21.845523605141913 -97.73561191396468 140
      vertex 38.468810464305164 -96.76819112325411 140
      vertex 21.531189535694836 -96.76819112325411 140
    endloop
  endfacet
  facet normal 0 0 1
    outer loop
      vertex 19.16313431696439 -93.5088427335161 140
      vertex 19.904645882113435 -94.20516844197762 140
      vertex 40.83686568303561 -93.5088427335161 140
    endloop
  endfacet
  facet normal 0 0 1
    outer loop
      vertex 18.340197039329873 -92.91094380343368 140
      vertex 19.16313431696439 -93.5088427335161 140
      vertex 41.65980296067013 -92.91094380343368 140
    endloop
  endfacet
  facet normal 0 0 1
    outer loop
      vertex 20.553037654437073 -94.98893945643097 140
      vertex 40.095354117886565 -94.20516844197762 140
      vertex 19.904645882113435 -94.20516844197762 140
    endloop
  endfacet
  facet normal 0 0 1
    outer loop
      vertex 14.468453286464312 -71.20571812682172 140
      vertex 15.51778864814437 -91.79347326909762 140
      vertex 44.48221135185563 -91.79347326909762 140
    endloop
  endfacet
  facet normal 0 0 1
    outer loop
      vertex 14.772542485937368 -71.12764129073788 140
      vertex 14.468453286464312 -71.20571812682172 140
      vertex 45.22745751406263 -71.12764129073788 140
    endloop
  endfacet
  facet normal 0 0 1
    outer loop
      vertex 15.064448228912681 -71.01206763116505 140
      vertex 14.772542485937368 -71.12764129073788 140
      vertex 44.93555177108732 -71.01206763116505 140
    endloop
  endfacet
  facet normal 0 0 1
    outer loop
      vertex 15.33956698744749 -70.86081981375504 140
      vertex 15.064448228912681 -71.01206763116505 140
      vertex 44.66043301255251 -70.86081981375504 140
    endloop
  endfacet
  facet normal 0 0 1
    outer loop
      vertex 15.593559974371725 -70.67628310693948 140
      vertex 15.33956698744749 -70.86081981375504 140
      vertex 44.40644002562828 -70.67628310693948 140
    endloop
  endfacet
  facet normal 0 0 1
    outer loop
      vertex 15.82242156855353 -70.46136776482172 140
      vertex 15.593559974371725 -70.67628310693948 140
      vertex 44.17757843144647 -70.46136776482172 140
    endloop
  endfacet
  facet normal 0 0 1
    outer loop
      vertex 15.82242156855353 -70.46136776482172 140
      vertex 43.97745751406263 -70.21946313073119 140
      vertex 16.022542485937368 -70.21946313073119 140
    endloop
  endfacet
  facet normal 0 0 1
    outer loop
      vertex 16.022542485937368 -70.21946313073119 140
      vertex 43.809233299890344 -69.95438418525428 140
      vertex 16.19076670010966 -69.95438418525428 140
    endloop
  endfacet
  facet normal 0 0 1
    outer loop
      vertex 16.19076670010966 -69.95438418525428 140
      vertex 43.67555878527937 -69.6703113817117 140
      vertex 16.32444121472063 -69.6703113817117 140
    endloop
  endfacet
  facet normal 0 0 1
    outer loop
      vertex 16.32444121472063 -69.6703113817117 140
      vertex 43.57854209717842 -69.37172471791213 140
      vertex 16.42145790282158 -69.37172471791213 140
    endloop
  endfacet
  facet normal 0 0 1
    outer loop
      vertex 16.42145790282158 -69.37172471791213 140
      vertex 43.519713246713806 -69.06333308391076 140
      vertex 16.480286753286194 -69.06333308391076 140
    endloop
  endfacet
  facet normal 0 0 1
    outer loop
      vertex 16.480286753286194 -69.06333308391076 140
      vertex 43.5 -68.75 140
      vertex 16.5 -68.75 140
    endloop
  endfacet
  facet normal 0 0 1
    outer loop
      vertex 16.5 -68.75 140
      vertex 43.519713246713806 -68.43666691608924 140
      vertex 16.480286753286194 -68.43666691608924 140
    endloop
  endfacet
  facet normal 0 0 1
    outer loop
      vertex 16.480286753286194 -68.43666691608924 140
      vertex 43.57854209717842 -68.12827528208787 140
      vertex 16.42145790282158 -68.12827528208787 140
    endloop
  endfacet
  facet normal 0 0 1
    outer loop
      vertex 16.19076670010966 -67.54561581474572 140
      vertex 43.97745751406263 -67.28053686926881 140
      vertex 16.022542485937368 -67.28053686926881 140
    endloop
  endfacet
  facet normal 0 0 1
    outer loop
      vertex 16.42145790282158 -68.12827528208787 140
      vertex 43.67555878527937 -67.8296886182883 140
      vertex 16.32444121472063 -67.8296886182883 140
    endloop
  endfacet
  facet normal 0 0 1
    outer loop
      vertex 16.32444121472063 -67.8296886182883 140
      vertex 43.809233299890344 -67.54561581474572 140
      vertex 16.19076670010966 -67.54561581474572 140
    endloop
  endfacet
  facet normal 0 0 1
    outer loop
      vertex 0 77.75 140
      vertex 16.022542485937368 -67.28053686926881 140
      vertex 43.97745751406263 -67.28053686926881 140
    endloop
  endfacet
  facet normal 0 0 1
    outer loop
      vertex 0 77.75 140
      vertex 43.97745751406263 -67.28053686926881 140
      vertex 44.17757843144647 -67.03863223517828 140
    endloop
  endfacet
  facet normal 0 0 1
    outer loop
      vertex 0 77.75 140
      vertex 44.17757843144647 -67.03863223517828 140
      vertex 44.40644002562828 -66.82371689306052 140
    endloop
  endfacet
  facet normal 0 0 1
    outer loop
      vertex 0 77.75 140
      vertex 44.40644002562828 -66.82371689306052 140
      vertex 44.66043301255251 -66.63918018624496 140
    endloop
  endfacet
  facet normal 0 0 1
    outer loop
      vertex 0 77.75 140
      vertex 44.66043301255251 -66.63918018624496 140
      vertex 44.93555177108732 -66.48793236883495 140
    endloop
  endfacet
  facet normal 0 0 -1
    outer loop
      vertex 0 37.75 85
      vertex 9.93195072325975 61.70550247390761 85
      vertex 10.094938759269343 61.20387687872435 85
    endloop
  endfacet
  facet normal 0 0 -1
    outer loop
      vertex 0 37.75 85
      vertex 9.833118254479192 62.22360041902992 85
      vertex 9.93195072325975 61.70550247390761 85
    endloop
  endfacet
  facet normal 0 0 -1
    outer loop
      vertex 0 37.75 85
      vertex 10.319511943815773 60.726634568772795 85
      vertex 10.60212862362522 60.28130194037161 85
    endloop
  endfacet
  facet normal 0 0 -1
    outer loop
      vertex 0 37.75 85
      vertex 10.094938759269343 61.20387687872435 85
      vertex 10.319511943815773 60.726634568772795 85
    endloop
  endfacet
  facet normal 0 0 -1
    outer loop
      vertex 0 37.75 85
      vertex 10.938331764830071 59.874902155099505 85
      vertex 11.322819243055504 59.51384438034169 85
    endloop
  endfacet
  facet normal 0 0 -1
    outer loop
      vertex 0 37.75 85
      vertex 10.60212862362522 60.28130194037161 85
      vertex 10.938331764830071 59.874902155099505 85
    endloop
  endfacet
  facet normal -1 0 0
    outer loop
      vertex 0 77.75 85
      vertex 0 37.75 85
      vertex 0 37.75 117
    endloop
  endfacet
  facet normal 0 0 -1
    outer loop
      vertex 0 77.75 85
      vertex 9.8 62.75 85
      vertex 0 37.75 85
    endloop
  endfacet
  facet normal 0 0 -1
    outer loop
      vertex 0 37.75 85
      vertex 9.8 62.75 85
      vertex 9.833118254479192 62.22360041902992 85
    endloop
  endfacet
  facet normal 0 0 -1
    outer loop
      vertex 0 77.75 85
      vertex 9.833118254479192 63.27639958097008 85
      vertex 9.8 62.75 85
    endloop
  endfacet
  facet normal 0 0 -1
    outer loop
      vertex 0 77.75 85
      vertex 9.93195072325975 63.79449752609239 85
      vertex 9.833118254479192 63.27639958097008 85
    endloop
  endfacet
  facet normal 0 0 -1
    outer loop
      vertex 0 77.75 85
      vertex 10.094938759269343 64.29612312127564 85
      vertex 9.93195072325975 63.79449752609239 85
    endloop
  endfacet
  facet normal 0 0 -1
    outer loop
      vertex 0 77.75 85
      vertex 10.319511943815773 64.7733654312272 85
      vertex 10.094938759269343 64.29612312127564 85
    endloop
  endfacet
  facet normal 0 0 -1
    outer loop
      vertex 0 77.75 85
      vertex 10.60212862362522 65.2186980596284 85
      vertex 10.319511943815773 64.7733654312272 85
    endloop
  endfacet
  facet normal 0 0 -1
    outer loop
      vertex 0 77.75 85
      vertex 10.938331764830071 65.6250978449005 85
      vertex 10.60212862362522 65.2186980596284 85
    endloop
  endfacet
  facet normal 0 0 -1
    outer loop
      vertex 0 77.75 85
      vertex 11.322819243055504 65.98615561965832 85
      vertex 10.938331764830071 65.6250978449005 85
    endloop
  endfacet
  facet normal 0 0 -1
    outer loop
      vertex 0 37.75 85
      vertex 11.322819243055504 59.51384438034169 85
      vertex 11.749527461088213 59.20382271289154 85
    endloop
  endfacet
  facet normal 0 0 -1
    outer loop
      vertex 0 37.75 85
      vertex 11.749527461088213 59.20382271289154 85
      vertex 12.211726975426696 58.94972637964272 85
    endloop
  endfacet
  facet normal 0 0 -1
    outer loop
      vertex 0 37.75 85
      vertex 12.211726975426696 58.94972637964272 85
      vertex 12.70212862362522 58.75556263156035 85
    endloop
  endfacet
  facet normal 0 0 -1
    outer loop
      vertex 0 77.75 85
      vertex 11.749527461088213 66.29617728710846 85
      vertex 11.322819243055504 65.98615561965832 85
    endloop
  endfacet
  facet normal 0 0 -1
    outer loop
      vertex 0 77.75 85
      vertex 12.211726975426695 66.55027362035729 85
      vertex 11.749527461088213 66.29617728710846 85
    endloop
  endfacet
  facet normal 0 0 -1
    outer loop
      vertex 0 77.75 85
      vertex 12.70212862362522 66.74443736843965 85
      vertex 12.211726975426695 66.55027362035729 85
    endloop
  endfacet
  facet normal 0 0 -1
    outer loop
      vertex 0 77.75 85
      vertex 13.212998478739957 66.8756064530605 85
      vertex 12.70212862362522 66.74443736843965 85
    endloop
  endfacet
  facet normal 0 0 -1
    outer loop
      vertex 0 77.75 85
      vertex 13.736279817976884 66.94171225939874 85
      vertex 13.212998478739957 66.8756064530605 85
    endloop
  endfacet
  facet normal 0 0 -1
    outer loop
      vertex 0 77.75 85
      vertex 14.263720182023116 66.94171225939874 85
      vertex 13.736279817976884 66.94171225939874 85
    endloop
  endfacet
  facet normal 0 0 -1
    outer loop
      vertex 0 37.75 85
      vertex 12.70212862362522 58.75556263156035 85
      vertex 33.68421052631579 39.71491228070175 85
    endloop
  endfacet
  facet normal 0 0 -1
    outer loop
      vertex 13.212998478739955 58.62439354693951 85
      vertex 33.68421052631579 39.71491228070175 85
      vertex 12.70212862362522 58.75556263156035 85
    endloop
  endfacet
  facet normal 0 0 -1
    outer loop
      vertex 13.736279817976882 58.55828774060126 85
      vertex 33.68421052631579 39.71491228070175 85
      vertex 13.212998478739955 58.62439354693951 85
    endloop
  endfacet
  facet normal 0 0 -1
    outer loop
      vertex 14.263720182023118 58.55828774060126 85
      vertex 33.68421052631579 39.71491228070175 85
      vertex 13.736279817976882 58.55828774060126 85
    endloop
  endfacet
  facet normal 0 0 -1
    outer loop
      vertex 14.787001521260045 58.62439354693951 85
      vertex 33.68421052631579 39.71491228070175 85
      vertex 14.263720182023118 58.55828774060126 85
    endloop
  endfacet
  facet normal 0 0 -1
    outer loop
      vertex 14.787001521260045 58.62439354693951 85
      vertex 15.29787137637478 58.75556263156035 85
      vertex 33.68421052631579 39.71491228070175 85
    endloop
  endfacet
  facet normal 0 0 -1
    outer loop
      vertex 33.68421052631579 39.71491228070175 85
      vertex 15.29787137637478 58.75556263156035 85
      vertex 15.788273024573304 58.94972637964272 85
    endloop
  endfacet
  facet normal 0 0 -1
    outer loop
      vertex 33.68421052631579 39.71491228070175 85
      vertex 15.788273024573304 58.94972637964272 85
      vertex 16.250472538911783 59.20382271289154 85
    endloop
  endfacet
  facet normal 0 0 -1
    outer loop
      vertex 33.68421052631579 39.71491228070175 85
      vertex 16.250472538911783 59.20382271289154 85
      vertex 16.677180756944498 59.51384438034169 85
    endloop
  endfacet
  facet normal 0 0 -1
    outer loop
      vertex 33.68421052631579 39.71491228070175 85
      vertex 16.677180756944498 59.51384438034169 85
      vertex 17.06166823516993 59.874902155099505 85
    endloop
  endfacet
  facet normal 0 0 -1
    outer loop
      vertex 33.68421052631579 39.71491228070175 85
      vertex 17.06166823516993 59.874902155099505 85
      vertex 17.39787137637478 60.28130194037161 85
    endloop
  endfacet
  facet normal 0 0 -1
    outer loop
      vertex 33.68421052631579 39.71491228070175 85
      vertex 17.39787137637478 60.28130194037161 85
      vertex 17.680488056184227 60.726634568772795 85
    endloop
  endfacet
  facet normal 0 0 -1
    outer loop
      vertex 17.905061240730657 61.20387687872435 85
      vertex 42.319511943815776 60.726634568772795 85
      vertex 17.680488056184227 60.726634568772795 85
    endloop
  endfacet
  facet normal 0 0 -1
    outer loop
      vertex 18.06804927674025 61.705502473907615 85
      vertex 42.09493875926935 61.20387687872435 85
      vertex 17.905061240730657 61.20387687872435 85
    endloop
  endfacet
  facet normal 0 0 -1
    outer loop
      vertex 18.166881745520808 62.22360041902992 85
      vertex 41.931950723259746 61.70550247390761 85
      vertex 18.06804927674025 61.705502473907615 85
    endloop
  endfacet
  facet normal 0 0 -1
    outer loop
      vertex 18.2 62.75 85
      vertex 41.833118254479196 62.22360041902992 85
      vertex 18.166881745520808 62.22360041902992 85
    endloop
  endfacet
  facet normal 0 0 -1
    outer loop
      vertex 16.677180756944498 65.98615561965832 85
      vertex 42.93833176483007 65.6250978449005 85
      vertex 17.06166823516993 65.6250978449005 85
    endloop
  endfacet
  facet normal 0 0 -1
    outer loop
      vertex 17.06166823516993 65.6250978449005 85
      vertex 42.60212862362522 65.2186980596284 85
      vertex 17.39787137637478 65.2186980596284 85
    endloop
  endfacet
  facet normal 0 0 -1
    outer loop
      vertex 17.905061240730657 64.29612312127564 85
      vertex 41.931950723259746 63.79449752609239 85
      vertex 18.06804927674025 63.79449752609239 85
    endloop
  endfacet
  facet normal 0 0 -1
    outer loop
      vertex 18.166881745520808 63.27639958097008 85
      vertex 41.8 62.75 85
      vertex 18.2 62.75 85
    endloop
  endfacet
  facet normal 0 0 -1
    outer loop
      vertex 18.06804927674025 63.79449752609239 85
      vertex 41.833118254479196 63.27639958097008 85
      vertex 18.166881745520808 63.27639958097008 85
    endloop
  endfacet
  facet normal 0 0 -1
    outer loop
      vertex 17.680488056184227 64.7733654312272 85
      vertex 42.09493875926935 64.29612312127564 85
      vertex 17.905061240730657 64.29612312127564 85
    endloop
  endfacet
  facet normal 0 0 -1
    outer loop
      vertex 17.39787137637478 65.2186980596284 85
      vertex 42.319511943815776 64.7733654312272 85
      vertex 17.680488056184227 64.7733654312272 85
    endloop
  endfacet
  facet normal 0 0 -1
    outer loop
      vertex 16.250472538911787 66.29617728710846 85
      vertex 43.322819243055505 65.98615561965832 85
      vertex 16.677180756944498 65.98615561965832 85
    endloop
  endfacet
  facet normal 0 0 -1
    outer loop
      vertex 0 77.75 85
      vertex 60 77.75 85
      vertex 14.263720182023116 66.94171225939874 85
    endloop
  endfacet
  facet normal 0 0 -1
    outer loop
      vertex 60 77.75 85
      vertex 14.787001521260043 66.8756064530605 85
      vertex 14.263720182023116 66.94171225939874 85
    endloop
  endfacet
  facet normal 0 1 0
    outer loop
      vertex 0 77.75 85
      vertex 0 77.75 140
      vertex 60 77.75 85
    endloop
  endfacet
  facet normal -1 0 0
    outer loop
      vertex 0 77.75 140
      vertex 0 37.75 117
      vertex 0 -37.75 117
    endloop
  endfacet
  facet normal -1 0 0
    outer loop
      vertex 0 77.75 85
      vertex 0 37.75 117
      vertex 0 77.75 140
    endloop
  endfacet
  facet normal 0 0 1
    outer loop
      vertex 0 77.75 140
      vertex 6.468810464305164 59.76819112325411 140
      vertex 6.154476394858088 60.735611913964675 140
    endloop
  endfacet
  facet normal 0 0 1
    outer loop
      vertex 0 77.75 140
      vertex 6.154476394858088 60.735611913964675 140
      vertex 5.963870919352729 61.73480080812914 140
    endloop
  endfacet
  facet normal 0 0 1
    outer loop
      vertex 0 77.75 140
      vertex 5.963870919352729 61.73480080812914 140
      vertex 5.9 62.75 140
    endloop
  endfacet
  facet normal 0 0 1
    outer loop
      vertex 0 77.75 140
      vertex 5.9 62.75 140
      vertex 5.963870919352729 63.76519919187086 140
    endloop
  endfacet
  facet normal 0 0 1
    outer loop
      vertex 0 77.75 140
      vertex 5.963870919352729 63.76519919187086 140
      vertex 6.154476394858088 64.76438808603532 140
    endloop
  endfacet
  facet normal 0 0 1
    outer loop
      vertex 0 77.75 140
      vertex 6.154476394858088 64.76438808603532 140
      vertex 6.468810464305164 65.73180887674589 140
    endloop
  endfacet
  facet normal 0 0 1
    outer loop
      vertex 0 77.75 140
      vertex 6.468810464305164 65.73180887674589 140
      vertex 6.901915891644706 66.6522047602239 140
    endloop
  endfacet
  facet normal 0 0 1
    outer loop
      vertex 0 77.75 140
      vertex 6.901915891644706 66.6522047602239 140
      vertex 7.446962345562926 67.51106054356903 140
    endloop
  endfacet
  facet normal 0 0 1
    outer loop
      vertex 0 77.75 140
      vertex 7.446962345562926 67.51106054356903 140
      vertex 8.095354117886565 68.29483155802238 140
    endloop
  endfacet
  facet normal 0 0 1
    outer loop
      vertex 0 77.75 140
      vertex 8.095354117886565 68.29483155802238 140
      vertex 8.836865683035615 68.9911572664839 140
    endloop
  endfacet
  facet normal 0 0 1
    outer loop
      vertex 0 77.75 140
      vertex 8.836865683035615 68.9911572664839 140
      vertex 9.659802960670127 69.58905619656632 140
    endloop
  endfacet
  facet normal 0 0 1
    outer loop
      vertex 0 77.75 140
      vertex 9.659802960670127 69.58905619656632 140
      vertex 10.551187738322911 70.07909912497476 140
    endloop
  endfacet
  facet normal 0 0 1
    outer loop
      vertex 0 77.75 140
      vertex 10.551187738322911 70.07909912497476 140
      vertex 11.496962345562926 70.45355778199074 140
    endloop
  endfacet
  facet normal 0 0 1
    outer loop
      vertex 0 77.75 140
      vertex 11.496962345562926 70.45355778199074 140
      vertex 12.48221135185563 70.70652673090238 140
    endloop
  endfacet
  facet normal 0 0 1
    outer loop
      vertex 0 77.75 140
      vertex 12.48221135185563 70.70652673090238 140
      vertex 13.491396791812562 70.834016500269 140
    endloop
  endfacet
  facet normal 0 0 1
    outer loop
      vertex 0 77.75 140
      vertex 13.491396791812562 70.834016500269 140
      vertex 14.508603208187438 70.834016500269 140
    endloop
  endfacet
  facet normal 0 0 1
    outer loop
      vertex 0 77.75 140
      vertex 14.508603208187438 70.834016500269 140
      vertex 15.51778864814437 70.70652673090238 140
    endloop
  endfacet
  facet normal 0 0 1
    outer loop
      vertex 0 77.75 140
      vertex 15.51778864814437 70.70652673090238 140
      vertex 16.503037654437072 70.45355778199074 140
    endloop
  endfacet
  facet normal 0 0 1
    outer loop
      vertex 0 77.75 140
      vertex 16.503037654437072 70.45355778199074 140
      vertex 17.448812261677087 70.07909912497476 140
    endloop
  endfacet
  facet normal 0 0 1
    outer loop
      vertex 0 77.75 140
      vertex 48.32444121472063 -67.8296886182883 140
      vertex 6.468810464305164 59.76819112325411 140
    endloop
  endfacet
  facet normal 0 0 1
    outer loop
      vertex 6.468810464305164 59.76819112325411 140
      vertex 48.32444121472063 -67.8296886182883 140
      vertex 6.901915891644706 58.847795239776104 140
    endloop
  endfacet
  facet normal 0 0 1
    outer loop
      vertex 6.901915891644706 58.847795239776104 140
      vertex 48.32444121472063 -67.8296886182883 140
      vertex 7.446962345562926 57.98893945643097 140
    endloop
  endfacet
  facet normal 0 0 1
    outer loop
      vertex 8.095354117886565 57.20516844197762 140
      vertex 7.446962345562926 57.98893945643097 140
      vertex 48.32444121472063 -67.8296886182883 140
    endloop
  endfacet
  facet normal 0 0 1
    outer loop
      vertex 8.836865683035615 56.508842733516104 140
      vertex 48.32444121472063 -67.8296886182883 140
      vertex 9.659802960670127 55.91094380343368 140
    endloop
  endfacet
  facet normal 0 0 1
    outer loop
      vertex 8.095354117886565 57.20516844197762 140
      vertex 48.32444121472063 -67.8296886182883 140
      vertex 8.836865683035615 56.508842733516104 140
    endloop
  endfacet
  facet normal 0 0 1
    outer loop
      vertex 10.551187738322913 55.42090087502524 140
      vertex 9.659802960670127 55.91094380343368 140
      vertex 48.32444121472063 -67.8296886182883 140
    endloop
  endfacet
  facet normal 0 0 1
    outer loop
      vertex 11.496962345562926 55.046442218009254 140
      vertex 10.551187738322913 55.42090087502524 140
      vertex 48.32444121472063 -67.8296886182883 140
    endloop
  endfacet
  facet normal 0 0 1
    outer loop
      vertex 12.482211351855629 54.793473269097625 140
      vertex 11.496962345562926 55.046442218009254 140
      vertex 48.32444121472063 -67.8296886182883 140
    endloop
  endfacet
  facet normal 0 0 1
    outer loop
      vertex 12.482211351855629 54.793473269097625 140
      vertex 48.32444121472063 -67.8296886182883 140
      vertex 13.491396791812559 54.665983499731 140
    endloop
  endfacet
  facet normal 0 0 1
    outer loop
      vertex 13.491396791812559 54.665983499731 140
      vertex 48.32444121472063 -67.8296886182883 140
      vertex 14.508603208187441 54.665983499731 140
    endloop
  endfacet
  facet normal 0 0 1
    outer loop
      vertex 14.508603208187441 54.665983499731 140
      vertex 48.32444121472063 -67.8296886182883 140
      vertex 15.517788648144371 54.793473269097625 140
    endloop
  endfacet
  facet normal 0 0 1
    outer loop
      vertex 15.517788648144371 54.793473269097625 140
      vertex 48.32444121472063 -67.8296886182883 140
      vertex 16.503037654437072 55.046442218009254 140
    endloop
  endfacet
  facet normal 0 0 1
    outer loop
      vertex 0 77.75 140
      vertex 17.448812261677087 70.07909912497476 140
      vertex 43.49696234556293 70.45355778199074 140
    endloop
  endfacet
  facet normal 0 0 1
    outer loop
      vertex 17.448812261677087 70.07909912497476 140
      vertex 18.340197039329873 69.58905619656632 140
      vertex 42.55118773832291 70.07909912497476 140
    endloop
  endfacet
  facet normal 0 0 1
    outer loop
      vertex 19.16313431696439 56.50884273351611 140
      vertex 40.095354117886565 57.20516844197762 140
      vertex 19.904645882113435 57.20516844197762 140
    endloop
  endfacet
  facet normal 0 0 1
    outer loop
      vertex 19.904645882113435 57.20516844197762 140
      vertex 39.44696234556292 57.98893945643097 140
      vertex 20.553037654437073 57.98893945643097 140
    endloop
  endfacet
  facet normal 0 0 1
    outer loop
      vertex 21.098084108355295 58.847795239776104 140
      vertex 20.553037654437073 57.98893945643097 140
      vertex 38.901915891644705 58.847795239776104 140
    endloop
  endfacet
  facet normal 0 0 1
    outer loop
      vertex 21.531189535694836 59.768191123254105 140
      vertex 21.098084108355295 58.847795239776104 140
      vertex 38.468810464305164 59.76819112325411 140
    endloop
  endfacet
  facet normal 0 0 1
    outer loop
      vertex 21.845523605141913 60.73561191396468 140
      vertex 21.531189535694836 59.768191123254105 140
      vertex 38.15447639485809 60.735611913964675 140
    endloop
  endfacet
  facet normal 0 0 1
    outer loop
      vertex 21.845523605141913 60.73561191396468 140
      vertex 37.96387091935273 61.73480080812914 140
      vertex 22.03612908064727 61.73480080812914 140
    endloop
  endfacet
  facet normal 0 0 1
    outer loop
      vertex 22.03612908064727 61.73480080812914 140
      vertex 37.9 62.75 140
      vertex 22.1 62.75 140
    endloop
  endfacet
  facet normal 0 0 1
    outer loop
      vertex 22.1 62.75 140
      vertex 37.96387091935273 63.76519919187086 140
      vertex 22.03612908064727 63.76519919187086 140
    endloop
  endfacet
  facet normal 0 0 1
    outer loop
      vertex 22.03612908064727 63.76519919187086 140
      vertex 38.15447639485809 64.76438808603532 140
      vertex 21.845523605141913 64.76438808603532 140
    endloop
  endfacet
  facet normal 0 0 1
    outer loop
      vertex 21.531189535694836 65.73180887674589 140
      vertex 21.845523605141913 64.76438808603532 140
      vertex 38.468810464305164 65.73180887674589 140
    endloop
  endfacet
  facet normal 0 0 1
    outer loop
      vertex 19.16313431696439 68.9911572664839 140
      vertex 19.904645882113435 68.29483155802238 140
      vertex 40.83686568303561 68.9911572664839 140
    endloop
  endfacet
  facet normal 0 0 1
    outer loop
      vertex 21.531189535694836 65.73180887674589 140
      vertex 38.901915891644705 66.6522047602239 140
      vertex 21.098084108355295 66.6522047602239 140
    endloop
  endfacet
  facet normal 0 0 1
    outer loop
      vertex 21.098084108355295 66.6522047602239 140
      vertex 39.44696234556292 67.51106054356903 140
      vertex 20.553037654437073 67.51106054356903 140
    endloop
  endfacet
  facet normal 0 0 1
    outer loop
      vertex 19.904645882113435 68.29483155802238 140
      vertex 20.553037654437073 67.51106054356903 140
      vertex 40.095354117886565 68.29483155802238 140
    endloop
  endfacet
  facet normal 0 0 1
    outer loop
      vertex 18.340197039329873 69.58905619656632 140
      vertex 19.16313431696439 68.9911572664839 140
      vertex 41.65980296067013 69.58905619656632 140
    endloop
  endfacet
  facet normal 0 0 1
    outer loop
      vertex 0 77.75 140
      vertex 43.49696234556293 70.45355778199074 140
      vertex 44.48221135185563 70.70652673090238 140
    endloop
  endfacet
  facet normal 0 0 1
    outer loop
      vertex 0 77.75 140
      vertex 44.48221135185563 70.70652673090238 140
      vertex 45.49139679181256 70.834016500269 140
    endloop
  endfacet
  facet normal 0 0 -1
    outer loop
      vertex 60 -112.75 85
      vertex 14.787001521260045 -103.8756064530605 85
      vertex 15.29787137637478 -103.74443736843965 85
    endloop
  endfacet
  facet normal 0 0 -1
    outer loop
      vertex 60 -112.75 85
      vertex 15.29787137637478 -103.74443736843965 85
      vertex 15.788273024573304 -103.55027362035729 85
    endloop
  endfacet
  facet normal 0 0 -1
    outer loop
      vertex 17.680488056184227 -101.7733654312272 85
      vertex 42.319511943815776 -101.7733654312272 85
      vertex 42.60212862362522 -102.2186980596284 85
    endloop
  endfacet
  facet normal 0 0 -1
    outer loop
      vertex 18.06804927674025 -100.79449752609239 85
      vertex 41.931950723259746 -100.79449752609239 85
      vertex 42.09493875926935 -101.29612312127564 85
    endloop
  endfacet
  facet normal 0 0 -1
    outer loop
      vertex 17.905061240730657 -101.29612312127566 85
      vertex 42.09493875926935 -101.29612312127564 85
      vertex 42.319511943815776 -101.7733654312272 85
    endloop
  endfacet
  facet normal 0 0 -1
    outer loop
      vertex 17.39787137637478 -102.2186980596284 85
      vertex 42.60212862362522 -102.2186980596284 85
      vertex 42.93833176483007 -102.6250978449005 85
    endloop
  endfacet
  facet normal 0 0 -1
    outer loop
      vertex 17.06166823516993 -102.6250978449005 85
      vertex 42.93833176483007 -102.6250978449005 85
      vertex 43.322819243055505 -102.98615561965832 85
    endloop
  endfacet
  facet normal 0 0 -1
    outer loop
      vertex 16.677180756944498 -102.98615561965832 85
      vertex 43.322819243055505 -102.98615561965832 85
      vertex 43.74952746108821 -103.29617728710846 85
    endloop
  endfacet
  facet normal 0 0 -1
    outer loop
      vertex 16.250472538911783 -103.29617728710846 85
      vertex 43.74952746108821 -103.29617728710846 85
      vertex 44.21172697542669 -103.55027362035729 85
    endloop
  endfacet
  facet normal 0 0 -1
    outer loop
      vertex 18.166881745520808 -100.27639958097008 85
      vertex 41.833118254479196 -100.27639958097008 85
      vertex 41.931950723259746 -100.79449752609239 85
    endloop
  endfacet
  facet normal 0 0 -1
    outer loop
      vertex 18.2 -99.75 85
      vertex 41.8 -99.75 85
      vertex 41.833118254479196 -100.27639958097008 85
    endloop
  endfacet
  facet normal 0 0 -1
    outer loop
      vertex 18.166881745520808 -99.22360041902992 85
      vertex 41.833118254479196 -99.22360041902992 85
      vertex 41.8 -99.75 85
    endloop
  endfacet
  facet normal 0 0 -1
    outer loop
      vertex 18.06804927674025 -98.70550247390761 85
      vertex 41.931950723259746 -98.70550247390761 85
      vertex 41.833118254479196 -99.22360041902992 85
    endloop
  endfacet
  facet normal 0 0 -1
    outer loop
      vertex 17.905061240730657 -98.20387687872436 85
      vertex 42.09493875926935 -98.20387687872436 85
      vertex 41.931950723259746 -98.70550247390761 85
    endloop
  endfacet
  facet normal 0 0 -1
    outer loop
      vertex 17.680488056184227 -97.7266345687728 85
      vertex 42.319511943815776 -97.7266345687728 85
      vertex 42.09493875926935 -98.20387687872436 85
    endloop
  endfacet
  facet normal 0 0 -1
    outer loop
      vertex 17.39787137637478 -97.2813019403716 85
      vertex 42.60212862362522 -97.2813019403716 85
      vertex 42.319511943815776 -97.7266345687728 85
    endloop
  endfacet
  facet normal 0 0 -1
    outer loop
      vertex 17.06166823516993 -96.8749021550995 85
      vertex 42.93833176483007 -96.8749021550995 85
      vertex 42.60212862362522 -97.2813019403716 85
    endloop
  endfacet
  facet normal 0 0 -1
    outer loop
      vertex 16.677180756944498 -96.51384438034168 85
      vertex 43.322819243055505 -96.51384438034168 85
      vertex 42.93833176483007 -96.8749021550995 85
    endloop
  endfacet
  facet normal 0 0 -1
    outer loop
      vertex 16.250472538911787 -96.20382271289154 85
      vertex 43.74952746108821 -96.20382271289154 85
      vertex 43.322819243055505 -96.51384438034168 85
    endloop
  endfacet
  facet normal 0 0 -1
    outer loop
      vertex 19.25784008026318 -71.6405220446103 85
      vertex 40.74215991973682 -71.6405220446103 85
      vertex 41.14589803375031 -72.27671151375483 85
    endloop
  endfacet
  facet normal 0 0 -1
    outer loop
      vertex 19.578658915329505 -70.95874731610807 85
      vertex 40.42134108467049 -70.95874731610807 85
      vertex 40.74215991973682 -71.6405220446103 85
    endloop
  endfacet
  facet normal 0 0 -1
    outer loop
      vertex 19.811498966771786 -70.24213932298913 85
      vertex 40.18850103322821 -70.24213932298913 85
      vertex 40.42134108467049 -70.95874731610807 85
    endloop
  endfacet
  facet normal 0 0 -1
    outer loop
      vertex 19.952688207886865 -69.50199940138583 85
      vertex 40.047311792113135 -69.50199940138583 85
      vertex 40.18850103322821 -70.24213932298913 85
    endloop
  endfacet
  facet normal 0 0 -1
    outer loop
      vertex 20 -68.75 85
      vertex 40 -68.75 85
      vertex 40.047311792113135 -69.50199940138583 85
    endloop
  endfacet
  facet normal 0 0 -1
    outer loop
      vertex 19.952688207886865 -67.99800059861417 85
      vertex 40.047311792113135 -67.99800059861417 85
      vertex 40 -68.75 85
    endloop
  endfacet
  facet normal 0 0 -1
    outer loop
      vertex 19.811498966771786 -67.25786067701087 85
      vertex 40.18850103322821 -67.25786067701087 85
      vertex 40.047311792113135 -67.99800059861417 85
    endloop
  endfacet
  facet normal 0 0 -1
    outer loop
      vertex 19.57865891532951 -66.54125268389193 85
      vertex 40.42134108467049 -66.54125268389193 85
      vertex 40.18850103322821 -67.25786067701087 85
    endloop
  endfacet
  facet normal 0 0 -1
    outer loop
      vertex 19.257840080263183 -65.8594779553897 85
      vertex 40.74215991973682 -65.8594779553897 85
      vertex 40.42134108467049 -66.54125268389193 85
    endloop
  endfacet
  facet normal 0 0 -1
    outer loop
      vertex 17.214960769873976 -73.81596755301209 85
      vertex 42.78503923012602 -73.81596755301209 85
      vertex 43.74952746108821 -96.20382271289154 85
    endloop
  endfacet
  facet normal 0 0 -1
    outer loop
      vertex 18.37381176452847 -72.85728263557213 85
      vertex 41.62618823547153 -72.85728263557213 85
      vertex 42.17545606150786 -73.37307945665474 85
    endloop
  endfacet
  facet normal 0 0 -1
    outer loop
      vertex 18.854101966249686 -72.27671151375483 85
      vertex 41.14589803375031 -72.27671151375483 85
      vertex 41.62618823547153 -72.85728263557213 85
    endloop
  endfacet
  facet normal 0 0 -1
    outer loop
      vertex 17.82454393849214 -73.37307945665474 85
      vertex 42.17545606150786 -73.37307945665474 85
      vertex 42.78503923012602 -73.81596755301209 85
    endloop
  endfacet
  facet normal 0 0 -1
    outer loop
      vertex 60 -112.75 85
      vertex 15.788273024573304 -103.55027362035729 85
      vertex 44.21172697542669 -103.55027362035729 85
    endloop
  endfacet
  facet normal 0 0 -1
    outer loop
      vertex 43.74952746108821 -96.20382271289154 85
      vertex 43.445324250609566 -74.17896231479612 85
      vertex 44.21172697542669 -95.94972637964271 85
    endloop
  endfacet
  facet normal 0 0 -1
    outer loop
      vertex 44.21172697542669 -95.94972637964271 85
      vertex 44.14589803375031 -74.45633909777092 85
      vertex 44.70212862362522 -95.75556263156035 85
    endloop
  endfacet
  facet normal 0 0 -1
    outer loop
      vertex 44.87571211248565 -74.64372350437213 85
      vertex 45.212998478739955 -95.6243935469395 85
      vertex 44.70212862362522 -95.75556263156035 85
    endloop
  endfacet
  facet normal 0 0 -1
    outer loop
      vertex 42.78503923012602 -73.81596755301209 85
      vertex 43.445324250609566 -74.17896231479612 85
      vertex 43.74952746108821 -96.20382271289154 85
    endloop
  endfacet
  facet normal 0 0 -1
    outer loop
      vertex 43.445324250609566 -74.17896231479612 85
      vertex 44.14589803375031 -74.45633909777092 85
      vertex 44.21172697542669 -95.94972637964271 85
    endloop
  endfacet
  facet normal 0 0 -1
    outer loop
      vertex 44.14589803375031 -74.45633909777092 85
      vertex 44.87571211248565 -74.64372350437213 85
      vertex 44.70212862362522 -95.75556263156035 85
    endloop
  endfacet
  facet normal 0 -1 0
    outer loop
      vertex 0 -112.75 85
      vertex 60 -112.75 85
      vertex 60 -112.75 140
    endloop
  endfacet
  facet normal 0 0 -1
    outer loop
      vertex 19.257840080263183 -65.8594779553897 85
      vertex 33.684210526315795 -39.71491228070175 85
      vertex 40.74215991973682 -65.8594779553897 85
    endloop
  endfacet
  facet normal 0 0 -1
    outer loop
      vertex 40.74215991973682 -65.8594779553897 85
      vertex 33.684210526315795 -39.71491228070175 85
      vertex 41.14589803375031 -65.22328848624517 85
    endloop
  endfacet
  facet normal 0 0 -1
    outer loop
      vertex 41.14589803375031 -65.22328848624517 85
      vertex 33.684210526315795 -39.71491228070175 85
      vertex 41.62618823547153 -64.64271736442787 85
    endloop
  endfacet
  facet normal 0 0 -1
    outer loop
      vertex 42.17545606150786 -64.12692054334526 85
      vertex 41.62618823547153 -64.64271736442787 85
      vertex 33.684210526315795 -39.71491228070175 85
    endloop
  endfacet
  facet normal 0 0 -1
    outer loop
      vertex 42.78503923012602 -63.68403244698791 85
      vertex 42.17545606150786 -64.12692054334526 85
      vertex 33.684210526315795 -39.71491228070175 85
    endloop
  endfacet
  facet normal 0 0 -1
    outer loop
      vertex 43.445324250609566 -63.32103768520388 85
      vertex 42.78503923012602 -63.68403244698791 85
      vertex 33.684210526315795 -39.71491228070175 85
    endloop
  endfacet
  facet normal 0 0 -1
    outer loop
      vertex 43.445324250609566 -63.32103768520388 85
      vertex 33.684210526315795 -39.71491228070175 85
      vertex 44.14589803375031 -63.04366090222908 85
    endloop
  endfacet
  facet normal 0 0 -1
    outer loop
      vertex 60 -112.75 85
      vertex 45.212998478739955 -103.8756064530605 85
      vertex 45.73627981797688 -103.94171225939874 85
    endloop
  endfacet
  facet normal 0 0 -1
    outer loop
      vertex 60 -112.75 85
      vertex 44.21172697542669 -103.55027362035729 85
      vertex 44.70212862362522 -103.74443736843965 85
    endloop
  endfacet
  facet normal 0 0 -1
    outer loop
      vertex 60 -112.75 85
      vertex 44.70212862362522 -103.74443736843965 85
      vertex 45.212998478739955 -103.8756064530605 85
    endloop
  endfacet
  facet normal 0 0 -1
    outer loop
      vertex 60 -112.75 85
      vertex 45.73627981797688 -103.94171225939874 85
      vertex 46.26372018202312 -103.94171225939874 85
    endloop
  endfacet
  facet normal 0 0 -1
    outer loop
      vertex 60 -112.75 85
      vertex 46.26372018202312 -103.94171225939874 85
      vertex 46.787001521260045 -103.8756064530605 85
    endloop
  endfacet
  facet normal 0 0 -1
    outer loop
      vertex 60 -112.75 85
      vertex 46.787001521260045 -103.8756064530605 85
      vertex 47.29787137637478 -103.74443736843965 85
    endloop
  endfacet
  facet normal 0 0 -1
    outer loop
      vertex 60 -112.75 85
      vertex 47.29787137637478 -103.74443736843965 85
      vertex 47.78827302457331 -103.55027362035729 85
    endloop
  endfacet
  facet normal 0 0 -1
    outer loop
      vertex 60 -112.75 85
      vertex 47.78827302457331 -103.55027362035729 85
      vertex 48.25047253891179 -103.29617728710846 85
    endloop
  endfacet
  facet normal 0 0 -1
    outer loop
      vertex 60 -112.75 85
      vertex 48.25047253891179 -103.29617728710846 85
      vertex 48.677180756944495 -102.98615561965832 85
    endloop
  endfacet
  facet normal 0 0 -1
    outer loop
      vertex 49.061668235169925 -96.8749021550995 85
      vertex 50.37381176452847 -72.85728263557213 85
      vertex 49.39787137637478 -97.2813019403716 85
    endloop
  endfacet
  facet normal 0 0 -1
    outer loop
      vertex 49.39787137637478 -97.2813019403716 85
      vertex 50.85410196624969 -72.27671151375483 85
      vertex 49.680488056184224 -97.7266345687728 85
    endloop
  endfacet
  facet normal 0 0 -1
    outer loop
      vertex 49.680488056184224 -97.7266345687728 85
      vertex 51.25784008026318 -71.6405220446103 85
      vertex 49.90506124073065 -98.20387687872436 85
    endloop
  endfacet
  facet normal 0 0 -1
    outer loop
      vertex 49.90506124073065 -98.20387687872436 85
      vertex 51.25784008026318 -71.6405220446103 85
      vertex 50.068049276740254 -98.70550247390761 85
    endloop
  endfacet
  facet normal 0 0 -1
    outer loop
      vertex 50.068049276740254 -98.70550247390761 85
      vertex 51.578658915329505 -70.95874731610807 85
      vertex 50.166881745520804 -99.22360041902992 85
    endloop
  endfacet
  facet normal 0 0 -1
    outer loop
      vertex 45.212998478739955 -95.6243935469395 85
      vertex 45.623256882824116 -74.73816037056963 85
      vertex 45.736279817976886 -95.55828774060126 85
    endloop
  endfacet
  facet normal 0 0 -1
    outer loop
      vertex 45.736279817976886 -95.55828774060126 85
      vertex 46.376743117175884 -74.73816037056963 85
      vertex 46.263720182023114 -95.55828774060126 85
    endloop
  endfacet
  facet normal 0 0 -1
    outer loop
      vertex 46.263720182023114 -95.55828774060126 85
      vertex 46.376743117175884 -74.73816037056963 85
      vertex 46.787001521260045 -95.6243935469395 85
    endloop
  endfacet
  facet normal 0 0 -1
    outer loop
      vertex 44.87571211248565 -74.64372350437213 85
      vertex 45.623256882824116 -74.73816037056963 85
      vertex 45.212998478739955 -95.6243935469395 85
    endloop
  endfacet
  facet normal 0 0 -1
    outer loop
      vertex 45.623256882824116 -74.73816037056963 85
      vertex 46.376743117175884 -74.73816037056963 85
      vertex 45.736279817976886 -95.55828774060126 85
    endloop
  endfacet
  facet normal 0 0 -1
    outer loop
      vertex 46.376743117175884 -74.73816037056963 85
      vertex 47.12428788751435 -74.64372350437213 85
      vertex 46.787001521260045 -95.6243935469395 85
    endloop
  endfacet
  facet normal 0 0 -1
    outer loop
      vertex 46.787001521260045 -95.6243935469395 85
      vertex 47.12428788751435 -74.64372350437213 85
      vertex 47.29787137637478 -95.75556263156035 85
    endloop
  endfacet
  facet normal 0 0 -1
    outer loop
      vertex 47.29787137637478 -95.75556263156035 85
      vertex 47.85410196624969 -74.45633909777092 85
      vertex 47.78827302457331 -95.94972637964271 85
    endloop
  endfacet
  facet normal 0 0 -1
    outer loop
      vertex 47.78827302457331 -95.94972637964271 85
      vertex 48.554675749390434 -74.17896231479612 85
      vertex 48.25047253891179 -96.20382271289154 85
    endloop
  endfacet
  facet normal 0 0 -1
    outer loop
      vertex 48.25047253891179 -96.20382271289154 85
      vertex 49.214960769873976 -73.81596755301209 85
      vertex 48.677180756944495 -96.51384438034168 85
    endloop
  endfacet
  facet normal 0 0 -1
    outer loop
      vertex 47.12428788751435 -74.64372350437213 85
      vertex 47.85410196624969 -74.45633909777092 85
      vertex 47.29787137637478 -95.75556263156035 85
    endloop
  endfacet
  facet normal 0 0 -1
    outer loop
      vertex 47.85410196624969 -74.45633909777092 85
      vertex 48.554675749390434 -74.17896231479612 85
      vertex 47.78827302457331 -95.94972637964271 85
    endloop
  endfacet
  facet normal 0 0 -1
    outer loop
      vertex 48.554675749390434 -74.17896231479612 85
      vertex 49.214960769873976 -73.81596755301209 85
      vertex 48.25047253891179 -96.20382271289154 85
    endloop
  endfacet
  facet normal 0 0 -1
    outer loop
      vertex 48.677180756944495 -96.51384438034168 85
      vertex 49.82454393849214 -73.37307945665474 85
      vertex 49.061668235169925 -96.8749021550995 85
    endloop
  endfacet
  facet normal 0 0 -1
    outer loop
      vertex 49.214960769873976 -73.81596755301209 85
      vertex 49.82454393849214 -73.37307945665474 85
      vertex 48.677180756944495 -96.51384438034168 85
    endloop
  endfacet
  facet normal 0 0 -1
    outer loop
      vertex 49.82454393849214 -73.37307945665474 85
      vertex 50.37381176452847 -72.85728263557213 85
      vertex 49.061668235169925 -96.8749021550995 85
    endloop
  endfacet
  facet normal 0 0 -1
    outer loop
      vertex 50.37381176452847 -72.85728263557213 85
      vertex 50.85410196624969 -72.27671151375483 85
      vertex 49.39787137637478 -97.2813019403716 85
    endloop
  endfacet
  facet normal 0 0 -1
    outer loop
      vertex 51.25784008026318 -71.6405220446103 85
      vertex 49.680488056184224 -97.7266345687728 85
      vertex 50.85410196624969 -72.27671151375483 85
    endloop
  endfacet
  facet normal 0 0 -1
    outer loop
      vertex 50.068049276740254 -98.70550247390761 85
      vertex 51.25784008026318 -71.6405220446103 85
      vertex 51.578658915329505 -70.95874731610807 85
    endloop
  endfacet
  facet normal 0 0 -1
    outer loop
      vertex 51.81149896677179 -70.24213932298913 85
      vertex 50.166881745520804 -99.22360041902992 85
      vertex 51.578658915329505 -70.95874731610807 85
    endloop
  endfacet
  facet normal 0 0 -1
    outer loop
      vertex 51.952688207886865 -69.50199940138583 85
      vertex 50.166881745520804 -99.22360041902992 85
      vertex 51.81149896677179 -70.24213932298913 85
    endloop
  endfacet
  facet normal 0 0 -1
    outer loop
      vertex 52 -68.75 85
      vertex 50.166881745520804 -99.22360041902992 85
      vertex 51.952688207886865 -69.50199940138583 85
    endloop
  endfacet
  facet normal 0 0 -1
    outer loop
      vertex 60 -112.75 85
      vertex 48.677180756944495 -102.98615561965832 85
      vertex 49.06166823516993 -102.6250978449005 85
    endloop
  endfacet
  facet normal 0 0 -1
    outer loop
      vertex 60 -112.75 85
      vertex 49.06166823516993 -102.6250978449005 85
      vertex 49.39787137637478 -102.2186980596284 85
    endloop
  endfacet
  facet normal 0 0 -1
    outer loop
      vertex 60 -112.75 85
      vertex 49.39787137637478 -102.2186980596284 85
      vertex 49.680488056184224 -101.7733654312272 85
    endloop
  endfacet
  facet normal 0 0 -1
    outer loop
      vertex 60 -112.75 85
      vertex 49.680488056184224 -101.7733654312272 85
      vertex 49.90506124073065 -101.29612312127566 85
    endloop
  endfacet
  facet normal 0 0 -1
    outer loop
      vertex 60 -112.75 85
      vertex 49.90506124073065 -101.29612312127566 85
      vertex 50.068049276740254 -100.79449752609239 85
    endloop
  endfacet
  facet normal 0 0 -1
    outer loop
      vertex 60 -112.75 85
      vertex 50.068049276740254 -100.79449752609239 85
      vertex 50.166881745520804 -100.27639958097008 85
    endloop
  endfacet
  facet normal 0 0 -1
    outer loop
      vertex 60 -112.75 85
      vertex 50.166881745520804 -100.27639958097008 85
      vertex 50.2 -99.75 85
    endloop
  endfacet
  facet normal 0 0 -1
    outer loop
      vertex 60 -112.75 85
      vertex 50.2 -99.75 85
      vertex 50.166881745520804 -99.22360041902992 85
    endloop
  endfacet
  facet normal 0 0 -1
    outer loop
      vertex 60 -112.75 85
      vertex 50.166881745520804 -99.22360041902992 85
      vertex 52 -68.75 85
    endloop
  endfacet
  facet normal 0 0 -1
    outer loop
      vertex 60 -112.75 85
      vertex 52 -68.75 85
      vertex 51.952688207886865 -67.99800059861417 85
    endloop
  endfacet
  facet normal 0 0 -1
    outer loop
      vertex 60 -112.75 85
      vertex 51.952688207886865 -67.99800059861417 85
      vertex 60 -41.25 85
    endloop
  endfacet
  facet normal 0 0 -1
    outer loop
      vertex 60 -41.25 85
      vertex 44.14589803375031 -63.04366090222908 85
      vertex 33.684210526315795 -39.71491228070175 85
    endloop
  endfacet
  facet normal 0 0 -1
    outer loop
      vertex 60 -41.25 85
      vertex 44.87571211248565 -62.85627649562787 85
      vertex 44.14589803375031 -63.04366090222908 85
    endloop
  endfacet
  facet normal 0 0 -1
    outer loop
      vertex 60 -41.25 85
      vertex 45.62325688282412 -62.76183962943037 85
      vertex 44.87571211248565 -62.85627649562787 85
    endloop
  endfacet
  facet normal 0 0 -1
    outer loop
      vertex 60 -41.25 85
      vertex 46.37674311717588 -62.76183962943037 85
      vertex 45.62325688282412 -62.76183962943037 85
    endloop
  endfacet
  facet normal 0 0 -1
    outer loop
      vertex 60 -41.25 85
      vertex 47.12428788751435 -62.85627649562787 85
      vertex 46.37674311717588 -62.76183962943037 85
    endloop
  endfacet
  facet normal 0 0 -1
    outer loop
      vertex 60 -41.25 85
      vertex 47.85410196624969 -63.04366090222908 85
      vertex 47.12428788751435 -62.85627649562787 85
    endloop
  endfacet
  facet normal 0 0 -1
    outer loop
      vertex 60 -41.25 85
      vertex 48.554675749390434 -63.32103768520388 85
      vertex 47.85410196624969 -63.04366090222908 85
    endloop
  endfacet
  facet normal 0 0 -1
    outer loop
      vertex 60 -41.25 85
      vertex 49.82454393849214 -64.12692054334526 85
      vertex 49.21496076987398 -63.68403244698791 85
    endloop
  endfacet
  facet normal 0 0 -1
    outer loop
      vertex 60 -41.25 85
      vertex 50.37381176452847 -64.64271736442787 85
      vertex 49.82454393849214 -64.12692054334526 85
    endloop
  endfacet
  facet normal 0 0 -1
    outer loop
      vertex 60 -41.25 85
      vertex 49.21496076987398 -63.68403244698791 85
      vertex 48.554675749390434 -63.32103768520388 85
    endloop
  endfacet
  facet normal 0 0 -1
    outer loop
      vertex 60 -41.25 85
      vertex 50.85410196624969 -65.22328848624517 85
      vertex 50.37381176452847 -64.64271736442787 85
    endloop
  endfacet
  facet normal 0 0 -1
    outer loop
      vertex 60 -41.25 85
      vertex 51.578658915329505 -66.54125268389193 85
      vertex 51.25784008026318 -65.8594779553897 85
    endloop
  endfacet
  facet normal 0 0 -1
    outer loop
      vertex 60 -41.25 85
      vertex 51.25784008026318 -65.8594779553897 85
      vertex 50.85410196624969 -65.22328848624517 85
    endloop
  endfacet
  facet normal 0 0 -1
    outer loop
      vertex 60 -41.25 85
      vertex 51.952688207886865 -67.99800059861417 85
      vertex 51.81149896677179 -67.25786067701087 85
    endloop
  endfacet
  facet normal 0 0 -1
    outer loop
      vertex 60 -41.25 85
      vertex 51.81149896677179 -67.25786067701087 85
      vertex 51.578658915329505 -66.54125268389193 85
    endloop
  endfacet
  facet normal 1 0 0
    outer loop
      vertex 60 -112.75 85
      vertex 60 -41.25 85
      vertex 60 -41.25 120
    endloop
  endfacet
  facet normal 0 0 1
    outer loop
      vertex 0 -112.75 140
      vertex 46.50860320818744 -107.834016500269 140
      vertex 45.49139679181256 -107.834016500269 140
    endloop
  endfacet
  facet normal 0 0 1
    outer loop
      vertex 21.531189535694836 -102.7318088767459 140
      vertex 38.468810464305164 -102.73180887674589 140
      vertex 38.15447639485809 -101.76438808603532 140
    endloop
  endfacet
  facet normal 0 0 1
    outer loop
      vertex 21.845523605141913 -101.76438808603532 140
      vertex 38.15447639485809 -101.76438808603532 140
      vertex 37.96387091935273 -100.76519919187086 140
    endloop
  endfacet
  facet normal 0 0 1
    outer loop
      vertex 20.553037654437073 -104.51106054356903 140
      vertex 39.44696234556292 -104.51106054356903 140
      vertex 38.901915891644705 -103.6522047602239 140
    endloop
  endfacet
  facet normal 0 0 1
    outer loop
      vertex 19.904645882113435 -105.29483155802238 140
      vertex 40.095354117886565 -105.29483155802238 140
      vertex 39.44696234556292 -104.51106054356903 140
    endloop
  endfacet
  facet normal 0 0 1
    outer loop
      vertex 19.16313431696439 -105.9911572664839 140
      vertex 40.83686568303561 -105.9911572664839 140
      vertex 40.095354117886565 -105.29483155802238 140
    endloop
  endfacet
  facet normal 0 0 1
    outer loop
      vertex 18.34019703932987 -106.58905619656632 140
      vertex 41.65980296067013 -106.58905619656632 140
      vertex 40.83686568303561 -105.9911572664839 140
    endloop
  endfacet
  facet normal 0 0 1
    outer loop
      vertex 21.098084108355295 -103.6522047602239 140
      vertex 38.901915891644705 -103.6522047602239 140
      vertex 38.468810464305164 -102.73180887674589 140
    endloop
  endfacet
  facet normal 0 0 1
    outer loop
      vertex 22.03612908064727 -100.76519919187086 140
      vertex 37.96387091935273 -100.76519919187086 140
      vertex 37.9 -99.75 140
    endloop
  endfacet
  facet normal 0 0 1
    outer loop
      vertex 22.1 -99.75 140
      vertex 37.9 -99.75 140
      vertex 37.96387091935273 -98.73480080812914 140
    endloop
  endfacet
  facet normal 0 0 1
    outer loop
      vertex 22.03612908064727 -98.73480080812914 140
      vertex 37.96387091935273 -98.73480080812914 140
      vertex 38.15447639485809 -97.73561191396468 140
    endloop
  endfacet
  facet normal 0 0 1
    outer loop
      vertex 21.845523605141913 -97.73561191396468 140
      vertex 38.15447639485809 -97.73561191396468 140
      vertex 38.468810464305164 -96.76819112325411 140
    endloop
  endfacet
  facet normal 0 0 1
    outer loop
      vertex 21.531189535694836 -96.76819112325411 140
      vertex 38.468810464305164 -96.76819112325411 140
      vertex 38.901915891644705 -95.8477952397761 140
    endloop
  endfacet
  facet normal 0 0 1
    outer loop
      vertex 21.098084108355295 -95.8477952397761 140
      vertex 38.901915891644705 -95.8477952397761 140
      vertex 39.44696234556292 -94.98893945643097 140
    endloop
  endfacet
  facet normal 0 0 1
    outer loop
      vertex 20.553037654437073 -94.98893945643097 140
      vertex 39.44696234556292 -94.98893945643097 140
      vertex 40.095354117886565 -94.20516844197762 140
    endloop
  endfacet
  facet normal 0 0 1
    outer loop
      vertex 19.904645882113435 -94.20516844197762 140
      vertex 40.095354117886565 -94.20516844197762 140
      vertex 40.83686568303561 -93.5088427335161 140
    endloop
  endfacet
  facet normal 0 0 1
    outer loop
      vertex 17.448812261677087 -107.07909912497476 140
      vertex 42.551187738322916 -107.07909912497476 140
      vertex 41.65980296067013 -106.58905619656632 140
    endloop
  endfacet
  facet normal 0 0 1
    outer loop
      vertex 16.503037654437072 -107.45355778199074 140
      vertex 43.49696234556293 -107.45355778199074 140
      vertex 42.551187738322916 -107.07909912497476 140
    endloop
  endfacet
  facet normal 0 0 1
    outer loop
      vertex 0 -112.75 140
      vertex 60 -112.75 140
      vertex 46.50860320818744 -107.834016500269 140
    endloop
  endfacet
  facet normal 0 0 1
    outer loop
      vertex 19.16313431696439 -93.5088427335161 140
      vertex 40.83686568303561 -93.5088427335161 140
      vertex 41.65980296067013 -92.91094380343368 140
    endloop
  endfacet
  facet normal 0 0 1
    outer loop
      vertex 18.340197039329873 -92.91094380343368 140
      vertex 41.65980296067013 -92.91094380343368 140
      vertex 42.55118773832291 -92.42090087502524 140
    endloop
  endfacet
  facet normal 0 0 1
    outer loop
      vertex 17.448812261677087 -92.42090087502524 140
      vertex 42.55118773832291 -92.42090087502524 140
      vertex 43.49696234556293 -92.04644221800926 140
    endloop
  endfacet
  facet normal 0 0 1
    outer loop
      vertex 16.503037654437072 -92.04644221800926 140
      vertex 43.49696234556293 -92.04644221800926 140
      vertex 44.48221135185563 -91.79347326909762 140
    endloop
  endfacet
  facet normal 0 0 1
    outer loop
      vertex 14.468453286464312 -71.20571812682172 140
      vertex 44.48221135185563 -91.79347326909762 140
      vertex 45.49139679181256 -91.665983499731 140
    endloop
  endfacet
  facet normal 0 0 1
    outer loop
      vertex 14.468453286464312 -71.20571812682172 140
      vertex 45.49139679181256 -91.665983499731 140
      vertex 45.53154671353569 -71.20571812682172 140
    endloop
  endfacet
  facet normal 0 0 1
    outer loop
      vertex 14.772542485937368 -71.12764129073788 140
      vertex 45.22745751406263 -71.12764129073788 140
      vertex 44.93555177108732 -71.01206763116505 140
    endloop
  endfacet
  facet normal 0 0 1
    outer loop
      vertex 14.468453286464312 -71.20571812682172 140
      vertex 45.53154671353569 -71.20571812682172 140
      vertex 45.22745751406263 -71.12764129073788 140
    endloop
  endfacet
  facet normal 0 0 1
    outer loop
      vertex 15.82242156855353 -70.46136776482172 140
      vertex 44.17757843144647 -70.46136776482172 140
      vertex 43.97745751406263 -70.21946313073119 140
    endloop
  endfacet
  facet normal 0 0 1
    outer loop
      vertex 16.19076670010966 -69.95438418525428 140
      vertex 43.809233299890344 -69.95438418525428 140
      vertex 43.67555878527937 -69.6703113817117 140
    endloop
  endfacet
  facet normal 0 0 1
    outer loop
      vertex 16.022542485937368 -70.21946313073119 140
      vertex 43.97745751406263 -70.21946313073119 140
      vertex 43.809233299890344 -69.95438418525428 140
    endloop
  endfacet
  facet normal 0 0 1
    outer loop
      vertex 16.42145790282158 -69.37172471791213 140
      vertex 43.57854209717842 -69.37172471791213 140
      vertex 43.519713246713806 -69.06333308391076 140
    endloop
  endfacet
  facet normal 0 0 1
    outer loop
      vertex 16.32444121472063 -69.6703113817117 140
      vertex 43.67555878527937 -69.6703113817117 140
      vertex 43.57854209717842 -69.37172471791213 140
    endloop
  endfacet
  facet normal 0 0 1
    outer loop
      vertex 16.480286753286194 -69.06333308391076 140
      vertex 43.519713246713806 -69.06333308391076 140
      vertex 43.5 -68.75 140
    endloop
  endfacet
  facet normal 0 0 1
    outer loop
      vertex 16.5 -68.75 140
      vertex 43.5 -68.75 140
      vertex 43.519713246713806 -68.43666691608924 140
    endloop
  endfacet
  facet normal 0 0 1
    outer loop
      vertex 16.480286753286194 -68.43666691608924 140
      vertex 43.519713246713806 -68.43666691608924 140
      vertex 43.57854209717842 -68.12827528208787 140
    endloop
  endfacet
  facet normal 0 0 1
    outer loop
      vertex 16.42145790282158 -68.12827528208787 140
      vertex 43.57854209717842 -68.12827528208787 140
      vertex 43.67555878527937 -67.8296886182883 140
    endloop
  endfacet
  facet normal 0 0 1
    outer loop
      vertex 16.32444121472063 -67.8296886182883 140
      vertex 43.67555878527937 -67.8296886182883 140
      vertex 43.809233299890344 -67.54561581474572 140
    endloop
  endfacet
  facet normal 0 0 1
    outer loop
      vertex 16.19076670010966 -67.54561581474572 140
      vertex 43.809233299890344 -67.54561581474572 140
      vertex 43.97745751406263 -67.28053686926881 140
    endloop
  endfacet
  facet normal 0 0 1
    outer loop
      vertex 15.33956698744749 -70.86081981375504 140
      vertex 44.66043301255251 -70.86081981375504 140
      vertex 44.40644002562828 -70.67628310693948 140
    endloop
  endfacet
  facet normal 0 0 1
    outer loop
      vertex 15.593559974371725 -70.67628310693948 140
      vertex 44.40644002562828 -70.67628310693948 140
      vertex 44.17757843144647 -70.46136776482172 140
    endloop
  endfacet
  facet normal 0 0 1
    outer loop
      vertex 15.064448228912681 -71.01206763116505 140
      vertex 44.93555177108732 -71.01206763116505 140
      vertex 44.66043301255251 -70.86081981375504 140
    endloop
  endfacet
  facet normal 0 0 1
    outer loop
      vertex 0 77.75 140
      vertex 44.93555177108732 -66.48793236883495 140
      vertex 45.22745751406263 -66.37235870926212 140
    endloop
  endfacet
  facet normal 0 0 1
    outer loop
      vertex 0 77.75 140
      vertex 45.22745751406263 -66.37235870926212 140
      vertex 45.53154671353569 -66.29428187317828 140
    endloop
  endfacet
  facet normal 0 0 1
    outer loop
      vertex 0 77.75 140
      vertex 45.53154671353569 -66.29428187317828 140
      vertex 45.84302370117672 -66.25493317892932 140
    endloop
  endfacet
  facet normal 0 0 1
    outer loop
      vertex 0 77.75 140
      vertex 45.84302370117672 -66.25493317892932 140
      vertex 46.15697629882328 -66.25493317892932 140
    endloop
  endfacet
  facet normal 0 0 1
    outer loop
      vertex 0 77.75 140
      vertex 46.15697629882328 -66.25493317892932 140
      vertex 46.46845328646431 -66.29428187317828 140
    endloop
  endfacet
  facet normal 0 0 1
    outer loop
      vertex 0 77.75 140
      vertex 46.46845328646431 -66.29428187317828 140
      vertex 46.77254248593737 -66.37235870926212 140
    endloop
  endfacet
  facet normal 0 0 1
    outer loop
      vertex 0 77.75 140
      vertex 46.77254248593737 -66.37235870926212 140
      vertex 47.06444822891268 -66.48793236883495 140
    endloop
  endfacet
  facet normal 0 0 1
    outer loop
      vertex 0 77.75 140
      vertex 47.06444822891268 -66.48793236883495 140
      vertex 47.33956698744749 -66.63918018624496 140
    endloop
  endfacet
  facet normal 0 0 1
    outer loop
      vertex 0 77.75 140
      vertex 47.33956698744749 -66.63918018624496 140
      vertex 47.59355997437172 -66.82371689306052 140
    endloop
  endfacet
  facet normal 0 0 1
    outer loop
      vertex 0 77.75 140
      vertex 47.59355997437172 -66.82371689306052 140
      vertex 47.82242156855353 -67.03863223517828 140
    endloop
  endfacet
  facet normal 0 0 1
    outer loop
      vertex 0 77.75 140
      vertex 48.02254248593737 -67.28053686926881 140
      vertex 48.19076670010966 -67.54561581474572 140
    endloop
  endfacet
  facet normal 0 0 1
    outer loop
      vertex 0 77.75 140
      vertex 48.19076670010966 -67.54561581474572 140
      vertex 48.32444121472063 -67.8296886182883 140
    endloop
  endfacet
  facet normal 0 0 1
    outer loop
      vertex 0 77.75 140
      vertex 47.82242156855353 -67.03863223517828 140
      vertex 48.02254248593737 -67.28053686926881 140
    endloop
  endfacet
  facet normal 0 0 1
    outer loop
      vertex 60 -112.75 140
      vertex 16.503037654437072 55.046442218009254 140
      vertex 48.42145790282158 -68.12827528208787 140
    endloop
  endfacet
  facet normal 0 0 1
    outer loop
      vertex 16.503037654437072 55.046442218009254 140
      vertex 48.32444121472063 -67.8296886182883 140
      vertex 48.42145790282158 -68.12827528208787 140
    endloop
  endfacet
  facet normal 1 0 0
    outer loop
      vertex 60 -112.75 85
      vertex 60 -41.25 120
      vertex 60 -112.75 140
    endloop
  endfacet
  facet normal 0 0 1
    outer loop
      vertex 60 -112.75 140
      vertex 47.51778864814437 -107.70652673090238 140
      vertex 46.50860320818744 -107.834016500269 140
    endloop
  endfacet
  facet normal 0 0 1
    outer loop
      vertex 60 -112.75 140
      vertex 48.50303765443707 -107.45355778199074 140
      vertex 47.51778864814437 -107.70652673090238 140
    endloop
  endfacet
  facet normal 0 0 1
    outer loop
      vertex 45.49139679181256 -91.665983499731 140
      vertex 46.50860320818744 -91.665983499731 140
      vertex 45.84302370117672 -71.24506682107068 140
    endloop
  endfacet
  facet normal 0 0 1
    outer loop
      vertex 46.50860320818744 -91.665983499731 140
      vertex 47.51778864814437 -91.79347326909762 140
      vertex 46.15697629882328 -71.24506682107068 140
    endloop
  endfacet
  facet normal 0 0 1
    outer loop
      vertex 45.49139679181256 -91.665983499731 140
      vertex 45.84302370117672 -71.24506682107068 140
      vertex 45.53154671353569 -71.20571812682172 140
    endloop
  endfacet
  facet normal 0 0 1
    outer loop
      vertex 46.50860320818744 -91.665983499731 140
      vertex 46.15697629882328 -71.24506682107068 140
      vertex 45.84302370117672 -71.24506682107068 140
    endloop
  endfacet
  facet normal 0 0 1
    outer loop
      vertex 47.51778864814437 -91.79347326909762 140
      vertex 46.46845328646431 -71.20571812682172 140
      vertex 46.15697629882328 -71.24506682107068 140
    endloop
  endfacet
  facet normal 0 0 1
    outer loop
      vertex 46.77254248593737 -71.12764129073788 140
      vertex 47.51778864814437 -91.79347326909762 140
      vertex 48.50303765443707 -92.04644221800926 140
    endloop
  endfacet
  facet normal 0 0 1
    outer loop
      vertex 46.77254248593737 -71.12764129073788 140
      vertex 48.50303765443707 -92.04644221800926 140
      vertex 49.44881226167709 -92.42090087502524 140
    endloop
  endfacet
  facet normal 0 0 1
    outer loop
      vertex 47.51778864814437 -91.79347326909762 140
      vertex 46.77254248593737 -71.12764129073788 140
      vertex 46.46845328646431 -71.20571812682172 140
    endloop
  endfacet
  facet normal 0 0 1
    outer loop
      vertex 46.77254248593737 -71.12764129073788 140
      vertex 49.44881226167709 -92.42090087502524 140
      vertex 50.34019703932987 -92.91094380343368 140
    endloop
  endfacet
  facet normal 0 0 1
    outer loop
      vertex 46.77254248593737 -71.12764129073788 140
      vertex 50.34019703932987 -92.91094380343368 140
      vertex 51.16313431696439 -93.5088427335161 140
    endloop
  endfacet
  facet normal 0 0 1
    outer loop
      vertex 46.77254248593737 -71.12764129073788 140
      vertex 51.16313431696439 -93.5088427335161 140
      vertex 51.904645882113435 -94.20516844197762 140
    endloop
  endfacet
  facet normal 0 0 1
    outer loop
      vertex 46.77254248593737 -71.12764129073788 140
      vertex 51.904645882113435 -94.20516844197762 140
      vertex 52.55303765443708 -94.98893945643097 140
    endloop
  endfacet
  facet normal 0 0 1
    outer loop
      vertex 46.77254248593737 -71.12764129073788 140
      vertex 52.55303765443708 -94.98893945643097 140
      vertex 53.098084108355295 -95.8477952397761 140
    endloop
  endfacet
  facet normal 0 0 1
    outer loop
      vertex 46.77254248593737 -71.12764129073788 140
      vertex 53.098084108355295 -95.8477952397761 140
      vertex 53.531189535694836 -96.76819112325411 140
    endloop
  endfacet
  facet normal 0 0 1
    outer loop
      vertex 46.77254248593737 -71.12764129073788 140
      vertex 53.531189535694836 -96.76819112325411 140
      vertex 53.84552360514191 -97.73561191396468 140
    endloop
  endfacet
  facet normal 0 0 1
    outer loop
      vertex 60 -112.75 140
      vertex 47.06444822891268 -71.01206763116505 140
      vertex 46.77254248593737 -71.12764129073788 140
    endloop
  endfacet
  facet normal 0 0 1
    outer loop
      vertex 60 -112.75 140
      vertex 47.33956698744749 -70.86081981375504 140
      vertex 47.06444822891268 -71.01206763116505 140
    endloop
  endfacet
  facet normal 0 0 1
    outer loop
      vertex 60 -112.75 140
      vertex 47.59355997437172 -70.67628310693948 140
      vertex 47.33956698744749 -70.86081981375504 140
    endloop
  endfacet
  facet normal 0 0 1
    outer loop
      vertex 60 -112.75 140
      vertex 47.82242156855353 -70.46136776482172 140
      vertex 47.59355997437172 -70.67628310693948 140
    endloop
  endfacet
  facet normal 0 0 1
    outer loop
      vertex 60 -112.75 140
      vertex 48.02254248593737 -70.21946313073119 140
      vertex 47.82242156855353 -70.46136776482172 140
    endloop
  endfacet
  facet normal 0 0 1
    outer loop
      vertex 60 -112.75 140
      vertex 48.190766700109656 -69.95438418525428 140
      vertex 48.02254248593737 -70.21946313073119 140
    endloop
  endfacet
  facet normal 0 0 1
    outer loop
      vertex 60 -112.75 140
      vertex 48.32444121472063 -69.6703113817117 140
      vertex 48.190766700109656 -69.95438418525428 140
    endloop
  endfacet
  facet normal 0 0 1
    outer loop
      vertex 60 -112.75 140
      vertex 48.42145790282158 -69.37172471791213 140
      vertex 48.32444121472063 -69.6703113817117 140
    endloop
  endfacet
  facet normal 0 0 1
    outer loop
      vertex 60 -112.75 140
      vertex 48.480286753286194 -69.06333308391076 140
      vertex 48.42145790282158 -69.37172471791213 140
    endloop
  endfacet
  facet normal 0 0 1
    outer loop
      vertex 60 -112.75 140
      vertex 48.5 -68.75 140
      vertex 48.480286753286194 -69.06333308391076 140
    endloop
  endfacet
  facet normal 0 0 1
    outer loop
      vertex 60 -112.75 140
      vertex 48.42145790282158 -68.12827528208787 140
      vertex 48.480286753286194 -68.43666691608924 140
    endloop
  endfacet
  facet normal 0 0 1
    outer loop
      vertex 60 -112.75 140
      vertex 48.480286753286194 -68.43666691608924 140
      vertex 48.5 -68.75 140
    endloop
  endfacet
  facet normal 0 0 1
    outer loop
      vertex 60 -112.75 140
      vertex 49.448812261677084 -107.07909912497476 140
      vertex 48.50303765443707 -107.45355778199074 140
    endloop
  endfacet
  facet normal 0 0 1
    outer loop
      vertex 60 -112.75 140
      vertex 50.340197039329865 -106.58905619656632 140
      vertex 49.448812261677084 -107.07909912497476 140
    endloop
  endfacet
  facet normal 0 0 1
    outer loop
      vertex 60 -112.75 140
      vertex 51.16313431696439 -105.9911572664839 140
      vertex 50.340197039329865 -106.58905619656632 140
    endloop
  endfacet
  facet normal 0 0 1
    outer loop
      vertex 60 -112.75 140
      vertex 51.904645882113435 -105.29483155802238 140
      vertex 51.16313431696439 -105.9911572664839 140
    endloop
  endfacet
  facet normal 0 0 1
    outer loop
      vertex 60 -112.75 140
      vertex 52.55303765443708 -104.51106054356903 140
      vertex 51.904645882113435 -105.29483155802238 140
    endloop
  endfacet
  facet normal 0 0 1
    outer loop
      vertex 60 -112.75 140
      vertex 53.098084108355295 -103.6522047602239 140
      vertex 52.55303765443708 -104.51106054356903 140
    endloop
  endfacet
  facet normal 0 0 1
    outer loop
      vertex 60 -112.75 140
      vertex 53.531189535694836 -102.7318088767459 140
      vertex 53.098084108355295 -103.6522047602239 140
    endloop
  endfacet
  facet normal 0 0 1
    outer loop
      vertex 60 -112.75 140
      vertex 53.84552360514191 -101.76438808603532 140
      vertex 53.531189535694836 -102.7318088767459 140
    endloop
  endfacet
  facet normal 0 0 1
    outer loop
      vertex 60 -112.75 140
      vertex 54.03612908064727 -100.76519919187086 140
      vertex 53.84552360514191 -101.76438808603532 140
    endloop
  endfacet
  facet normal 0 0 1
    outer loop
      vertex 60 -112.75 140
      vertex 54.1 -99.75 140
      vertex 54.03612908064727 -100.76519919187086 140
    endloop
  endfacet
  facet normal 0 0 1
    outer loop
      vertex 60 -112.75 140
      vertex 53.84552360514191 -97.73561191396468 140
      vertex 54.03612908064727 -98.73480080812914 140
    endloop
  endfacet
  facet normal 0 0 1
    outer loop
      vertex 60 -112.75 140
      vertex 54.03612908064727 -98.73480080812914 140
      vertex 54.1 -99.75 140
    endloop
  endfacet
  facet normal 0 0 1
    outer loop
      vertex 60 -112.75 140
      vertex 46.77254248593737 -71.12764129073788 140
      vertex 53.84552360514191 -97.73561191396468 140
    endloop
  endfacet
  facet normal 1 0 0
    outer loop
      vertex 60 -112.75 140
      vertex 60 -41.25 120
      vertex 60 77.75 140
    endloop
  endfacet
  facet normal 0 0 -1
    outer loop
      vertex 33.68421052631579 39.71491228070175 85
      vertex 17.680488056184227 60.726634568772795 85
      vertex 42.319511943815776 60.726634568772795 85
    endloop
  endfacet
  facet normal 0 0 -1
    outer loop
      vertex 60 77.75 85
      vertex 15.29787137637478 66.74443736843965 85
      vertex 14.787001521260043 66.8756064530605 85
    endloop
  endfacet
  facet normal 0 0 -1
    outer loop
      vertex 60 77.75 85
      vertex 15.788273024573305 66.55027362035729 85
      vertex 15.29787137637478 66.74443736843965 85
    endloop
  endfacet
  facet normal 0 0 -1
    outer loop
      vertex 60 77.75 85
      vertex 16.250472538911787 66.29617728710846 85
      vertex 15.788273024573305 66.55027362035729 85
    endloop
  endfacet
  facet normal 0 0 -1
    outer loop
      vertex 17.905061240730657 61.20387687872435 85
      vertex 42.09493875926935 61.20387687872435 85
      vertex 42.319511943815776 60.726634568772795 85
    endloop
  endfacet
  facet normal 0 0 -1
    outer loop
      vertex 18.166881745520808 62.22360041902992 85
      vertex 41.833118254479196 62.22360041902992 85
      vertex 41.931950723259746 61.70550247390761 85
    endloop
  endfacet
  facet normal 0 0 -1
    outer loop
      vertex 18.2 62.75 85
      vertex 41.8 62.75 85
      vertex 41.833118254479196 62.22360041902992 85
    endloop
  endfacet
  facet normal 0 0 -1
    outer loop
      vertex 18.06804927674025 61.705502473907615 85
      vertex 41.931950723259746 61.70550247390761 85
      vertex 42.09493875926935 61.20387687872435 85
    endloop
  endfacet
  facet normal 0 0 -1
    outer loop
      vertex 18.166881745520808 63.27639958097008 85
      vertex 41.833118254479196 63.27639958097008 85
      vertex 41.8 62.75 85
    endloop
  endfacet
  facet normal 0 0 -1
    outer loop
      vertex 18.06804927674025 63.79449752609239 85
      vertex 41.931950723259746 63.79449752609239 85
      vertex 41.833118254479196 63.27639958097008 85
    endloop
  endfacet
  facet normal 0 0 -1
    outer loop
      vertex 17.905061240730657 64.29612312127564 85
      vertex 42.09493875926935 64.29612312127564 85
      vertex 41.931950723259746 63.79449752609239 85
    endloop
  endfacet
  facet normal 0 0 -1
    outer loop
      vertex 17.680488056184227 64.7733654312272 85
      vertex 42.319511943815776 64.7733654312272 85
      vertex 42.09493875926935 64.29612312127564 85
    endloop
  endfacet
  facet normal 0 0 -1
    outer loop
      vertex 17.39787137637478 65.2186980596284 85
      vertex 42.60212862362522 65.2186980596284 85
      vertex 42.319511943815776 64.7733654312272 85
    endloop
  endfacet
  facet normal 0 0 -1
    outer loop
      vertex 17.06166823516993 65.6250978449005 85
      vertex 42.93833176483007 65.6250978449005 85
      vertex 42.60212862362522 65.2186980596284 85
    endloop
  endfacet
  facet normal 0 0 -1
    outer loop
      vertex 16.677180756944498 65.98615561965832 85
      vertex 43.322819243055505 65.98615561965832 85
      vertex 42.93833176483007 65.6250978449005 85
    endloop
  endfacet
  facet normal 0 0 -1
    outer loop
      vertex 16.250472538911787 66.29617728710846 85
      vertex 43.74952746108821 66.29617728710846 85
      vertex 43.322819243055505 65.98615561965832 85
    endloop
  endfacet
  facet normal 0 0 -1
    outer loop
      vertex 33.68421052631579 39.71491228070175 85
      vertex 42.319511943815776 60.726634568772795 85
      vertex 42.60212862362522 60.28130194037161 85
    endloop
  endfacet
  facet normal 0 0 -1
    outer loop
      vertex 33.68421052631579 39.71491228070175 85
      vertex 42.60212862362522 60.28130194037161 85
      vertex 42.93833176483007 59.874902155099505 85
    endloop
  endfacet
  facet normal 0 0 -1
    outer loop
      vertex 33.68421052631579 39.71491228070175 85
      vertex 42.93833176483007 59.874902155099505 85
      vertex 43.322819243055505 59.51384438034169 85
    endloop
  endfacet
  facet normal 0 0 -1
    outer loop
      vertex 33.68421052631579 39.71491228070175 85
      vertex 43.322819243055505 59.51384438034169 85
      vertex 43.74952746108821 59.20382271289154 85
    endloop
  endfacet
  facet normal 0 0 -1
    outer loop
      vertex 33.68421052631579 39.71491228070175 85
      vertex 43.74952746108821 59.20382271289154 85
      vertex 44.21172697542669 58.94972637964272 85
    endloop
  endfacet
  facet normal 0 0 -1
    outer loop
      vertex 33.68421052631579 39.71491228070175 85
      vertex 44.21172697542669 58.94972637964272 85
      vertex 44.70212862362522 58.75556263156035 85
    endloop
  endfacet
  facet normal 0 0 -1
    outer loop
      vertex 60 77.75 85
      vertex 43.74952746108821 66.29617728710846 85
      vertex 16.250472538911787 66.29617728710846 85
    endloop
  endfacet
  facet normal 0 0 -1
    outer loop
      vertex 60 41.25 85
      vertex 33.68421052631579 39.71491228070175 85
      vertex 44.70212862362522 58.75556263156035 85
    endloop
  endfacet
  facet normal 0 0 -1
    outer loop
      vertex 60 41.25 85
      vertex 44.70212862362522 58.75556263156035 85
      vertex 45.212998478739955 58.62439354693951 85
    endloop
  endfacet
  facet normal 0 0 -1
    outer loop
      vertex 60 41.25 85
      vertex 45.212998478739955 58.62439354693951 85
      vertex 45.73627981797688 58.55828774060126 85
    endloop
  endfacet
  facet normal 0 0 -1
    outer loop
      vertex 60 41.25 85
      vertex 45.73627981797688 58.55828774060126 85
      vertex 46.26372018202312 58.55828774060126 85
    endloop
  endfacet
  facet normal 0 0 -1
    outer loop
      vertex 60 41.25 85
      vertex 46.26372018202312 58.55828774060126 85
      vertex 46.787001521260045 58.62439354693951 85
    endloop
  endfacet
  facet normal 0 0 -1
    outer loop
      vertex 60 41.25 85
      vertex 46.787001521260045 58.62439354693951 85
      vertex 47.29787137637478 58.75556263156035 85
    endloop
  endfacet
  facet normal 0 0 -1
    outer loop
      vertex 60 41.25 85
      vertex 47.29787137637478 58.75556263156035 85
      vertex 47.78827302457331 58.94972637964272 85
    endloop
  endfacet
  facet normal 0 0 -1
    outer loop
      vertex 60 41.25 85
      vertex 47.78827302457331 58.94972637964272 85
      vertex 48.25047253891179 59.20382271289154 85
    endloop
  endfacet
  facet normal 0 0 -1
    outer loop
      vertex 60 41.25 85
      vertex 48.25047253891179 59.20382271289154 85
      vertex 48.677180756944495 59.51384438034169 85
    endloop
  endfacet
  facet normal 0 0 -1
    outer loop
      vertex 60 77.75 85
      vertex 44.21172697542669 66.55027362035729 85
      vertex 43.74952746108821 66.29617728710846 85
    endloop
  endfacet
  facet normal 0 0 -1
    outer loop
      vertex 60 77.75 85
      vertex 44.70212862362522 66.74443736843965 85
      vertex 44.21172697542669 66.55027362035729 85
    endloop
  endfacet
  facet normal 0 0 -1
    outer loop
      vertex 60 77.75 85
      vertex 45.212998478739955 66.8756064530605 85
      vertex 44.70212862362522 66.74443736843965 85
    endloop
  endfacet
  facet normal 0 0 -1
    outer loop
      vertex 60 77.75 85
      vertex 45.736279817976886 66.94171225939874 85
      vertex 45.212998478739955 66.8756064530605 85
    endloop
  endfacet
  facet normal 0 0 -1
    outer loop
      vertex 60 77.75 85
      vertex 46.263720182023114 66.94171225939874 85
      vertex 45.736279817976886 66.94171225939874 85
    endloop
  endfacet
  facet normal 0 0 -1
    outer loop
      vertex 60 77.75 85
      vertex 46.787001521260045 66.8756064530605 85
      vertex 46.263720182023114 66.94171225939874 85
    endloop
  endfacet
  facet normal 0 0 -1
    outer loop
      vertex 60 77.75 85
      vertex 47.29787137637478 66.74443736843965 85
      vertex 46.787001521260045 66.8756064530605 85
    endloop
  endfacet
  facet normal 0 0 -1
    outer loop
      vertex 60 77.75 85
      vertex 48.25047253891179 66.29617728710846 85
      vertex 47.78827302457331 66.55027362035729 85
    endloop
  endfacet
  facet normal 0 0 -1
    outer loop
      vertex 60 77.75 85
      vertex 47.78827302457331 66.55027362035729 85
      vertex 47.29787137637478 66.74443736843965 85
    endloop
  endfacet
  facet normal 0 0 -1
    outer loop
      vertex 60 77.75 85
      vertex 48.677180756944495 65.98615561965832 85
      vertex 48.25047253891179 66.29617728710846 85
    endloop
  endfacet
  facet normal 0 0 -1
    outer loop
      vertex 60 41.25 85
      vertex 48.677180756944495 59.51384438034169 85
      vertex 49.06166823516993 59.874902155099505 85
    endloop
  endfacet
  facet normal 0 0 -1
    outer loop
      vertex 60 41.25 85
      vertex 49.06166823516993 59.874902155099505 85
      vertex 49.39787137637478 60.28130194037161 85
    endloop
  endfacet
  facet normal 1 0 0
    outer loop
      vertex 60 77.75 85
      vertex 60 41.25 120
      vertex 60 41.25 85
    endloop
  endfacet
  facet normal 0 0 -1
    outer loop
      vertex 60 41.25 85
      vertex 49.39787137637478 60.28130194037161 85
      vertex 49.680488056184224 60.726634568772795 85
    endloop
  endfacet
  facet normal 0 0 -1
    outer loop
      vertex 60 41.25 85
      vertex 49.680488056184224 60.726634568772795 85
      vertex 49.90506124073065 61.20387687872435 85
    endloop
  endfacet
  facet normal 0 0 -1
    outer loop
      vertex 60 41.25 85
      vertex 49.90506124073065 61.20387687872435 85
      vertex 50.068049276740254 61.705502473907615 85
    endloop
  endfacet
  facet normal 0 0 -1
    outer loop
      vertex 60 41.25 85
      vertex 50.068049276740254 61.705502473907615 85
      vertex 50.166881745520804 62.22360041902992 85
    endloop
  endfacet
  facet normal 0 0 -1
    outer loop
      vertex 60 77.75 85
      vertex 50.166881745520804 63.27639958097008 85
      vertex 50.068049276740254 63.79449752609239 85
    endloop
  endfacet
  facet normal 0 0 -1
    outer loop
      vertex 60 77.75 85
      vertex 50.068049276740254 63.79449752609239 85
      vertex 49.90506124073065 64.29612312127564 85
    endloop
  endfacet
  facet normal 0 0 -1
    outer loop
      vertex 60 77.75 85
      vertex 49.061668235169925 65.6250978449005 85
      vertex 48.677180756944495 65.98615561965832 85
    endloop
  endfacet
  facet normal 0 0 -1
    outer loop
      vertex 60 77.75 85
      vertex 49.39787137637478 65.2186980596284 85
      vertex 49.061668235169925 65.6250978449005 85
    endloop
  endfacet
  facet normal 0 0 -1
    outer loop
      vertex 60 77.75 85
      vertex 49.680488056184224 64.7733654312272 85
      vertex 49.39787137637478 65.2186980596284 85
    endloop
  endfacet
  facet normal 0 0 -1
    outer loop
      vertex 60 77.75 85
      vertex 49.90506124073065 64.29612312127564 85
      vertex 49.680488056184224 64.7733654312272 85
    endloop
  endfacet
  facet normal 0 0 -1
    outer loop
      vertex 60 77.75 85
      vertex 50.166881745520804 62.22360041902992 85
      vertex 50.2 62.75 85
    endloop
  endfacet
  facet normal 0 0 -1
    outer loop
      vertex 60 77.75 85
      vertex 50.2 62.75 85
      vertex 50.166881745520804 63.27639958097008 85
    endloop
  endfacet
  facet normal 0 0 -1
    outer loop
      vertex 60 77.75 85
      vertex 60 41.25 85
      vertex 50.166881745520804 62.22360041902992 85
    endloop
  endfacet
  facet normal 0 0 1
    outer loop
      vertex 60 -112.75 140
      vertex 17.448812261677087 55.42090087502524 140
      vertex 16.503037654437072 55.046442218009254 140
    endloop
  endfacet
  facet normal 0 0 1
    outer loop
      vertex 60 -112.75 140
      vertex 18.34019703932987 55.910943803433675 140
      vertex 17.448812261677087 55.42090087502524 140
    endloop
  endfacet
  facet normal 0 0 1
    outer loop
      vertex 60 -112.75 140
      vertex 19.16313431696439 56.50884273351611 140
      vertex 18.34019703932987 55.910943803433675 140
    endloop
  endfacet
  facet normal 0 0 1
    outer loop
      vertex 60 -112.75 140
      vertex 40.83686568303561 56.508842733516104 140
      vertex 19.16313431696439 56.50884273351611 140
    endloop
  endfacet
  facet normal 0 1 0
    outer loop
      vertex 0 77.75 140
      vertex 60 77.75 140
      vertex 60 77.75 85
    endloop
  endfacet
  facet normal 0 0 1
    outer loop
      vertex 19.16313431696439 56.50884273351611 140
      vertex 40.83686568303561 56.508842733516104 140
      vertex 40.095354117886565 57.20516844197762 140
    endloop
  endfacet
  facet normal 0 0 1
    outer loop
      vertex 20.553037654437073 57.98893945643097 140
      vertex 39.44696234556292 57.98893945643097 140
      vertex 38.901915891644705 58.847795239776104 140
    endloop
  endfacet
  facet normal 0 0 1
    outer loop
      vertex 19.904645882113435 57.20516844197762 140
      vertex 40.095354117886565 57.20516844197762 140
      vertex 39.44696234556292 57.98893945643097 140
    endloop
  endfacet
  facet normal 0 0 1
    outer loop
      vertex 21.098084108355295 58.847795239776104 140
      vertex 38.901915891644705 58.847795239776104 140
      vertex 38.468810464305164 59.76819112325411 140
    endloop
  endfacet
  facet normal 0 0 1
    outer loop
      vertex 21.531189535694836 59.768191123254105 140
      vertex 38.468810464305164 59.76819112325411 140
      vertex 38.15447639485809 60.735611913964675 140
    endloop
  endfacet
  facet normal 0 0 1
    outer loop
      vertex 21.845523605141913 60.73561191396468 140
      vertex 38.15447639485809 60.735611913964675 140
      vertex 37.96387091935273 61.73480080812914 140
    endloop
  endfacet
  facet normal 0 0 1
    outer loop
      vertex 22.03612908064727 61.73480080812914 140
      vertex 37.96387091935273 61.73480080812914 140
      vertex 37.9 62.75 140
    endloop
  endfacet
  facet normal 0 0 1
    outer loop
      vertex 22.1 62.75 140
      vertex 37.9 62.75 140
      vertex 37.96387091935273 63.76519919187086 140
    endloop
  endfacet
  facet normal 0 0 1
    outer loop
      vertex 22.03612908064727 63.76519919187086 140
      vertex 37.96387091935273 63.76519919187086 140
      vertex 38.15447639485809 64.76438808603532 140
    endloop
  endfacet
  facet normal 0 0 1
    outer loop
      vertex 21.845523605141913 64.76438808603532 140
      vertex 38.15447639485809 64.76438808603532 140
      vertex 38.468810464305164 65.73180887674589 140
    endloop
  endfacet
  facet normal 0 0 1
    outer loop
      vertex 21.531189535694836 65.73180887674589 140
      vertex 38.468810464305164 65.73180887674589 140
      vertex 38.901915891644705 66.6522047602239 140
    endloop
  endfacet
  facet normal 0 0 1
    outer loop
      vertex 21.098084108355295 66.6522047602239 140
      vertex 38.901915891644705 66.6522047602239 140
      vertex 39.44696234556292 67.51106054356903 140
    endloop
  endfacet
  facet normal 0 0 1
    outer loop
      vertex 20.553037654437073 67.51106054356903 140
      vertex 39.44696234556292 67.51106054356903 140
      vertex 40.095354117886565 68.29483155802238 140
    endloop
  endfacet
  facet normal 0 0 1
    outer loop
      vertex 19.904645882113435 68.29483155802238 140
      vertex 40.095354117886565 68.29483155802238 140
      vertex 40.83686568303561 68.9911572664839 140
    endloop
  endfacet
  facet normal 0 0 1
    outer loop
      vertex 19.16313431696439 68.9911572664839 140
      vertex 40.83686568303561 68.9911572664839 140
      vertex 41.65980296067013 69.58905619656632 140
    endloop
  endfacet
  facet normal 0 0 1
    outer loop
      vertex 18.340197039329873 69.58905619656632 140
      vertex 41.65980296067013 69.58905619656632 140
      vertex 42.55118773832291 70.07909912497476 140
    endloop
  endfacet
  facet normal 0 0 1
    outer loop
      vertex 17.448812261677087 70.07909912497476 140
      vertex 42.55118773832291 70.07909912497476 140
      vertex 43.49696234556293 70.45355778199074 140
    endloop
  endfacet
  facet normal 0 0 1
    outer loop
      vertex 0 77.75 140
      vertex 45.49139679181256 70.834016500269 140
      vertex 60 77.75 140
    endloop
  endfacet
  facet normal 0 0 1
    outer loop
      vertex 60 -112.75 140
      vertex 41.65980296067013 55.91094380343368 140
      vertex 40.83686568303561 56.508842733516104 140
    endloop
  endfacet
  facet normal 0 0 1
    outer loop
      vertex 60 -112.75 140
      vertex 42.551187738322916 55.42090087502524 140
      vertex 41.65980296067013 55.91094380343368 140
    endloop
  endfacet
  facet normal 0 0 1
    outer loop
      vertex 60 -112.75 140
      vertex 43.49696234556293 55.046442218009254 140
      vertex 42.551187738322916 55.42090087502524 140
    endloop
  endfacet
  facet normal 0 0 1
    outer loop
      vertex 60 -112.75 140
      vertex 44.48221135185563 54.793473269097625 140
      vertex 43.49696234556293 55.046442218009254 140
    endloop
  endfacet
  facet normal 0 0 1
    outer loop
      vertex 60 -112.75 140
      vertex 45.49139679181256 54.665983499731 140
      vertex 44.48221135185563 54.793473269097625 140
    endloop
  endfacet
  facet normal 0 0 1
    outer loop
      vertex 60 -112.75 140
      vertex 46.50860320818744 54.665983499731 140
      vertex 45.49139679181256 54.665983499731 140
    endloop
  endfacet
  facet normal 0 0 1
    outer loop
      vertex 60 -112.75 140
      vertex 47.51778864814437 54.793473269097625 140
      vertex 46.50860320818744 54.665983499731 140
    endloop
  endfacet
  facet normal 0 0 1
    outer loop
      vertex 60 -112.75 140
      vertex 48.50303765443707 55.046442218009254 140
      vertex 47.51778864814437 54.793473269097625 140
    endloop
  endfacet
  facet normal 0 0 1
    outer loop
      vertex 60 -112.75 140
      vertex 49.448812261677084 55.42090087502524 140
      vertex 48.50303765443707 55.046442218009254 140
    endloop
  endfacet
  facet normal 0 0 1
    outer loop
      vertex 60 -112.75 140
      vertex 50.340197039329865 55.910943803433675 140
      vertex 49.448812261677084 55.42090087502524 140
    endloop
  endfacet
  facet normal 0 0 1
    outer loop
      vertex 60 -112.75 140
      vertex 51.16313431696439 56.50884273351611 140
      vertex 50.340197039329865 55.910943803433675 140
    endloop
  endfacet
  facet normal 0 0 1
    outer loop
      vertex 60 -112.75 140
      vertex 51.904645882113435 57.20516844197762 140
      vertex 51.16313431696439 56.50884273351611 140
    endloop
  endfacet
  facet normal 0 0 1
    outer loop
      vertex 60 -112.75 140
      vertex 52.55303765443708 57.98893945643097 140
      vertex 51.904645882113435 57.20516844197762 140
    endloop
  endfacet
  facet normal 0 0 1
    outer loop
      vertex 60 -112.75 140
      vertex 53.098084108355295 58.847795239776104 140
      vertex 52.55303765443708 57.98893945643097 140
    endloop
  endfacet
  facet normal 0 0 1
    outer loop
      vertex 60 -112.75 140
      vertex 53.531189535694836 59.768191123254105 140
      vertex 53.098084108355295 58.847795239776104 140
    endloop
  endfacet
  facet normal 0 0 1
    outer loop
      vertex 60 -112.75 140
      vertex 53.84552360514191 60.73561191396468 140
      vertex 53.531189535694836 59.768191123254105 140
    endloop
  endfacet
  facet normal 0 0 1
    outer loop
      vertex 60 -112.75 140
      vertex 54.03612908064727 61.73480080812914 140
      vertex 53.84552360514191 60.73561191396468 140
    endloop
  endfacet
  facet normal 0 0 1
    outer loop
      vertex 60 -112.75 140
      vertex 54.1 62.75 140
      vertex 54.03612908064727 61.73480080812914 140
    endloop
  endfacet
  facet normal 1 0 0
    outer loop
      vertex 60 77.75 140
      vertex 60 -41.25 120
      vertex 60 41.25 120
    endloop
  endfacet
  facet normal 0 0 1
    outer loop
      vertex 60 -112.75 140
      vertex 60 77.75 140
      vertex 54.1 62.75 140
    endloop
  endfacet
  facet normal 1 0 0
    outer loop
      vertex 60 77.75 85
      vertex 60 77.75 140
      vertex 60 41.25 120
    endloop
  endfacet
  facet normal 0 0 1
    outer loop
      vertex 60 77.75 140
      vertex 45.49139679181256 70.834016500269 140
      vertex 46.50860320818744 70.834016500269 140
    endloop
  endfacet
  facet normal 0 0 1
    outer loop
      vertex 60 77.75 140
      vertex 46.50860320818744 70.834016500269 140
      vertex 47.51778864814437 70.70652673090238 140
    endloop
  endfacet
  facet normal 0 0 1
    outer loop
      vertex 60 77.75 140
      vertex 47.51778864814437 70.70652673090238 140
      vertex 48.50303765443707 70.45355778199074 140
    endloop
  endfacet
  facet normal 0 0 1
    outer loop
      vertex 60 77.75 140
      vertex 51.16313431696439 68.9911572664839 140
      vertex 51.904645882113435 68.29483155802238 140
    endloop
  endfacet
  facet normal 0 0 1
    outer loop
      vertex 60 77.75 140
      vertex 48.50303765443707 70.45355778199074 140
      vertex 49.44881226167709 70.07909912497476 140
    endloop
  endfacet
  facet normal 0 0 1
    outer loop
      vertex 60 77.75 140
      vertex 49.44881226167709 70.07909912497476 140
      vertex 50.34019703932987 69.58905619656632 140
    endloop
  endfacet
  facet normal 0 0 1
    outer loop
      vertex 60 77.75 140
      vertex 50.34019703932987 69.58905619656632 140
      vertex 51.16313431696439 68.9911572664839 140
    endloop
  endfacet
  facet normal 0 0 1
    outer loop
      vertex 60 77.75 140
      vertex 51.904645882113435 68.29483155802238 140
      vertex 52.55303765443708 67.51106054356903 140
    endloop
  endfacet
  facet normal 0 0 1
    outer loop
      vertex 60 77.75 140
      vertex 52.55303765443708 67.51106054356903 140
      vertex 53.098084108355295 66.6522047602239 140
    endloop
  endfacet
  facet normal 0 0 1
    outer loop
      vertex 60 77.75 140
      vertex 53.84552360514191 64.76438808603532 140
      vertex 54.03612908064727 63.76519919187086 140
    endloop
  endfacet
  facet normal 0 0 1
    outer loop
      vertex 60 77.75 140
      vertex 54.03612908064727 63.76519919187086 140
      vertex 54.1 62.75 140
    endloop
  endfacet
  facet normal 0 0 1
    outer loop
      vertex 60 77.75 140
      vertex 53.098084108355295 66.6522047602239 140
      vertex 53.531189535694836 65.73180887674589 140
    endloop
  endfacet
  facet normal 0 0 1
    outer loop
      vertex 60 77.75 140
      vertex 53.531189535694836 65.73180887674589 140
      vertex 53.84552360514191 64.76438808603532 140
    endloop
  endfacet
endsolid OpenSCAD_Model
