solid OpenSCAD_Model
  facet normal 0.684547105928678 0.7289686274214215 0
    outer loop
      vertex 43.322819243055505 59.51384438034169 -18
      vertex 42.93833176483007 59.874902155099505 -18
      vertex 42.93833176483007 59.874902155099505 35
    endloop
  endfacet
  facet normal 0.9048270524660192 0.42577929156507344 0
    outer loop
      vertex 42.09493875926935 61.20387687872435 -18
      vertex 42.09493875926935 61.20387687872435 35
      vertex 42.319511943815776 60.726634568772795 -18
    endloop
  endfacet
  facet normal 0.9822872507286908 0.1873813145857131 0
    outer loop
      vertex 41.931950723259746 61.70550247390761 -18
      vertex 41.833118254479196 62.22360041902992 -18
      vertex 41.833118254479196 62.22360041902992 35
    endloop
  endfacet
  facet normal 0.9980267284282709 0.0627905195293236 0
    outer loop
      vertex 41.833118254479196 62.22360041902992 -18
      vertex 41.8 62.75 -18
      vertex 41.8 62.75 35
    endloop
  endfacet
  facet normal 0.95105651629515 0.30901699437495866 0
    outer loop
      vertex 41.931950723259746 61.70550247390761 -18
      vertex 41.931950723259746 61.70550247390761 35
      vertex 42.09493875926935 61.20387687872435 -18
    endloop
  endfacet
  facet normal 0.9980267284282709 -0.0627905195293236 0
    outer loop
      vertex 41.8 62.75 -18
      vertex 41.833118254479196 63.27639958097008 -18
      vertex 41.833118254479196 63.27639958097008 35
    endloop
  endfacet
  facet normal 0.9822872507286908 -0.1873813145857131 0
    outer loop
      vertex 41.833118254479196 63.27639958097008 -18
      vertex 41.931950723259746 63.79449752609239 -18
      vertex 41.931950723259746 63.79449752609239 35
    endloop
  endfacet
  facet normal 0.9510565162951485 -0.30901699437496255 0
    outer loop
      vertex 41.931950723259746 63.79449752609239 -18
      vertex 42.09493875926935 64.29612312127564 -18
      vertex 42.09493875926935 64.29612312127564 35
    endloop
  endfacet
  facet normal 0.8443279255020185 0.5358267949789912 0
    outer loop
      vertex 42.319511943815776 60.726634568772795 -18
      vertex 42.319511943815776 60.726634568772795 35
      vertex 42.60212862362522 60.28130194037161 -18
    endloop
  endfacet
  facet normal 0.7705132427757934 0.6374239897486849 0
    outer loop
      vertex 42.60212862362522 60.28130194037161 -18
      vertex 42.60212862362522 60.28130194037161 35
      vertex 42.93833176483007 59.874902155099505 -18
    endloop
  endfacet
  facet normal 0.9048270524660217 -0.4257792915650683 0
    outer loop
      vertex 42.09493875926935 64.29612312127564 -18
      vertex 42.319511943815776 64.7733654312272 -18
      vertex 42.319511943815776 64.7733654312272 35
    endloop
  endfacet
  facet normal 0.8443279255020224 -0.535826794978985 0
    outer loop
      vertex 42.319511943815776 64.7733654312272 -18
      vertex 42.60212862362522 65.2186980596284 -18
      vertex 42.60212862362522 65.2186980596284 35
    endloop
  endfacet
  facet normal 0.7705132427757878 -0.6374239897486914 0
    outer loop
      vertex 42.60212862362522 65.2186980596284 -18
      vertex 42.93833176483007 65.6250978449005 -18
      vertex 42.93833176483007 65.6250978449005 35
    endloop
  endfacet
  facet normal 0.5877852522924789 0.8090169943749432 0
    outer loop
      vertex 43.322819243055505 59.51384438034169 -18
      vertex 43.322819243055505 59.51384438034169 35
      vertex 43.74952746108821 59.20382271289154 -18
    endloop
  endfacet
  facet normal 0.48175367410171455 0.8763066800438639 0
    outer loop
      vertex 43.74952746108821 59.20382271289154 -18
      vertex 43.74952746108821 59.20382271289154 35
      vertex 44.21172697542669 58.94972637964272 -18
    endloop
  endfacet
  facet normal 0.3681245526846836 0.9297764858882491 0
    outer loop
      vertex 44.21172697542669 58.94972637964272 -18
      vertex 44.21172697542669 58.94972637964272 35
      vertex 44.70212862362522 58.75556263156035 -18
    endloop
  endfacet
  facet normal 0.24868988716484852 0.9685831611286327 0
    outer loop
      vertex 44.70212862362522 58.75556263156035 -18
      vertex 44.70212862362522 58.75556263156035 35
      vertex 45.212998478739955 58.62439354693951 -18
    endloop
  endfacet
  facet normal 0.6845471059286852 -0.7289686274214149 0
    outer loop
      vertex 42.93833176483007 65.6250978449005 -18
      vertex 43.322819243055505 65.98615561965832 -18
      vertex 43.322819243055505 65.98615561965832 35
    endloop
  endfacet
  facet normal 0.5877852522924701 -0.8090169943749497 0
    outer loop
      vertex 43.322819243055505 65.98615561965832 -18
      vertex 43.74952746108821 66.29617728710846 -18
      vertex 43.74952746108821 66.29617728710846 35
    endloop
  endfacet
  facet normal 0.481753674101725 -0.8763066800438583 0
    outer loop
      vertex 43.74952746108821 66.29617728710846 -18
      vertex 44.21172697542669 66.55027362035729 -18
      vertex 44.21172697542669 66.55027362035729 35
    endloop
  endfacet
  facet normal 0.3681245526846719 -0.9297764858882538 0
    outer loop
      vertex 44.21172697542669 66.55027362035729 -18
      vertex 44.70212862362522 66.74443736843965 -18
      vertex 44.70212862362522 66.74443736843965 35
    endloop
  endfacet
  facet normal 0.12533323356430826 0.9921147013144773 0
    outer loop
      vertex 45.212998478739955 58.62439354693951 -18
      vertex 45.212998478739955 58.62439354693951 35
      vertex 45.73627981797688 58.55828774060126 -18
    endloop
  endfacet
  facet normal 0 1 0
    outer loop
      vertex 45.73627981797688 58.55828774060126 -18
      vertex 45.73627981797688 58.55828774060126 35
      vertex 46.26372018202312 58.55828774060126 -18
    endloop
  endfacet
  facet normal -0.12533323356430826 0.9921147013144773 0
    outer loop
      vertex 46.26372018202312 58.55828774060126 -18
      vertex 46.26372018202312 58.55828774060126 35
      vertex 46.787001521260045 58.62439354693951 -18
    endloop
  endfacet
  facet normal -0.24868988716484852 0.9685831611286327 0
    outer loop
      vertex 46.787001521260045 58.62439354693951 -18
      vertex 46.787001521260045 58.62439354693951 35
      vertex 47.29787137637478 58.75556263156035 -18
    endloop
  endfacet
  facet normal -0.3681245526846836 0.9297764858882491 0
    outer loop
      vertex 47.29787137637478 58.75556263156035 -18
      vertex 47.29787137637478 58.75556263156035 35
      vertex 47.78827302457331 58.94972637964272 -18
    endloop
  endfacet
  facet normal -0.48175367410171455 0.8763066800438639 0
    outer loop
      vertex 47.78827302457331 58.94972637964272 -18
      vertex 47.78827302457331 58.94972637964272 35
      vertex 48.25047253891179 59.20382271289154 -18
    endloop
  endfacet
  facet normal -0.5877852522924789 0.8090169943749432 0
    outer loop
      vertex 48.25047253891179 59.20382271289154 -18
      vertex 48.25047253891179 59.20382271289154 35
      vertex 48.677180756944495 59.51384438034169 -18
    endloop
  endfacet
  facet normal 0.24868988716486118 -0.9685831611286295 0
    outer loop
      vertex 44.70212862362522 66.74443736843965 -18
      vertex 45.212998478739955 66.8756064530605 -18
      vertex 45.212998478739955 66.8756064530605 35
    endloop
  endfacet
  facet normal 0.12533323356429332 -0.9921147013144792 0
    outer loop
      vertex 45.212998478739955 66.8756064530605 -18
      vertex 45.736279817976886 66.94171225939874 -18
      vertex 45.736279817976886 66.94171225939874 35
    endloop
  endfacet
  facet normal 0 -1 0
    outer loop
      vertex 45.736279817976886 66.94171225939874 -18
      vertex 46.263720182023114 66.94171225939874 -18
      vertex 46.263720182023114 66.94171225939874 35
    endloop
  endfacet
  facet normal -0.12533323356429332 -0.9921147013144792 0
    outer loop
      vertex 46.263720182023114 66.94171225939874 -18
      vertex 46.787001521260045 66.8756064530605 -18
      vertex 46.787001521260045 66.8756064530605 35
    endloop
  endfacet
  facet normal -0.24868988716486118 -0.9685831611286295 0
    outer loop
      vertex 46.787001521260045 66.8756064530605 -18
      vertex 47.29787137637478 66.74443736843965 -18
      vertex 47.29787137637478 66.74443736843965 35
    endloop
  endfacet
  facet normal -0.3681245526846719 -0.9297764858882538 0
    outer loop
      vertex 47.29787137637478 66.74443736843965 -18
      vertex 47.78827302457331 66.55027362035729 -18
      vertex 47.78827302457331 66.55027362035729 35
    endloop
  endfacet
  facet normal -0.481753674101725 -0.8763066800438583 0
    outer loop
      vertex 47.78827302457331 66.55027362035729 -18
      vertex 48.25047253891179 66.29617728710846 -18
      vertex 48.25047253891179 66.29617728710846 35
    endloop
  endfacet
  facet normal -0.5877852522924701 -0.8090169943749497 0
    outer loop
      vertex 48.25047253891179 66.29617728710846 -18
      vertex 48.677180756944495 65.98615561965832 -18
      vertex 48.677180756944495 65.98615561965832 35
    endloop
  endfacet
  facet normal -0.684547105928678 0.7289686274214215 0
    outer loop
      vertex 48.677180756944495 59.51384438034169 -18
      vertex 48.677180756944495 59.51384438034169 35
      vertex 49.06166823516993 59.874902155099505 -18
    endloop
  endfacet
  facet normal -0.7705132427757934 0.6374239897486849 0
    outer loop
      vertex 49.06166823516993 59.874902155099505 -18
      vertex 49.06166823516993 59.874902155099505 35
      vertex 49.39787137637478 60.28130194037161 -18
    endloop
  endfacet
  facet normal -0.8443279255020185 0.5358267949789912 0
    outer loop
      vertex 49.39787137637478 60.28130194037161 -18
      vertex 49.39787137637478 60.28130194037161 35
      vertex 49.680488056184224 60.726634568772795 -18
    endloop
  endfacet
  facet normal -0.6845471059286918 -0.7289686274214084 0
    outer loop
      vertex 48.677180756944495 65.98615561965832 -18
      vertex 49.061668235169925 65.6250978449005 -18
      vertex 49.061668235169925 65.6250978449005 35
    endloop
  endfacet
  facet normal -0.7705132427757811 -0.6374239897486994 0
    outer loop
      vertex 49.39787137637478 65.2186980596284 -18
      vertex 49.39787137637478 65.2186980596284 35
      vertex 49.061668235169925 65.6250978449005 -18
    endloop
  endfacet
  facet normal -0.8443279255020224 -0.535826794978985 0
    outer loop
      vertex 49.39787137637478 65.2186980596284 -18
      vertex 49.680488056184224 64.7733654312272 -18
      vertex 49.680488056184224 64.7733654312272 35
    endloop
  endfacet
  facet normal -0.9048270524660192 0.42577929156507344 0
    outer loop
      vertex 49.680488056184224 60.726634568772795 -18
      vertex 49.680488056184224 60.726634568772795 35
      vertex 49.90506124073065 61.20387687872435 -18
    endloop
  endfacet
  facet normal -0.9510565162951512 0.30901699437495467 0
    outer loop
      vertex 49.90506124073065 61.20387687872435 -18
      vertex 49.90506124073065 61.20387687872435 35
      vertex 50.068049276740254 61.705502473907615 -18
    endloop
  endfacet
  facet normal -0.9822872507286903 0.18738131458571558 0
    outer loop
      vertex 50.068049276740254 61.705502473907615 -18
      vertex 50.068049276740254 61.705502473907615 35
      vertex 50.166881745520804 62.22360041902992 -18
    endloop
  endfacet
  facet normal -0.9980267284282709 0.0627905195293236 0
    outer loop
      vertex 50.166881745520804 62.22360041902992 -18
      vertex 50.166881745520804 62.22360041902992 35
      vertex 50.2 62.75 -18
    endloop
  endfacet
  facet normal -0.9822872507286908 -0.1873813145857131 0
    outer loop
      vertex 50.068049276740254 63.79449752609239 -18
      vertex 50.166881745520804 63.27639958097008 -18
      vertex 50.166881745520804 63.27639958097008 35
    endloop
  endfacet
  facet normal -0.9510565162951485 -0.30901699437496255 0
    outer loop
      vertex 50.068049276740254 63.79449752609239 -18
      vertex 50.068049276740254 63.79449752609239 35
      vertex 49.90506124073065 64.29612312127564 -18
    endloop
  endfacet
  facet normal -0.9048270524660217 -0.4257792915650683 0
    outer loop
      vertex 49.680488056184224 64.7733654312272 -18
      vertex 49.90506124073065 64.29612312127564 -18
      vertex 49.90506124073065 64.29612312127564 35
    endloop
  endfacet
  facet normal -0.9980267284282709 -0.0627905195293236 0
    outer loop
      vertex 50.2 62.75 -18
      vertex 50.2 62.75 35
      vertex 50.166881745520804 63.27639958097008 -18
    endloop
  endfacet
  facet normal 0.95105651629515 0.30901699437495866 0
    outer loop
      vertex 42.09493875926935 61.20387687872435 -18
      vertex 41.931950723259746 61.70550247390761 35
      vertex 42.09493875926935 61.20387687872435 35
    endloop
  endfacet
  facet normal 0.9822872507286908 0.1873813145857131 0
    outer loop
      vertex 41.931950723259746 61.70550247390761 -18
      vertex 41.833118254479196 62.22360041902992 35
      vertex 41.931950723259746 61.70550247390761 35
    endloop
  endfacet
  facet normal 0.9980267284282709 0.0627905195293236 0
    outer loop
      vertex 41.833118254479196 62.22360041902992 -18
      vertex 41.8 62.75 35
      vertex 41.833118254479196 62.22360041902992 35
    endloop
  endfacet
  facet normal 0.9980267284282709 -0.0627905195293236 0
    outer loop
      vertex 41.8 62.75 -18
      vertex 41.833118254479196 63.27639958097008 35
      vertex 41.8 62.75 35
    endloop
  endfacet
  facet normal 0.9822872507286908 -0.1873813145857131 0
    outer loop
      vertex 41.833118254479196 63.27639958097008 -18
      vertex 41.931950723259746 63.79449752609239 35
      vertex 41.833118254479196 63.27639958097008 35
    endloop
  endfacet
  facet normal 0.9510565162951485 -0.30901699437496255 0
    outer loop
      vertex 41.931950723259746 63.79449752609239 -18
      vertex 42.09493875926935 64.29612312127564 35
      vertex 41.931950723259746 63.79449752609239 35
    endloop
  endfacet
  facet normal 0.9048270524660217 -0.4257792915650683 0
    outer loop
      vertex 42.09493875926935 64.29612312127564 -18
      vertex 42.319511943815776 64.7733654312272 35
      vertex 42.09493875926935 64.29612312127564 35
    endloop
  endfacet
  facet normal 0.9048270524660192 0.42577929156507344 0
    outer loop
      vertex 42.319511943815776 60.726634568772795 -18
      vertex 42.09493875926935 61.20387687872435 35
      vertex 42.319511943815776 60.726634568772795 35
    endloop
  endfacet
  facet normal 0.8443279255020185 0.5358267949789912 0
    outer loop
      vertex 42.60212862362522 60.28130194037161 -18
      vertex 42.319511943815776 60.726634568772795 35
      vertex 42.60212862362522 60.28130194037161 35
    endloop
  endfacet
  facet normal 0.7705132427757934 0.6374239897486849 0
    outer loop
      vertex 42.93833176483007 59.874902155099505 -18
      vertex 42.60212862362522 60.28130194037161 35
      vertex 42.93833176483007 59.874902155099505 35
    endloop
  endfacet
  facet normal 0.8443279255020224 -0.535826794978985 0
    outer loop
      vertex 42.319511943815776 64.7733654312272 -18
      vertex 42.60212862362522 65.2186980596284 35
      vertex 42.319511943815776 64.7733654312272 35
    endloop
  endfacet
  facet normal 0.7705132427757878 -0.6374239897486914 0
    outer loop
      vertex 42.60212862362522 65.2186980596284 -18
      vertex 42.93833176483007 65.6250978449005 35
      vertex 42.60212862362522 65.2186980596284 35
    endloop
  endfacet
  facet normal 0.6845471059286852 -0.7289686274214149 0
    outer loop
      vertex 42.93833176483007 65.6250978449005 -18
      vertex 43.322819243055505 65.98615561965832 35
      vertex 42.93833176483007 65.6250978449005 35
    endloop
  endfacet
  facet normal 0.684547105928678 0.7289686274214215 0
    outer loop
      vertex 43.322819243055505 59.51384438034169 -18
      vertex 42.93833176483007 59.874902155099505 35
      vertex 43.322819243055505 59.51384438034169 35
    endloop
  endfacet
  facet normal 0.5877852522924789 0.8090169943749432 0
    outer loop
      vertex 43.74952746108821 59.20382271289154 -18
      vertex 43.322819243055505 59.51384438034169 35
      vertex 43.74952746108821 59.20382271289154 35
    endloop
  endfacet
  facet normal 0.48175367410171455 0.8763066800438639 0
    outer loop
      vertex 44.21172697542669 58.94972637964272 -18
      vertex 43.74952746108821 59.20382271289154 35
      vertex 44.21172697542669 58.94972637964272 35
    endloop
  endfacet
  facet normal 0.3681245526846836 0.9297764858882491 0
    outer loop
      vertex 44.70212862362522 58.75556263156035 -18
      vertex 44.21172697542669 58.94972637964272 35
      vertex 44.70212862362522 58.75556263156035 35
    endloop
  endfacet
  facet normal 0.5877852522924701 -0.8090169943749497 0
    outer loop
      vertex 43.322819243055505 65.98615561965832 -18
      vertex 43.74952746108821 66.29617728710846 35
      vertex 43.322819243055505 65.98615561965832 35
    endloop
  endfacet
  facet normal 0.481753674101725 -0.8763066800438583 0
    outer loop
      vertex 43.74952746108821 66.29617728710846 -18
      vertex 44.21172697542669 66.55027362035729 35
      vertex 43.74952746108821 66.29617728710846 35
    endloop
  endfacet
  facet normal 0.3681245526846719 -0.9297764858882538 0
    outer loop
      vertex 44.21172697542669 66.55027362035729 -18
      vertex 44.70212862362522 66.74443736843965 35
      vertex 44.21172697542669 66.55027362035729 35
    endloop
  endfacet
  facet normal 0.24868988716486118 -0.9685831611286295 0
    outer loop
      vertex 44.70212862362522 66.74443736843965 -18
      vertex 45.212998478739955 66.8756064530605 35
      vertex 44.70212862362522 66.74443736843965 35
    endloop
  endfacet
  facet normal 0.24868988716484852 0.9685831611286327 0
    outer loop
      vertex 45.212998478739955 58.62439354693951 -18
      vertex 44.70212862362522 58.75556263156035 35
      vertex 45.212998478739955 58.62439354693951 35
    endloop
  endfacet
  facet normal 0.12533323356430826 0.9921147013144773 0
    outer loop
      vertex 45.73627981797688 58.55828774060126 -18
      vertex 45.212998478739955 58.62439354693951 35
      vertex 45.73627981797688 58.55828774060126 35
    endloop
  endfacet
  facet normal 0 1 0
    outer loop
      vertex 46.26372018202312 58.55828774060126 -18
      vertex 45.73627981797688 58.55828774060126 35
      vertex 46.26372018202312 58.55828774060126 35
    endloop
  endfacet
  facet normal -0.12533323356430826 0.9921147013144773 0
    outer loop
      vertex 46.787001521260045 58.62439354693951 -18
      vertex 46.26372018202312 58.55828774060126 35
      vertex 46.787001521260045 58.62439354693951 35
    endloop
  endfacet
  facet normal -0.24868988716484852 0.9685831611286327 0
    outer loop
      vertex 47.29787137637478 58.75556263156035 -18
      vertex 46.787001521260045 58.62439354693951 35
      vertex 47.29787137637478 58.75556263156035 35
    endloop
  endfacet
  facet normal -0.3681245526846836 0.9297764858882491 0
    outer loop
      vertex 47.78827302457331 58.94972637964272 -18
      vertex 47.29787137637478 58.75556263156035 35
      vertex 47.78827302457331 58.94972637964272 35
    endloop
  endfacet
  facet normal -0.48175367410171455 0.8763066800438639 0
    outer loop
      vertex 48.25047253891179 59.20382271289154 -18
      vertex 47.78827302457331 58.94972637964272 35
      vertex 48.25047253891179 59.20382271289154 35
    endloop
  endfacet
  facet normal -0.5877852522924789 0.8090169943749432 0
    outer loop
      vertex 48.677180756944495 59.51384438034169 -18
      vertex 48.25047253891179 59.20382271289154 35
      vertex 48.677180756944495 59.51384438034169 35
    endloop
  endfacet
  facet normal 0.12533323356429332 -0.9921147013144792 0
    outer loop
      vertex 45.212998478739955 66.8756064530605 -18
      vertex 45.736279817976886 66.94171225939874 35
      vertex 45.212998478739955 66.8756064530605 35
    endloop
  endfacet
  facet normal 0 -1 0
    outer loop
      vertex 45.736279817976886 66.94171225939874 -18
      vertex 46.263720182023114 66.94171225939874 35
      vertex 45.736279817976886 66.94171225939874 35
    endloop
  endfacet
  facet normal -0.12533323356429332 -0.9921147013144792 0
    outer loop
      vertex 46.263720182023114 66.94171225939874 -18
      vertex 46.787001521260045 66.8756064530605 35
      vertex 46.263720182023114 66.94171225939874 35
    endloop
  endfacet
  facet normal -0.24868988716486118 -0.9685831611286295 0
    outer loop
      vertex 46.787001521260045 66.8756064530605 -18
      vertex 47.29787137637478 66.74443736843965 35
      vertex 46.787001521260045 66.8756064530605 35
    endloop
  endfacet
  facet normal -0.3681245526846719 -0.9297764858882538 0
    outer loop
      vertex 47.29787137637478 66.74443736843965 -18
      vertex 47.78827302457331 66.55027362035729 35
      vertex 47.29787137637478 66.74443736843965 35
    endloop
  endfacet
  facet normal -0.481753674101725 -0.8763066800438583 0
    outer loop
      vertex 47.78827302457331 66.55027362035729 -18
      vertex 48.25047253891179 66.29617728710846 35
      vertex 47.78827302457331 66.55027362035729 35
    endloop
  endfacet
  facet normal -0.5877852522924701 -0.8090169943749497 0
    outer loop
      vertex 48.25047253891179 66.29617728710846 -18
      vertex 48.677180756944495 65.98615561965832 35
      vertex 48.25047253891179 66.29617728710846 35
    endloop
  endfacet
  facet normal -0.684547105928678 0.7289686274214215 0
    outer loop
      vertex 49.06166823516993 59.874902155099505 -18
      vertex 48.677180756944495 59.51384438034169 35
      vertex 49.06166823516993 59.874902155099505 35
    endloop
  endfacet
  facet normal -0.7705132427757934 0.6374239897486849 0
    outer loop
      vertex 49.39787137637478 60.28130194037161 -18
      vertex 49.06166823516993 59.874902155099505 35
      vertex 49.39787137637478 60.28130194037161 35
    endloop
  endfacet
  facet normal -0.8443279255020185 0.5358267949789912 0
    outer loop
      vertex 49.680488056184224 60.726634568772795 -18
      vertex 49.39787137637478 60.28130194037161 35
      vertex 49.680488056184224 60.726634568772795 35
    endloop
  endfacet
  facet normal -0.7705132427757811 -0.6374239897486994 0
    outer loop
      vertex 49.061668235169925 65.6250978449005 -18
      vertex 49.39787137637478 65.2186980596284 35
      vertex 49.061668235169925 65.6250978449005 35
    endloop
  endfacet
  facet normal -0.8443279255020224 -0.535826794978985 0
    outer loop
      vertex 49.39787137637478 65.2186980596284 -18
      vertex 49.680488056184224 64.7733654312272 35
      vertex 49.39787137637478 65.2186980596284 35
    endloop
  endfacet
  facet normal -0.9048270524660192 0.42577929156507344 0
    outer loop
      vertex 49.90506124073065 61.20387687872435 -18
      vertex 49.680488056184224 60.726634568772795 35
      vertex 49.90506124073065 61.20387687872435 35
    endloop
  endfacet
  facet normal -0.9510565162951512 0.30901699437495467 0
    outer loop
      vertex 50.068049276740254 61.705502473907615 -18
      vertex 49.90506124073065 61.20387687872435 35
      vertex 50.068049276740254 61.705502473907615 35
    endloop
  endfacet
  facet normal -0.9822872507286903 0.18738131458571558 0
    outer loop
      vertex 50.166881745520804 62.22360041902992 -18
      vertex 50.068049276740254 61.705502473907615 35
      vertex 50.166881745520804 62.22360041902992 35
    endloop
  endfacet
  facet normal -0.9980267284282709 0.0627905195293236 0
    outer loop
      vertex 50.2 62.75 -18
      vertex 50.166881745520804 62.22360041902992 35
      vertex 50.2 62.75 35
    endloop
  endfacet
  facet normal -0.9510565162951485 -0.30901699437496255 0
    outer loop
      vertex 49.90506124073065 64.29612312127564 -18
      vertex 50.068049276740254 63.79449752609239 35
      vertex 49.90506124073065 64.29612312127564 35
    endloop
  endfacet
  facet normal -0.9822872507286908 -0.1873813145857131 0
    outer loop
      vertex 50.068049276740254 63.79449752609239 -18
      vertex 50.166881745520804 63.27639958097008 35
      vertex 50.068049276740254 63.79449752609239 35
    endloop
  endfacet
  facet normal -0.9048270524660217 -0.4257792915650683 0
    outer loop
      vertex 49.680488056184224 64.7733654312272 -18
      vertex 49.90506124073065 64.29612312127564 35
      vertex 49.680488056184224 64.7733654312272 35
    endloop
  endfacet
  facet normal -0.9980267284282709 -0.0627905195293236 0
    outer loop
      vertex 50.166881745520804 63.27639958097008 -18
      vertex 50.2 62.75 35
      vertex 50.166881745520804 63.27639958097008 35
    endloop
  endfacet
  facet normal -0.6845471059286918 -0.7289686274214084 0
    outer loop
      vertex 48.677180756944495 65.98615561965832 -18
      vertex 49.061668235169925 65.6250978449005 35
      vertex 48.677180756944495 65.98615561965832 35
    endloop
  endfacet
  facet normal 0.6845471059286831 0.7289686274214168 0
    outer loop
      vertex 10.938331764830071 59.874902155099505 -18
      vertex 10.938331764830071 59.874902155099505 35
      vertex 11.322819243055504 59.51384438034169 -18
    endloop
  endfacet
  facet normal 0.9980267284282718 0.06279051952931018 0
    outer loop
      vertex 9.833118254479192 62.22360041902992 -18
      vertex 9.8 62.75 -18
      vertex 9.8 62.75 35
    endloop
  endfacet
  facet normal 0.9048270524660192 0.42577929156507344 0
    outer loop
      vertex 10.094938759269343 61.20387687872435 -18
      vertex 10.094938759269343 61.20387687872435 35
      vertex 10.319511943815773 60.726634568772795 -18
    endloop
  endfacet
  facet normal 0.9822872507286884 0.18738131458572613 0
    outer loop
      vertex 9.833118254479192 62.22360041902992 -18
      vertex 9.833118254479192 62.22360041902992 35
      vertex 9.93195072325975 61.70550247390761 -18
    endloop
  endfacet
  facet normal 0.9510565162951539 0.30901699437494645 0
    outer loop
      vertex 9.93195072325975 61.70550247390761 -18
      vertex 9.93195072325975 61.70550247390761 35
      vertex 10.094938759269343 61.20387687872435 -18
    endloop
  endfacet
  facet normal 0.9980267284282718 -0.06279051952931018 0
    outer loop
      vertex 9.8 62.75 -18
      vertex 9.833118254479192 63.27639958097008 -18
      vertex 9.833118254479192 63.27639958097008 35
    endloop
  endfacet
  facet normal 0.9822872507286884 -0.18738131458572613 0
    outer loop
      vertex 9.833118254479192 63.27639958097008 -18
      vertex 9.93195072325975 63.79449752609239 -18
      vertex 9.93195072325975 63.79449752609239 35
    endloop
  endfacet
  facet normal 0.9510565162951525 -0.3090169943749504 0
    outer loop
      vertex 9.93195072325975 63.79449752609239 -18
      vertex 10.094938759269343 64.29612312127564 -18
      vertex 10.094938759269343 64.29612312127564 35
    endloop
  endfacet
  facet normal 0.9048270524660217 -0.4257792915650683 0
    outer loop
      vertex 10.094938759269343 64.29612312127564 -18
      vertex 10.319511943815773 64.7733654312272 -18
      vertex 10.319511943815773 64.7733654312272 35
    endloop
  endfacet
  facet normal 0.8443279255020154 0.5358267949789959 0
    outer loop
      vertex 10.319511943815773 60.726634568772795 -18
      vertex 10.319511943815773 60.726634568772795 35
      vertex 10.60212862362522 60.28130194037161 -18
    endloop
  endfacet
  facet normal 0.7705132427757899 0.6374239897486887 0
    outer loop
      vertex 10.60212862362522 60.28130194037161 -18
      vertex 10.60212862362522 60.28130194037161 35
      vertex 10.938331764830071 59.874902155099505 -18
    endloop
  endfacet
  facet normal 0.8443279255020194 -0.5358267949789899 0
    outer loop
      vertex 10.319511943815773 64.7733654312272 -18
      vertex 10.60212862362522 65.2186980596284 -18
      vertex 10.60212862362522 65.2186980596284 35
    endloop
  endfacet
  facet normal 0.7705132427757846 -0.6374239897486954 0
    outer loop
      vertex 10.60212862362522 65.2186980596284 -18
      vertex 10.938331764830071 65.6250978449005 -18
      vertex 10.938331764830071 65.6250978449005 35
    endloop
  endfacet
  facet normal 0.6845471059286902 -0.7289686274214101 0
    outer loop
      vertex 10.938331764830071 65.6250978449005 -18
      vertex 11.322819243055504 65.98615561965832 -18
      vertex 11.322819243055504 65.98615561965832 35
    endloop
  endfacet
  facet normal 0.5877852522924774 0.8090169943749445 0
    outer loop
      vertex 11.322819243055504 59.51384438034169 -18
      vertex 11.322819243055504 59.51384438034169 35
      vertex 11.749527461088213 59.20382271289154 -18
    endloop
  endfacet
  facet normal 0.48175367410171177 0.8763066800438655 0
    outer loop
      vertex 11.749527461088213 59.20382271289154 -18
      vertex 11.749527461088213 59.20382271289154 35
      vertex 12.211726975426696 58.94972637964272 -18
    endloop
  endfacet
  facet normal 0.36812455268468586 0.9297764858882482 0
    outer loop
      vertex 12.211726975426696 58.94972637964272 -18
      vertex 12.211726975426696 58.94972637964272 35
      vertex 12.70212862362522 58.75556263156035 -18
    endloop
  endfacet
  facet normal 0.24868988716484852 0.9685831611286327 0
    outer loop
      vertex 12.70212862362522 58.75556263156035 -18
      vertex 12.70212862362522 58.75556263156035 35
      vertex 13.212998478739955 58.62439354693951 -18
    endloop
  endfacet
  facet normal 0.1253332335643074 0.9921147013144773 0
    outer loop
      vertex 13.212998478739955 58.62439354693951 -18
      vertex 13.212998478739955 58.62439354693951 35
      vertex 13.736279817976882 58.55828774060126 -18
    endloop
  endfacet
  facet normal 0 1 0
    outer loop
      vertex 13.736279817976882 58.55828774060126 -18
      vertex 13.736279817976882 58.55828774060126 35
      vertex 14.26372018202312 58.55828774060126 -18
    endloop
  endfacet
  facet normal -0.12533323356430784 0.9921147013144773 -4.200689559360514e-18
    outer loop
      vertex 14.26372018202312 58.55828774060126 -18
      vertex 14.263720182023118 58.55828774060126 35
      vertex 14.787001521260045 58.62439354693951 -18
    endloop
  endfacet
  facet normal -0.24868988716484852 0.9685831611286327 0
    outer loop
      vertex 14.787001521260045 58.62439354693951 -18
      vertex 14.787001521260045 58.62439354693951 35
      vertex 15.29787137637478 58.75556263156035 -18
    endloop
  endfacet
  facet normal 0.5877852522924685 -0.8090169943749507 0
    outer loop
      vertex 11.322819243055504 65.98615561965832 -18
      vertex 11.749527461088213 66.29617728710846 -18
      vertex 11.749527461088213 66.29617728710846 35
    endloop
  endfacet
  facet normal 0.4817536741017236 -0.876306680043859 0
    outer loop
      vertex 11.749527461088213 66.29617728710846 -18
      vertex 12.211726975426695 66.55027362035729 -18
      vertex 12.211726975426695 66.55027362035729 35
    endloop
  endfacet
  facet normal 0.36812455268467303 -0.9297764858882533 0
    outer loop
      vertex 12.211726975426695 66.55027362035729 -18
      vertex 12.70212862362522 66.74443736843965 -18
      vertex 12.70212862362522 66.74443736843965 35
    endloop
  endfacet
  facet normal 0.2486898871648604 -0.9685831611286297 0
    outer loop
      vertex 12.70212862362522 66.74443736843965 -18
      vertex 13.212998478739957 66.8756064530605 -18
      vertex 13.212998478739957 66.8756064530605 35
    endloop
  endfacet
  facet normal 0.12533323356429416 -0.9921147013144791 0
    outer loop
      vertex 13.212998478739957 66.8756064530605 -18
      vertex 13.736279817976884 66.94171225939874 -18
      vertex 13.736279817976884 66.94171225939874 35
    endloop
  endfacet
  facet normal 0 -1 0
    outer loop
      vertex 13.736279817976884 66.94171225939874 -18
      vertex 14.263720182023116 66.94171225939874 -18
      vertex 14.263720182023116 66.94171225939874 35
    endloop
  endfacet
  facet normal -0.12533323356429416 -0.9921147013144791 0
    outer loop
      vertex 14.263720182023116 66.94171225939874 -18
      vertex 14.787001521260043 66.8756064530605 -18
      vertex 14.787001521260043 66.8756064530605 35
    endloop
  endfacet
  facet normal -0.36812455268468586 0.9297764858882482 0
    outer loop
      vertex 15.29787137637478 58.75556263156035 -18
      vertex 15.29787137637478 58.75556263156035 35
      vertex 15.788273024573304 58.94972637964272 -18
    endloop
  endfacet
  facet normal -0.48175367410171455 0.8763066800438639 0
    outer loop
      vertex 15.788273024573304 58.94972637964272 -18
      vertex 15.788273024573304 58.94972637964272 35
      vertex 16.250472538911783 59.20382271289154 -18
    endloop
  endfacet
  facet normal -0.5877852522924725 0.8090169943749478 0
    outer loop
      vertex 16.250472538911783 59.20382271289154 -18
      vertex 16.250472538911783 59.20382271289154 35
      vertex 16.677180756944498 59.51384438034169 -18
    endloop
  endfacet
  facet normal -0.6845471059286847 0.7289686274214153 0
    outer loop
      vertex 16.677180756944498 59.51384438034169 -18
      vertex 16.677180756944498 59.51384438034169 35
      vertex 17.06166823516993 59.874902155099505 -18
    endloop
  endfacet
  facet normal -0.7705132427757899 0.6374239897486887 0
    outer loop
      vertex 17.06166823516993 59.874902155099505 -18
      vertex 17.06166823516993 59.874902155099505 35
      vertex 17.39787137637478 60.28130194037161 -18
    endloop
  endfacet
  facet normal -0.8443279255020154 0.5358267949789959 0
    outer loop
      vertex 17.39787137637478 60.28130194037161 -18
      vertex 17.39787137637478 60.28130194037161 35
      vertex 17.680488056184227 60.726634568772795 -18
    endloop
  endfacet
  facet normal -0.9048270524660192 0.42577929156507344 0
    outer loop
      vertex 17.680488056184227 60.726634568772795 -18
      vertex 17.680488056184227 60.726634568772795 35
      vertex 17.905061240730657 61.20387687872435 -18
    endloop
  endfacet
  facet normal -0.6845471059286918 -0.7289686274214084 0
    outer loop
      vertex 16.677180756944498 65.98615561965832 -18
      vertex 17.06166823516993 65.6250978449005 -18
      vertex 17.06166823516993 65.6250978449005 35
    endloop
  endfacet
  facet normal -0.7705132427757846 -0.6374239897486954 0
    outer loop
      vertex 17.39787137637478 65.2186980596284 -18
      vertex 17.39787137637478 65.2186980596284 35
      vertex 17.06166823516993 65.6250978449005 -18
    endloop
  endfacet
  facet normal -0.8443279255020194 -0.5358267949789899 0
    outer loop
      vertex 17.39787137637478 65.2186980596284 -18
      vertex 17.680488056184227 64.7733654312272 -18
      vertex 17.680488056184227 64.7733654312272 35
    endloop
  endfacet
  facet normal -0.9510565162951552 0.3090169943749425 0
    outer loop
      vertex 17.905061240730657 61.20387687872435 -18
      vertex 17.905061240730657 61.20387687872435 35
      vertex 18.06804927674025 61.705502473907615 -18
    endloop
  endfacet
  facet normal -0.9822872507286879 0.1873813145857286 0
    outer loop
      vertex 18.06804927674025 61.705502473907615 -18
      vertex 18.06804927674025 61.705502473907615 35
      vertex 18.166881745520808 62.22360041902992 -18
    endloop
  endfacet
  facet normal -0.9980267284282718 0.06279051952931018 0
    outer loop
      vertex 18.166881745520808 62.22360041902992 -18
      vertex 18.166881745520808 62.22360041902992 35
      vertex 18.2 62.75 -18
    endloop
  endfacet
  facet normal -0.9510565162951525 -0.3090169943749504 0
    outer loop
      vertex 18.06804927674025 63.79449752609239 -18
      vertex 18.06804927674025 63.79449752609239 35
      vertex 17.905061240730657 64.29612312127564 -18
    endloop
  endfacet
  facet normal -0.9822872507286884 -0.18738131458572613 0
    outer loop
      vertex 18.06804927674025 63.79449752609239 -18
      vertex 18.166881745520808 63.27639958097008 -18
      vertex 18.166881745520808 63.27639958097008 35
    endloop
  endfacet
  facet normal -0.9980267284282718 -0.06279051952931018 0
    outer loop
      vertex 18.2 62.75 -18
      vertex 18.2 62.75 35
      vertex 18.166881745520808 63.27639958097008 -18
    endloop
  endfacet
  facet normal -0.9048270524660217 -0.4257792915650683 0
    outer loop
      vertex 17.680488056184227 64.7733654312272 -18
      vertex 17.905061240730657 64.29612312127564 -18
      vertex 17.905061240730657 64.29612312127564 35
    endloop
  endfacet
  facet normal -0.2486898871648604 -0.9685831611286297 0
    outer loop
      vertex 14.787001521260043 66.8756064530605 -18
      vertex 15.29787137637478 66.74443736843965 -18
      vertex 15.29787137637478 66.74443736843965 35
    endloop
  endfacet
  facet normal -0.36812455268467303 -0.9297764858882533 0
    outer loop
      vertex 15.29787137637478 66.74443736843965 -18
      vertex 15.788273024573305 66.55027362035729 -18
      vertex 15.788273024573305 66.55027362035729 35
    endloop
  endfacet
  facet normal -0.4817536741017236 -0.876306680043859 0
    outer loop
      vertex 15.788273024573305 66.55027362035729 -18
      vertex 16.250472538911787 66.29617728710846 -18
      vertex 16.250472538911787 66.29617728710846 35
    endloop
  endfacet
  facet normal -0.5877852522924669 -0.809016994374952 0
    outer loop
      vertex 16.250472538911787 66.29617728710846 -18
      vertex 16.677180756944498 65.98615561965832 -18
      vertex 16.677180756944498 65.98615561965832 35
    endloop
  endfacet
  facet normal 0.6845471059286831 0.7289686274214168 0
    outer loop
      vertex 11.322819243055504 59.51384438034169 -18
      vertex 10.938331764830071 59.874902155099505 35
      vertex 11.322819243055504 59.51384438034169 35
    endloop
  endfacet
  facet normal 0.9980267284282718 0.06279051952931018 0
    outer loop
      vertex 9.833118254479192 62.22360041902992 -18
      vertex 9.8 62.75 35
      vertex 9.833118254479192 62.22360041902992 35
    endloop
  endfacet
  facet normal 0.9510565162951539 0.30901699437494645 0
    outer loop
      vertex 10.094938759269343 61.20387687872435 -18
      vertex 9.93195072325975 61.70550247390761 35
      vertex 10.094938759269343 61.20387687872435 35
    endloop
  endfacet
  facet normal 0.9048270524660192 0.42577929156507344 0
    outer loop
      vertex 10.319511943815773 60.726634568772795 -18
      vertex 10.094938759269343 61.20387687872435 35
      vertex 10.319511943815773 60.726634568772795 35
    endloop
  endfacet
  facet normal 0.9822872507286884 0.18738131458572613 0
    outer loop
      vertex 9.93195072325975 61.70550247390761 -18
      vertex 9.833118254479192 62.22360041902992 35
      vertex 9.93195072325975 61.70550247390761 35
    endloop
  endfacet
  facet normal 0.9980267284282718 -0.06279051952931018 0
    outer loop
      vertex 9.8 62.75 -18
      vertex 9.833118254479192 63.27639958097008 35
      vertex 9.8 62.75 35
    endloop
  endfacet
  facet normal 0.9822872507286884 -0.18738131458572613 0
    outer loop
      vertex 9.833118254479192 63.27639958097008 -18
      vertex 9.93195072325975 63.79449752609239 35
      vertex 9.833118254479192 63.27639958097008 35
    endloop
  endfacet
  facet normal 0.9510565162951525 -0.3090169943749504 0
    outer loop
      vertex 9.93195072325975 63.79449752609239 -18
      vertex 10.094938759269343 64.29612312127564 35
      vertex 9.93195072325975 63.79449752609239 35
    endloop
  endfacet
  facet normal 0.9048270524660217 -0.4257792915650683 0
    outer loop
      vertex 10.094938759269343 64.29612312127564 -18
      vertex 10.319511943815773 64.7733654312272 35
      vertex 10.094938759269343 64.29612312127564 35
    endloop
  endfacet
  facet normal 0.8443279255020154 0.5358267949789959 0
    outer loop
      vertex 10.60212862362522 60.28130194037161 -18
      vertex 10.319511943815773 60.726634568772795 35
      vertex 10.60212862362522 60.28130194037161 35
    endloop
  endfacet
  facet normal 0.7705132427757899 0.6374239897486887 0
    outer loop
      vertex 10.938331764830071 59.874902155099505 -18
      vertex 10.60212862362522 60.28130194037161 35
      vertex 10.938331764830071 59.874902155099505 35
    endloop
  endfacet
  facet normal 0.8443279255020194 -0.5358267949789899 0
    outer loop
      vertex 10.319511943815773 64.7733654312272 -18
      vertex 10.60212862362522 65.2186980596284 35
      vertex 10.319511943815773 64.7733654312272 35
    endloop
  endfacet
  facet normal 0.7705132427757846 -0.6374239897486954 0
    outer loop
      vertex 10.60212862362522 65.2186980596284 -18
      vertex 10.938331764830071 65.6250978449005 35
      vertex 10.60212862362522 65.2186980596284 35
    endloop
  endfacet
  facet normal 0.6845471059286902 -0.7289686274214101 0
    outer loop
      vertex 10.938331764830071 65.6250978449005 -18
      vertex 11.322819243055504 65.98615561965832 35
      vertex 10.938331764830071 65.6250978449005 35
    endloop
  endfacet
  facet normal 0.5877852522924774 0.8090169943749445 0
    outer loop
      vertex 11.749527461088213 59.20382271289154 -18
      vertex 11.322819243055504 59.51384438034169 35
      vertex 11.749527461088213 59.20382271289154 35
    endloop
  endfacet
  facet normal 0.48175367410171177 0.8763066800438655 0
    outer loop
      vertex 12.211726975426696 58.94972637964272 -18
      vertex 11.749527461088213 59.20382271289154 35
      vertex 12.211726975426696 58.94972637964272 35
    endloop
  endfacet
  facet normal 0.36812455268468586 0.9297764858882482 0
    outer loop
      vertex 12.70212862362522 58.75556263156035 -18
      vertex 12.211726975426696 58.94972637964272 35
      vertex 12.70212862362522 58.75556263156035 35
    endloop
  endfacet
  facet normal 0.24868988716484852 0.9685831611286327 0
    outer loop
      vertex 13.212998478739955 58.62439354693951 -18
      vertex 12.70212862362522 58.75556263156035 35
      vertex 13.212998478739955 58.62439354693951 35
    endloop
  endfacet
  facet normal 0.1253332335643074 0.9921147013144773 0
    outer loop
      vertex 13.736279817976882 58.55828774060126 -18
      vertex 13.212998478739955 58.62439354693951 35
      vertex 13.736279817976882 58.55828774060126 35
    endloop
  endfacet
  facet normal 0 1 0
    outer loop
      vertex 14.26372018202312 58.55828774060126 -18
      vertex 13.736279817976882 58.55828774060126 35
      vertex 14.263720182023118 58.55828774060126 35
    endloop
  endfacet
  facet normal -0.1253332335643074 0.9921147013144773 0
    outer loop
      vertex 14.787001521260045 58.62439354693951 -18
      vertex 14.263720182023118 58.55828774060126 35
      vertex 14.787001521260045 58.62439354693951 35
    endloop
  endfacet
  facet normal 0.5877852522924685 -0.8090169943749507 0
    outer loop
      vertex 11.322819243055504 65.98615561965832 -18
      vertex 11.749527461088213 66.29617728710846 35
      vertex 11.322819243055504 65.98615561965832 35
    endloop
  endfacet
  facet normal 0.4817536741017236 -0.876306680043859 0
    outer loop
      vertex 11.749527461088213 66.29617728710846 -18
      vertex 12.211726975426695 66.55027362035729 35
      vertex 11.749527461088213 66.29617728710846 35
    endloop
  endfacet
  facet normal 0.36812455268467303 -0.9297764858882533 0
    outer loop
      vertex 12.211726975426695 66.55027362035729 -18
      vertex 12.70212862362522 66.74443736843965 35
      vertex 12.211726975426695 66.55027362035729 35
    endloop
  endfacet
  facet normal 0.2486898871648604 -0.9685831611286297 0
    outer loop
      vertex 12.70212862362522 66.74443736843965 -18
      vertex 13.212998478739957 66.8756064530605 35
      vertex 12.70212862362522 66.74443736843965 35
    endloop
  endfacet
  facet normal 0.12533323356429416 -0.9921147013144791 0
    outer loop
      vertex 13.212998478739957 66.8756064530605 -18
      vertex 13.736279817976884 66.94171225939874 35
      vertex 13.212998478739957 66.8756064530605 35
    endloop
  endfacet
  facet normal 0 -1 0
    outer loop
      vertex 13.736279817976884 66.94171225939874 -18
      vertex 14.263720182023116 66.94171225939874 35
      vertex 13.736279817976884 66.94171225939874 35
    endloop
  endfacet
  facet normal -0.12533323356429416 -0.9921147013144791 0
    outer loop
      vertex 14.263720182023116 66.94171225939874 -18
      vertex 14.787001521260043 66.8756064530605 35
      vertex 14.263720182023116 66.94171225939874 35
    endloop
  endfacet
  facet normal -0.2486898871648604 -0.9685831611286297 0
    outer loop
      vertex 14.787001521260043 66.8756064530605 -18
      vertex 15.29787137637478 66.74443736843965 35
      vertex 14.787001521260043 66.8756064530605 35
    endloop
  endfacet
  facet normal -0.24868988716484852 0.9685831611286327 0
    outer loop
      vertex 15.29787137637478 58.75556263156035 -18
      vertex 14.787001521260045 58.62439354693951 35
      vertex 15.29787137637478 58.75556263156035 35
    endloop
  endfacet
  facet normal -0.36812455268468586 0.9297764858882482 0
    outer loop
      vertex 15.788273024573304 58.94972637964272 -18
      vertex 15.29787137637478 58.75556263156035 35
      vertex 15.788273024573304 58.94972637964272 35
    endloop
  endfacet
  facet normal -0.48175367410171455 0.8763066800438639 0
    outer loop
      vertex 16.250472538911783 59.20382271289154 -18
      vertex 15.788273024573304 58.94972637964272 35
      vertex 16.250472538911783 59.20382271289154 35
    endloop
  endfacet
  facet normal -0.5877852522924725 0.8090169943749478 0
    outer loop
      vertex 16.677180756944498 59.51384438034169 -18
      vertex 16.250472538911783 59.20382271289154 35
      vertex 16.677180756944498 59.51384438034169 35
    endloop
  endfacet
  facet normal -0.6845471059286847 0.7289686274214153 0
    outer loop
      vertex 17.06166823516993 59.874902155099505 -18
      vertex 16.677180756944498 59.51384438034169 35
      vertex 17.06166823516993 59.874902155099505 35
    endloop
  endfacet
  facet normal -0.7705132427757899 0.6374239897486887 0
    outer loop
      vertex 17.39787137637478 60.28130194037161 -18
      vertex 17.06166823516993 59.874902155099505 35
      vertex 17.39787137637478 60.28130194037161 35
    endloop
  endfacet
  facet normal -0.8443279255020154 0.5358267949789959 0
    outer loop
      vertex 17.680488056184227 60.726634568772795 -18
      vertex 17.39787137637478 60.28130194037161 35
      vertex 17.680488056184227 60.726634568772795 35
    endloop
  endfacet
  facet normal -0.7705132427757846 -0.6374239897486954 0
    outer loop
      vertex 17.06166823516993 65.6250978449005 -18
      vertex 17.39787137637478 65.2186980596284 35
      vertex 17.06166823516993 65.6250978449005 35
    endloop
  endfacet
  facet normal -0.8443279255020194 -0.5358267949789899 0
    outer loop
      vertex 17.39787137637478 65.2186980596284 -18
      vertex 17.680488056184227 64.7733654312272 35
      vertex 17.39787137637478 65.2186980596284 35
    endloop
  endfacet
  facet normal -0.9048270524660217 -0.4257792915650683 0
    outer loop
      vertex 17.680488056184227 64.7733654312272 -18
      vertex 17.905061240730657 64.29612312127564 35
      vertex 17.680488056184227 64.7733654312272 35
    endloop
  endfacet
  facet normal -0.9048270524660192 0.42577929156507344 0
    outer loop
      vertex 17.905061240730657 61.20387687872435 -18
      vertex 17.680488056184227 60.726634568772795 35
      vertex 17.905061240730657 61.20387687872435 35
    endloop
  endfacet
  facet normal -0.9510565162951552 0.3090169943749425 0
    outer loop
      vertex 18.06804927674025 61.705502473907615 -18
      vertex 17.905061240730657 61.20387687872435 35
      vertex 18.06804927674025 61.705502473907615 35
    endloop
  endfacet
  facet normal -0.9822872507286879 0.1873813145857286 0
    outer loop
      vertex 18.166881745520808 62.22360041902992 -18
      vertex 18.06804927674025 61.705502473907615 35
      vertex 18.166881745520808 62.22360041902992 35
    endloop
  endfacet
  facet normal -0.9980267284282718 0.06279051952931018 0
    outer loop
      vertex 18.2 62.75 -18
      vertex 18.166881745520808 62.22360041902992 35
      vertex 18.2 62.75 35
    endloop
  endfacet
  facet normal -0.9510565162951525 -0.3090169943749504 0
    outer loop
      vertex 17.905061240730657 64.29612312127564 -18
      vertex 18.06804927674025 63.79449752609239 35
      vertex 17.905061240730657 64.29612312127564 35
    endloop
  endfacet
  facet normal -0.9980267284282718 -0.06279051952931018 0
    outer loop
      vertex 18.166881745520808 63.27639958097008 -18
      vertex 18.2 62.75 35
      vertex 18.166881745520808 63.27639958097008 35
    endloop
  endfacet
  facet normal -0.9822872507286884 -0.18738131458572613 0
    outer loop
      vertex 18.06804927674025 63.79449752609239 -18
      vertex 18.166881745520808 63.27639958097008 35
      vertex 18.06804927674025 63.79449752609239 35
    endloop
  endfacet
  facet normal -0.36812455268467303 -0.9297764858882533 0
    outer loop
      vertex 15.29787137637478 66.74443736843965 -18
      vertex 15.788273024573305 66.55027362035729 35
      vertex 15.29787137637478 66.74443736843965 35
    endloop
  endfacet
  facet normal -0.4817536741017236 -0.876306680043859 0
    outer loop
      vertex 15.788273024573305 66.55027362035729 -18
      vertex 16.250472538911787 66.29617728710846 35
      vertex 15.788273024573305 66.55027362035729 35
    endloop
  endfacet
  facet normal -0.5877852522924669 -0.809016994374952 0
    outer loop
      vertex 16.250472538911787 66.29617728710846 -18
      vertex 16.677180756944498 65.98615561965832 35
      vertex 16.250472538911787 66.29617728710846 35
    endloop
  endfacet
  facet normal -0.6845471059286918 -0.7289686274214084 0
    outer loop
      vertex 16.677180756944498 65.98615561965832 -18
      vertex 17.06166823516993 65.6250978449005 35
      vertex 16.677180756944498 65.98615561965832 35
    endloop
  endfacet
  facet normal 0.95105651629515 0.30901699437495866 0
    outer loop
      vertex 42.09493875926935 -101.29612312127564 -18
      vertex 41.931950723259746 -100.79449752609239 -18
      vertex 41.931950723259746 -100.79449752609239 35
    endloop
  endfacet
  facet normal 0.9048270524660217 0.4257792915650683 0
    outer loop
      vertex 42.09493875926935 -101.29612312127564 -18
      vertex 42.09493875926935 -101.29612312127564 35
      vertex 42.319511943815776 -101.7733654312272 -18
    endloop
  endfacet
  facet normal 0.8443279255020224 0.535826794978985 0
    outer loop
      vertex 42.319511943815776 -101.7733654312272 -18
      vertex 42.319511943815776 -101.7733654312272 35
      vertex 42.60212862362522 -102.2186980596284 -18
    endloop
  endfacet
  facet normal 0.7705132427757878 0.6374239897486914 0
    outer loop
      vertex 42.93833176483007 -102.6250978449005 -18
      vertex 42.60212862362522 -102.2186980596284 -18
      vertex 42.60212862362522 -102.2186980596284 35
    endloop
  endfacet
  facet normal 0.6845471059286852 0.7289686274214149 0
    outer loop
      vertex 42.93833176483007 -102.6250978449005 -18
      vertex 42.93833176483007 -102.6250978449005 35
      vertex 43.322819243055505 -102.98615561965832 -18
    endloop
  endfacet
  facet normal 0.5877852522924701 0.8090169943749497 0
    outer loop
      vertex 43.322819243055505 -102.98615561965832 -18
      vertex 43.322819243055505 -102.98615561965832 35
      vertex 43.74952746108821 -103.29617728710846 -18
    endloop
  endfacet
  facet normal 0.481753674101725 0.8763066800438583 0
    outer loop
      vertex 43.74952746108821 -103.29617728710846 -18
      vertex 43.74952746108821 -103.29617728710846 35
      vertex 44.21172697542669 -103.55027362035729 -18
    endloop
  endfacet
  facet normal 0.3681245526846719 0.9297764858882538 0
    outer loop
      vertex 44.21172697542669 -103.55027362035729 -18
      vertex 44.21172697542669 -103.55027362035729 35
      vertex 44.70212862362522 -103.74443736843965 -18
    endloop
  endfacet
  facet normal 0.24868988716486118 0.9685831611286295 0
    outer loop
      vertex 44.70212862362522 -103.74443736843965 -18
      vertex 44.70212862362522 -103.74443736843965 35
      vertex 45.212998478739955 -103.8756064530605 -18
    endloop
  endfacet
  facet normal 0.9822872507286903 0.18738131458571558 0
    outer loop
      vertex 41.833118254479196 -100.27639958097008 -18
      vertex 41.833118254479196 -100.27639958097008 35
      vertex 41.931950723259746 -100.79449752609239 -18
    endloop
  endfacet
  facet normal 0.9980267284282709 0.0627905195293236 0
    outer loop
      vertex 41.833118254479196 -100.27639958097008 -18
      vertex 41.8 -99.75 -18
      vertex 41.8 -99.75 35
    endloop
  endfacet
  facet normal 0.9980267284282709 -0.0627905195293236 0
    outer loop
      vertex 41.8 -99.75 -18
      vertex 41.833118254479196 -99.22360041902992 -18
      vertex 41.833118254479196 -99.22360041902992 35
    endloop
  endfacet
  facet normal 0.9822872507286903 -0.18738131458571558 0
    outer loop
      vertex 41.833118254479196 -99.22360041902992 -18
      vertex 41.931950723259746 -98.70550247390761 -18
      vertex 41.931950723259746 -98.70550247390761 35
    endloop
  endfacet
  facet normal 0.95105651629515 -0.30901699437495866 0
    outer loop
      vertex 41.931950723259746 -98.70550247390761 -18
      vertex 42.09493875926935 -98.20387687872436 -18
      vertex 42.09493875926935 -98.20387687872436 35
    endloop
  endfacet
  facet normal 0.9048270524660217 -0.4257792915650683 0
    outer loop
      vertex 42.09493875926935 -98.20387687872436 -18
      vertex 42.319511943815776 -97.7266345687728 -18
      vertex 42.319511943815776 -97.7266345687728 35
    endloop
  endfacet
  facet normal 0.8443279255020224 -0.535826794978985 0
    outer loop
      vertex 42.319511943815776 -97.7266345687728 -18
      vertex 42.60212862362522 -97.2813019403716 -18
      vertex 42.60212862362522 -97.2813019403716 35
    endloop
  endfacet
  facet normal 0.7705132427757878 -0.6374239897486914 0
    outer loop
      vertex 42.60212862362522 -97.2813019403716 -18
      vertex 42.93833176483007 -96.8749021550995 -18
      vertex 42.93833176483007 -96.8749021550995 35
    endloop
  endfacet
  facet normal 0.6845471059286852 -0.7289686274214149 0
    outer loop
      vertex 42.93833176483007 -96.8749021550995 -18
      vertex 43.322819243055505 -96.51384438034168 -18
      vertex 43.322819243055505 -96.51384438034168 35
    endloop
  endfacet
  facet normal 0.5877852522924701 -0.8090169943749497 0
    outer loop
      vertex 43.322819243055505 -96.51384438034168 -18
      vertex 43.74952746108821 -96.20382271289154 -18
      vertex 43.74952746108821 -96.20382271289154 35
    endloop
  endfacet
  facet normal 0.481753674101725 -0.8763066800438583 0
    outer loop
      vertex 43.74952746108821 -96.20382271289154 -18
      vertex 44.21172697542669 -95.94972637964271 -18
      vertex 44.21172697542669 -95.94972637964271 35
    endloop
  endfacet
  facet normal 0.3681245526846719 -0.9297764858882538 0
    outer loop
      vertex 44.21172697542669 -95.94972637964271 -18
      vertex 44.70212862362522 -95.75556263156035 -18
      vertex 44.70212862362522 -95.75556263156035 35
    endloop
  endfacet
  facet normal 0.125333233564295 0.9921147013144791 0
    outer loop
      vertex 45.212998478739955 -103.8756064530605 -18
      vertex 45.212998478739955 -103.8756064530605 35
      vertex 45.73627981797688 -103.94171225939874 -18
    endloop
  endfacet
  facet normal 0 1 0
    outer loop
      vertex 45.73627981797688 -103.94171225939874 -18
      vertex 45.73627981797688 -103.94171225939874 35
      vertex 46.26372018202312 -103.94171225939874 -18
    endloop
  endfacet
  facet normal -0.125333233564295 0.9921147013144791 0
    outer loop
      vertex 46.26372018202312 -103.94171225939874 -18
      vertex 46.26372018202312 -103.94171225939874 35
      vertex 46.787001521260045 -103.8756064530605 -18
    endloop
  endfacet
  facet normal -0.24868988716486118 0.9685831611286295 0
    outer loop
      vertex 46.787001521260045 -103.8756064530605 -18
      vertex 46.787001521260045 -103.8756064530605 35
      vertex 47.29787137637478 -103.74443736843965 -18
    endloop
  endfacet
  facet normal -0.3681245526846719 0.9297764858882538 0
    outer loop
      vertex 47.29787137637478 -103.74443736843965 -18
      vertex 47.29787137637478 -103.74443736843965 35
      vertex 47.78827302457331 -103.55027362035729 -18
    endloop
  endfacet
  facet normal -0.481753674101725 0.8763066800438583 0
    outer loop
      vertex 47.78827302457331 -103.55027362035729 -18
      vertex 47.78827302457331 -103.55027362035729 35
      vertex 48.25047253891179 -103.29617728710846 -18
    endloop
  endfacet
  facet normal -0.5877852522924701 0.8090169943749497 0
    outer loop
      vertex 48.25047253891179 -103.29617728710846 -18
      vertex 48.25047253891179 -103.29617728710846 35
      vertex 48.677180756944495 -102.98615561965832 -18
    endloop
  endfacet
  facet normal 0.24868988716486118 -0.9685831611286295 0
    outer loop
      vertex 44.70212862362522 -95.75556263156035 -18
      vertex 45.212998478739955 -95.6243935469395 -18
      vertex 45.212998478739955 -95.6243935469395 35
    endloop
  endfacet
  facet normal 0.12533323356429332 -0.9921147013144792 0
    outer loop
      vertex 45.212998478739955 -95.6243935469395 -18
      vertex 45.736279817976886 -95.55828774060126 -18
      vertex 45.736279817976886 -95.55828774060126 35
    endloop
  endfacet
  facet normal 0 -1 0
    outer loop
      vertex 45.736279817976886 -95.55828774060126 -18
      vertex 46.263720182023114 -95.55828774060126 -18
      vertex 46.263720182023114 -95.55828774060126 35
    endloop
  endfacet
  facet normal -0.12533323356429332 -0.9921147013144792 0
    outer loop
      vertex 46.263720182023114 -95.55828774060126 -18
      vertex 46.787001521260045 -95.6243935469395 -18
      vertex 46.787001521260045 -95.6243935469395 35
    endloop
  endfacet
  facet normal -0.24868988716486118 -0.9685831611286295 0
    outer loop
      vertex 46.787001521260045 -95.6243935469395 -18
      vertex 47.29787137637478 -95.75556263156035 -18
      vertex 47.29787137637478 -95.75556263156035 35
    endloop
  endfacet
  facet normal -0.3681245526846719 -0.9297764858882538 0
    outer loop
      vertex 47.29787137637478 -95.75556263156035 -18
      vertex 47.78827302457331 -95.94972637964271 -18
      vertex 47.78827302457331 -95.94972637964271 35
    endloop
  endfacet
  facet normal -0.481753674101725 -0.8763066800438583 0
    outer loop
      vertex 47.78827302457331 -95.94972637964271 -18
      vertex 48.25047253891179 -96.20382271289154 -18
      vertex 48.25047253891179 -96.20382271289154 35
    endloop
  endfacet
  facet normal -0.5877852522924701 -0.8090169943749497 0
    outer loop
      vertex 48.25047253891179 -96.20382271289154 -18
      vertex 48.677180756944495 -96.51384438034168 -18
      vertex 48.677180756944495 -96.51384438034168 35
    endloop
  endfacet
  facet normal -0.6845471059286852 0.7289686274214149 0
    outer loop
      vertex 48.677180756944495 -102.98615561965832 -18
      vertex 48.677180756944495 -102.98615561965832 35
      vertex 49.06166823516993 -102.6250978449005 -18
    endloop
  endfacet
  facet normal -0.7705132427757878 0.6374239897486914 0
    outer loop
      vertex 49.06166823516993 -102.6250978449005 -18
      vertex 49.06166823516993 -102.6250978449005 35
      vertex 49.39787137637478 -102.2186980596284 -18
    endloop
  endfacet
  facet normal -0.8443279255020224 0.535826794978985 0
    outer loop
      vertex 49.39787137637478 -102.2186980596284 -18
      vertex 49.39787137637478 -102.2186980596284 35
      vertex 49.680488056184224 -101.7733654312272 -18
    endloop
  endfacet
  facet normal -0.9048270524660167 0.4257792915650786 0
    outer loop
      vertex 49.680488056184224 -101.7733654312272 -18
      vertex 49.680488056184224 -101.7733654312272 35
      vertex 49.90506124073065 -101.29612312127566 -18
    endloop
  endfacet
  facet normal -0.9510565162951525 0.3090169943749507 0
    outer loop
      vertex 49.90506124073065 -101.29612312127566 -18
      vertex 49.90506124073065 -101.29612312127566 35
      vertex 50.068049276740254 -100.79449752609239 -18
    endloop
  endfacet
  facet normal -0.6845471059286918 -0.7289686274214084 0
    outer loop
      vertex 48.677180756944495 -96.51384438034168 -18
      vertex 49.061668235169925 -96.8749021550995 -18
      vertex 49.061668235169925 -96.8749021550995 35
    endloop
  endfacet
  facet normal -0.7705132427757811 -0.6374239897486994 0
    outer loop
      vertex 49.061668235169925 -96.8749021550995 -18
      vertex 49.39787137637478 -97.2813019403716 -18
      vertex 49.39787137637478 -97.2813019403716 35
    endloop
  endfacet
  facet normal -0.8443279255020224 -0.535826794978985 0
    outer loop
      vertex 49.39787137637478 -97.2813019403716 -18
      vertex 49.680488056184224 -97.7266345687728 -18
      vertex 49.680488056184224 -97.7266345687728 35
    endloop
  endfacet
  facet normal -0.9822872507286903 0.18738131458571558 0
    outer loop
      vertex 50.068049276740254 -100.79449752609239 -18
      vertex 50.068049276740254 -100.79449752609239 35
      vertex 50.166881745520804 -100.27639958097008 -18
    endloop
  endfacet
  facet normal -0.9048270524660217 -0.4257792915650683 0
    outer loop
      vertex 49.680488056184224 -97.7266345687728 -18
      vertex 49.90506124073065 -98.20387687872436 -18
      vertex 49.90506124073065 -98.20387687872436 35
    endloop
  endfacet
  facet normal -0.9822872507286903 -0.18738131458571558 0
    outer loop
      vertex 50.068049276740254 -98.70550247390761 -18
      vertex 50.166881745520804 -99.22360041902992 -18
      vertex 50.166881745520804 -99.22360041902992 35
    endloop
  endfacet
  facet normal -0.95105651629515 -0.30901699437495866 0
    outer loop
      vertex 49.90506124073065 -98.20387687872436 -18
      vertex 50.068049276740254 -98.70550247390761 -18
      vertex 50.068049276740254 -98.70550247390761 35
    endloop
  endfacet
  facet normal -0.9980267284282709 0.0627905195293236 0
    outer loop
      vertex 50.166881745520804 -100.27639958097008 -18
      vertex 50.166881745520804 -100.27639958097008 35
      vertex 50.2 -99.75 -18
    endloop
  endfacet
  facet normal -0.9980267284282709 -0.0627905195293236 0
    outer loop
      vertex 50.2 -99.75 -18
      vertex 50.2 -99.75 35
      vertex 50.166881745520804 -99.22360041902992 -18
    endloop
  endfacet
  facet normal 0.95105651629515 0.30901699437495866 0
    outer loop
      vertex 42.09493875926935 -101.29612312127564 -18
      vertex 41.931950723259746 -100.79449752609239 35
      vertex 42.09493875926935 -101.29612312127564 35
    endloop
  endfacet
  facet normal 0.9048270524660217 0.4257792915650683 0
    outer loop
      vertex 42.319511943815776 -101.7733654312272 -18
      vertex 42.09493875926935 -101.29612312127564 35
      vertex 42.319511943815776 -101.7733654312272 35
    endloop
  endfacet
  facet normal 0.8443279255020224 0.535826794978985 0
    outer loop
      vertex 42.60212862362522 -102.2186980596284 -18
      vertex 42.319511943815776 -101.7733654312272 35
      vertex 42.60212862362522 -102.2186980596284 35
    endloop
  endfacet
  facet normal 0.7705132427757878 0.6374239897486914 0
    outer loop
      vertex 42.93833176483007 -102.6250978449005 -18
      vertex 42.60212862362522 -102.2186980596284 35
      vertex 42.93833176483007 -102.6250978449005 35
    endloop
  endfacet
  facet normal 0.6845471059286852 0.7289686274214149 0
    outer loop
      vertex 43.322819243055505 -102.98615561965832 -18
      vertex 42.93833176483007 -102.6250978449005 35
      vertex 43.322819243055505 -102.98615561965832 35
    endloop
  endfacet
  facet normal 0.5877852522924701 0.8090169943749497 0
    outer loop
      vertex 43.74952746108821 -103.29617728710846 -18
      vertex 43.322819243055505 -102.98615561965832 35
      vertex 43.74952746108821 -103.29617728710846 35
    endloop
  endfacet
  facet normal 0.481753674101725 0.8763066800438583 0
    outer loop
      vertex 44.21172697542669 -103.55027362035729 -18
      vertex 43.74952746108821 -103.29617728710846 35
      vertex 44.21172697542669 -103.55027362035729 35
    endloop
  endfacet
  facet normal 0.3681245526846719 0.9297764858882538 0
    outer loop
      vertex 44.70212862362522 -103.74443736843965 -18
      vertex 44.21172697542669 -103.55027362035729 35
      vertex 44.70212862362522 -103.74443736843965 35
    endloop
  endfacet
  facet normal 0.9980267284282709 0.0627905195293236 0
    outer loop
      vertex 41.833118254479196 -100.27639958097008 -18
      vertex 41.8 -99.75 35
      vertex 41.833118254479196 -100.27639958097008 35
    endloop
  endfacet
  facet normal 0.9822872507286903 0.18738131458571558 0
    outer loop
      vertex 41.931950723259746 -100.79449752609239 -18
      vertex 41.833118254479196 -100.27639958097008 35
      vertex 41.931950723259746 -100.79449752609239 35
    endloop
  endfacet
  facet normal 0.9980267284282709 -0.0627905195293236 0
    outer loop
      vertex 41.8 -99.75 -18
      vertex 41.833118254479196 -99.22360041902992 35
      vertex 41.8 -99.75 35
    endloop
  endfacet
  facet normal 0.9822872507286903 -0.18738131458571558 0
    outer loop
      vertex 41.833118254479196 -99.22360041902992 -18
      vertex 41.931950723259746 -98.70550247390761 35
      vertex 41.833118254479196 -99.22360041902992 35
    endloop
  endfacet
  facet normal 0.95105651629515 -0.30901699437495866 0
    outer loop
      vertex 41.931950723259746 -98.70550247390761 -18
      vertex 42.09493875926935 -98.20387687872436 35
      vertex 41.931950723259746 -98.70550247390761 35
    endloop
  endfacet
  facet normal 0.9048270524660217 -0.4257792915650683 0
    outer loop
      vertex 42.09493875926935 -98.20387687872436 -18
      vertex 42.319511943815776 -97.7266345687728 35
      vertex 42.09493875926935 -98.20387687872436 35
    endloop
  endfacet
  facet normal 0.8443279255020224 -0.535826794978985 0
    outer loop
      vertex 42.319511943815776 -97.7266345687728 -18
      vertex 42.60212862362522 -97.2813019403716 35
      vertex 42.319511943815776 -97.7266345687728 35
    endloop
  endfacet
  facet normal 0.7705132427757878 -0.6374239897486914 0
    outer loop
      vertex 42.60212862362522 -97.2813019403716 -18
      vertex 42.93833176483007 -96.8749021550995 35
      vertex 42.60212862362522 -97.2813019403716 35
    endloop
  endfacet
  facet normal 0.6845471059286852 -0.7289686274214149 0
    outer loop
      vertex 42.93833176483007 -96.8749021550995 -18
      vertex 43.322819243055505 -96.51384438034168 35
      vertex 42.93833176483007 -96.8749021550995 35
    endloop
  endfacet
  facet normal 0.5877852522924701 -0.8090169943749497 0
    outer loop
      vertex 43.322819243055505 -96.51384438034168 -18
      vertex 43.74952746108821 -96.20382271289154 35
      vertex 43.322819243055505 -96.51384438034168 35
    endloop
  endfacet
  facet normal 0.481753674101725 -0.8763066800438583 0
    outer loop
      vertex 43.74952746108821 -96.20382271289154 -18
      vertex 44.21172697542669 -95.94972637964271 35
      vertex 43.74952746108821 -96.20382271289154 35
    endloop
  endfacet
  facet normal 0.3681245526846719 -0.9297764858882538 0
    outer loop
      vertex 44.21172697542669 -95.94972637964271 -18
      vertex 44.70212862362522 -95.75556263156035 35
      vertex 44.21172697542669 -95.94972637964271 35
    endloop
  endfacet
  facet normal 0.24868988716486118 -0.9685831611286295 0
    outer loop
      vertex 44.70212862362522 -95.75556263156035 -18
      vertex 45.212998478739955 -95.6243935469395 35
      vertex 44.70212862362522 -95.75556263156035 35
    endloop
  endfacet
  facet normal 0.24868988716486118 0.9685831611286295 0
    outer loop
      vertex 45.212998478739955 -103.8756064530605 -18
      vertex 44.70212862362522 -103.74443736843965 35
      vertex 45.212998478739955 -103.8756064530605 35
    endloop
  endfacet
  facet normal 0.125333233564295 0.9921147013144791 0
    outer loop
      vertex 45.73627981797688 -103.94171225939874 -18
      vertex 45.212998478739955 -103.8756064530605 35
      vertex 45.73627981797688 -103.94171225939874 35
    endloop
  endfacet
  facet normal 0 1 0
    outer loop
      vertex 46.26372018202312 -103.94171225939874 -18
      vertex 45.73627981797688 -103.94171225939874 35
      vertex 46.26372018202312 -103.94171225939874 35
    endloop
  endfacet
  facet normal -0.125333233564295 0.9921147013144791 0
    outer loop
      vertex 46.787001521260045 -103.8756064530605 -18
      vertex 46.26372018202312 -103.94171225939874 35
      vertex 46.787001521260045 -103.8756064530605 35
    endloop
  endfacet
  facet normal -0.24868988716486118 0.9685831611286295 0
    outer loop
      vertex 47.29787137637478 -103.74443736843965 -18
      vertex 46.787001521260045 -103.8756064530605 35
      vertex 47.29787137637478 -103.74443736843965 35
    endloop
  endfacet
  facet normal -0.3681245526846719 0.9297764858882538 0
    outer loop
      vertex 47.78827302457331 -103.55027362035729 -18
      vertex 47.29787137637478 -103.74443736843965 35
      vertex 47.78827302457331 -103.55027362035729 35
    endloop
  endfacet
  facet normal -0.481753674101725 0.8763066800438583 0
    outer loop
      vertex 48.25047253891179 -103.29617728710846 -18
      vertex 47.78827302457331 -103.55027362035729 35
      vertex 48.25047253891179 -103.29617728710846 35
    endloop
  endfacet
  facet normal -0.5877852522924701 0.8090169943749497 0
    outer loop
      vertex 48.677180756944495 -102.98615561965832 -18
      vertex 48.25047253891179 -103.29617728710846 35
      vertex 48.677180756944495 -102.98615561965832 35
    endloop
  endfacet
  facet normal 0.12533323356429332 -0.9921147013144792 0
    outer loop
      vertex 45.212998478739955 -95.6243935469395 -18
      vertex 45.736279817976886 -95.55828774060126 35
      vertex 45.212998478739955 -95.6243935469395 35
    endloop
  endfacet
  facet normal 0 -1 0
    outer loop
      vertex 45.736279817976886 -95.55828774060126 -18
      vertex 46.263720182023114 -95.55828774060126 35
      vertex 45.736279817976886 -95.55828774060126 35
    endloop
  endfacet
  facet normal -0.12533323356429332 -0.9921147013144792 0
    outer loop
      vertex 46.263720182023114 -95.55828774060126 -18
      vertex 46.787001521260045 -95.6243935469395 35
      vertex 46.263720182023114 -95.55828774060126 35
    endloop
  endfacet
  facet normal -0.24868988716486118 -0.9685831611286295 0
    outer loop
      vertex 46.787001521260045 -95.6243935469395 -18
      vertex 47.29787137637478 -95.75556263156035 35
      vertex 46.787001521260045 -95.6243935469395 35
    endloop
  endfacet
  facet normal -0.3681245526846719 -0.9297764858882538 0
    outer loop
      vertex 47.29787137637478 -95.75556263156035 -18
      vertex 47.78827302457331 -95.94972637964271 35
      vertex 47.29787137637478 -95.75556263156035 35
    endloop
  endfacet
  facet normal -0.481753674101725 -0.8763066800438583 0
    outer loop
      vertex 47.78827302457331 -95.94972637964271 -18
      vertex 48.25047253891179 -96.20382271289154 35
      vertex 47.78827302457331 -95.94972637964271 35
    endloop
  endfacet
  facet normal -0.5877852522924701 -0.8090169943749497 0
    outer loop
      vertex 48.25047253891179 -96.20382271289154 -18
      vertex 48.677180756944495 -96.51384438034168 35
      vertex 48.25047253891179 -96.20382271289154 35
    endloop
  endfacet
  facet normal -0.6845471059286852 0.7289686274214149 0
    outer loop
      vertex 49.06166823516993 -102.6250978449005 -18
      vertex 48.677180756944495 -102.98615561965832 35
      vertex 49.06166823516993 -102.6250978449005 35
    endloop
  endfacet
  facet normal -0.7705132427757878 0.6374239897486914 0
    outer loop
      vertex 49.39787137637478 -102.2186980596284 -18
      vertex 49.06166823516993 -102.6250978449005 35
      vertex 49.39787137637478 -102.2186980596284 35
    endloop
  endfacet
  facet normal -0.8443279255020224 0.535826794978985 0
    outer loop
      vertex 49.680488056184224 -101.7733654312272 -18
      vertex 49.39787137637478 -102.2186980596284 35
      vertex 49.680488056184224 -101.7733654312272 35
    endloop
  endfacet
  facet normal -0.9048270524660167 0.4257792915650786 0
    outer loop
      vertex 49.90506124073065 -101.29612312127566 -18
      vertex 49.680488056184224 -101.7733654312272 35
      vertex 49.90506124073065 -101.29612312127566 35
    endloop
  endfacet
  facet normal -0.9510565162951525 0.3090169943749507 0
    outer loop
      vertex 50.068049276740254 -100.79449752609239 -18
      vertex 49.90506124073065 -101.29612312127566 35
      vertex 50.068049276740254 -100.79449752609239 35
    endloop
  endfacet
  facet normal -0.6845471059286918 -0.7289686274214084 0
    outer loop
      vertex 48.677180756944495 -96.51384438034168 -18
      vertex 49.061668235169925 -96.8749021550995 35
      vertex 48.677180756944495 -96.51384438034168 35
    endloop
  endfacet
  facet normal -0.7705132427757811 -0.6374239897486994 0
    outer loop
      vertex 49.061668235169925 -96.8749021550995 -18
      vertex 49.39787137637478 -97.2813019403716 35
      vertex 49.061668235169925 -96.8749021550995 35
    endloop
  endfacet
  facet normal -0.8443279255020224 -0.535826794978985 0
    outer loop
      vertex 49.39787137637478 -97.2813019403716 -18
      vertex 49.680488056184224 -97.7266345687728 35
      vertex 49.39787137637478 -97.2813019403716 35
    endloop
  endfacet
  facet normal -0.9822872507286903 0.18738131458571558 0
    outer loop
      vertex 50.166881745520804 -100.27639958097008 -18
      vertex 50.068049276740254 -100.79449752609239 35
      vertex 50.166881745520804 -100.27639958097008 35
    endloop
  endfacet
  facet normal -0.9048270524660217 -0.4257792915650683 0
    outer loop
      vertex 49.680488056184224 -97.7266345687728 -18
      vertex 49.90506124073065 -98.20387687872436 35
      vertex 49.680488056184224 -97.7266345687728 35
    endloop
  endfacet
  facet normal -0.9822872507286903 -0.18738131458571558 0
    outer loop
      vertex 50.068049276740254 -98.70550247390761 -18
      vertex 50.166881745520804 -99.22360041902992 35
      vertex 50.068049276740254 -98.70550247390761 35
    endloop
  endfacet
  facet normal -0.95105651629515 -0.30901699437495866 0
    outer loop
      vertex 49.90506124073065 -98.20387687872436 -18
      vertex 50.068049276740254 -98.70550247390761 35
      vertex 49.90506124073065 -98.20387687872436 35
    endloop
  endfacet
  facet normal -0.9980267284282709 0.0627905195293236 0
    outer loop
      vertex 50.2 -99.75 -18
      vertex 50.166881745520804 -100.27639958097008 35
      vertex 50.2 -99.75 35
    endloop
  endfacet
  facet normal -0.9980267284282709 -0.0627905195293236 0
    outer loop
      vertex 50.166881745520804 -99.22360041902992 -18
      vertex 50.2 -99.75 35
      vertex 50.166881745520804 -99.22360041902992 35
    endloop
  endfacet
  facet normal 0.9510565162951539 0.30901699437494645 0
    outer loop
      vertex 10.094938759269343 -101.29612312127564 -18
      vertex 9.93195072325975 -100.79449752609239 -18
      vertex 9.93195072325975 -100.79449752609239 35
    endloop
  endfacet
  facet normal 0.9048270524660217 0.4257792915650683 0
    outer loop
      vertex 10.094938759269343 -101.29612312127564 -18
      vertex 10.094938759269343 -101.29612312127564 35
      vertex 10.319511943815773 -101.7733654312272 -18
    endloop
  endfacet
  facet normal 0.7705132427757846 0.6374239897486954 0
    outer loop
      vertex 10.938331764830071 -102.6250978449005 -18
      vertex 10.60212862362522 -102.2186980596284 -18
      vertex 10.60212862362522 -102.2186980596284 35
    endloop
  endfacet
  facet normal 0.8443279255020194 0.5358267949789899 0
    outer loop
      vertex 10.319511943815773 -101.7733654312272 -18
      vertex 10.319511943815773 -101.7733654312272 35
      vertex 10.60212862362522 -102.2186980596284 -18
    endloop
  endfacet
  facet normal 0.6845471059286902 0.7289686274214101 0
    outer loop
      vertex 10.938331764830071 -102.6250978449005 -18
      vertex 10.938331764830071 -102.6250978449005 35
      vertex 11.322819243055504 -102.98615561965832 -18
    endloop
  endfacet
  facet normal 0.9980267284282718 0.06279051952931018 0
    outer loop
      vertex 9.833118254479192 -100.27639958097008 -18
      vertex 9.8 -99.75 -18
      vertex 9.8 -99.75 35
    endloop
  endfacet
  facet normal 0.9980267284282718 -0.06279051952931018 0
    outer loop
      vertex 9.8 -99.75 -18
      vertex 9.833118254479192 -99.22360041902992 -18
      vertex 9.833118254479192 -99.22360041902992 35
    endloop
  endfacet
  facet normal 0.9822872507286879 0.1873813145857286 0
    outer loop
      vertex 9.833118254479192 -100.27639958097008 -18
      vertex 9.833118254479192 -100.27639958097008 35
      vertex 9.93195072325975 -100.79449752609239 -18
    endloop
  endfacet
  facet normal 0.9822872507286879 -0.1873813145857286 0
    outer loop
      vertex 9.833118254479192 -99.22360041902992 -18
      vertex 9.93195072325975 -98.70550247390761 -18
      vertex 9.93195072325975 -98.70550247390761 35
    endloop
  endfacet
  facet normal 0.9510565162951539 -0.30901699437494645 0
    outer loop
      vertex 9.93195072325975 -98.70550247390761 -18
      vertex 10.094938759269343 -98.20387687872436 -18
      vertex 10.094938759269343 -98.20387687872436 35
    endloop
  endfacet
  facet normal 0.9048270524660217 -0.4257792915650683 0
    outer loop
      vertex 10.094938759269343 -98.20387687872436 -18
      vertex 10.319511943815773 -97.7266345687728 -18
      vertex 10.319511943815773 -97.7266345687728 35
    endloop
  endfacet
  facet normal 0.8443279255020194 -0.5358267949789899 0
    outer loop
      vertex 10.319511943815773 -97.7266345687728 -18
      vertex 10.60212862362522 -97.2813019403716 -18
      vertex 10.60212862362522 -97.2813019403716 35
    endloop
  endfacet
  facet normal 0.7705132427757846 -0.6374239897486954 0
    outer loop
      vertex 10.60212862362522 -97.2813019403716 -18
      vertex 10.938331764830071 -96.8749021550995 -18
      vertex 10.938331764830071 -96.8749021550995 35
    endloop
  endfacet
  facet normal 0.6845471059286902 -0.7289686274214101 0
    outer loop
      vertex 10.938331764830071 -96.8749021550995 -18
      vertex 11.322819243055504 -96.51384438034168 -18
      vertex 11.322819243055504 -96.51384438034168 35
    endloop
  endfacet
  facet normal 0.5877852522924685 0.8090169943749507 0
    outer loop
      vertex 11.322819243055504 -102.98615561965832 -18
      vertex 11.322819243055504 -102.98615561965832 35
      vertex 11.749527461088213 -103.29617728710846 -18
    endloop
  endfacet
  facet normal 0.4817536741017221 0.8763066800438598 0
    outer loop
      vertex 11.749527461088213 -103.29617728710846 -18
      vertex 11.749527461088213 -103.29617728710846 35
      vertex 12.211726975426696 -103.55027362035729 -18
    endloop
  endfacet
  facet normal 0.3681245526846742 0.9297764858882528 0
    outer loop
      vertex 12.211726975426696 -103.55027362035729 -18
      vertex 12.211726975426696 -103.55027362035729 35
      vertex 12.70212862362522 -103.74443736843965 -18
    endloop
  endfacet
  facet normal 0.24868988716486118 0.9685831611286295 0
    outer loop
      vertex 12.70212862362522 -103.74443736843965 -18
      vertex 12.70212862362522 -103.74443736843965 35
      vertex 13.212998478739955 -103.8756064530605 -18
    endloop
  endfacet
  facet normal 0.12533323356429416 0.9921147013144791 0
    outer loop
      vertex 13.212998478739955 -103.8756064530605 -18
      vertex 13.212998478739955 -103.8756064530605 35
      vertex 13.736279817976882 -103.94171225939874 -18
    endloop
  endfacet
  facet normal 0 1 0
    outer loop
      vertex 13.736279817976882 -103.94171225939874 -18
      vertex 13.736279817976882 -103.94171225939874 35
      vertex 14.26372018202312 -103.94171225939874 -18
    endloop
  endfacet
  facet normal -0.1253332335642946 0.9921147013144791 -4.20068955936007e-18
    outer loop
      vertex 14.26372018202312 -103.94171225939874 -18
      vertex 14.263720182023118 -103.94171225939874 35
      vertex 14.787001521260045 -103.8756064530605 -18
    endloop
  endfacet
  facet normal -0.24868988716486118 0.9685831611286295 0
    outer loop
      vertex 14.787001521260045 -103.8756064530605 -18
      vertex 14.787001521260045 -103.8756064530605 35
      vertex 15.29787137637478 -103.74443736843965 -18
    endloop
  endfacet
  facet normal 0.5877852522924685 -0.8090169943749507 0
    outer loop
      vertex 11.322819243055504 -96.51384438034168 -18
      vertex 11.749527461088213 -96.20382271289154 -18
      vertex 11.749527461088213 -96.20382271289154 35
    endloop
  endfacet
  facet normal 0.4817536741017236 -0.876306680043859 0
    outer loop
      vertex 11.749527461088213 -96.20382271289154 -18
      vertex 12.211726975426695 -95.94972637964271 -18
      vertex 12.211726975426695 -95.94972637964271 35
    endloop
  endfacet
  facet normal 0.36812455268467303 -0.9297764858882533 0
    outer loop
      vertex 12.211726975426695 -95.94972637964271 -18
      vertex 12.70212862362522 -95.75556263156035 -18
      vertex 12.70212862362522 -95.75556263156035 35
    endloop
  endfacet
  facet normal 0.2486898871648604 -0.9685831611286297 0
    outer loop
      vertex 12.70212862362522 -95.75556263156035 -18
      vertex 13.212998478739957 -95.6243935469395 -18
      vertex 13.212998478739957 -95.6243935469395 35
    endloop
  endfacet
  facet normal 0.12533323356429416 -0.9921147013144791 0
    outer loop
      vertex 13.212998478739957 -95.6243935469395 -18
      vertex 13.736279817976884 -95.55828774060126 -18
      vertex 13.736279817976884 -95.55828774060126 35
    endloop
  endfacet
  facet normal 0 -1 0
    outer loop
      vertex 13.736279817976884 -95.55828774060126 -18
      vertex 14.263720182023116 -95.55828774060126 -18
      vertex 14.263720182023116 -95.55828774060126 35
    endloop
  endfacet
  facet normal -0.12533323356429416 -0.9921147013144791 0
    outer loop
      vertex 14.263720182023116 -95.55828774060126 -18
      vertex 14.787001521260043 -95.6243935469395 -18
      vertex 14.787001521260043 -95.6243935469395 35
    endloop
  endfacet
  facet normal -0.3681245526846742 0.9297764858882528 0
    outer loop
      vertex 15.29787137637478 -103.74443736843965 -18
      vertex 15.29787137637478 -103.74443736843965 35
      vertex 15.788273024573304 -103.55027362035729 -18
    endloop
  endfacet
  facet normal -0.481753674101725 0.8763066800438583 0
    outer loop
      vertex 15.788273024573304 -103.55027362035729 -18
      vertex 15.788273024573304 -103.55027362035729 35
      vertex 16.250472538911783 -103.29617728710846 -18
    endloop
  endfacet
  facet normal -0.5877852522924637 0.8090169943749543 0
    outer loop
      vertex 16.250472538911783 -103.29617728710846 -18
      vertex 16.250472538911783 -103.29617728710846 35
      vertex 16.677180756944498 -102.98615561965832 -18
    endloop
  endfacet
  facet normal -0.6845471059286918 0.7289686274214084 0
    outer loop
      vertex 16.677180756944498 -102.98615561965832 -18
      vertex 16.677180756944498 -102.98615561965832 35
      vertex 17.06166823516993 -102.6250978449005 -18
    endloop
  endfacet
  facet normal -0.7705132427757846 0.6374239897486954 0
    outer loop
      vertex 17.06166823516993 -102.6250978449005 -18
      vertex 17.06166823516993 -102.6250978449005 35
      vertex 17.39787137637478 -102.2186980596284 -18
    endloop
  endfacet
  facet normal -0.8443279255020194 0.5358267949789899 0
    outer loop
      vertex 17.39787137637478 -102.2186980596284 -18
      vertex 17.39787137637478 -102.2186980596284 35
      vertex 17.680488056184227 -101.7733654312272 -18
    endloop
  endfacet
  facet normal -0.9048270524660167 0.4257792915650786 0
    outer loop
      vertex 17.680488056184227 -101.7733654312272 -18
      vertex 17.680488056184227 -101.7733654312272 35
      vertex 17.905061240730657 -101.29612312127566 -18
    endloop
  endfacet
  facet normal -0.9510565162951565 0.3090169943749385 0
    outer loop
      vertex 17.905061240730657 -101.29612312127566 -18
      vertex 17.905061240730657 -101.29612312127566 35
      vertex 18.06804927674025 -100.79449752609239 -18
    endloop
  endfacet
  facet normal -0.2486898871648604 -0.9685831611286297 0
    outer loop
      vertex 14.787001521260043 -95.6243935469395 -18
      vertex 15.29787137637478 -95.75556263156035 -18
      vertex 15.29787137637478 -95.75556263156035 35
    endloop
  endfacet
  facet normal -0.36812455268467303 -0.9297764858882533 0
    outer loop
      vertex 15.29787137637478 -95.75556263156035 -18
      vertex 15.788273024573305 -95.94972637964271 -18
      vertex 15.788273024573305 -95.94972637964271 35
    endloop
  endfacet
  facet normal -0.4817536741017236 -0.876306680043859 0
    outer loop
      vertex 15.788273024573305 -95.94972637964271 -18
      vertex 16.250472538911787 -96.20382271289154 -18
      vertex 16.250472538911787 -96.20382271289154 35
    endloop
  endfacet
  facet normal -0.5877852522924669 -0.809016994374952 0
    outer loop
      vertex 16.250472538911787 -96.20382271289154 -18
      vertex 16.677180756944498 -96.51384438034168 -18
      vertex 16.677180756944498 -96.51384438034168 35
    endloop
  endfacet
  facet normal -0.6845471059286918 -0.7289686274214084 0
    outer loop
      vertex 17.06166823516993 -96.8749021550995 -18
      vertex 17.06166823516993 -96.8749021550995 35
      vertex 16.677180756944498 -96.51384438034168 -18
    endloop
  endfacet
  facet normal -0.7705132427757846 -0.6374239897486954 0
    outer loop
      vertex 17.06166823516993 -96.8749021550995 -18
      vertex 17.39787137637478 -97.2813019403716 -18
      vertex 17.39787137637478 -97.2813019403716 35
    endloop
  endfacet
  facet normal -0.8443279255020194 -0.5358267949789899 0
    outer loop
      vertex 17.39787137637478 -97.2813019403716 -18
      vertex 17.680488056184227 -97.7266345687728 -18
      vertex 17.680488056184227 -97.7266345687728 35
    endloop
  endfacet
  facet normal -0.9822872507286879 0.1873813145857286 0
    outer loop
      vertex 18.06804927674025 -100.79449752609239 -18
      vertex 18.06804927674025 -100.79449752609239 35
      vertex 18.166881745520808 -100.27639958097008 -18
    endloop
  endfacet
  facet normal -0.9980267284282718 0.06279051952931018 0
    outer loop
      vertex 18.166881745520808 -100.27639958097008 -18
      vertex 18.166881745520808 -100.27639958097008 35
      vertex 18.2 -99.75 -18
    endloop
  endfacet
  facet normal -0.9980267284282718 -0.06279051952931018 0
    outer loop
      vertex 18.2 -99.75 -18
      vertex 18.2 -99.75 35
      vertex 18.166881745520808 -99.22360041902992 -18
    endloop
  endfacet
  facet normal -0.9048270524660217 -0.4257792915650683 0
    outer loop
      vertex 17.680488056184227 -97.7266345687728 -18
      vertex 17.905061240730657 -98.20387687872436 -18
      vertex 17.905061240730657 -98.20387687872436 35
    endloop
  endfacet
  facet normal -0.9510565162951539 -0.30901699437494645 0
    outer loop
      vertex 17.905061240730657 -98.20387687872436 -18
      vertex 18.06804927674025 -98.70550247390761 -18
      vertex 18.06804927674025 -98.70550247390761 35
    endloop
  endfacet
  facet normal -0.9822872507286879 -0.1873813145857286 0
    outer loop
      vertex 18.166881745520808 -99.22360041902992 -18
      vertex 18.166881745520808 -99.22360041902992 35
      vertex 18.06804927674025 -98.70550247390761 -18
    endloop
  endfacet
  facet normal 0.9510565162951539 0.30901699437494645 0
    outer loop
      vertex 10.094938759269343 -101.29612312127564 -18
      vertex 9.93195072325975 -100.79449752609239 35
      vertex 10.094938759269343 -101.29612312127564 35
    endloop
  endfacet
  facet normal 0.9048270524660217 0.4257792915650683 0
    outer loop
      vertex 10.319511943815773 -101.7733654312272 -18
      vertex 10.094938759269343 -101.29612312127564 35
      vertex 10.319511943815773 -101.7733654312272 35
    endloop
  endfacet
  facet normal 0.8443279255020194 0.5358267949789899 0
    outer loop
      vertex 10.60212862362522 -102.2186980596284 -18
      vertex 10.319511943815773 -101.7733654312272 35
      vertex 10.60212862362522 -102.2186980596284 35
    endloop
  endfacet
  facet normal 0.7705132427757846 0.6374239897486954 0
    outer loop
      vertex 10.938331764830071 -102.6250978449005 -18
      vertex 10.60212862362522 -102.2186980596284 35
      vertex 10.938331764830071 -102.6250978449005 35
    endloop
  endfacet
  facet normal 0.6845471059286902 0.7289686274214101 0
    outer loop
      vertex 11.322819243055504 -102.98615561965832 -18
      vertex 10.938331764830071 -102.6250978449005 35
      vertex 11.322819243055504 -102.98615561965832 35
    endloop
  endfacet
  facet normal 0.9980267284282718 0.06279051952931018 0
    outer loop
      vertex 9.833118254479192 -100.27639958097008 -18
      vertex 9.8 -99.75 35
      vertex 9.833118254479192 -100.27639958097008 35
    endloop
  endfacet
  facet normal 0.9980267284282718 -0.06279051952931018 0
    outer loop
      vertex 9.8 -99.75 -18
      vertex 9.833118254479192 -99.22360041902992 35
      vertex 9.8 -99.75 35
    endloop
  endfacet
  facet normal 0.9822872507286879 0.1873813145857286 0
    outer loop
      vertex 9.93195072325975 -100.79449752609239 -18
      vertex 9.833118254479192 -100.27639958097008 35
      vertex 9.93195072325975 -100.79449752609239 35
    endloop
  endfacet
  facet normal 0.9822872507286879 -0.1873813145857286 0
    outer loop
      vertex 9.833118254479192 -99.22360041902992 -18
      vertex 9.93195072325975 -98.70550247390761 35
      vertex 9.833118254479192 -99.22360041902992 35
    endloop
  endfacet
  facet normal 0.9510565162951539 -0.30901699437494645 0
    outer loop
      vertex 9.93195072325975 -98.70550247390761 -18
      vertex 10.094938759269343 -98.20387687872436 35
      vertex 9.93195072325975 -98.70550247390761 35
    endloop
  endfacet
  facet normal 0.9048270524660217 -0.4257792915650683 0
    outer loop
      vertex 10.094938759269343 -98.20387687872436 -18
      vertex 10.319511943815773 -97.7266345687728 35
      vertex 10.094938759269343 -98.20387687872436 35
    endloop
  endfacet
  facet normal 0.8443279255020194 -0.5358267949789899 0
    outer loop
      vertex 10.319511943815773 -97.7266345687728 -18
      vertex 10.60212862362522 -97.2813019403716 35
      vertex 10.319511943815773 -97.7266345687728 35
    endloop
  endfacet
  facet normal 0.7705132427757846 -0.6374239897486954 0
    outer loop
      vertex 10.60212862362522 -97.2813019403716 -18
      vertex 10.938331764830071 -96.8749021550995 35
      vertex 10.60212862362522 -97.2813019403716 35
    endloop
  endfacet
  facet normal 0.6845471059286902 -0.7289686274214101 0
    outer loop
      vertex 10.938331764830071 -96.8749021550995 -18
      vertex 11.322819243055504 -96.51384438034168 35
      vertex 10.938331764830071 -96.8749021550995 35
    endloop
  endfacet
  facet normal 0.5877852522924685 0.8090169943749507 0
    outer loop
      vertex 11.749527461088213 -103.29617728710846 -18
      vertex 11.322819243055504 -102.98615561965832 35
      vertex 11.749527461088213 -103.29617728710846 35
    endloop
  endfacet
  facet normal 0.4817536741017221 0.8763066800438598 0
    outer loop
      vertex 12.211726975426696 -103.55027362035729 -18
      vertex 11.749527461088213 -103.29617728710846 35
      vertex 12.211726975426696 -103.55027362035729 35
    endloop
  endfacet
  facet normal 0.24868988716486118 0.9685831611286295 0
    outer loop
      vertex 13.212998478739955 -103.8756064530605 -18
      vertex 12.70212862362522 -103.74443736843965 35
      vertex 13.212998478739955 -103.8756064530605 35
    endloop
  endfacet
  facet normal 0.3681245526846742 0.9297764858882528 0
    outer loop
      vertex 12.70212862362522 -103.74443736843965 -18
      vertex 12.211726975426696 -103.55027362035729 35
      vertex 12.70212862362522 -103.74443736843965 35
    endloop
  endfacet
  facet normal 0.12533323356429416 0.9921147013144791 0
    outer loop
      vertex 13.736279817976882 -103.94171225939874 -18
      vertex 13.212998478739955 -103.8756064530605 35
      vertex 13.736279817976882 -103.94171225939874 35
    endloop
  endfacet
  facet normal 0 1 0
    outer loop
      vertex 14.26372018202312 -103.94171225939874 -18
      vertex 13.736279817976882 -103.94171225939874 35
      vertex 14.263720182023118 -103.94171225939874 35
    endloop
  endfacet
  facet normal -0.12533323356429416 0.9921147013144791 0
    outer loop
      vertex 14.787001521260045 -103.8756064530605 -18
      vertex 14.263720182023118 -103.94171225939874 35
      vertex 14.787001521260045 -103.8756064530605 35
    endloop
  endfacet
  facet normal 0.5877852522924685 -0.8090169943749507 0
    outer loop
      vertex 11.322819243055504 -96.51384438034168 -18
      vertex 11.749527461088213 -96.20382271289154 35
      vertex 11.322819243055504 -96.51384438034168 35
    endloop
  endfacet
  facet normal 0.4817536741017236 -0.876306680043859 0
    outer loop
      vertex 11.749527461088213 -96.20382271289154 -18
      vertex 12.211726975426695 -95.94972637964271 35
      vertex 11.749527461088213 -96.20382271289154 35
    endloop
  endfacet
  facet normal 0.36812455268467303 -0.9297764858882533 0
    outer loop
      vertex 12.211726975426695 -95.94972637964271 -18
      vertex 12.70212862362522 -95.75556263156035 35
      vertex 12.211726975426695 -95.94972637964271 35
    endloop
  endfacet
  facet normal 0.2486898871648604 -0.9685831611286297 0
    outer loop
      vertex 12.70212862362522 -95.75556263156035 -18
      vertex 13.212998478739957 -95.6243935469395 35
      vertex 12.70212862362522 -95.75556263156035 35
    endloop
  endfacet
  facet normal 0.12533323356429416 -0.9921147013144791 0
    outer loop
      vertex 13.212998478739957 -95.6243935469395 -18
      vertex 13.736279817976884 -95.55828774060126 35
      vertex 13.212998478739957 -95.6243935469395 35
    endloop
  endfacet
  facet normal 0 -1 0
    outer loop
      vertex 13.736279817976884 -95.55828774060126 -18
      vertex 14.263720182023116 -95.55828774060126 35
      vertex 13.736279817976884 -95.55828774060126 35
    endloop
  endfacet
  facet normal -0.12533323356429416 -0.9921147013144791 0
    outer loop
      vertex 14.263720182023116 -95.55828774060126 -18
      vertex 14.787001521260043 -95.6243935469395 35
      vertex 14.263720182023116 -95.55828774060126 35
    endloop
  endfacet
  facet normal -0.2486898871648604 -0.9685831611286297 0
    outer loop
      vertex 14.787001521260043 -95.6243935469395 -18
      vertex 15.29787137637478 -95.75556263156035 35
      vertex 14.787001521260043 -95.6243935469395 35
    endloop
  endfacet
  facet normal -0.24868988716486118 0.9685831611286295 0
    outer loop
      vertex 15.29787137637478 -103.74443736843965 -18
      vertex 14.787001521260045 -103.8756064530605 35
      vertex 15.29787137637478 -103.74443736843965 35
    endloop
  endfacet
  facet normal -0.3681245526846742 0.9297764858882528 0
    outer loop
      vertex 15.788273024573304 -103.55027362035729 -18
      vertex 15.29787137637478 -103.74443736843965 35
      vertex 15.788273024573304 -103.55027362035729 35
    endloop
  endfacet
  facet normal -0.481753674101725 0.8763066800438583 0
    outer loop
      vertex 16.250472538911783 -103.29617728710846 -18
      vertex 15.788273024573304 -103.55027362035729 35
      vertex 16.250472538911783 -103.29617728710846 35
    endloop
  endfacet
  facet normal -0.5877852522924637 0.8090169943749543 0
    outer loop
      vertex 16.677180756944498 -102.98615561965832 -18
      vertex 16.250472538911783 -103.29617728710846 35
      vertex 16.677180756944498 -102.98615561965832 35
    endloop
  endfacet
  facet normal -0.6845471059286918 0.7289686274214084 0
    outer loop
      vertex 17.06166823516993 -102.6250978449005 -18
      vertex 16.677180756944498 -102.98615561965832 35
      vertex 17.06166823516993 -102.6250978449005 35
    endloop
  endfacet
  facet normal -0.7705132427757846 0.6374239897486954 0
    outer loop
      vertex 17.39787137637478 -102.2186980596284 -18
      vertex 17.06166823516993 -102.6250978449005 35
      vertex 17.39787137637478 -102.2186980596284 35
    endloop
  endfacet
  facet normal -0.8443279255020194 0.5358267949789899 0
    outer loop
      vertex 17.680488056184227 -101.7733654312272 -18
      vertex 17.39787137637478 -102.2186980596284 35
      vertex 17.680488056184227 -101.7733654312272 35
    endloop
  endfacet
  facet normal -0.9048270524660167 0.4257792915650786 0
    outer loop
      vertex 17.905061240730657 -101.29612312127566 -18
      vertex 17.680488056184227 -101.7733654312272 35
      vertex 17.905061240730657 -101.29612312127566 35
    endloop
  endfacet
  facet normal -0.9510565162951565 0.3090169943749385 0
    outer loop
      vertex 18.06804927674025 -100.79449752609239 -18
      vertex 17.905061240730657 -101.29612312127566 35
      vertex 18.06804927674025 -100.79449752609239 35
    endloop
  endfacet
  facet normal -0.36812455268467303 -0.9297764858882533 0
    outer loop
      vertex 15.29787137637478 -95.75556263156035 -18
      vertex 15.788273024573305 -95.94972637964271 35
      vertex 15.29787137637478 -95.75556263156035 35
    endloop
  endfacet
  facet normal -0.4817536741017236 -0.876306680043859 0
    outer loop
      vertex 15.788273024573305 -95.94972637964271 -18
      vertex 16.250472538911787 -96.20382271289154 35
      vertex 15.788273024573305 -95.94972637964271 35
    endloop
  endfacet
  facet normal -0.5877852522924669 -0.809016994374952 0
    outer loop
      vertex 16.250472538911787 -96.20382271289154 -18
      vertex 16.677180756944498 -96.51384438034168 35
      vertex 16.250472538911787 -96.20382271289154 35
    endloop
  endfacet
  facet normal -0.6845471059286918 -0.7289686274214084 0
    outer loop
      vertex 16.677180756944498 -96.51384438034168 -18
      vertex 17.06166823516993 -96.8749021550995 35
      vertex 16.677180756944498 -96.51384438034168 35
    endloop
  endfacet
  facet normal -0.9048270524660217 -0.4257792915650683 0
    outer loop
      vertex 17.680488056184227 -97.7266345687728 -18
      vertex 17.905061240730657 -98.20387687872436 35
      vertex 17.680488056184227 -97.7266345687728 35
    endloop
  endfacet
  facet normal -0.7705132427757846 -0.6374239897486954 0
    outer loop
      vertex 17.06166823516993 -96.8749021550995 -18
      vertex 17.39787137637478 -97.2813019403716 35
      vertex 17.06166823516993 -96.8749021550995 35
    endloop
  endfacet
  facet normal -0.8443279255020194 -0.5358267949789899 0
    outer loop
      vertex 17.39787137637478 -97.2813019403716 -18
      vertex 17.680488056184227 -97.7266345687728 35
      vertex 17.39787137637478 -97.2813019403716 35
    endloop
  endfacet
  facet normal -0.9822872507286879 0.1873813145857286 0
    outer loop
      vertex 18.166881745520808 -100.27639958097008 -18
      vertex 18.06804927674025 -100.79449752609239 35
      vertex 18.166881745520808 -100.27639958097008 35
    endloop
  endfacet
  facet normal -0.9980267284282718 0.06279051952931018 0
    outer loop
      vertex 18.2 -99.75 -18
      vertex 18.166881745520808 -100.27639958097008 35
      vertex 18.2 -99.75 35
    endloop
  endfacet
  facet normal -0.9980267284282718 -0.06279051952931018 0
    outer loop
      vertex 18.166881745520808 -99.22360041902992 -18
      vertex 18.2 -99.75 35
      vertex 18.166881745520808 -99.22360041902992 35
    endloop
  endfacet
  facet normal -0.9510565162951539 -0.30901699437494645 0
    outer loop
      vertex 17.905061240730657 -98.20387687872436 -18
      vertex 18.06804927674025 -98.70550247390761 35
      vertex 17.905061240730657 -98.20387687872436 35
    endloop
  endfacet
  facet normal -0.9822872507286879 -0.1873813145857286 0
    outer loop
      vertex 18.06804927674025 -98.70550247390761 -18
      vertex 18.166881745520808 -99.22360041902992 35
      vertex 18.06804927674025 -98.70550247390761 35
    endloop
  endfacet
  facet normal 0.9048270524660208 0.42577929156507016 0
    outer loop
      vertex 38.468810464305164 59.76819112325411 -18
      vertex 38.901915891644705 58.847795239776104 -20
      vertex 38.468810464305164 59.76819112325411 -20
    endloop
  endfacet
  facet normal 0.8443279255020153 0.5358267949789962 0
    outer loop
      vertex 38.901915891644705 58.847795239776104 -18
      vertex 39.44696234556292 57.98893945643097 -20
      vertex 38.901915891644705 58.847795239776104 -20
    endloop
  endfacet
  facet normal 0.9048270524660208 0.42577929156507016 0
    outer loop
      vertex 38.901915891644705 58.847795239776104 -18
      vertex 38.901915891644705 58.847795239776104 -20
      vertex 38.468810464305164 59.76819112325411 -18
    endloop
  endfacet
  facet normal 0.8443279255020153 0.5358267949789962 0
    outer loop
      vertex 38.901915891644705 58.847795239776104 -18
      vertex 39.44696234556292 57.98893945643097 -18
      vertex 39.44696234556292 57.98893945643097 -20
    endloop
  endfacet
  facet normal 0.9980267284282716 0.06279051952931435 0
    outer loop
      vertex 37.9 62.75 -18
      vertex 37.96387091935273 61.73480080812914 -20
      vertex 37.9 62.75 -20
    endloop
  endfacet
  facet normal 0.9510565162951525 0.30901699437495095 0
    outer loop
      vertex 38.15447639485809 60.735611913964675 -18
      vertex 38.468810464305164 59.76819112325411 -20
      vertex 38.15447639485809 60.735611913964675 -20
    endloop
  endfacet
  facet normal 0.9822872507286889 0.18738131458572332 0
    outer loop
      vertex 37.96387091935273 61.73480080812914 -18
      vertex 38.15447639485809 60.735611913964675 -20
      vertex 37.96387091935273 61.73480080812914 -20
    endloop
  endfacet
  facet normal 0.9980267284282716 0.06279051952931435 0
    outer loop
      vertex 37.96387091935273 61.73480080812914 -18
      vertex 37.96387091935273 61.73480080812914 -20
      vertex 37.9 62.75 -18
    endloop
  endfacet
  facet normal 0.9822872507286889 0.18738131458572332 0
    outer loop
      vertex 37.96387091935273 61.73480080812914 -18
      vertex 38.15447639485809 60.735611913964675 -18
      vertex 38.15447639485809 60.735611913964675 -20
    endloop
  endfacet
  facet normal 0.9510565162951525 0.30901699437495095 0
    outer loop
      vertex 38.15447639485809 60.735611913964675 -18
      vertex 38.468810464305164 59.76819112325411 -18
      vertex 38.468810464305164 59.76819112325411 -20
    endloop
  endfacet
  facet normal 0.9980267284282716 -0.06279051952931435 0
    outer loop
      vertex 37.96387091935273 63.76519919187086 -18
      vertex 37.9 62.75 -20
      vertex 37.96387091935273 63.76519919187086 -20
    endloop
  endfacet
  facet normal 0.9822872507286889 -0.18738131458572332 0
    outer loop
      vertex 38.15447639485809 64.76438808603532 -18
      vertex 37.96387091935273 63.76519919187086 -20
      vertex 38.15447639485809 64.76438808603532 -20
    endloop
  endfacet
  facet normal 0.9510565162951525 -0.30901699437495095 0
    outer loop
      vertex 38.468810464305164 65.73180887674589 -18
      vertex 38.15447639485809 64.76438808603532 -20
      vertex 38.468810464305164 65.73180887674589 -20
    endloop
  endfacet
  facet normal 0.9980267284282716 -0.06279051952931435 0
    outer loop
      vertex 37.9 62.75 -18
      vertex 37.9 62.75 -20
      vertex 37.96387091935273 63.76519919187086 -18
    endloop
  endfacet
  facet normal 0.9822872507286889 -0.18738131458572332 0
    outer loop
      vertex 37.96387091935273 63.76519919187086 -18
      vertex 37.96387091935273 63.76519919187086 -20
      vertex 38.15447639485809 64.76438808603532 -18
    endloop
  endfacet
  facet normal 0.9510565162951525 -0.30901699437495095 0
    outer loop
      vertex 38.15447639485809 64.76438808603532 -18
      vertex 38.15447639485809 64.76438808603532 -20
      vertex 38.468810464305164 65.73180887674589 -18
    endloop
  endfacet
  facet normal 0 0 -1
    outer loop
      vertex 37.96387091935273 61.73480080812914 -18
      vertex 37.9 62.75 -18
      vertex 37.96387091935273 63.76519919187086 -18
    endloop
  endfacet
  facet normal 0 0 -1
    outer loop
      vertex 37.96387091935273 61.73480080812914 -18
      vertex 37.96387091935273 63.76519919187086 -18
      vertex 38.15447639485809 60.735611913964675 -18
    endloop
  endfacet
  facet normal 0 0 -1
    outer loop
      vertex 38.15447639485809 60.735611913964675 -18
      vertex 38.15447639485809 64.76438808603532 -18
      vertex 38.468810464305164 59.76819112325411 -18
    endloop
  endfacet
  facet normal 0 0 -1
    outer loop
      vertex 38.15447639485809 60.735611913964675 -18
      vertex 37.96387091935273 63.76519919187086 -18
      vertex 38.15447639485809 64.76438808603532 -18
    endloop
  endfacet
  facet normal 0 0 -1
    outer loop
      vertex 38.15447639485809 64.76438808603532 -18
      vertex 38.468810464305164 65.73180887674589 -18
      vertex 38.468810464305164 59.76819112325411 -18
    endloop
  endfacet
  facet normal 0 0 -1
    outer loop
      vertex 38.901915891644705 58.847795239776104 -18
      vertex 38.468810464305164 59.76819112325411 -18
      vertex 38.468810464305164 65.73180887674589 -18
    endloop
  endfacet
  facet normal 0 0 -1
    outer loop
      vertex 38.901915891644705 58.847795239776104 -18
      vertex 38.901915891644705 66.6522047602239 -18
      vertex 39.44696234556292 57.98893945643097 -18
    endloop
  endfacet
  facet normal 0 0 -1
    outer loop
      vertex 38.901915891644705 58.847795239776104 -18
      vertex 38.468810464305164 65.73180887674589 -18
      vertex 38.901915891644705 66.6522047602239 -18
    endloop
  endfacet
  facet normal 0 0 -1
    outer loop
      vertex 39.44696234556292 57.98893945643097 -18
      vertex 38.901915891644705 66.6522047602239 -18
      vertex 39.44696234556292 67.51106054356903 -18
    endloop
  endfacet
  facet normal 0.7705132427757906 0.6374239897486881 0
    outer loop
      vertex 39.44696234556292 57.98893945643097 -18
      vertex 40.095354117886565 57.20516844197762 -20
      vertex 39.44696234556292 57.98893945643097 -20
    endloop
  endfacet
  facet normal 0.7705132427757906 0.6374239897486881 0
    outer loop
      vertex 39.44696234556292 57.98893945643097 -18
      vertex 40.095354117886565 57.20516844197762 -18
      vertex 40.095354117886565 57.20516844197762 -20
    endloop
  endfacet
  facet normal 0.5877852522924679 0.8090169943749513 0
    outer loop
      vertex 40.83686568303561 56.508842733516104 -18
      vertex 41.65980296067013 55.91094380343368 -20
      vertex 40.83686568303561 56.508842733516104 -20
    endloop
  endfacet
  facet normal 0.684547105928689 0.7289686274214112 0
    outer loop
      vertex 40.095354117886565 57.20516844197762 -18
      vertex 40.83686568303561 56.508842733516104 -18
      vertex 40.83686568303561 56.508842733516104 -20
    endloop
  endfacet
  facet normal 0.684547105928689 0.7289686274214112 0
    outer loop
      vertex 40.095354117886565 57.20516844197762 -18
      vertex 40.83686568303561 56.508842733516104 -20
      vertex 40.095354117886565 57.20516844197762 -20
    endloop
  endfacet
  facet normal 0 0 -1
    outer loop
      vertex 39.44696234556292 57.98893945643097 -18
      vertex 39.44696234556292 67.51106054356903 -18
      vertex 40.095354117886565 57.20516844197762 -18
    endloop
  endfacet
  facet normal 0 0 -1
    outer loop
      vertex 40.095354117886565 57.20516844197762 -18
      vertex 39.44696234556292 67.51106054356903 -18
      vertex 40.095354117886565 68.29483155802238 -18
    endloop
  endfacet
  facet normal 0 0 -1
    outer loop
      vertex 40.095354117886565 57.20516844197762 -18
      vertex 40.095354117886565 68.29483155802238 -18
      vertex 40.83686568303561 56.508842733516104 -18
    endloop
  endfacet
  facet normal 0 0 -1
    outer loop
      vertex 40.83686568303561 56.508842733516104 -18
      vertex 40.83686568303561 68.9911572664839 -18
      vertex 41.65980296067013 55.91094380343368 -18
    endloop
  endfacet
  facet normal 0 0 -1
    outer loop
      vertex 40.83686568303561 56.508842733516104 -18
      vertex 40.095354117886565 68.29483155802238 -18
      vertex 40.83686568303561 68.9911572664839 -18
    endloop
  endfacet
  facet normal 0.9048270524660208 -0.42577929156507016 0
    outer loop
      vertex 38.901915891644705 66.6522047602239 -18
      vertex 38.468810464305164 65.73180887674589 -20
      vertex 38.901915891644705 66.6522047602239 -20
    endloop
  endfacet
  facet normal 0.8443279255020153 -0.5358267949789962 0
    outer loop
      vertex 39.44696234556292 67.51106054356903 -18
      vertex 38.901915891644705 66.6522047602239 -20
      vertex 39.44696234556292 67.51106054356903 -20
    endloop
  endfacet
  facet normal 0.9048270524660208 -0.42577929156507016 0
    outer loop
      vertex 38.468810464305164 65.73180887674589 -18
      vertex 38.468810464305164 65.73180887674589 -20
      vertex 38.901915891644705 66.6522047602239 -18
    endloop
  endfacet
  facet normal 0.8443279255020153 -0.5358267949789962 0
    outer loop
      vertex 38.901915891644705 66.6522047602239 -18
      vertex 38.901915891644705 66.6522047602239 -20
      vertex 39.44696234556292 67.51106054356903 -18
    endloop
  endfacet
  facet normal 0.7705132427757906 -0.6374239897486881 0
    outer loop
      vertex 40.095354117886565 68.29483155802238 -18
      vertex 39.44696234556292 67.51106054356903 -20
      vertex 40.095354117886565 68.29483155802238 -20
    endloop
  endfacet
  facet normal 0.7705132427757906 -0.6374239897486881 0
    outer loop
      vertex 39.44696234556292 67.51106054356903 -18
      vertex 39.44696234556292 67.51106054356903 -20
      vertex 40.095354117886565 68.29483155802238 -18
    endloop
  endfacet
  facet normal 0.684547105928689 -0.7289686274214112 0
    outer loop
      vertex 40.83686568303561 68.9911572664839 -18
      vertex 40.095354117886565 68.29483155802238 -20
      vertex 40.83686568303561 68.9911572664839 -20
    endloop
  endfacet
  facet normal 0.684547105928689 -0.7289686274214112 0
    outer loop
      vertex 40.095354117886565 68.29483155802238 -18
      vertex 40.095354117886565 68.29483155802238 -20
      vertex 40.83686568303561 68.9911572664839 -18
    endloop
  endfacet
  facet normal 0.5877852522924679 -0.8090169943749513 0
    outer loop
      vertex 40.83686568303561 68.9911572664839 -18
      vertex 40.83686568303561 68.9911572664839 -20
      vertex 41.65980296067013 69.58905619656632 -18
    endloop
  endfacet
  facet normal 0.4817536741017182 0.876306680043862 0
    outer loop
      vertex 41.65980296067013 55.91094380343368 -18
      vertex 42.551187738322916 55.42090087502524 -20
      vertex 41.65980296067013 55.91094380343368 -20
    endloop
  endfacet
  facet normal 0.5877852522924679 0.8090169943749513 0
    outer loop
      vertex 40.83686568303561 56.508842733516104 -18
      vertex 41.65980296067013 55.91094380343368 -18
      vertex 41.65980296067013 55.91094380343368 -20
    endloop
  endfacet
  facet normal 0.36812455268467864 0.9297764858882511 0
    outer loop
      vertex 42.551187738322916 55.42090087502524 -18
      vertex 43.49696234556293 55.046442218009254 -20
      vertex 42.551187738322916 55.42090087502524 -20
    endloop
  endfacet
  facet normal 0.4817536741017182 0.876306680043862 0
    outer loop
      vertex 41.65980296067013 55.91094380343368 -18
      vertex 42.551187738322916 55.42090087502524 -18
      vertex 42.551187738322916 55.42090087502524 -20
    endloop
  endfacet
  facet normal 0 0 -1
    outer loop
      vertex 41.65980296067013 55.91094380343368 -18
      vertex 42.319511943815776 60.726634568772795 -18
      vertex 42.551187738322916 55.42090087502524 -18
    endloop
  endfacet
  facet normal 0 0 -1
    outer loop
      vertex 41.65980296067013 55.91094380343368 -18
      vertex 41.931950723259746 61.70550247390761 -18
      vertex 42.09493875926935 61.20387687872435 -18
    endloop
  endfacet
  facet normal 0 0 -1
    outer loop
      vertex 41.65980296067013 55.91094380343368 -18
      vertex 42.09493875926935 61.20387687872435 -18
      vertex 42.319511943815776 60.726634568772795 -18
    endloop
  endfacet
  facet normal 0 0 -1
    outer loop
      vertex 42.551187738322916 55.42090087502524 -18
      vertex 43.322819243055505 59.51384438034169 -18
      vertex 43.49696234556293 55.046442218009254 -18
    endloop
  endfacet
  facet normal 0 0 -1
    outer loop
      vertex 42.551187738322916 55.42090087502524 -18
      vertex 42.319511943815776 60.726634568772795 -18
      vertex 42.60212862362522 60.28130194037161 -18
    endloop
  endfacet
  facet normal 0 0 -1
    outer loop
      vertex 42.551187738322916 55.42090087502524 -18
      vertex 42.93833176483007 59.874902155099505 -18
      vertex 43.322819243055505 59.51384438034169 -18
    endloop
  endfacet
  facet normal 0 0 -1
    outer loop
      vertex 42.551187738322916 55.42090087502524 -18
      vertex 42.60212862362522 60.28130194037161 -18
      vertex 42.93833176483007 59.874902155099505 -18
    endloop
  endfacet
  facet normal 0 0 -1
    outer loop
      vertex 41.65980296067013 55.91094380343368 -18
      vertex 41.65980296067013 69.58905619656632 -18
      vertex 41.8 62.75 -18
    endloop
  endfacet
  facet normal 0 0 -1
    outer loop
      vertex 41.65980296067013 55.91094380343368 -18
      vertex 41.833118254479196 62.22360041902992 -18
      vertex 41.931950723259746 61.70550247390761 -18
    endloop
  endfacet
  facet normal 0 0 -1
    outer loop
      vertex 41.65980296067013 55.91094380343368 -18
      vertex 41.8 62.75 -18
      vertex 41.833118254479196 62.22360041902992 -18
    endloop
  endfacet
  facet normal 0 0 -1
    outer loop
      vertex 40.83686568303561 68.9911572664839 -18
      vertex 41.65980296067013 69.58905619656632 -18
      vertex 41.65980296067013 55.91094380343368 -18
    endloop
  endfacet
  facet normal 0 0 -1
    outer loop
      vertex 41.8 62.75 -18
      vertex 41.65980296067013 69.58905619656632 -18
      vertex 41.833118254479196 63.27639958097008 -18
    endloop
  endfacet
  facet normal 0 0 -1
    outer loop
      vertex 41.833118254479196 63.27639958097008 -18
      vertex 41.65980296067013 69.58905619656632 -18
      vertex 41.931950723259746 63.79449752609239 -18
    endloop
  endfacet
  facet normal 0.2486898871648502 0.9685831611286324 0
    outer loop
      vertex 43.49696234556293 55.046442218009254 -18
      vertex 44.48221135185563 54.793473269097625 -20
      vertex 43.49696234556293 55.046442218009254 -20
    endloop
  endfacet
  facet normal 0.36812455268467864 0.9297764858882511 0
    outer loop
      vertex 42.551187738322916 55.42090087502524 -18
      vertex 43.49696234556293 55.046442218009254 -18
      vertex 43.49696234556293 55.046442218009254 -20
    endloop
  endfacet
  facet normal 0.12533323356430903 0.9921147013144772 0
    outer loop
      vertex 44.48221135185563 54.793473269097625 -18
      vertex 45.49139679181256 54.665983499731 -20
      vertex 44.48221135185563 54.793473269097625 -20
    endloop
  endfacet
  facet normal 0.2486898871648502 0.9685831611286324 0
    outer loop
      vertex 43.49696234556293 55.046442218009254 -18
      vertex 44.48221135185563 54.793473269097625 -18
      vertex 44.48221135185563 54.793473269097625 -20
    endloop
  endfacet
  facet normal 0 0 -1
    outer loop
      vertex 43.49696234556293 55.046442218009254 -18
      vertex 43.322819243055505 59.51384438034169 -18
      vertex 43.74952746108821 59.20382271289154 -18
    endloop
  endfacet
  facet normal 0 0 -1
    outer loop
      vertex 43.49696234556293 55.046442218009254 -18
      vertex 43.74952746108821 59.20382271289154 -18
      vertex 44.21172697542669 58.94972637964272 -18
    endloop
  endfacet
  facet normal 0 0 -1
    outer loop
      vertex 43.49696234556293 55.046442218009254 -18
      vertex 44.70212862362522 58.75556263156035 -18
      vertex 44.48221135185563 54.793473269097625 -18
    endloop
  endfacet
  facet normal 0 0 -1
    outer loop
      vertex 43.49696234556293 55.046442218009254 -18
      vertex 44.21172697542669 58.94972637964272 -18
      vertex 44.70212862362522 58.75556263156035 -18
    endloop
  endfacet
  facet normal 0 0 -1
    outer loop
      vertex 44.48221135185563 54.793473269097625 -18
      vertex 44.70212862362522 58.75556263156035 -18
      vertex 45.212998478739955 58.62439354693951 -18
    endloop
  endfacet
  facet normal 0.5877852522924679 -0.8090169943749513 0
    outer loop
      vertex 41.65980296067013 69.58905619656632 -18
      vertex 40.83686568303561 68.9911572664839 -20
      vertex 41.65980296067013 69.58905619656632 -20
    endloop
  endfacet
  facet normal 0.48175367410172104 -0.8763066800438603 0
    outer loop
      vertex 41.65980296067013 69.58905619656632 -18
      vertex 41.65980296067013 69.58905619656632 -20
      vertex 42.55118773832291 70.07909912497476 -18
    endloop
  endfacet
  facet normal 0.48175367410172104 -0.8763066800438603 0
    outer loop
      vertex 42.55118773832291 70.07909912497476 -18
      vertex 41.65980296067013 69.58905619656632 -20
      vertex 42.55118773832291 70.07909912497476 -20
    endloop
  endfacet
  facet normal 0.3681245526846702 -0.9297764858882545 0
    outer loop
      vertex 42.55118773832291 70.07909912497476 -18
      vertex 42.55118773832291 70.07909912497476 -20
      vertex 43.49696234556293 70.45355778199074 -18
    endloop
  endfacet
  facet normal 0 0 -1
    outer loop
      vertex 41.931950723259746 63.79449752609239 -18
      vertex 41.65980296067013 69.58905619656632 -18
      vertex 42.09493875926935 64.29612312127564 -18
    endloop
  endfacet
  facet normal 0 0 -1
    outer loop
      vertex 42.09493875926935 64.29612312127564 -18
      vertex 41.65980296067013 69.58905619656632 -18
      vertex 42.319511943815776 64.7733654312272 -18
    endloop
  endfacet
  facet normal 0 0 -1
    outer loop
      vertex 42.319511943815776 64.7733654312272 -18
      vertex 41.65980296067013 69.58905619656632 -18
      vertex 42.55118773832291 70.07909912497476 -18
    endloop
  endfacet
  facet normal 0 0 -1
    outer loop
      vertex 42.319511943815776 64.7733654312272 -18
      vertex 42.55118773832291 70.07909912497476 -18
      vertex 42.60212862362522 65.2186980596284 -18
    endloop
  endfacet
  facet normal 0 0 -1
    outer loop
      vertex 42.60212862362522 65.2186980596284 -18
      vertex 42.55118773832291 70.07909912497476 -18
      vertex 42.93833176483007 65.6250978449005 -18
    endloop
  endfacet
  facet normal 0 0 -1
    outer loop
      vertex 42.93833176483007 65.6250978449005 -18
      vertex 42.55118773832291 70.07909912497476 -18
      vertex 43.322819243055505 65.98615561965832 -18
    endloop
  endfacet
  facet normal 0 0 -1
    outer loop
      vertex 42.55118773832291 70.07909912497476 -18
      vertex 43.49696234556293 70.45355778199074 -18
      vertex 43.322819243055505 65.98615561965832 -18
    endloop
  endfacet
  facet normal 0.3681245526846702 -0.9297764858882545 0
    outer loop
      vertex 43.49696234556293 70.45355778199074 -18
      vertex 42.55118773832291 70.07909912497476 -20
      vertex 43.49696234556293 70.45355778199074 -20
    endloop
  endfacet
  facet normal 0.24868988716486323 -0.9685831611286289 0
    outer loop
      vertex 43.49696234556293 70.45355778199074 -18
      vertex 43.49696234556293 70.45355778199074 -20
      vertex 44.48221135185563 70.70652673090238 -18
    endloop
  endfacet
  facet normal 0.24868988716486323 -0.9685831611286289 0
    outer loop
      vertex 44.48221135185563 70.70652673090238 -18
      vertex 43.49696234556293 70.45355778199074 -20
      vertex 44.48221135185563 70.70652673090238 -20
    endloop
  endfacet
  facet normal 0.12533323356430218 -0.9921147013144781 0
    outer loop
      vertex 44.48221135185563 70.70652673090238 -18
      vertex 44.48221135185563 70.70652673090238 -20
      vertex 45.49139679181256 70.834016500269 -18
    endloop
  endfacet
  facet normal 0 0 -1
    outer loop
      vertex 43.322819243055505 65.98615561965832 -18
      vertex 43.49696234556293 70.45355778199074 -18
      vertex 43.74952746108821 66.29617728710846 -18
    endloop
  endfacet
  facet normal 0 0 -1
    outer loop
      vertex 43.74952746108821 66.29617728710846 -18
      vertex 43.49696234556293 70.45355778199074 -18
      vertex 44.21172697542669 66.55027362035729 -18
    endloop
  endfacet
  facet normal 0 0 -1
    outer loop
      vertex 44.21172697542669 66.55027362035729 -18
      vertex 44.48221135185563 70.70652673090238 -18
      vertex 44.70212862362522 66.74443736843965 -18
    endloop
  endfacet
  facet normal 0 0 -1
    outer loop
      vertex 44.70212862362522 66.74443736843965 -18
      vertex 44.48221135185563 70.70652673090238 -18
      vertex 45.212998478739955 66.8756064530605 -18
    endloop
  endfacet
  facet normal 0 0 -1
    outer loop
      vertex 43.49696234556293 70.45355778199074 -18
      vertex 44.48221135185563 70.70652673090238 -18
      vertex 44.21172697542669 66.55027362035729 -18
    endloop
  endfacet
  facet normal 0 1 0
    outer loop
      vertex 45.49139679181256 54.665983499731 -18
      vertex 46.50860320818744 54.665983499731 -20
      vertex 45.49139679181256 54.665983499731 -20
    endloop
  endfacet
  facet normal 0.12533323356430903 0.9921147013144772 0
    outer loop
      vertex 44.48221135185563 54.793473269097625 -18
      vertex 45.49139679181256 54.665983499731 -18
      vertex 45.49139679181256 54.665983499731 -20
    endloop
  endfacet
  facet normal -0.12533323356430903 0.9921147013144772 0
    outer loop
      vertex 46.50860320818744 54.665983499731 -18
      vertex 47.51778864814437 54.793473269097625 -20
      vertex 46.50860320818744 54.665983499731 -20
    endloop
  endfacet
  facet normal 0 1 0
    outer loop
      vertex 45.49139679181256 54.665983499731 -18
      vertex 46.50860320818744 54.665983499731 -18
      vertex 46.50860320818744 54.665983499731 -20
    endloop
  endfacet
  facet normal 0 0 -1
    outer loop
      vertex 44.48221135185563 54.793473269097625 -18
      vertex 45.73627981797688 58.55828774060126 -18
      vertex 45.49139679181256 54.665983499731 -18
    endloop
  endfacet
  facet normal 0 0 -1
    outer loop
      vertex 45.49139679181256 54.665983499731 -18
      vertex 45.73627981797688 58.55828774060126 -18
      vertex 46.50860320818744 54.665983499731 -18
    endloop
  endfacet
  facet normal 0 0 -1
    outer loop
      vertex 44.48221135185563 54.793473269097625 -18
      vertex 45.212998478739955 58.62439354693951 -18
      vertex 45.73627981797688 58.55828774060126 -18
    endloop
  endfacet
  facet normal 0 0 -1
    outer loop
      vertex 45.73627981797688 58.55828774060126 -18
      vertex 46.26372018202312 58.55828774060126 -18
      vertex 46.50860320818744 54.665983499731 -18
    endloop
  endfacet
  facet normal 0 0 -1
    outer loop
      vertex 46.50860320818744 54.665983499731 -18
      vertex 46.26372018202312 58.55828774060126 -18
      vertex 46.787001521260045 58.62439354693951 -18
    endloop
  endfacet
  facet normal -0.12533323356430903 0.9921147013144772 0
    outer loop
      vertex 46.50860320818744 54.665983499731 -18
      vertex 47.51778864814437 54.793473269097625 -18
      vertex 47.51778864814437 54.793473269097625 -20
    endloop
  endfacet
  facet normal -0.2486898871648502 0.9685831611286324 0
    outer loop
      vertex 47.51778864814437 54.793473269097625 -18
      vertex 48.50303765443707 55.046442218009254 -20
      vertex 47.51778864814437 54.793473269097625 -20
    endloop
  endfacet
  facet normal -0.2486898871648502 0.9685831611286324 0
    outer loop
      vertex 47.51778864814437 54.793473269097625 -18
      vertex 48.50303765443707 55.046442218009254 -18
      vertex 48.50303765443707 55.046442218009254 -20
    endloop
  endfacet
  facet normal 0 0 -1
    outer loop
      vertex 46.50860320818744 54.665983499731 -18
      vertex 46.787001521260045 58.62439354693951 -18
      vertex 47.51778864814437 54.793473269097625 -18
    endloop
  endfacet
  facet normal 0 0 -1
    outer loop
      vertex 46.787001521260045 58.62439354693951 -18
      vertex 47.29787137637478 58.75556263156035 -18
      vertex 47.51778864814437 54.793473269097625 -18
    endloop
  endfacet
  facet normal 0 0 -1
    outer loop
      vertex 47.51778864814437 54.793473269097625 -18
      vertex 47.29787137637478 58.75556263156035 -18
      vertex 47.78827302457331 58.94972637964272 -18
    endloop
  endfacet
  facet normal 0 0 -1
    outer loop
      vertex 47.51778864814437 54.793473269097625 -18
      vertex 47.78827302457331 58.94972637964272 -18
      vertex 48.50303765443707 55.046442218009254 -18
    endloop
  endfacet
  facet normal 0 0 -1
    outer loop
      vertex 47.78827302457331 58.94972637964272 -18
      vertex 48.25047253891179 59.20382271289154 -18
      vertex 48.50303765443707 55.046442218009254 -18
    endloop
  endfacet
  facet normal 0 0 -1
    outer loop
      vertex 48.50303765443707 55.046442218009254 -18
      vertex 48.25047253891179 59.20382271289154 -18
      vertex 48.677180756944495 59.51384438034169 -18
    endloop
  endfacet
  facet normal 0.12533323356430218 -0.9921147013144781 0
    outer loop
      vertex 45.49139679181256 70.834016500269 -18
      vertex 44.48221135185563 70.70652673090238 -20
      vertex 45.49139679181256 70.834016500269 -20
    endloop
  endfacet
  facet normal 0 -1 0
    outer loop
      vertex 45.49139679181256 70.834016500269 -18
      vertex 45.49139679181256 70.834016500269 -20
      vertex 46.50860320818744 70.834016500269 -18
    endloop
  endfacet
  facet normal 0 -1 0
    outer loop
      vertex 46.50860320818744 70.834016500269 -18
      vertex 45.49139679181256 70.834016500269 -20
      vertex 46.50860320818744 70.834016500269 -20
    endloop
  endfacet
  facet normal -0.12533323356430218 -0.9921147013144781 0
    outer loop
      vertex 46.50860320818744 70.834016500269 -18
      vertex 46.50860320818744 70.834016500269 -20
      vertex 47.51778864814437 70.70652673090238 -18
    endloop
  endfacet
  facet normal 0 0 -1
    outer loop
      vertex 45.212998478739955 66.8756064530605 -18
      vertex 45.49139679181256 70.834016500269 -18
      vertex 45.736279817976886 66.94171225939874 -18
    endloop
  endfacet
  facet normal 0 0 -1
    outer loop
      vertex 45.736279817976886 66.94171225939874 -18
      vertex 45.49139679181256 70.834016500269 -18
      vertex 46.263720182023114 66.94171225939874 -18
    endloop
  endfacet
  facet normal 0 0 -1
    outer loop
      vertex 44.48221135185563 70.70652673090238 -18
      vertex 45.49139679181256 70.834016500269 -18
      vertex 45.212998478739955 66.8756064530605 -18
    endloop
  endfacet
  facet normal 0 0 -1
    outer loop
      vertex 46.263720182023114 66.94171225939874 -18
      vertex 47.51778864814437 70.70652673090238 -18
      vertex 46.787001521260045 66.8756064530605 -18
    endloop
  endfacet
  facet normal 0 0 -1
    outer loop
      vertex 45.49139679181256 70.834016500269 -18
      vertex 46.50860320818744 70.834016500269 -18
      vertex 46.263720182023114 66.94171225939874 -18
    endloop
  endfacet
  facet normal 0 0 -1
    outer loop
      vertex 46.263720182023114 66.94171225939874 -18
      vertex 46.50860320818744 70.834016500269 -18
      vertex 47.51778864814437 70.70652673090238 -18
    endloop
  endfacet
  facet normal -0.12533323356430218 -0.9921147013144781 0
    outer loop
      vertex 47.51778864814437 70.70652673090238 -18
      vertex 46.50860320818744 70.834016500269 -20
      vertex 47.51778864814437 70.70652673090238 -20
    endloop
  endfacet
  facet normal -0.24868988716486323 -0.9685831611286289 0
    outer loop
      vertex 48.50303765443707 70.45355778199074 -18
      vertex 47.51778864814437 70.70652673090238 -20
      vertex 48.50303765443707 70.45355778199074 -20
    endloop
  endfacet
  facet normal -0.24868988716486323 -0.9685831611286289 0
    outer loop
      vertex 47.51778864814437 70.70652673090238 -18
      vertex 47.51778864814437 70.70652673090238 -20
      vertex 48.50303765443707 70.45355778199074 -18
    endloop
  endfacet
  facet normal 0 0 -1
    outer loop
      vertex 46.787001521260045 66.8756064530605 -18
      vertex 47.51778864814437 70.70652673090238 -18
      vertex 47.29787137637478 66.74443736843965 -18
    endloop
  endfacet
  facet normal 0 0 -1
    outer loop
      vertex 47.29787137637478 66.74443736843965 -18
      vertex 47.51778864814437 70.70652673090238 -18
      vertex 48.50303765443707 70.45355778199074 -18
    endloop
  endfacet
  facet normal 0 0 -1
    outer loop
      vertex 47.29787137637478 66.74443736843965 -18
      vertex 48.50303765443707 70.45355778199074 -18
      vertex 47.78827302457331 66.55027362035729 -18
    endloop
  endfacet
  facet normal 0 0 -1
    outer loop
      vertex 47.78827302457331 66.55027362035729 -18
      vertex 48.50303765443707 70.45355778199074 -18
      vertex 48.25047253891179 66.29617728710846 -18
    endloop
  endfacet
  facet normal 0 0 -1
    outer loop
      vertex 48.25047253891179 66.29617728710846 -18
      vertex 48.50303765443707 70.45355778199074 -18
      vertex 48.677180756944495 65.98615561965832 -18
    endloop
  endfacet
  facet normal -0.36812455268467864 0.9297764858882511 0
    outer loop
      vertex 48.50303765443707 55.046442218009254 -18
      vertex 49.448812261677084 55.42090087502524 -20
      vertex 48.50303765443707 55.046442218009254 -20
    endloop
  endfacet
  facet normal -0.36812455268467864 0.9297764858882511 0
    outer loop
      vertex 48.50303765443707 55.046442218009254 -18
      vertex 49.448812261677084 55.42090087502524 -18
      vertex 49.448812261677084 55.42090087502524 -20
    endloop
  endfacet
  facet normal -0.48175367410171577 0.8763066800438634 0
    outer loop
      vertex 49.448812261677084 55.42090087502524 -18
      vertex 50.340197039329865 55.910943803433675 -20
      vertex 49.448812261677084 55.42090087502524 -20
    endloop
  endfacet
  facet normal -0.5877852522924737 0.809016994374947 0
    outer loop
      vertex 50.340197039329865 55.910943803433675 -18
      vertex 51.16313431696439 56.50884273351611 -20
      vertex 50.340197039329865 55.910943803433675 -20
    endloop
  endfacet
  facet normal -0.48175367410171577 0.8763066800438634 0
    outer loop
      vertex 49.448812261677084 55.42090087502524 -18
      vertex 50.340197039329865 55.910943803433675 -18
      vertex 50.340197039329865 55.910943803433675 -20
    endloop
  endfacet
  facet normal 0 0 -1
    outer loop
      vertex 48.50303765443707 55.046442218009254 -18
      vertex 48.677180756944495 59.51384438034169 -18
      vertex 49.448812261677084 55.42090087502524 -18
    endloop
  endfacet
  facet normal 0 0 -1
    outer loop
      vertex 48.677180756944495 59.51384438034169 -18
      vertex 49.06166823516993 59.874902155099505 -18
      vertex 49.448812261677084 55.42090087502524 -18
    endloop
  endfacet
  facet normal 0 0 -1
    outer loop
      vertex 49.448812261677084 55.42090087502524 -18
      vertex 49.06166823516993 59.874902155099505 -18
      vertex 49.39787137637478 60.28130194037161 -18
    endloop
  endfacet
  facet normal 0 0 -1
    outer loop
      vertex 49.448812261677084 55.42090087502524 -18
      vertex 49.39787137637478 60.28130194037161 -18
      vertex 49.680488056184224 60.726634568772795 -18
    endloop
  endfacet
  facet normal 0 0 -1
    outer loop
      vertex 49.448812261677084 55.42090087502524 -18
      vertex 49.680488056184224 60.726634568772795 -18
      vertex 50.340197039329865 55.910943803433675 -18
    endloop
  endfacet
  facet normal 0 0 -1
    outer loop
      vertex 50.340197039329865 55.910943803433675 -18
      vertex 49.680488056184224 60.726634568772795 -18
      vertex 49.90506124073065 61.20387687872435 -18
    endloop
  endfacet
  facet normal 0 0 -1
    outer loop
      vertex 50.340197039329865 55.910943803433675 -18
      vertex 49.90506124073065 61.20387687872435 -18
      vertex 50.068049276740254 61.705502473907615 -18
    endloop
  endfacet
  facet normal 0 0 -1
    outer loop
      vertex 50.340197039329865 55.910943803433675 -18
      vertex 50.068049276740254 61.705502473907615 -18
      vertex 50.166881745520804 62.22360041902992 -18
    endloop
  endfacet
  facet normal 0 0 -1
    outer loop
      vertex 50.340197039329865 55.910943803433675 -18
      vertex 50.166881745520804 62.22360041902992 -18
      vertex 50.2 62.75 -18
    endloop
  endfacet
  facet normal 0 0 -1
    outer loop
      vertex 50.340197039329865 55.910943803433675 -18
      vertex 50.34019703932987 69.58905619656632 -18
      vertex 51.16313431696439 56.50884273351611 -18
    endloop
  endfacet
  facet normal 0 0 -1
    outer loop
      vertex 50.340197039329865 55.910943803433675 -18
      vertex 50.2 62.75 -18
      vertex 50.34019703932987 69.58905619656632 -18
    endloop
  endfacet
  facet normal 0 0 -1
    outer loop
      vertex 50.2 62.75 -18
      vertex 50.166881745520804 63.27639958097008 -18
      vertex 50.34019703932987 69.58905619656632 -18
    endloop
  endfacet
  facet normal 0 0 -1
    outer loop
      vertex 50.068049276740254 63.79449752609239 -18
      vertex 50.34019703932987 69.58905619656632 -18
      vertex 50.166881745520804 63.27639958097008 -18
    endloop
  endfacet
  facet normal -0.6845471059286853 0.7289686274214148 0
    outer loop
      vertex 51.16313431696439 56.50884273351611 -18
      vertex 51.904645882113435 57.20516844197762 -20
      vertex 51.16313431696439 56.50884273351611 -20
    endloop
  endfacet
  facet normal -0.5877852522924737 0.809016994374947 0
    outer loop
      vertex 50.340197039329865 55.910943803433675 -18
      vertex 51.16313431696439 56.50884273351611 -18
      vertex 51.16313431696439 56.50884273351611 -20
    endloop
  endfacet
  facet normal -0.7705132427757906 0.6374239897486881 0
    outer loop
      vertex 51.904645882113435 57.20516844197762 -18
      vertex 52.55303765443708 57.98893945643097 -20
      vertex 51.904645882113435 57.20516844197762 -20
    endloop
  endfacet
  facet normal -0.6845471059286853 0.7289686274214148 0
    outer loop
      vertex 51.16313431696439 56.50884273351611 -18
      vertex 51.904645882113435 57.20516844197762 -18
      vertex 51.904645882113435 57.20516844197762 -20
    endloop
  endfacet
  facet normal -0.7705132427757906 0.6374239897486881 0
    outer loop
      vertex 51.904645882113435 57.20516844197762 -18
      vertex 52.55303765443708 57.98893945643097 -18
      vertex 52.55303765443708 57.98893945643097 -20
    endloop
  endfacet
  facet normal 0 0 -1
    outer loop
      vertex 51.16313431696439 56.50884273351611 -18
      vertex 51.16313431696439 68.9911572664839 -18
      vertex 51.904645882113435 57.20516844197762 -18
    endloop
  endfacet
  facet normal 0 0 -1
    outer loop
      vertex 51.16313431696439 56.50884273351611 -18
      vertex 50.34019703932987 69.58905619656632 -18
      vertex 51.16313431696439 68.9911572664839 -18
    endloop
  endfacet
  facet normal 0 0 -1
    outer loop
      vertex 51.904645882113435 57.20516844197762 -18
      vertex 51.904645882113435 68.29483155802238 -18
      vertex 52.55303765443708 57.98893945643097 -18
    endloop
  endfacet
  facet normal 0 0 -1
    outer loop
      vertex 51.904645882113435 57.20516844197762 -18
      vertex 51.16313431696439 68.9911572664839 -18
      vertex 51.904645882113435 68.29483155802238 -18
    endloop
  endfacet
  facet normal 0 0 -1
    outer loop
      vertex 51.904645882113435 68.29483155802238 -18
      vertex 52.55303765443708 67.51106054356903 -18
      vertex 52.55303765443708 57.98893945643097 -18
    endloop
  endfacet
  facet normal -0.3681245526846702 -0.9297764858882545 0
    outer loop
      vertex 49.44881226167709 70.07909912497476 -18
      vertex 48.50303765443707 70.45355778199074 -20
      vertex 49.44881226167709 70.07909912497476 -20
    endloop
  endfacet
  facet normal -0.3681245526846702 -0.9297764858882545 0
    outer loop
      vertex 48.50303765443707 70.45355778199074 -18
      vertex 48.50303765443707 70.45355778199074 -20
      vertex 49.44881226167709 70.07909912497476 -18
    endloop
  endfacet
  facet normal -0.48175367410172104 -0.8763066800438603 0
    outer loop
      vertex 50.34019703932987 69.58905619656632 -18
      vertex 49.44881226167709 70.07909912497476 -20
      vertex 50.34019703932987 69.58905619656632 -20
    endloop
  endfacet
  facet normal -0.48175367410172104 -0.8763066800438603 0
    outer loop
      vertex 49.44881226167709 70.07909912497476 -18
      vertex 49.44881226167709 70.07909912497476 -20
      vertex 50.34019703932987 69.58905619656632 -18
    endloop
  endfacet
  facet normal -0.5877852522924679 -0.8090169943749513 0
    outer loop
      vertex 50.34019703932987 69.58905619656632 -18
      vertex 50.34019703932987 69.58905619656632 -20
      vertex 51.16313431696439 68.9911572664839 -18
    endloop
  endfacet
  facet normal 0 0 -1
    outer loop
      vertex 48.677180756944495 65.98615561965832 -18
      vertex 49.44881226167709 70.07909912497476 -18
      vertex 49.061668235169925 65.6250978449005 -18
    endloop
  endfacet
  facet normal 0 0 -1
    outer loop
      vertex 49.39787137637478 65.2186980596284 -18
      vertex 49.061668235169925 65.6250978449005 -18
      vertex 49.44881226167709 70.07909912497476 -18
    endloop
  endfacet
  facet normal 0 0 -1
    outer loop
      vertex 49.39787137637478 65.2186980596284 -18
      vertex 49.44881226167709 70.07909912497476 -18
      vertex 49.680488056184224 64.7733654312272 -18
    endloop
  endfacet
  facet normal 0 0 -1
    outer loop
      vertex 48.677180756944495 65.98615561965832 -18
      vertex 48.50303765443707 70.45355778199074 -18
      vertex 49.44881226167709 70.07909912497476 -18
    endloop
  endfacet
  facet normal 0 0 -1
    outer loop
      vertex 49.680488056184224 64.7733654312272 -18
      vertex 50.34019703932987 69.58905619656632 -18
      vertex 49.90506124073065 64.29612312127564 -18
    endloop
  endfacet
  facet normal 0 0 -1
    outer loop
      vertex 50.068049276740254 63.79449752609239 -18
      vertex 49.90506124073065 64.29612312127564 -18
      vertex 50.34019703932987 69.58905619656632 -18
    endloop
  endfacet
  facet normal 0 0 -1
    outer loop
      vertex 49.680488056184224 64.7733654312272 -18
      vertex 49.44881226167709 70.07909912497476 -18
      vertex 50.34019703932987 69.58905619656632 -18
    endloop
  endfacet
  facet normal -0.684547105928689 -0.7289686274214112 0
    outer loop
      vertex 51.16313431696439 68.9911572664839 -18
      vertex 51.16313431696439 68.9911572664839 -20
      vertex 51.904645882113435 68.29483155802238 -18
    endloop
  endfacet
  facet normal -0.5877852522924679 -0.8090169943749513 0
    outer loop
      vertex 51.16313431696439 68.9911572664839 -18
      vertex 50.34019703932987 69.58905619656632 -20
      vertex 51.16313431696439 68.9911572664839 -20
    endloop
  endfacet
  facet normal -0.684547105928689 -0.7289686274214112 0
    outer loop
      vertex 51.904645882113435 68.29483155802238 -18
      vertex 51.16313431696439 68.9911572664839 -20
      vertex 51.904645882113435 68.29483155802238 -20
    endloop
  endfacet
  facet normal -0.7705132427757906 -0.6374239897486881 0
    outer loop
      vertex 52.55303765443708 67.51106054356903 -18
      vertex 51.904645882113435 68.29483155802238 -20
      vertex 52.55303765443708 67.51106054356903 -20
    endloop
  endfacet
  facet normal -0.7705132427757906 -0.6374239897486881 0
    outer loop
      vertex 51.904645882113435 68.29483155802238 -18
      vertex 51.904645882113435 68.29483155802238 -20
      vertex 52.55303765443708 67.51106054356903 -18
    endloop
  endfacet
  facet normal -0.8443279255020153 0.5358267949789962 0
    outer loop
      vertex 52.55303765443708 57.98893945643097 -18
      vertex 53.098084108355295 58.847795239776104 -20
      vertex 52.55303765443708 57.98893945643097 -20
    endloop
  endfacet
  facet normal -0.9048270524660196 0.4257792915650729 0
    outer loop
      vertex 53.098084108355295 58.847795239776104 -18
      vertex 53.531189535694836 59.768191123254105 -20
      vertex 53.098084108355295 58.847795239776104 -20
    endloop
  endfacet
  facet normal -0.8443279255020153 0.5358267949789962 0
    outer loop
      vertex 52.55303765443708 57.98893945643097 -18
      vertex 53.098084108355295 58.847795239776104 -18
      vertex 53.098084108355295 58.847795239776104 -20
    endloop
  endfacet
  facet normal -0.9048270524660196 0.4257792915650729 0
    outer loop
      vertex 53.098084108355295 58.847795239776104 -18
      vertex 53.531189535694836 59.768191123254105 -18
      vertex 53.531189535694836 59.768191123254105 -20
    endloop
  endfacet
  facet normal -0.9510565162951539 0.30901699437494684 0
    outer loop
      vertex 53.531189535694836 59.768191123254105 -18
      vertex 53.84552360514191 60.73561191396468 -20
      vertex 53.531189535694836 59.768191123254105 -20
    endloop
  endfacet
  facet normal -0.9822872507286886 0.1873813145857246 0
    outer loop
      vertex 53.84552360514191 60.73561191396468 -18
      vertex 54.03612908064727 61.73480080812914 -20
      vertex 53.84552360514191 60.73561191396468 -20
    endloop
  endfacet
  facet normal -0.9980267284282716 0.06279051952931435 0
    outer loop
      vertex 54.03612908064727 61.73480080812914 -18
      vertex 54.1 62.75 -20
      vertex 54.03612908064727 61.73480080812914 -20
    endloop
  endfacet
  facet normal -0.9510565162951539 0.30901699437494684 0
    outer loop
      vertex 53.531189535694836 59.768191123254105 -18
      vertex 53.84552360514191 60.73561191396468 -18
      vertex 53.84552360514191 60.73561191396468 -20
    endloop
  endfacet
  facet normal -0.9822872507286886 0.1873813145857246 0
    outer loop
      vertex 53.84552360514191 60.73561191396468 -18
      vertex 54.03612908064727 61.73480080812914 -18
      vertex 54.03612908064727 61.73480080812914 -20
    endloop
  endfacet
  facet normal -0.9980267284282716 0.06279051952931435 0
    outer loop
      vertex 54.03612908064727 61.73480080812914 -18
      vertex 54.1 62.75 -18
      vertex 54.1 62.75 -20
    endloop
  endfacet
  facet normal -0.9510565162951525 -0.30901699437495095 0
    outer loop
      vertex 53.84552360514191 64.76438808603532 -18
      vertex 53.531189535694836 65.73180887674589 -20
      vertex 53.84552360514191 64.76438808603532 -20
    endloop
  endfacet
  facet normal -0.9980267284282716 -0.06279051952931435 0
    outer loop
      vertex 54.1 62.75 -18
      vertex 54.03612908064727 63.76519919187086 -20
      vertex 54.1 62.75 -20
    endloop
  endfacet
  facet normal -0.9822872507286889 -0.18738131458572332 0
    outer loop
      vertex 54.03612908064727 63.76519919187086 -18
      vertex 53.84552360514191 64.76438808603532 -20
      vertex 54.03612908064727 63.76519919187086 -20
    endloop
  endfacet
  facet normal -0.9510565162951525 -0.30901699437495095 0
    outer loop
      vertex 53.84552360514191 64.76438808603532 -18
      vertex 53.531189535694836 65.73180887674589 -18
      vertex 53.531189535694836 65.73180887674589 -20
    endloop
  endfacet
  facet normal -0.9980267284282716 -0.06279051952931435 0
    outer loop
      vertex 54.1 62.75 -18
      vertex 54.03612908064727 63.76519919187086 -18
      vertex 54.03612908064727 63.76519919187086 -20
    endloop
  endfacet
  facet normal -0.9822872507286889 -0.18738131458572332 0
    outer loop
      vertex 53.84552360514191 64.76438808603532 -18
      vertex 53.84552360514191 64.76438808603532 -20
      vertex 54.03612908064727 63.76519919187086 -18
    endloop
  endfacet
  facet normal 0 0 -1
    outer loop
      vertex 52.55303765443708 57.98893945643097 -18
      vertex 52.55303765443708 67.51106054356903 -18
      vertex 53.098084108355295 58.847795239776104 -18
    endloop
  endfacet
  facet normal 0 0 -1
    outer loop
      vertex 53.098084108355295 58.847795239776104 -18
      vertex 53.098084108355295 66.6522047602239 -18
      vertex 53.531189535694836 59.768191123254105 -18
    endloop
  endfacet
  facet normal 0 0 -1
    outer loop
      vertex 53.098084108355295 58.847795239776104 -18
      vertex 52.55303765443708 67.51106054356903 -18
      vertex 53.098084108355295 66.6522047602239 -18
    endloop
  endfacet
  facet normal 0 0 -1
    outer loop
      vertex 53.531189535694836 59.768191123254105 -18
      vertex 53.098084108355295 66.6522047602239 -18
      vertex 53.531189535694836 65.73180887674589 -18
    endloop
  endfacet
  facet normal 0 0 -1
    outer loop
      vertex 53.531189535694836 59.768191123254105 -18
      vertex 53.531189535694836 65.73180887674589 -18
      vertex 53.84552360514191 60.73561191396468 -18
    endloop
  endfacet
  facet normal 0 0 -1
    outer loop
      vertex 53.84552360514191 60.73561191396468 -18
      vertex 53.84552360514191 64.76438808603532 -18
      vertex 54.03612908064727 61.73480080812914 -18
    endloop
  endfacet
  facet normal 0 0 -1
    outer loop
      vertex 54.03612908064727 61.73480080812914 -18
      vertex 54.03612908064727 63.76519919187086 -18
      vertex 54.1 62.75 -18
    endloop
  endfacet
  facet normal 0 0 -1
    outer loop
      vertex 53.84552360514191 60.73561191396468 -18
      vertex 53.531189535694836 65.73180887674589 -18
      vertex 53.84552360514191 64.76438808603532 -18
    endloop
  endfacet
  facet normal 0 0 -1
    outer loop
      vertex 54.03612908064727 61.73480080812914 -18
      vertex 53.84552360514191 64.76438808603532 -18
      vertex 54.03612908064727 63.76519919187086 -18
    endloop
  endfacet
  facet normal -0.8443279255020153 -0.5358267949789962 0
    outer loop
      vertex 53.098084108355295 66.6522047602239 -18
      vertex 52.55303765443708 67.51106054356903 -20
      vertex 53.098084108355295 66.6522047602239 -20
    endloop
  endfacet
  facet normal -0.9048270524660208 -0.42577929156507016 0
    outer loop
      vertex 53.531189535694836 65.73180887674589 -18
      vertex 53.098084108355295 66.6522047602239 -20
      vertex 53.531189535694836 65.73180887674589 -20
    endloop
  endfacet
  facet normal -0.8443279255020153 -0.5358267949789962 0
    outer loop
      vertex 52.55303765443708 67.51106054356903 -18
      vertex 52.55303765443708 67.51106054356903 -20
      vertex 53.098084108355295 66.6522047602239 -18
    endloop
  endfacet
  facet normal -0.9048270524660208 -0.42577929156507016 0
    outer loop
      vertex 53.098084108355295 66.6522047602239 -18
      vertex 53.098084108355295 66.6522047602239 -20
      vertex 53.531189535694836 65.73180887674589 -18
    endloop
  endfacet
  facet normal 0.90482705246602 0.42577929156507155 0
    outer loop
      vertex 6.468810464305164 59.76819112325411 -18
      vertex 6.901915891644706 58.847795239776104 -20
      vertex 6.468810464305164 59.76819112325411 -20
    endloop
  endfacet
  facet normal 0.8443279255020146 0.5358267949789974 0
    outer loop
      vertex 6.901915891644706 58.847795239776104 -18
      vertex 7.446962345562926 57.98893945643097 -20
      vertex 6.901915891644706 58.847795239776104 -20
    endloop
  endfacet
  facet normal 0.90482705246602 0.42577929156507155 0
    outer loop
      vertex 6.901915891644706 58.847795239776104 -18
      vertex 6.901915891644706 58.847795239776104 -20
      vertex 6.468810464305164 59.76819112325411 -18
    endloop
  endfacet
  facet normal 0.8443279255020146 0.5358267949789974 0
    outer loop
      vertex 6.901915891644706 58.847795239776104 -18
      vertex 7.446962345562926 57.98893945643097 -18
      vertex 7.446962345562926 57.98893945643097 -20
    endloop
  endfacet
  facet normal 0.9822872507286885 0.187381314585725 0
    outer loop
      vertex 5.963870919352729 61.73480080812914 -18
      vertex 6.154476394858088 60.735611913964675 -20
      vertex 5.963870919352729 61.73480080812914 -20
    endloop
  endfacet
  facet normal 0.9980267284282717 0.06279051952931261 0
    outer loop
      vertex 5.9 62.75 -18
      vertex 5.963870919352729 61.73480080812914 -20
      vertex 5.9 62.75 -20
    endloop
  endfacet
  facet normal 0.9510565162951531 0.30901699437494856 0
    outer loop
      vertex 6.154476394858088 60.735611913964675 -18
      vertex 6.468810464305164 59.76819112325411 -20
      vertex 6.154476394858088 60.735611913964675 -20
    endloop
  endfacet
  facet normal 0.9822872507286885 0.187381314585725 0
    outer loop
      vertex 5.963870919352729 61.73480080812914 -18
      vertex 6.154476394858088 60.735611913964675 -18
      vertex 6.154476394858088 60.735611913964675 -20
    endloop
  endfacet
  facet normal 0.9980267284282717 0.06279051952931261 0
    outer loop
      vertex 5.963870919352729 61.73480080812914 -18
      vertex 5.963870919352729 61.73480080812914 -20
      vertex 5.9 62.75 -18
    endloop
  endfacet
  facet normal 0.9510565162951531 0.30901699437494856 0
    outer loop
      vertex 6.154476394858088 60.735611913964675 -18
      vertex 6.468810464305164 59.76819112325411 -18
      vertex 6.468810464305164 59.76819112325411 -20
    endloop
  endfacet
  facet normal 0.9980267284282717 -0.06279051952931261 0
    outer loop
      vertex 5.963870919352729 63.76519919187086 -18
      vertex 5.9 62.75 -20
      vertex 5.963870919352729 63.76519919187086 -20
    endloop
  endfacet
  facet normal 0.9822872507286885 -0.187381314585725 0
    outer loop
      vertex 6.154476394858088 64.76438808603532 -18
      vertex 5.963870919352729 63.76519919187086 -20
      vertex 6.154476394858088 64.76438808603532 -20
    endloop
  endfacet
  facet normal 0.9510565162951531 -0.30901699437494856 0
    outer loop
      vertex 6.468810464305164 65.73180887674589 -18
      vertex 6.154476394858088 64.76438808603532 -20
      vertex 6.468810464305164 65.73180887674589 -20
    endloop
  endfacet
  facet normal 0.9980267284282717 -0.06279051952931261 0
    outer loop
      vertex 5.9 62.75 -18
      vertex 5.9 62.75 -20
      vertex 5.963870919352729 63.76519919187086 -18
    endloop
  endfacet
  facet normal 0.9822872507286885 -0.187381314585725 0
    outer loop
      vertex 5.963870919352729 63.76519919187086 -18
      vertex 5.963870919352729 63.76519919187086 -20
      vertex 6.154476394858088 64.76438808603532 -18
    endloop
  endfacet
  facet normal 0.9510565162951531 -0.30901699437494856 0
    outer loop
      vertex 6.154476394858088 64.76438808603532 -18
      vertex 6.154476394858088 64.76438808603532 -20
      vertex 6.468810464305164 65.73180887674589 -18
    endloop
  endfacet
  facet normal 0 0 -1
    outer loop
      vertex 5.963870919352729 61.73480080812914 -18
      vertex 5.963870919352729 63.76519919187086 -18
      vertex 6.154476394858088 60.735611913964675 -18
    endloop
  endfacet
  facet normal 0 0 -1
    outer loop
      vertex 5.963870919352729 61.73480080812914 -18
      vertex 5.9 62.75 -18
      vertex 5.963870919352729 63.76519919187086 -18
    endloop
  endfacet
  facet normal 0 0 -1
    outer loop
      vertex 6.154476394858088 60.735611913964675 -18
      vertex 6.154476394858088 64.76438808603532 -18
      vertex 6.468810464305164 59.76819112325411 -18
    endloop
  endfacet
  facet normal 0 0 -1
    outer loop
      vertex 6.154476394858088 60.735611913964675 -18
      vertex 5.963870919352729 63.76519919187086 -18
      vertex 6.154476394858088 64.76438808603532 -18
    endloop
  endfacet
  facet normal 0 0 -1
    outer loop
      vertex 6.468810464305164 59.76819112325411 -18
      vertex 6.154476394858088 64.76438808603532 -18
      vertex 6.468810464305164 65.73180887674589 -18
    endloop
  endfacet
  facet normal 0 0 -1
    outer loop
      vertex 6.901915891644706 58.847795239776104 -18
      vertex 6.468810464305164 59.76819112325411 -18
      vertex 6.468810464305164 65.73180887674589 -18
    endloop
  endfacet
  facet normal 0 0 -1
    outer loop
      vertex 6.901915891644706 58.847795239776104 -18
      vertex 6.901915891644706 66.6522047602239 -18
      vertex 7.446962345562926 57.98893945643097 -18
    endloop
  endfacet
  facet normal 0 0 -1
    outer loop
      vertex 6.901915891644706 58.847795239776104 -18
      vertex 6.468810464305164 65.73180887674589 -18
      vertex 6.901915891644706 66.6522047602239 -18
    endloop
  endfacet
  facet normal 0 0 -1
    outer loop
      vertex 7.446962345562926 57.98893945643097 -18
      vertex 6.901915891644706 66.6522047602239 -18
      vertex 7.446962345562926 67.51106054356903 -18
    endloop
  endfacet
  facet normal 0.90482705246602 -0.42577929156507155 0
    outer loop
      vertex 6.901915891644706 66.6522047602239 -18
      vertex 6.468810464305164 65.73180887674589 -20
      vertex 6.901915891644706 66.6522047602239 -20
    endloop
  endfacet
  facet normal 0.8443279255020146 -0.5358267949789974 0
    outer loop
      vertex 7.446962345562926 67.51106054356903 -18
      vertex 6.901915891644706 66.6522047602239 -20
      vertex 7.446962345562926 67.51106054356903 -20
    endloop
  endfacet
  facet normal 0.90482705246602 -0.42577929156507155 0
    outer loop
      vertex 6.468810464305164 65.73180887674589 -18
      vertex 6.468810464305164 65.73180887674589 -20
      vertex 6.901915891644706 66.6522047602239 -18
    endloop
  endfacet
  facet normal 0.8443279255020146 -0.5358267949789974 0
    outer loop
      vertex 6.901915891644706 66.6522047602239 -18
      vertex 6.901915891644706 66.6522047602239 -20
      vertex 7.446962345562926 67.51106054356903 -18
    endloop
  endfacet
  facet normal 0.7705132427757919 0.6374239897486865 0
    outer loop
      vertex 7.446962345562926 57.98893945643097 -18
      vertex 8.095354117886565 57.20516844197762 -20
      vertex 7.446962345562926 57.98893945643097 -20
    endloop
  endfacet
  facet normal 0.6845471059286872 0.7289686274214129 0
    outer loop
      vertex 8.095354117886565 57.20516844197762 -18
      vertex 8.836865683035615 56.508842733516104 -20
      vertex 8.095354117886565 57.20516844197762 -20
    endloop
  endfacet
  facet normal 0.7705132427757919 0.6374239897486865 0
    outer loop
      vertex 7.446962345562926 57.98893945643097 -18
      vertex 8.095354117886565 57.20516844197762 -18
      vertex 8.095354117886565 57.20516844197762 -20
    endloop
  endfacet
  facet normal 0.5877852522924695 0.80901699437495 0
    outer loop
      vertex 8.836865683035615 56.508842733516104 -18
      vertex 9.659802960670127 55.91094380343368 -20
      vertex 8.836865683035615 56.508842733516104 -20
    endloop
  endfacet
  facet normal 0.6845471059286872 0.7289686274214129 0
    outer loop
      vertex 8.095354117886565 57.20516844197762 -18
      vertex 8.836865683035615 56.508842733516104 -18
      vertex 8.836865683035615 56.508842733516104 -20
    endloop
  endfacet
  facet normal 0 0 -1
    outer loop
      vertex 7.446962345562926 57.98893945643097 -18
      vertex 7.446962345562926 67.51106054356903 -18
      vertex 8.095354117886565 57.20516844197762 -18
    endloop
  endfacet
  facet normal 0 0 -1
    outer loop
      vertex 8.095354117886565 57.20516844197762 -18
      vertex 8.095354117886565 68.29483155802238 -18
      vertex 8.836865683035615 56.508842733516104 -18
    endloop
  endfacet
  facet normal 0 0 -1
    outer loop
      vertex 7.446962345562926 67.51106054356903 -18
      vertex 8.095354117886565 68.29483155802238 -18
      vertex 8.095354117886565 57.20516844197762 -18
    endloop
  endfacet
  facet normal 0 0 -1
    outer loop
      vertex 8.836865683035615 56.508842733516104 -18
      vertex 8.836865683035615 68.9911572664839 -18
      vertex 9.659802960670127 55.91094380343368 -18
    endloop
  endfacet
  facet normal 0 0 -1
    outer loop
      vertex 8.836865683035615 56.508842733516104 -18
      vertex 8.095354117886565 68.29483155802238 -18
      vertex 8.836865683035615 68.9911572664839 -18
    endloop
  endfacet
  facet normal 0.4817536741017197 0.8763066800438613 0
    outer loop
      vertex 9.659802960670127 55.91094380343368 -18
      vertex 10.551187738322913 55.42090087502524 -20
      vertex 9.659802960670127 55.91094380343368 -20
    endloop
  endfacet
  facet normal 0.5877852522924695 0.80901699437495 0
    outer loop
      vertex 8.836865683035615 56.508842733516104 -18
      vertex 9.659802960670127 55.91094380343368 -18
      vertex 9.659802960670127 55.91094380343368 -20
    endloop
  endfacet
  facet normal 0.4817536741017197 0.8763066800438613 0
    outer loop
      vertex 9.659802960670127 55.91094380343368 -18
      vertex 10.551187738322913 55.42090087502524 -18
      vertex 10.551187738322913 55.42090087502524 -20
    endloop
  endfacet
  facet normal 0.3681245526846781 0.9297764858882515 0
    outer loop
      vertex 10.551187738322913 55.42090087502524 -18
      vertex 11.496962345562926 55.046442218009254 -20
      vertex 10.551187738322913 55.42090087502524 -20
    endloop
  endfacet
  facet normal 0.3681245526846781 0.9297764858882515 0
    outer loop
      vertex 10.551187738322913 55.42090087502524 -18
      vertex 11.496962345562926 55.046442218009254 -18
      vertex 11.496962345562926 55.046442218009254 -20
    endloop
  endfacet
  facet normal 0 0 -1
    outer loop
      vertex 9.659802960670127 55.91094380343368 -18
      vertex 10.319511943815773 60.726634568772795 -18
      vertex 10.551187738322913 55.42090087502524 -18
    endloop
  endfacet
  facet normal 0 0 -1
    outer loop
      vertex 9.659802960670127 55.91094380343368 -18
      vertex 9.93195072325975 61.70550247390761 -18
      vertex 10.094938759269343 61.20387687872435 -18
    endloop
  endfacet
  facet normal 0 0 -1
    outer loop
      vertex 9.659802960670127 55.91094380343368 -18
      vertex 10.094938759269343 61.20387687872435 -18
      vertex 10.319511943815773 60.726634568772795 -18
    endloop
  endfacet
  facet normal 0 0 -1
    outer loop
      vertex 10.551187738322913 55.42090087502524 -18
      vertex 11.322819243055504 59.51384438034169 -18
      vertex 11.496962345562926 55.046442218009254 -18
    endloop
  endfacet
  facet normal 0 0 -1
    outer loop
      vertex 10.551187738322913 55.42090087502524 -18
      vertex 10.319511943815773 60.726634568772795 -18
      vertex 10.60212862362522 60.28130194037161 -18
    endloop
  endfacet
  facet normal 0 0 -1
    outer loop
      vertex 10.551187738322913 55.42090087502524 -18
      vertex 10.60212862362522 60.28130194037161 -18
      vertex 10.938331764830071 59.874902155099505 -18
    endloop
  endfacet
  facet normal 0 0 -1
    outer loop
      vertex 10.551187738322913 55.42090087502524 -18
      vertex 10.938331764830071 59.874902155099505 -18
      vertex 11.322819243055504 59.51384438034169 -18
    endloop
  endfacet
  facet normal 0 0 -1
    outer loop
      vertex 9.659802960670127 55.91094380343368 -18
      vertex 9.833118254479192 62.22360041902992 -18
      vertex 9.93195072325975 61.70550247390761 -18
    endloop
  endfacet
  facet normal 0 0 -1
    outer loop
      vertex 9.659802960670127 55.91094380343368 -18
      vertex 9.8 62.75 -18
      vertex 9.833118254479192 62.22360041902992 -18
    endloop
  endfacet
  facet normal 0 0 -1
    outer loop
      vertex 9.659802960670127 55.91094380343368 -18
      vertex 9.659802960670127 69.58905619656632 -18
      vertex 9.8 62.75 -18
    endloop
  endfacet
  facet normal 0 0 -1
    outer loop
      vertex 9.659802960670127 55.91094380343368 -18
      vertex 8.836865683035615 68.9911572664839 -18
      vertex 9.659802960670127 69.58905619656632 -18
    endloop
  endfacet
  facet normal 0 0 -1
    outer loop
      vertex 9.8 62.75 -18
      vertex 9.659802960670127 69.58905619656632 -18
      vertex 9.833118254479192 63.27639958097008 -18
    endloop
  endfacet
  facet normal 0 0 -1
    outer loop
      vertex 9.833118254479192 63.27639958097008 -18
      vertex 9.659802960670127 69.58905619656632 -18
      vertex 9.93195072325975 63.79449752609239 -18
    endloop
  endfacet
  facet normal 0.7705132427757919 -0.6374239897486865 0
    outer loop
      vertex 8.095354117886565 68.29483155802238 -18
      vertex 7.446962345562926 67.51106054356903 -20
      vertex 8.095354117886565 68.29483155802238 -20
    endloop
  endfacet
  facet normal 0.7705132427757919 -0.6374239897486865 0
    outer loop
      vertex 7.446962345562926 67.51106054356903 -18
      vertex 7.446962345562926 67.51106054356903 -20
      vertex 8.095354117886565 68.29483155802238 -18
    endloop
  endfacet
  facet normal 0.6845471059286872 -0.7289686274214129 0
    outer loop
      vertex 8.095354117886565 68.29483155802238 -18
      vertex 8.095354117886565 68.29483155802238 -20
      vertex 8.836865683035615 68.9911572664839 -18
    endloop
  endfacet
  facet normal 0.6845471059286872 -0.7289686274214129 0
    outer loop
      vertex 8.836865683035615 68.9911572664839 -18
      vertex 8.095354117886565 68.29483155802238 -20
      vertex 8.836865683035615 68.9911572664839 -20
    endloop
  endfacet
  facet normal 0.5877852522924695 -0.80901699437495 0
    outer loop
      vertex 8.836865683035615 68.9911572664839 -18
      vertex 8.836865683035615 68.9911572664839 -20
      vertex 9.659802960670127 69.58905619656632 -18
    endloop
  endfacet
  facet normal 0.5877852522924695 -0.80901699437495 0
    outer loop
      vertex 9.659802960670127 69.58905619656632 -18
      vertex 8.836865683035615 68.9911572664839 -20
      vertex 9.659802960670127 69.58905619656632 -20
    endloop
  endfacet
  facet normal 0.4817536741017203 -0.8763066800438607 0
    outer loop
      vertex 10.551187738322911 70.07909912497476 -18
      vertex 9.659802960670127 69.58905619656632 -20
      vertex 10.551187738322911 70.07909912497476 -20
    endloop
  endfacet
  facet normal 0.4817536741017203 -0.8763066800438607 0
    outer loop
      vertex 9.659802960670127 69.58905619656632 -18
      vertex 9.659802960670127 69.58905619656632 -20
      vertex 10.551187738322911 70.07909912497476 -18
    endloop
  endfacet
  facet normal 0.3681245526846714 -0.929776485888254 0
    outer loop
      vertex 11.496962345562926 70.45355778199074 -18
      vertex 10.551187738322911 70.07909912497476 -20
      vertex 11.496962345562926 70.45355778199074 -20
    endloop
  endfacet
  facet normal 0.3681245526846714 -0.929776485888254 0
    outer loop
      vertex 10.551187738322911 70.07909912497476 -18
      vertex 10.551187738322911 70.07909912497476 -20
      vertex 11.496962345562926 70.45355778199074 -18
    endloop
  endfacet
  facet normal 0 0 -1
    outer loop
      vertex 9.93195072325975 63.79449752609239 -18
      vertex 9.659802960670127 69.58905619656632 -18
      vertex 10.094938759269343 64.29612312127564 -18
    endloop
  endfacet
  facet normal 0 0 -1
    outer loop
      vertex 10.094938759269343 64.29612312127564 -18
      vertex 9.659802960670127 69.58905619656632 -18
      vertex 10.319511943815773 64.7733654312272 -18
    endloop
  endfacet
  facet normal 0 0 -1
    outer loop
      vertex 10.319511943815773 64.7733654312272 -18
      vertex 9.659802960670127 69.58905619656632 -18
      vertex 10.551187738322911 70.07909912497476 -18
    endloop
  endfacet
  facet normal 0 0 -1
    outer loop
      vertex 10.319511943815773 64.7733654312272 -18
      vertex 10.551187738322911 70.07909912497476 -18
      vertex 10.60212862362522 65.2186980596284 -18
    endloop
  endfacet
  facet normal 0 0 -1
    outer loop
      vertex 10.60212862362522 65.2186980596284 -18
      vertex 10.551187738322911 70.07909912497476 -18
      vertex 10.938331764830071 65.6250978449005 -18
    endloop
  endfacet
  facet normal 0 0 -1
    outer loop
      vertex 10.938331764830071 65.6250978449005 -18
      vertex 10.551187738322911 70.07909912497476 -18
      vertex 11.322819243055504 65.98615561965832 -18
    endloop
  endfacet
  facet normal 0 0 -1
    outer loop
      vertex 10.551187738322911 70.07909912497476 -18
      vertex 11.496962345562926 70.45355778199074 -18
      vertex 11.322819243055504 65.98615561965832 -18
    endloop
  endfacet
  facet normal 0.24868988716485058 0.9685831611286322 0
    outer loop
      vertex 11.496962345562926 55.046442218009254 -18
      vertex 12.482211351855629 54.793473269097625 -20
      vertex 11.496962345562926 55.046442218009254 -20
    endloop
  endfacet
  facet normal 0.24868988716485058 0.9685831611286322 0
    outer loop
      vertex 11.496962345562926 55.046442218009254 -18
      vertex 12.482211351855629 54.793473269097625 -18
      vertex 12.482211351855629 54.793473269097625 -20
    endloop
  endfacet
  facet normal 0.12533323356430903 0.9921147013144772 0
    outer loop
      vertex 12.482211351855629 54.793473269097625 -18
      vertex 13.491396791812559 54.665983499731 -20
      vertex 12.482211351855629 54.793473269097625 -20
    endloop
  endfacet
  facet normal 0 0 -1
    outer loop
      vertex 11.496962345562926 55.046442218009254 -18
      vertex 11.322819243055504 59.51384438034169 -18
      vertex 11.749527461088213 59.20382271289154 -18
    endloop
  endfacet
  facet normal 0 0 -1
    outer loop
      vertex 11.496962345562926 55.046442218009254 -18
      vertex 11.749527461088213 59.20382271289154 -18
      vertex 12.211726975426696 58.94972637964272 -18
    endloop
  endfacet
  facet normal 0 0 -1
    outer loop
      vertex 11.496962345562926 55.046442218009254 -18
      vertex 12.211726975426696 58.94972637964272 -18
      vertex 12.70212862362522 58.75556263156035 -18
    endloop
  endfacet
  facet normal 0 0 -1
    outer loop
      vertex 11.496962345562926 55.046442218009254 -18
      vertex 12.70212862362522 58.75556263156035 -18
      vertex 12.482211351855629 54.793473269097625 -18
    endloop
  endfacet
  facet normal 0 0 -1
    outer loop
      vertex 12.482211351855629 54.793473269097625 -18
      vertex 12.70212862362522 58.75556263156035 -18
      vertex 13.212998478739955 58.62439354693951 -18
    endloop
  endfacet
  facet normal 0 1 0
    outer loop
      vertex 13.491396791812559 54.665983499731 -18
      vertex 14.508603208187441 54.665983499731 -20
      vertex 13.491396791812559 54.665983499731 -20
    endloop
  endfacet
  facet normal 0.12533323356430903 0.9921147013144772 0
    outer loop
      vertex 12.482211351855629 54.793473269097625 -18
      vertex 13.491396791812559 54.665983499731 -18
      vertex 13.491396791812559 54.665983499731 -20
    endloop
  endfacet
  facet normal -0.12533323356430903 0.9921147013144772 0
    outer loop
      vertex 14.508603208187441 54.665983499731 -18
      vertex 15.517788648144371 54.793473269097625 -20
      vertex 14.508603208187441 54.665983499731 -20
    endloop
  endfacet
  facet normal 0 1 0
    outer loop
      vertex 13.491396791812559 54.665983499731 -18
      vertex 14.508603208187441 54.665983499731 -18
      vertex 14.508603208187441 54.665983499731 -20
    endloop
  endfacet
  facet normal 0 0 -1
    outer loop
      vertex 12.482211351855629 54.793473269097625 -18
      vertex 13.736279817976882 58.55828774060126 -18
      vertex 13.491396791812559 54.665983499731 -18
    endloop
  endfacet
  facet normal 0 0 -1
    outer loop
      vertex 13.491396791812559 54.665983499731 -18
      vertex 13.736279817976882 58.55828774060126 -18
      vertex 14.508603208187441 54.665983499731 -18
    endloop
  endfacet
  facet normal 0 0 -1
    outer loop
      vertex 12.482211351855629 54.793473269097625 -18
      vertex 13.212998478739955 58.62439354693951 -18
      vertex 13.736279817976882 58.55828774060126 -18
    endloop
  endfacet
  facet normal 0 0 -1
    outer loop
      vertex 14.508603208187441 54.665983499731 -18
      vertex 14.787001521260045 58.62439354693951 -18
      vertex 15.517788648144371 54.793473269097625 -18
    endloop
  endfacet
  facet normal 0 0 -1
    outer loop
      vertex 13.736279817976882 58.55828774060126 -18
      vertex 14.26372018202312 58.55828774060126 -18
      vertex 14.508603208187441 54.665983499731 -18
    endloop
  endfacet
  facet normal 0 0 -1
    outer loop
      vertex 14.508603208187441 54.665983499731 -18
      vertex 14.26372018202312 58.55828774060126 -18
      vertex 14.787001521260045 58.62439354693951 -18
    endloop
  endfacet
  facet normal 0.24868988716486323 -0.9685831611286289 0
    outer loop
      vertex 12.48221135185563 70.70652673090238 -18
      vertex 11.496962345562926 70.45355778199074 -20
      vertex 12.48221135185563 70.70652673090238 -20
    endloop
  endfacet
  facet normal 0.24868988716486323 -0.9685831611286289 0
    outer loop
      vertex 11.496962345562926 70.45355778199074 -18
      vertex 11.496962345562926 70.45355778199074 -20
      vertex 12.48221135185563 70.70652673090238 -18
    endloop
  endfacet
  facet normal 0.12533323356430195 -0.9921147013144781 0
    outer loop
      vertex 12.48221135185563 70.70652673090238 -18
      vertex 12.48221135185563 70.70652673090238 -20
      vertex 13.491396791812562 70.834016500269 -18
    endloop
  endfacet
  facet normal 0 0 -1
    outer loop
      vertex 11.322819243055504 65.98615561965832 -18
      vertex 11.496962345562926 70.45355778199074 -18
      vertex 11.749527461088213 66.29617728710846 -18
    endloop
  endfacet
  facet normal 0 0 -1
    outer loop
      vertex 11.749527461088213 66.29617728710846 -18
      vertex 11.496962345562926 70.45355778199074 -18
      vertex 12.211726975426695 66.55027362035729 -18
    endloop
  endfacet
  facet normal 0 0 -1
    outer loop
      vertex 11.496962345562926 70.45355778199074 -18
      vertex 12.48221135185563 70.70652673090238 -18
      vertex 12.211726975426695 66.55027362035729 -18
    endloop
  endfacet
  facet normal 0 0 -1
    outer loop
      vertex 12.211726975426695 66.55027362035729 -18
      vertex 12.48221135185563 70.70652673090238 -18
      vertex 12.70212862362522 66.74443736843965 -18
    endloop
  endfacet
  facet normal 0 0 -1
    outer loop
      vertex 12.70212862362522 66.74443736843965 -18
      vertex 12.48221135185563 70.70652673090238 -18
      vertex 13.212998478739957 66.8756064530605 -18
    endloop
  endfacet
  facet normal 0 0 -1
    outer loop
      vertex 12.48221135185563 70.70652673090238 -18
      vertex 13.491396791812562 70.834016500269 -18
      vertex 13.212998478739957 66.8756064530605 -18
    endloop
  endfacet
  facet normal 0.12533323356430195 -0.9921147013144781 0
    outer loop
      vertex 13.491396791812562 70.834016500269 -18
      vertex 12.48221135185563 70.70652673090238 -20
      vertex 13.491396791812562 70.834016500269 -20
    endloop
  endfacet
  facet normal 0 -1 0
    outer loop
      vertex 13.491396791812562 70.834016500269 -18
      vertex 13.491396791812562 70.834016500269 -20
      vertex 14.508603208187438 70.834016500269 -18
    endloop
  endfacet
  facet normal 0 -1 0
    outer loop
      vertex 14.508603208187438 70.834016500269 -18
      vertex 13.491396791812562 70.834016500269 -20
      vertex 14.508603208187438 70.834016500269 -20
    endloop
  endfacet
  facet normal -0.12533323356430195 -0.9921147013144781 0
    outer loop
      vertex 14.508603208187438 70.834016500269 -18
      vertex 14.508603208187438 70.834016500269 -20
      vertex 15.51778864814437 70.70652673090238 -18
    endloop
  endfacet
  facet normal 0 0 -1
    outer loop
      vertex 13.212998478739957 66.8756064530605 -18
      vertex 13.491396791812562 70.834016500269 -18
      vertex 13.736279817976884 66.94171225939874 -18
    endloop
  endfacet
  facet normal 0 0 -1
    outer loop
      vertex 13.736279817976884 66.94171225939874 -18
      vertex 13.491396791812562 70.834016500269 -18
      vertex 14.263720182023116 66.94171225939874 -18
    endloop
  endfacet
  facet normal 0 0 -1
    outer loop
      vertex 14.263720182023116 66.94171225939874 -18
      vertex 15.51778864814437 70.70652673090238 -18
      vertex 14.787001521260043 66.8756064530605 -18
    endloop
  endfacet
  facet normal 0 0 -1
    outer loop
      vertex 13.491396791812562 70.834016500269 -18
      vertex 14.508603208187438 70.834016500269 -18
      vertex 14.263720182023116 66.94171225939874 -18
    endloop
  endfacet
  facet normal 0 0 -1
    outer loop
      vertex 14.263720182023116 66.94171225939874 -18
      vertex 14.508603208187438 70.834016500269 -18
      vertex 15.51778864814437 70.70652673090238 -18
    endloop
  endfacet
  facet normal -0.248689887164851 0.9685831611286321 0
    outer loop
      vertex 15.517788648144371 54.793473269097625 -18
      vertex 16.503037654437072 55.046442218009254 -20
      vertex 15.517788648144371 54.793473269097625 -20
    endloop
  endfacet
  facet normal -0.12533323356430903 0.9921147013144772 0
    outer loop
      vertex 14.508603208187441 54.665983499731 -18
      vertex 15.517788648144371 54.793473269097625 -18
      vertex 15.517788648144371 54.793473269097625 -20
    endloop
  endfacet
  facet normal -0.3681245526846774 0.9297764858882516 0
    outer loop
      vertex 16.503037654437072 55.046442218009254 -18
      vertex 17.448812261677087 55.42090087502524 -20
      vertex 16.503037654437072 55.046442218009254 -20
    endloop
  endfacet
  facet normal -0.248689887164851 0.9685831611286321 0
    outer loop
      vertex 15.517788648144371 54.793473269097625 -18
      vertex 16.503037654437072 55.046442218009254 -18
      vertex 16.503037654437072 55.046442218009254 -20
    endloop
  endfacet
  facet normal 0 0 -1
    outer loop
      vertex 15.517788648144371 54.793473269097625 -18
      vertex 15.788273024573304 58.94972637964272 -18
      vertex 16.503037654437072 55.046442218009254 -18
    endloop
  endfacet
  facet normal 0 0 -1
    outer loop
      vertex 14.787001521260045 58.62439354693951 -18
      vertex 15.29787137637478 58.75556263156035 -18
      vertex 15.517788648144371 54.793473269097625 -18
    endloop
  endfacet
  facet normal 0 0 -1
    outer loop
      vertex 15.517788648144371 54.793473269097625 -18
      vertex 15.29787137637478 58.75556263156035 -18
      vertex 15.788273024573304 58.94972637964272 -18
    endloop
  endfacet
  facet normal 0 0 -1
    outer loop
      vertex 15.788273024573304 58.94972637964272 -18
      vertex 16.250472538911783 59.20382271289154 -18
      vertex 16.503037654437072 55.046442218009254 -18
    endloop
  endfacet
  facet normal 0 0 -1
    outer loop
      vertex 16.503037654437072 55.046442218009254 -18
      vertex 16.250472538911783 59.20382271289154 -18
      vertex 16.677180756944498 59.51384438034169 -18
    endloop
  endfacet
  facet normal -0.48175367410171577 0.8763066800438634 0
    outer loop
      vertex 17.448812261677087 55.42090087502524 -18
      vertex 18.34019703932987 55.910943803433675 -20
      vertex 17.448812261677087 55.42090087502524 -20
    endloop
  endfacet
  facet normal -0.3681245526846774 0.9297764858882516 0
    outer loop
      vertex 16.503037654437072 55.046442218009254 -18
      vertex 17.448812261677087 55.42090087502524 -18
      vertex 17.448812261677087 55.42090087502524 -20
    endloop
  endfacet
  facet normal -0.5877852522924754 0.8090169943749459 0
    outer loop
      vertex 18.34019703932987 55.910943803433675 -18
      vertex 19.16313431696439 56.50884273351611 -20
      vertex 18.34019703932987 55.910943803433675 -20
    endloop
  endfacet
  facet normal -0.48175367410171577 0.8763066800438634 0
    outer loop
      vertex 17.448812261677087 55.42090087502524 -18
      vertex 18.34019703932987 55.910943803433675 -18
      vertex 18.34019703932987 55.910943803433675 -20
    endloop
  endfacet
  facet normal 0 0 -1
    outer loop
      vertex 16.503037654437072 55.046442218009254 -18
      vertex 16.677180756944498 59.51384438034169 -18
      vertex 17.448812261677087 55.42090087502524 -18
    endloop
  endfacet
  facet normal 0 0 -1
    outer loop
      vertex 16.677180756944498 59.51384438034169 -18
      vertex 17.06166823516993 59.874902155099505 -18
      vertex 17.448812261677087 55.42090087502524 -18
    endloop
  endfacet
  facet normal 0 0 -1
    outer loop
      vertex 17.448812261677087 55.42090087502524 -18
      vertex 17.06166823516993 59.874902155099505 -18
      vertex 17.39787137637478 60.28130194037161 -18
    endloop
  endfacet
  facet normal 0 0 -1
    outer loop
      vertex 17.448812261677087 55.42090087502524 -18
      vertex 17.39787137637478 60.28130194037161 -18
      vertex 17.680488056184227 60.726634568772795 -18
    endloop
  endfacet
  facet normal 0 0 -1
    outer loop
      vertex 17.448812261677087 55.42090087502524 -18
      vertex 17.680488056184227 60.726634568772795 -18
      vertex 18.34019703932987 55.910943803433675 -18
    endloop
  endfacet
  facet normal 0 0 -1
    outer loop
      vertex 18.34019703932987 55.910943803433675 -18
      vertex 17.680488056184227 60.726634568772795 -18
      vertex 17.905061240730657 61.20387687872435 -18
    endloop
  endfacet
  facet normal 0 0 -1
    outer loop
      vertex 18.34019703932987 55.910943803433675 -18
      vertex 17.905061240730657 61.20387687872435 -18
      vertex 18.06804927674025 61.705502473907615 -18
    endloop
  endfacet
  facet normal 0 0 -1
    outer loop
      vertex 18.34019703932987 55.910943803433675 -18
      vertex 18.06804927674025 61.705502473907615 -18
      vertex 18.166881745520808 62.22360041902992 -18
    endloop
  endfacet
  facet normal 0 0 -1
    outer loop
      vertex 18.34019703932987 55.910943803433675 -18
      vertex 18.166881745520808 62.22360041902992 -18
      vertex 18.2 62.75 -18
    endloop
  endfacet
  facet normal 0 0 -1
    outer loop
      vertex 18.34019703932987 55.910943803433675 -18
      vertex 18.340197039329873 69.58905619656632 -18
      vertex 19.16313431696439 56.50884273351611 -18
    endloop
  endfacet
  facet normal 0 0 -1
    outer loop
      vertex 18.34019703932987 55.910943803433675 -18
      vertex 18.2 62.75 -18
      vertex 18.340197039329873 69.58905619656632 -18
    endloop
  endfacet
  facet normal 0 0 -1
    outer loop
      vertex 18.2 62.75 -18
      vertex 18.166881745520808 63.27639958097008 -18
      vertex 18.340197039329873 69.58905619656632 -18
    endloop
  endfacet
  facet normal 0 0 -1
    outer loop
      vertex 18.06804927674025 63.79449752609239 -18
      vertex 18.340197039329873 69.58905619656632 -18
      vertex 18.166881745520808 63.27639958097008 -18
    endloop
  endfacet
  facet normal -0.12533323356430195 -0.9921147013144781 0
    outer loop
      vertex 15.51778864814437 70.70652673090238 -18
      vertex 14.508603208187438 70.834016500269 -20
      vertex 15.51778864814437 70.70652673090238 -20
    endloop
  endfacet
  facet normal -0.24868988716486368 -0.9685831611286287 0
    outer loop
      vertex 15.51778864814437 70.70652673090238 -18
      vertex 15.51778864814437 70.70652673090238 -20
      vertex 16.503037654437072 70.45355778199074 -18
    endloop
  endfacet
  facet normal -0.24868988716486368 -0.9685831611286287 0
    outer loop
      vertex 16.503037654437072 70.45355778199074 -18
      vertex 15.51778864814437 70.70652673090238 -20
      vertex 16.503037654437072 70.45355778199074 -20
    endloop
  endfacet
  facet normal -0.3681245526846714 -0.929776485888254 0
    outer loop
      vertex 16.503037654437072 70.45355778199074 -18
      vertex 16.503037654437072 70.45355778199074 -20
      vertex 17.448812261677087 70.07909912497476 -18
    endloop
  endfacet
  facet normal 0 0 -1
    outer loop
      vertex 14.787001521260043 66.8756064530605 -18
      vertex 15.51778864814437 70.70652673090238 -18
      vertex 15.29787137637478 66.74443736843965 -18
    endloop
  endfacet
  facet normal 0 0 -1
    outer loop
      vertex 15.29787137637478 66.74443736843965 -18
      vertex 16.503037654437072 70.45355778199074 -18
      vertex 15.788273024573305 66.55027362035729 -18
    endloop
  endfacet
  facet normal 0 0 -1
    outer loop
      vertex 15.29787137637478 66.74443736843965 -18
      vertex 15.51778864814437 70.70652673090238 -18
      vertex 16.503037654437072 70.45355778199074 -18
    endloop
  endfacet
  facet normal 0 0 -1
    outer loop
      vertex 15.788273024573305 66.55027362035729 -18
      vertex 16.503037654437072 70.45355778199074 -18
      vertex 16.250472538911787 66.29617728710846 -18
    endloop
  endfacet
  facet normal 0 0 -1
    outer loop
      vertex 16.250472538911787 66.29617728710846 -18
      vertex 16.503037654437072 70.45355778199074 -18
      vertex 16.677180756944498 65.98615561965832 -18
    endloop
  endfacet
  facet normal -0.3681245526846714 -0.929776485888254 0
    outer loop
      vertex 17.448812261677087 70.07909912497476 -18
      vertex 16.503037654437072 70.45355778199074 -20
      vertex 17.448812261677087 70.07909912497476 -20
    endloop
  endfacet
  facet normal -0.4817536741017197 -0.8763066800438613 0
    outer loop
      vertex 17.448812261677087 70.07909912497476 -18
      vertex 17.448812261677087 70.07909912497476 -20
      vertex 18.340197039329873 69.58905619656632 -18
    endloop
  endfacet
  facet normal -0.4817536741017197 -0.8763066800438613 0
    outer loop
      vertex 18.340197039329873 69.58905619656632 -18
      vertex 17.448812261677087 70.07909912497476 -20
      vertex 18.340197039329873 69.58905619656632 -20
    endloop
  endfacet
  facet normal -0.5877852522924679 -0.8090169943749513 0
    outer loop
      vertex 18.340197039329873 69.58905619656632 -18
      vertex 18.340197039329873 69.58905619656632 -20
      vertex 19.16313431696439 68.9911572664839 -18
    endloop
  endfacet
  facet normal 0 0 -1
    outer loop
      vertex 16.677180756944498 65.98615561965832 -18
      vertex 17.448812261677087 70.07909912497476 -18
      vertex 17.06166823516993 65.6250978449005 -18
    endloop
  endfacet
  facet normal 0 0 -1
    outer loop
      vertex 17.39787137637478 65.2186980596284 -18
      vertex 17.06166823516993 65.6250978449005 -18
      vertex 17.448812261677087 70.07909912497476 -18
    endloop
  endfacet
  facet normal 0 0 -1
    outer loop
      vertex 17.39787137637478 65.2186980596284 -18
      vertex 17.448812261677087 70.07909912497476 -18
      vertex 17.680488056184227 64.7733654312272 -18
    endloop
  endfacet
  facet normal 0 0 -1
    outer loop
      vertex 16.677180756944498 65.98615561965832 -18
      vertex 16.503037654437072 70.45355778199074 -18
      vertex 17.448812261677087 70.07909912497476 -18
    endloop
  endfacet
  facet normal 0 0 -1
    outer loop
      vertex 17.680488056184227 64.7733654312272 -18
      vertex 18.340197039329873 69.58905619656632 -18
      vertex 17.905061240730657 64.29612312127564 -18
    endloop
  endfacet
  facet normal 0 0 -1
    outer loop
      vertex 18.06804927674025 63.79449752609239 -18
      vertex 17.905061240730657 64.29612312127564 -18
      vertex 18.340197039329873 69.58905619656632 -18
    endloop
  endfacet
  facet normal 0 0 -1
    outer loop
      vertex 17.680488056184227 64.7733654312272 -18
      vertex 17.448812261677087 70.07909912497476 -18
      vertex 18.340197039329873 69.58905619656632 -18
    endloop
  endfacet
  facet normal -0.6845471059286853 0.7289686274214148 0
    outer loop
      vertex 19.16313431696439 56.50884273351611 -18
      vertex 19.904645882113435 57.20516844197762 -20
      vertex 19.16313431696439 56.50884273351611 -20
    endloop
  endfacet
  facet normal -0.5877852522924754 0.8090169943749459 0
    outer loop
      vertex 18.34019703932987 55.910943803433675 -18
      vertex 19.16313431696439 56.50884273351611 -18
      vertex 19.16313431696439 56.50884273351611 -20
    endloop
  endfacet
  facet normal -0.6845471059286853 0.7289686274214148 0
    outer loop
      vertex 19.16313431696439 56.50884273351611 -18
      vertex 19.904645882113435 57.20516844197762 -18
      vertex 19.904645882113435 57.20516844197762 -20
    endloop
  endfacet
  facet normal -0.7705132427757923 0.637423989748686 0
    outer loop
      vertex 19.904645882113435 57.20516844197762 -18
      vertex 20.553037654437073 57.98893945643097 -20
      vertex 19.904645882113435 57.20516844197762 -20
    endloop
  endfacet
  facet normal -0.7705132427757923 0.637423989748686 0
    outer loop
      vertex 19.904645882113435 57.20516844197762 -18
      vertex 20.553037654437073 57.98893945643097 -18
      vertex 20.553037654437073 57.98893945643097 -20
    endloop
  endfacet
  facet normal 0 0 -1
    outer loop
      vertex 19.16313431696439 56.50884273351611 -18
      vertex 19.16313431696439 68.9911572664839 -18
      vertex 19.904645882113435 57.20516844197762 -18
    endloop
  endfacet
  facet normal 0 0 -1
    outer loop
      vertex 18.340197039329873 69.58905619656632 -18
      vertex 19.16313431696439 68.9911572664839 -18
      vertex 19.16313431696439 56.50884273351611 -18
    endloop
  endfacet
  facet normal 0 0 -1
    outer loop
      vertex 19.904645882113435 57.20516844197762 -18
      vertex 19.16313431696439 68.9911572664839 -18
      vertex 19.904645882113435 68.29483155802238 -18
    endloop
  endfacet
  facet normal 0 0 -1
    outer loop
      vertex 19.904645882113435 57.20516844197762 -18
      vertex 19.904645882113435 68.29483155802238 -18
      vertex 20.553037654437073 57.98893945643097 -18
    endloop
  endfacet
  facet normal 0 0 -1
    outer loop
      vertex 20.553037654437073 57.98893945643097 -18
      vertex 19.904645882113435 68.29483155802238 -18
      vertex 20.553037654437073 67.51106054356903 -18
    endloop
  endfacet
  facet normal -0.8443279255020136 0.5358267949789987 0
    outer loop
      vertex 20.553037654437073 57.98893945643097 -18
      vertex 21.098084108355295 58.847795239776104 -20
      vertex 20.553037654437073 57.98893945643097 -20
    endloop
  endfacet
  facet normal -0.9048270524660196 0.4257792915650729 0
    outer loop
      vertex 21.098084108355295 58.847795239776104 -18
      vertex 21.531189535694836 59.768191123254105 -20
      vertex 21.098084108355295 58.847795239776104 -20
    endloop
  endfacet
  facet normal -0.8443279255020136 0.5358267949789987 0
    outer loop
      vertex 20.553037654437073 57.98893945643097 -18
      vertex 21.098084108355295 58.847795239776104 -18
      vertex 21.098084108355295 58.847795239776104 -20
    endloop
  endfacet
  facet normal -0.9048270524660196 0.4257792915650729 0
    outer loop
      vertex 21.098084108355295 58.847795239776104 -18
      vertex 21.531189535694836 59.768191123254105 -18
      vertex 21.531189535694836 59.768191123254105 -20
    endloop
  endfacet
  facet normal -0.9510565162951539 0.30901699437494684 0
    outer loop
      vertex 21.531189535694836 59.768191123254105 -18
      vertex 21.845523605141913 60.73561191396468 -20
      vertex 21.531189535694836 59.768191123254105 -20
    endloop
  endfacet
  facet normal -0.9822872507286886 0.1873813145857246 0
    outer loop
      vertex 21.845523605141913 60.73561191396468 -18
      vertex 22.03612908064727 61.73480080812914 -20
      vertex 21.845523605141913 60.73561191396468 -20
    endloop
  endfacet
  facet normal -0.9980267284282716 0.06279051952931435 0
    outer loop
      vertex 22.03612908064727 61.73480080812914 -18
      vertex 22.1 62.75 -20
      vertex 22.03612908064727 61.73480080812914 -20
    endloop
  endfacet
  facet normal -0.9510565162951539 0.30901699437494684 0
    outer loop
      vertex 21.531189535694836 59.768191123254105 -18
      vertex 21.845523605141913 60.73561191396468 -18
      vertex 21.845523605141913 60.73561191396468 -20
    endloop
  endfacet
  facet normal -0.9822872507286886 0.1873813145857246 0
    outer loop
      vertex 21.845523605141913 60.73561191396468 -18
      vertex 22.03612908064727 61.73480080812914 -18
      vertex 22.03612908064727 61.73480080812914 -20
    endloop
  endfacet
  facet normal -0.9980267284282716 0.06279051952931435 0
    outer loop
      vertex 22.03612908064727 61.73480080812914 -18
      vertex 22.1 62.75 -18
      vertex 22.1 62.75 -20
    endloop
  endfacet
  facet normal -0.9822872507286889 -0.18738131458572332 0
    outer loop
      vertex 22.03612908064727 63.76519919187086 -18
      vertex 21.845523605141913 64.76438808603532 -20
      vertex 22.03612908064727 63.76519919187086 -20
    endloop
  endfacet
  facet normal -0.9510565162951525 -0.30901699437495095 0
    outer loop
      vertex 21.845523605141913 64.76438808603532 -18
      vertex 21.531189535694836 65.73180887674589 -20
      vertex 21.845523605141913 64.76438808603532 -20
    endloop
  endfacet
  facet normal -0.9980267284282716 -0.06279051952931435 0
    outer loop
      vertex 22.1 62.75 -18
      vertex 22.03612908064727 63.76519919187086 -20
      vertex 22.1 62.75 -20
    endloop
  endfacet
  facet normal -0.9510565162951525 -0.30901699437495095 0
    outer loop
      vertex 21.845523605141913 64.76438808603532 -18
      vertex 21.531189535694836 65.73180887674589 -18
      vertex 21.531189535694836 65.73180887674589 -20
    endloop
  endfacet
  facet normal -0.9822872507286889 -0.18738131458572332 0
    outer loop
      vertex 21.845523605141913 64.76438808603532 -18
      vertex 21.845523605141913 64.76438808603532 -20
      vertex 22.03612908064727 63.76519919187086 -18
    endloop
  endfacet
  facet normal -0.9980267284282716 -0.06279051952931435 0
    outer loop
      vertex 22.1 62.75 -18
      vertex 22.03612908064727 63.76519919187086 -18
      vertex 22.03612908064727 63.76519919187086 -20
    endloop
  endfacet
  facet normal 0 0 -1
    outer loop
      vertex 20.553037654437073 57.98893945643097 -18
      vertex 20.553037654437073 67.51106054356903 -18
      vertex 21.098084108355295 58.847795239776104 -18
    endloop
  endfacet
  facet normal 0 0 -1
    outer loop
      vertex 21.098084108355295 58.847795239776104 -18
      vertex 21.098084108355295 66.6522047602239 -18
      vertex 21.531189535694836 59.768191123254105 -18
    endloop
  endfacet
  facet normal 0 0 -1
    outer loop
      vertex 21.098084108355295 58.847795239776104 -18
      vertex 20.553037654437073 67.51106054356903 -18
      vertex 21.098084108355295 66.6522047602239 -18
    endloop
  endfacet
  facet normal 0 0 -1
    outer loop
      vertex 21.531189535694836 59.768191123254105 -18
      vertex 21.098084108355295 66.6522047602239 -18
      vertex 21.531189535694836 65.73180887674589 -18
    endloop
  endfacet
  facet normal 0 0 -1
    outer loop
      vertex 21.531189535694836 59.768191123254105 -18
      vertex 21.531189535694836 65.73180887674589 -18
      vertex 21.845523605141913 60.73561191396468 -18
    endloop
  endfacet
  facet normal 0 0 -1
    outer loop
      vertex 21.845523605141913 60.73561191396468 -18
      vertex 21.845523605141913 64.76438808603532 -18
      vertex 22.03612908064727 61.73480080812914 -18
    endloop
  endfacet
  facet normal 0 0 -1
    outer loop
      vertex 22.03612908064727 61.73480080812914 -18
      vertex 22.03612908064727 63.76519919187086 -18
      vertex 22.1 62.75 -18
    endloop
  endfacet
  facet normal 0 0 -1
    outer loop
      vertex 21.845523605141913 60.73561191396468 -18
      vertex 21.531189535694836 65.73180887674589 -18
      vertex 21.845523605141913 64.76438808603532 -18
    endloop
  endfacet
  facet normal 0 0 -1
    outer loop
      vertex 22.03612908064727 61.73480080812914 -18
      vertex 21.845523605141913 64.76438808603532 -18
      vertex 22.03612908064727 63.76519919187086 -18
    endloop
  endfacet
  facet normal -0.684547105928689 -0.7289686274214112 0
    outer loop
      vertex 19.904645882113435 68.29483155802238 -18
      vertex 19.16313431696439 68.9911572664839 -20
      vertex 19.904645882113435 68.29483155802238 -20
    endloop
  endfacet
  facet normal -0.684547105928689 -0.7289686274214112 0
    outer loop
      vertex 19.16313431696439 68.9911572664839 -18
      vertex 19.16313431696439 68.9911572664839 -20
      vertex 19.904645882113435 68.29483155802238 -18
    endloop
  endfacet
  facet normal -0.5877852522924679 -0.8090169943749513 0
    outer loop
      vertex 19.16313431696439 68.9911572664839 -18
      vertex 18.340197039329873 69.58905619656632 -20
      vertex 19.16313431696439 68.9911572664839 -20
    endloop
  endfacet
  facet normal -0.7705132427757923 -0.637423989748686 0
    outer loop
      vertex 20.553037654437073 67.51106054356903 -18
      vertex 19.904645882113435 68.29483155802238 -20
      vertex 20.553037654437073 67.51106054356903 -20
    endloop
  endfacet
  facet normal -0.7705132427757923 -0.637423989748686 0
    outer loop
      vertex 20.553037654437073 67.51106054356903 -18
      vertex 19.904645882113435 68.29483155802238 -18
      vertex 19.904645882113435 68.29483155802238 -20
    endloop
  endfacet
  facet normal -0.8443279255020136 -0.5358267949789987 0
    outer loop
      vertex 21.098084108355295 66.6522047602239 -18
      vertex 20.553037654437073 67.51106054356903 -20
      vertex 21.098084108355295 66.6522047602239 -20
    endloop
  endfacet
  facet normal -0.9048270524660208 -0.42577929156507016 0
    outer loop
      vertex 21.531189535694836 65.73180887674589 -18
      vertex 21.098084108355295 66.6522047602239 -20
      vertex 21.531189535694836 65.73180887674589 -20
    endloop
  endfacet
  facet normal -0.8443279255020136 -0.5358267949789987 0
    outer loop
      vertex 20.553037654437073 67.51106054356903 -18
      vertex 20.553037654437073 67.51106054356903 -20
      vertex 21.098084108355295 66.6522047602239 -18
    endloop
  endfacet
  facet normal -0.9048270524660208 -0.42577929156507016 0
    outer loop
      vertex 21.531189535694836 65.73180887674589 -18
      vertex 21.098084108355295 66.6522047602239 -18
      vertex 21.098084108355295 66.6522047602239 -20
    endloop
  endfacet
  facet normal 0.9822872507286889 0.18738131458572332 0
    outer loop
      vertex 37.96387091935273 -100.76519919187086 -18
      vertex 38.15447639485809 -101.76438808603532 -20
      vertex 37.96387091935273 -100.76519919187086 -20
    endloop
  endfacet
  facet normal 0.9510565162951525 0.30901699437495095 0
    outer loop
      vertex 38.15447639485809 -101.76438808603532 -18
      vertex 38.468810464305164 -102.73180887674589 -20
      vertex 38.15447639485809 -101.76438808603532 -20
    endloop
  endfacet
  facet normal 0.9510565162951525 0.30901699437495095 0
    outer loop
      vertex 38.468810464305164 -102.73180887674589 -18
      vertex 38.468810464305164 -102.73180887674589 -20
      vertex 38.15447639485809 -101.76438808603532 -18
    endloop
  endfacet
  facet normal 0.9822872507286889 0.18738131458572332 0
    outer loop
      vertex 37.96387091935273 -100.76519919187086 -18
      vertex 38.15447639485809 -101.76438808603532 -18
      vertex 38.15447639485809 -101.76438808603532 -20
    endloop
  endfacet
  facet normal 0.8443279255020153 0.5358267949789962 0
    outer loop
      vertex 38.901915891644705 -103.6522047602239 -18
      vertex 39.44696234556292 -104.51106054356903 -20
      vertex 38.901915891644705 -103.6522047602239 -20
    endloop
  endfacet
  facet normal 0.8443279255020153 0.5358267949789962 0
    outer loop
      vertex 38.901915891644705 -103.6522047602239 -18
      vertex 39.44696234556292 -104.51106054356903 -18
      vertex 39.44696234556292 -104.51106054356903 -20
    endloop
  endfacet
  facet normal 0.9048270524660208 0.42577929156507016 0
    outer loop
      vertex 38.468810464305164 -102.73180887674589 -18
      vertex 38.901915891644705 -103.6522047602239 -20
      vertex 38.468810464305164 -102.73180887674589 -20
    endloop
  endfacet
  facet normal 0.9048270524660208 0.42577929156507016 0
    outer loop
      vertex 38.901915891644705 -103.6522047602239 -18
      vertex 38.901915891644705 -103.6522047602239 -20
      vertex 38.468810464305164 -102.73180887674589 -18
    endloop
  endfacet
  facet normal 0 0 -1
    outer loop
      vertex 38.901915891644705 -103.6522047602239 -18
      vertex 38.468810464305164 -102.73180887674589 -18
      vertex 38.468810464305164 -96.76819112325411 -18
    endloop
  endfacet
  facet normal 0 0 -1
    outer loop
      vertex 38.901915891644705 -103.6522047602239 -18
      vertex 38.901915891644705 -95.8477952397761 -18
      vertex 39.44696234556292 -104.51106054356903 -18
    endloop
  endfacet
  facet normal 0.7705132427757906 0.6374239897486881 0
    outer loop
      vertex 39.44696234556292 -104.51106054356903 -18
      vertex 40.095354117886565 -105.29483155802238 -20
      vertex 39.44696234556292 -104.51106054356903 -20
    endloop
  endfacet
  facet normal 0.7705132427757906 0.6374239897486881 0
    outer loop
      vertex 40.095354117886565 -105.29483155802238 -18
      vertex 40.095354117886565 -105.29483155802238 -20
      vertex 39.44696234556292 -104.51106054356903 -18
    endloop
  endfacet
  facet normal 0.684547105928689 0.7289686274214112 0
    outer loop
      vertex 40.095354117886565 -105.29483155802238 -18
      vertex 40.83686568303561 -105.9911572664839 -20
      vertex 40.095354117886565 -105.29483155802238 -20
    endloop
  endfacet
  facet normal 0.5877852522924679 0.8090169943749513 0
    outer loop
      vertex 40.83686568303561 -105.9911572664839 -18
      vertex 41.65980296067013 -106.58905619656632 -20
      vertex 40.83686568303561 -105.9911572664839 -20
    endloop
  endfacet
  facet normal 0.684547105928689 0.7289686274214112 0
    outer loop
      vertex 40.095354117886565 -105.29483155802238 -18
      vertex 40.83686568303561 -105.9911572664839 -18
      vertex 40.83686568303561 -105.9911572664839 -20
    endloop
  endfacet
  facet normal 0 0 -1
    outer loop
      vertex 40.095354117886565 -105.29483155802238 -18
      vertex 39.44696234556292 -104.51106054356903 -18
      vertex 39.44696234556292 -94.98893945643097 -18
    endloop
  endfacet
  facet normal 0 0 -1
    outer loop
      vertex 40.095354117886565 -105.29483155802238 -18
      vertex 40.095354117886565 -94.20516844197762 -18
      vertex 40.83686568303561 -105.9911572664839 -18
    endloop
  endfacet
  facet normal 0 0 -1
    outer loop
      vertex 40.83686568303561 -105.9911572664839 -18
      vertex 40.83686568303561 -93.5088427335161 -18
      vertex 41.65980296067013 -106.58905619656632 -18
    endloop
  endfacet
  facet normal 0.9980267284282716 0.06279051952931435 0
    outer loop
      vertex 37.9 -99.75 -18
      vertex 37.96387091935273 -100.76519919187086 -20
      vertex 37.9 -99.75 -20
    endloop
  endfacet
  facet normal 0.9980267284282716 -0.06279051952931435 0
    outer loop
      vertex 37.96387091935273 -98.73480080812914 -18
      vertex 37.9 -99.75 -20
      vertex 37.96387091935273 -98.73480080812914 -20
    endloop
  endfacet
  facet normal 0.9822872507286889 -0.18738131458572332 0
    outer loop
      vertex 38.15447639485809 -97.73561191396468 -18
      vertex 37.96387091935273 -98.73480080812914 -20
      vertex 38.15447639485809 -97.73561191396468 -20
    endloop
  endfacet
  facet normal 0.9980267284282716 0.06279051952931435 0
    outer loop
      vertex 37.96387091935273 -100.76519919187086 -18
      vertex 37.96387091935273 -100.76519919187086 -20
      vertex 37.9 -99.75 -18
    endloop
  endfacet
  facet normal 0.9980267284282716 -0.06279051952931435 0
    outer loop
      vertex 37.9 -99.75 -18
      vertex 37.9 -99.75 -20
      vertex 37.96387091935273 -98.73480080812914 -18
    endloop
  endfacet
  facet normal 0.9822872507286889 -0.18738131458572332 0
    outer loop
      vertex 37.96387091935273 -98.73480080812914 -18
      vertex 37.96387091935273 -98.73480080812914 -20
      vertex 38.15447639485809 -97.73561191396468 -18
    endloop
  endfacet
  facet normal 0.9510565162951525 -0.30901699437495095 0
    outer loop
      vertex 38.468810464305164 -96.76819112325411 -18
      vertex 38.15447639485809 -97.73561191396468 -20
      vertex 38.468810464305164 -96.76819112325411 -20
    endloop
  endfacet
  facet normal 0.9510565162951525 -0.30901699437495095 0
    outer loop
      vertex 38.15447639485809 -97.73561191396468 -18
      vertex 38.15447639485809 -97.73561191396468 -20
      vertex 38.468810464305164 -96.76819112325411 -18
    endloop
  endfacet
  facet normal 0.9048270524660208 -0.42577929156507016 0
    outer loop
      vertex 38.901915891644705 -95.8477952397761 -18
      vertex 38.468810464305164 -96.76819112325411 -20
      vertex 38.901915891644705 -95.8477952397761 -20
    endloop
  endfacet
  facet normal 0.8443279255020153 -0.5358267949789962 0
    outer loop
      vertex 39.44696234556292 -94.98893945643097 -18
      vertex 38.901915891644705 -95.8477952397761 -20
      vertex 39.44696234556292 -94.98893945643097 -20
    endloop
  endfacet
  facet normal 0.9048270524660208 -0.42577929156507016 0
    outer loop
      vertex 38.468810464305164 -96.76819112325411 -18
      vertex 38.468810464305164 -96.76819112325411 -20
      vertex 38.901915891644705 -95.8477952397761 -18
    endloop
  endfacet
  facet normal 0.8443279255020153 -0.5358267949789962 0
    outer loop
      vertex 38.901915891644705 -95.8477952397761 -18
      vertex 38.901915891644705 -95.8477952397761 -20
      vertex 39.44696234556292 -94.98893945643097 -18
    endloop
  endfacet
  facet normal 0 0 -1
    outer loop
      vertex 37.96387091935273 -100.76519919187086 -18
      vertex 37.9 -99.75 -18
      vertex 37.96387091935273 -98.73480080812914 -18
    endloop
  endfacet
  facet normal 0 0 -1
    outer loop
      vertex 37.96387091935273 -100.76519919187086 -18
      vertex 37.96387091935273 -98.73480080812914 -18
      vertex 38.15447639485809 -101.76438808603532 -18
    endloop
  endfacet
  facet normal 0 0 -1
    outer loop
      vertex 38.15447639485809 -101.76438808603532 -18
      vertex 37.96387091935273 -98.73480080812914 -18
      vertex 38.15447639485809 -97.73561191396468 -18
    endloop
  endfacet
  facet normal 0 0 -1
    outer loop
      vertex 38.468810464305164 -102.73180887674589 -18
      vertex 38.15447639485809 -101.76438808603532 -18
      vertex 38.15447639485809 -97.73561191396468 -18
    endloop
  endfacet
  facet normal 0 0 -1
    outer loop
      vertex 38.468810464305164 -102.73180887674589 -18
      vertex 38.15447639485809 -97.73561191396468 -18
      vertex 38.468810464305164 -96.76819112325411 -18
    endloop
  endfacet
  facet normal 0 0 -1
    outer loop
      vertex 38.901915891644705 -103.6522047602239 -18
      vertex 38.468810464305164 -96.76819112325411 -18
      vertex 38.901915891644705 -95.8477952397761 -18
    endloop
  endfacet
  facet normal 0 0 -1
    outer loop
      vertex 39.44696234556292 -104.51106054356903 -18
      vertex 38.901915891644705 -95.8477952397761 -18
      vertex 39.44696234556292 -94.98893945643097 -18
    endloop
  endfacet
  facet normal 0 0 -1
    outer loop
      vertex 40.095354117886565 -105.29483155802238 -18
      vertex 39.44696234556292 -94.98893945643097 -18
      vertex 40.095354117886565 -94.20516844197762 -18
    endloop
  endfacet
  facet normal 0 0 -1
    outer loop
      vertex 40.83686568303561 -105.9911572664839 -18
      vertex 40.095354117886565 -94.20516844197762 -18
      vertex 40.83686568303561 -93.5088427335161 -18
    endloop
  endfacet
  facet normal 0.7705132427757906 -0.6374239897486881 0
    outer loop
      vertex 40.095354117886565 -94.20516844197762 -18
      vertex 39.44696234556292 -94.98893945643097 -20
      vertex 40.095354117886565 -94.20516844197762 -20
    endloop
  endfacet
  facet normal 0.7705132427757906 -0.6374239897486881 0
    outer loop
      vertex 39.44696234556292 -94.98893945643097 -18
      vertex 39.44696234556292 -94.98893945643097 -20
      vertex 40.095354117886565 -94.20516844197762 -18
    endloop
  endfacet
  facet normal 0.684547105928689 -0.7289686274214112 0
    outer loop
      vertex 40.83686568303561 -93.5088427335161 -18
      vertex 40.095354117886565 -94.20516844197762 -20
      vertex 40.83686568303561 -93.5088427335161 -20
    endloop
  endfacet
  facet normal 0.684547105928689 -0.7289686274214112 0
    outer loop
      vertex 40.095354117886565 -94.20516844197762 -18
      vertex 40.095354117886565 -94.20516844197762 -20
      vertex 40.83686568303561 -93.5088427335161 -18
    endloop
  endfacet
  facet normal 0.5877852522924679 -0.8090169943749513 0
    outer loop
      vertex 40.83686568303561 -93.5088427335161 -18
      vertex 40.83686568303561 -93.5088427335161 -20
      vertex 41.65980296067013 -92.91094380343368 -18
    endloop
  endfacet
  facet normal 0.3681245526846726 0.9297764858882536 0
    outer loop
      vertex 42.551187738322916 -107.07909912497476 -18
      vertex 43.49696234556293 -107.45355778199074 -20
      vertex 42.551187738322916 -107.07909912497476 -20
    endloop
  endfacet
  facet normal 0.4817536741017182 0.876306680043862 0
    outer loop
      vertex 41.65980296067013 -106.58905619656632 -18
      vertex 42.551187738322916 -107.07909912497476 -18
      vertex 42.551187738322916 -107.07909912497476 -20
    endloop
  endfacet
  facet normal 0.4817536741017182 0.876306680043862 0
    outer loop
      vertex 41.65980296067013 -106.58905619656632 -18
      vertex 42.551187738322916 -107.07909912497476 -20
      vertex 41.65980296067013 -106.58905619656632 -20
    endloop
  endfacet
  facet normal 0.5877852522924679 0.8090169943749513 0
    outer loop
      vertex 40.83686568303561 -105.9911572664839 -18
      vertex 41.65980296067013 -106.58905619656632 -18
      vertex 41.65980296067013 -106.58905619656632 -20
    endloop
  endfacet
  facet normal 0 0 -1
    outer loop
      vertex 41.65980296067013 -106.58905619656632 -18
      vertex 42.319511943815776 -101.7733654312272 -18
      vertex 42.551187738322916 -107.07909912497476 -18
    endloop
  endfacet
  facet normal 0 0 -1
    outer loop
      vertex 41.65980296067013 -106.58905619656632 -18
      vertex 41.833118254479196 -100.27639958097008 -18
      vertex 41.931950723259746 -100.79449752609239 -18
    endloop
  endfacet
  facet normal 0 0 -1
    outer loop
      vertex 41.65980296067013 -106.58905619656632 -18
      vertex 41.931950723259746 -100.79449752609239 -18
      vertex 42.09493875926935 -101.29612312127564 -18
    endloop
  endfacet
  facet normal 0 0 -1
    outer loop
      vertex 41.65980296067013 -106.58905619656632 -18
      vertex 42.09493875926935 -101.29612312127564 -18
      vertex 42.319511943815776 -101.7733654312272 -18
    endloop
  endfacet
  facet normal 0 0 -1
    outer loop
      vertex 41.65980296067013 -106.58905619656632 -18
      vertex 41.8 -99.75 -18
      vertex 41.833118254479196 -100.27639958097008 -18
    endloop
  endfacet
  facet normal 0 0 -1
    outer loop
      vertex 42.551187738322916 -107.07909912497476 -18
      vertex 43.322819243055505 -102.98615561965832 -18
      vertex 43.49696234556293 -107.45355778199074 -18
    endloop
  endfacet
  facet normal 0 0 -1
    outer loop
      vertex 42.551187738322916 -107.07909912497476 -18
      vertex 42.60212862362522 -102.2186980596284 -18
      vertex 42.93833176483007 -102.6250978449005 -18
    endloop
  endfacet
  facet normal 0 0 -1
    outer loop
      vertex 42.551187738322916 -107.07909912497476 -18
      vertex 42.93833176483007 -102.6250978449005 -18
      vertex 43.322819243055505 -102.98615561965832 -18
    endloop
  endfacet
  facet normal 0 0 -1
    outer loop
      vertex 42.551187738322916 -107.07909912497476 -18
      vertex 42.319511943815776 -101.7733654312272 -18
      vertex 42.60212862362522 -102.2186980596284 -18
    endloop
  endfacet
  facet normal 0.24868988716486323 0.9685831611286289 0
    outer loop
      vertex 43.49696234556293 -107.45355778199074 -18
      vertex 44.48221135185563 -107.70652673090238 -20
      vertex 43.49696234556293 -107.45355778199074 -20
    endloop
  endfacet
  facet normal 0.3681245526846726 0.9297764858882536 0
    outer loop
      vertex 42.551187738322916 -107.07909912497476 -18
      vertex 43.49696234556293 -107.45355778199074 -18
      vertex 43.49696234556293 -107.45355778199074 -20
    endloop
  endfacet
  facet normal 0.12533323356430218 0.9921147013144781 0
    outer loop
      vertex 44.48221135185563 -107.70652673090238 -18
      vertex 45.49139679181256 -107.834016500269 -20
      vertex 44.48221135185563 -107.70652673090238 -20
    endloop
  endfacet
  facet normal 0.24868988716486323 0.9685831611286289 0
    outer loop
      vertex 43.49696234556293 -107.45355778199074 -18
      vertex 44.48221135185563 -107.70652673090238 -18
      vertex 44.48221135185563 -107.70652673090238 -20
    endloop
  endfacet
  facet normal 0 0 -1
    outer loop
      vertex 43.49696234556293 -107.45355778199074 -18
      vertex 43.322819243055505 -102.98615561965832 -18
      vertex 43.74952746108821 -103.29617728710846 -18
    endloop
  endfacet
  facet normal 0 0 -1
    outer loop
      vertex 43.49696234556293 -107.45355778199074 -18
      vertex 43.74952746108821 -103.29617728710846 -18
      vertex 44.21172697542669 -103.55027362035729 -18
    endloop
  endfacet
  facet normal 0 0 -1
    outer loop
      vertex 43.49696234556293 -107.45355778199074 -18
      vertex 44.70212862362522 -103.74443736843965 -18
      vertex 44.48221135185563 -107.70652673090238 -18
    endloop
  endfacet
  facet normal 0 0 -1
    outer loop
      vertex 43.49696234556293 -107.45355778199074 -18
      vertex 44.21172697542669 -103.55027362035729 -18
      vertex 44.70212862362522 -103.74443736843965 -18
    endloop
  endfacet
  facet normal 0 0 -1
    outer loop
      vertex 44.48221135185563 -107.70652673090238 -18
      vertex 44.70212862362522 -103.74443736843965 -18
      vertex 45.212998478739955 -103.8756064530605 -18
    endloop
  endfacet
  facet normal 0 0 -1
    outer loop
      vertex 41.65980296067013 -106.58905619656632 -18
      vertex 41.65980296067013 -92.91094380343368 -18
      vertex 41.8 -99.75 -18
    endloop
  endfacet
  facet normal 0 0 -1
    outer loop
      vertex 40.83686568303561 -93.5088427335161 -18
      vertex 41.65980296067013 -92.91094380343368 -18
      vertex 41.65980296067013 -106.58905619656632 -18
    endloop
  endfacet
  facet normal 0 0 -1
    outer loop
      vertex 41.8 -99.75 -18
      vertex 41.65980296067013 -92.91094380343368 -18
      vertex 41.833118254479196 -99.22360041902992 -18
    endloop
  endfacet
  facet normal 0 0 -1
    outer loop
      vertex 41.833118254479196 -99.22360041902992 -18
      vertex 41.65980296067013 -92.91094380343368 -18
      vertex 41.931950723259746 -98.70550247390761 -18
    endloop
  endfacet
  facet normal 0 0 -1
    outer loop
      vertex 41.931950723259746 -98.70550247390761 -18
      vertex 41.65980296067013 -92.91094380343368 -18
      vertex 42.09493875926935 -98.20387687872436 -18
    endloop
  endfacet
  facet normal 0 0 -1
    outer loop
      vertex 42.09493875926935 -98.20387687872436 -18
      vertex 41.65980296067013 -92.91094380343368 -18
      vertex 42.319511943815776 -97.7266345687728 -18
    endloop
  endfacet
  facet normal 0 0 -1
    outer loop
      vertex 42.319511943815776 -97.7266345687728 -18
      vertex 42.55118773832291 -92.42090087502524 -18
      vertex 42.60212862362522 -97.2813019403716 -18
    endloop
  endfacet
  facet normal 0 0 -1
    outer loop
      vertex 42.60212862362522 -97.2813019403716 -18
      vertex 42.55118773832291 -92.42090087502524 -18
      vertex 42.93833176483007 -96.8749021550995 -18
    endloop
  endfacet
  facet normal 0 0 -1
    outer loop
      vertex 42.93833176483007 -96.8749021550995 -18
      vertex 42.55118773832291 -92.42090087502524 -18
      vertex 43.322819243055505 -96.51384438034168 -18
    endloop
  endfacet
  facet normal 0.5877852522924679 -0.8090169943749513 0
    outer loop
      vertex 41.65980296067013 -92.91094380343368 -18
      vertex 40.83686568303561 -93.5088427335161 -20
      vertex 41.65980296067013 -92.91094380343368 -20
    endloop
  endfacet
  facet normal 0.48175367410172104 -0.8763066800438603 0
    outer loop
      vertex 41.65980296067013 -92.91094380343368 -18
      vertex 41.65980296067013 -92.91094380343368 -20
      vertex 42.55118773832291 -92.42090087502524 -18
    endloop
  endfacet
  facet normal 0.48175367410172104 -0.8763066800438603 0
    outer loop
      vertex 42.55118773832291 -92.42090087502524 -18
      vertex 41.65980296067013 -92.91094380343368 -20
      vertex 42.55118773832291 -92.42090087502524 -20
    endloop
  endfacet
  facet normal 0.3681245526846702 -0.9297764858882545 0
    outer loop
      vertex 42.55118773832291 -92.42090087502524 -18
      vertex 42.55118773832291 -92.42090087502524 -20
      vertex 43.49696234556293 -92.04644221800926 -18
    endloop
  endfacet
  facet normal 0 0 -1
    outer loop
      vertex 42.319511943815776 -97.7266345687728 -18
      vertex 41.65980296067013 -92.91094380343368 -18
      vertex 42.55118773832291 -92.42090087502524 -18
    endloop
  endfacet
  facet normal 0 0 -1
    outer loop
      vertex 42.55118773832291 -92.42090087502524 -18
      vertex 43.49696234556293 -92.04644221800926 -18
      vertex 43.322819243055505 -96.51384438034168 -18
    endloop
  endfacet
  facet normal 0 0 -1
    outer loop
      vertex 43.322819243055505 -96.51384438034168 -18
      vertex 43.49696234556293 -92.04644221800926 -18
      vertex 43.74952746108821 -96.20382271289154 -18
    endloop
  endfacet
  facet normal 0.3681245526846702 -0.9297764858882545 0
    outer loop
      vertex 43.49696234556293 -92.04644221800926 -18
      vertex 42.55118773832291 -92.42090087502524 -20
      vertex 43.49696234556293 -92.04644221800926 -20
    endloop
  endfacet
  facet normal 0.24868988716486323 -0.9685831611286289 0
    outer loop
      vertex 43.49696234556293 -92.04644221800926 -18
      vertex 43.49696234556293 -92.04644221800926 -20
      vertex 44.48221135185563 -91.79347326909762 -18
    endloop
  endfacet
  facet normal 0.24868988716486323 -0.9685831611286289 0
    outer loop
      vertex 44.48221135185563 -91.79347326909762 -18
      vertex 43.49696234556293 -92.04644221800926 -20
      vertex 44.48221135185563 -91.79347326909762 -20
    endloop
  endfacet
  facet normal 0.12533323356430218 -0.9921147013144781 0
    outer loop
      vertex 44.48221135185563 -91.79347326909762 -18
      vertex 44.48221135185563 -91.79347326909762 -20
      vertex 45.49139679181256 -91.665983499731 -18
    endloop
  endfacet
  facet normal 0 0 -1
    outer loop
      vertex 43.74952746108821 -96.20382271289154 -18
      vertex 43.49696234556293 -92.04644221800926 -18
      vertex 44.21172697542669 -95.94972637964271 -18
    endloop
  endfacet
  facet normal 0 0 -1
    outer loop
      vertex 44.21172697542669 -95.94972637964271 -18
      vertex 44.48221135185563 -91.79347326909762 -18
      vertex 44.70212862362522 -95.75556263156035 -18
    endloop
  endfacet
  facet normal 0 0 -1
    outer loop
      vertex 43.49696234556293 -92.04644221800926 -18
      vertex 44.48221135185563 -91.79347326909762 -18
      vertex 44.21172697542669 -95.94972637964271 -18
    endloop
  endfacet
  facet normal 0 0 -1
    outer loop
      vertex 44.70212862362522 -95.75556263156035 -18
      vertex 44.48221135185563 -91.79347326909762 -18
      vertex 45.212998478739955 -95.6243935469395 -18
    endloop
  endfacet
  facet normal 0 1 0
    outer loop
      vertex 45.49139679181256 -107.834016500269 -18
      vertex 46.50860320818744 -107.834016500269 -20
      vertex 45.49139679181256 -107.834016500269 -20
    endloop
  endfacet
  facet normal 0.12533323356430218 0.9921147013144781 0
    outer loop
      vertex 44.48221135185563 -107.70652673090238 -18
      vertex 45.49139679181256 -107.834016500269 -18
      vertex 45.49139679181256 -107.834016500269 -20
    endloop
  endfacet
  facet normal -0.12533323356430218 0.9921147013144781 0
    outer loop
      vertex 46.50860320818744 -107.834016500269 -18
      vertex 47.51778864814437 -107.70652673090238 -20
      vertex 46.50860320818744 -107.834016500269 -20
    endloop
  endfacet
  facet normal 0 1 0
    outer loop
      vertex 45.49139679181256 -107.834016500269 -18
      vertex 46.50860320818744 -107.834016500269 -18
      vertex 46.50860320818744 -107.834016500269 -20
    endloop
  endfacet
  facet normal 0 0 -1
    outer loop
      vertex 44.48221135185563 -107.70652673090238 -18
      vertex 45.73627981797688 -103.94171225939874 -18
      vertex 45.49139679181256 -107.834016500269 -18
    endloop
  endfacet
  facet normal 0 0 -1
    outer loop
      vertex 44.48221135185563 -107.70652673090238 -18
      vertex 45.212998478739955 -103.8756064530605 -18
      vertex 45.73627981797688 -103.94171225939874 -18
    endloop
  endfacet
  facet normal 0 0 -1
    outer loop
      vertex 45.49139679181256 -107.834016500269 -18
      vertex 45.73627981797688 -103.94171225939874 -18
      vertex 46.50860320818744 -107.834016500269 -18
    endloop
  endfacet
  facet normal 0 0 -1
    outer loop
      vertex 45.73627981797688 -103.94171225939874 -18
      vertex 46.26372018202312 -103.94171225939874 -18
      vertex 46.50860320818744 -107.834016500269 -18
    endloop
  endfacet
  facet normal 0 0 -1
    outer loop
      vertex 46.50860320818744 -107.834016500269 -18
      vertex 46.26372018202312 -103.94171225939874 -18
      vertex 46.787001521260045 -103.8756064530605 -18
    endloop
  endfacet
  facet normal -0.12533323356430218 0.9921147013144781 0
    outer loop
      vertex 46.50860320818744 -107.834016500269 -18
      vertex 47.51778864814437 -107.70652673090238 -18
      vertex 47.51778864814437 -107.70652673090238 -20
    endloop
  endfacet
  facet normal -0.24868988716486323 0.9685831611286289 0
    outer loop
      vertex 47.51778864814437 -107.70652673090238 -18
      vertex 48.50303765443707 -107.45355778199074 -20
      vertex 47.51778864814437 -107.70652673090238 -20
    endloop
  endfacet
  facet normal -0.24868988716486323 0.9685831611286289 0
    outer loop
      vertex 47.51778864814437 -107.70652673090238 -18
      vertex 48.50303765443707 -107.45355778199074 -18
      vertex 48.50303765443707 -107.45355778199074 -20
    endloop
  endfacet
  facet normal 0 0 -1
    outer loop
      vertex 46.50860320818744 -107.834016500269 -18
      vertex 46.787001521260045 -103.8756064530605 -18
      vertex 47.51778864814437 -107.70652673090238 -18
    endloop
  endfacet
  facet normal 0 0 -1
    outer loop
      vertex 46.787001521260045 -103.8756064530605 -18
      vertex 47.29787137637478 -103.74443736843965 -18
      vertex 47.51778864814437 -107.70652673090238 -18
    endloop
  endfacet
  facet normal 0 0 -1
    outer loop
      vertex 47.51778864814437 -107.70652673090238 -18
      vertex 47.29787137637478 -103.74443736843965 -18
      vertex 47.78827302457331 -103.55027362035729 -18
    endloop
  endfacet
  facet normal 0 0 -1
    outer loop
      vertex 47.51778864814437 -107.70652673090238 -18
      vertex 47.78827302457331 -103.55027362035729 -18
      vertex 48.50303765443707 -107.45355778199074 -18
    endloop
  endfacet
  facet normal 0 0 -1
    outer loop
      vertex 47.78827302457331 -103.55027362035729 -18
      vertex 48.25047253891179 -103.29617728710846 -18
      vertex 48.50303765443707 -107.45355778199074 -18
    endloop
  endfacet
  facet normal 0 0 -1
    outer loop
      vertex 48.50303765443707 -107.45355778199074 -18
      vertex 48.25047253891179 -103.29617728710846 -18
      vertex 48.677180756944495 -102.98615561965832 -18
    endloop
  endfacet
  facet normal 0.12533323356430218 -0.9921147013144781 0
    outer loop
      vertex 45.49139679181256 -91.665983499731 -18
      vertex 44.48221135185563 -91.79347326909762 -20
      vertex 45.49139679181256 -91.665983499731 -20
    endloop
  endfacet
  facet normal 0 -1 0
    outer loop
      vertex 45.49139679181256 -91.665983499731 -18
      vertex 45.49139679181256 -91.665983499731 -20
      vertex 46.50860320818744 -91.665983499731 -18
    endloop
  endfacet
  facet normal 0 -1 0
    outer loop
      vertex 46.50860320818744 -91.665983499731 -18
      vertex 45.49139679181256 -91.665983499731 -20
      vertex 46.50860320818744 -91.665983499731 -20
    endloop
  endfacet
  facet normal -0.12533323356430218 -0.9921147013144781 0
    outer loop
      vertex 46.50860320818744 -91.665983499731 -18
      vertex 46.50860320818744 -91.665983499731 -20
      vertex 47.51778864814437 -91.79347326909762 -18
    endloop
  endfacet
  facet normal 0 0 -1
    outer loop
      vertex 44.48221135185563 -91.79347326909762 -18
      vertex 45.49139679181256 -91.665983499731 -18
      vertex 45.212998478739955 -95.6243935469395 -18
    endloop
  endfacet
  facet normal 0 0 -1
    outer loop
      vertex 45.212998478739955 -95.6243935469395 -18
      vertex 45.49139679181256 -91.665983499731 -18
      vertex 45.736279817976886 -95.55828774060126 -18
    endloop
  endfacet
  facet normal 0 0 -1
    outer loop
      vertex 45.736279817976886 -95.55828774060126 -18
      vertex 45.49139679181256 -91.665983499731 -18
      vertex 46.263720182023114 -95.55828774060126 -18
    endloop
  endfacet
  facet normal 0 0 -1
    outer loop
      vertex 45.49139679181256 -91.665983499731 -18
      vertex 46.50860320818744 -91.665983499731 -18
      vertex 46.263720182023114 -95.55828774060126 -18
    endloop
  endfacet
  facet normal 0 0 -1
    outer loop
      vertex 46.263720182023114 -95.55828774060126 -18
      vertex 47.51778864814437 -91.79347326909762 -18
      vertex 46.787001521260045 -95.6243935469395 -18
    endloop
  endfacet
  facet normal 0 0 -1
    outer loop
      vertex 46.263720182023114 -95.55828774060126 -18
      vertex 46.50860320818744 -91.665983499731 -18
      vertex 47.51778864814437 -91.79347326909762 -18
    endloop
  endfacet
  facet normal 0 0 -1
    outer loop
      vertex 48.25047253891179 -96.20382271289154 -18
      vertex 48.50303765443707 -92.04644221800926 -18
      vertex 48.677180756944495 -96.51384438034168 -18
    endloop
  endfacet
  facet normal -0.12533323356430218 -0.9921147013144781 0
    outer loop
      vertex 47.51778864814437 -91.79347326909762 -18
      vertex 46.50860320818744 -91.665983499731 -20
      vertex 47.51778864814437 -91.79347326909762 -20
    endloop
  endfacet
  facet normal -0.24868988716486323 -0.9685831611286289 0
    outer loop
      vertex 48.50303765443707 -92.04644221800926 -18
      vertex 47.51778864814437 -91.79347326909762 -20
      vertex 48.50303765443707 -92.04644221800926 -20
    endloop
  endfacet
  facet normal -0.24868988716486323 -0.9685831611286289 0
    outer loop
      vertex 47.51778864814437 -91.79347326909762 -18
      vertex 47.51778864814437 -91.79347326909762 -20
      vertex 48.50303765443707 -92.04644221800926 -18
    endloop
  endfacet
  facet normal 0 0 -1
    outer loop
      vertex 46.787001521260045 -95.6243935469395 -18
      vertex 47.51778864814437 -91.79347326909762 -18
      vertex 47.29787137637478 -95.75556263156035 -18
    endloop
  endfacet
  facet normal 0 0 -1
    outer loop
      vertex 47.29787137637478 -95.75556263156035 -18
      vertex 47.51778864814437 -91.79347326909762 -18
      vertex 48.50303765443707 -92.04644221800926 -18
    endloop
  endfacet
  facet normal 0 0 -1
    outer loop
      vertex 47.29787137637478 -95.75556263156035 -18
      vertex 48.50303765443707 -92.04644221800926 -18
      vertex 47.78827302457331 -95.94972637964271 -18
    endloop
  endfacet
  facet normal 0 0 -1
    outer loop
      vertex 47.78827302457331 -95.94972637964271 -18
      vertex 48.50303765443707 -92.04644221800926 -18
      vertex 48.25047253891179 -96.20382271289154 -18
    endloop
  endfacet
  facet normal -0.3681245526846726 0.9297764858882536 0
    outer loop
      vertex 48.50303765443707 -107.45355778199074 -18
      vertex 49.448812261677084 -107.07909912497476 -20
      vertex 48.50303765443707 -107.45355778199074 -20
    endloop
  endfacet
  facet normal -0.3681245526846726 0.9297764858882536 0
    outer loop
      vertex 48.50303765443707 -107.45355778199074 -18
      vertex 49.448812261677084 -107.07909912497476 -18
      vertex 49.448812261677084 -107.07909912497476 -20
    endloop
  endfacet
  facet normal -0.48175367410172104 0.8763066800438603 0
    outer loop
      vertex 49.448812261677084 -107.07909912497476 -18
      vertex 50.340197039329865 -106.58905619656632 -20
      vertex 49.448812261677084 -107.07909912497476 -20
    endloop
  endfacet
  facet normal -0.5877852522924645 0.8090169943749536 0
    outer loop
      vertex 50.340197039329865 -106.58905619656632 -18
      vertex 51.16313431696439 -105.9911572664839 -20
      vertex 50.340197039329865 -106.58905619656632 -20
    endloop
  endfacet
  facet normal -0.48175367410172104 0.8763066800438603 0
    outer loop
      vertex 49.448812261677084 -107.07909912497476 -18
      vertex 50.340197039329865 -106.58905619656632 -18
      vertex 50.340197039329865 -106.58905619656632 -20
    endloop
  endfacet
  facet normal 0 0 -1
    outer loop
      vertex 48.50303765443707 -107.45355778199074 -18
      vertex 48.677180756944495 -102.98615561965832 -18
      vertex 49.448812261677084 -107.07909912497476 -18
    endloop
  endfacet
  facet normal 0 0 -1
    outer loop
      vertex 48.677180756944495 -102.98615561965832 -18
      vertex 49.06166823516993 -102.6250978449005 -18
      vertex 49.448812261677084 -107.07909912497476 -18
    endloop
  endfacet
  facet normal 0 0 -1
    outer loop
      vertex 49.448812261677084 -107.07909912497476 -18
      vertex 49.06166823516993 -102.6250978449005 -18
      vertex 49.39787137637478 -102.2186980596284 -18
    endloop
  endfacet
  facet normal 0 0 -1
    outer loop
      vertex 49.448812261677084 -107.07909912497476 -18
      vertex 49.39787137637478 -102.2186980596284 -18
      vertex 49.680488056184224 -101.7733654312272 -18
    endloop
  endfacet
  facet normal 0 0 -1
    outer loop
      vertex 49.448812261677084 -107.07909912497476 -18
      vertex 49.680488056184224 -101.7733654312272 -18
      vertex 50.340197039329865 -106.58905619656632 -18
    endloop
  endfacet
  facet normal 0 0 -1
    outer loop
      vertex 50.340197039329865 -106.58905619656632 -18
      vertex 49.680488056184224 -101.7733654312272 -18
      vertex 49.90506124073065 -101.29612312127566 -18
    endloop
  endfacet
  facet normal 0 0 -1
    outer loop
      vertex 50.340197039329865 -106.58905619656632 -18
      vertex 49.90506124073065 -101.29612312127566 -18
      vertex 50.068049276740254 -100.79449752609239 -18
    endloop
  endfacet
  facet normal 0 0 -1
    outer loop
      vertex 50.340197039329865 -106.58905619656632 -18
      vertex 50.068049276740254 -100.79449752609239 -18
      vertex 50.166881745520804 -100.27639958097008 -18
    endloop
  endfacet
  facet normal 0 0 -1
    outer loop
      vertex 50.340197039329865 -106.58905619656632 -18
      vertex 50.166881745520804 -100.27639958097008 -18
      vertex 50.2 -99.75 -18
    endloop
  endfacet
  facet normal 0 0 -1
    outer loop
      vertex 50.340197039329865 -106.58905619656632 -18
      vertex 50.34019703932987 -92.91094380343368 -18
      vertex 51.16313431696439 -105.9911572664839 -18
    endloop
  endfacet
  facet normal -0.684547105928689 0.7289686274214112 0
    outer loop
      vertex 51.16313431696439 -105.9911572664839 -18
      vertex 51.904645882113435 -105.29483155802238 -20
      vertex 51.16313431696439 -105.9911572664839 -20
    endloop
  endfacet
  facet normal -0.5877852522924645 0.8090169943749536 0
    outer loop
      vertex 50.340197039329865 -106.58905619656632 -18
      vertex 51.16313431696439 -105.9911572664839 -18
      vertex 51.16313431696439 -105.9911572664839 -20
    endloop
  endfacet
  facet normal -0.7705132427757906 0.6374239897486881 0
    outer loop
      vertex 51.904645882113435 -105.29483155802238 -18
      vertex 52.55303765443708 -104.51106054356903 -20
      vertex 51.904645882113435 -105.29483155802238 -20
    endloop
  endfacet
  facet normal -0.684547105928689 0.7289686274214112 0
    outer loop
      vertex 51.16313431696439 -105.9911572664839 -18
      vertex 51.904645882113435 -105.29483155802238 -18
      vertex 51.904645882113435 -105.29483155802238 -20
    endloop
  endfacet
  facet normal -0.7705132427757906 0.6374239897486881 0
    outer loop
      vertex 51.904645882113435 -105.29483155802238 -18
      vertex 52.55303765443708 -104.51106054356903 -18
      vertex 52.55303765443708 -104.51106054356903 -20
    endloop
  endfacet
  facet normal 0 0 -1
    outer loop
      vertex 51.16313431696439 -105.9911572664839 -18
      vertex 51.16313431696439 -93.5088427335161 -18
      vertex 51.904645882113435 -105.29483155802238 -18
    endloop
  endfacet
  facet normal 0 0 -1
    outer loop
      vertex 51.904645882113435 -105.29483155802238 -18
      vertex 51.904645882113435 -94.20516844197762 -18
      vertex 52.55303765443708 -104.51106054356903 -18
    endloop
  endfacet
  facet normal 0 0 -1
    outer loop
      vertex 48.677180756944495 -96.51384438034168 -18
      vertex 49.44881226167709 -92.42090087502524 -18
      vertex 49.061668235169925 -96.8749021550995 -18
    endloop
  endfacet
  facet normal 0 0 -1
    outer loop
      vertex 49.061668235169925 -96.8749021550995 -18
      vertex 49.44881226167709 -92.42090087502524 -18
      vertex 49.39787137637478 -97.2813019403716 -18
    endloop
  endfacet
  facet normal 0 0 -1
    outer loop
      vertex 49.39787137637478 -97.2813019403716 -18
      vertex 49.44881226167709 -92.42090087502524 -18
      vertex 49.680488056184224 -97.7266345687728 -18
    endloop
  endfacet
  facet normal 0 0 -1
    outer loop
      vertex 50.340197039329865 -106.58905619656632 -18
      vertex 50.2 -99.75 -18
      vertex 50.34019703932987 -92.91094380343368 -18
    endloop
  endfacet
  facet normal 0 0 -1
    outer loop
      vertex 49.90506124073065 -98.20387687872436 -18
      vertex 50.34019703932987 -92.91094380343368 -18
      vertex 50.068049276740254 -98.70550247390761 -18
    endloop
  endfacet
  facet normal 0 0 -1
    outer loop
      vertex 49.680488056184224 -97.7266345687728 -18
      vertex 50.34019703932987 -92.91094380343368 -18
      vertex 49.90506124073065 -98.20387687872436 -18
    endloop
  endfacet
  facet normal 0 0 -1
    outer loop
      vertex 50.2 -99.75 -18
      vertex 50.166881745520804 -99.22360041902992 -18
      vertex 50.34019703932987 -92.91094380343368 -18
    endloop
  endfacet
  facet normal 0 0 -1
    outer loop
      vertex 50.068049276740254 -98.70550247390761 -18
      vertex 50.34019703932987 -92.91094380343368 -18
      vertex 50.166881745520804 -99.22360041902992 -18
    endloop
  endfacet
  facet normal -0.3681245526846702 -0.9297764858882545 0
    outer loop
      vertex 49.44881226167709 -92.42090087502524 -18
      vertex 48.50303765443707 -92.04644221800926 -20
      vertex 49.44881226167709 -92.42090087502524 -20
    endloop
  endfacet
  facet normal -0.3681245526846702 -0.9297764858882545 0
    outer loop
      vertex 48.50303765443707 -92.04644221800926 -18
      vertex 48.50303765443707 -92.04644221800926 -20
      vertex 49.44881226167709 -92.42090087502524 -18
    endloop
  endfacet
  facet normal -0.48175367410172104 -0.8763066800438603 0
    outer loop
      vertex 50.34019703932987 -92.91094380343368 -18
      vertex 49.44881226167709 -92.42090087502524 -20
      vertex 50.34019703932987 -92.91094380343368 -20
    endloop
  endfacet
  facet normal -0.48175367410172104 -0.8763066800438603 0
    outer loop
      vertex 49.44881226167709 -92.42090087502524 -18
      vertex 49.44881226167709 -92.42090087502524 -20
      vertex 50.34019703932987 -92.91094380343368 -18
    endloop
  endfacet
  facet normal -0.5877852522924679 -0.8090169943749513 0
    outer loop
      vertex 50.34019703932987 -92.91094380343368 -18
      vertex 50.34019703932987 -92.91094380343368 -20
      vertex 51.16313431696439 -93.5088427335161 -18
    endloop
  endfacet
  facet normal 0 0 -1
    outer loop
      vertex 48.677180756944495 -96.51384438034168 -18
      vertex 48.50303765443707 -92.04644221800926 -18
      vertex 49.44881226167709 -92.42090087502524 -18
    endloop
  endfacet
  facet normal 0 0 -1
    outer loop
      vertex 49.680488056184224 -97.7266345687728 -18
      vertex 49.44881226167709 -92.42090087502524 -18
      vertex 50.34019703932987 -92.91094380343368 -18
    endloop
  endfacet
  facet normal 0 0 -1
    outer loop
      vertex 51.16313431696439 -105.9911572664839 -18
      vertex 50.34019703932987 -92.91094380343368 -18
      vertex 51.16313431696439 -93.5088427335161 -18
    endloop
  endfacet
  facet normal 0 0 -1
    outer loop
      vertex 51.904645882113435 -94.20516844197762 -18
      vertex 52.55303765443708 -94.98893945643097 -18
      vertex 52.55303765443708 -104.51106054356903 -18
    endloop
  endfacet
  facet normal 0 0 -1
    outer loop
      vertex 51.904645882113435 -105.29483155802238 -18
      vertex 51.16313431696439 -93.5088427335161 -18
      vertex 51.904645882113435 -94.20516844197762 -18
    endloop
  endfacet
  facet normal -0.5877852522924679 -0.8090169943749513 0
    outer loop
      vertex 51.16313431696439 -93.5088427335161 -18
      vertex 50.34019703932987 -92.91094380343368 -20
      vertex 51.16313431696439 -93.5088427335161 -20
    endloop
  endfacet
  facet normal -0.684547105928689 -0.7289686274214112 0
    outer loop
      vertex 51.16313431696439 -93.5088427335161 -18
      vertex 51.16313431696439 -93.5088427335161 -20
      vertex 51.904645882113435 -94.20516844197762 -18
    endloop
  endfacet
  facet normal -0.684547105928689 -0.7289686274214112 0
    outer loop
      vertex 51.904645882113435 -94.20516844197762 -18
      vertex 51.16313431696439 -93.5088427335161 -20
      vertex 51.904645882113435 -94.20516844197762 -20
    endloop
  endfacet
  facet normal -0.7705132427757906 -0.6374239897486881 0
    outer loop
      vertex 52.55303765443708 -94.98893945643097 -18
      vertex 51.904645882113435 -94.20516844197762 -20
      vertex 52.55303765443708 -94.98893945643097 -20
    endloop
  endfacet
  facet normal -0.7705132427757906 -0.6374239897486881 0
    outer loop
      vertex 51.904645882113435 -94.20516844197762 -18
      vertex 51.904645882113435 -94.20516844197762 -20
      vertex 52.55303765443708 -94.98893945643097 -18
    endloop
  endfacet
  facet normal -0.8443279255020153 0.5358267949789962 0
    outer loop
      vertex 52.55303765443708 -104.51106054356903 -18
      vertex 53.098084108355295 -103.6522047602239 -20
      vertex 52.55303765443708 -104.51106054356903 -20
    endloop
  endfacet
  facet normal -0.8443279255020153 0.5358267949789962 0
    outer loop
      vertex 52.55303765443708 -104.51106054356903 -18
      vertex 53.098084108355295 -103.6522047602239 -18
      vertex 53.098084108355295 -103.6522047602239 -20
    endloop
  endfacet
  facet normal -0.9048270524660181 0.4257792915650755 0
    outer loop
      vertex 53.098084108355295 -103.6522047602239 -18
      vertex 53.531189535694836 -102.7318088767459 -20
      vertex 53.098084108355295 -103.6522047602239 -20
    endloop
  endfacet
  facet normal -0.9048270524660181 0.4257792915650755 0
    outer loop
      vertex 53.098084108355295 -103.6522047602239 -18
      vertex 53.531189535694836 -102.7318088767459 -18
      vertex 53.531189535694836 -102.7318088767459 -20
    endloop
  endfacet
  facet normal -0.9510565162951539 0.30901699437494684 0
    outer loop
      vertex 53.531189535694836 -102.7318088767459 -18
      vertex 53.84552360514191 -101.76438808603532 -20
      vertex 53.531189535694836 -102.7318088767459 -20
    endloop
  endfacet
  facet normal -0.9822872507286889 0.18738131458572332 0
    outer loop
      vertex 53.84552360514191 -101.76438808603532 -18
      vertex 54.03612908064727 -100.76519919187086 -20
      vertex 53.84552360514191 -101.76438808603532 -20
    endloop
  endfacet
  facet normal -0.9510565162951539 0.30901699437494684 0
    outer loop
      vertex 53.531189535694836 -102.7318088767459 -18
      vertex 53.84552360514191 -101.76438808603532 -18
      vertex 53.84552360514191 -101.76438808603532 -20
    endloop
  endfacet
  facet normal -0.9822872507286889 0.18738131458572332 0
    outer loop
      vertex 53.84552360514191 -101.76438808603532 -18
      vertex 54.03612908064727 -100.76519919187086 -18
      vertex 54.03612908064727 -100.76519919187086 -20
    endloop
  endfacet
  facet normal 0 0 -1
    outer loop
      vertex 52.55303765443708 -104.51106054356903 -18
      vertex 52.55303765443708 -94.98893945643097 -18
      vertex 53.098084108355295 -103.6522047602239 -18
    endloop
  endfacet
  facet normal -0.8443279255020153 -0.5358267949789962 0
    outer loop
      vertex 53.098084108355295 -95.8477952397761 -18
      vertex 52.55303765443708 -94.98893945643097 -20
      vertex 53.098084108355295 -95.8477952397761 -20
    endloop
  endfacet
  facet normal -0.9048270524660208 -0.42577929156507016 0
    outer loop
      vertex 53.531189535694836 -96.76819112325411 -18
      vertex 53.098084108355295 -95.8477952397761 -20
      vertex 53.531189535694836 -96.76819112325411 -20
    endloop
  endfacet
  facet normal -0.8443279255020153 -0.5358267949789962 0
    outer loop
      vertex 52.55303765443708 -94.98893945643097 -18
      vertex 52.55303765443708 -94.98893945643097 -20
      vertex 53.098084108355295 -95.8477952397761 -18
    endloop
  endfacet
  facet normal -0.9048270524660208 -0.42577929156507016 0
    outer loop
      vertex 53.531189535694836 -96.76819112325411 -18
      vertex 53.098084108355295 -95.8477952397761 -18
      vertex 53.098084108355295 -95.8477952397761 -20
    endloop
  endfacet
  facet normal -0.9980267284282716 0.06279051952931435 0
    outer loop
      vertex 54.03612908064727 -100.76519919187086 -18
      vertex 54.1 -99.75 -20
      vertex 54.03612908064727 -100.76519919187086 -20
    endloop
  endfacet
  facet normal -0.9980267284282716 -0.06279051952931435 0
    outer loop
      vertex 54.1 -99.75 -18
      vertex 54.03612908064727 -98.73480080812914 -20
      vertex 54.1 -99.75 -20
    endloop
  endfacet
  facet normal -0.9822872507286889 -0.18738131458572332 0
    outer loop
      vertex 54.03612908064727 -98.73480080812914 -18
      vertex 53.84552360514191 -97.73561191396468 -20
      vertex 54.03612908064727 -98.73480080812914 -20
    endloop
  endfacet
  facet normal -0.9980267284282716 0.06279051952931435 0
    outer loop
      vertex 54.03612908064727 -100.76519919187086 -18
      vertex 54.1 -99.75 -18
      vertex 54.1 -99.75 -20
    endloop
  endfacet
  facet normal -0.9980267284282716 -0.06279051952931435 0
    outer loop
      vertex 54.1 -99.75 -18
      vertex 54.03612908064727 -98.73480080812914 -18
      vertex 54.03612908064727 -98.73480080812914 -20
    endloop
  endfacet
  facet normal -0.9822872507286889 -0.18738131458572332 0
    outer loop
      vertex 53.84552360514191 -97.73561191396468 -18
      vertex 53.84552360514191 -97.73561191396468 -20
      vertex 54.03612908064727 -98.73480080812914 -18
    endloop
  endfacet
  facet normal -0.9510565162951525 -0.30901699437495095 0
    outer loop
      vertex 53.84552360514191 -97.73561191396468 -18
      vertex 53.531189535694836 -96.76819112325411 -20
      vertex 53.84552360514191 -97.73561191396468 -20
    endloop
  endfacet
  facet normal -0.9510565162951525 -0.30901699437495095 0
    outer loop
      vertex 53.531189535694836 -96.76819112325411 -18
      vertex 53.531189535694836 -96.76819112325411 -20
      vertex 53.84552360514191 -97.73561191396468 -18
    endloop
  endfacet
  facet normal 0 0 -1
    outer loop
      vertex 53.098084108355295 -103.6522047602239 -18
      vertex 52.55303765443708 -94.98893945643097 -18
      vertex 53.098084108355295 -95.8477952397761 -18
    endloop
  endfacet
  facet normal 0 0 -1
    outer loop
      vertex 53.098084108355295 -103.6522047602239 -18
      vertex 53.098084108355295 -95.8477952397761 -18
      vertex 53.531189535694836 -102.7318088767459 -18
    endloop
  endfacet
  facet normal 0 0 -1
    outer loop
      vertex 53.531189535694836 -102.7318088767459 -18
      vertex 53.098084108355295 -95.8477952397761 -18
      vertex 53.531189535694836 -96.76819112325411 -18
    endloop
  endfacet
  facet normal 0 0 -1
    outer loop
      vertex 53.531189535694836 -102.7318088767459 -18
      vertex 53.531189535694836 -96.76819112325411 -18
      vertex 53.84552360514191 -101.76438808603532 -18
    endloop
  endfacet
  facet normal 0 0 -1
    outer loop
      vertex 53.84552360514191 -101.76438808603532 -18
      vertex 53.531189535694836 -96.76819112325411 -18
      vertex 53.84552360514191 -97.73561191396468 -18
    endloop
  endfacet
  facet normal 0 0 -1
    outer loop
      vertex 53.84552360514191 -101.76438808603532 -18
      vertex 53.84552360514191 -97.73561191396468 -18
      vertex 54.03612908064727 -100.76519919187086 -18
    endloop
  endfacet
  facet normal 0 0 -1
    outer loop
      vertex 54.03612908064727 -100.76519919187086 -18
      vertex 54.03612908064727 -98.73480080812914 -18
      vertex 54.1 -99.75 -18
    endloop
  endfacet
  facet normal 0 0 -1
    outer loop
      vertex 54.03612908064727 -100.76519919187086 -18
      vertex 53.84552360514191 -97.73561191396468 -18
      vertex 54.03612908064727 -98.73480080812914 -18
    endloop
  endfacet
  facet normal 0.9822872507286885 0.187381314585725 0
    outer loop
      vertex 5.963870919352729 -100.76519919187086 -18
      vertex 6.154476394858088 -101.76438808603532 -20
      vertex 5.963870919352729 -100.76519919187086 -20
    endloop
  endfacet
  facet normal 0.9510565162951531 0.30901699437494856 0
    outer loop
      vertex 6.154476394858088 -101.76438808603532 -18
      vertex 6.468810464305164 -102.73180887674589 -20
      vertex 6.154476394858088 -101.76438808603532 -20
    endloop
  endfacet
  facet normal 0.9822872507286885 0.187381314585725 0
    outer loop
      vertex 5.963870919352729 -100.76519919187086 -18
      vertex 6.154476394858088 -101.76438808603532 -18
      vertex 6.154476394858088 -101.76438808603532 -20
    endloop
  endfacet
  facet normal 0.9510565162951531 0.30901699437494856 0
    outer loop
      vertex 6.468810464305164 -102.73180887674589 -18
      vertex 6.468810464305164 -102.73180887674589 -20
      vertex 6.154476394858088 -101.76438808603532 -18
    endloop
  endfacet
  facet normal 0.8443279255020146 0.5358267949789974 0
    outer loop
      vertex 6.901915891644706 -103.6522047602239 -18
      vertex 7.446962345562926 -104.51106054356903 -20
      vertex 6.901915891644706 -103.6522047602239 -20
    endloop
  endfacet
  facet normal 0.8443279255020146 0.5358267949789974 0
    outer loop
      vertex 6.901915891644706 -103.6522047602239 -18
      vertex 7.446962345562926 -104.51106054356903 -18
      vertex 7.446962345562926 -104.51106054356903 -20
    endloop
  endfacet
  facet normal 0.90482705246602 0.42577929156507155 0
    outer loop
      vertex 6.468810464305164 -102.73180887674589 -18
      vertex 6.901915891644706 -103.6522047602239 -20
      vertex 6.468810464305164 -102.73180887674589 -20
    endloop
  endfacet
  facet normal 0.90482705246602 0.42577929156507155 0
    outer loop
      vertex 6.468810464305164 -102.73180887674589 -18
      vertex 6.901915891644706 -103.6522047602239 -18
      vertex 6.901915891644706 -103.6522047602239 -20
    endloop
  endfacet
  facet normal 0 0 -1
    outer loop
      vertex 6.468810464305164 -102.73180887674589 -18
      vertex 6.468810464305164 -96.76819112325411 -18
      vertex 6.901915891644706 -103.6522047602239 -18
    endloop
  endfacet
  facet normal 0 0 -1
    outer loop
      vertex 6.901915891644706 -103.6522047602239 -18
      vertex 6.901915891644706 -95.8477952397761 -18
      vertex 7.446962345562926 -104.51106054356903 -18
    endloop
  endfacet
  facet normal 0.9980267284282717 0.06279051952931261 0
    outer loop
      vertex 5.9 -99.75 -18
      vertex 5.963870919352729 -100.76519919187086 -20
      vertex 5.9 -99.75 -20
    endloop
  endfacet
  facet normal 0.9980267284282717 -0.06279051952931261 0
    outer loop
      vertex 5.963870919352729 -98.73480080812914 -18
      vertex 5.9 -99.75 -20
      vertex 5.963870919352729 -98.73480080812914 -20
    endloop
  endfacet
  facet normal 0.9822872507286885 -0.187381314585725 0
    outer loop
      vertex 6.154476394858088 -97.73561191396468 -18
      vertex 5.963870919352729 -98.73480080812914 -20
      vertex 6.154476394858088 -97.73561191396468 -20
    endloop
  endfacet
  facet normal 0.9980267284282717 0.06279051952931261 0
    outer loop
      vertex 5.963870919352729 -100.76519919187086 -18
      vertex 5.963870919352729 -100.76519919187086 -20
      vertex 5.9 -99.75 -18
    endloop
  endfacet
  facet normal 0.9980267284282717 -0.06279051952931261 0
    outer loop
      vertex 5.9 -99.75 -18
      vertex 5.9 -99.75 -20
      vertex 5.963870919352729 -98.73480080812914 -18
    endloop
  endfacet
  facet normal 0.9822872507286885 -0.187381314585725 0
    outer loop
      vertex 5.963870919352729 -98.73480080812914 -18
      vertex 5.963870919352729 -98.73480080812914 -20
      vertex 6.154476394858088 -97.73561191396468 -18
    endloop
  endfacet
  facet normal 0.9510565162951531 -0.30901699437494856 0
    outer loop
      vertex 6.468810464305164 -96.76819112325411 -18
      vertex 6.154476394858088 -97.73561191396468 -20
      vertex 6.468810464305164 -96.76819112325411 -20
    endloop
  endfacet
  facet normal 0.9510565162951531 -0.30901699437494856 0
    outer loop
      vertex 6.154476394858088 -97.73561191396468 -18
      vertex 6.154476394858088 -97.73561191396468 -20
      vertex 6.468810464305164 -96.76819112325411 -18
    endloop
  endfacet
  facet normal 0.90482705246602 -0.42577929156507155 0
    outer loop
      vertex 6.901915891644706 -95.8477952397761 -18
      vertex 6.468810464305164 -96.76819112325411 -20
      vertex 6.901915891644706 -95.8477952397761 -20
    endloop
  endfacet
  facet normal 0.8443279255020146 -0.5358267949789974 0
    outer loop
      vertex 7.446962345562926 -94.98893945643097 -18
      vertex 6.901915891644706 -95.8477952397761 -20
      vertex 7.446962345562926 -94.98893945643097 -20
    endloop
  endfacet
  facet normal 0.90482705246602 -0.42577929156507155 0
    outer loop
      vertex 6.468810464305164 -96.76819112325411 -18
      vertex 6.468810464305164 -96.76819112325411 -20
      vertex 6.901915891644706 -95.8477952397761 -18
    endloop
  endfacet
  facet normal 0.8443279255020146 -0.5358267949789974 0
    outer loop
      vertex 6.901915891644706 -95.8477952397761 -18
      vertex 6.901915891644706 -95.8477952397761 -20
      vertex 7.446962345562926 -94.98893945643097 -18
    endloop
  endfacet
  facet normal 0 0 -1
    outer loop
      vertex 5.963870919352729 -100.76519919187086 -18
      vertex 5.963870919352729 -98.73480080812914 -18
      vertex 6.154476394858088 -101.76438808603532 -18
    endloop
  endfacet
  facet normal 0 0 -1
    outer loop
      vertex 5.963870919352729 -100.76519919187086 -18
      vertex 5.9 -99.75 -18
      vertex 5.963870919352729 -98.73480080812914 -18
    endloop
  endfacet
  facet normal 0 0 -1
    outer loop
      vertex 6.154476394858088 -101.76438808603532 -18
      vertex 5.963870919352729 -98.73480080812914 -18
      vertex 6.154476394858088 -97.73561191396468 -18
    endloop
  endfacet
  facet normal 0 0 -1
    outer loop
      vertex 6.468810464305164 -102.73180887674589 -18
      vertex 6.154476394858088 -101.76438808603532 -18
      vertex 6.154476394858088 -97.73561191396468 -18
    endloop
  endfacet
  facet normal 0 0 -1
    outer loop
      vertex 6.468810464305164 -102.73180887674589 -18
      vertex 6.154476394858088 -97.73561191396468 -18
      vertex 6.468810464305164 -96.76819112325411 -18
    endloop
  endfacet
  facet normal 0 0 -1
    outer loop
      vertex 6.901915891644706 -103.6522047602239 -18
      vertex 6.468810464305164 -96.76819112325411 -18
      vertex 6.901915891644706 -95.8477952397761 -18
    endloop
  endfacet
  facet normal 0 0 -1
    outer loop
      vertex 7.446962345562926 -104.51106054356903 -18
      vertex 6.901915891644706 -95.8477952397761 -18
      vertex 7.446962345562926 -94.98893945643097 -18
    endloop
  endfacet
  facet normal 0.7705132427757919 0.6374239897486865 0
    outer loop
      vertex 7.446962345562926 -104.51106054356903 -18
      vertex 8.095354117886565 -105.29483155802238 -20
      vertex 7.446962345562926 -104.51106054356903 -20
    endloop
  endfacet
  facet normal 0.6845471059286872 0.7289686274214129 0
    outer loop
      vertex 8.095354117886565 -105.29483155802238 -18
      vertex 8.836865683035615 -105.9911572664839 -20
      vertex 8.095354117886565 -105.29483155802238 -20
    endloop
  endfacet
  facet normal 0.7705132427757919 0.6374239897486865 0
    outer loop
      vertex 7.446962345562926 -104.51106054356903 -18
      vertex 8.095354117886565 -105.29483155802238 -18
      vertex 8.095354117886565 -105.29483155802238 -20
    endloop
  endfacet
  facet normal 0.5877852522924695 0.80901699437495 0
    outer loop
      vertex 8.836865683035615 -105.9911572664839 -18
      vertex 9.659802960670127 -106.58905619656632 -20
      vertex 8.836865683035615 -105.9911572664839 -20
    endloop
  endfacet
  facet normal 0.6845471059286872 0.7289686274214129 0
    outer loop
      vertex 8.095354117886565 -105.29483155802238 -18
      vertex 8.836865683035615 -105.9911572664839 -18
      vertex 8.836865683035615 -105.9911572664839 -20
    endloop
  endfacet
  facet normal 0 0 -1
    outer loop
      vertex 7.446962345562926 -104.51106054356903 -18
      vertex 7.446962345562926 -94.98893945643097 -18
      vertex 8.095354117886565 -105.29483155802238 -18
    endloop
  endfacet
  facet normal 0 0 -1
    outer loop
      vertex 8.095354117886565 -105.29483155802238 -18
      vertex 8.095354117886565 -94.20516844197762 -18
      vertex 8.836865683035615 -105.9911572664839 -18
    endloop
  endfacet
  facet normal 0 0 -1
    outer loop
      vertex 8.836865683035615 -105.9911572664839 -18
      vertex 8.836865683035615 -93.5088427335161 -18
      vertex 9.659802960670127 -106.58905619656632 -18
    endloop
  endfacet
  facet normal 0.4817536741017197 0.8763066800438613 0
    outer loop
      vertex 9.659802960670127 -106.58905619656632 -18
      vertex 10.551187738322913 -107.07909912497476 -18
      vertex 10.551187738322913 -107.07909912497476 -20
    endloop
  endfacet
  facet normal 0.368124552684672 0.9297764858882537 0
    outer loop
      vertex 10.551187738322913 -107.07909912497476 -18
      vertex 11.496962345562926 -107.45355778199074 -20
      vertex 10.551187738322913 -107.07909912497476 -20
    endloop
  endfacet
  facet normal 0.368124552684672 0.9297764858882537 0
    outer loop
      vertex 10.551187738322913 -107.07909912497476 -18
      vertex 11.496962345562926 -107.45355778199074 -18
      vertex 11.496962345562926 -107.45355778199074 -20
    endloop
  endfacet
  facet normal 0.4817536741017197 0.8763066800438613 0
    outer loop
      vertex 9.659802960670127 -106.58905619656632 -18
      vertex 10.551187738322913 -107.07909912497476 -20
      vertex 9.659802960670127 -106.58905619656632 -20
    endloop
  endfacet
  facet normal 0.5877852522924695 0.80901699437495 0
    outer loop
      vertex 8.836865683035615 -105.9911572664839 -18
      vertex 9.659802960670127 -106.58905619656632 -18
      vertex 9.659802960670127 -106.58905619656632 -20
    endloop
  endfacet
  facet normal 0 0 -1
    outer loop
      vertex 9.659802960670127 -106.58905619656632 -18
      vertex 10.319511943815773 -101.7733654312272 -18
      vertex 10.551187738322913 -107.07909912497476 -18
    endloop
  endfacet
  facet normal 0 0 -1
    outer loop
      vertex 9.659802960670127 -106.58905619656632 -18
      vertex 9.833118254479192 -100.27639958097008 -18
      vertex 9.93195072325975 -100.79449752609239 -18
    endloop
  endfacet
  facet normal 0 0 -1
    outer loop
      vertex 9.659802960670127 -106.58905619656632 -18
      vertex 9.8 -99.75 -18
      vertex 9.833118254479192 -100.27639958097008 -18
    endloop
  endfacet
  facet normal 0 0 -1
    outer loop
      vertex 9.659802960670127 -106.58905619656632 -18
      vertex 10.094938759269343 -101.29612312127564 -18
      vertex 10.319511943815773 -101.7733654312272 -18
    endloop
  endfacet
  facet normal 0 0 -1
    outer loop
      vertex 9.659802960670127 -106.58905619656632 -18
      vertex 9.93195072325975 -100.79449752609239 -18
      vertex 10.094938759269343 -101.29612312127564 -18
    endloop
  endfacet
  facet normal 0 0 -1
    outer loop
      vertex 10.551187738322913 -107.07909912497476 -18
      vertex 10.60212862362522 -102.2186980596284 -18
      vertex 10.938331764830071 -102.6250978449005 -18
    endloop
  endfacet
  facet normal 0 0 -1
    outer loop
      vertex 10.551187738322913 -107.07909912497476 -18
      vertex 11.322819243055504 -102.98615561965832 -18
      vertex 11.496962345562926 -107.45355778199074 -18
    endloop
  endfacet
  facet normal 0 0 -1
    outer loop
      vertex 10.551187738322913 -107.07909912497476 -18
      vertex 10.938331764830071 -102.6250978449005 -18
      vertex 11.322819243055504 -102.98615561965832 -18
    endloop
  endfacet
  facet normal 0 0 -1
    outer loop
      vertex 10.551187738322913 -107.07909912497476 -18
      vertex 10.319511943815773 -101.7733654312272 -18
      vertex 10.60212862362522 -102.2186980596284 -18
    endloop
  endfacet
  facet normal 0 0 -1
    outer loop
      vertex 7.446962345562926 -94.98893945643097 -18
      vertex 8.095354117886565 -94.20516844197762 -18
      vertex 8.095354117886565 -105.29483155802238 -18
    endloop
  endfacet
  facet normal 0 0 -1
    outer loop
      vertex 8.836865683035615 -105.9911572664839 -18
      vertex 8.095354117886565 -94.20516844197762 -18
      vertex 8.836865683035615 -93.5088427335161 -18
    endloop
  endfacet
  facet normal 0.7705132427757919 -0.6374239897486865 0
    outer loop
      vertex 8.095354117886565 -94.20516844197762 -18
      vertex 7.446962345562926 -94.98893945643097 -20
      vertex 8.095354117886565 -94.20516844197762 -20
    endloop
  endfacet
  facet normal 0.7705132427757919 -0.6374239897486865 0
    outer loop
      vertex 7.446962345562926 -94.98893945643097 -18
      vertex 7.446962345562926 -94.98893945643097 -20
      vertex 8.095354117886565 -94.20516844197762 -18
    endloop
  endfacet
  facet normal 0.6845471059286872 -0.7289686274214129 0
    outer loop
      vertex 8.095354117886565 -94.20516844197762 -18
      vertex 8.095354117886565 -94.20516844197762 -20
      vertex 8.836865683035615 -93.5088427335161 -18
    endloop
  endfacet
  facet normal 0.6845471059286872 -0.7289686274214129 0
    outer loop
      vertex 8.836865683035615 -93.5088427335161 -18
      vertex 8.095354117886565 -94.20516844197762 -20
      vertex 8.836865683035615 -93.5088427335161 -20
    endloop
  endfacet
  facet normal 0.5877852522924695 -0.80901699437495 0
    outer loop
      vertex 8.836865683035615 -93.5088427335161 -18
      vertex 8.836865683035615 -93.5088427335161 -20
      vertex 9.659802960670127 -92.91094380343368 -18
    endloop
  endfacet
  facet normal 0 0 -1
    outer loop
      vertex 9.659802960670127 -106.58905619656632 -18
      vertex 9.659802960670127 -92.91094380343368 -18
      vertex 9.8 -99.75 -18
    endloop
  endfacet
  facet normal 0 0 -1
    outer loop
      vertex 9.659802960670127 -106.58905619656632 -18
      vertex 8.836865683035615 -93.5088427335161 -18
      vertex 9.659802960670127 -92.91094380343368 -18
    endloop
  endfacet
  facet normal 0 0 -1
    outer loop
      vertex 9.8 -99.75 -18
      vertex 9.659802960670127 -92.91094380343368 -18
      vertex 9.833118254479192 -99.22360041902992 -18
    endloop
  endfacet
  facet normal 0 0 -1
    outer loop
      vertex 9.833118254479192 -99.22360041902992 -18
      vertex 9.659802960670127 -92.91094380343368 -18
      vertex 9.93195072325975 -98.70550247390761 -18
    endloop
  endfacet
  facet normal 0 0 -1
    outer loop
      vertex 9.93195072325975 -98.70550247390761 -18
      vertex 9.659802960670127 -92.91094380343368 -18
      vertex 10.094938759269343 -98.20387687872436 -18
    endloop
  endfacet
  facet normal 0 0 -1
    outer loop
      vertex 10.094938759269343 -98.20387687872436 -18
      vertex 9.659802960670127 -92.91094380343368 -18
      vertex 10.319511943815773 -97.7266345687728 -18
    endloop
  endfacet
  facet normal 0 0 -1
    outer loop
      vertex 10.319511943815773 -97.7266345687728 -18
      vertex 10.551187738322911 -92.42090087502524 -18
      vertex 10.60212862362522 -97.2813019403716 -18
    endloop
  endfacet
  facet normal 0 0 -1
    outer loop
      vertex 10.60212862362522 -97.2813019403716 -18
      vertex 10.551187738322911 -92.42090087502524 -18
      vertex 10.938331764830071 -96.8749021550995 -18
    endloop
  endfacet
  facet normal 0 0 -1
    outer loop
      vertex 10.938331764830071 -96.8749021550995 -18
      vertex 10.551187738322911 -92.42090087502524 -18
      vertex 11.322819243055504 -96.51384438034168 -18
    endloop
  endfacet
  facet normal 0.5877852522924695 -0.80901699437495 0
    outer loop
      vertex 9.659802960670127 -92.91094380343368 -18
      vertex 8.836865683035615 -93.5088427335161 -20
      vertex 9.659802960670127 -92.91094380343368 -20
    endloop
  endfacet
  facet normal 0.4817536741017203 -0.8763066800438607 0
    outer loop
      vertex 10.551187738322911 -92.42090087502524 -18
      vertex 9.659802960670127 -92.91094380343368 -20
      vertex 10.551187738322911 -92.42090087502524 -20
    endloop
  endfacet
  facet normal 0.4817536741017203 -0.8763066800438607 0
    outer loop
      vertex 9.659802960670127 -92.91094380343368 -18
      vertex 9.659802960670127 -92.91094380343368 -20
      vertex 10.551187738322911 -92.42090087502524 -18
    endloop
  endfacet
  facet normal 0.3681245526846714 -0.929776485888254 0
    outer loop
      vertex 11.496962345562926 -92.04644221800926 -18
      vertex 10.551187738322911 -92.42090087502524 -20
      vertex 11.496962345562926 -92.04644221800926 -20
    endloop
  endfacet
  facet normal 0.3681245526846714 -0.929776485888254 0
    outer loop
      vertex 10.551187738322911 -92.42090087502524 -18
      vertex 10.551187738322911 -92.42090087502524 -20
      vertex 11.496962345562926 -92.04644221800926 -18
    endloop
  endfacet
  facet normal 0 0 -1
    outer loop
      vertex 10.319511943815773 -97.7266345687728 -18
      vertex 9.659802960670127 -92.91094380343368 -18
      vertex 10.551187738322911 -92.42090087502524 -18
    endloop
  endfacet
  facet normal 0 0 -1
    outer loop
      vertex 10.551187738322911 -92.42090087502524 -18
      vertex 11.496962345562926 -92.04644221800926 -18
      vertex 11.322819243055504 -96.51384438034168 -18
    endloop
  endfacet
  facet normal 0.24868988716486368 0.9685831611286287 0
    outer loop
      vertex 11.496962345562926 -107.45355778199074 -18
      vertex 12.482211351855629 -107.70652673090238 -20
      vertex 11.496962345562926 -107.45355778199074 -20
    endloop
  endfacet
  facet normal 0.24868988716486368 0.9685831611286287 0
    outer loop
      vertex 11.496962345562926 -107.45355778199074 -18
      vertex 12.482211351855629 -107.70652673090238 -18
      vertex 12.482211351855629 -107.70652673090238 -20
    endloop
  endfacet
  facet normal 0.12533323356430218 0.9921147013144781 0
    outer loop
      vertex 12.482211351855629 -107.70652673090238 -18
      vertex 13.491396791812559 -107.834016500269 -20
      vertex 12.482211351855629 -107.70652673090238 -20
    endloop
  endfacet
  facet normal 0 0 -1
    outer loop
      vertex 11.496962345562926 -107.45355778199074 -18
      vertex 11.322819243055504 -102.98615561965832 -18
      vertex 11.749527461088213 -103.29617728710846 -18
    endloop
  endfacet
  facet normal 0 0 -1
    outer loop
      vertex 11.496962345562926 -107.45355778199074 -18
      vertex 11.749527461088213 -103.29617728710846 -18
      vertex 12.211726975426696 -103.55027362035729 -18
    endloop
  endfacet
  facet normal 0 0 -1
    outer loop
      vertex 11.496962345562926 -107.45355778199074 -18
      vertex 12.211726975426696 -103.55027362035729 -18
      vertex 12.70212862362522 -103.74443736843965 -18
    endloop
  endfacet
  facet normal 0 0 -1
    outer loop
      vertex 11.496962345562926 -107.45355778199074 -18
      vertex 12.70212862362522 -103.74443736843965 -18
      vertex 12.482211351855629 -107.70652673090238 -18
    endloop
  endfacet
  facet normal 0 0 -1
    outer loop
      vertex 12.482211351855629 -107.70652673090238 -18
      vertex 12.70212862362522 -103.74443736843965 -18
      vertex 13.212998478739955 -103.8756064530605 -18
    endloop
  endfacet
  facet normal 0 1 0
    outer loop
      vertex 13.491396791812559 -107.834016500269 -18
      vertex 14.508603208187441 -107.834016500269 -20
      vertex 13.491396791812559 -107.834016500269 -20
    endloop
  endfacet
  facet normal 0.12533323356430218 0.9921147013144781 0
    outer loop
      vertex 12.482211351855629 -107.70652673090238 -18
      vertex 13.491396791812559 -107.834016500269 -18
      vertex 13.491396791812559 -107.834016500269 -20
    endloop
  endfacet
  facet normal -0.12533323356430218 0.9921147013144781 0
    outer loop
      vertex 14.508603208187441 -107.834016500269 -18
      vertex 15.517788648144371 -107.70652673090238 -20
      vertex 14.508603208187441 -107.834016500269 -20
    endloop
  endfacet
  facet normal 0 1 0
    outer loop
      vertex 13.491396791812559 -107.834016500269 -18
      vertex 14.508603208187441 -107.834016500269 -18
      vertex 14.508603208187441 -107.834016500269 -20
    endloop
  endfacet
  facet normal 0 0 -1
    outer loop
      vertex 12.482211351855629 -107.70652673090238 -18
      vertex 13.736279817976882 -103.94171225939874 -18
      vertex 13.491396791812559 -107.834016500269 -18
    endloop
  endfacet
  facet normal 0 0 -1
    outer loop
      vertex 12.482211351855629 -107.70652673090238 -18
      vertex 13.212998478739955 -103.8756064530605 -18
      vertex 13.736279817976882 -103.94171225939874 -18
    endloop
  endfacet
  facet normal 0 0 -1
    outer loop
      vertex 13.491396791812559 -107.834016500269 -18
      vertex 13.736279817976882 -103.94171225939874 -18
      vertex 14.508603208187441 -107.834016500269 -18
    endloop
  endfacet
  facet normal 0 0 -1
    outer loop
      vertex 13.736279817976882 -103.94171225939874 -18
      vertex 14.26372018202312 -103.94171225939874 -18
      vertex 14.508603208187441 -107.834016500269 -18
    endloop
  endfacet
  facet normal 0 0 -1
    outer loop
      vertex 14.508603208187441 -107.834016500269 -18
      vertex 14.26372018202312 -103.94171225939874 -18
      vertex 14.787001521260045 -103.8756064530605 -18
    endloop
  endfacet
  facet normal 0 0 -1
    outer loop
      vertex 14.508603208187441 -107.834016500269 -18
      vertex 14.787001521260045 -103.8756064530605 -18
      vertex 15.517788648144371 -107.70652673090238 -18
    endloop
  endfacet
  facet normal 0 0 -1
    outer loop
      vertex 11.322819243055504 -96.51384438034168 -18
      vertex 11.496962345562926 -92.04644221800926 -18
      vertex 11.749527461088213 -96.20382271289154 -18
    endloop
  endfacet
  facet normal 0.24868988716486323 -0.9685831611286289 0
    outer loop
      vertex 11.496962345562926 -92.04644221800926 -18
      vertex 11.496962345562926 -92.04644221800926 -20
      vertex 12.48221135185563 -91.79347326909762 -18
    endloop
  endfacet
  facet normal 0.24868988716486323 -0.9685831611286289 0
    outer loop
      vertex 12.48221135185563 -91.79347326909762 -18
      vertex 11.496962345562926 -92.04644221800926 -20
      vertex 12.48221135185563 -91.79347326909762 -20
    endloop
  endfacet
  facet normal 0.12533323356430195 -0.9921147013144781 0
    outer loop
      vertex 12.48221135185563 -91.79347326909762 -18
      vertex 12.48221135185563 -91.79347326909762 -20
      vertex 13.491396791812562 -91.665983499731 -18
    endloop
  endfacet
  facet normal 0 0 -1
    outer loop
      vertex 11.749527461088213 -96.20382271289154 -18
      vertex 11.496962345562926 -92.04644221800926 -18
      vertex 12.211726975426695 -95.94972637964271 -18
    endloop
  endfacet
  facet normal 0 0 -1
    outer loop
      vertex 11.496962345562926 -92.04644221800926 -18
      vertex 12.48221135185563 -91.79347326909762 -18
      vertex 12.211726975426695 -95.94972637964271 -18
    endloop
  endfacet
  facet normal 0 0 -1
    outer loop
      vertex 12.211726975426695 -95.94972637964271 -18
      vertex 12.48221135185563 -91.79347326909762 -18
      vertex 12.70212862362522 -95.75556263156035 -18
    endloop
  endfacet
  facet normal 0 0 -1
    outer loop
      vertex 12.70212862362522 -95.75556263156035 -18
      vertex 12.48221135185563 -91.79347326909762 -18
      vertex 13.212998478739957 -95.6243935469395 -18
    endloop
  endfacet
  facet normal 0 0 -1
    outer loop
      vertex 12.48221135185563 -91.79347326909762 -18
      vertex 13.491396791812562 -91.665983499731 -18
      vertex 13.212998478739957 -95.6243935469395 -18
    endloop
  endfacet
  facet normal 0.12533323356430195 -0.9921147013144781 0
    outer loop
      vertex 13.491396791812562 -91.665983499731 -18
      vertex 12.48221135185563 -91.79347326909762 -20
      vertex 13.491396791812562 -91.665983499731 -20
    endloop
  endfacet
  facet normal 0 -1 0
    outer loop
      vertex 13.491396791812562 -91.665983499731 -18
      vertex 13.491396791812562 -91.665983499731 -20
      vertex 14.508603208187438 -91.665983499731 -18
    endloop
  endfacet
  facet normal 0 -1 0
    outer loop
      vertex 14.508603208187438 -91.665983499731 -18
      vertex 13.491396791812562 -91.665983499731 -20
      vertex 14.508603208187438 -91.665983499731 -20
    endloop
  endfacet
  facet normal -0.12533323356430195 -0.9921147013144781 0
    outer loop
      vertex 14.508603208187438 -91.665983499731 -18
      vertex 14.508603208187438 -91.665983499731 -20
      vertex 15.51778864814437 -91.79347326909762 -18
    endloop
  endfacet
  facet normal 0 0 -1
    outer loop
      vertex 13.212998478739957 -95.6243935469395 -18
      vertex 13.491396791812562 -91.665983499731 -18
      vertex 13.736279817976884 -95.55828774060126 -18
    endloop
  endfacet
  facet normal 0 0 -1
    outer loop
      vertex 13.736279817976884 -95.55828774060126 -18
      vertex 13.491396791812562 -91.665983499731 -18
      vertex 14.263720182023116 -95.55828774060126 -18
    endloop
  endfacet
  facet normal 0 0 -1
    outer loop
      vertex 13.491396791812562 -91.665983499731 -18
      vertex 14.508603208187438 -91.665983499731 -18
      vertex 14.263720182023116 -95.55828774060126 -18
    endloop
  endfacet
  facet normal 0 0 -1
    outer loop
      vertex 14.263720182023116 -95.55828774060126 -18
      vertex 15.51778864814437 -91.79347326909762 -18
      vertex 14.787001521260043 -95.6243935469395 -18
    endloop
  endfacet
  facet normal 0 0 -1
    outer loop
      vertex 14.263720182023116 -95.55828774060126 -18
      vertex 14.508603208187438 -91.665983499731 -18
      vertex 15.51778864814437 -91.79347326909762 -18
    endloop
  endfacet
  facet normal -0.2486898871648641 0.9685831611286287 0
    outer loop
      vertex 15.517788648144371 -107.70652673090238 -18
      vertex 16.503037654437072 -107.45355778199074 -20
      vertex 15.517788648144371 -107.70652673090238 -20
    endloop
  endfacet
  facet normal -0.12533323356430218 0.9921147013144781 0
    outer loop
      vertex 14.508603208187441 -107.834016500269 -18
      vertex 15.517788648144371 -107.70652673090238 -18
      vertex 15.517788648144371 -107.70652673090238 -20
    endloop
  endfacet
  facet normal -0.3681245526846714 0.929776485888254 0
    outer loop
      vertex 16.503037654437072 -107.45355778199074 -18
      vertex 17.448812261677087 -107.07909912497476 -20
      vertex 16.503037654437072 -107.45355778199074 -20
    endloop
  endfacet
  facet normal -0.2486898871648641 0.9685831611286287 0
    outer loop
      vertex 15.517788648144371 -107.70652673090238 -18
      vertex 16.503037654437072 -107.45355778199074 -18
      vertex 16.503037654437072 -107.45355778199074 -20
    endloop
  endfacet
  facet normal 0 0 -1
    outer loop
      vertex 14.787001521260045 -103.8756064530605 -18
      vertex 15.29787137637478 -103.74443736843965 -18
      vertex 15.517788648144371 -107.70652673090238 -18
    endloop
  endfacet
  facet normal 0 0 -1
    outer loop
      vertex 15.517788648144371 -107.70652673090238 -18
      vertex 15.788273024573304 -103.55027362035729 -18
      vertex 16.503037654437072 -107.45355778199074 -18
    endloop
  endfacet
  facet normal 0 0 -1
    outer loop
      vertex 15.517788648144371 -107.70652673090238 -18
      vertex 15.29787137637478 -103.74443736843965 -18
      vertex 15.788273024573304 -103.55027362035729 -18
    endloop
  endfacet
  facet normal 0 0 -1
    outer loop
      vertex 15.788273024573304 -103.55027362035729 -18
      vertex 16.250472538911783 -103.29617728710846 -18
      vertex 16.503037654437072 -107.45355778199074 -18
    endloop
  endfacet
  facet normal 0 0 -1
    outer loop
      vertex 16.503037654437072 -107.45355778199074 -18
      vertex 16.250472538911783 -103.29617728710846 -18
      vertex 16.677180756944498 -102.98615561965832 -18
    endloop
  endfacet
  facet normal -0.48175367410172104 0.8763066800438603 0
    outer loop
      vertex 17.448812261677087 -107.07909912497476 -18
      vertex 18.34019703932987 -106.58905619656632 -20
      vertex 17.448812261677087 -107.07909912497476 -20
    endloop
  endfacet
  facet normal -0.3681245526846714 0.929776485888254 0
    outer loop
      vertex 16.503037654437072 -107.45355778199074 -18
      vertex 17.448812261677087 -107.07909912497476 -18
      vertex 17.448812261677087 -107.07909912497476 -20
    endloop
  endfacet
  facet normal -0.5877852522924661 0.8090169943749523 0
    outer loop
      vertex 18.34019703932987 -106.58905619656632 -18
      vertex 19.16313431696439 -105.9911572664839 -20
      vertex 18.34019703932987 -106.58905619656632 -20
    endloop
  endfacet
  facet normal -0.48175367410172104 0.8763066800438603 0
    outer loop
      vertex 17.448812261677087 -107.07909912497476 -18
      vertex 18.34019703932987 -106.58905619656632 -18
      vertex 18.34019703932987 -106.58905619656632 -20
    endloop
  endfacet
  facet normal 0 0 -1
    outer loop
      vertex 16.503037654437072 -107.45355778199074 -18
      vertex 16.677180756944498 -102.98615561965832 -18
      vertex 17.448812261677087 -107.07909912497476 -18
    endloop
  endfacet
  facet normal 0 0 -1
    outer loop
      vertex 16.677180756944498 -102.98615561965832 -18
      vertex 17.06166823516993 -102.6250978449005 -18
      vertex 17.448812261677087 -107.07909912497476 -18
    endloop
  endfacet
  facet normal 0 0 -1
    outer loop
      vertex 17.448812261677087 -107.07909912497476 -18
      vertex 17.06166823516993 -102.6250978449005 -18
      vertex 17.39787137637478 -102.2186980596284 -18
    endloop
  endfacet
  facet normal 0 0 -1
    outer loop
      vertex 17.448812261677087 -107.07909912497476 -18
      vertex 17.39787137637478 -102.2186980596284 -18
      vertex 17.680488056184227 -101.7733654312272 -18
    endloop
  endfacet
  facet normal 0 0 -1
    outer loop
      vertex 17.448812261677087 -107.07909912497476 -18
      vertex 17.680488056184227 -101.7733654312272 -18
      vertex 18.34019703932987 -106.58905619656632 -18
    endloop
  endfacet
  facet normal 0 0 -1
    outer loop
      vertex 18.34019703932987 -106.58905619656632 -18
      vertex 17.680488056184227 -101.7733654312272 -18
      vertex 17.905061240730657 -101.29612312127566 -18
    endloop
  endfacet
  facet normal 0 0 -1
    outer loop
      vertex 18.34019703932987 -106.58905619656632 -18
      vertex 17.905061240730657 -101.29612312127566 -18
      vertex 18.06804927674025 -100.79449752609239 -18
    endloop
  endfacet
  facet normal 0 0 -1
    outer loop
      vertex 18.34019703932987 -106.58905619656632 -18
      vertex 18.06804927674025 -100.79449752609239 -18
      vertex 18.166881745520808 -100.27639958097008 -18
    endloop
  endfacet
  facet normal 0 0 -1
    outer loop
      vertex 18.34019703932987 -106.58905619656632 -18
      vertex 18.166881745520808 -100.27639958097008 -18
      vertex 18.2 -99.75 -18
    endloop
  endfacet
  facet normal 0 0 -1
    outer loop
      vertex 18.34019703932987 -106.58905619656632 -18
      vertex 18.340197039329873 -92.91094380343368 -18
      vertex 19.16313431696439 -105.9911572664839 -18
    endloop
  endfacet
  facet normal 0 0 -1
    outer loop
      vertex 16.250472538911787 -96.20382271289154 -18
      vertex 16.503037654437072 -92.04644221800926 -18
      vertex 16.677180756944498 -96.51384438034168 -18
    endloop
  endfacet
  facet normal -0.12533323356430195 -0.9921147013144781 0
    outer loop
      vertex 15.51778864814437 -91.79347326909762 -18
      vertex 14.508603208187438 -91.665983499731 -20
      vertex 15.51778864814437 -91.79347326909762 -20
    endloop
  endfacet
  facet normal -0.24868988716486368 -0.9685831611286287 0
    outer loop
      vertex 15.51778864814437 -91.79347326909762 -18
      vertex 15.51778864814437 -91.79347326909762 -20
      vertex 16.503037654437072 -92.04644221800926 -18
    endloop
  endfacet
  facet normal -0.24868988716486368 -0.9685831611286287 0
    outer loop
      vertex 16.503037654437072 -92.04644221800926 -18
      vertex 15.51778864814437 -91.79347326909762 -20
      vertex 16.503037654437072 -92.04644221800926 -20
    endloop
  endfacet
  facet normal -0.3681245526846714 -0.929776485888254 0
    outer loop
      vertex 16.503037654437072 -92.04644221800926 -18
      vertex 16.503037654437072 -92.04644221800926 -20
      vertex 17.448812261677087 -92.42090087502524 -18
    endloop
  endfacet
  facet normal 0 0 -1
    outer loop
      vertex 14.787001521260043 -95.6243935469395 -18
      vertex 15.51778864814437 -91.79347326909762 -18
      vertex 15.29787137637478 -95.75556263156035 -18
    endloop
  endfacet
  facet normal 0 0 -1
    outer loop
      vertex 15.29787137637478 -95.75556263156035 -18
      vertex 16.503037654437072 -92.04644221800926 -18
      vertex 15.788273024573305 -95.94972637964271 -18
    endloop
  endfacet
  facet normal 0 0 -1
    outer loop
      vertex 15.29787137637478 -95.75556263156035 -18
      vertex 15.51778864814437 -91.79347326909762 -18
      vertex 16.503037654437072 -92.04644221800926 -18
    endloop
  endfacet
  facet normal 0 0 -1
    outer loop
      vertex 15.788273024573305 -95.94972637964271 -18
      vertex 16.503037654437072 -92.04644221800926 -18
      vertex 16.250472538911787 -96.20382271289154 -18
    endloop
  endfacet
  facet normal 0 0 -1
    outer loop
      vertex 17.06166823516993 -96.8749021550995 -18
      vertex 16.677180756944498 -96.51384438034168 -18
      vertex 17.448812261677087 -92.42090087502524 -18
    endloop
  endfacet
  facet normal 0 0 -1
    outer loop
      vertex 17.06166823516993 -96.8749021550995 -18
      vertex 17.448812261677087 -92.42090087502524 -18
      vertex 17.39787137637478 -97.2813019403716 -18
    endloop
  endfacet
  facet normal 0 0 -1
    outer loop
      vertex 17.39787137637478 -97.2813019403716 -18
      vertex 17.448812261677087 -92.42090087502524 -18
      vertex 17.680488056184227 -97.7266345687728 -18
    endloop
  endfacet
  facet normal 0 0 -1
    outer loop
      vertex 18.34019703932987 -106.58905619656632 -18
      vertex 18.2 -99.75 -18
      vertex 18.340197039329873 -92.91094380343368 -18
    endloop
  endfacet
  facet normal 0 0 -1
    outer loop
      vertex 18.2 -99.75 -18
      vertex 18.166881745520808 -99.22360041902992 -18
      vertex 18.340197039329873 -92.91094380343368 -18
    endloop
  endfacet
  facet normal 0 0 -1
    outer loop
      vertex 17.905061240730657 -98.20387687872436 -18
      vertex 18.340197039329873 -92.91094380343368 -18
      vertex 18.06804927674025 -98.70550247390761 -18
    endloop
  endfacet
  facet normal 0 0 -1
    outer loop
      vertex 18.166881745520808 -99.22360041902992 -18
      vertex 18.06804927674025 -98.70550247390761 -18
      vertex 18.340197039329873 -92.91094380343368 -18
    endloop
  endfacet
  facet normal 0 0 -1
    outer loop
      vertex 17.680488056184227 -97.7266345687728 -18
      vertex 18.340197039329873 -92.91094380343368 -18
      vertex 17.905061240730657 -98.20387687872436 -18
    endloop
  endfacet
  facet normal -0.3681245526846714 -0.929776485888254 0
    outer loop
      vertex 17.448812261677087 -92.42090087502524 -18
      vertex 16.503037654437072 -92.04644221800926 -20
      vertex 17.448812261677087 -92.42090087502524 -20
    endloop
  endfacet
  facet normal -0.4817536741017197 -0.8763066800438613 0
    outer loop
      vertex 17.448812261677087 -92.42090087502524 -18
      vertex 17.448812261677087 -92.42090087502524 -20
      vertex 18.340197039329873 -92.91094380343368 -18
    endloop
  endfacet
  facet normal -0.4817536741017197 -0.8763066800438613 0
    outer loop
      vertex 18.340197039329873 -92.91094380343368 -18
      vertex 17.448812261677087 -92.42090087502524 -20
      vertex 18.340197039329873 -92.91094380343368 -20
    endloop
  endfacet
  facet normal -0.5877852522924679 -0.8090169943749513 0
    outer loop
      vertex 18.340197039329873 -92.91094380343368 -18
      vertex 18.340197039329873 -92.91094380343368 -20
      vertex 19.16313431696439 -93.5088427335161 -18
    endloop
  endfacet
  facet normal 0 0 -1
    outer loop
      vertex 16.677180756944498 -96.51384438034168 -18
      vertex 16.503037654437072 -92.04644221800926 -18
      vertex 17.448812261677087 -92.42090087502524 -18
    endloop
  endfacet
  facet normal 0 0 -1
    outer loop
      vertex 17.680488056184227 -97.7266345687728 -18
      vertex 17.448812261677087 -92.42090087502524 -18
      vertex 18.340197039329873 -92.91094380343368 -18
    endloop
  endfacet
  facet normal -0.684547105928689 0.7289686274214112 0
    outer loop
      vertex 19.16313431696439 -105.9911572664839 -18
      vertex 19.904645882113435 -105.29483155802238 -20
      vertex 19.16313431696439 -105.9911572664839 -20
    endloop
  endfacet
  facet normal -0.5877852522924661 0.8090169943749523 0
    outer loop
      vertex 18.34019703932987 -106.58905619656632 -18
      vertex 19.16313431696439 -105.9911572664839 -18
      vertex 19.16313431696439 -105.9911572664839 -20
    endloop
  endfacet
  facet normal -0.684547105928689 0.7289686274214112 0
    outer loop
      vertex 19.16313431696439 -105.9911572664839 -18
      vertex 19.904645882113435 -105.29483155802238 -18
      vertex 19.904645882113435 -105.29483155802238 -20
    endloop
  endfacet
  facet normal -0.7705132427757923 0.637423989748686 0
    outer loop
      vertex 19.904645882113435 -105.29483155802238 -18
      vertex 20.553037654437073 -104.51106054356903 -20
      vertex 19.904645882113435 -105.29483155802238 -20
    endloop
  endfacet
  facet normal -0.7705132427757923 0.637423989748686 0
    outer loop
      vertex 19.904645882113435 -105.29483155802238 -18
      vertex 20.553037654437073 -104.51106054356903 -18
      vertex 20.553037654437073 -104.51106054356903 -20
    endloop
  endfacet
  facet normal 0 0 -1
    outer loop
      vertex 19.16313431696439 -105.9911572664839 -18
      vertex 19.16313431696439 -93.5088427335161 -18
      vertex 19.904645882113435 -105.29483155802238 -18
    endloop
  endfacet
  facet normal 0 0 -1
    outer loop
      vertex 19.904645882113435 -105.29483155802238 -18
      vertex 19.904645882113435 -94.20516844197762 -18
      vertex 20.553037654437073 -104.51106054356903 -18
    endloop
  endfacet
  facet normal -0.8443279255020136 0.5358267949789987 0
    outer loop
      vertex 20.553037654437073 -104.51106054356903 -18
      vertex 21.098084108355295 -103.6522047602239 -20
      vertex 20.553037654437073 -104.51106054356903 -20
    endloop
  endfacet
  facet normal -0.8443279255020136 0.5358267949789987 0
    outer loop
      vertex 20.553037654437073 -104.51106054356903 -18
      vertex 21.098084108355295 -103.6522047602239 -18
      vertex 21.098084108355295 -103.6522047602239 -20
    endloop
  endfacet
  facet normal -0.9048270524660181 0.4257792915650755 0
    outer loop
      vertex 21.098084108355295 -103.6522047602239 -18
      vertex 21.531189535694836 -102.7318088767459 -20
      vertex 21.098084108355295 -103.6522047602239 -20
    endloop
  endfacet
  facet normal -0.9048270524660181 0.4257792915650755 0
    outer loop
      vertex 21.098084108355295 -103.6522047602239 -18
      vertex 21.531189535694836 -102.7318088767459 -18
      vertex 21.531189535694836 -102.7318088767459 -20
    endloop
  endfacet
  facet normal -0.9510565162951539 0.30901699437494684 0
    outer loop
      vertex 21.531189535694836 -102.7318088767459 -18
      vertex 21.845523605141913 -101.76438808603532 -20
      vertex 21.531189535694836 -102.7318088767459 -20
    endloop
  endfacet
  facet normal -0.9822872507286889 0.18738131458572332 0
    outer loop
      vertex 21.845523605141913 -101.76438808603532 -18
      vertex 22.03612908064727 -100.76519919187086 -20
      vertex 21.845523605141913 -101.76438808603532 -20
    endloop
  endfacet
  facet normal -0.9510565162951539 0.30901699437494684 0
    outer loop
      vertex 21.531189535694836 -102.7318088767459 -18
      vertex 21.845523605141913 -101.76438808603532 -18
      vertex 21.845523605141913 -101.76438808603532 -20
    endloop
  endfacet
  facet normal -0.9822872507286889 0.18738131458572332 0
    outer loop
      vertex 21.845523605141913 -101.76438808603532 -18
      vertex 22.03612908064727 -100.76519919187086 -18
      vertex 22.03612908064727 -100.76519919187086 -20
    endloop
  endfacet
  facet normal 0 0 -1
    outer loop
      vertex 20.553037654437073 -104.51106054356903 -18
      vertex 20.553037654437073 -94.98893945643097 -18
      vertex 21.098084108355295 -103.6522047602239 -18
    endloop
  endfacet
  facet normal 0 0 -1
    outer loop
      vertex 18.340197039329873 -92.91094380343368 -18
      vertex 19.16313431696439 -93.5088427335161 -18
      vertex 19.16313431696439 -105.9911572664839 -18
    endloop
  endfacet
  facet normal 0 0 -1
    outer loop
      vertex 19.904645882113435 -105.29483155802238 -18
      vertex 19.16313431696439 -93.5088427335161 -18
      vertex 19.904645882113435 -94.20516844197762 -18
    endloop
  endfacet
  facet normal 0 0 -1
    outer loop
      vertex 20.553037654437073 -104.51106054356903 -18
      vertex 19.904645882113435 -94.20516844197762 -18
      vertex 20.553037654437073 -94.98893945643097 -18
    endloop
  endfacet
  facet normal -0.5877852522924679 -0.8090169943749513 0
    outer loop
      vertex 19.16313431696439 -93.5088427335161 -18
      vertex 18.340197039329873 -92.91094380343368 -20
      vertex 19.16313431696439 -93.5088427335161 -20
    endloop
  endfacet
  facet normal -0.684547105928689 -0.7289686274214112 0
    outer loop
      vertex 19.904645882113435 -94.20516844197762 -18
      vertex 19.16313431696439 -93.5088427335161 -20
      vertex 19.904645882113435 -94.20516844197762 -20
    endloop
  endfacet
  facet normal -0.684547105928689 -0.7289686274214112 0
    outer loop
      vertex 19.16313431696439 -93.5088427335161 -18
      vertex 19.16313431696439 -93.5088427335161 -20
      vertex 19.904645882113435 -94.20516844197762 -18
    endloop
  endfacet
  facet normal -0.7705132427757923 -0.637423989748686 0
    outer loop
      vertex 20.553037654437073 -94.98893945643097 -18
      vertex 19.904645882113435 -94.20516844197762 -20
      vertex 20.553037654437073 -94.98893945643097 -20
    endloop
  endfacet
  facet normal -0.7705132427757923 -0.637423989748686 0
    outer loop
      vertex 19.904645882113435 -94.20516844197762 -18
      vertex 19.904645882113435 -94.20516844197762 -20
      vertex 20.553037654437073 -94.98893945643097 -18
    endloop
  endfacet
  facet normal -0.8443279255020136 -0.5358267949789987 0
    outer loop
      vertex 21.098084108355295 -95.8477952397761 -18
      vertex 20.553037654437073 -94.98893945643097 -20
      vertex 21.098084108355295 -95.8477952397761 -20
    endloop
  endfacet
  facet normal -0.9048270524660208 -0.42577929156507016 0
    outer loop
      vertex 21.531189535694836 -96.76819112325411 -18
      vertex 21.098084108355295 -95.8477952397761 -20
      vertex 21.531189535694836 -96.76819112325411 -20
    endloop
  endfacet
  facet normal -0.8443279255020136 -0.5358267949789987 0
    outer loop
      vertex 20.553037654437073 -94.98893945643097 -18
      vertex 20.553037654437073 -94.98893945643097 -20
      vertex 21.098084108355295 -95.8477952397761 -18
    endloop
  endfacet
  facet normal -0.9048270524660208 -0.42577929156507016 0
    outer loop
      vertex 21.531189535694836 -96.76819112325411 -18
      vertex 21.098084108355295 -95.8477952397761 -18
      vertex 21.098084108355295 -95.8477952397761 -20
    endloop
  endfacet
  facet normal -0.9822872507286889 -0.18738131458572332 0
    outer loop
      vertex 22.03612908064727 -98.73480080812914 -18
      vertex 21.845523605141913 -97.73561191396468 -20
      vertex 22.03612908064727 -98.73480080812914 -20
    endloop
  endfacet
  facet normal -0.9980267284282716 0.06279051952931435 0
    outer loop
      vertex 22.03612908064727 -100.76519919187086 -18
      vertex 22.1 -99.75 -20
      vertex 22.03612908064727 -100.76519919187086 -20
    endloop
  endfacet
  facet normal -0.9980267284282716 -0.06279051952931435 0
    outer loop
      vertex 22.1 -99.75 -18
      vertex 22.03612908064727 -98.73480080812914 -20
      vertex 22.1 -99.75 -20
    endloop
  endfacet
  facet normal -0.9822872507286889 -0.18738131458572332 0
    outer loop
      vertex 21.845523605141913 -97.73561191396468 -18
      vertex 21.845523605141913 -97.73561191396468 -20
      vertex 22.03612908064727 -98.73480080812914 -18
    endloop
  endfacet
  facet normal -0.9980267284282716 0.06279051952931435 0
    outer loop
      vertex 22.03612908064727 -100.76519919187086 -18
      vertex 22.1 -99.75 -18
      vertex 22.1 -99.75 -20
    endloop
  endfacet
  facet normal -0.9980267284282716 -0.06279051952931435 0
    outer loop
      vertex 22.1 -99.75 -18
      vertex 22.03612908064727 -98.73480080812914 -18
      vertex 22.03612908064727 -98.73480080812914 -20
    endloop
  endfacet
  facet normal -0.9510565162951525 -0.30901699437495095 0
    outer loop
      vertex 21.845523605141913 -97.73561191396468 -18
      vertex 21.531189535694836 -96.76819112325411 -20
      vertex 21.845523605141913 -97.73561191396468 -20
    endloop
  endfacet
  facet normal -0.9510565162951525 -0.30901699437495095 0
    outer loop
      vertex 21.531189535694836 -96.76819112325411 -18
      vertex 21.531189535694836 -96.76819112325411 -20
      vertex 21.845523605141913 -97.73561191396468 -18
    endloop
  endfacet
  facet normal 0 0 -1
    outer loop
      vertex 21.098084108355295 -103.6522047602239 -18
      vertex 20.553037654437073 -94.98893945643097 -18
      vertex 21.098084108355295 -95.8477952397761 -18
    endloop
  endfacet
  facet normal 0 0 -1
    outer loop
      vertex 21.098084108355295 -103.6522047602239 -18
      vertex 21.098084108355295 -95.8477952397761 -18
      vertex 21.531189535694836 -102.7318088767459 -18
    endloop
  endfacet
  facet normal 0 0 -1
    outer loop
      vertex 21.531189535694836 -102.7318088767459 -18
      vertex 21.098084108355295 -95.8477952397761 -18
      vertex 21.531189535694836 -96.76819112325411 -18
    endloop
  endfacet
  facet normal 0 0 -1
    outer loop
      vertex 21.531189535694836 -102.7318088767459 -18
      vertex 21.531189535694836 -96.76819112325411 -18
      vertex 21.845523605141913 -101.76438808603532 -18
    endloop
  endfacet
  facet normal 0 0 -1
    outer loop
      vertex 21.845523605141913 -101.76438808603532 -18
      vertex 21.845523605141913 -97.73561191396468 -18
      vertex 22.03612908064727 -100.76519919187086 -18
    endloop
  endfacet
  facet normal 0 0 -1
    outer loop
      vertex 21.531189535694836 -96.76819112325411 -18
      vertex 21.845523605141913 -97.73561191396468 -18
      vertex 21.845523605141913 -101.76438808603532 -18
    endloop
  endfacet
  facet normal 0 0 -1
    outer loop
      vertex 22.03612908064727 -100.76519919187086 -18
      vertex 21.845523605141913 -97.73561191396468 -18
      vertex 22.03612908064727 -98.73480080812914 -18
    endloop
  endfacet
  facet normal 0 0 -1
    outer loop
      vertex 22.03612908064727 -100.76519919187086 -18
      vertex 22.03612908064727 -98.73480080812914 -18
      vertex 22.1 -99.75 -18
    endloop
  endfacet
  facet normal 0.05823433822040665 0.9983029409212574 0
    outer loop
      vertex 0 -42.75 35
      vertex 33.68421052631579 -44.71491228070175 35
      vertex 0 -42.75 3
    endloop
  endfacet
  facet normal 0.04993761694389223 0 0.9987523388778446
    outer loop
      vertex 0 42.75 3
      vertex 0 -42.75 3
      vertex 60 46.25 0
    endloop
  endfacet
  facet normal 0.05823433822040664 -0.9983029409212574 0
    outer loop
      vertex 0 42.75 35
      vertex 0 42.75 3
      vertex 33.684210526315795 44.71491228070175 35
    endloop
  endfacet
  facet normal 0.05823433822040667 0.9983029409212572 0
    outer loop
      vertex 60 -46.25 35
      vertex 60 -46.25 0
      vertex 0 -42.75 3
    endloop
  endfacet
  facet normal 0.05823433822040671 0.9983029409212574 -6.738700576215666e-17
    outer loop
      vertex 33.68421052631579 -44.71491228070175 35
      vertex 60 -46.25 35
      vertex 0 -42.75 3
    endloop
  endfacet
  facet normal 0.04993761694389224 0 0.9987523388778448
    outer loop
      vertex 60 -46.25 0
      vertex 60 46.25 0
      vertex 0 -42.75 3
    endloop
  endfacet
  facet normal 0.058234338220406676 -0.9983029409212573 -4.2116878601347916e-17
    outer loop
      vertex 0 42.75 3
      vertex 60 46.25 0
      vertex 33.684210526315795 44.71491228070175 35
    endloop
  endfacet
  facet normal 0.058234338220406724 -0.9983029409212573 0
    outer loop
      vertex 60 46.25 35
      vertex 33.684210526315795 44.71491228070175 35
      vertex 60 46.25 0
    endloop
  endfacet
  facet normal 0 0 -1
    outer loop
      vertex 0 -112.75 -20
      vertex 6.901915891644706 -103.6522047602239 -20
      vertex 7.446962345562926 -104.51106054356903 -20
    endloop
  endfacet
  facet normal 0 0 -1
    outer loop
      vertex 0 -112.75 -20
      vertex 7.446962345562926 -104.51106054356903 -20
      vertex 8.095354117886565 -105.29483155802238 -20
    endloop
  endfacet
  facet normal 0 0 -1
    outer loop
      vertex 0 -112.75 -20
      vertex 6.154476394858088 -101.76438808603532 -20
      vertex 6.468810464305164 -102.73180887674589 -20
    endloop
  endfacet
  facet normal 0 0 -1
    outer loop
      vertex 0 -112.75 -20
      vertex 5.9 -99.75 -20
      vertex 5.963870919352729 -100.76519919187086 -20
    endloop
  endfacet
  facet normal 0 0 -1
    outer loop
      vertex 0 -112.75 -20
      vertex 5.963870919352729 -100.76519919187086 -20
      vertex 6.154476394858088 -101.76438808603532 -20
    endloop
  endfacet
  facet normal 0 0 -1
    outer loop
      vertex 0 -112.75 -20
      vertex 6.468810464305164 -102.73180887674589 -20
      vertex 6.901915891644706 -103.6522047602239 -20
    endloop
  endfacet
  facet normal 0 0 -1
    outer loop
      vertex 0 -112.75 -20
      vertex 5.963870919352729 -98.73480080812914 -20
      vertex 5.9 -99.75 -20
    endloop
  endfacet
  facet normal 0 0 -1
    outer loop
      vertex 0 -112.75 -20
      vertex 6.154476394858088 -97.73561191396468 -20
      vertex 5.963870919352729 -98.73480080812914 -20
    endloop
  endfacet
  facet normal 0 0 -1
    outer loop
      vertex 0 -112.75 -20
      vertex 8.095354117886565 -105.29483155802238 -20
      vertex 8.836865683035615 -105.9911572664839 -20
    endloop
  endfacet
  facet normal 0 0 -1
    outer loop
      vertex 0 -112.75 -20
      vertex 8.836865683035615 -105.9911572664839 -20
      vertex 9.659802960670127 -106.58905619656632 -20
    endloop
  endfacet
  facet normal 0 0 -1
    outer loop
      vertex 0 -112.75 -20
      vertex 9.659802960670127 -106.58905619656632 -20
      vertex 10.551187738322913 -107.07909912497476 -20
    endloop
  endfacet
  facet normal 0 0 -1
    outer loop
      vertex 0 -112.75 -20
      vertex 10.551187738322913 -107.07909912497476 -20
      vertex 11.496962345562926 -107.45355778199074 -20
    endloop
  endfacet
  facet normal 0 0 -1
    outer loop
      vertex 0 -112.75 -20
      vertex 11.496962345562926 -107.45355778199074 -20
      vertex 12.482211351855629 -107.70652673090238 -20
    endloop
  endfacet
  facet normal 0 0 -1
    outer loop
      vertex 0 -112.75 -20
      vertex 12.482211351855629 -107.70652673090238 -20
      vertex 13.491396791812559 -107.834016500269 -20
    endloop
  endfacet
  facet normal -1 0 0
    outer loop
      vertex 0 -112.75 -20
      vertex 0 -112.75 35
      vertex 0 -42.75 3
    endloop
  endfacet
  facet normal -1 0 0
    outer loop
      vertex 0 -112.75 -20
      vertex 0 -42.75 3
      vertex 0 42.75 3
    endloop
  endfacet
  facet normal 0 0 -1
    outer loop
      vertex 0 -112.75 -20
      vertex 13.491396791812559 -107.834016500269 -20
      vertex 60 -112.75 -20
    endloop
  endfacet
  facet normal 0 0 -1
    outer loop
      vertex 16.503037654437072 -107.45355778199074 -20
      vertex 17.448812261677087 -107.07909912497476 -20
      vertex 43.49696234556293 -107.45355778199074 -20
    endloop
  endfacet
  facet normal 0 0 -1
    outer loop
      vertex 17.448812261677087 -107.07909912497476 -20
      vertex 18.34019703932987 -106.58905619656632 -20
      vertex 42.551187738322916 -107.07909912497476 -20
    endloop
  endfacet
  facet normal 0 0 -1
    outer loop
      vertex 16.503037654437072 -92.04644221800926 -20
      vertex 42.55118773832291 -92.42090087502524 -20
      vertex 17.448812261677087 -92.42090087502524 -20
    endloop
  endfacet
  facet normal 0 0 -1
    outer loop
      vertex 17.448812261677087 -92.42090087502524 -20
      vertex 41.65980296067013 -92.91094380343368 -20
      vertex 18.340197039329873 -92.91094380343368 -20
    endloop
  endfacet
  facet normal 0 0 -1
    outer loop
      vertex 18.340197039329873 -92.91094380343368 -20
      vertex 40.83686568303561 -93.5088427335161 -20
      vertex 19.16313431696439 -93.5088427335161 -20
    endloop
  endfacet
  facet normal 0 0 -1
    outer loop
      vertex 18.34019703932987 -106.58905619656632 -20
      vertex 19.16313431696439 -105.9911572664839 -20
      vertex 41.65980296067013 -106.58905619656632 -20
    endloop
  endfacet
  facet normal 0 0 -1
    outer loop
      vertex 19.16313431696439 -105.9911572664839 -20
      vertex 19.904645882113435 -105.29483155802238 -20
      vertex 40.83686568303561 -105.9911572664839 -20
    endloop
  endfacet
  facet normal 0 0 -1
    outer loop
      vertex 19.904645882113435 -105.29483155802238 -20
      vertex 20.553037654437073 -104.51106054356903 -20
      vertex 40.095354117886565 -105.29483155802238 -20
    endloop
  endfacet
  facet normal 0 0 -1
    outer loop
      vertex 20.553037654437073 -104.51106054356903 -20
      vertex 21.098084108355295 -103.6522047602239 -20
      vertex 39.44696234556292 -104.51106054356903 -20
    endloop
  endfacet
  facet normal 0 0 -1
    outer loop
      vertex 21.531189535694836 -102.7318088767459 -20
      vertex 38.901915891644705 -103.6522047602239 -20
      vertex 21.098084108355295 -103.6522047602239 -20
    endloop
  endfacet
  facet normal 0 0 -1
    outer loop
      vertex 21.531189535694836 -102.7318088767459 -20
      vertex 21.845523605141913 -101.76438808603532 -20
      vertex 38.468810464305164 -102.73180887674589 -20
    endloop
  endfacet
  facet normal 0 0 -1
    outer loop
      vertex 22.03612908064727 -100.76519919187086 -20
      vertex 38.15447639485809 -101.76438808603532 -20
      vertex 21.845523605141913 -101.76438808603532 -20
    endloop
  endfacet
  facet normal 0 0 -1
    outer loop
      vertex 60 -112.75 -20
      vertex 13.491396791812559 -107.834016500269 -20
      vertex 14.508603208187441 -107.834016500269 -20
    endloop
  endfacet
  facet normal 0 0 -1
    outer loop
      vertex 21.531189535694836 -96.76819112325411 -20
      vertex 38.15447639485809 -97.73561191396468 -20
      vertex 21.845523605141913 -97.73561191396468 -20
    endloop
  endfacet
  facet normal 0 0 -1
    outer loop
      vertex 21.531189535694836 -96.76819112325411 -20
      vertex 21.098084108355295 -95.8477952397761 -20
      vertex 38.468810464305164 -96.76819112325411 -20
    endloop
  endfacet
  facet normal 0 0 -1
    outer loop
      vertex 20.553037654437073 -94.98893945643097 -20
      vertex 38.901915891644705 -95.8477952397761 -20
      vertex 21.098084108355295 -95.8477952397761 -20
    endloop
  endfacet
  facet normal 0 0 -1
    outer loop
      vertex 22.1 -99.75 -20
      vertex 37.96387091935273 -100.76519919187086 -20
      vertex 22.03612908064727 -100.76519919187086 -20
    endloop
  endfacet
  facet normal 0 0 -1
    outer loop
      vertex 22.1 -99.75 -20
      vertex 22.03612908064727 -98.73480080812914 -20
      vertex 37.9 -99.75 -20
    endloop
  endfacet
  facet normal 0 0 -1
    outer loop
      vertex 21.845523605141913 -97.73561191396468 -20
      vertex 37.96387091935273 -98.73480080812914 -20
      vertex 22.03612908064727 -98.73480080812914 -20
    endloop
  endfacet
  facet normal 0 0 -1
    outer loop
      vertex 19.16313431696439 -93.5088427335161 -20
      vertex 40.095354117886565 -94.20516844197762 -20
      vertex 19.904645882113435 -94.20516844197762 -20
    endloop
  endfacet
  facet normal 0 0 -1
    outer loop
      vertex 19.904645882113435 -94.20516844197762 -20
      vertex 39.44696234556292 -94.98893945643097 -20
      vertex 20.553037654437073 -94.98893945643097 -20
    endloop
  endfacet
  facet normal 0 0 -1
    outer loop
      vertex 0 -112.75 -20
      vertex 60 77.75 -20
      vertex 6.154476394858088 -97.73561191396468 -20
    endloop
  endfacet
  facet normal 0 0 -1
    outer loop
      vertex 60 77.75 -20
      vertex 6.468810464305164 -96.76819112325411 -20
      vertex 6.154476394858088 -97.73561191396468 -20
    endloop
  endfacet
  facet normal 0 0 -1
    outer loop
      vertex 60 77.75 -20
      vertex 6.901915891644706 -95.8477952397761 -20
      vertex 6.468810464305164 -96.76819112325411 -20
    endloop
  endfacet
  facet normal 0 0 -1
    outer loop
      vertex 60 77.75 -20
      vertex 7.446962345562926 -94.98893945643097 -20
      vertex 6.901915891644706 -95.8477952397761 -20
    endloop
  endfacet
  facet normal 0 0 -1
    outer loop
      vertex 60 77.75 -20
      vertex 8.095354117886565 -94.20516844197762 -20
      vertex 7.446962345562926 -94.98893945643097 -20
    endloop
  endfacet
  facet normal 0 0 -1
    outer loop
      vertex 60 77.75 -20
      vertex 8.836865683035615 -93.5088427335161 -20
      vertex 8.095354117886565 -94.20516844197762 -20
    endloop
  endfacet
  facet normal 0 0 -1
    outer loop
      vertex 60 77.75 -20
      vertex 9.659802960670127 -92.91094380343368 -20
      vertex 8.836865683035615 -93.5088427335161 -20
    endloop
  endfacet
  facet normal 0 0 -1
    outer loop
      vertex 60 77.75 -20
      vertex 10.551187738322911 -92.42090087502524 -20
      vertex 9.659802960670127 -92.91094380343368 -20
    endloop
  endfacet
  facet normal 0 0 -1
    outer loop
      vertex 60 77.75 -20
      vertex 11.496962345562926 -92.04644221800926 -20
      vertex 10.551187738322911 -92.42090087502524 -20
    endloop
  endfacet
  facet normal 0 0 -1
    outer loop
      vertex 60 77.75 -20
      vertex 12.48221135185563 -91.79347326909762 -20
      vertex 11.496962345562926 -92.04644221800926 -20
    endloop
  endfacet
  facet normal 0 0 -1
    outer loop
      vertex 60 77.75 -20
      vertex 13.491396791812562 -91.665983499731 -20
      vertex 12.48221135185563 -91.79347326909762 -20
    endloop
  endfacet
  facet normal 0 0 -1
    outer loop
      vertex 60 77.75 -20
      vertex 14.508603208187438 -91.665983499731 -20
      vertex 13.491396791812562 -91.665983499731 -20
    endloop
  endfacet
  facet normal 0 0 1
    outer loop
      vertex 0 -112.75 35
      vertex 9.833118254479192 -100.27639958097008 35
      vertex 9.8 -99.75 35
    endloop
  endfacet
  facet normal 0 0 1
    outer loop
      vertex 0 -112.75 35
      vertex 9.8 -99.75 35
      vertex 9.833118254479192 -99.22360041902992 35
    endloop
  endfacet
  facet normal 0 0 1
    outer loop
      vertex 0 -112.75 35
      vertex 10.60212862362522 -102.2186980596284 35
      vertex 10.319511943815773 -101.7733654312272 35
    endloop
  endfacet
  facet normal 0 0 1
    outer loop
      vertex 0 -112.75 35
      vertex 10.094938759269343 -101.29612312127564 35
      vertex 9.93195072325975 -100.79449752609239 35
    endloop
  endfacet
  facet normal 0 0 1
    outer loop
      vertex 0 -112.75 35
      vertex 9.93195072325975 -100.79449752609239 35
      vertex 9.833118254479192 -100.27639958097008 35
    endloop
  endfacet
  facet normal 0 0 1
    outer loop
      vertex 0 -112.75 35
      vertex 10.319511943815773 -101.7733654312272 35
      vertex 10.094938759269343 -101.29612312127564 35
    endloop
  endfacet
  facet normal 0 0 1
    outer loop
      vertex 0 -112.75 35
      vertex 10.938331764830071 -102.6250978449005 35
      vertex 10.60212862362522 -102.2186980596284 35
    endloop
  endfacet
  facet normal 0 0 1
    outer loop
      vertex 0 -112.75 35
      vertex 11.322819243055504 -102.98615561965832 35
      vertex 10.938331764830071 -102.6250978449005 35
    endloop
  endfacet
  facet normal 0 0 1
    outer loop
      vertex 0 -112.75 35
      vertex 9.833118254479192 -99.22360041902992 35
      vertex 9.93195072325975 -98.70550247390761 35
    endloop
  endfacet
  facet normal 0 0 1
    outer loop
      vertex 0 -112.75 35
      vertex 9.93195072325975 -98.70550247390761 35
      vertex 10.094938759269343 -98.20387687872436 35
    endloop
  endfacet
  facet normal -1 0 0
    outer loop
      vertex 0 -112.75 35
      vertex 0 -42.75 35
      vertex 0 -42.75 3
    endloop
  endfacet
  facet normal 0 0 1
    outer loop
      vertex 0 -112.75 35
      vertex 13.736279817976882 -103.94171225939874 35
      vertex 13.212998478739955 -103.8756064530605 35
    endloop
  endfacet
  facet normal 0 0 1
    outer loop
      vertex 0 -112.75 35
      vertex 14.263720182023118 -103.94171225939874 35
      vertex 13.736279817976882 -103.94171225939874 35
    endloop
  endfacet
  facet normal 0 0 1
    outer loop
      vertex 0 -112.75 35
      vertex 11.749527461088213 -103.29617728710846 35
      vertex 11.322819243055504 -102.98615561965832 35
    endloop
  endfacet
  facet normal 0 0 1
    outer loop
      vertex 0 -112.75 35
      vertex 12.211726975426696 -103.55027362035729 35
      vertex 11.749527461088213 -103.29617728710846 35
    endloop
  endfacet
  facet normal 0 0 1
    outer loop
      vertex 0 -112.75 35
      vertex 12.70212862362522 -103.74443736843965 35
      vertex 12.211726975426696 -103.55027362035729 35
    endloop
  endfacet
  facet normal 0 0 1
    outer loop
      vertex 0 -112.75 35
      vertex 13.212998478739955 -103.8756064530605 35
      vertex 12.70212862362522 -103.74443736843965 35
    endloop
  endfacet
  facet normal 0 0 1
    outer loop
      vertex 0 -112.75 35
      vertex 14.787001521260045 -103.8756064530605 35
      vertex 14.263720182023118 -103.94171225939874 35
    endloop
  endfacet
  facet normal 0 0 1
    outer loop
      vertex 0 -112.75 35
      vertex 15.29787137637478 -103.74443736843965 35
      vertex 14.787001521260045 -103.8756064530605 35
    endloop
  endfacet
  facet normal 0 0 1
    outer loop
      vertex 0 -112.75 35
      vertex 15.788273024573304 -103.55027362035729 35
      vertex 15.29787137637478 -103.74443736843965 35
    endloop
  endfacet
  facet normal 0 0 1
    outer loop
      vertex 0 -112.75 35
      vertex 33.68421052631579 -44.71491228070175 35
      vertex 0 -42.75 35
    endloop
  endfacet
  facet normal 0 0 1
    outer loop
      vertex 0 -112.75 35
      vertex 10.094938759269343 -98.20387687872436 35
      vertex 33.68421052631579 -44.71491228070175 35
    endloop
  endfacet
  facet normal 0 -1 0
    outer loop
      vertex 0 -112.75 -20
      vertex 60 -112.75 35
      vertex 0 -112.75 35
    endloop
  endfacet
  facet normal 0 0 1
    outer loop
      vertex 0 -112.75 35
      vertex 44.21172697542669 -103.55027362035729 35
      vertex 15.788273024573304 -103.55027362035729 35
    endloop
  endfacet
  facet normal 0 0 1
    outer loop
      vertex 10.319511943815773 -97.7266345687728 35
      vertex 33.68421052631579 -44.71491228070175 35
      vertex 10.094938759269343 -98.20387687872436 35
    endloop
  endfacet
  facet normal 0 0 1
    outer loop
      vertex 10.60212862362522 -97.2813019403716 35
      vertex 33.68421052631579 -44.71491228070175 35
      vertex 10.319511943815773 -97.7266345687728 35
    endloop
  endfacet
  facet normal 0 0 1
    outer loop
      vertex 10.938331764830071 -96.8749021550995 35
      vertex 33.68421052631579 -44.71491228070175 35
      vertex 10.60212862362522 -97.2813019403716 35
    endloop
  endfacet
  facet normal 0 0 1
    outer loop
      vertex 11.322819243055504 -96.51384438034168 35
      vertex 33.68421052631579 -44.71491228070175 35
      vertex 10.938331764830071 -96.8749021550995 35
    endloop
  endfacet
  facet normal 0 0 1
    outer loop
      vertex 11.749527461088213 -96.20382271289154 35
      vertex 33.68421052631579 -44.71491228070175 35
      vertex 11.322819243055504 -96.51384438034168 35
    endloop
  endfacet
  facet normal 0 0 1
    outer loop
      vertex 12.211726975426695 -95.94972637964271 35
      vertex 33.68421052631579 -44.71491228070175 35
      vertex 11.749527461088213 -96.20382271289154 35
    endloop
  endfacet
  facet normal 0 0 1
    outer loop
      vertex 12.70212862362522 -95.75556263156035 35
      vertex 33.68421052631579 -44.71491228070175 35
      vertex 12.211726975426695 -95.94972637964271 35
    endloop
  endfacet
  facet normal 0 0 1
    outer loop
      vertex 13.212998478739957 -95.6243935469395 35
      vertex 33.68421052631579 -44.71491228070175 35
      vertex 12.70212862362522 -95.75556263156035 35
    endloop
  endfacet
  facet normal 0 0 1
    outer loop
      vertex 13.736279817976884 -95.55828774060126 35
      vertex 33.68421052631579 -44.71491228070175 35
      vertex 13.212998478739957 -95.6243935469395 35
    endloop
  endfacet
  facet normal 0 0 1
    outer loop
      vertex 14.263720182023116 -95.55828774060126 35
      vertex 33.68421052631579 -44.71491228070175 35
      vertex 13.736279817976884 -95.55828774060126 35
    endloop
  endfacet
  facet normal 0 0 1
    outer loop
      vertex 14.787001521260043 -95.6243935469395 35
      vertex 33.68421052631579 -44.71491228070175 35
      vertex 14.263720182023116 -95.55828774060126 35
    endloop
  endfacet
  facet normal 0 0 1
    outer loop
      vertex 14.787001521260043 -95.6243935469395 35
      vertex 15.29787137637478 -95.75556263156035 35
      vertex 33.68421052631579 -44.71491228070175 35
    endloop
  endfacet
  facet normal 0 0 1
    outer loop
      vertex 15.788273024573305 -95.94972637964271 35
      vertex 33.68421052631579 -44.71491228070175 35
      vertex 15.29787137637478 -95.75556263156035 35
    endloop
  endfacet
  facet normal 0 0 1
    outer loop
      vertex 15.788273024573304 -103.55027362035729 35
      vertex 43.74952746108821 -103.29617728710846 35
      vertex 16.250472538911783 -103.29617728710846 35
    endloop
  endfacet
  facet normal 0 0 1
    outer loop
      vertex 16.250472538911783 -103.29617728710846 35
      vertex 43.322819243055505 -102.98615561965832 35
      vertex 16.677180756944498 -102.98615561965832 35
    endloop
  endfacet
  facet normal 0 0 1
    outer loop
      vertex 16.677180756944498 -102.98615561965832 35
      vertex 42.93833176483007 -102.6250978449005 35
      vertex 17.06166823516993 -102.6250978449005 35
    endloop
  endfacet
  facet normal 0 0 1
    outer loop
      vertex 17.06166823516993 -102.6250978449005 35
      vertex 42.60212862362522 -102.2186980596284 35
      vertex 17.39787137637478 -102.2186980596284 35
    endloop
  endfacet
  facet normal 0 0 1
    outer loop
      vertex 17.39787137637478 -102.2186980596284 35
      vertex 42.319511943815776 -101.7733654312272 35
      vertex 17.680488056184227 -101.7733654312272 35
    endloop
  endfacet
  facet normal 0 0 1
    outer loop
      vertex 17.680488056184227 -101.7733654312272 35
      vertex 42.09493875926935 -101.29612312127564 35
      vertex 17.905061240730657 -101.29612312127566 35
    endloop
  endfacet
  facet normal 0 0 1
    outer loop
      vertex 17.905061240730657 -101.29612312127566 35
      vertex 41.931950723259746 -100.79449752609239 35
      vertex 18.06804927674025 -100.79449752609239 35
    endloop
  endfacet
  facet normal 0 0 1
    outer loop
      vertex 18.06804927674025 -100.79449752609239 35
      vertex 41.833118254479196 -100.27639958097008 35
      vertex 18.166881745520808 -100.27639958097008 35
    endloop
  endfacet
  facet normal 0 0 1
    outer loop
      vertex 18.166881745520808 -100.27639958097008 35
      vertex 41.8 -99.75 35
      vertex 18.2 -99.75 35
    endloop
  endfacet
  facet normal 0 0 1
    outer loop
      vertex 18.2 -99.75 35
      vertex 41.833118254479196 -99.22360041902992 35
      vertex 18.166881745520808 -99.22360041902992 35
    endloop
  endfacet
  facet normal 0 0 1
    outer loop
      vertex 17.905061240730657 -98.20387687872436 35
      vertex 42.319511943815776 -97.7266345687728 35
      vertex 17.680488056184227 -97.7266345687728 35
    endloop
  endfacet
  facet normal 0 0 1
    outer loop
      vertex 18.166881745520808 -99.22360041902992 35
      vertex 41.931950723259746 -98.70550247390761 35
      vertex 18.06804927674025 -98.70550247390761 35
    endloop
  endfacet
  facet normal 0 0 1
    outer loop
      vertex 18.06804927674025 -98.70550247390761 35
      vertex 42.09493875926935 -98.20387687872436 35
      vertex 17.905061240730657 -98.20387687872436 35
    endloop
  endfacet
  facet normal 0 0 1
    outer loop
      vertex 17.06166823516993 -96.8749021550995 35
      vertex 43.322819243055505 -96.51384438034168 35
      vertex 16.677180756944498 -96.51384438034168 35
    endloop
  endfacet
  facet normal 0 0 1
    outer loop
      vertex 16.250472538911787 -96.20382271289154 35
      vertex 44.21172697542669 -95.94972637964271 35
      vertex 15.788273024573305 -95.94972637964271 35
    endloop
  endfacet
  facet normal 0 0 1
    outer loop
      vertex 16.677180756944498 -96.51384438034168 35
      vertex 43.74952746108821 -96.20382271289154 35
      vertex 16.250472538911787 -96.20382271289154 35
    endloop
  endfacet
  facet normal 0 0 1
    outer loop
      vertex 17.680488056184227 -97.7266345687728 35
      vertex 42.60212862362522 -97.2813019403716 35
      vertex 17.39787137637478 -97.2813019403716 35
    endloop
  endfacet
  facet normal 0 0 1
    outer loop
      vertex 17.39787137637478 -97.2813019403716 35
      vertex 42.93833176483007 -96.8749021550995 35
      vertex 17.06166823516993 -96.8749021550995 35
    endloop
  endfacet
  facet normal 0 0 1
    outer loop
      vertex 0 -112.75 35
      vertex 44.70212862362522 -103.74443736843965 35
      vertex 44.21172697542669 -103.55027362035729 35
    endloop
  endfacet
  facet normal 0 0 1
    outer loop
      vertex 0 -112.75 35
      vertex 45.212998478739955 -103.8756064530605 35
      vertex 44.70212862362522 -103.74443736843965 35
    endloop
  endfacet
  facet normal 0 0 -1
    outer loop
      vertex 0 -112.75 -20
      vertex 6.154476394858088 60.735611913964675 -20
      vertex 6.468810464305164 59.76819112325411 -20
    endloop
  endfacet
  facet normal 0 0 -1
    outer loop
      vertex 0 -112.75 -20
      vertex 5.963870919352729 61.73480080812914 -20
      vertex 6.154476394858088 60.735611913964675 -20
    endloop
  endfacet
  facet normal 0 0 -1
    outer loop
      vertex 0 -112.75 -20
      vertex 6.468810464305164 59.76819112325411 -20
      vertex 6.901915891644706 58.847795239776104 -20
    endloop
  endfacet
  facet normal 0 0 -1
    outer loop
      vertex 0 -112.75 -20
      vertex 5.9 62.75 -20
      vertex 5.963870919352729 61.73480080812914 -20
    endloop
  endfacet
  facet normal 0 0 -1
    outer loop
      vertex 0 -112.75 -20
      vertex 6.901915891644706 58.847795239776104 -20
      vertex 7.446962345562926 57.98893945643097 -20
    endloop
  endfacet
  facet normal 0 0 -1
    outer loop
      vertex 0 -112.75 -20
      vertex 7.446962345562926 57.98893945643097 -20
      vertex 8.095354117886565 57.20516844197762 -20
    endloop
  endfacet
  facet normal 0 0 -1
    outer loop
      vertex 0 -112.75 -20
      vertex 8.095354117886565 57.20516844197762 -20
      vertex 8.836865683035615 56.508842733516104 -20
    endloop
  endfacet
  facet normal 0 0 -1
    outer loop
      vertex 0 -112.75 -20
      vertex 8.836865683035615 56.508842733516104 -20
      vertex 9.659802960670127 55.91094380343368 -20
    endloop
  endfacet
  facet normal 0 0 -1
    outer loop
      vertex 0 -112.75 -20
      vertex 9.659802960670127 55.91094380343368 -20
      vertex 10.551187738322913 55.42090087502524 -20
    endloop
  endfacet
  facet normal 0 0 -1
    outer loop
      vertex 0 -112.75 -20
      vertex 10.551187738322913 55.42090087502524 -20
      vertex 11.496962345562926 55.046442218009254 -20
    endloop
  endfacet
  facet normal -1 0 0
    outer loop
      vertex 0 -112.75 -20
      vertex 0 42.75 3
      vertex 0 77.75 -20
    endloop
  endfacet
  facet normal 0 0 -1
    outer loop
      vertex 0 -112.75 -20
      vertex 0 77.75 -20
      vertex 5.9 62.75 -20
    endloop
  endfacet
  facet normal 0 0 -1
    outer loop
      vertex 0 -112.75 -20
      vertex 11.496962345562926 55.046442218009254 -20
      vertex 12.482211351855629 54.793473269097625 -20
    endloop
  endfacet
  facet normal 0 0 -1
    outer loop
      vertex 0 -112.75 -20
      vertex 12.482211351855629 54.793473269097625 -20
      vertex 13.491396791812559 54.665983499731 -20
    endloop
  endfacet
  facet normal 0 0 -1
    outer loop
      vertex 0 -112.75 -20
      vertex 13.491396791812559 54.665983499731 -20
      vertex 14.508603208187441 54.665983499731 -20
    endloop
  endfacet
  facet normal 0 0 -1
    outer loop
      vertex 0 -112.75 -20
      vertex 14.508603208187441 54.665983499731 -20
      vertex 15.517788648144371 54.793473269097625 -20
    endloop
  endfacet
  facet normal 0 0 -1
    outer loop
      vertex 0 -112.75 -20
      vertex 15.517788648144371 54.793473269097625 -20
      vertex 16.503037654437072 55.046442218009254 -20
    endloop
  endfacet
  facet normal 0 0 -1
    outer loop
      vertex 0 -112.75 -20
      vertex 16.503037654437072 55.046442218009254 -20
      vertex 17.448812261677087 55.42090087502524 -20
    endloop
  endfacet
  facet normal 0 0 -1
    outer loop
      vertex 0 -112.75 -20
      vertex 17.448812261677087 55.42090087502524 -20
      vertex 18.34019703932987 55.910943803433675 -20
    endloop
  endfacet
  facet normal 0 0 -1
    outer loop
      vertex 0 -112.75 -20
      vertex 18.34019703932987 55.910943803433675 -20
      vertex 19.16313431696439 56.50884273351611 -20
    endloop
  endfacet
  facet normal 0 0 -1
    outer loop
      vertex 0 77.75 -20
      vertex 5.963870919352729 63.76519919187086 -20
      vertex 5.9 62.75 -20
    endloop
  endfacet
  facet normal 0 0 -1
    outer loop
      vertex 0 77.75 -20
      vertex 6.154476394858088 64.76438808603532 -20
      vertex 5.963870919352729 63.76519919187086 -20
    endloop
  endfacet
  facet normal 0 0 -1
    outer loop
      vertex 0 77.75 -20
      vertex 6.468810464305164 65.73180887674589 -20
      vertex 6.154476394858088 64.76438808603532 -20
    endloop
  endfacet
  facet normal 0 0 -1
    outer loop
      vertex 0 77.75 -20
      vertex 6.901915891644706 66.6522047602239 -20
      vertex 6.468810464305164 65.73180887674589 -20
    endloop
  endfacet
  facet normal 0 0 -1
    outer loop
      vertex 0 77.75 -20
      vertex 7.446962345562926 67.51106054356903 -20
      vertex 6.901915891644706 66.6522047602239 -20
    endloop
  endfacet
  facet normal 0 0 -1
    outer loop
      vertex 0 77.75 -20
      vertex 8.095354117886565 68.29483155802238 -20
      vertex 7.446962345562926 67.51106054356903 -20
    endloop
  endfacet
  facet normal 0 0 -1
    outer loop
      vertex 0 77.75 -20
      vertex 8.836865683035615 68.9911572664839 -20
      vertex 8.095354117886565 68.29483155802238 -20
    endloop
  endfacet
  facet normal 0 0 -1
    outer loop
      vertex 0 77.75 -20
      vertex 9.659802960670127 69.58905619656632 -20
      vertex 8.836865683035615 68.9911572664839 -20
    endloop
  endfacet
  facet normal 0 0 -1
    outer loop
      vertex 0 77.75 -20
      vertex 10.551187738322911 70.07909912497476 -20
      vertex 9.659802960670127 69.58905619656632 -20
    endloop
  endfacet
  facet normal 0 0 -1
    outer loop
      vertex 0 77.75 -20
      vertex 11.496962345562926 70.45355778199074 -20
      vertex 10.551187738322911 70.07909912497476 -20
    endloop
  endfacet
  facet normal 0 0 -1
    outer loop
      vertex 0 77.75 -20
      vertex 12.48221135185563 70.70652673090238 -20
      vertex 11.496962345562926 70.45355778199074 -20
    endloop
  endfacet
  facet normal 0 0 -1
    outer loop
      vertex 0 77.75 -20
      vertex 13.491396791812562 70.834016500269 -20
      vertex 12.48221135185563 70.70652673090238 -20
    endloop
  endfacet
  facet normal 0 0 -1
    outer loop
      vertex 0 77.75 -20
      vertex 14.508603208187438 70.834016500269 -20
      vertex 13.491396791812562 70.834016500269 -20
    endloop
  endfacet
  facet normal -1 0 0
    outer loop
      vertex 0 77.75 -20
      vertex 0 42.75 3
      vertex 0 77.75 35
    endloop
  endfacet
  facet normal 0 0 -1
    outer loop
      vertex 0 -112.75 -20
      vertex 19.16313431696439 56.50884273351611 -20
      vertex 40.83686568303561 56.508842733516104 -20
    endloop
  endfacet
  facet normal 0 0 -1
    outer loop
      vertex 0 -112.75 -20
      vertex 40.83686568303561 56.508842733516104 -20
      vertex 41.65980296067013 55.91094380343368 -20
    endloop
  endfacet
  facet normal 0 0 -1
    outer loop
      vertex 0 -112.75 -20
      vertex 41.65980296067013 55.91094380343368 -20
      vertex 42.551187738322916 55.42090087502524 -20
    endloop
  endfacet
  facet normal 0 0 -1
    outer loop
      vertex 0 -112.75 -20
      vertex 42.551187738322916 55.42090087502524 -20
      vertex 43.49696234556293 55.046442218009254 -20
    endloop
  endfacet
  facet normal 0 0 -1
    outer loop
      vertex 0 -112.75 -20
      vertex 43.49696234556293 55.046442218009254 -20
      vertex 44.48221135185563 54.793473269097625 -20
    endloop
  endfacet
  facet normal 0 0 -1
    outer loop
      vertex 0 -112.75 -20
      vertex 44.48221135185563 54.793473269097625 -20
      vertex 45.49139679181256 54.665983499731 -20
    endloop
  endfacet
  facet normal 0 0 -1
    outer loop
      vertex 16.503037654437072 70.45355778199074 -20
      vertex 42.55118773832291 70.07909912497476 -20
      vertex 17.448812261677087 70.07909912497476 -20
    endloop
  endfacet
  facet normal 0 0 -1
    outer loop
      vertex 17.448812261677087 70.07909912497476 -20
      vertex 41.65980296067013 69.58905619656632 -20
      vertex 18.340197039329873 69.58905619656632 -20
    endloop
  endfacet
  facet normal 0 0 -1
    outer loop
      vertex 18.340197039329873 69.58905619656632 -20
      vertex 40.83686568303561 68.9911572664839 -20
      vertex 19.16313431696439 68.9911572664839 -20
    endloop
  endfacet
  facet normal 0 0 -1
    outer loop
      vertex 0 77.75 -20
      vertex 60 77.75 -20
      vertex 14.508603208187438 70.834016500269 -20
    endloop
  endfacet
  facet normal 0 0 -1
    outer loop
      vertex 19.16313431696439 56.50884273351611 -20
      vertex 19.904645882113435 57.20516844197762 -20
      vertex 40.83686568303561 56.508842733516104 -20
    endloop
  endfacet
  facet normal 0 0 -1
    outer loop
      vertex 19.904645882113435 57.20516844197762 -20
      vertex 20.553037654437073 57.98893945643097 -20
      vertex 40.095354117886565 57.20516844197762 -20
    endloop
  endfacet
  facet normal 0 0 -1
    outer loop
      vertex 20.553037654437073 57.98893945643097 -20
      vertex 21.098084108355295 58.847795239776104 -20
      vertex 39.44696234556292 57.98893945643097 -20
    endloop
  endfacet
  facet normal 0 0 -1
    outer loop
      vertex 21.098084108355295 58.847795239776104 -20
      vertex 21.531189535694836 59.768191123254105 -20
      vertex 38.901915891644705 58.847795239776104 -20
    endloop
  endfacet
  facet normal 0 0 -1
    outer loop
      vertex 21.845523605141913 64.76438808603532 -20
      vertex 21.531189535694836 65.73180887674589 -20
      vertex 38.15447639485809 64.76438808603532 -20
    endloop
  endfacet
  facet normal 0 0 -1
    outer loop
      vertex 21.531189535694836 59.768191123254105 -20
      vertex 21.845523605141913 60.73561191396468 -20
      vertex 38.468810464305164 59.76819112325411 -20
    endloop
  endfacet
  facet normal 0 0 -1
    outer loop
      vertex 22.03612908064727 61.73480080812914 -20
      vertex 38.15447639485809 60.735611913964675 -20
      vertex 21.845523605141913 60.73561191396468 -20
    endloop
  endfacet
  facet normal 0 0 -1
    outer loop
      vertex 22.03612908064727 61.73480080812914 -20
      vertex 22.1 62.75 -20
      vertex 37.96387091935273 61.73480080812914 -20
    endloop
  endfacet
  facet normal 0 0 -1
    outer loop
      vertex 22.1 62.75 -20
      vertex 22.03612908064727 63.76519919187086 -20
      vertex 37.9 62.75 -20
    endloop
  endfacet
  facet normal 0 0 -1
    outer loop
      vertex 21.845523605141913 64.76438808603532 -20
      vertex 37.96387091935273 63.76519919187086 -20
      vertex 22.03612908064727 63.76519919187086 -20
    endloop
  endfacet
  facet normal 0 0 -1
    outer loop
      vertex 19.16313431696439 68.9911572664839 -20
      vertex 40.095354117886565 68.29483155802238 -20
      vertex 19.904645882113435 68.29483155802238 -20
    endloop
  endfacet
  facet normal 0 0 -1
    outer loop
      vertex 19.904645882113435 68.29483155802238 -20
      vertex 39.44696234556292 67.51106054356903 -20
      vertex 20.553037654437073 67.51106054356903 -20
    endloop
  endfacet
  facet normal 0 0 -1
    outer loop
      vertex 20.553037654437073 67.51106054356903 -20
      vertex 38.901915891644705 66.6522047602239 -20
      vertex 21.098084108355295 66.6522047602239 -20
    endloop
  endfacet
  facet normal 0 0 -1
    outer loop
      vertex 21.098084108355295 66.6522047602239 -20
      vertex 38.468810464305164 65.73180887674589 -20
      vertex 21.531189535694836 65.73180887674589 -20
    endloop
  endfacet
  facet normal 0 1 0
    outer loop
      vertex 0 77.75 -20
      vertex 0 77.75 35
      vertex 60 77.75 -20
    endloop
  endfacet
  facet normal -1 0 0
    outer loop
      vertex 0 77.75 35
      vertex 0 42.75 3
      vertex 0 42.75 35
    endloop
  endfacet
  facet normal 0 0 1
    outer loop
      vertex 0 77.75 35
      vertex 0 42.75 35
      vertex 10.319511943815773 60.726634568772795 35
    endloop
  endfacet
  facet normal 0 0 1
    outer loop
      vertex 0 42.75 35
      vertex 10.60212862362522 60.28130194037161 35
      vertex 10.319511943815773 60.726634568772795 35
    endloop
  endfacet
  facet normal 0 0 1
    outer loop
      vertex 0 42.75 35
      vertex 10.938331764830071 59.874902155099505 35
      vertex 10.60212862362522 60.28130194037161 35
    endloop
  endfacet
  facet normal 0 0 1
    outer loop
      vertex 0 42.75 35
      vertex 11.322819243055504 59.51384438034169 35
      vertex 10.938331764830071 59.874902155099505 35
    endloop
  endfacet
  facet normal 0 0 1
    outer loop
      vertex 0 77.75 35
      vertex 9.833118254479192 62.22360041902992 35
      vertex 9.8 62.75 35
    endloop
  endfacet
  facet normal 0 0 1
    outer loop
      vertex 0 77.75 35
      vertex 9.8 62.75 35
      vertex 9.833118254479192 63.27639958097008 35
    endloop
  endfacet
  facet normal 0 0 1
    outer loop
      vertex 0 77.75 35
      vertex 10.094938759269343 61.20387687872435 35
      vertex 9.93195072325975 61.70550247390761 35
    endloop
  endfacet
  facet normal 0 0 1
    outer loop
      vertex 0 77.75 35
      vertex 9.93195072325975 61.70550247390761 35
      vertex 9.833118254479192 62.22360041902992 35
    endloop
  endfacet
  facet normal 0 0 1
    outer loop
      vertex 0 77.75 35
      vertex 10.319511943815773 60.726634568772795 35
      vertex 10.094938759269343 61.20387687872435 35
    endloop
  endfacet
  facet normal 0 0 1
    outer loop
      vertex 0 77.75 35
      vertex 9.833118254479192 63.27639958097008 35
      vertex 9.93195072325975 63.79449752609239 35
    endloop
  endfacet
  facet normal 0 0 1
    outer loop
      vertex 0 77.75 35
      vertex 9.93195072325975 63.79449752609239 35
      vertex 10.094938759269343 64.29612312127564 35
    endloop
  endfacet
  facet normal 0 0 1
    outer loop
      vertex 0 77.75 35
      vertex 10.094938759269343 64.29612312127564 35
      vertex 10.319511943815773 64.7733654312272 35
    endloop
  endfacet
  facet normal 0 0 1
    outer loop
      vertex 0 77.75 35
      vertex 10.319511943815773 64.7733654312272 35
      vertex 10.60212862362522 65.2186980596284 35
    endloop
  endfacet
  facet normal 0 0 1
    outer loop
      vertex 0 77.75 35
      vertex 10.60212862362522 65.2186980596284 35
      vertex 10.938331764830071 65.6250978449005 35
    endloop
  endfacet
  facet normal 0 0 1
    outer loop
      vertex 0 77.75 35
      vertex 10.938331764830071 65.6250978449005 35
      vertex 11.322819243055504 65.98615561965832 35
    endloop
  endfacet
  facet normal 0 0 1
    outer loop
      vertex 0 42.75 35
      vertex 11.749527461088213 59.20382271289154 35
      vertex 11.322819243055504 59.51384438034169 35
    endloop
  endfacet
  facet normal 0 0 1
    outer loop
      vertex 0 42.75 35
      vertex 12.211726975426696 58.94972637964272 35
      vertex 11.749527461088213 59.20382271289154 35
    endloop
  endfacet
  facet normal 0 0 1
    outer loop
      vertex 0 42.75 35
      vertex 12.70212862362522 58.75556263156035 35
      vertex 12.211726975426696 58.94972637964272 35
    endloop
  endfacet
  facet normal 0 0 1
    outer loop
      vertex 0 42.75 35
      vertex 13.212998478739955 58.62439354693951 35
      vertex 12.70212862362522 58.75556263156035 35
    endloop
  endfacet
  facet normal 0 0 1
    outer loop
      vertex 0 42.75 35
      vertex 13.736279817976882 58.55828774060126 35
      vertex 13.212998478739955 58.62439354693951 35
    endloop
  endfacet
  facet normal 0 0 1
    outer loop
      vertex 0 42.75 35
      vertex 14.263720182023118 58.55828774060126 35
      vertex 13.736279817976882 58.55828774060126 35
    endloop
  endfacet
  facet normal 0 0 1
    outer loop
      vertex 0 42.75 35
      vertex 14.787001521260045 58.62439354693951 35
      vertex 14.263720182023118 58.55828774060126 35
    endloop
  endfacet
  facet normal 0 0 1
    outer loop
      vertex 0 42.75 35
      vertex 15.29787137637478 58.75556263156035 35
      vertex 14.787001521260045 58.62439354693951 35
    endloop
  endfacet
  facet normal 0 0 1
    outer loop
      vertex 0 42.75 35
      vertex 15.788273024573304 58.94972637964272 35
      vertex 15.29787137637478 58.75556263156035 35
    endloop
  endfacet
  facet normal 0 0 1
    outer loop
      vertex 0 42.75 35
      vertex 16.250472538911783 59.20382271289154 35
      vertex 15.788273024573304 58.94972637964272 35
    endloop
  endfacet
  facet normal 0 0 1
    outer loop
      vertex 0 77.75 35
      vertex 11.322819243055504 65.98615561965832 35
      vertex 11.749527461088213 66.29617728710846 35
    endloop
  endfacet
  facet normal 0 0 1
    outer loop
      vertex 0 77.75 35
      vertex 11.749527461088213 66.29617728710846 35
      vertex 12.211726975426695 66.55027362035729 35
    endloop
  endfacet
  facet normal 0 0 1
    outer loop
      vertex 0 77.75 35
      vertex 12.211726975426695 66.55027362035729 35
      vertex 12.70212862362522 66.74443736843965 35
    endloop
  endfacet
  facet normal 0 0 1
    outer loop
      vertex 0 77.75 35
      vertex 12.70212862362522 66.74443736843965 35
      vertex 13.212998478739957 66.8756064530605 35
    endloop
  endfacet
  facet normal 0 0 1
    outer loop
      vertex 0 77.75 35
      vertex 13.212998478739957 66.8756064530605 35
      vertex 13.736279817976884 66.94171225939874 35
    endloop
  endfacet
  facet normal 0 0 1
    outer loop
      vertex 0 77.75 35
      vertex 13.736279817976884 66.94171225939874 35
      vertex 14.263720182023116 66.94171225939874 35
    endloop
  endfacet
  facet normal 0 0 1
    outer loop
      vertex 0 42.75 35
      vertex 33.684210526315795 44.71491228070175 35
      vertex 16.250472538911783 59.20382271289154 35
    endloop
  endfacet
  facet normal 0 0 1
    outer loop
      vertex 16.250472538911783 59.20382271289154 35
      vertex 33.684210526315795 44.71491228070175 35
      vertex 16.677180756944498 59.51384438034169 35
    endloop
  endfacet
  facet normal 0 0 1
    outer loop
      vertex 16.677180756944498 59.51384438034169 35
      vertex 33.684210526315795 44.71491228070175 35
      vertex 17.06166823516993 59.874902155099505 35
    endloop
  endfacet
  facet normal 0 0 1
    outer loop
      vertex 0 77.75 35
      vertex 14.263720182023116 66.94171225939874 35
      vertex 45.212998478739955 66.8756064530605 35
    endloop
  endfacet
  facet normal 0 0 1
    outer loop
      vertex 17.06166823516993 59.874902155099505 35
      vertex 33.684210526315795 44.71491228070175 35
      vertex 17.39787137637478 60.28130194037161 35
    endloop
  endfacet
  facet normal 0 0 1
    outer loop
      vertex 17.39787137637478 60.28130194037161 35
      vertex 33.684210526315795 44.71491228070175 35
      vertex 17.680488056184227 60.726634568772795 35
    endloop
  endfacet
  facet normal 0 0 1
    outer loop
      vertex 17.680488056184227 60.726634568772795 35
      vertex 42.09493875926935 61.20387687872435 35
      vertex 17.905061240730657 61.20387687872435 35
    endloop
  endfacet
  facet normal 0 0 1
    outer loop
      vertex 17.905061240730657 61.20387687872435 35
      vertex 41.931950723259746 61.70550247390761 35
      vertex 18.06804927674025 61.705502473907615 35
    endloop
  endfacet
  facet normal 0 0 1
    outer loop
      vertex 18.06804927674025 61.705502473907615 35
      vertex 41.833118254479196 62.22360041902992 35
      vertex 18.166881745520808 62.22360041902992 35
    endloop
  endfacet
  facet normal 0 0 1
    outer loop
      vertex 18.166881745520808 62.22360041902992 35
      vertex 41.8 62.75 35
      vertex 18.2 62.75 35
    endloop
  endfacet
  facet normal 0 0 1
    outer loop
      vertex 18.2 62.75 35
      vertex 41.833118254479196 63.27639958097008 35
      vertex 18.166881745520808 63.27639958097008 35
    endloop
  endfacet
  facet normal 0 0 1
    outer loop
      vertex 18.166881745520808 63.27639958097008 35
      vertex 41.931950723259746 63.79449752609239 35
      vertex 18.06804927674025 63.79449752609239 35
    endloop
  endfacet
  facet normal 0 0 1
    outer loop
      vertex 18.06804927674025 63.79449752609239 35
      vertex 42.09493875926935 64.29612312127564 35
      vertex 17.905061240730657 64.29612312127564 35
    endloop
  endfacet
  facet normal 0 0 1
    outer loop
      vertex 17.680488056184227 64.7733654312272 35
      vertex 42.60212862362522 65.2186980596284 35
      vertex 17.39787137637478 65.2186980596284 35
    endloop
  endfacet
  facet normal 0 0 1
    outer loop
      vertex 17.905061240730657 64.29612312127564 35
      vertex 42.319511943815776 64.7733654312272 35
      vertex 17.680488056184227 64.7733654312272 35
    endloop
  endfacet
  facet normal 0 0 1
    outer loop
      vertex 17.39787137637478 65.2186980596284 35
      vertex 42.93833176483007 65.6250978449005 35
      vertex 17.06166823516993 65.6250978449005 35
    endloop
  endfacet
  facet normal 0 0 1
    outer loop
      vertex 14.787001521260043 66.8756064530605 35
      vertex 45.212998478739955 66.8756064530605 35
      vertex 14.263720182023116 66.94171225939874 35
    endloop
  endfacet
  facet normal 0 0 1
    outer loop
      vertex 14.787001521260043 66.8756064530605 35
      vertex 15.29787137637478 66.74443736843965 35
      vertex 45.212998478739955 66.8756064530605 35
    endloop
  endfacet
  facet normal 0 0 1
    outer loop
      vertex 15.788273024573305 66.55027362035729 35
      vertex 44.70212862362522 66.74443736843965 35
      vertex 15.29787137637478 66.74443736843965 35
    endloop
  endfacet
  facet normal 0 0 1
    outer loop
      vertex 16.250472538911787 66.29617728710846 35
      vertex 44.21172697542669 66.55027362035729 35
      vertex 15.788273024573305 66.55027362035729 35
    endloop
  endfacet
  facet normal 0 0 1
    outer loop
      vertex 16.677180756944498 65.98615561965832 35
      vertex 43.74952746108821 66.29617728710846 35
      vertex 16.250472538911787 66.29617728710846 35
    endloop
  endfacet
  facet normal 0 0 1
    outer loop
      vertex 17.06166823516993 65.6250978449005 35
      vertex 43.322819243055505 65.98615561965832 35
      vertex 16.677180756944498 65.98615561965832 35
    endloop
  endfacet
  facet normal 0 0 -1
    outer loop
      vertex 60 -112.75 -20
      vertex 14.508603208187441 -107.834016500269 -20
      vertex 15.517788648144371 -107.70652673090238 -20
    endloop
  endfacet
  facet normal 0 0 -1
    outer loop
      vertex 60 -112.75 -20
      vertex 15.517788648144371 -107.70652673090238 -20
      vertex 16.503037654437072 -107.45355778199074 -20
    endloop
  endfacet
  facet normal 0 0 -1
    outer loop
      vertex 22.03612908064727 -100.76519919187086 -20
      vertex 37.96387091935273 -100.76519919187086 -20
      vertex 38.15447639485809 -101.76438808603532 -20
    endloop
  endfacet
  facet normal 0 0 -1
    outer loop
      vertex 21.098084108355295 -103.6522047602239 -20
      vertex 38.901915891644705 -103.6522047602239 -20
      vertex 39.44696234556292 -104.51106054356903 -20
    endloop
  endfacet
  facet normal 0 0 -1
    outer loop
      vertex 19.904645882113435 -105.29483155802238 -20
      vertex 40.095354117886565 -105.29483155802238 -20
      vertex 40.83686568303561 -105.9911572664839 -20
    endloop
  endfacet
  facet normal 0 0 -1
    outer loop
      vertex 20.553037654437073 -104.51106054356903 -20
      vertex 39.44696234556292 -104.51106054356903 -20
      vertex 40.095354117886565 -105.29483155802238 -20
    endloop
  endfacet
  facet normal 0 0 -1
    outer loop
      vertex 21.531189535694836 -102.7318088767459 -20
      vertex 38.468810464305164 -102.73180887674589 -20
      vertex 38.901915891644705 -103.6522047602239 -20
    endloop
  endfacet
  facet normal 0 0 -1
    outer loop
      vertex 21.845523605141913 -101.76438808603532 -20
      vertex 38.15447639485809 -101.76438808603532 -20
      vertex 38.468810464305164 -102.73180887674589 -20
    endloop
  endfacet
  facet normal 0 0 -1
    outer loop
      vertex 22.1 -99.75 -20
      vertex 37.9 -99.75 -20
      vertex 37.96387091935273 -100.76519919187086 -20
    endloop
  endfacet
  facet normal 0 0 -1
    outer loop
      vertex 22.03612908064727 -98.73480080812914 -20
      vertex 37.96387091935273 -98.73480080812914 -20
      vertex 37.9 -99.75 -20
    endloop
  endfacet
  facet normal 0 0 -1
    outer loop
      vertex 21.845523605141913 -97.73561191396468 -20
      vertex 38.15447639485809 -97.73561191396468 -20
      vertex 37.96387091935273 -98.73480080812914 -20
    endloop
  endfacet
  facet normal 0 0 -1
    outer loop
      vertex 21.531189535694836 -96.76819112325411 -20
      vertex 38.468810464305164 -96.76819112325411 -20
      vertex 38.15447639485809 -97.73561191396468 -20
    endloop
  endfacet
  facet normal 0 0 -1
    outer loop
      vertex 21.098084108355295 -95.8477952397761 -20
      vertex 38.901915891644705 -95.8477952397761 -20
      vertex 38.468810464305164 -96.76819112325411 -20
    endloop
  endfacet
  facet normal 0 0 -1
    outer loop
      vertex 20.553037654437073 -94.98893945643097 -20
      vertex 39.44696234556292 -94.98893945643097 -20
      vertex 38.901915891644705 -95.8477952397761 -20
    endloop
  endfacet
  facet normal 0 0 -1
    outer loop
      vertex 19.904645882113435 -94.20516844197762 -20
      vertex 40.095354117886565 -94.20516844197762 -20
      vertex 39.44696234556292 -94.98893945643097 -20
    endloop
  endfacet
  facet normal 0 0 -1
    outer loop
      vertex 19.16313431696439 -93.5088427335161 -20
      vertex 40.83686568303561 -93.5088427335161 -20
      vertex 40.095354117886565 -94.20516844197762 -20
    endloop
  endfacet
  facet normal 0 0 -1
    outer loop
      vertex 18.340197039329873 -92.91094380343368 -20
      vertex 41.65980296067013 -92.91094380343368 -20
      vertex 40.83686568303561 -93.5088427335161 -20
    endloop
  endfacet
  facet normal 0 0 -1
    outer loop
      vertex 17.448812261677087 -107.07909912497476 -20
      vertex 42.551187738322916 -107.07909912497476 -20
      vertex 43.49696234556293 -107.45355778199074 -20
    endloop
  endfacet
  facet normal 0 0 -1
    outer loop
      vertex 19.16313431696439 -105.9911572664839 -20
      vertex 40.83686568303561 -105.9911572664839 -20
      vertex 41.65980296067013 -106.58905619656632 -20
    endloop
  endfacet
  facet normal 0 0 -1
    outer loop
      vertex 18.34019703932987 -106.58905619656632 -20
      vertex 41.65980296067013 -106.58905619656632 -20
      vertex 42.551187738322916 -107.07909912497476 -20
    endloop
  endfacet
  facet normal 0 0 -1
    outer loop
      vertex 17.448812261677087 -92.42090087502524 -20
      vertex 42.55118773832291 -92.42090087502524 -20
      vertex 41.65980296067013 -92.91094380343368 -20
    endloop
  endfacet
  facet normal 0 0 -1
    outer loop
      vertex 16.503037654437072 -92.04644221800926 -20
      vertex 43.49696234556293 -92.04644221800926 -20
      vertex 42.55118773832291 -92.42090087502524 -20
    endloop
  endfacet
  facet normal 0 0 -1
    outer loop
      vertex 60 -112.75 -20
      vertex 16.503037654437072 -107.45355778199074 -20
      vertex 43.49696234556293 -107.45355778199074 -20
    endloop
  endfacet
  facet normal 0 -1 0
    outer loop
      vertex 0 -112.75 -20
      vertex 60 -112.75 -20
      vertex 60 -112.75 35
    endloop
  endfacet
  facet normal 0 0 -1
    outer loop
      vertex 60 77.75 -20
      vertex 16.503037654437072 -92.04644221800926 -20
      vertex 15.51778864814437 -91.79347326909762 -20
    endloop
  endfacet
  facet normal 0 0 -1
    outer loop
      vertex 60 77.75 -20
      vertex 15.51778864814437 -91.79347326909762 -20
      vertex 14.508603208187438 -91.665983499731 -20
    endloop
  endfacet
  facet normal 0 0 -1
    outer loop
      vertex 60 77.75 -20
      vertex 43.49696234556293 -92.04644221800926 -20
      vertex 16.503037654437072 -92.04644221800926 -20
    endloop
  endfacet
  facet normal 0 0 -1
    outer loop
      vertex 60 -112.75 -20
      vertex 43.49696234556293 -107.45355778199074 -20
      vertex 44.48221135185563 -107.70652673090238 -20
    endloop
  endfacet
  facet normal 0 0 -1
    outer loop
      vertex 60 -112.75 -20
      vertex 44.48221135185563 -107.70652673090238 -20
      vertex 45.49139679181256 -107.834016500269 -20
    endloop
  endfacet
  facet normal 0 0 -1
    outer loop
      vertex 60 -112.75 -20
      vertex 45.49139679181256 -107.834016500269 -20
      vertex 46.50860320818744 -107.834016500269 -20
    endloop
  endfacet
  facet normal 0 0 -1
    outer loop
      vertex 60 -112.75 -20
      vertex 46.50860320818744 -107.834016500269 -20
      vertex 47.51778864814437 -107.70652673090238 -20
    endloop
  endfacet
  facet normal 0 0 -1
    outer loop
      vertex 60 -112.75 -20
      vertex 47.51778864814437 -107.70652673090238 -20
      vertex 48.50303765443707 -107.45355778199074 -20
    endloop
  endfacet
  facet normal 0 0 -1
    outer loop
      vertex 60 -112.75 -20
      vertex 48.50303765443707 -107.45355778199074 -20
      vertex 49.448812261677084 -107.07909912497476 -20
    endloop
  endfacet
  facet normal 0 0 -1
    outer loop
      vertex 60 -112.75 -20
      vertex 49.448812261677084 -107.07909912497476 -20
      vertex 50.340197039329865 -106.58905619656632 -20
    endloop
  endfacet
  facet normal 0 0 -1
    outer loop
      vertex 60 -112.75 -20
      vertex 50.340197039329865 -106.58905619656632 -20
      vertex 51.16313431696439 -105.9911572664839 -20
    endloop
  endfacet
  facet normal 0 0 -1
    outer loop
      vertex 60 -112.75 -20
      vertex 51.16313431696439 -105.9911572664839 -20
      vertex 51.904645882113435 -105.29483155802238 -20
    endloop
  endfacet
  facet normal 0 0 -1
    outer loop
      vertex 60 -112.75 -20
      vertex 51.904645882113435 -105.29483155802238 -20
      vertex 52.55303765443708 -104.51106054356903 -20
    endloop
  endfacet
  facet normal 0 0 -1
    outer loop
      vertex 60 -112.75 -20
      vertex 52.55303765443708 -104.51106054356903 -20
      vertex 53.098084108355295 -103.6522047602239 -20
    endloop
  endfacet
  facet normal 0 0 -1
    outer loop
      vertex 60 -112.75 -20
      vertex 53.098084108355295 -103.6522047602239 -20
      vertex 53.531189535694836 -102.7318088767459 -20
    endloop
  endfacet
  facet normal 0 0 -1
    outer loop
      vertex 60 -112.75 -20
      vertex 53.531189535694836 -102.7318088767459 -20
      vertex 53.84552360514191 -101.76438808603532 -20
    endloop
  endfacet
  facet normal 0 0 -1
    outer loop
      vertex 60 -112.75 -20
      vertex 53.84552360514191 -101.76438808603532 -20
      vertex 54.03612908064727 -100.76519919187086 -20
    endloop
  endfacet
  facet normal 0 0 -1
    outer loop
      vertex 60 -112.75 -20
      vertex 54.03612908064727 -100.76519919187086 -20
      vertex 54.1 -99.75 -20
    endloop
  endfacet
  facet normal 1 0 0
    outer loop
      vertex 60 -112.75 -20
      vertex 60 -46.25 0
      vertex 60 -46.25 35
    endloop
  endfacet
  facet normal 0 0 -1
    outer loop
      vertex 60 77.75 -20
      vertex 44.48221135185563 -91.79347326909762 -20
      vertex 43.49696234556293 -92.04644221800926 -20
    endloop
  endfacet
  facet normal 0 0 -1
    outer loop
      vertex 60 77.75 -20
      vertex 45.49139679181256 -91.665983499731 -20
      vertex 44.48221135185563 -91.79347326909762 -20
    endloop
  endfacet
  facet normal 0 0 -1
    outer loop
      vertex 60 77.75 -20
      vertex 48.50303765443707 -92.04644221800926 -20
      vertex 47.51778864814437 -91.79347326909762 -20
    endloop
  endfacet
  facet normal 0 0 -1
    outer loop
      vertex 60 77.75 -20
      vertex 46.50860320818744 -91.665983499731 -20
      vertex 45.49139679181256 -91.665983499731 -20
    endloop
  endfacet
  facet normal 0 0 -1
    outer loop
      vertex 60 77.75 -20
      vertex 47.51778864814437 -91.79347326909762 -20
      vertex 46.50860320818744 -91.665983499731 -20
    endloop
  endfacet
  facet normal 0 0 -1
    outer loop
      vertex 60 -112.75 -20
      vertex 54.1 -99.75 -20
      vertex 60 77.75 -20
    endloop
  endfacet
  facet normal 0 0 -1
    outer loop
      vertex 60 77.75 -20
      vertex 49.44881226167709 -92.42090087502524 -20
      vertex 48.50303765443707 -92.04644221800926 -20
    endloop
  endfacet
  facet normal 0 0 -1
    outer loop
      vertex 60 77.75 -20
      vertex 50.34019703932987 -92.91094380343368 -20
      vertex 49.44881226167709 -92.42090087502524 -20
    endloop
  endfacet
  facet normal 0 0 -1
    outer loop
      vertex 60 77.75 -20
      vertex 51.16313431696439 -93.5088427335161 -20
      vertex 50.34019703932987 -92.91094380343368 -20
    endloop
  endfacet
  facet normal 0 0 -1
    outer loop
      vertex 60 77.75 -20
      vertex 51.904645882113435 -94.20516844197762 -20
      vertex 51.16313431696439 -93.5088427335161 -20
    endloop
  endfacet
  facet normal 0 0 -1
    outer loop
      vertex 60 77.75 -20
      vertex 52.55303765443708 -94.98893945643097 -20
      vertex 51.904645882113435 -94.20516844197762 -20
    endloop
  endfacet
  facet normal 0 0 -1
    outer loop
      vertex 60 77.75 -20
      vertex 53.098084108355295 -95.8477952397761 -20
      vertex 52.55303765443708 -94.98893945643097 -20
    endloop
  endfacet
  facet normal 0 0 -1
    outer loop
      vertex 60 77.75 -20
      vertex 54.1 -99.75 -20
      vertex 54.03612908064727 -98.73480080812914 -20
    endloop
  endfacet
  facet normal 0 0 -1
    outer loop
      vertex 60 77.75 -20
      vertex 54.03612908064727 -98.73480080812914 -20
      vertex 53.84552360514191 -97.73561191396468 -20
    endloop
  endfacet
  facet normal 0 0 -1
    outer loop
      vertex 60 77.75 -20
      vertex 53.84552360514191 -97.73561191396468 -20
      vertex 53.531189535694836 -96.76819112325411 -20
    endloop
  endfacet
  facet normal 0 0 -1
    outer loop
      vertex 60 77.75 -20
      vertex 53.531189535694836 -96.76819112325411 -20
      vertex 53.098084108355295 -95.8477952397761 -20
    endloop
  endfacet
  facet normal 1 0 0
    outer loop
      vertex 60 -112.75 -20
      vertex 60 77.75 -20
      vertex 60 -46.25 0
    endloop
  endfacet
  facet normal 0 0 1
    outer loop
      vertex 0 -112.75 35
      vertex 45.73627981797688 -103.94171225939874 35
      vertex 45.212998478739955 -103.8756064530605 35
    endloop
  endfacet
  facet normal 0 0 1
    outer loop
      vertex 0 -112.75 35
      vertex 60 -112.75 35
      vertex 45.73627981797688 -103.94171225939874 35
    endloop
  endfacet
  facet normal 0 0 1
    outer loop
      vertex 17.06166823516993 -102.6250978449005 35
      vertex 42.93833176483007 -102.6250978449005 35
      vertex 42.60212862362522 -102.2186980596284 35
    endloop
  endfacet
  facet normal 0 0 1
    outer loop
      vertex 17.905061240730657 -101.29612312127566 35
      vertex 42.09493875926935 -101.29612312127564 35
      vertex 41.931950723259746 -100.79449752609239 35
    endloop
  endfacet
  facet normal 0 0 1
    outer loop
      vertex 17.680488056184227 -101.7733654312272 35
      vertex 42.319511943815776 -101.7733654312272 35
      vertex 42.09493875926935 -101.29612312127564 35
    endloop
  endfacet
  facet normal 0 0 1
    outer loop
      vertex 17.39787137637478 -102.2186980596284 35
      vertex 42.60212862362522 -102.2186980596284 35
      vertex 42.319511943815776 -101.7733654312272 35
    endloop
  endfacet
  facet normal 0 0 1
    outer loop
      vertex 16.250472538911783 -103.29617728710846 35
      vertex 43.74952746108821 -103.29617728710846 35
      vertex 43.322819243055505 -102.98615561965832 35
    endloop
  endfacet
  facet normal 0 0 1
    outer loop
      vertex 16.677180756944498 -102.98615561965832 35
      vertex 43.322819243055505 -102.98615561965832 35
      vertex 42.93833176483007 -102.6250978449005 35
    endloop
  endfacet
  facet normal 0 0 1
    outer loop
      vertex 15.788273024573304 -103.55027362035729 35
      vertex 44.21172697542669 -103.55027362035729 35
      vertex 43.74952746108821 -103.29617728710846 35
    endloop
  endfacet
  facet normal 0 0 1
    outer loop
      vertex 18.06804927674025 -100.79449752609239 35
      vertex 41.931950723259746 -100.79449752609239 35
      vertex 41.833118254479196 -100.27639958097008 35
    endloop
  endfacet
  facet normal 0 0 1
    outer loop
      vertex 18.166881745520808 -100.27639958097008 35
      vertex 41.833118254479196 -100.27639958097008 35
      vertex 41.8 -99.75 35
    endloop
  endfacet
  facet normal 0 0 1
    outer loop
      vertex 18.2 -99.75 35
      vertex 41.8 -99.75 35
      vertex 41.833118254479196 -99.22360041902992 35
    endloop
  endfacet
  facet normal 0 0 1
    outer loop
      vertex 18.166881745520808 -99.22360041902992 35
      vertex 41.833118254479196 -99.22360041902992 35
      vertex 41.931950723259746 -98.70550247390761 35
    endloop
  endfacet
  facet normal 0 0 1
    outer loop
      vertex 18.06804927674025 -98.70550247390761 35
      vertex 41.931950723259746 -98.70550247390761 35
      vertex 42.09493875926935 -98.20387687872436 35
    endloop
  endfacet
  facet normal 0 0 1
    outer loop
      vertex 17.905061240730657 -98.20387687872436 35
      vertex 42.09493875926935 -98.20387687872436 35
      vertex 42.319511943815776 -97.7266345687728 35
    endloop
  endfacet
  facet normal 0 0 1
    outer loop
      vertex 17.680488056184227 -97.7266345687728 35
      vertex 42.319511943815776 -97.7266345687728 35
      vertex 42.60212862362522 -97.2813019403716 35
    endloop
  endfacet
  facet normal 0 0 1
    outer loop
      vertex 17.39787137637478 -97.2813019403716 35
      vertex 42.60212862362522 -97.2813019403716 35
      vertex 42.93833176483007 -96.8749021550995 35
    endloop
  endfacet
  facet normal 0 0 1
    outer loop
      vertex 17.06166823516993 -96.8749021550995 35
      vertex 42.93833176483007 -96.8749021550995 35
      vertex 43.322819243055505 -96.51384438034168 35
    endloop
  endfacet
  facet normal 0 0 1
    outer loop
      vertex 16.677180756944498 -96.51384438034168 35
      vertex 43.322819243055505 -96.51384438034168 35
      vertex 43.74952746108821 -96.20382271289154 35
    endloop
  endfacet
  facet normal 0 0 1
    outer loop
      vertex 16.250472538911787 -96.20382271289154 35
      vertex 43.74952746108821 -96.20382271289154 35
      vertex 44.21172697542669 -95.94972637964271 35
    endloop
  endfacet
  facet normal 0 0 1
    outer loop
      vertex 15.788273024573305 -95.94972637964271 35
      vertex 44.21172697542669 -95.94972637964271 35
      vertex 33.68421052631579 -44.71491228070175 35
    endloop
  endfacet
  facet normal 0 0 1
    outer loop
      vertex 33.68421052631579 -44.71491228070175 35
      vertex 44.21172697542669 -95.94972637964271 35
      vertex 44.70212862362522 -95.75556263156035 35
    endloop
  endfacet
  facet normal 0 0 1
    outer loop
      vertex 33.68421052631579 -44.71491228070175 35
      vertex 44.70212862362522 -95.75556263156035 35
      vertex 45.212998478739955 -95.6243935469395 35
    endloop
  endfacet
  facet normal 0 0 1
    outer loop
      vertex 33.68421052631579 -44.71491228070175 35
      vertex 45.212998478739955 -95.6243935469395 35
      vertex 45.736279817976886 -95.55828774060126 35
    endloop
  endfacet
  facet normal 0 0 1
    outer loop
      vertex 33.68421052631579 -44.71491228070175 35
      vertex 45.736279817976886 -95.55828774060126 35
      vertex 46.263720182023114 -95.55828774060126 35
    endloop
  endfacet
  facet normal 0 0 1
    outer loop
      vertex 33.68421052631579 -44.71491228070175 35
      vertex 46.263720182023114 -95.55828774060126 35
      vertex 46.787001521260045 -95.6243935469395 35
    endloop
  endfacet
  facet normal 0 0 1
    outer loop
      vertex 33.68421052631579 -44.71491228070175 35
      vertex 46.787001521260045 -95.6243935469395 35
      vertex 47.29787137637478 -95.75556263156035 35
    endloop
  endfacet
  facet normal 0 0 1
    outer loop
      vertex 33.68421052631579 -44.71491228070175 35
      vertex 47.29787137637478 -95.75556263156035 35
      vertex 47.78827302457331 -95.94972637964271 35
    endloop
  endfacet
  facet normal 0 0 1
    outer loop
      vertex 33.68421052631579 -44.71491228070175 35
      vertex 47.78827302457331 -95.94972637964271 35
      vertex 48.25047253891179 -96.20382271289154 35
    endloop
  endfacet
  facet normal 0 0 1
    outer loop
      vertex 33.68421052631579 -44.71491228070175 35
      vertex 48.25047253891179 -96.20382271289154 35
      vertex 48.677180756944495 -96.51384438034168 35
    endloop
  endfacet
  facet normal 0 0 1
    outer loop
      vertex 33.68421052631579 -44.71491228070175 35
      vertex 48.677180756944495 -96.51384438034168 35
      vertex 49.061668235169925 -96.8749021550995 35
    endloop
  endfacet
  facet normal 0 0 1
    outer loop
      vertex 33.68421052631579 -44.71491228070175 35
      vertex 49.061668235169925 -96.8749021550995 35
      vertex 49.39787137637478 -97.2813019403716 35
    endloop
  endfacet
  facet normal 0 0 1
    outer loop
      vertex 33.68421052631579 -44.71491228070175 35
      vertex 49.680488056184224 -97.7266345687728 35
      vertex 49.90506124073065 -98.20387687872436 35
    endloop
  endfacet
  facet normal 0 0 1
    outer loop
      vertex 33.68421052631579 -44.71491228070175 35
      vertex 49.90506124073065 -98.20387687872436 35
      vertex 50.068049276740254 -98.70550247390761 35
    endloop
  endfacet
  facet normal 0 0 1
    outer loop
      vertex 33.68421052631579 -44.71491228070175 35
      vertex 49.39787137637478 -97.2813019403716 35
      vertex 49.680488056184224 -97.7266345687728 35
    endloop
  endfacet
  facet normal 1 0 0
    outer loop
      vertex 60 -112.75 -20
      vertex 60 -46.25 35
      vertex 60 -112.75 35
    endloop
  endfacet
  facet normal 0 0 1
    outer loop
      vertex 60 -112.75 35
      vertex 46.26372018202312 -103.94171225939874 35
      vertex 45.73627981797688 -103.94171225939874 35
    endloop
  endfacet
  facet normal 0 0 1
    outer loop
      vertex 60 -112.75 35
      vertex 46.787001521260045 -103.8756064530605 35
      vertex 46.26372018202312 -103.94171225939874 35
    endloop
  endfacet
  facet normal 0 0 1
    outer loop
      vertex 60 -112.75 35
      vertex 47.29787137637478 -103.74443736843965 35
      vertex 46.787001521260045 -103.8756064530605 35
    endloop
  endfacet
  facet normal 0 0 1
    outer loop
      vertex 60 -112.75 35
      vertex 47.78827302457331 -103.55027362035729 35
      vertex 47.29787137637478 -103.74443736843965 35
    endloop
  endfacet
  facet normal 0 0 1
    outer loop
      vertex 60 -112.75 35
      vertex 48.25047253891179 -103.29617728710846 35
      vertex 47.78827302457331 -103.55027362035729 35
    endloop
  endfacet
  facet normal 0 0 1
    outer loop
      vertex 60 -112.75 35
      vertex 48.677180756944495 -102.98615561965832 35
      vertex 48.25047253891179 -103.29617728710846 35
    endloop
  endfacet
  facet normal 0 0 1
    outer loop
      vertex 60 -112.75 35
      vertex 33.68421052631579 -44.71491228070175 35
      vertex 50.068049276740254 -98.70550247390761 35
    endloop
  endfacet
  facet normal 0 0 1
    outer loop
      vertex 60 -112.75 35
      vertex 60 -46.25 35
      vertex 33.68421052631579 -44.71491228070175 35
    endloop
  endfacet
  facet normal 0 0 1
    outer loop
      vertex 60 -112.75 35
      vertex 49.06166823516993 -102.6250978449005 35
      vertex 48.677180756944495 -102.98615561965832 35
    endloop
  endfacet
  facet normal 0 0 1
    outer loop
      vertex 60 -112.75 35
      vertex 49.39787137637478 -102.2186980596284 35
      vertex 49.06166823516993 -102.6250978449005 35
    endloop
  endfacet
  facet normal 0 0 1
    outer loop
      vertex 60 -112.75 35
      vertex 49.680488056184224 -101.7733654312272 35
      vertex 49.39787137637478 -102.2186980596284 35
    endloop
  endfacet
  facet normal 0 0 1
    outer loop
      vertex 60 -112.75 35
      vertex 49.90506124073065 -101.29612312127566 35
      vertex 49.680488056184224 -101.7733654312272 35
    endloop
  endfacet
  facet normal 0 0 1
    outer loop
      vertex 60 -112.75 35
      vertex 50.068049276740254 -100.79449752609239 35
      vertex 49.90506124073065 -101.29612312127566 35
    endloop
  endfacet
  facet normal 0 0 1
    outer loop
      vertex 60 -112.75 35
      vertex 50.166881745520804 -100.27639958097008 35
      vertex 50.068049276740254 -100.79449752609239 35
    endloop
  endfacet
  facet normal 0 0 1
    outer loop
      vertex 60 -112.75 35
      vertex 50.068049276740254 -98.70550247390761 35
      vertex 50.166881745520804 -99.22360041902992 35
    endloop
  endfacet
  facet normal 0 0 1
    outer loop
      vertex 60 -112.75 35
      vertex 50.2 -99.75 35
      vertex 50.166881745520804 -100.27639958097008 35
    endloop
  endfacet
  facet normal 0 0 1
    outer loop
      vertex 60 -112.75 35
      vertex 50.166881745520804 -99.22360041902992 35
      vertex 50.2 -99.75 35
    endloop
  endfacet
  facet normal 0 0 -1
    outer loop
      vertex 0 -112.75 -20
      vertex 45.49139679181256 54.665983499731 -20
      vertex 46.50860320818744 54.665983499731 -20
    endloop
  endfacet
  facet normal 0 0 -1
    outer loop
      vertex 0 -112.75 -20
      vertex 46.50860320818744 54.665983499731 -20
      vertex 47.51778864814437 54.793473269097625 -20
    endloop
  endfacet
  facet normal 0 0 -1
    outer loop
      vertex 0 -112.75 -20
      vertex 47.51778864814437 54.793473269097625 -20
      vertex 48.50303765443707 55.046442218009254 -20
    endloop
  endfacet
  facet normal 0 0 -1
    outer loop
      vertex 0 -112.75 -20
      vertex 48.50303765443707 55.046442218009254 -20
      vertex 49.448812261677084 55.42090087502524 -20
    endloop
  endfacet
  facet normal 0 0 -1
    outer loop
      vertex 0 -112.75 -20
      vertex 49.448812261677084 55.42090087502524 -20
      vertex 50.340197039329865 55.910943803433675 -20
    endloop
  endfacet
  facet normal 0 0 -1
    outer loop
      vertex 0 -112.75 -20
      vertex 50.340197039329865 55.910943803433675 -20
      vertex 51.16313431696439 56.50884273351611 -20
    endloop
  endfacet
  facet normal 0 0 -1
    outer loop
      vertex 0 -112.75 -20
      vertex 51.16313431696439 56.50884273351611 -20
      vertex 51.904645882113435 57.20516844197762 -20
    endloop
  endfacet
  facet normal 0 0 -1
    outer loop
      vertex 0 -112.75 -20
      vertex 51.904645882113435 57.20516844197762 -20
      vertex 52.55303765443708 57.98893945643097 -20
    endloop
  endfacet
  facet normal 0 0 -1
    outer loop
      vertex 0 -112.75 -20
      vertex 52.55303765443708 57.98893945643097 -20
      vertex 53.098084108355295 58.847795239776104 -20
    endloop
  endfacet
  facet normal 0 0 -1
    outer loop
      vertex 0 -112.75 -20
      vertex 53.098084108355295 58.847795239776104 -20
      vertex 53.531189535694836 59.768191123254105 -20
    endloop
  endfacet
  facet normal 0 0 -1
    outer loop
      vertex 0 -112.75 -20
      vertex 53.531189535694836 59.768191123254105 -20
      vertex 53.84552360514191 60.73561191396468 -20
    endloop
  endfacet
  facet normal 0 0 -1
    outer loop
      vertex 0 -112.75 -20
      vertex 53.84552360514191 60.73561191396468 -20
      vertex 60 77.75 -20
    endloop
  endfacet
  facet normal 0 0 -1
    outer loop
      vertex 21.531189535694836 59.768191123254105 -20
      vertex 38.468810464305164 59.76819112325411 -20
      vertex 38.901915891644705 58.847795239776104 -20
    endloop
  endfacet
  facet normal 0 0 -1
    outer loop
      vertex 21.098084108355295 58.847795239776104 -20
      vertex 38.901915891644705 58.847795239776104 -20
      vertex 39.44696234556292 57.98893945643097 -20
    endloop
  endfacet
  facet normal 0 0 -1
    outer loop
      vertex 20.553037654437073 57.98893945643097 -20
      vertex 39.44696234556292 57.98893945643097 -20
      vertex 40.095354117886565 57.20516844197762 -20
    endloop
  endfacet
  facet normal 0 0 -1
    outer loop
      vertex 19.904645882113435 57.20516844197762 -20
      vertex 40.095354117886565 57.20516844197762 -20
      vertex 40.83686568303561 56.508842733516104 -20
    endloop
  endfacet
  facet normal 0 0 -1
    outer loop
      vertex 22.03612908064727 61.73480080812914 -20
      vertex 37.96387091935273 61.73480080812914 -20
      vertex 38.15447639485809 60.735611913964675 -20
    endloop
  endfacet
  facet normal 0 0 -1
    outer loop
      vertex 22.1 62.75 -20
      vertex 37.9 62.75 -20
      vertex 37.96387091935273 61.73480080812914 -20
    endloop
  endfacet
  facet normal 0 0 -1
    outer loop
      vertex 22.03612908064727 63.76519919187086 -20
      vertex 37.96387091935273 63.76519919187086 -20
      vertex 37.9 62.75 -20
    endloop
  endfacet
  facet normal 0 0 -1
    outer loop
      vertex 21.845523605141913 64.76438808603532 -20
      vertex 38.15447639485809 64.76438808603532 -20
      vertex 37.96387091935273 63.76519919187086 -20
    endloop
  endfacet
  facet normal 0 0 -1
    outer loop
      vertex 21.531189535694836 65.73180887674589 -20
      vertex 38.468810464305164 65.73180887674589 -20
      vertex 38.15447639485809 64.76438808603532 -20
    endloop
  endfacet
  facet normal 0 0 -1
    outer loop
      vertex 21.845523605141913 60.73561191396468 -20
      vertex 38.15447639485809 60.735611913964675 -20
      vertex 38.468810464305164 59.76819112325411 -20
    endloop
  endfacet
  facet normal 0 0 -1
    outer loop
      vertex 60 77.75 -20
      vertex 15.51778864814437 70.70652673090238 -20
      vertex 14.508603208187438 70.834016500269 -20
    endloop
  endfacet
  facet normal 0 0 -1
    outer loop
      vertex 60 77.75 -20
      vertex 16.503037654437072 70.45355778199074 -20
      vertex 15.51778864814437 70.70652673090238 -20
    endloop
  endfacet
  facet normal 0 0 -1
    outer loop
      vertex 21.098084108355295 66.6522047602239 -20
      vertex 38.901915891644705 66.6522047602239 -20
      vertex 38.468810464305164 65.73180887674589 -20
    endloop
  endfacet
  facet normal 0 0 -1
    outer loop
      vertex 20.553037654437073 67.51106054356903 -20
      vertex 39.44696234556292 67.51106054356903 -20
      vertex 38.901915891644705 66.6522047602239 -20
    endloop
  endfacet
  facet normal 0 0 -1
    outer loop
      vertex 19.904645882113435 68.29483155802238 -20
      vertex 40.095354117886565 68.29483155802238 -20
      vertex 39.44696234556292 67.51106054356903 -20
    endloop
  endfacet
  facet normal 0 0 -1
    outer loop
      vertex 19.16313431696439 68.9911572664839 -20
      vertex 40.83686568303561 68.9911572664839 -20
      vertex 40.095354117886565 68.29483155802238 -20
    endloop
  endfacet
  facet normal 0 0 -1
    outer loop
      vertex 18.340197039329873 69.58905619656632 -20
      vertex 41.65980296067013 69.58905619656632 -20
      vertex 40.83686568303561 68.9911572664839 -20
    endloop
  endfacet
  facet normal 0 0 -1
    outer loop
      vertex 17.448812261677087 70.07909912497476 -20
      vertex 42.55118773832291 70.07909912497476 -20
      vertex 41.65980296067013 69.58905619656632 -20
    endloop
  endfacet
  facet normal 0 0 -1
    outer loop
      vertex 60 77.75 -20
      vertex 42.55118773832291 70.07909912497476 -20
      vertex 16.503037654437072 70.45355778199074 -20
    endloop
  endfacet
  facet normal 1 0 0
    outer loop
      vertex 60 77.75 -20
      vertex 60 46.25 0
      vertex 60 -46.25 0
    endloop
  endfacet
  facet normal 0 0 -1
    outer loop
      vertex 60 77.75 -20
      vertex 43.49696234556293 70.45355778199074 -20
      vertex 42.55118773832291 70.07909912497476 -20
    endloop
  endfacet
  facet normal 0 0 -1
    outer loop
      vertex 60 77.75 -20
      vertex 44.48221135185563 70.70652673090238 -20
      vertex 43.49696234556293 70.45355778199074 -20
    endloop
  endfacet
  facet normal 0 0 -1
    outer loop
      vertex 60 77.75 -20
      vertex 45.49139679181256 70.834016500269 -20
      vertex 44.48221135185563 70.70652673090238 -20
    endloop
  endfacet
  facet normal 0 0 -1
    outer loop
      vertex 60 77.75 -20
      vertex 46.50860320818744 70.834016500269 -20
      vertex 45.49139679181256 70.834016500269 -20
    endloop
  endfacet
  facet normal 0 0 -1
    outer loop
      vertex 60 77.75 -20
      vertex 47.51778864814437 70.70652673090238 -20
      vertex 46.50860320818744 70.834016500269 -20
    endloop
  endfacet
  facet normal 0 0 -1
    outer loop
      vertex 60 77.75 -20
      vertex 48.50303765443707 70.45355778199074 -20
      vertex 47.51778864814437 70.70652673090238 -20
    endloop
  endfacet
  facet normal 0 0 -1
    outer loop
      vertex 60 77.75 -20
      vertex 51.904645882113435 68.29483155802238 -20
      vertex 51.16313431696439 68.9911572664839 -20
    endloop
  endfacet
  facet normal 0 0 -1
    outer loop
      vertex 60 77.75 -20
      vertex 49.44881226167709 70.07909912497476 -20
      vertex 48.50303765443707 70.45355778199074 -20
    endloop
  endfacet
  facet normal 0 0 -1
    outer loop
      vertex 60 77.75 -20
      vertex 50.34019703932987 69.58905619656632 -20
      vertex 49.44881226167709 70.07909912497476 -20
    endloop
  endfacet
  facet normal 0 0 -1
    outer loop
      vertex 60 77.75 -20
      vertex 51.16313431696439 68.9911572664839 -20
      vertex 50.34019703932987 69.58905619656632 -20
    endloop
  endfacet
  facet normal 0 0 -1
    outer loop
      vertex 60 77.75 -20
      vertex 52.55303765443708 67.51106054356903 -20
      vertex 51.904645882113435 68.29483155802238 -20
    endloop
  endfacet
  facet normal 0 0 -1
    outer loop
      vertex 60 77.75 -20
      vertex 53.098084108355295 66.6522047602239 -20
      vertex 52.55303765443708 67.51106054356903 -20
    endloop
  endfacet
  facet normal 0 0 -1
    outer loop
      vertex 60 77.75 -20
      vertex 53.84552360514191 60.73561191396468 -20
      vertex 54.03612908064727 61.73480080812914 -20
    endloop
  endfacet
  facet normal 0 0 -1
    outer loop
      vertex 60 77.75 -20
      vertex 54.03612908064727 63.76519919187086 -20
      vertex 53.84552360514191 64.76438808603532 -20
    endloop
  endfacet
  facet normal 0 0 -1
    outer loop
      vertex 60 77.75 -20
      vertex 54.03612908064727 61.73480080812914 -20
      vertex 54.1 62.75 -20
    endloop
  endfacet
  facet normal 0 0 -1
    outer loop
      vertex 60 77.75 -20
      vertex 54.1 62.75 -20
      vertex 54.03612908064727 63.76519919187086 -20
    endloop
  endfacet
  facet normal 0 0 -1
    outer loop
      vertex 60 77.75 -20
      vertex 53.531189535694836 65.73180887674589 -20
      vertex 53.098084108355295 66.6522047602239 -20
    endloop
  endfacet
  facet normal 0 0 -1
    outer loop
      vertex 60 77.75 -20
      vertex 53.84552360514191 64.76438808603532 -20
      vertex 53.531189535694836 65.73180887674589 -20
    endloop
  endfacet
  facet normal 1 0 0
    outer loop
      vertex 60 77.75 -20
      vertex 60 77.75 35
      vertex 60 46.25 0
    endloop
  endfacet
  facet normal 0 1 0
    outer loop
      vertex 0 77.75 35
      vertex 60 77.75 35
      vertex 60 77.75 -20
    endloop
  endfacet
  facet normal 0 0 1
    outer loop
      vertex 17.680488056184227 60.726634568772795 35
      vertex 33.684210526315795 44.71491228070175 35
      vertex 42.319511943815776 60.726634568772795 35
    endloop
  endfacet
  facet normal 0 0 1
    outer loop
      vertex 0 77.75 35
      vertex 45.212998478739955 66.8756064530605 35
      vertex 45.736279817976886 66.94171225939874 35
    endloop
  endfacet
  facet normal 0 0 1
    outer loop
      vertex 17.905061240730657 61.20387687872435 35
      vertex 42.09493875926935 61.20387687872435 35
      vertex 41.931950723259746 61.70550247390761 35
    endloop
  endfacet
  facet normal 0 0 1
    outer loop
      vertex 17.680488056184227 60.726634568772795 35
      vertex 42.319511943815776 60.726634568772795 35
      vertex 42.09493875926935 61.20387687872435 35
    endloop
  endfacet
  facet normal 0 0 1
    outer loop
      vertex 18.06804927674025 61.705502473907615 35
      vertex 41.931950723259746 61.70550247390761 35
      vertex 41.833118254479196 62.22360041902992 35
    endloop
  endfacet
  facet normal 0 0 1
    outer loop
      vertex 18.166881745520808 62.22360041902992 35
      vertex 41.833118254479196 62.22360041902992 35
      vertex 41.8 62.75 35
    endloop
  endfacet
  facet normal 0 0 1
    outer loop
      vertex 18.2 62.75 35
      vertex 41.8 62.75 35
      vertex 41.833118254479196 63.27639958097008 35
    endloop
  endfacet
  facet normal 0 0 1
    outer loop
      vertex 18.166881745520808 63.27639958097008 35
      vertex 41.833118254479196 63.27639958097008 35
      vertex 41.931950723259746 63.79449752609239 35
    endloop
  endfacet
  facet normal 0 0 1
    outer loop
      vertex 18.06804927674025 63.79449752609239 35
      vertex 41.931950723259746 63.79449752609239 35
      vertex 42.09493875926935 64.29612312127564 35
    endloop
  endfacet
  facet normal 0 0 1
    outer loop
      vertex 17.905061240730657 64.29612312127564 35
      vertex 42.09493875926935 64.29612312127564 35
      vertex 42.319511943815776 64.7733654312272 35
    endloop
  endfacet
  facet normal 0 0 1
    outer loop
      vertex 17.680488056184227 64.7733654312272 35
      vertex 42.319511943815776 64.7733654312272 35
      vertex 42.60212862362522 65.2186980596284 35
    endloop
  endfacet
  facet normal 0 0 1
    outer loop
      vertex 17.39787137637478 65.2186980596284 35
      vertex 42.60212862362522 65.2186980596284 35
      vertex 42.93833176483007 65.6250978449005 35
    endloop
  endfacet
  facet normal 0 0 1
    outer loop
      vertex 17.06166823516993 65.6250978449005 35
      vertex 42.93833176483007 65.6250978449005 35
      vertex 43.322819243055505 65.98615561965832 35
    endloop
  endfacet
  facet normal 0 0 1
    outer loop
      vertex 16.677180756944498 65.98615561965832 35
      vertex 43.322819243055505 65.98615561965832 35
      vertex 43.74952746108821 66.29617728710846 35
    endloop
  endfacet
  facet normal 0 0 1
    outer loop
      vertex 16.250472538911787 66.29617728710846 35
      vertex 43.74952746108821 66.29617728710846 35
      vertex 44.21172697542669 66.55027362035729 35
    endloop
  endfacet
  facet normal 0 0 1
    outer loop
      vertex 15.788273024573305 66.55027362035729 35
      vertex 44.21172697542669 66.55027362035729 35
      vertex 44.70212862362522 66.74443736843965 35
    endloop
  endfacet
  facet normal 0 0 1
    outer loop
      vertex 15.29787137637478 66.74443736843965 35
      vertex 44.70212862362522 66.74443736843965 35
      vertex 45.212998478739955 66.8756064530605 35
    endloop
  endfacet
  facet normal 0 0 1
    outer loop
      vertex 0 77.75 35
      vertex 45.736279817976886 66.94171225939874 35
      vertex 60 77.75 35
    endloop
  endfacet
  facet normal 0 0 1
    outer loop
      vertex 42.319511943815776 60.726634568772795 35
      vertex 33.684210526315795 44.71491228070175 35
      vertex 42.60212862362522 60.28130194037161 35
    endloop
  endfacet
  facet normal 0 0 1
    outer loop
      vertex 42.60212862362522 60.28130194037161 35
      vertex 33.684210526315795 44.71491228070175 35
      vertex 42.93833176483007 59.874902155099505 35
    endloop
  endfacet
  facet normal 0 0 1
    outer loop
      vertex 42.93833176483007 59.874902155099505 35
      vertex 33.684210526315795 44.71491228070175 35
      vertex 43.322819243055505 59.51384438034169 35
    endloop
  endfacet
  facet normal 0 0 1
    outer loop
      vertex 43.322819243055505 59.51384438034169 35
      vertex 33.684210526315795 44.71491228070175 35
      vertex 43.74952746108821 59.20382271289154 35
    endloop
  endfacet
  facet normal 0 0 1
    outer loop
      vertex 43.74952746108821 59.20382271289154 35
      vertex 33.684210526315795 44.71491228070175 35
      vertex 44.21172697542669 58.94972637964272 35
    endloop
  endfacet
  facet normal 0 0 1
    outer loop
      vertex 44.21172697542669 58.94972637964272 35
      vertex 33.684210526315795 44.71491228070175 35
      vertex 44.70212862362522 58.75556263156035 35
    endloop
  endfacet
  facet normal 0 0 1
    outer loop
      vertex 33.684210526315795 44.71491228070175 35
      vertex 45.212998478739955 58.62439354693951 35
      vertex 44.70212862362522 58.75556263156035 35
    endloop
  endfacet
  facet normal 0 0 1
    outer loop
      vertex 33.684210526315795 44.71491228070175 35
      vertex 45.73627981797688 58.55828774060126 35
      vertex 45.212998478739955 58.62439354693951 35
    endloop
  endfacet
  facet normal 0 0 1
    outer loop
      vertex 33.684210526315795 44.71491228070175 35
      vertex 46.26372018202312 58.55828774060126 35
      vertex 45.73627981797688 58.55828774060126 35
    endloop
  endfacet
  facet normal 0 0 1
    outer loop
      vertex 33.684210526315795 44.71491228070175 35
      vertex 46.787001521260045 58.62439354693951 35
      vertex 46.26372018202312 58.55828774060126 35
    endloop
  endfacet
  facet normal 0 0 1
    outer loop
      vertex 33.684210526315795 44.71491228070175 35
      vertex 47.29787137637478 58.75556263156035 35
      vertex 46.787001521260045 58.62439354693951 35
    endloop
  endfacet
  facet normal 0 0 1
    outer loop
      vertex 33.684210526315795 44.71491228070175 35
      vertex 47.78827302457331 58.94972637964272 35
      vertex 47.29787137637478 58.75556263156035 35
    endloop
  endfacet
  facet normal 0 0 1
    outer loop
      vertex 60 46.25 35
      vertex 47.78827302457331 58.94972637964272 35
      vertex 33.684210526315795 44.71491228070175 35
    endloop
  endfacet
  facet normal 0 0 1
    outer loop
      vertex 60 46.25 35
      vertex 48.25047253891179 59.20382271289154 35
      vertex 47.78827302457331 58.94972637964272 35
    endloop
  endfacet
  facet normal 0 0 1
    outer loop
      vertex 60 46.25 35
      vertex 48.677180756944495 59.51384438034169 35
      vertex 48.25047253891179 59.20382271289154 35
    endloop
  endfacet
  facet normal 0 0 1
    outer loop
      vertex 60 77.75 35
      vertex 45.736279817976886 66.94171225939874 35
      vertex 46.263720182023114 66.94171225939874 35
    endloop
  endfacet
  facet normal 0 0 1
    outer loop
      vertex 60 77.75 35
      vertex 46.263720182023114 66.94171225939874 35
      vertex 46.787001521260045 66.8756064530605 35
    endloop
  endfacet
  facet normal 0 0 1
    outer loop
      vertex 60 77.75 35
      vertex 46.787001521260045 66.8756064530605 35
      vertex 47.29787137637478 66.74443736843965 35
    endloop
  endfacet
  facet normal 0 0 1
    outer loop
      vertex 60 77.75 35
      vertex 47.78827302457331 66.55027362035729 35
      vertex 48.25047253891179 66.29617728710846 35
    endloop
  endfacet
  facet normal 0 0 1
    outer loop
      vertex 60 77.75 35
      vertex 47.29787137637478 66.74443736843965 35
      vertex 47.78827302457331 66.55027362035729 35
    endloop
  endfacet
  facet normal 0 0 1
    outer loop
      vertex 60 77.75 35
      vertex 48.25047253891179 66.29617728710846 35
      vertex 48.677180756944495 65.98615561965832 35
    endloop
  endfacet
  facet normal 1 0 0
    outer loop
      vertex 60 77.75 35
      vertex 60 46.25 35
      vertex 60 46.25 0
    endloop
  endfacet
  facet normal 0 0 1
    outer loop
      vertex 60 46.25 35
      vertex 49.06166823516993 59.874902155099505 35
      vertex 48.677180756944495 59.51384438034169 35
    endloop
  endfacet
  facet normal 0 0 1
    outer loop
      vertex 60 46.25 35
      vertex 49.39787137637478 60.28130194037161 35
      vertex 49.06166823516993 59.874902155099505 35
    endloop
  endfacet
  facet normal 0 0 1
    outer loop
      vertex 60 46.25 35
      vertex 49.680488056184224 60.726634568772795 35
      vertex 49.39787137637478 60.28130194037161 35
    endloop
  endfacet
  facet normal 0 0 1
    outer loop
      vertex 60 46.25 35
      vertex 49.90506124073065 61.20387687872435 35
      vertex 49.680488056184224 60.726634568772795 35
    endloop
  endfacet
  facet normal 0 0 1
    outer loop
      vertex 60 46.25 35
      vertex 50.068049276740254 61.705502473907615 35
      vertex 49.90506124073065 61.20387687872435 35
    endloop
  endfacet
  facet normal 0 0 1
    outer loop
      vertex 60 46.25 35
      vertex 50.166881745520804 62.22360041902992 35
      vertex 50.068049276740254 61.705502473907615 35
    endloop
  endfacet
  facet normal 0 0 1
    outer loop
      vertex 60 46.25 35
      vertex 50.2 62.75 35
      vertex 50.166881745520804 62.22360041902992 35
    endloop
  endfacet
  facet normal 0 0 1
    outer loop
      vertex 60 77.75 35
      vertex 50.068049276740254 63.79449752609239 35
      vertex 50.166881745520804 63.27639958097008 35
    endloop
  endfacet
  facet normal 0 0 1
    outer loop
      vertex 60 77.75 35
      vertex 49.90506124073065 64.29612312127564 35
      vertex 50.068049276740254 63.79449752609239 35
    endloop
  endfacet
  facet normal 0 0 1
    outer loop
      vertex 60 77.75 35
      vertex 48.677180756944495 65.98615561965832 35
      vertex 49.061668235169925 65.6250978449005 35
    endloop
  endfacet
  facet normal 0 0 1
    outer loop
      vertex 60 77.75 35
      vertex 49.061668235169925 65.6250978449005 35
      vertex 49.39787137637478 65.2186980596284 35
    endloop
  endfacet
  facet normal 0 0 1
    outer loop
      vertex 60 77.75 35
      vertex 49.39787137637478 65.2186980596284 35
      vertex 49.680488056184224 64.7733654312272 35
    endloop
  endfacet
  facet normal 0 0 1
    outer loop
      vertex 60 77.75 35
      vertex 49.680488056184224 64.7733654312272 35
      vertex 49.90506124073065 64.29612312127564 35
    endloop
  endfacet
  facet normal 0 0 1
    outer loop
      vertex 60 77.75 35
      vertex 50.166881745520804 63.27639958097008 35
      vertex 50.2 62.75 35
    endloop
  endfacet
  facet normal 0 0 1
    outer loop
      vertex 60 77.75 35
      vertex 50.2 62.75 35
      vertex 60 46.25 35
    endloop
  endfacet
endsolid OpenSCAD_Model
