solid OpenSCAD_Model
  facet normal -0.7771459589704364 -0.6293203941204519 0
    outer loop
      vertex -88.45886895060539 -85.51478363573551 0
      vertex -88.85410196334124 -85.02671151608229 2
      vertex -88.85410196334124 -85.02671151608229 0
    endloop
  endfacet
  facet normal -0.5446390406067345 -0.8386705643141267 0
    outer loop
      vertex -87.52671151608229 -86.35410196334124 0
      vertex -87 -86.69615242630243 0
      vertex -87.52671151608229 -86.35410196334124 2
    endloop
  endfacet
  facet normal -0.4539904916265432 -0.8910065283221497 0
    outer loop
      vertex -87 -86.69615242630243 0
      vertex -86.44041986018419 -86.98127274215221 0
      vertex -87 -86.69615242630243 2
    endloop
  endfacet
  facet normal -0.7071067811865475 -0.7071067811865475 0
    outer loop
      vertex -88.45886895060539 -85.51478363573551 0
      vertex -88.01478363573551 -85.95886895060539 0
      vertex -88.45886895060539 -85.51478363573551 2
    endloop
  endfacet
  facet normal -0.6293203941204519 -0.7771459589704364 0
    outer loop
      vertex -87.52671151608229 -86.35410196334124 0
      vertex -88.01478363573551 -85.95886895060539 2
      vertex -88.01478363573551 -85.95886895060539 0
    endloop
  endfacet
  facet normal -0.8386705643141267 -0.5446390406067345 0
    outer loop
      vertex -88.85410196334124 -85.02671151608229 0
      vertex -88.85410196334124 -85.02671151608229 2
      vertex -89.19615242630243 -84.5 2
    endloop
  endfacet
  facet normal -0.7771459589704364 -0.6293203941204519 0
    outer loop
      vertex -88.45886895060539 -85.51478363573551 0
      vertex -88.45886895060539 -85.51478363573551 2
      vertex -88.85410196334124 -85.02671151608229 2
    endloop
  endfacet
  facet normal -0.6293203941204519 -0.7771459589704364 0
    outer loop
      vertex -87.52671151608229 -86.35410196334124 0
      vertex -87.52671151608229 -86.35410196334124 2
      vertex -88.01478363573551 -85.95886895060539 2
    endloop
  endfacet
  facet normal -0.5446390406067345 -0.8386705643141267 0
    outer loop
      vertex -87 -86.69615242630243 0
      vertex -87 -86.69615242630243 2
      vertex -87.52671151608229 -86.35410196334124 2
    endloop
  endfacet
  facet normal -0.7071067811865475 -0.7071067811865475 0
    outer loop
      vertex -88.01478363573551 -85.95886895060539 0
      vertex -88.01478363573551 -85.95886895060539 2
      vertex -88.45886895060539 -85.51478363573551 2
    endloop
  endfacet
  facet normal -0.8910065283221497 -0.4539904916265432 0
    outer loop
      vertex -89.19615242630243 -84.5 0
      vertex -89.48127274215221 -83.94041986018419 2
      vertex -89.48127274215221 -83.94041986018419 0
    endloop
  endfacet
  facet normal -0.9335804250773434 -0.35836795324415743 0
    outer loop
      vertex -89.48127274215221 -83.94041986018419 0
      vertex -89.70633909851313 -83.35410196334124 2
      vertex -89.70633909851313 -83.35410196334124 0
    endloop
  endfacet
  facet normal -0.8386705643141267 -0.5446390406067345 0
    outer loop
      vertex -88.85410196334124 -85.02671151608229 0
      vertex -89.19615242630243 -84.5 2
      vertex -89.19615242630243 -84.5 0
    endloop
  endfacet
  facet normal -0.9659258251084867 -0.25881904950851087 0
    outer loop
      vertex -89.70633909851313 -83.35410196334124 0
      vertex -89.86888560652733 -82.74747014790773 2
      vertex -89.86888560652733 -82.74747014790773 0
    endloop
  endfacet
  facet normal -0.9876883421006547 -0.15643445553477123 0
    outer loop
      vertex -89.86888560652733 -82.74747014790773 0
      vertex -89.9671313688159 -82.12717077881098 2
      vertex -89.9671313688159 -82.12717077881098 0
    endloop
  endfacet
  facet normal 0 0 -1
    outer loop
      vertex -89.48127274215221 -83.94041986018419 0
      vertex -89.70633909851313 -83.35410196334124 0
      vertex -83.73090620985161 -83.38791569515574 0
    endloop
  endfacet
  facet normal 0 0 -1
    outer loop
      vertex -89.19615242630243 -84.5 0
      vertex -89.48127274215221 -83.94041986018419 0
      vertex -82.875 -83.94374768689828 0
    endloop
  endfacet
  facet normal 0 0 -1
    outer loop
      vertex -89.70633909851313 -83.35410196334124 0
      vertex -89.86888560652733 -82.74747014790773 0
      vertex -84.52402341199887 -82.7456620484046 0
    endloop
  endfacet
  facet normal 0 0 -1
    outer loop
      vertex -89.86888560652733 -82.74747014790773 0
      vertex -89.9671313688159 -82.12717077881098 0
      vertex -84.52402341199887 -82.7456620484046 0
    endloop
  endfacet
  facet normal -0.8910065283221497 -0.4539904916265432 0
    outer loop
      vertex -89.19615242630243 -84.5 0
      vertex -89.19615242630243 -84.5 2
      vertex -89.48127274215221 -83.94041986018419 2
    endloop
  endfacet
  facet normal -0.9335804250773434 -0.35836795324415743 0
    outer loop
      vertex -89.48127274215221 -83.94041986018419 0
      vertex -89.48127274215221 -83.94041986018419 2
      vertex -89.70633909851313 -83.35410196334124 2
    endloop
  endfacet
  facet normal -0.9659258251084867 -0.25881904950851087 0
    outer loop
      vertex -89.70633909851313 -83.35410196334124 0
      vertex -89.70633909851313 -83.35410196334124 2
      vertex -89.86888560652733 -82.74747014790773 2
    endloop
  endfacet
  facet normal -0.9876883421006547 -0.15643445553477123 0
    outer loop
      vertex -89.86888560652733 -82.74747014790773 0
      vertex -89.86888560652733 -82.74747014790773 2
      vertex -89.9671313688159 -82.12717077881098 2
    endloop
  endfacet
  facet normal -0.35836795324415743 -0.9335804250773434 0
    outer loop
      vertex -86.44041986018419 -86.98127274215221 0
      vertex -85.85410196334124 -87.20633909851313 0
      vertex -86.44041986018419 -86.98127274215221 2
    endloop
  endfacet
  facet normal -0.25881904950851087 -0.9659258251084867 0
    outer loop
      vertex -85.85410196334124 -87.20633909851313 0
      vertex -85.24747014790773 -87.36888560652733 0
      vertex -85.85410196334124 -87.20633909851313 2
    endloop
  endfacet
  facet normal 0 0 -1
    outer loop
      vertex -88.85410196334124 -85.02671151608229 0
      vertex -89.19615242630243 -84.5 0
      vertex -81.01291569515574 -84.77280103387774 0
    endloop
  endfacet
  facet normal 0 0 -1
    outer loop
      vertex -88.45886895060539 -85.51478363573551 0
      vertex -88.85410196334124 -85.02671151608229 0
      vertex -79.01915251685962 -85.19658847984067 0
    endloop
  endfacet
  facet normal -0.15643445553477123 -0.9876883421006547 0
    outer loop
      vertex -85.24747014790773 -87.36888560652733 0
      vertex -84.62717077881098 -87.4671313688159 0
      vertex -85.24747014790773 -87.36888560652733 2
    endloop
  endfacet
  facet normal -0.052335961698072614 -0.9986295344686826 0
    outer loop
      vertex -84.62717077881098 -87.4671313688159 0
      vertex -84 -87.5 0
      vertex -84.62717077881098 -87.4671313688159 2
    endloop
  endfacet
  facet normal -0.4539904916265432 -0.8910065283221497 0
    outer loop
      vertex -86.44041986018419 -86.98127274215221 0
      vertex -86.44041986018419 -86.98127274215221 2
      vertex -87 -86.69615242630243 2
    endloop
  endfacet
  facet normal -0.35836795324415743 -0.9335804250773434 0
    outer loop
      vertex -85.85410196334124 -87.20633909851313 0
      vertex -85.85410196334124 -87.20633909851313 2
      vertex -86.44041986018419 -86.98127274215221 2
    endloop
  endfacet
  facet normal -0.25881904950851087 -0.9659258251084867 0
    outer loop
      vertex -85.24747014790773 -87.36888560652733 0
      vertex -85.24747014790773 -87.36888560652733 2
      vertex -85.85410196334124 -87.20633909851313 2
    endloop
  endfacet
  facet normal -0.15643445553477123 -0.9876883421006547 0
    outer loop
      vertex -84.62717077881098 -87.4671313688159 0
      vertex -84.62717077881098 -87.4671313688159 2
      vertex -85.24747014790773 -87.36888560652733 2
    endloop
  endfacet
  facet normal -0.052335961698072614 -0.9986295344686826 0
    outer loop
      vertex -84 -87.5 0
      vertex -84 -87.5 2
      vertex -84.62717077881098 -87.4671313688159 2
    endloop
  endfacet
  facet normal 0 0 -1
    outer loop
      vertex -89.48127274215221 -83.94041986018419 0
      vertex -83.73090620985161 -83.38791569515574 0
      vertex -82.875 -83.94374768689828 0
    endloop
  endfacet
  facet normal 0 0 -1
    outer loop
      vertex -89.70633909851313 -83.35410196334124 0
      vertex -84.52402341199887 -82.7456620484046 0
      vertex -83.73090620985161 -83.38791569515574 0
    endloop
  endfacet
  facet normal 0 0 -1
    outer loop
      vertex -89.9671313688159 -82.12717077881098 0
      vertex -85.2456620484046 -82.02402341199887 0
      vertex -84.52402341199887 -82.7456620484046 0
    endloop
  endfacet
  facet normal 0 0 -1
    outer loop
      vertex -89.19615242630243 -84.5 0
      vertex -82.875 -83.94374768689828 0
      vertex -81.96568226998905 -84.40706821201536 0
    endloop
  endfacet
  facet normal 0 0 -1
    outer loop
      vertex -89.19615242630243 -84.5 0
      vertex -81.96568226998905 -84.40706821201536 0
      vertex -81.01291569515574 -84.77280103387774 0
    endloop
  endfacet
  facet normal 0.7071067811865475 0.7071067811865475 0
    outer loop
      vertex -85.2456620484046 -82.02402341199887 9.99
      vertex -84.52402341199887 -82.7456620484046 0
      vertex -85.2456620484046 -82.02402341199887 0
    endloop
  endfacet
  facet normal 0.629320391049836 0.7771459614569721 0
    outer loop
      vertex -84.52402341199887 -82.7456620484046 9.99
      vertex -83.73090620985161 -83.38791569515574 0
      vertex -84.52402341199887 -82.7456620484046 0
    endloop
  endfacet
  facet normal 0 0 -1
    outer loop
      vertex -89.9671313688159 -82.12717077881098 0
      vertex -90 -81.5 0
      vertex -85.2456620484046 -82.02402341199887 0
    endloop
  endfacet
  facet normal -0.9986295344686826 -0.052335961698072614 0
    outer loop
      vertex -89.9671313688159 -82.12717077881098 0
      vertex -90 -81.5 2
      vertex -90 -81.5 0
    endloop
  endfacet
  facet normal 0 0 -1
    outer loop
      vertex -90 -81.5 0
      vertex -85.88791569515574 -81.23090620985161 0
      vertex -85.2456620484046 -82.02402341199887 0
    endloop
  endfacet
  facet normal 0 0 -1
    outer loop
      vertex -90 -81.5 0
      vertex -86.44374768689828 -80.375 0
      vertex -85.88791569515574 -81.23090620985161 0
    endloop
  endfacet
  facet normal 0 0 -1
    outer loop
      vertex -90 -81.5 0
      vertex -86.90706821201536 -79.46568226998905 0
      vertex -86.44374768689828 -80.375 0
    endloop
  endfacet
  facet normal 0 0 -1
    outer loop
      vertex -90 -81.5 0
      vertex -87.27280103387774 -78.51291569515574 0
      vertex -86.90706821201536 -79.46568226998905 0
    endloop
  endfacet
  facet normal -0.9986295344686826 -0.052335961698072614 0
    outer loop
      vertex -89.9671313688159 -82.12717077881098 0
      vertex -89.9671313688159 -82.12717077881098 2
      vertex -90 -81.5 2
    endloop
  endfacet
  facet normal 0 0 -1
    outer loop
      vertex -90 -81.5 0
      vertex -87.69658847984067 -76.51915251685962 0
      vertex -87.53693910715461 -77.52713898547316 0
    endloop
  endfacet
  facet normal 0 0 -1
    outer loop
      vertex -90 -81.5 0
      vertex -87.75 -75.5 0
      vertex -87.69658847984067 -76.51915251685962 0
    endloop
  endfacet
  facet normal 0 0 -1
    outer loop
      vertex -90 -81.5 0
      vertex -87.53693910715461 -77.52713898547316 0
      vertex -87.27280103387774 -78.51291569515574 0
    endloop
  endfacet
  facet normal 0.8910065241883686 0.4539904997395454 0
    outer loop
      vertex -86.90706821201536 -79.46568226998905 9.99
      vertex -86.44374768689828 -80.375 0
      vertex -86.90706821201536 -79.46568226998905 0
    endloop
  endfacet
  facet normal 0.9335804264972032 0.3583679495452964 0
    outer loop
      vertex -87.27280103387774 -78.51291569515574 9.99
      vertex -86.90706821201536 -79.46568226998905 0
      vertex -87.27280103387774 -78.51291569515574 0
    endloop
  endfacet
  facet normal 0.9876883405951375 0.15643446504023134 0
    outer loop
      vertex -87.69658847984067 -76.51915251685962 9.99
      vertex -87.53693910715461 -77.52713898547316 0
      vertex -87.69658847984067 -76.51915251685962 0
    endloop
  endfacet
  facet normal 0.9659258262890655 0.2588190451025307 0
    outer loop
      vertex -87.53693910715461 -77.52713898547316 9.99
      vertex -87.27280103387774 -78.51291569515574 0
      vertex -87.53693910715461 -77.52713898547316 0
    endloop
  endfacet
  facet normal 0.7771459614569721 0.629320391049836 0
    outer loop
      vertex -85.88791569515574 -81.23090620985161 9.99
      vertex -85.2456620484046 -82.02402341199887 0
      vertex -85.88791569515574 -81.23090620985161 0
    endloop
  endfacet
  facet normal 0.8386705679454247 0.5446390350150261 0
    outer loop
      vertex -86.44374768689828 -80.375 9.99
      vertex -85.88791569515574 -81.23090620985161 0
      vertex -86.44374768689828 -80.375 0
    endloop
  endfacet
  facet normal 0 0 -1
    outer loop
      vertex -88.85410196334124 -85.02671151608229 0
      vertex -81.01291569515574 -84.77280103387774 0
      vertex -80.02713898547316 -85.03693910715461 0
    endloop
  endfacet
  facet normal 0 0 -1
    outer loop
      vertex -88.85410196334124 -85.02671151608229 0
      vertex -80.02713898547316 -85.03693910715461 0
      vertex -79.01915251685962 -85.19658847984067 0
    endloop
  endfacet
  facet normal 0 0 -1
    outer loop
      vertex -88.45886895060539 -85.51478363573551 0
      vertex -79.01915251685962 -85.19658847984067 0
      vertex -78 -85.25 0
    endloop
  endfacet
  facet normal 0.2588190451025307 0.9659258262890655 0
    outer loop
      vertex -81.01291569515574 -84.77280103387774 9.99
      vertex -80.02713898547316 -85.03693910715461 0
      vertex -81.01291569515574 -84.77280103387774 0
    endloop
  endfacet
  facet normal 0.5446390350150261 0.8386705679454247 0
    outer loop
      vertex -83.73090620985161 -83.38791569515574 9.99
      vertex -82.875 -83.94374768689828 0
      vertex -83.73090620985161 -83.38791569515574 0
    endloop
  endfacet
  facet normal 0.4539904997395454 0.8910065241883686 0
    outer loop
      vertex -82.875 -83.94374768689828 9.99
      vertex -81.96568226998905 -84.40706821201536 0
      vertex -82.875 -83.94374768689828 0
    endloop
  endfacet
  facet normal 0.3583679495452964 0.9335804264972032 0
    outer loop
      vertex -81.96568226998905 -84.40706821201536 9.99
      vertex -81.01291569515574 -84.77280103387774 0
      vertex -81.96568226998905 -84.40706821201536 0
    endloop
  endfacet
  facet normal 0.15643446504023134 0.9876883405951375 0
    outer loop
      vertex -80.02713898547316 -85.03693910715461 9.99
      vertex -79.01915251685962 -85.19658847984067 0
      vertex -80.02713898547316 -85.03693910715461 0
    endloop
  endfacet
  facet normal 0.05233595624293854 0.9986295347545742 0
    outer loop
      vertex -79.01915251685962 -85.19658847984067 9.99
      vertex -78 -85.25 0
      vertex -79.01915251685962 -85.19658847984067 0
    endloop
  endfacet
  facet normal -0.05233595624293854 0.9986295347545742 0
    outer loop
      vertex -78 -85.25 9.99
      vertex -76.98084748314038 -85.19658847984067 0
      vertex -78 -85.25 0
    endloop
  endfacet
  facet normal 0.7071067811865475 0.7071067811865475 0
    outer loop
      vertex -84.52402341199887 -82.7456620484046 9.99
      vertex -84.52402341199887 -82.7456620484046 0
      vertex -85.2456620484046 -82.02402341199887 9.99
    endloop
  endfacet
  facet normal 0.629320391049836 0.7771459614569721 0
    outer loop
      vertex -84.52402341199887 -82.7456620484046 9.99
      vertex -83.73090620985161 -83.38791569515574 9.99
      vertex -83.73090620985161 -83.38791569515574 0
    endloop
  endfacet
  facet normal 0.9335804264972032 0.3583679495452964 0
    outer loop
      vertex -86.90706821201536 -79.46568226998905 9.99
      vertex -86.90706821201536 -79.46568226998905 0
      vertex -87.27280103387774 -78.51291569515574 9.99
    endloop
  endfacet
  facet normal 0.9659258262890655 0.2588190451025307 0
    outer loop
      vertex -87.53693910715461 -77.52713898547316 9.99
      vertex -87.27280103387774 -78.51291569515574 9.99
      vertex -87.27280103387774 -78.51291569515574 0
    endloop
  endfacet
  facet normal 0.9876883405951375 0.15643446504023134 0
    outer loop
      vertex -87.53693910715461 -77.52713898547316 9.99
      vertex -87.53693910715461 -77.52713898547316 0
      vertex -87.69658847984067 -76.51915251685962 9.99
    endloop
  endfacet
  facet normal 0.8386705679454247 0.5446390350150261 0
    outer loop
      vertex -86.44374768689828 -80.375 9.99
      vertex -85.88791569515574 -81.23090620985161 9.99
      vertex -85.88791569515574 -81.23090620985161 0
    endloop
  endfacet
  facet normal 0.7771459614569721 0.629320391049836 0
    outer loop
      vertex -85.88791569515574 -81.23090620985161 9.99
      vertex -85.2456620484046 -82.02402341199887 9.99
      vertex -85.2456620484046 -82.02402341199887 0
    endloop
  endfacet
  facet normal 0.8910065241883686 0.4539904997395454 0
    outer loop
      vertex -86.44374768689828 -80.375 9.99
      vertex -86.44374768689828 -80.375 0
      vertex -86.90706821201536 -79.46568226998905 9.99
    endloop
  endfacet
  facet normal 0.2588190451025307 0.9659258262890655 0
    outer loop
      vertex -81.01291569515574 -84.77280103387774 9.99
      vertex -80.02713898547316 -85.03693910715461 9.99
      vertex -80.02713898547316 -85.03693910715461 0
    endloop
  endfacet
  facet normal 0.5446390350150261 0.8386705679454247 0
    outer loop
      vertex -82.875 -83.94374768689828 9.99
      vertex -82.875 -83.94374768689828 0
      vertex -83.73090620985161 -83.38791569515574 9.99
    endloop
  endfacet
  facet normal 0.4539904997395454 0.8910065241883686 0
    outer loop
      vertex -82.875 -83.94374768689828 9.99
      vertex -81.96568226998905 -84.40706821201536 9.99
      vertex -81.96568226998905 -84.40706821201536 0
    endloop
  endfacet
  facet normal 0.3583679495452964 0.9335804264972032 0
    outer loop
      vertex -81.96568226998905 -84.40706821201536 9.99
      vertex -81.01291569515574 -84.77280103387774 9.99
      vertex -81.01291569515574 -84.77280103387774 0
    endloop
  endfacet
  facet normal 0.15643446504023134 0.9876883405951375 0
    outer loop
      vertex -80.02713898547316 -85.03693910715461 9.99
      vertex -79.01915251685962 -85.19658847984067 9.99
      vertex -79.01915251685962 -85.19658847984067 0
    endloop
  endfacet
  facet normal 0.05233595624293854 0.9986295347545742 0
    outer loop
      vertex -79.01915251685962 -85.19658847984067 9.99
      vertex -78 -85.25 9.99
      vertex -78 -85.25 0
    endloop
  endfacet
  facet normal -0.05233595624293854 0.9986295347545742 0
    outer loop
      vertex -78 -85.25 9.99
      vertex -76.98084748314038 -85.19658847984067 9.99
      vertex -76.98084748314038 -85.19658847984067 0
    endloop
  endfacet
  facet normal -1 0 0
    outer loop
      vertex -90 -81.5 0
      vertex -90 -81.5 2
      vertex -90 -64.5 2
    endloop
  endfacet
  facet normal 0.9986295347545742 0.05233595624293854 0
    outer loop
      vertex -87.75 -75.5 9.99
      vertex -87.69658847984067 -76.51915251685962 0
      vertex -87.75 -75.5 0
    endloop
  endfacet
  facet normal 0.9986295347545742 -0.05233595624293854 0
    outer loop
      vertex -87.69658847984067 -74.48084748314038 9.99
      vertex -87.75 -75.5 0
      vertex -87.69658847984067 -74.48084748314038 0
    endloop
  endfacet
  facet normal 0.9876883405951375 -0.15643446504023134 0
    outer loop
      vertex -87.53693910715461 -73.47286101452684 9.99
      vertex -87.69658847984067 -74.48084748314038 0
      vertex -87.53693910715461 -73.47286101452684 0
    endloop
  endfacet
  facet normal 0.9659258262890655 -0.2588190451025307 0
    outer loop
      vertex -87.27280103387774 -72.48708430484426 9.99
      vertex -87.53693910715461 -73.47286101452684 0
      vertex -87.27280103387774 -72.48708430484426 0
    endloop
  endfacet
  facet normal 0.9335804264972032 -0.3583679495452964 0
    outer loop
      vertex -86.90706821201536 -71.53431773001095 9.99
      vertex -87.27280103387774 -72.48708430484426 0
      vertex -86.90706821201536 -71.53431773001095 0
    endloop
  endfacet
  facet normal 0.8910065241883686 -0.4539904997395454 0
    outer loop
      vertex -86.44374768689828 -70.625 9.99
      vertex -86.90706821201536 -71.53431773001095 0
      vertex -86.44374768689828 -70.625 0
    endloop
  endfacet
  facet normal 0.8386705679454247 -0.5446390350150261 0
    outer loop
      vertex -85.88791569515574 -69.76909379014839 9.99
      vertex -86.44374768689828 -70.625 0
      vertex -85.88791569515574 -69.76909379014839 0
    endloop
  endfacet
  facet normal 0.7771459614569721 -0.629320391049836 0
    outer loop
      vertex -85.2456620484046 -68.97597658800113 9.99
      vertex -85.88791569515574 -69.76909379014839 0
      vertex -85.2456620484046 -68.97597658800113 0
    endloop
  endfacet
  facet normal 0.7071067811865475 -0.7071067811865475 0
    outer loop
      vertex -84.52402341199887 -68.2543379515954 9.99
      vertex -85.2456620484046 -68.97597658800113 0
      vertex -84.52402341199887 -68.2543379515954 0
    endloop
  endfacet
  facet normal 0.629320391049836 -0.7771459614569721 0
    outer loop
      vertex -83.73090620985161 -67.61208430484426 9.99
      vertex -84.52402341199887 -68.2543379515954 0
      vertex -83.73090620985161 -67.61208430484426 0
    endloop
  endfacet
  facet normal 0.5446390350150261 -0.8386705679454247 0
    outer loop
      vertex -82.875 -67.05625231310172 9.99
      vertex -83.73090620985161 -67.61208430484426 0
      vertex -82.875 -67.05625231310172 0
    endloop
  endfacet
  facet normal 0.4539904997395454 -0.8910065241883686 0
    outer loop
      vertex -81.96568226998905 -66.59293178798464 9.99
      vertex -82.875 -67.05625231310172 0
      vertex -81.96568226998905 -66.59293178798464 0
    endloop
  endfacet
  facet normal 0.3583679495452964 -0.9335804264972032 0
    outer loop
      vertex -81.01291569515574 -66.22719896612226 9.99
      vertex -81.96568226998905 -66.59293178798464 0
      vertex -81.01291569515574 -66.22719896612226 0
    endloop
  endfacet
  facet normal 0.2588190451025307 -0.9659258262890655 0
    outer loop
      vertex -80.02713898547316 -65.96306089284539 9.99
      vertex -81.01291569515574 -66.22719896612226 0
      vertex -80.02713898547316 -65.96306089284539 0
    endloop
  endfacet
  facet normal 0.15643446504023134 -0.9876883405951375 0
    outer loop
      vertex -79.01915251685962 -65.80341152015933 9.99
      vertex -80.02713898547316 -65.96306089284539 0
      vertex -79.01915251685962 -65.80341152015933 0
    endloop
  endfacet
  facet normal 0.05233595624293854 -0.9986295347545742 0
    outer loop
      vertex -78 -65.75 9.99
      vertex -79.01915251685962 -65.80341152015933 0
      vertex -78 -65.75 0
    endloop
  endfacet
  facet normal -0.05233595624293854 -0.9986295347545742 0
    outer loop
      vertex -76.98084748314038 -65.80341152015933 9.99
      vertex -78 -65.75 0
      vertex -76.98084748314038 -65.80341152015933 0
    endloop
  endfacet
  facet normal 0.9986295347545742 0.05233595624293854 0
    outer loop
      vertex -87.69658847984067 -76.51915251685962 9.99
      vertex -87.69658847984067 -76.51915251685962 0
      vertex -87.75 -75.5 9.99
    endloop
  endfacet
  facet normal 0.9986295347545742 -0.05233595624293854 0
    outer loop
      vertex -87.75 -75.5 9.99
      vertex -87.75 -75.5 0
      vertex -87.69658847984067 -74.48084748314038 9.99
    endloop
  endfacet
  facet normal 0.9876883405951375 -0.15643446504023134 0
    outer loop
      vertex -87.69658847984067 -74.48084748314038 9.99
      vertex -87.69658847984067 -74.48084748314038 0
      vertex -87.53693910715461 -73.47286101452684 9.99
    endloop
  endfacet
  facet normal 0.9659258262890655 -0.2588190451025307 0
    outer loop
      vertex -87.53693910715461 -73.47286101452684 9.99
      vertex -87.53693910715461 -73.47286101452684 0
      vertex -87.27280103387774 -72.48708430484426 9.99
    endloop
  endfacet
  facet normal 0.9335804264972032 -0.3583679495452964 0
    outer loop
      vertex -87.27280103387774 -72.48708430484426 9.99
      vertex -87.27280103387774 -72.48708430484426 0
      vertex -86.90706821201536 -71.53431773001095 9.99
    endloop
  endfacet
  facet normal 0.8910065241883686 -0.4539904997395454 0
    outer loop
      vertex -86.90706821201536 -71.53431773001095 9.99
      vertex -86.90706821201536 -71.53431773001095 0
      vertex -86.44374768689828 -70.625 9.99
    endloop
  endfacet
  facet normal 0.8386705679454247 -0.5446390350150261 0
    outer loop
      vertex -86.44374768689828 -70.625 9.99
      vertex -86.44374768689828 -70.625 0
      vertex -85.88791569515574 -69.76909379014839 9.99
    endloop
  endfacet
  facet normal 0.7771459614569721 -0.629320391049836 0
    outer loop
      vertex -85.88791569515574 -69.76909379014839 9.99
      vertex -85.88791569515574 -69.76909379014839 0
      vertex -85.2456620484046 -68.97597658800113 9.99
    endloop
  endfacet
  facet normal 0.7071067811865475 -0.7071067811865475 0
    outer loop
      vertex -85.2456620484046 -68.97597658800113 9.99
      vertex -85.2456620484046 -68.97597658800113 0
      vertex -84.52402341199887 -68.2543379515954 9.99
    endloop
  endfacet
  facet normal 0.629320391049836 -0.7771459614569721 0
    outer loop
      vertex -84.52402341199887 -68.2543379515954 9.99
      vertex -84.52402341199887 -68.2543379515954 0
      vertex -83.73090620985161 -67.61208430484426 9.99
    endloop
  endfacet
  facet normal 0.5446390350150261 -0.8386705679454247 0
    outer loop
      vertex -83.73090620985161 -67.61208430484426 9.99
      vertex -83.73090620985161 -67.61208430484426 0
      vertex -82.875 -67.05625231310172 9.99
    endloop
  endfacet
  facet normal 0.4539904997395454 -0.8910065241883686 0
    outer loop
      vertex -82.875 -67.05625231310172 9.99
      vertex -82.875 -67.05625231310172 0
      vertex -81.96568226998905 -66.59293178798464 9.99
    endloop
  endfacet
  facet normal 0.3583679495452964 -0.9335804264972032 0
    outer loop
      vertex -81.96568226998905 -66.59293178798464 9.99
      vertex -81.96568226998905 -66.59293178798464 0
      vertex -81.01291569515574 -66.22719896612226 9.99
    endloop
  endfacet
  facet normal 0.2588190451025307 -0.9659258262890655 0
    outer loop
      vertex -81.01291569515574 -66.22719896612226 9.99
      vertex -81.01291569515574 -66.22719896612226 0
      vertex -80.02713898547316 -65.96306089284539 9.99
    endloop
  endfacet
  facet normal 0.15643446504023134 -0.9876883405951375 0
    outer loop
      vertex -80.02713898547316 -65.96306089284539 9.99
      vertex -80.02713898547316 -65.96306089284539 0
      vertex -79.01915251685962 -65.80341152015933 9.99
    endloop
  endfacet
  facet normal 0.05233595624293854 -0.9986295347545742 0
    outer loop
      vertex -79.01915251685962 -65.80341152015933 9.99
      vertex -79.01915251685962 -65.80341152015933 0
      vertex -78 -65.75 9.99
    endloop
  endfacet
  facet normal -0.05233595624293854 -0.9986295347545742 0
    outer loop
      vertex -78 -65.75 9.99
      vertex -78 -65.75 0
      vertex -76.98084748314038 -65.80341152015933 9.99
    endloop
  endfacet
  facet normal -0.15643446504023134 0.9876883405951375 0
    outer loop
      vertex -76.98084748314038 -85.19658847984067 9.99
      vertex -75.97286101452684 -85.03693910715461 0
      vertex -76.98084748314038 -85.19658847984067 0
    endloop
  endfacet
  facet normal -0.2588190451025307 0.9659258262890655 0
    outer loop
      vertex -75.97286101452684 -85.03693910715461 9.99
      vertex -74.98708430484426 -84.77280103387774 0
      vertex -75.97286101452684 -85.03693910715461 0
    endloop
  endfacet
  facet normal -0.3583679495452964 0.9335804264972032 0
    outer loop
      vertex -74.98708430484426 -84.77280103387774 9.99
      vertex -74.03431773001095 -84.40706821201536 0
      vertex -74.98708430484426 -84.77280103387774 0
    endloop
  endfacet
  facet normal -0.4539904997395454 0.8910065241883686 0
    outer loop
      vertex -74.03431773001095 -84.40706821201536 9.99
      vertex -73.125 -83.94374768689828 0
      vertex -74.03431773001095 -84.40706821201536 0
    endloop
  endfacet
  facet normal -0.5446390350150261 0.8386705679454247 0
    outer loop
      vertex -73.125 -83.94374768689828 9.99
      vertex -72.26909379014839 -83.38791569515574 0
      vertex -73.125 -83.94374768689828 0
    endloop
  endfacet
  facet normal -0.629320391049836 0.7771459614569721 0
    outer loop
      vertex -72.26909379014839 -83.38791569515574 9.99
      vertex -71.47597658800113 -82.7456620484046 0
      vertex -72.26909379014839 -83.38791569515574 0
    endloop
  endfacet
  facet normal -0.7071067811865475 0.7071067811865475 0
    outer loop
      vertex -71.47597658800113 -82.7456620484046 9.99
      vertex -70.7543379515954 -82.02402341199887 0
      vertex -71.47597658800113 -82.7456620484046 0
    endloop
  endfacet
  facet normal -0.7771459614569721 0.629320391049836 0
    outer loop
      vertex -70.7543379515954 -82.02402341199887 9.99
      vertex -70.11208430484426 -81.23090620985161 0
      vertex -70.7543379515954 -82.02402341199887 0
    endloop
  endfacet
  facet normal -0.8386705679454247 0.5446390350150261 0
    outer loop
      vertex -70.11208430484426 -81.23090620985161 9.99
      vertex -69.55625231310172 -80.375 0
      vertex -70.11208430484426 -81.23090620985161 0
    endloop
  endfacet
  facet normal -0.8910065241883686 0.4539904997395454 0
    outer loop
      vertex -69.55625231310172 -80.375 9.99
      vertex -69.09293178798464 -79.46568226998905 0
      vertex -69.55625231310172 -80.375 0
    endloop
  endfacet
  facet normal -0.9335804264972032 0.3583679495452964 0
    outer loop
      vertex -69.09293178798464 -79.46568226998905 9.99
      vertex -68.72719896612226 -78.51291569515574 0
      vertex -69.09293178798464 -79.46568226998905 0
    endloop
  endfacet
  facet normal -0.9659258262890655 0.2588190451025307 0
    outer loop
      vertex -68.72719896612226 -78.51291569515574 9.99
      vertex -68.46306089284539 -77.52713898547316 0
      vertex -68.72719896612226 -78.51291569515574 0
    endloop
  endfacet
  facet normal -0.9876883405951375 0.15643446504023134 0
    outer loop
      vertex -68.46306089284539 -77.52713898547316 9.99
      vertex -68.30341152015933 -76.51915251685962 0
      vertex -68.46306089284539 -77.52713898547316 0
    endloop
  endfacet
  facet normal -0.15643446504023134 0.9876883405951375 0
    outer loop
      vertex -76.98084748314038 -85.19658847984067 9.99
      vertex -75.97286101452684 -85.03693910715461 9.99
      vertex -75.97286101452684 -85.03693910715461 0
    endloop
  endfacet
  facet normal -0.2588190451025307 0.9659258262890655 0
    outer loop
      vertex -75.97286101452684 -85.03693910715461 9.99
      vertex -74.98708430484426 -84.77280103387774 9.99
      vertex -74.98708430484426 -84.77280103387774 0
    endloop
  endfacet
  facet normal -0.3583679495452964 0.9335804264972032 0
    outer loop
      vertex -74.98708430484426 -84.77280103387774 9.99
      vertex -74.03431773001095 -84.40706821201536 9.99
      vertex -74.03431773001095 -84.40706821201536 0
    endloop
  endfacet
  facet normal -0.4539904997395454 0.8910065241883686 0
    outer loop
      vertex -74.03431773001095 -84.40706821201536 9.99
      vertex -73.125 -83.94374768689828 9.99
      vertex -73.125 -83.94374768689828 0
    endloop
  endfacet
  facet normal -0.5446390350150261 0.8386705679454247 0
    outer loop
      vertex -73.125 -83.94374768689828 9.99
      vertex -72.26909379014839 -83.38791569515574 9.99
      vertex -72.26909379014839 -83.38791569515574 0
    endloop
  endfacet
  facet normal -0.629320391049836 0.7771459614569721 0
    outer loop
      vertex -72.26909379014839 -83.38791569515574 9.99
      vertex -71.47597658800113 -82.7456620484046 9.99
      vertex -71.47597658800113 -82.7456620484046 0
    endloop
  endfacet
  facet normal -0.7071067811865475 0.7071067811865475 0
    outer loop
      vertex -71.47597658800113 -82.7456620484046 9.99
      vertex -70.7543379515954 -82.02402341199887 9.99
      vertex -70.7543379515954 -82.02402341199887 0
    endloop
  endfacet
  facet normal -0.7771459614569721 0.629320391049836 0
    outer loop
      vertex -70.7543379515954 -82.02402341199887 9.99
      vertex -70.11208430484426 -81.23090620985161 9.99
      vertex -70.11208430484426 -81.23090620985161 0
    endloop
  endfacet
  facet normal -0.8386705679454247 0.5446390350150261 0
    outer loop
      vertex -70.11208430484426 -81.23090620985161 9.99
      vertex -69.55625231310172 -80.375 9.99
      vertex -69.55625231310172 -80.375 0
    endloop
  endfacet
  facet normal -0.8910065241883686 0.4539904997395454 0
    outer loop
      vertex -69.55625231310172 -80.375 9.99
      vertex -69.09293178798464 -79.46568226998905 9.99
      vertex -69.09293178798464 -79.46568226998905 0
    endloop
  endfacet
  facet normal -0.9335804264972032 0.3583679495452964 0
    outer loop
      vertex -69.09293178798464 -79.46568226998905 9.99
      vertex -68.72719896612226 -78.51291569515574 9.99
      vertex -68.72719896612226 -78.51291569515574 0
    endloop
  endfacet
  facet normal -0.9659258262890655 0.2588190451025307 0
    outer loop
      vertex -68.72719896612226 -78.51291569515574 9.99
      vertex -68.46306089284539 -77.52713898547316 9.99
      vertex -68.46306089284539 -77.52713898547316 0
    endloop
  endfacet
  facet normal -0.9876883405951375 0.15643446504023134 0
    outer loop
      vertex -68.46306089284539 -77.52713898547316 9.99
      vertex -68.30341152015933 -76.51915251685962 9.99
      vertex -68.30341152015933 -76.51915251685962 0
    endloop
  endfacet
  facet normal -0.15643446504023134 -0.9876883405951375 0
    outer loop
      vertex -75.97286101452684 -65.96306089284539 9.99
      vertex -76.98084748314038 -65.80341152015933 0
      vertex -75.97286101452684 -65.96306089284539 0
    endloop
  endfacet
  facet normal -0.2588190451025307 -0.9659258262890655 0
    outer loop
      vertex -74.98708430484426 -66.22719896612226 9.99
      vertex -75.97286101452684 -65.96306089284539 0
      vertex -74.98708430484426 -66.22719896612226 0
    endloop
  endfacet
  facet normal -0.3583679495452964 -0.9335804264972032 0
    outer loop
      vertex -74.03431773001095 -66.59293178798464 9.99
      vertex -74.98708430484426 -66.22719896612226 0
      vertex -74.03431773001095 -66.59293178798464 0
    endloop
  endfacet
  facet normal -0.7071067811865475 -0.7071067811865475 0
    outer loop
      vertex -70.7543379515954 -68.97597658800113 9.99
      vertex -71.47597658800113 -68.2543379515954 0
      vertex -70.7543379515954 -68.97597658800113 0
    endloop
  endfacet
  facet normal -0.5446390350150261 -0.8386705679454247 0
    outer loop
      vertex -72.26909379014839 -67.61208430484426 9.99
      vertex -73.125 -67.05625231310172 0
      vertex -72.26909379014839 -67.61208430484426 0
    endloop
  endfacet
  facet normal -0.4539904997395454 -0.8910065241883686 0
    outer loop
      vertex -73.125 -67.05625231310172 9.99
      vertex -74.03431773001095 -66.59293178798464 0
      vertex -73.125 -67.05625231310172 0
    endloop
  endfacet
  facet normal -0.629320391049836 -0.7771459614569721 0
    outer loop
      vertex -71.47597658800113 -68.2543379515954 9.99
      vertex -72.26909379014839 -67.61208430484426 0
      vertex -71.47597658800113 -68.2543379515954 0
    endloop
  endfacet
  facet normal -0.9986295347545742 0.05233595624293854 0
    outer loop
      vertex -68.30341152015933 -76.51915251685962 9.99
      vertex -68.25 -75.5 0
      vertex -68.30341152015933 -76.51915251685962 0
    endloop
  endfacet
  facet normal -0.9986295347545742 -0.05233595624293854 0
    outer loop
      vertex -68.25 -75.5 9.99
      vertex -68.30341152015933 -74.48084748314038 0
      vertex -68.25 -75.5 0
    endloop
  endfacet
  facet normal -0.9876883405951375 -0.15643446504023134 0
    outer loop
      vertex -68.30341152015933 -74.48084748314038 9.99
      vertex -68.46306089284539 -73.47286101452684 0
      vertex -68.30341152015933 -74.48084748314038 0
    endloop
  endfacet
  facet normal -0.9335804264972032 -0.3583679495452964 0
    outer loop
      vertex -68.72719896612226 -72.48708430484426 9.99
      vertex -69.09293178798464 -71.53431773001095 0
      vertex -68.72719896612226 -72.48708430484426 0
    endloop
  endfacet
  facet normal -0.8910065241883686 -0.4539904997395454 0
    outer loop
      vertex -69.09293178798464 -71.53431773001095 9.99
      vertex -69.55625231310172 -70.625 0
      vertex -69.09293178798464 -71.53431773001095 0
    endloop
  endfacet
  facet normal -0.9659258262890655 -0.2588190451025307 0
    outer loop
      vertex -68.46306089284539 -73.47286101452684 9.99
      vertex -68.72719896612226 -72.48708430484426 0
      vertex -68.46306089284539 -73.47286101452684 0
    endloop
  endfacet
  facet normal -0.8386705679454247 -0.5446390350150261 0
    outer loop
      vertex -69.55625231310172 -70.625 9.99
      vertex -70.11208430484426 -69.76909379014839 0
      vertex -69.55625231310172 -70.625 0
    endloop
  endfacet
  facet normal -0.7771459614569721 -0.629320391049836 0
    outer loop
      vertex -70.11208430484426 -69.76909379014839 9.99
      vertex -70.7543379515954 -68.97597658800113 0
      vertex -70.11208430484426 -69.76909379014839 0
    endloop
  endfacet
  facet normal -0.15643446504023134 -0.9876883405951375 0
    outer loop
      vertex -76.98084748314038 -65.80341152015933 9.99
      vertex -76.98084748314038 -65.80341152015933 0
      vertex -75.97286101452684 -65.96306089284539 9.99
    endloop
  endfacet
  facet normal -0.2588190451025307 -0.9659258262890655 0
    outer loop
      vertex -75.97286101452684 -65.96306089284539 9.99
      vertex -75.97286101452684 -65.96306089284539 0
      vertex -74.98708430484426 -66.22719896612226 9.99
    endloop
  endfacet
  facet normal -0.3583679495452964 -0.9335804264972032 0
    outer loop
      vertex -74.98708430484426 -66.22719896612226 9.99
      vertex -74.98708430484426 -66.22719896612226 0
      vertex -74.03431773001095 -66.59293178798464 9.99
    endloop
  endfacet
  facet normal -0.4539904997395454 -0.8910065241883686 0
    outer loop
      vertex -74.03431773001095 -66.59293178798464 9.99
      vertex -74.03431773001095 -66.59293178798464 0
      vertex -73.125 -67.05625231310172 9.99
    endloop
  endfacet
  facet normal -0.7071067811865475 -0.7071067811865475 0
    outer loop
      vertex -71.47597658800113 -68.2543379515954 9.99
      vertex -71.47597658800113 -68.2543379515954 0
      vertex -70.7543379515954 -68.97597658800113 9.99
    endloop
  endfacet
  facet normal -0.7771459614569721 -0.629320391049836 0
    outer loop
      vertex -70.7543379515954 -68.97597658800113 9.99
      vertex -70.7543379515954 -68.97597658800113 0
      vertex -70.11208430484426 -69.76909379014839 9.99
    endloop
  endfacet
  facet normal -0.5446390350150261 -0.8386705679454247 0
    outer loop
      vertex -73.125 -67.05625231310172 9.99
      vertex -73.125 -67.05625231310172 0
      vertex -72.26909379014839 -67.61208430484426 9.99
    endloop
  endfacet
  facet normal -0.629320391049836 -0.7771459614569721 0
    outer loop
      vertex -72.26909379014839 -67.61208430484426 9.99
      vertex -72.26909379014839 -67.61208430484426 0
      vertex -71.47597658800113 -68.2543379515954 9.99
    endloop
  endfacet
  facet normal -0.9986295347545742 0.05233595624293854 0
    outer loop
      vertex -68.30341152015933 -76.51915251685962 9.99
      vertex -68.25 -75.5 9.99
      vertex -68.25 -75.5 0
    endloop
  endfacet
  facet normal -0.9986295347545742 -0.05233595624293854 0
    outer loop
      vertex -68.25 -75.5 9.99
      vertex -68.30341152015933 -74.48084748314038 9.99
      vertex -68.30341152015933 -74.48084748314038 0
    endloop
  endfacet
  facet normal -0.9335804264972032 -0.3583679495452964 0
    outer loop
      vertex -68.72719896612226 -72.48708430484426 9.99
      vertex -69.09293178798464 -71.53431773001095 9.99
      vertex -69.09293178798464 -71.53431773001095 0
    endloop
  endfacet
  facet normal -0.9876883405951375 -0.15643446504023134 0
    outer loop
      vertex -68.30341152015933 -74.48084748314038 9.99
      vertex -68.46306089284539 -73.47286101452684 9.99
      vertex -68.46306089284539 -73.47286101452684 0
    endloop
  endfacet
  facet normal -0.9659258262890655 -0.2588190451025307 0
    outer loop
      vertex -68.46306089284539 -73.47286101452684 9.99
      vertex -68.72719896612226 -72.48708430484426 9.99
      vertex -68.72719896612226 -72.48708430484426 0
    endloop
  endfacet
  facet normal -0.8386705679454247 -0.5446390350150261 0
    outer loop
      vertex -69.55625231310172 -70.625 9.99
      vertex -70.11208430484426 -69.76909379014839 9.99
      vertex -70.11208430484426 -69.76909379014839 0
    endloop
  endfacet
  facet normal -0.8910065241883686 -0.4539904997395454 0
    outer loop
      vertex -69.55625231310172 -70.625 9.99
      vertex -69.55625231310172 -70.625 0
      vertex -69.09293178798464 -71.53431773001095 9.99
    endloop
  endfacet
  facet normal 0 0 -1
    outer loop
      vertex -86.90706821201536 -79.46568226998905 9.99
      vertex -87.27280103387774 -78.51291569515574 9.99
      vertex -87.27280103387774 -72.48708430484426 9.99
    endloop
  endfacet
  facet normal 0 0 -1
    outer loop
      vertex -86.44374768689828 -80.375 9.99
      vertex -86.90706821201536 -79.46568226998905 9.99
      vertex -86.90706821201536 -71.53431773001095 9.99
    endloop
  endfacet
  facet normal 0 0 -1
    outer loop
      vertex -86.44374768689828 -80.375 9.99
      vertex -86.44374768689828 -70.625 9.99
      vertex -85.88791569515574 -81.23090620985161 9.99
    endloop
  endfacet
  facet normal 0 0 -1
    outer loop
      vertex -85.88791569515574 -81.23090620985161 9.99
      vertex -85.88791569515574 -69.76909379014839 9.99
      vertex -85.2456620484046 -82.02402341199887 9.99
    endloop
  endfacet
  facet normal 0 0 -1
    outer loop
      vertex -84.52402341199887 -82.7456620484046 9.99
      vertex -84.52402341199887 -68.2543379515954 9.99
      vertex -83.73090620985161 -83.38791569515574 9.99
    endloop
  endfacet
  facet normal 0 0 -1
    outer loop
      vertex -84.52402341199887 -82.7456620484046 9.99
      vertex -85.2456620484046 -82.02402341199887 9.99
      vertex -85.2456620484046 -68.97597658800113 9.99
    endloop
  endfacet
  facet normal 0 0 -1
    outer loop
      vertex -81.96568226998905 -84.40706821201536 9.99
      vertex -81.15836550827892 -78.34380507702515 9.99
      vertex -81.01291569515574 -84.77280103387774 9.99
    endloop
  endfacet
  facet normal 0 0 -1
    outer loop
      vertex -81.01291569515574 -84.77280103387774 9.99
      vertex -80.125 -79.18060796608387 9.99
      vertex -80.02713898547316 -85.03693910715461 9.99
    endloop
  endfacet
  facet normal 0 0 -1
    outer loop
      vertex -80.02713898547316 -85.03693910715461 9.99
      vertex -79.31332222609353 -79.5419901942544 9.99
      vertex -79.01915251685962 -85.19658847984067 9.99
    endloop
  endfacet
  facet normal 0 0 -1
    outer loop
      vertex -79.01915251685962 -85.19658847984067 9.99
      vertex -78 -79.75 9.99
      vertex -78 -85.25 9.99
    endloop
  endfacet
  facet normal 0 0 -1
    outer loop
      vertex -78 -85.25 9.99
      vertex -78 -79.75 9.99
      vertex -76.98084748314038 -85.19658847984067 9.99
    endloop
  endfacet
  facet normal 0 0 -1
    outer loop
      vertex -81.96568226998905 -84.40706821201536 9.99
      vertex -81.88256819498105 -77.22863073307215 9.99
      vertex -81.68060796608387 -77.625 9.99
    endloop
  endfacet
  facet normal 0 0 -1
    outer loop
      vertex -81.96568226998905 -84.40706821201536 9.99
      vertex -82.0419901942544 -76.81332222609353 9.99
      vertex -81.88256819498105 -77.22863073307215 9.99
    endloop
  endfacet
  facet normal 0 0 -1
    outer loop
      vertex -81.01291569515574 -84.77280103387774 9.99
      vertex -80.84380507702515 -78.65836550827892 9.99
      vertex -80.49808732224301 -78.93832222609353 9.99
    endloop
  endfacet
  facet normal 0 0 -1
    outer loop
      vertex -81.01291569515574 -84.77280103387774 9.99
      vertex -80.49808732224301 -78.93832222609353 9.99
      vertex -80.125 -79.18060796608387 9.99
    endloop
  endfacet
  facet normal 0 0 -1
    outer loop
      vertex -81.96568226998905 -84.40706821201536 9.99
      vertex -81.68060796608387 -77.625 9.99
      vertex -81.43832222609353 -77.99808732224301 9.99
    endloop
  endfacet
  facet normal 0 0 -1
    outer loop
      vertex -81.96568226998905 -84.40706821201536 9.99
      vertex -81.43832222609353 -77.99808732224301 9.99
      vertex -81.15836550827892 -78.34380507702515 9.99
    endloop
  endfacet
  facet normal 0 0 -1
    outer loop
      vertex -81.01291569515574 -84.77280103387774 9.99
      vertex -81.15836550827892 -78.34380507702515 9.99
      vertex -80.84380507702515 -78.65836550827892 9.99
    endloop
  endfacet
  facet normal 0 0 -1
    outer loop
      vertex -82.875 -83.94374768689828 9.99
      vertex -83.73090620985161 -83.38791569515574 9.99
      vertex -83.73090620985161 -67.61208430484426 9.99
    endloop
  endfacet
  facet normal 0 0 -1
    outer loop
      vertex -81.96568226998905 -84.40706821201536 9.99
      vertex -82.15712730311867 -76.38362468597548 9.99
      vertex -82.0419901942544 -76.81332222609353 9.99
    endloop
  endfacet
  facet normal 0 0 -1
    outer loop
      vertex -81.96568226998905 -84.40706821201536 9.99
      vertex -82.22671805531516 -75.94424596888753 9.99
      vertex -82.15712730311867 -76.38362468597548 9.99
    endloop
  endfacet
  facet normal 0 0 -1
    outer loop
      vertex -82.875 -83.94374768689828 9.99
      vertex -82.875 -67.05625231310172 9.99
      vertex -81.96568226998905 -84.40706821201536 9.99
    endloop
  endfacet
  facet normal 0 0 -1
    outer loop
      vertex -80.02713898547316 -85.03693910715461 9.99
      vertex -80.125 -79.18060796608387 9.99
      vertex -79.72863073307215 -79.38256819498105 9.99
    endloop
  endfacet
  facet normal 0 0 -1
    outer loop
      vertex -80.02713898547316 -85.03693910715461 9.99
      vertex -79.72863073307215 -79.38256819498105 9.99
      vertex -79.31332222609353 -79.5419901942544 9.99
    endloop
  endfacet
  facet normal 0 0 -1
    outer loop
      vertex -79.01915251685962 -85.19658847984067 9.99
      vertex -79.31332222609353 -79.5419901942544 9.99
      vertex -78.88362468597548 -79.65712730311867 9.99
    endloop
  endfacet
  facet normal 0 0 -1
    outer loop
      vertex -79.01915251685962 -85.19658847984067 9.99
      vertex -78.88362468597548 -79.65712730311867 9.99
      vertex -78.44424596888753 -79.72671805531516 9.99
    endloop
  endfacet
  facet normal 0 0 -1
    outer loop
      vertex -79.01915251685962 -85.19658847984067 9.99
      vertex -78.44424596888753 -79.72671805531516 9.99
      vertex -78 -79.75 9.99
    endloop
  endfacet
  facet normal 0 0 -1
    outer loop
      vertex -76.98084748314038 -85.19658847984067 9.99
      vertex -78 -79.75 9.99
      vertex -77.55575403111247 -79.72671805531516 9.99
    endloop
  endfacet
  facet normal 0 0 -1
    outer loop
      vertex -76.98084748314038 -85.19658847984067 9.99
      vertex -77.55575403111247 -79.72671805531516 9.99
      vertex -77.11637531402452 -79.65712730311867 9.99
    endloop
  endfacet
  facet normal 0 0 -1
    outer loop
      vertex -76.98084748314038 -85.19658847984067 9.99
      vertex -77.11637531402452 -79.65712730311867 9.99
      vertex -76.68667777390647 -79.5419901942544 9.99
    endloop
  endfacet
  facet normal 0 0 -1
    outer loop
      vertex -87.53693910715461 -77.52713898547316 9.99
      vertex -87.69658847984067 -76.51915251685962 9.99
      vertex -87.69658847984067 -74.48084748314038 9.99
    endloop
  endfacet
  facet normal 0 0 -1
    outer loop
      vertex -87.69658847984067 -76.51915251685962 9.99
      vertex -87.75 -75.5 9.99
      vertex -87.69658847984067 -74.48084748314038 9.99
    endloop
  endfacet
  facet normal 0 0 -1
    outer loop
      vertex -87.53693910715461 -77.52713898547316 9.99
      vertex -87.53693910715461 -73.47286101452684 9.99
      vertex -87.27280103387774 -78.51291569515574 9.99
    endloop
  endfacet
  facet normal 0 0 -1
    outer loop
      vertex -87.53693910715461 -77.52713898547316 9.99
      vertex -87.69658847984067 -74.48084748314038 9.99
      vertex -87.53693910715461 -73.47286101452684 9.99
    endloop
  endfacet
  facet normal 0 0 -1
    outer loop
      vertex -87.27280103387774 -78.51291569515574 9.99
      vertex -87.53693910715461 -73.47286101452684 9.99
      vertex -87.27280103387774 -72.48708430484426 9.99
    endloop
  endfacet
  facet normal 0 0 -1
    outer loop
      vertex -86.90706821201536 -79.46568226998905 9.99
      vertex -87.27280103387774 -72.48708430484426 9.99
      vertex -86.90706821201536 -71.53431773001095 9.99
    endloop
  endfacet
  facet normal 0 0 -1
    outer loop
      vertex -86.44374768689828 -80.375 9.99
      vertex -86.90706821201536 -71.53431773001095 9.99
      vertex -86.44374768689828 -70.625 9.99
    endloop
  endfacet
  facet normal 0 0 -1
    outer loop
      vertex -85.88791569515574 -81.23090620985161 9.99
      vertex -86.44374768689828 -70.625 9.99
      vertex -85.88791569515574 -69.76909379014839 9.99
    endloop
  endfacet
  facet normal 0 0 -1
    outer loop
      vertex -85.2456620484046 -82.02402341199887 9.99
      vertex -85.88791569515574 -69.76909379014839 9.99
      vertex -85.2456620484046 -68.97597658800113 9.99
    endloop
  endfacet
  facet normal 0 0 -1
    outer loop
      vertex -84.52402341199887 -82.7456620484046 9.99
      vertex -85.2456620484046 -68.97597658800113 9.99
      vertex -84.52402341199887 -68.2543379515954 9.99
    endloop
  endfacet
  facet normal 0 0 -1
    outer loop
      vertex -83.73090620985161 -83.38791569515574 9.99
      vertex -84.52402341199887 -68.2543379515954 9.99
      vertex -83.73090620985161 -67.61208430484426 9.99
    endloop
  endfacet
  facet normal 0 0 -1
    outer loop
      vertex -81.96568226998905 -84.40706821201536 9.99
      vertex -82.875 -67.05625231310172 9.99
      vertex -82.22671805531516 -75.94424596888753 9.99
    endloop
  endfacet
  facet normal 0 0 -1
    outer loop
      vertex -82.875 -83.94374768689828 9.99
      vertex -83.73090620985161 -67.61208430484426 9.99
      vertex -82.875 -67.05625231310172 9.99
    endloop
  endfacet
  facet normal 0 0 -1
    outer loop
      vertex -82.22671805531516 -75.94424596888753 9.99
      vertex -82.875 -67.05625231310172 9.99
      vertex -82.25 -75.5 9.99
    endloop
  endfacet
  facet normal 0 0 -1
    outer loop
      vertex -82.25 -75.5 9.99
      vertex -82.875 -67.05625231310172 9.99
      vertex -82.22671805531516 -75.05575403111247 9.99
    endloop
  endfacet
  facet normal 0 0 -1
    outer loop
      vertex -82.22671805531516 -75.05575403111247 9.99
      vertex -82.875 -67.05625231310172 9.99
      vertex -82.15712730311867 -74.61637531402452 9.99
    endloop
  endfacet
  facet normal 0 0 -1
    outer loop
      vertex -82.15712730311867 -74.61637531402452 9.99
      vertex -82.875 -67.05625231310172 9.99
      vertex -82.0419901942544 -74.18667777390647 9.99
    endloop
  endfacet
  facet normal 0 0 -1
    outer loop
      vertex -82.0419901942544 -74.18667777390647 9.99
      vertex -81.96568226998905 -66.59293178798464 9.99
      vertex -81.88256819498105 -73.77136926692785 9.99
    endloop
  endfacet
  facet normal 0 0 -1
    outer loop
      vertex -81.88256819498105 -73.77136926692785 9.99
      vertex -81.96568226998905 -66.59293178798464 9.99
      vertex -81.68060796608387 -73.375 9.99
    endloop
  endfacet
  facet normal 0 0 -1
    outer loop
      vertex -82.875 -67.05625231310172 9.99
      vertex -81.96568226998905 -66.59293178798464 9.99
      vertex -82.0419901942544 -74.18667777390647 9.99
    endloop
  endfacet
  facet normal 0 0 -1
    outer loop
      vertex -81.68060796608387 -73.375 9.99
      vertex -81.96568226998905 -66.59293178798464 9.99
      vertex -81.43832222609353 -73.00191267775699 9.99
    endloop
  endfacet
  facet normal 0 0 -1
    outer loop
      vertex -81.43832222609353 -73.00191267775699 9.99
      vertex -81.96568226998905 -66.59293178798464 9.99
      vertex -81.15836550827892 -72.65619492297485 9.99
    endloop
  endfacet
  facet normal 0 0 -1
    outer loop
      vertex -81.15836550827892 -72.65619492297485 9.99
      vertex -81.01291569515574 -66.22719896612226 9.99
      vertex -80.84380507702515 -72.34163449172108 9.99
    endloop
  endfacet
  facet normal 0 0 -1
    outer loop
      vertex -80.84380507702515 -72.34163449172108 9.99
      vertex -81.01291569515574 -66.22719896612226 9.99
      vertex -80.49808732224301 -72.06167777390647 9.99
    endloop
  endfacet
  facet normal 0 0 -1
    outer loop
      vertex -80.49808732224301 -72.06167777390647 9.99
      vertex -81.01291569515574 -66.22719896612226 9.99
      vertex -80.125 -71.81939203391613 9.99
    endloop
  endfacet
  facet normal 0 0 -1
    outer loop
      vertex -81.15836550827892 -72.65619492297485 9.99
      vertex -81.96568226998905 -66.59293178798464 9.99
      vertex -81.01291569515574 -66.22719896612226 9.99
    endloop
  endfacet
  facet normal 0 0 -1
    outer loop
      vertex -80.125 -71.81939203391613 9.99
      vertex -81.01291569515574 -66.22719896612226 9.99
      vertex -80.02713898547316 -65.96306089284539 9.99
    endloop
  endfacet
  facet normal 0 0 -1
    outer loop
      vertex -80.125 -71.81939203391613 9.99
      vertex -80.02713898547316 -65.96306089284539 9.99
      vertex -79.72863073307215 -71.61743180501895 9.99
    endloop
  endfacet
  facet normal 0 0 -1
    outer loop
      vertex -79.72863073307215 -71.61743180501895 9.99
      vertex -80.02713898547316 -65.96306089284539 9.99
      vertex -79.31332222609353 -71.4580098057456 9.99
    endloop
  endfacet
  facet normal 0 0 -1
    outer loop
      vertex -79.31332222609353 -71.4580098057456 9.99
      vertex -79.01915251685962 -65.80341152015933 9.99
      vertex -78.88362468597548 -71.34287269688133 9.99
    endloop
  endfacet
  facet normal 0 0 -1
    outer loop
      vertex -78.88362468597548 -71.34287269688133 9.99
      vertex -79.01915251685962 -65.80341152015933 9.99
      vertex -78.44424596888753 -71.27328194468484 9.99
    endloop
  endfacet
  facet normal 0 0 -1
    outer loop
      vertex -78.44424596888753 -71.27328194468484 9.99
      vertex -79.01915251685962 -65.80341152015933 9.99
      vertex -78 -71.25 9.99
    endloop
  endfacet
  facet normal 0 0 -1
    outer loop
      vertex -78 -71.25 9.99
      vertex -76.98084748314038 -65.80341152015933 9.99
      vertex -77.55575403111247 -71.27328194468484 9.99
    endloop
  endfacet
  facet normal 0 0 -1
    outer loop
      vertex -77.55575403111247 -71.27328194468484 9.99
      vertex -76.98084748314038 -65.80341152015933 9.99
      vertex -77.11637531402452 -71.34287269688133 9.99
    endloop
  endfacet
  facet normal 0 0 -1
    outer loop
      vertex -77.11637531402452 -71.34287269688133 9.99
      vertex -76.98084748314038 -65.80341152015933 9.99
      vertex -76.68667777390647 -71.4580098057456 9.99
    endloop
  endfacet
  facet normal 0 0 -1
    outer loop
      vertex -79.31332222609353 -71.4580098057456 9.99
      vertex -80.02713898547316 -65.96306089284539 9.99
      vertex -79.01915251685962 -65.80341152015933 9.99
    endloop
  endfacet
  facet normal 0 0 -1
    outer loop
      vertex -78 -71.25 9.99
      vertex -79.01915251685962 -65.80341152015933 9.99
      vertex -78 -65.75 9.99
    endloop
  endfacet
  facet normal 0 0 -1
    outer loop
      vertex -78 -71.25 9.99
      vertex -78 -65.75 9.99
      vertex -76.98084748314038 -65.80341152015933 9.99
    endloop
  endfacet
  facet normal 0 0 -1
    outer loop
      vertex -76.98084748314038 -85.19658847984067 9.99
      vertex -76.68667777390647 -79.5419901942544 9.99
      vertex -75.97286101452684 -85.03693910715461 9.99
    endloop
  endfacet
  facet normal 0 0 -1
    outer loop
      vertex -75.97286101452684 -85.03693910715461 9.99
      vertex -75.875 -79.18060796608387 9.99
      vertex -74.98708430484426 -84.77280103387774 9.99
    endloop
  endfacet
  facet normal 0 0 -1
    outer loop
      vertex -74.98708430484426 -84.77280103387774 9.99
      vertex -74.84163449172108 -78.34380507702515 9.99
      vertex -74.03431773001095 -84.40706821201536 9.99
    endloop
  endfacet
  facet normal 0 0 -1
    outer loop
      vertex -76.68667777390647 -79.5419901942544 9.99
      vertex -76.27136926692785 -79.38256819498105 9.99
      vertex -75.97286101452684 -85.03693910715461 9.99
    endloop
  endfacet
  facet normal 0 0 -1
    outer loop
      vertex -75.97286101452684 -85.03693910715461 9.99
      vertex -76.27136926692785 -79.38256819498105 9.99
      vertex -75.875 -79.18060796608387 9.99
    endloop
  endfacet
  facet normal 0 0 -1
    outer loop
      vertex -74.98708430484426 -84.77280103387774 9.99
      vertex -75.875 -79.18060796608387 9.99
      vertex -75.50191267775699 -78.93832222609353 9.99
    endloop
  endfacet
  facet normal 0 0 -1
    outer loop
      vertex -74.98708430484426 -84.77280103387774 9.99
      vertex -75.50191267775699 -78.93832222609353 9.99
      vertex -75.15619492297485 -78.65836550827892 9.99
    endloop
  endfacet
  facet normal 0 0 -1
    outer loop
      vertex -74.03431773001095 -84.40706821201536 9.99
      vertex -73.9580098057456 -76.81332222609353 9.99
      vertex -73.125 -83.94374768689828 9.99
    endloop
  endfacet
  facet normal 0 0 -1
    outer loop
      vertex -74.98708430484426 -84.77280103387774 9.99
      vertex -75.15619492297485 -78.65836550827892 9.99
      vertex -74.84163449172108 -78.34380507702515 9.99
    endloop
  endfacet
  facet normal 0 0 -1
    outer loop
      vertex -74.03431773001095 -84.40706821201536 9.99
      vertex -74.84163449172108 -78.34380507702515 9.99
      vertex -74.56167777390647 -77.99808732224301 9.99
    endloop
  endfacet
  facet normal 0 0 -1
    outer loop
      vertex -74.03431773001095 -84.40706821201536 9.99
      vertex -74.56167777390647 -77.99808732224301 9.99
      vertex -74.31939203391613 -77.625 9.99
    endloop
  endfacet
  facet normal 0 0 -1
    outer loop
      vertex -74.03431773001095 -84.40706821201536 9.99
      vertex -74.31939203391613 -77.625 9.99
      vertex -74.11743180501895 -77.22863073307215 9.99
    endloop
  endfacet
  facet normal 0 0 -1
    outer loop
      vertex -74.03431773001095 -84.40706821201536 9.99
      vertex -74.11743180501895 -77.22863073307215 9.99
      vertex -73.9580098057456 -76.81332222609353 9.99
    endloop
  endfacet
  facet normal 0 0 -1
    outer loop
      vertex -73.125 -83.94374768689828 9.99
      vertex -73.9580098057456 -76.81332222609353 9.99
      vertex -73.84287269688133 -76.38362468597548 9.99
    endloop
  endfacet
  facet normal 0 0 -1
    outer loop
      vertex -73.125 -83.94374768689828 9.99
      vertex -73.84287269688133 -76.38362468597548 9.99
      vertex -73.77328194468484 -75.94424596888753 9.99
    endloop
  endfacet
  facet normal 0 0 -1
    outer loop
      vertex -73.125 -83.94374768689828 9.99
      vertex -73.77328194468484 -75.94424596888753 9.99
      vertex -73.75 -75.5 9.99
    endloop
  endfacet
  facet normal 0 0 -1
    outer loop
      vertex -73.125 -83.94374768689828 9.99
      vertex -73.75 -75.5 9.99
      vertex -73.77328194468484 -75.05575403111247 9.99
    endloop
  endfacet
  facet normal 0 0 -1
    outer loop
      vertex -73.125 -83.94374768689828 9.99
      vertex -73.125 -67.05625231310172 9.99
      vertex -72.26909379014839 -83.38791569515574 9.99
    endloop
  endfacet
  facet normal 0 0 -1
    outer loop
      vertex -72.26909379014839 -83.38791569515574 9.99
      vertex -72.26909379014839 -67.61208430484426 9.99
      vertex -71.47597658800113 -82.7456620484046 9.99
    endloop
  endfacet
  facet normal 0 0 -1
    outer loop
      vertex -71.47597658800113 -82.7456620484046 9.99
      vertex -71.47597658800113 -68.2543379515954 9.99
      vertex -70.7543379515954 -82.02402341199887 9.99
    endloop
  endfacet
  facet normal 0 0 -1
    outer loop
      vertex -70.7543379515954 -82.02402341199887 9.99
      vertex -70.7543379515954 -68.97597658800113 9.99
      vertex -70.11208430484426 -81.23090620985161 9.99
    endloop
  endfacet
  facet normal 0 0 -1
    outer loop
      vertex -70.11208430484426 -81.23090620985161 9.99
      vertex -70.11208430484426 -69.76909379014839 9.99
      vertex -69.55625231310172 -80.375 9.99
    endloop
  endfacet
  facet normal 0 0 -1
    outer loop
      vertex -69.55625231310172 -80.375 9.99
      vertex -69.55625231310172 -70.625 9.99
      vertex -69.09293178798464 -79.46568226998905 9.99
    endloop
  endfacet
  facet normal 0 0 -1
    outer loop
      vertex -73.125 -83.94374768689828 9.99
      vertex -73.77328194468484 -75.05575403111247 9.99
      vertex -74.03431773001095 -66.59293178798464 9.99
    endloop
  endfacet
  facet normal 0 0 -1
    outer loop
      vertex -73.77328194468484 -75.05575403111247 9.99
      vertex -73.84287269688133 -74.61637531402452 9.99
      vertex -74.03431773001095 -66.59293178798464 9.99
    endloop
  endfacet
  facet normal 0 0 -1
    outer loop
      vertex -73.84287269688133 -74.61637531402452 9.99
      vertex -73.9580098057456 -74.18667777390647 9.99
      vertex -74.03431773001095 -66.59293178798464 9.99
    endloop
  endfacet
  facet normal 0 0 -1
    outer loop
      vertex -74.11743180501895 -73.77136926692785 9.99
      vertex -74.31939203391613 -73.375 9.99
      vertex -74.03431773001095 -66.59293178798464 9.99
    endloop
  endfacet
  facet normal 0 0 -1
    outer loop
      vertex -73.9580098057456 -74.18667777390647 9.99
      vertex -74.11743180501895 -73.77136926692785 9.99
      vertex -74.03431773001095 -66.59293178798464 9.99
    endloop
  endfacet
  facet normal 0 0 -1
    outer loop
      vertex -73.125 -83.94374768689828 9.99
      vertex -74.03431773001095 -66.59293178798464 9.99
      vertex -73.125 -67.05625231310172 9.99
    endloop
  endfacet
  facet normal 0 0 -1
    outer loop
      vertex -72.26909379014839 -83.38791569515574 9.99
      vertex -73.125 -67.05625231310172 9.99
      vertex -72.26909379014839 -67.61208430484426 9.99
    endloop
  endfacet
  facet normal 0 0 -1
    outer loop
      vertex -71.47597658800113 -82.7456620484046 9.99
      vertex -72.26909379014839 -67.61208430484426 9.99
      vertex -71.47597658800113 -68.2543379515954 9.99
    endloop
  endfacet
  facet normal 0 0 -1
    outer loop
      vertex -70.7543379515954 -82.02402341199887 9.99
      vertex -71.47597658800113 -68.2543379515954 9.99
      vertex -70.7543379515954 -68.97597658800113 9.99
    endloop
  endfacet
  facet normal 0 0 -1
    outer loop
      vertex -76.27136926692785 -71.61743180501895 9.99
      vertex -75.97286101452684 -65.96306089284539 9.99
      vertex -75.875 -71.81939203391613 9.99
    endloop
  endfacet
  facet normal 0 0 -1
    outer loop
      vertex -75.50191267775699 -72.06167777390647 9.99
      vertex -75.875 -71.81939203391613 9.99
      vertex -74.98708430484426 -66.22719896612226 9.99
    endloop
  endfacet
  facet normal 0 0 -1
    outer loop
      vertex -76.68667777390647 -71.4580098057456 9.99
      vertex -75.97286101452684 -65.96306089284539 9.99
      vertex -76.27136926692785 -71.61743180501895 9.99
    endloop
  endfacet
  facet normal 0 0 -1
    outer loop
      vertex -74.84163449172108 -72.65619492297485 9.99
      vertex -74.03431773001095 -66.59293178798464 9.99
      vertex -74.56167777390647 -73.00191267775699 9.99
    endloop
  endfacet
  facet normal 0 0 -1
    outer loop
      vertex -75.50191267775699 -72.06167777390647 9.99
      vertex -74.98708430484426 -66.22719896612226 9.99
      vertex -75.15619492297485 -72.34163449172108 9.99
    endloop
  endfacet
  facet normal 0 0 -1
    outer loop
      vertex -75.15619492297485 -72.34163449172108 9.99
      vertex -74.98708430484426 -66.22719896612226 9.99
      vertex -74.84163449172108 -72.65619492297485 9.99
    endloop
  endfacet
  facet normal 0 0 -1
    outer loop
      vertex -74.31939203391613 -73.375 9.99
      vertex -74.56167777390647 -73.00191267775699 9.99
      vertex -74.03431773001095 -66.59293178798464 9.99
    endloop
  endfacet
  facet normal 0 0 -1
    outer loop
      vertex -74.84163449172108 -72.65619492297485 9.99
      vertex -74.98708430484426 -66.22719896612226 9.99
      vertex -74.03431773001095 -66.59293178798464 9.99
    endloop
  endfacet
  facet normal 0 0 -1
    outer loop
      vertex -76.68667777390647 -71.4580098057456 9.99
      vertex -76.98084748314038 -65.80341152015933 9.99
      vertex -75.97286101452684 -65.96306089284539 9.99
    endloop
  endfacet
  facet normal 0 0 -1
    outer loop
      vertex -75.875 -71.81939203391613 9.99
      vertex -75.97286101452684 -65.96306089284539 9.99
      vertex -74.98708430484426 -66.22719896612226 9.99
    endloop
  endfacet
  facet normal 0 0 -1
    outer loop
      vertex -69.09293178798464 -79.46568226998905 9.99
      vertex -69.09293178798464 -71.53431773001095 9.99
      vertex -68.72719896612226 -78.51291569515574 9.99
    endloop
  endfacet
  facet normal 0 0 -1
    outer loop
      vertex -69.09293178798464 -79.46568226998905 9.99
      vertex -69.55625231310172 -70.625 9.99
      vertex -69.09293178798464 -71.53431773001095 9.99
    endloop
  endfacet
  facet normal 0 0 -1
    outer loop
      vertex -68.72719896612226 -78.51291569515574 9.99
      vertex -69.09293178798464 -71.53431773001095 9.99
      vertex -68.72719896612226 -72.48708430484426 9.99
    endloop
  endfacet
  facet normal 0 0 -1
    outer loop
      vertex -68.72719896612226 -78.51291569515574 9.99
      vertex -68.72719896612226 -72.48708430484426 9.99
      vertex -68.46306089284539 -77.52713898547316 9.99
    endloop
  endfacet
  facet normal 0 0 -1
    outer loop
      vertex -68.46306089284539 -77.52713898547316 9.99
      vertex -68.46306089284539 -73.47286101452684 9.99
      vertex -68.30341152015933 -76.51915251685962 9.99
    endloop
  endfacet
  facet normal 0 0 -1
    outer loop
      vertex -68.30341152015933 -76.51915251685962 9.99
      vertex -68.30341152015933 -74.48084748314038 9.99
      vertex -68.25 -75.5 9.99
    endloop
  endfacet
  facet normal 0 0 -1
    outer loop
      vertex -68.30341152015933 -76.51915251685962 9.99
      vertex -68.46306089284539 -73.47286101452684 9.99
      vertex -68.30341152015933 -74.48084748314038 9.99
    endloop
  endfacet
  facet normal 0 0 -1
    outer loop
      vertex -68.46306089284539 -77.52713898547316 9.99
      vertex -68.72719896612226 -72.48708430484426 9.99
      vertex -68.46306089284539 -73.47286101452684 9.99
    endloop
  endfacet
  facet normal 0 0 -1
    outer loop
      vertex -70.11208430484426 -81.23090620985161 9.99
      vertex -70.7543379515954 -68.97597658800113 9.99
      vertex -70.11208430484426 -69.76909379014839 9.99
    endloop
  endfacet
  facet normal 0 0 -1
    outer loop
      vertex -69.55625231310172 -80.375 9.99
      vertex -70.11208430484426 -69.76909379014839 9.99
      vertex -69.55625231310172 -70.625 9.99
    endloop
  endfacet
  facet normal 0 0 1
    outer loop
      vertex -80 -64.5 2
      vertex -80 -63.683837949796256 2
      vertex -90 -64.5 2
    endloop
  endfacet
  facet normal 0 0 1
    outer loop
      vertex -80 -63.683837949796256 2
      vertex -80 -14.791553898661284 2
      vertex -90 -64.5 2
    endloop
  endfacet
  facet normal 0 0 1
    outer loop
      vertex -79.3319320678711 -63.57802638411522 2
      vertex -80 -14.791553898661284 2
      vertex -80 -63.683837949796256 2
    endloop
  endfacet
  facet normal -0.7771459589704364 -0.6293203941204519 0
    outer loop
      vertex -88.45886895060539 -85.51478363573551 2
      vertex -88.85410196334124 -85.02671151608229 60
      vertex -88.85410196334124 -85.02671151608229 2
    endloop
  endfacet
  facet normal -0.5446390406067345 -0.8386705643141267 0
    outer loop
      vertex -87.52671151608229 -86.35410196334124 2
      vertex -87 -86.69615242630243 2
      vertex -87.52671151608229 -86.35410196334124 60
    endloop
  endfacet
  facet normal -0.4539904916265432 -0.8910065283221495 0
    outer loop
      vertex -87 -86.69615242630243 2
      vertex -86.44041986018419 -86.98127274215221 2
      vertex -87 -86.69615242630243 60
    endloop
  endfacet
  facet normal -0.7071067811865476 -0.7071067811865476 0
    outer loop
      vertex -88.45886895060539 -85.51478363573551 2
      vertex -88.01478363573551 -85.95886895060539 2
      vertex -88.45886895060539 -85.51478363573551 60
    endloop
  endfacet
  facet normal -0.6293203941204519 -0.7771459589704364 0
    outer loop
      vertex -87.52671151608229 -86.35410196334124 2
      vertex -88.01478363573551 -85.95886895060539 60
      vertex -88.01478363573551 -85.95886895060539 2
    endloop
  endfacet
  facet normal -0.8910065283221495 -0.4539904916265432 0
    outer loop
      vertex -89.19615242630243 -84.5 2
      vertex -89.48127274215221 -83.94041986018419 60
      vertex -89.48127274215221 -83.94041986018419 2
    endloop
  endfacet
  facet normal -0.9335804250773435 -0.3583679532441575 0
    outer loop
      vertex -89.48127274215221 -83.94041986018419 2
      vertex -89.70633909851313 -83.35410196334124 60
      vertex -89.70633909851313 -83.35410196334124 2
    endloop
  endfacet
  facet normal -0.8386705643141267 -0.5446390406067345 0
    outer loop
      vertex -88.85410196334124 -85.02671151608229 2
      vertex -89.19615242630243 -84.5 60
      vertex -89.19615242630243 -84.5 2
    endloop
  endfacet
  facet normal -0.9659258251084867 -0.25881904950851087 0
    outer loop
      vertex -89.70633909851313 -83.35410196334124 2
      vertex -89.86888560652733 -82.74747014790773 60
      vertex -89.86888560652733 -82.74747014790773 2
    endloop
  endfacet
  facet normal -0.9876883421006546 -0.15643445553477123 0
    outer loop
      vertex -89.86888560652733 -82.74747014790773 2
      vertex -89.9671313688159 -82.12717077881098 60
      vertex -89.9671313688159 -82.12717077881098 2
    endloop
  endfacet
  facet normal -0.3583679532441575 -0.9335804250773435 0
    outer loop
      vertex -86.44041986018419 -86.98127274215221 2
      vertex -85.85410196334124 -87.20633909851313 2
      vertex -86.44041986018419 -86.98127274215221 60
    endloop
  endfacet
  facet normal -0.25881904950851087 -0.9659258251084867 0
    outer loop
      vertex -85.85410196334124 -87.20633909851313 2
      vertex -85.24747014790773 -87.36888560652733 2
      vertex -85.85410196334124 -87.20633909851313 60
    endloop
  endfacet
  facet normal -0.15643445553477123 -0.9876883421006546 0
    outer loop
      vertex -85.24747014790773 -87.36888560652733 2
      vertex -84.62717077881098 -87.4671313688159 2
      vertex -85.24747014790773 -87.36888560652733 60
    endloop
  endfacet
  facet normal -0.05233596169807261 -0.9986295344686825 0
    outer loop
      vertex -84.62717077881098 -87.4671313688159 2
      vertex -84 -87.5 2
      vertex -84.62717077881098 -87.4671313688159 60
    endloop
  endfacet
  facet normal -0.9986295344686825 -0.05233596169807261 0
    outer loop
      vertex -89.9671313688159 -82.12717077881098 2
      vertex -90 -81.5 60
      vertex -90 -81.5 2
    endloop
  endfacet
  facet normal -1 0 0
    outer loop
      vertex -90 -81.5 2
      vertex -90 -81.5 60
      vertex -90 -64.5 2
    endloop
  endfacet
  facet normal 0.809016993965044 0.5877852528566571 0
    outer loop
      vertex -66.3857725635171 -82.13391711562872 2
      vertex -66.3857725635171 -82.13391711562872 60
      vertex -66.20119874179363 -82.3879611864686 2
    endloop
  endfacet
  facet normal 0.5877852528566571 0.809016993965044 0
    outer loop
      vertex -65.75772203505039 -82.83143789321184 2
      vertex -65.75772203505039 -82.83143789321184 60
      vertex -65.50367796421051 -83.0160117149353 2
    endloop
  endfacet
  facet normal 0.7431448177612163 0.669130614928542 0
    outer loop
      vertex -66.20119874179363 -82.3879611864686 2
      vertex -66.20119874179363 -82.3879611864686 60
      vertex -65.99108120054007 -82.62132035195827 2
    endloop
  endfacet
  facet normal 0.669130614928542 0.7431448177612163 0
    outer loop
      vertex -65.75772203505039 -82.83143789321184 2
      vertex -65.99108120054007 -82.62132035195827 2
      vertex -65.99108120054007 -82.62132035195827 60
    endloop
  endfacet
  facet normal 0.20791167136554337 0.9781476048685016 0
    outer loop
      vertex -64.33906424790621 -83.46306502074003 2
      vertex -64.64621799439192 -83.39777748286724 2
      vertex -64.64621799439192 -83.39777748286724 60
    endloop
  endfacet
  facet normal 0.10452847116952206 0.9945218945377534 0
    outer loop
      vertex -64.33906424790621 -83.46306502074003 2
      vertex -64.33906424790621 -83.46306502074003 60
      vertex -64.02676872164011 -83.49588860571384 2
    endloop
  endfacet
  facet normal 0.02617694208405647 0.9996573251385336 0
    outer loop
      vertex -64.02676872164011 -83.49588860571384 2
      vertex -64.02676872164011 -83.49588860571384 60
      vertex -63.86976087093353 -83.5 2
    endloop
  endfacet
  facet normal 0.4999999859045104 0.8660254119224732 0
    outer loop
      vertex -65.50367796421051 -83.0160117149353 2
      vertex -65.50367796421051 -83.0160117149353 60
      vertex -65.23173235356808 -83.17301958054304 2
    endloop
  endfacet
  facet normal 0.40673663936662624 0.9135454592940316 0
    outer loop
      vertex -65.23173235356808 -83.17301958054304 2
      vertex -65.23173235356808 -83.17301958054304 60
      vertex -64.94486470520496 -83.30074128508568 2
    endloop
  endfacet
  facet normal 0.3090169921374998 0.9510565170221443 0
    outer loop
      vertex -64.94486470520496 -83.30074128508568 2
      vertex -64.94486470520496 -83.30074128508568 60
      vertex -64.64621799439192 -83.39777748286724 2
    endloop
  endfacet
  facet normal 0.95105651004902 0.3090170135985689 0
    outer loop
      vertex -66.67050214111805 -81.57510386407375 2
      vertex -66.7675383463502 -81.27645715326071 2
      vertex -66.7675383463502 -81.27645715326071 60
    endloop
  endfacet
  facet normal 0.8660253957167849 0.500000013973586 0
    outer loop
      vertex -66.3857725635171 -82.13391711562872 2
      vertex -66.54278043657541 -81.86197151243687 2
      vertex -66.54278043657541 -81.86197151243687 60
    endloop
  endfacet
  facet normal 0.9135454592940316 0.40673663936662624 0
    outer loop
      vertex -66.54278043657541 -81.86197151243687 2
      vertex -66.67050214111805 -81.57510386407375 2
      vertex -66.67050214111805 -81.57510386407375 60
    endloop
  endfacet
  facet normal 0.9781475990175839 0.20791169889194822 0
    outer loop
      vertex -66.7675383463502 -81.27645715326071 2
      vertex -66.83282589167356 -80.96930341422558 2
      vertex -66.83282589167356 -80.96930341422558 60
    endloop
  endfacet
  facet normal 0.9945218945377534 0.10452847116952206 0
    outer loop
      vertex -66.83282589167356 -80.96930341422558 2
      vertex -66.86564947664738 -80.65700788795948 2
      vertex -66.86564947664738 -80.65700788795948 60
    endloop
  endfacet
  facet normal 1 0 0
    outer loop
      vertex -66.86564947664738 -80.65700788795948 2
      vertex -66.86564947664738 -80.34299214929342 2
      vertex -66.86564947664738 -80.34299214929342 60
    endloop
  endfacet
  facet normal 0.9945218945377534 -0.10452847116952206 0
    outer loop
      vertex -66.86564947664738 -80.34299214929342 2
      vertex -66.83282589167356 -80.03069662302732 2
      vertex -66.83282589167356 -80.03069662302732 60
    endloop
  endfacet
  facet normal 0.9781476048685016 -0.20791167136554337 0
    outer loop
      vertex -66.83282589167356 -80.03069662302732 2
      vertex -66.76753835380077 -79.72354287654161 2
      vertex -66.76753835380077 -79.72354287654161 60
    endloop
  endfacet
  facet normal 0.9510565170221443 -0.3090169921374998 0
    outer loop
      vertex -66.76753835380077 -79.72354287654161 2
      vertex -66.67050215601921 -79.42489616572857 2
      vertex -66.67050215601921 -79.42489616572857 60
    endloop
  endfacet
  facet normal 0.9335804208252607 -0.3583679643212113 0
    outer loop
      vertex -66.67050215601921 -79.42489616572857 2
      vertex -66.61547439545393 -79.28154395520687 2
      vertex -66.61547439545393 -79.28154395520687 60
    endloop
  endfacet
  facet normal 0.9510565224714396 -0.30901697536629286 0
    outer loop
      vertex -66.61547439545393 -79.28154395520687 2
      vertex -66.56698954850435 -79.13232292979956 2
      vertex -66.56698954850435 -79.13232292979956 60
    endloop
  endfacet
  facet normal 0.9659258271680096 -0.2588190418222672 0
    outer loop
      vertex -66.56698954850435 -79.13232292979956 2
      vertex -66.28256103396416 -78.0708212479949 2
      vertex -66.28256103396416 -78.0708212479949 60
    endloop
  endfacet
  facet normal 0.9781475988388045 -0.20791169973303814 0
    outer loop
      vertex -66.28256103396416 -78.0708212479949 2
      vertex -66.24993965029716 -77.91734971106052 2
      vertex -66.24993965029716 -77.91734971106052 60
    endloop
  endfacet
  facet normal 0.9876883400008707 -0.15643446879228512 0
    outer loop
      vertex -66.24993965029716 -77.91734971106052 2
      vertex -66.07802639901638 -76.83193218708038 2
      vertex -66.07802639901638 -76.83193218708038 60
    endloop
  endfacet
  facet normal 0.9945218960590235 -0.1045284566956052 0
    outer loop
      vertex -66.07802639901638 -76.83193218708038 2
      vertex -66.06162585318089 -76.67589140683413 2
      vertex -66.06162585318089 -76.67589140683413 60
    endloop
  endfacet
  facet normal 0.5877852764175114 0.8090169768470806 0
    outer loop
      vertex -71.01246091723442 -65.74901052564383 2
      vertex -71.01246091723442 -65.74901052564383 60
      vertex -70.88552622497082 -65.8412339836359 2
    endloop
  endfacet
  facet normal 0.6293203872485708 0.7771459645351759 0
    outer loop
      vertex -70.88552622497082 -65.8412339836359 2
      vertex -70.88552622497082 -65.8412339836359 60
      vertex -70.03148353099823 -66.53282411396503 2
    endloop
  endfacet
  facet normal 0.9986295349511297 -0.05233595249243526 0
    outer loop
      vertex -66.06162585318089 -76.67589140683413 2
      vertex -66.00411139428616 -75.57845007628202 2
      vertex -66.00411139428616 -75.57845007628202 60
    endloop
  endfacet
  facet normal 1 0 0
    outer loop
      vertex -66.00411139428616 -75.57845007628202 2
      vertex -66.00411139428616 -75.4215499162674 2
      vertex -66.00411139428616 -75.4215499162674 60
    endloop
  endfacet
  facet normal 0.9986295348939128 0.052335953584199485 0
    outer loop
      vertex -66.00411139428616 -75.4215499162674 2
      vertex -66.06162586063147 -74.324108466506 2
      vertex -66.06162586063147 -74.324108466506 60
    endloop
  endfacet
  facet normal 0.9945218942654319 0.10452847376048861 0
    outer loop
      vertex -66.06162586063147 -74.324108466506 2
      vertex -66.07802638411522 -74.16806792467833 2
      vertex -66.07802638411522 -74.16806792467833 60
    endloop
  endfacet
  facet normal 0.9781475988388045 0.20791169973303814 0
    outer loop
      vertex -66.28256103396416 -72.92917874455452 2
      vertex -66.28256103396416 -72.92917874455452 60
      vertex -66.24993965029716 -73.0826502814889 2
    endloop
  endfacet
  facet normal 0.9876883405604088 0.15643446525950055 0
    outer loop
      vertex -66.07802638411522 -74.16806792467833 2
      vertex -66.24993965029716 -73.0826502814889 2
      vertex -66.24993965029716 -73.0826502814889 60
    endloop
  endfacet
  facet normal 0.9659258279546319 0.25881903888655244 0
    outer loop
      vertex -66.28256103396416 -72.92917874455452 2
      vertex -66.56698954105377 -71.86767707765102 2
      vertex -66.56698954105377 -71.86767707765102 60
    endloop
  endfacet
  facet normal 0.9510565172324066 0.30901699149037953 0
    outer loop
      vertex -66.56698954105377 -71.86767707765102 2
      vertex -66.61547440290451 -71.7184560149908 2
      vertex -66.61547440290451 -71.7184560149908 60
    endloop
  endfacet
  facet normal 0.891006524892196 0.45399049835820615 0
    outer loop
      vertex -67.57203072309494 -69.56999537348747 2
      vertex -67.57203072309494 -69.56999537348747 60
      vertex -67.07311893254519 -70.54916489869356 2
    endloop
  endfacet
  facet normal 0.8386705677124385 0.5446390353737932 0
    outer loop
      vertex -68.24901052564383 -68.51246091723442 2
      vertex -68.24901052564383 -68.51246091723442 60
      vertex -67.65048070251942 -69.43411602079868 2
    endloop
  endfacet
  facet normal 0.8090169768470806 0.5877852764175114 0
    outer loop
      vertex -68.3412339836359 -68.38552622497082 2
      vertex -68.3412339836359 -68.38552622497082 60
      vertex -68.24901052564383 -68.51246091723442 2
    endloop
  endfacet
  facet normal 0.866025407724629 0.4999999931753902 0
    outer loop
      vertex -67.57203072309494 -69.56999537348747 2
      vertex -67.65048070251942 -69.43411602079868 2
      vertex -67.65048070251942 -69.43411602079868 60
    endloop
  endfacet
  facet normal 0.777145965165893 0.6293203864697001 0
    outer loop
      vertex -68.3412339836359 -68.38552622497082 2
      vertex -69.03282410651445 -67.53148353844881 2
      vertex -69.03282410651445 -67.53148353844881 60
    endloop
  endfacet
  facet normal 0.7431448226754975 0.6691306094706797 0
    outer loop
      vertex -69.13781078904867 -67.41488401591778 2
      vertex -69.13781078904867 -67.41488401591778 60
      vertex -69.03282410651445 -67.53148353844881 2
    endloop
  endfacet
  facet normal 0.6691306042468929 0.7431448273790162 0
    outer loop
      vertex -70.03148353099823 -66.53282411396503 2
      vertex -70.03148353099823 -66.53282411396503 60
      vertex -69.91488402336836 -66.63781078159809 2
    endloop
  endfacet
  facet normal 0.7071067811865476 0.7071067811865476 0
    outer loop
      vertex -69.13781078904867 -67.41488401591778 2
      vertex -69.91488402336836 -66.63781078159809 2
      vertex -69.91488402336836 -66.63781078159809 60
    endloop
  endfacet
  facet normal 0.9335804257759017 0.35836795142435096 0
    outer loop
      vertex -66.61547440290451 -71.7184560149908 2
      vertex -67.00930194556713 -70.6925001963973 2
      vertex -67.00930194556713 -70.6925001963973 60
    endloop
  endfacet
  facet normal 0.913545455693305 0.4067366474539906 0
    outer loop
      vertex -67.00930194556713 -70.6925001963973 2
      vertex -67.07311893254519 -70.54916489869356 2
      vertex -67.07311893254519 -70.54916489869356 60
    endloop
  endfacet
  facet normal 0.9335804264972004 0.35836794954530393 0
    outer loop
      vertex -82.0419901942544 -76.81332222609353 9.99
      vertex -82.0419901942544 -76.81332222609353 60
      vertex -81.88256819498105 -77.22863073307215 9.99
    endloop
  endfacet
  facet normal 0.7071067811865476 0.7071067811865476 0
    outer loop
      vertex -81.15836550827892 -78.34380507702515 9.99
      vertex -81.15836550827892 -78.34380507702515 60
      vertex -80.84380507702515 -78.65836550827892 9.99
    endloop
  endfacet
  facet normal 0.7771459614569629 0.629320391049847 0
    outer loop
      vertex -81.43832222609353 -77.99808732224301 9.99
      vertex -81.43832222609353 -77.99808732224301 60
      vertex -81.15836550827892 -78.34380507702515 9.99
    endloop
  endfacet
  facet normal 0.629320391049847 0.7771459614569629 0
    outer loop
      vertex -80.84380507702515 -78.65836550827892 9.99
      vertex -80.84380507702515 -78.65836550827892 60
      vertex -80.49808732224301 -78.93832222609353 9.99
    endloop
  endfacet
  facet normal 0.5446390350150269 0.8386705679454243 0
    outer loop
      vertex -80.49808732224301 -78.93832222609353 9.99
      vertex -80.49808732224301 -78.93832222609353 60
      vertex -80.125 -79.18060796608387 9.99
    endloop
  endfacet
  facet normal 0.8386705679454243 0.5446390350150269 0
    outer loop
      vertex -81.68060796608387 -77.625 9.99
      vertex -81.68060796608387 -77.625 60
      vertex -81.43832222609353 -77.99808732224301 9.99
    endloop
  endfacet
  facet normal 0.8910065241883779 0.453990499739527 0
    outer loop
      vertex -81.68060796608387 -77.625 9.99
      vertex -81.88256819498105 -77.22863073307215 9.99
      vertex -81.88256819498105 -77.22863073307215 60
    endloop
  endfacet
  facet normal 0.35836794954530393 0.9335804264972004 0
    outer loop
      vertex -79.72863073307215 -79.38256819498105 9.99
      vertex -79.72863073307215 -79.38256819498105 60
      vertex -79.31332222609353 -79.5419901942544 9.99
    endloop
  endfacet
  facet normal 0.2588190451025243 0.9659258262890673 0
    outer loop
      vertex -79.31332222609353 -79.5419901942544 9.99
      vertex -79.31332222609353 -79.5419901942544 60
      vertex -78.88362468597548 -79.65712730311867 9.99
    endloop
  endfacet
  facet normal 0.15643446504023617 0.9876883405951369 0
    outer loop
      vertex -78.88362468597548 -79.65712730311867 9.99
      vertex -78.88362468597548 -79.65712730311867 60
      vertex -78.44424596888753 -79.72671805531516 9.99
    endloop
  endfacet
  facet normal 0.05233595624294645 0.9986295347545736 0
    outer loop
      vertex -78.44424596888753 -79.72671805531516 9.99
      vertex -78.44424596888753 -79.72671805531516 60
      vertex -78 -79.75 9.99
    endloop
  endfacet
  facet normal -0.05233595624294645 0.9986295347545736 0
    outer loop
      vertex -78 -79.75 9.99
      vertex -78 -79.75 60
      vertex -77.55575403111247 -79.72671805531516 9.99
    endloop
  endfacet
  facet normal -0.15643446504023617 0.9876883405951369 0
    outer loop
      vertex -77.55575403111247 -79.72671805531516 9.99
      vertex -77.55575403111247 -79.72671805531516 60
      vertex -77.11637531402452 -79.65712730311867 9.99
    endloop
  endfacet
  facet normal -0.2588190451025243 0.9659258262890673 0
    outer loop
      vertex -77.11637531402452 -79.65712730311867 9.99
      vertex -77.11637531402452 -79.65712730311867 60
      vertex -76.68667777390647 -79.5419901942544 9.99
    endloop
  endfacet
  facet normal 0.453990499739527 0.8910065241883779 0
    outer loop
      vertex -79.72863073307215 -79.38256819498105 9.99
      vertex -80.125 -79.18060796608387 9.99
      vertex -80.125 -79.18060796608387 60
    endloop
  endfacet
  facet normal 0.9659258262890673 0.2588190451025243 0
    outer loop
      vertex -82.0419901942544 -76.81332222609353 9.99
      vertex -82.15712730311867 -76.38362468597548 9.99
      vertex -82.15712730311867 -76.38362468597548 60
    endloop
  endfacet
  facet normal 0.9876883405951369 0.15643446504023617 0
    outer loop
      vertex -82.15712730311867 -76.38362468597548 9.99
      vertex -82.22671805531516 -75.94424596888753 9.99
      vertex -82.22671805531516 -75.94424596888753 60
    endloop
  endfacet
  facet normal 0.9986295347545736 0.05233595624294645 0
    outer loop
      vertex -82.22671805531516 -75.94424596888753 9.99
      vertex -82.25 -75.5 9.99
      vertex -82.25 -75.5 60
    endloop
  endfacet
  facet normal 0.9986295347545736 -0.05233595624294645 0
    outer loop
      vertex -82.25 -75.5 9.99
      vertex -82.22671805531516 -75.05575403111247 9.99
      vertex -82.22671805531516 -75.05575403111247 60
    endloop
  endfacet
  facet normal 0.9876883405951369 -0.15643446504023617 0
    outer loop
      vertex -82.22671805531516 -75.05575403111247 9.99
      vertex -82.15712730311867 -74.61637531402452 9.99
      vertex -82.15712730311867 -74.61637531402452 60
    endloop
  endfacet
  facet normal 0.9659258262890673 -0.2588190451025243 0
    outer loop
      vertex -82.15712730311867 -74.61637531402452 9.99
      vertex -82.0419901942544 -74.18667777390647 9.99
      vertex -82.0419901942544 -74.18667777390647 60
    endloop
  endfacet
  facet normal 0.9335804264972004 -0.35836794954530393 0
    outer loop
      vertex -82.0419901942544 -74.18667777390647 9.99
      vertex -81.88256819498105 -73.77136926692785 9.99
      vertex -81.88256819498105 -73.77136926692785 60
    endloop
  endfacet
  facet normal 0.8910065241883779 -0.453990499739527 0
    outer loop
      vertex -81.88256819498105 -73.77136926692785 9.99
      vertex -81.68060796608387 -73.375 9.99
      vertex -81.68060796608387 -73.375 60
    endloop
  endfacet
  facet normal 0.8386705679454243 -0.5446390350150269 0
    outer loop
      vertex -81.68060796608387 -73.375 9.99
      vertex -81.43832222609353 -73.00191267775699 9.99
      vertex -81.43832222609353 -73.00191267775699 60
    endloop
  endfacet
  facet normal 0.7771459614569629 -0.629320391049847 0
    outer loop
      vertex -81.43832222609353 -73.00191267775699 9.99
      vertex -81.15836550827892 -72.65619492297485 9.99
      vertex -81.15836550827892 -72.65619492297485 60
    endloop
  endfacet
  facet normal 0.7071067811865476 -0.7071067811865476 0
    outer loop
      vertex -81.15836550827892 -72.65619492297485 9.99
      vertex -80.84380507702515 -72.34163449172108 9.99
      vertex -80.84380507702515 -72.34163449172108 60
    endloop
  endfacet
  facet normal 0.629320391049847 -0.7771459614569629 0
    outer loop
      vertex -80.84380507702515 -72.34163449172108 9.99
      vertex -80.49808732224301 -72.06167777390647 9.99
      vertex -80.49808732224301 -72.06167777390647 60
    endloop
  endfacet
  facet normal 0.5446390350150269 -0.8386705679454243 0
    outer loop
      vertex -80.49808732224301 -72.06167777390647 9.99
      vertex -80.125 -71.81939203391613 9.99
      vertex -80.125 -71.81939203391613 60
    endloop
  endfacet
  facet normal 0.453990499739527 -0.8910065241883779 0
    outer loop
      vertex -80.125 -71.81939203391613 9.99
      vertex -79.72863073307215 -71.61743180501895 9.99
      vertex -79.72863073307215 -71.61743180501895 60
    endloop
  endfacet
  facet normal 0.35836794954530393 -0.9335804264972004 0
    outer loop
      vertex -79.72863073307215 -71.61743180501895 9.99
      vertex -79.31332222609353 -71.4580098057456 9.99
      vertex -79.31332222609353 -71.4580098057456 60
    endloop
  endfacet
  facet normal 0.2588190451025243 -0.9659258262890673 0
    outer loop
      vertex -79.31332222609353 -71.4580098057456 9.99
      vertex -78.88362468597548 -71.34287269688133 9.99
      vertex -78.88362468597548 -71.34287269688133 60
    endloop
  endfacet
  facet normal 0.15643446504023617 -0.9876883405951369 0
    outer loop
      vertex -78.88362468597548 -71.34287269688133 9.99
      vertex -78.44424596888753 -71.27328194468484 9.99
      vertex -78.44424596888753 -71.27328194468484 60
    endloop
  endfacet
  facet normal 0.05233595624294645 -0.9986295347545736 0
    outer loop
      vertex -78.44424596888753 -71.27328194468484 9.99
      vertex -78 -71.25 9.99
      vertex -78 -71.25 60
    endloop
  endfacet
  facet normal -0.05233595624294645 -0.9986295347545736 0
    outer loop
      vertex -78 -71.25 9.99
      vertex -77.55575403111247 -71.27328194468484 9.99
      vertex -77.55575403111247 -71.27328194468484 60
    endloop
  endfacet
  facet normal -0.15643446504023617 -0.9876883405951369 0
    outer loop
      vertex -77.55575403111247 -71.27328194468484 9.99
      vertex -77.11637531402452 -71.34287269688133 9.99
      vertex -77.11637531402452 -71.34287269688133 60
    endloop
  endfacet
  facet normal -0.35836794954530393 0.9335804264972004 0
    outer loop
      vertex -76.68667777390647 -79.5419901942544 9.99
      vertex -76.68667777390647 -79.5419901942544 60
      vertex -76.27136926692785 -79.38256819498105 9.99
    endloop
  endfacet
  facet normal -0.453990499739527 0.8910065241883779 0
    outer loop
      vertex -76.27136926692785 -79.38256819498105 9.99
      vertex -76.27136926692785 -79.38256819498105 60
      vertex -75.875 -79.18060796608387 9.99
    endloop
  endfacet
  facet normal -0.5446390350150269 0.8386705679454243 0
    outer loop
      vertex -75.875 -79.18060796608387 9.99
      vertex -75.875 -79.18060796608387 60
      vertex -75.50191267775699 -78.93832222609353 9.99
    endloop
  endfacet
  facet normal -0.629320391049847 0.7771459614569629 0
    outer loop
      vertex -75.50191267775699 -78.93832222609353 9.99
      vertex -75.50191267775699 -78.93832222609353 60
      vertex -75.15619492297485 -78.65836550827892 9.99
    endloop
  endfacet
  facet normal -0.7071067811865476 0.7071067811865476 0
    outer loop
      vertex -75.15619492297485 -78.65836550827892 9.99
      vertex -75.15619492297485 -78.65836550827892 60
      vertex -74.84163449172108 -78.34380507702515 9.99
    endloop
  endfacet
  facet normal -0.7771459614569629 0.629320391049847 0
    outer loop
      vertex -74.84163449172108 -78.34380507702515 9.99
      vertex -74.84163449172108 -78.34380507702515 60
      vertex -74.56167777390647 -77.99808732224301 9.99
    endloop
  endfacet
  facet normal -0.8386705679454243 0.5446390350150269 0
    outer loop
      vertex -74.56167777390647 -77.99808732224301 9.99
      vertex -74.56167777390647 -77.99808732224301 60
      vertex -74.31939203391613 -77.625 9.99
    endloop
  endfacet
  facet normal -0.8910065241883779 0.453990499739527 0
    outer loop
      vertex -74.31939203391613 -77.625 9.99
      vertex -74.31939203391613 -77.625 60
      vertex -74.11743180501895 -77.22863073307215 9.99
    endloop
  endfacet
  facet normal -0.9335804264972004 0.35836794954530393 0
    outer loop
      vertex -74.11743180501895 -77.22863073307215 9.99
      vertex -74.11743180501895 -77.22863073307215 60
      vertex -73.9580098057456 -76.81332222609353 9.99
    endloop
  endfacet
  facet normal -0.9659258262890673 0.2588190451025243 0
    outer loop
      vertex -73.9580098057456 -76.81332222609353 9.99
      vertex -73.9580098057456 -76.81332222609353 60
      vertex -73.84287269688133 -76.38362468597548 9.99
    endloop
  endfacet
  facet normal -0.9876883405951369 0.15643446504023617 0
    outer loop
      vertex -73.84287269688133 -76.38362468597548 9.99
      vertex -73.84287269688133 -76.38362468597548 60
      vertex -73.77328194468484 -75.94424596888753 9.99
    endloop
  endfacet
  facet normal -0.9986295347545736 0.05233595624294645 0
    outer loop
      vertex -73.77328194468484 -75.94424596888753 9.99
      vertex -73.77328194468484 -75.94424596888753 60
      vertex -73.75 -75.5 9.99
    endloop
  endfacet
  facet normal -0.9986295347545736 -0.05233595624294645 0
    outer loop
      vertex -73.75 -75.5 9.99
      vertex -73.75 -75.5 60
      vertex -73.77328194468484 -75.05575403111247 9.99
    endloop
  endfacet
  facet normal -0.9876883405951369 -0.15643446504023617 0
    outer loop
      vertex -73.77328194468484 -75.05575403111247 9.99
      vertex -73.77328194468484 -75.05575403111247 60
      vertex -73.84287269688133 -74.61637531402452 9.99
    endloop
  endfacet
  facet normal -0.9659258262890673 -0.2588190451025243 0
    outer loop
      vertex -73.84287269688133 -74.61637531402452 9.99
      vertex -73.84287269688133 -74.61637531402452 60
      vertex -73.9580098057456 -74.18667777390647 9.99
    endloop
  endfacet
  facet normal -0.9335804264972004 -0.35836794954530393 0
    outer loop
      vertex -73.9580098057456 -74.18667777390647 9.99
      vertex -73.9580098057456 -74.18667777390647 60
      vertex -74.11743180501895 -73.77136926692785 9.99
    endloop
  endfacet
  facet normal -0.2588190451025243 -0.9659258262890673 0
    outer loop
      vertex -77.11637531402452 -71.34287269688133 9.99
      vertex -76.68667777390647 -71.4580098057456 9.99
      vertex -76.68667777390647 -71.4580098057456 60
    endloop
  endfacet
  facet normal -0.35836794954530393 -0.9335804264972004 0
    outer loop
      vertex -76.68667777390647 -71.4580098057456 9.99
      vertex -76.27136926692785 -71.61743180501895 9.99
      vertex -76.27136926692785 -71.61743180501895 60
    endloop
  endfacet
  facet normal -0.629320391049847 -0.7771459614569629 0
    outer loop
      vertex -75.50191267775699 -72.06167777390647 9.99
      vertex -75.15619492297485 -72.34163449172108 9.99
      vertex -75.15619492297485 -72.34163449172108 60
    endloop
  endfacet
  facet normal -0.5446390350150269 -0.8386705679454243 0
    outer loop
      vertex -75.50191267775699 -72.06167777390647 9.99
      vertex -75.50191267775699 -72.06167777390647 60
      vertex -75.875 -71.81939203391613 9.99
    endloop
  endfacet
  facet normal -0.453990499739527 -0.8910065241883779 0
    outer loop
      vertex -76.27136926692785 -71.61743180501895 9.99
      vertex -75.875 -71.81939203391613 9.99
      vertex -75.875 -71.81939203391613 60
    endloop
  endfacet
  facet normal -0.7071067811865476 -0.7071067811865476 0
    outer loop
      vertex -75.15619492297485 -72.34163449172108 9.99
      vertex -74.84163449172108 -72.65619492297485 9.99
      vertex -74.84163449172108 -72.65619492297485 60
    endloop
  endfacet
  facet normal -0.7771459614569629 -0.629320391049847 0
    outer loop
      vertex -74.84163449172108 -72.65619492297485 9.99
      vertex -74.56167777390647 -73.00191267775699 9.99
      vertex -74.56167777390647 -73.00191267775699 60
    endloop
  endfacet
  facet normal -0.8910065241883779 -0.453990499739527 0
    outer loop
      vertex -74.11743180501895 -73.77136926692785 9.99
      vertex -74.11743180501895 -73.77136926692785 60
      vertex -74.31939203391613 -73.375 9.99
    endloop
  endfacet
  facet normal -0.8386705679454243 -0.5446390350150269 0
    outer loop
      vertex -74.31939203391613 -73.375 9.99
      vertex -74.31939203391613 -73.375 60
      vertex -74.56167777390647 -73.00191267775699 9.99
    endloop
  endfacet
  facet normal 0 1 0
    outer loop
      vertex -80 -64.5 2
      vertex -90 -64.5 2
      vertex -80 -64.5 60
    endloop
  endfacet
  facet normal -1 0 0
    outer loop
      vertex -80 -64.5 2
      vertex -80 -63.683837949796256 60
      vertex -80 -63.683837949796256 2
    endloop
  endfacet
  facet normal -0.1564344652594956 0.9876883405604096 0
    outer loop
      vertex -79.3319320678711 -63.57802638411522 2
      vertex -80 -63.683837949796256 2
      vertex -80 -63.683837949796256 60
    endloop
  endfacet
  facet normal -0.10452847376048861 0.9945218942654319 0
    outer loop
      vertex -79.3319320678711 -63.57802638411522 2
      vertex -79.3319320678711 -63.57802638411522 60
      vertex -79.17589152604342 -63.561625860631466 2
    endloop
  endfacet
  facet normal -0.052335953584199485 0.9986295348939128 0
    outer loop
      vertex -79.17589152604342 -63.561625860631466 2
      vertex -79.17589152604342 -63.561625860631466 60
      vertex -78.07845007628202 -63.504111394286156 2
    endloop
  endfacet
  facet normal 0 1 0
    outer loop
      vertex -78.07845007628202 -63.504111394286156 2
      vertex -78.07845007628202 -63.504111394286156 60
      vertex -77.92154992371798 -63.504111394286156 2
    endloop
  endfacet
  facet normal 0.05233595213809724 0.9986295349696998 0
    outer loop
      vertex -77.92154992371798 -63.504111394286156 2
      vertex -77.92154992371798 -63.504111394286156 60
      vertex -76.8241085857153 -63.561625853180885 2
    endloop
  endfacet
  facet normal 0.15643446879228512 0.9876883400008707 0
    outer loop
      vertex -76.66806780546904 -63.57802639901638 2
      vertex -76.66806780546904 -63.57802639901638 60
      vertex -75.5826502814889 -63.749939650297165 2
    endloop
  endfacet
  facet normal 0.1045284566956052 0.9945218960590235 0
    outer loop
      vertex -76.66806780546904 -63.57802639901638 2
      vertex -76.8241085857153 -63.561625853180885 2
      vertex -76.8241085857153 -63.561625853180885 60
    endloop
  endfacet
  facet normal 0.20791169973303814 0.9781475988388045 0
    outer loop
      vertex -75.5826502814889 -63.749939650297165 2
      vertex -75.5826502814889 -63.749939650297165 60
      vertex -75.42917874455452 -63.78256103396416 2
    endloop
  endfacet
  facet normal 0.2588190418222672 0.9659258271680096 0
    outer loop
      vertex -75.42917874455452 -63.78256103396416 2
      vertex -75.42917874455452 -63.78256103396416 60
      vertex -74.36767706274986 -64.06698954850435 2
    endloop
  endfacet
  facet normal 0.309016988237967 0.9510565182891794 0
    outer loop
      vertex -74.36767706274986 -64.06698954850435 2
      vertex -74.36767706274986 -64.06698954850435 60
      vertex -74.21845606714487 -64.11547438800335 2
    endloop
  endfacet
  facet normal 0.35836795148206757 0.9335804257537463 0
    outer loop
      vertex -74.21845606714487 -64.11547438800335 2
      vertex -74.21845606714487 -64.11547438800335 60
      vertex -73.19250015169382 -64.50930196791887 2
    endloop
  endfacet
  facet normal 0.4067366344303633 0.9135454614917974 0
    outer loop
      vertex -73.19250015169382 -64.50930196791887 2
      vertex -73.19250015169382 -64.50930196791887 60
      vertex -73.04916489869356 -64.57311893254519 2
    endloop
  endfacet
  facet normal 0.4999999931753902 0.866025407724629 0
    outer loop
      vertex -72.06999537348747 -65.07203072309494 2
      vertex -72.06999537348747 -65.07203072309494 60
      vertex -71.93411602079868 -65.15048070251942 2
    endloop
  endfacet
  facet normal 0.45399049835820615 0.891006524892196 0
    outer loop
      vertex -73.04916489869356 -64.57311893254519 2
      vertex -73.04916489869356 -64.57311893254519 60
      vertex -72.06999537348747 -65.07203072309494 2
    endloop
  endfacet
  facet normal 0.5446390353737932 0.8386705677124385 0
    outer loop
      vertex -71.01246091723442 -65.74901052564383 2
      vertex -71.93411602079868 -65.15048070251942 2
      vertex -71.93411602079868 -65.15048070251942 60
    endloop
  endfacet
  facet normal 0 0 -1
    outer loop
      vertex -90 -81.5 0
      vertex -90 81.5 0
      vertex -87.75 -75.5 0
    endloop
  endfacet
  facet normal -1 0 0
    outer loop
      vertex -90 -81.5 0
      vertex -90 -64.5 2
      vertex -90 64.5 2
    endloop
  endfacet
  facet normal 0 0 -1
    outer loop
      vertex -90 81.5 0
      vertex -87.69658847984067 -74.48084748314038 0
      vertex -87.75 -75.5 0
    endloop
  endfacet
  facet normal 0 0 -1
    outer loop
      vertex -90 81.5 0
      vertex -87.53693910715461 -73.47286101452684 0
      vertex -87.69658847984067 -74.48084748314038 0
    endloop
  endfacet
  facet normal 0 0 -1
    outer loop
      vertex -86.44374768689828 -70.625 0
      vertex -85.88791569515574 69.76909379014839 0
      vertex -85.88791569515574 -69.76909379014839 0
    endloop
  endfacet
  facet normal 0 0 -1
    outer loop
      vertex -85.88791569515574 -69.76909379014839 0
      vertex -85.2456620484046 68.97597658800113 0
      vertex -85.2456620484046 -68.97597658800113 0
    endloop
  endfacet
  facet normal 0 0 -1
    outer loop
      vertex -85.2456620484046 -68.97597658800113 0
      vertex -84.52402341199887 68.2543379515954 0
      vertex -84.52402341199887 -68.2543379515954 0
    endloop
  endfacet
  facet normal 0 0 -1
    outer loop
      vertex -83.73090620985161 -67.61208430484426 0
      vertex -84.52402341199887 -68.2543379515954 0
      vertex -83.73090620985161 67.61208430484426 0
    endloop
  endfacet
  facet normal 0 0 -1
    outer loop
      vertex -82.875 -67.05625231310172 0
      vertex -83.73090620985161 -67.61208430484426 0
      vertex -82.875 67.05625231310172 0
    endloop
  endfacet
  facet normal 0 0 -1
    outer loop
      vertex -81.96568226998905 -66.59293178798464 0
      vertex -82.875 -67.05625231310172 0
      vertex -81.96568226998905 66.59293178798464 0
    endloop
  endfacet
  facet normal 0 0 -1
    outer loop
      vertex -81.01291569515574 -66.22719896612226 0
      vertex -81.96568226998905 -66.59293178798464 0
      vertex -81.01291569515574 66.22719896612226 0
    endloop
  endfacet
  facet normal 0 0 -1
    outer loop
      vertex -80.02713898547316 -65.96306089284539 0
      vertex -81.01291569515574 -66.22719896612226 0
      vertex -80.02713898547316 65.96306089284539 0
    endloop
  endfacet
  facet normal 0 0 -1
    outer loop
      vertex -79.01915251685962 -65.80341152015933 0
      vertex -80.02713898547316 -65.96306089284539 0
      vertex -79.01915251685962 65.80341152015933 0
    endloop
  endfacet
  facet normal 0 0 -1
    outer loop
      vertex -78 -65.75 0
      vertex -79.01915251685962 -65.80341152015933 0
      vertex -78 65.75 0
    endloop
  endfacet
  facet normal 0 0 -1
    outer loop
      vertex -76.98084748314038 -65.80341152015933 0
      vertex -78 -65.75 0
      vertex -76.98084748314038 65.80341152015933 0
    endloop
  endfacet
  facet normal 0 0 -1
    outer loop
      vertex -76.98084748314038 -65.80341152015933 0
      vertex -75.97286101452684 65.96306089284539 0
      vertex -75.97286101452684 -65.96306089284539 0
    endloop
  endfacet
  facet normal 0 0 -1
    outer loop
      vertex -74.98708430484426 -66.22719896612226 0
      vertex -75.97286101452684 -65.96306089284539 0
      vertex -74.98708430484426 66.22719896612226 0
    endloop
  endfacet
  facet normal 0 0 -1
    outer loop
      vertex -74.03431773001095 -66.59293178798464 0
      vertex -74.98708430484426 -66.22719896612226 0
      vertex -74.03431773001095 66.59293178798464 0
    endloop
  endfacet
  facet normal 0 0 -1
    outer loop
      vertex -73.125 -67.05625231310172 0
      vertex -74.03431773001095 -66.59293178798464 0
      vertex -74.03431773001095 66.59293178798464 0
    endloop
  endfacet
  facet normal 0 0 -1
    outer loop
      vertex -69.55625231310172 -70.625 0
      vertex -74.03431773001095 66.59293178798464 0
      vertex -69.09293178798464 -71.53431773001095 0
    endloop
  endfacet
  facet normal 0 0 -1
    outer loop
      vertex -71.47597658800113 -68.2543379515954 0
      vertex -74.03431773001095 66.59293178798464 0
      vertex -70.7543379515954 -68.97597658800113 0
    endloop
  endfacet
  facet normal 0 0 -1
    outer loop
      vertex -72.26909379014839 -67.61208430484426 0
      vertex -73.125 -67.05625231310172 0
      vertex -74.03431773001095 66.59293178798464 0
    endloop
  endfacet
  facet normal 0 0 -1
    outer loop
      vertex -72.26909379014839 -67.61208430484426 0
      vertex -74.03431773001095 66.59293178798464 0
      vertex -71.47597658800113 -68.2543379515954 0
    endloop
  endfacet
  facet normal 0 0 -1
    outer loop
      vertex -70.7543379515954 -68.97597658800113 0
      vertex -74.03431773001095 66.59293178798464 0
      vertex -70.11208430484426 -69.76909379014839 0
    endloop
  endfacet
  facet normal 0 0 -1
    outer loop
      vertex -70.11208430484426 -69.76909379014839 0
      vertex -74.03431773001095 66.59293178798464 0
      vertex -69.55625231310172 -70.625 0
    endloop
  endfacet
  facet normal 0 0 -1
    outer loop
      vertex -90 81.5 0
      vertex -87.27280103387774 -72.48708430484426 0
      vertex -87.53693910715461 -73.47286101452684 0
    endloop
  endfacet
  facet normal 0 0 -1
    outer loop
      vertex -90 81.5 0
      vertex -86.90706821201536 -71.53431773001095 0
      vertex -87.27280103387774 -72.48708430484426 0
    endloop
  endfacet
  facet normal 0 0 -1
    outer loop
      vertex -90 81.5 0
      vertex -86.44374768689828 -70.625 0
      vertex -86.90706821201536 -71.53431773001095 0
    endloop
  endfacet
  facet normal 0 0 1
    outer loop
      vertex -79.3319320678711 -63.57802638411522 2
      vertex -79.17589152604342 -63.561625860631466 2
      vertex -79.33193218708038 63.57802639901638 2
    endloop
  endfacet
  facet normal 0 0 1
    outer loop
      vertex -79.17589152604342 -63.561625860631466 2
      vertex -78.07845007628202 -63.504111394286156 2
      vertex -79.17589140683413 63.561625853180885 2
    endloop
  endfacet
  facet normal 0 0 1
    outer loop
      vertex -78.07845007628202 -63.504111394286156 2
      vertex -77.92154992371798 -63.504111394286156 2
      vertex -76.824108466506 63.561625860631466 2
    endloop
  endfacet
  facet normal 0 0 1
    outer loop
      vertex -77.92154992371798 -63.504111394286156 2
      vertex -76.8241085857153 -63.561625853180885 2
      vertex -76.824108466506 63.561625860631466 2
    endloop
  endfacet
  facet normal 0 0 1
    outer loop
      vertex -80 -14.791553898661284 2
      vertex -90 64.5 2
      vertex -90 -64.5 2
    endloop
  endfacet
  facet normal 0 0 1
    outer loop
      vertex -79.3319320678711 -63.57802638411522 2
      vertex -79.33193218708038 63.57802639901638 2
      vertex -80 -14.791553898661284 2
    endloop
  endfacet
  facet normal 0 0 1
    outer loop
      vertex -76.66806780546904 -63.57802639901638 2
      vertex -76.824108466506 63.561625860631466 2
      vertex -76.8241085857153 -63.561625853180885 2
    endloop
  endfacet
  facet normal 0 0 1
    outer loop
      vertex -76.66806780546904 -63.57802639901638 2
      vertex -75.5826502814889 -63.749939650297165 2
      vertex -75.5826502814889 63.749939650297165 2
    endloop
  endfacet
  facet normal 0 0 -1
    outer loop
      vertex -87.52671151608229 -86.35410196334124 0
      vertex -88.01478363573551 -85.95886895060539 0
      vertex 87 -86.69615242630243 0
    endloop
  endfacet
  facet normal 0 0 -1
    outer loop
      vertex -88.45886895060539 -85.51478363573551 0
      vertex 87 -86.69615242630243 0
      vertex -88.01478363573551 -85.95886895060539 0
    endloop
  endfacet
  facet normal 0 0 -1
    outer loop
      vertex -87.52671151608229 -86.35410196334124 0
      vertex 87 -86.69615242630243 0
      vertex -87 -86.69615242630243 0
    endloop
  endfacet
  facet normal 0 0 -1
    outer loop
      vertex -87 -86.69615242630243 0
      vertex 87 -86.69615242630243 0
      vertex -86.44041986018419 -86.98127274215221 0
    endloop
  endfacet
  facet normal 0 0 -1
    outer loop
      vertex -86.44041986018419 -86.98127274215221 0
      vertex 87 -86.69615242630243 0
      vertex -85.85410196334124 -87.20633909851313 0
    endloop
  endfacet
  facet normal 0 0 -1
    outer loop
      vertex -85.24747014790773 -87.36888560652733 0
      vertex 86.44041986018419 -86.98127274215221 0
      vertex -84.62717077881098 -87.4671313688159 0
    endloop
  endfacet
  facet normal 0 0 -1
    outer loop
      vertex -85.85410196334124 -87.20633909851313 0
      vertex 87 -86.69615242630243 0
      vertex -85.24747014790773 -87.36888560652733 0
    endloop
  endfacet
  facet normal 0 -1 0
    outer loop
      vertex -84 -87.5 0
      vertex 84 -87.5 0
      vertex -84 -87.5 2
    endloop
  endfacet
  facet normal 0 0 -1
    outer loop
      vertex -84.62717077881098 -87.4671313688159 0
      vertex 85.85410196334124 -87.20633909851313 0
      vertex -84 -87.5 0
    endloop
  endfacet
  facet normal 0 0 -1
    outer loop
      vertex -88.45886895060539 -85.51478363573551 0
      vertex -78 -85.25 0
      vertex 87 -86.69615242630243 0
    endloop
  endfacet
  facet normal 0 0 -1
    outer loop
      vertex 87 -86.69615242630243 0
      vertex -78 -85.25 0
      vertex -76.98084748314038 -85.19658847984067 0
    endloop
  endfacet
  facet normal 0 0 -1
    outer loop
      vertex 87 -86.69615242630243 0
      vertex -76.98084748314038 -85.19658847984067 0
      vertex -75.97286101452684 -85.03693910715461 0
    endloop
  endfacet
  facet normal 0 0 -1
    outer loop
      vertex 87 -86.69615242630243 0
      vertex -75.97286101452684 -85.03693910715461 0
      vertex -74.98708430484426 -84.77280103387774 0
    endloop
  endfacet
  facet normal 0 0 -1
    outer loop
      vertex 72.26909379014839 -83.38791569515574 0
      vertex -73.125 -83.94374768689828 0
      vertex -72.26909379014839 -83.38791569515574 0
    endloop
  endfacet
  facet normal 0 0 -1
    outer loop
      vertex 71.47597658800113 -82.7456620484046 0
      vertex -72.26909379014839 -83.38791569515574 0
      vertex -71.47597658800113 -82.7456620484046 0
    endloop
  endfacet
  facet normal 0 0 -1
    outer loop
      vertex -70.7543379515954 -82.02402341199887 0
      vertex 71.47597658800113 -82.7456620484046 0
      vertex -71.47597658800113 -82.7456620484046 0
    endloop
  endfacet
  facet normal 0 0 -1
    outer loop
      vertex 87 -86.69615242630243 0
      vertex -74.98708430484426 -84.77280103387774 0
      vertex -74.03431773001095 -84.40706821201536 0
    endloop
  endfacet
  facet normal 0 0 -1
    outer loop
      vertex 87 -86.69615242630243 0
      vertex -74.03431773001095 -84.40706821201536 0
      vertex -73.125 -83.94374768689828 0
    endloop
  endfacet
  facet normal 0 0 1
    outer loop
      vertex -65.50367796421051 -83.0160117149353 2
      vertex -65.23173235356808 -83.17301958054304 2
      vertex 66.29681185632944 -82.26335575431585 2
    endloop
  endfacet
  facet normal 0 0 1
    outer loop
      vertex -65.23173235356808 -83.17301958054304 2
      vertex -64.94486470520496 -83.30074128508568 2
      vertex 66.09919534623623 -82.50739181786776 2
    endloop
  endfacet
  facet normal 0 0 1
    outer loop
      vertex -65.75772203505039 -82.83143789321184 2
      vertex 66.61039724200964 -81.7202099263668 2
      vertex -65.99108120054007 -82.62132035195827 2
    endloop
  endfacet
  facet normal 0 0 1
    outer loop
      vertex -66.20119874179363 -82.3879611864686 2
      vertex -65.99108120054007 -82.62132035195827 2
      vertex 66.61039724200964 -81.7202099263668 2
    endloop
  endfacet
  facet normal 0 0 1
    outer loop
      vertex -65.75772203505039 -82.83143789321184 2
      vertex -65.50367796421051 -83.0160117149353 2
      vertex 66.61039724200964 -81.7202099263668 2
    endloop
  endfacet
  facet normal 0 0 1
    outer loop
      vertex -64.94486470520496 -83.30074128508568 2
      vertex -64.64621799439192 -83.39777748286724 2
      vertex 66.09919534623623 -82.50739181786776 2
    endloop
  endfacet
  facet normal 0 0 1
    outer loop
      vertex -64.33906424790621 -83.46306502074003 2
      vertex 66.09919534623623 -82.50739181786776 2
      vertex -64.64621799439192 -83.39777748286724 2
    endloop
  endfacet
  facet normal 0 0 1
    outer loop
      vertex -64.33906424790621 -83.46306502074003 2
      vertex -64.02676872164011 -83.49588860571384 2
      vertex 66.09919534623623 -82.50739181786776 2
    endloop
  endfacet
  facet normal 0 0 1
    outer loop
      vertex -64.02676872164011 -83.49588860571384 2
      vertex -63.86976087093353 -83.5 2
      vertex 66.09919534623623 -82.50739181786776 2
    endloop
  endfacet
  facet normal 0 0 -1
    outer loop
      vertex 71.47597658800113 -82.7456620484046 0
      vertex -70.7543379515954 -82.02402341199887 0
      vertex -70.11208430484426 -81.23090620985161 0
    endloop
  endfacet
  facet normal 0 0 -1
    outer loop
      vertex -69.55625231310172 -80.375 0
      vertex 70.11208430484426 -81.23090620985161 0
      vertex -70.11208430484426 -81.23090620985161 0
    endloop
  endfacet
  facet normal 0 0 -1
    outer loop
      vertex -69.09293178798464 -79.46568226998905 0
      vertex 69.55625231310172 -80.375 0
      vertex -69.55625231310172 -80.375 0
    endloop
  endfacet
  facet normal 0 0 -1
    outer loop
      vertex -68.72719896612226 -78.51291569515574 0
      vertex 69.09293178798464 -79.46568226998905 0
      vertex -69.09293178798464 -79.46568226998905 0
    endloop
  endfacet
  facet normal 0 0 -1
    outer loop
      vertex -68.46306089284539 -77.52713898547316 0
      vertex 68.72719896612226 -78.51291569515574 0
      vertex -68.72719896612226 -78.51291569515574 0
    endloop
  endfacet
  facet normal 0 0 -1
    outer loop
      vertex -68.30341152015933 -76.51915251685962 0
      vertex 68.46306089284539 -77.52713898547316 0
      vertex -68.46306089284539 -77.52713898547316 0
    endloop
  endfacet
  facet normal 0 0 1
    outer loop
      vertex -66.3857725635171 -82.13391711562872 2
      vertex -66.20119874179363 -82.3879611864686 2
      vertex 67.65048070251942 -69.43411602079868 2
    endloop
  endfacet
  facet normal 0 0 1
    outer loop
      vertex -66.3857725635171 -82.13391711562872 2
      vertex 67.65048070251942 -69.43411602079868 2
      vertex -66.54278043657541 -81.86197151243687 2
    endloop
  endfacet
  facet normal 0 0 1
    outer loop
      vertex -66.54278043657541 -81.86197151243687 2
      vertex 67.65048070251942 -69.43411602079868 2
      vertex -66.67050214111805 -81.57510386407375 2
    endloop
  endfacet
  facet normal 0 0 1
    outer loop
      vertex -66.67050214111805 -81.57510386407375 2
      vertex 67.65048070251942 -69.43411602079868 2
      vertex -66.7675383463502 -81.27645715326071 2
    endloop
  endfacet
  facet normal 0 0 1
    outer loop
      vertex -66.7675383463502 -81.27645715326071 2
      vertex 67.65048070251942 -69.43411602079868 2
      vertex -66.83282589167356 -80.96930341422558 2
    endloop
  endfacet
  facet normal 0 0 1
    outer loop
      vertex -66.83282589167356 -80.96930341422558 2
      vertex 67.65048070251942 -69.43411602079868 2
      vertex -66.86564947664738 -80.65700788795948 2
    endloop
  endfacet
  facet normal 0 0 1
    outer loop
      vertex -66.86564947664738 -80.65700788795948 2
      vertex 67.65048070251942 -69.43411602079868 2
      vertex -66.86564947664738 -80.34299214929342 2
    endloop
  endfacet
  facet normal 0 0 1
    outer loop
      vertex -66.86564947664738 -80.34299214929342 2
      vertex 67.65048070251942 -69.43411602079868 2
      vertex -66.83282589167356 -80.03069662302732 2
    endloop
  endfacet
  facet normal 0 0 -1
    outer loop
      vertex -68.25 -75.5 0
      vertex 68.30341152015933 -76.51915251685962 0
      vertex -68.30341152015933 -76.51915251685962 0
    endloop
  endfacet
  facet normal 0 0 -1
    outer loop
      vertex -68.30341152015933 -74.48084748314038 0
      vertex 68.25 -75.5 0
      vertex -68.25 -75.5 0
    endloop
  endfacet
  facet normal 0 0 -1
    outer loop
      vertex -68.30341152015933 -74.48084748314038 0
      vertex -68.46306089284539 -73.47286101452684 0
      vertex 68.30341152015933 -74.48084748314038 0
    endloop
  endfacet
  facet normal 0 0 -1
    outer loop
      vertex -68.72719896612226 -72.48708430484426 0
      vertex 68.46306089284539 -73.47286101452684 0
      vertex -68.46306089284539 -73.47286101452684 0
    endloop
  endfacet
  facet normal 0 0 -1
    outer loop
      vertex -69.09293178798464 -71.53431773001095 0
      vertex 68.72719896612226 -72.48708430484426 0
      vertex -68.72719896612226 -72.48708430484426 0
    endloop
  endfacet
  facet normal 0 0 1
    outer loop
      vertex -66.83282589167356 -80.03069662302732 2
      vertex 67.65048070251942 -69.43411602079868 2
      vertex -66.76753835380077 -79.72354287654161 2
    endloop
  endfacet
  facet normal 0 0 1
    outer loop
      vertex -66.76753835380077 -79.72354287654161 2
      vertex 67.65048070251942 -69.43411602079868 2
      vertex -66.67050215601921 -79.42489616572857 2
    endloop
  endfacet
  facet normal 0 0 1
    outer loop
      vertex -66.67050215601921 -79.42489616572857 2
      vertex 67.65048070251942 -69.43411602079868 2
      vertex -66.61547439545393 -79.28154395520687 2
    endloop
  endfacet
  facet normal 0 0 1
    outer loop
      vertex -66.61547439545393 -79.28154395520687 2
      vertex 67.65048070251942 -69.43411602079868 2
      vertex -66.56698954850435 -79.13232292979956 2
    endloop
  endfacet
  facet normal 0 0 1
    outer loop
      vertex -66.56698954850435 -79.13232292979956 2
      vertex 67.65048070251942 -69.43411602079868 2
      vertex -66.28256103396416 -78.0708212479949 2
    endloop
  endfacet
  facet normal 0 0 1
    outer loop
      vertex -66.28256103396416 -78.0708212479949 2
      vertex 67.65048070251942 -69.43411602079868 2
      vertex -66.24993965029716 -77.91734971106052 2
    endloop
  endfacet
  facet normal 0 0 1
    outer loop
      vertex -66.24993965029716 -77.91734971106052 2
      vertex 67.65048070251942 -69.43411602079868 2
      vertex -66.07802639901638 -76.83193218708038 2
    endloop
  endfacet
  facet normal 0 0 1
    outer loop
      vertex -66.07802639901638 -76.83193218708038 2
      vertex 67.65048070251942 -69.43411602079868 2
      vertex -66.06162585318089 -76.67589140683413 2
    endloop
  endfacet
  facet normal 0 0 1
    outer loop
      vertex -66.06162585318089 -76.67589140683413 2
      vertex 67.65048070251942 -69.43411602079868 2
      vertex -66.00411139428616 -75.57845007628202 2
    endloop
  endfacet
  facet normal 0 0 1
    outer loop
      vertex -66.00411139428616 -75.57845007628202 2
      vertex 67.65048070251942 -69.43411602079868 2
      vertex -66.00411139428616 -75.4215499162674 2
    endloop
  endfacet
  facet normal 0 0 1
    outer loop
      vertex -66.00411139428616 -75.4215499162674 2
      vertex 67.65048070251942 -69.43411602079868 2
      vertex -66.06162586063147 -74.324108466506 2
    endloop
  endfacet
  facet normal 0 0 1
    outer loop
      vertex -66.06162586063147 -74.324108466506 2
      vertex 67.65048070251942 -69.43411602079868 2
      vertex -66.07802638411522 -74.16806792467833 2
    endloop
  endfacet
  facet normal 0 -1 0
    outer loop
      vertex -84 -87.5 2
      vertex 84 -87.5 2
      vertex -84 -87.5 60
    endloop
  endfacet
  facet normal 0 1 0
    outer loop
      vertex -63.86976087093353 -83.5 2
      vertex -63.86976087093353 -83.5 60
      vertex 63.86976087093353 -83.5 2
    endloop
  endfacet
  facet normal 0 0 -1
    outer loop
      vertex -69.09293178798464 -71.53431773001095 0
      vertex -74.03431773001095 66.59293178798464 0
      vertex 69.09293178798464 -71.53431773001095 0
    endloop
  endfacet
  facet normal 0 0 1
    outer loop
      vertex -66.07802638411522 -74.16806792467833 2
      vertex 75.5826502814889 63.749939650297165 2
      vertex -66.24993965029716 -73.0826502814889 2
    endloop
  endfacet
  facet normal 0 0 1
    outer loop
      vertex -66.28256103396416 -72.92917874455452 2
      vertex -66.24993965029716 -73.0826502814889 2
      vertex 75.42917874455452 63.78256103396416 2
    endloop
  endfacet
  facet normal 0 0 1
    outer loop
      vertex -71.01246091723442 -65.74901052564383 2
      vertex 72.06999537348747 65.07203072309494 2
      vertex -71.93411602079868 -65.15048070251942 2
    endloop
  endfacet
  facet normal 0 0 1
    outer loop
      vertex -70.88552622497082 -65.8412339836359 2
      vertex -70.03148353099823 -66.53282411396503 2
      vertex 72.06999537348747 65.07203072309494 2
    endloop
  endfacet
  facet normal 0 0 1
    outer loop
      vertex -71.01246091723442 -65.74901052564383 2
      vertex -70.88552622497082 -65.8412339836359 2
      vertex 72.06999537348747 65.07203072309494 2
    endloop
  endfacet
  facet normal 0 0 1
    outer loop
      vertex -68.24901052564383 -68.51246091723442 2
      vertex -67.65048070251942 -69.43411602079868 2
      vertex 72.06999537348747 65.07203072309494 2
    endloop
  endfacet
  facet normal 0 0 1
    outer loop
      vertex -68.3412339836359 -68.38552622497082 2
      vertex -68.24901052564383 -68.51246091723442 2
      vertex 72.06999537348747 65.07203072309494 2
    endloop
  endfacet
  facet normal 0 0 1
    outer loop
      vertex -68.3412339836359 -68.38552622497082 2
      vertex 72.06999537348747 65.07203072309494 2
      vertex -69.03282410651445 -67.53148353844881 2
    endloop
  endfacet
  facet normal 0 0 1
    outer loop
      vertex -69.13781078904867 -67.41488401591778 2
      vertex -69.03282410651445 -67.53148353844881 2
      vertex 72.06999537348747 65.07203072309494 2
    endloop
  endfacet
  facet normal 0 0 1
    outer loop
      vertex -70.03148353099823 -66.53282411396503 2
      vertex -69.91488402336836 -66.63781078159809 2
      vertex 72.06999537348747 65.07203072309494 2
    endloop
  endfacet
  facet normal 0 0 1
    outer loop
      vertex -69.13781078904867 -67.41488401591778 2
      vertex 72.06999537348747 65.07203072309494 2
      vertex -69.91488402336836 -66.63781078159809 2
    endloop
  endfacet
  facet normal 0 0 1
    outer loop
      vertex -66.56698954105377 -71.86767707765102 2
      vertex 74.21845606714487 64.11547438800335 2
      vertex -66.61547440290451 -71.7184560149908 2
    endloop
  endfacet
  facet normal 0 0 1
    outer loop
      vertex -67.57203072309494 -69.56999537348747 2
      vertex -67.07311893254519 -70.54916489869356 2
      vertex 72.06999537348747 65.07203072309494 2
    endloop
  endfacet
  facet normal 0 0 1
    outer loop
      vertex -67.57203072309494 -69.56999537348747 2
      vertex 72.06999537348747 65.07203072309494 2
      vertex -67.65048070251942 -69.43411602079868 2
    endloop
  endfacet
  facet normal 0 0 1
    outer loop
      vertex -66.61547440290451 -71.7184560149908 2
      vertex 73.19250015169382 64.50930196791887 2
      vertex -67.00930194556713 -70.6925001963973 2
    endloop
  endfacet
  facet normal 0 0 1
    outer loop
      vertex -67.00930194556713 -70.6925001963973 2
      vertex 73.04916489869356 64.57311893254519 2
      vertex -67.07311893254519 -70.54916489869356 2
    endloop
  endfacet
  facet normal 0 0 1
    outer loop
      vertex -66.28256103396416 -72.92917874455452 2
      vertex 74.36767706274986 64.06698954850435 2
      vertex -66.56698954105377 -71.86767707765102 2
    endloop
  endfacet
  facet normal 0 0 1
    outer loop
      vertex -75.5826502814889 -63.749939650297165 2
      vertex -75.42917874455452 -63.78256103396416 2
      vertex 66.24993965029716 73.0826502814889 2
    endloop
  endfacet
  facet normal 0 0 1
    outer loop
      vertex -75.42917874455452 -63.78256103396416 2
      vertex -74.36767706274986 -64.06698954850435 2
      vertex 66.28256103396416 72.92917874455452 2
    endloop
  endfacet
  facet normal 0 0 1
    outer loop
      vertex -73.19250015169382 -64.50930196791887 2
      vertex -73.04916489869356 -64.57311893254519 2
      vertex 67.00930194556713 70.6925001963973 2
    endloop
  endfacet
  facet normal 0 0 1
    outer loop
      vertex -73.04916489869356 -64.57311893254519 2
      vertex -72.06999537348747 -65.07203072309494 2
      vertex 67.07311893254519 70.54916489869356 2
    endloop
  endfacet
  facet normal 0 0 1
    outer loop
      vertex -74.36767706274986 -64.06698954850435 2
      vertex -74.21845606714487 -64.11547438800335 2
      vertex 66.56698954105377 71.86767707765102 2
    endloop
  endfacet
  facet normal 0 0 1
    outer loop
      vertex -74.21845606714487 -64.11547438800335 2
      vertex -73.19250015169382 -64.50930196791887 2
      vertex 66.61547440290451 71.7184560149908 2
    endloop
  endfacet
  facet normal 0 0 1
    outer loop
      vertex -72.06999537348747 -65.07203072309494 2
      vertex -71.93411602079868 -65.15048070251942 2
      vertex 71.93411602079868 65.15048070251942 2
    endloop
  endfacet
  facet normal -0.8386705643141267 -0.5446390406067345 0
    outer loop
      vertex -88.85410196334124 -85.02671151608229 2
      vertex -88.85410196334124 -85.02671151608229 60
      vertex -89.19615242630243 -84.5 60
    endloop
  endfacet
  facet normal -0.7771459589704364 -0.6293203941204519 0
    outer loop
      vertex -88.45886895060539 -85.51478363573551 2
      vertex -88.45886895060539 -85.51478363573551 60
      vertex -88.85410196334124 -85.02671151608229 60
    endloop
  endfacet
  facet normal -0.6293203941204519 -0.7771459589704364 0
    outer loop
      vertex -87.52671151608229 -86.35410196334124 2
      vertex -87.52671151608229 -86.35410196334124 60
      vertex -88.01478363573551 -85.95886895060539 60
    endloop
  endfacet
  facet normal -0.5446390406067345 -0.8386705643141267 0
    outer loop
      vertex -87 -86.69615242630243 2
      vertex -87 -86.69615242630243 60
      vertex -87.52671151608229 -86.35410196334124 60
    endloop
  endfacet
  facet normal -0.7071067811865476 -0.7071067811865476 0
    outer loop
      vertex -88.01478363573551 -85.95886895060539 2
      vertex -88.01478363573551 -85.95886895060539 60
      vertex -88.45886895060539 -85.51478363573551 60
    endloop
  endfacet
  facet normal -0.8910065283221495 -0.4539904916265432 0
    outer loop
      vertex -89.19615242630243 -84.5 2
      vertex -89.19615242630243 -84.5 60
      vertex -89.48127274215221 -83.94041986018419 60
    endloop
  endfacet
  facet normal -0.9335804250773435 -0.3583679532441575 0
    outer loop
      vertex -89.48127274215221 -83.94041986018419 2
      vertex -89.48127274215221 -83.94041986018419 60
      vertex -89.70633909851313 -83.35410196334124 60
    endloop
  endfacet
  facet normal -0.9659258251084867 -0.25881904950851087 0
    outer loop
      vertex -89.70633909851313 -83.35410196334124 2
      vertex -89.70633909851313 -83.35410196334124 60
      vertex -89.86888560652733 -82.74747014790773 60
    endloop
  endfacet
  facet normal -0.9876883421006546 -0.15643445553477123 0
    outer loop
      vertex -89.86888560652733 -82.74747014790773 2
      vertex -89.86888560652733 -82.74747014790773 60
      vertex -89.9671313688159 -82.12717077881098 60
    endloop
  endfacet
  facet normal -0.4539904916265432 -0.8910065283221495 0
    outer loop
      vertex -86.44041986018419 -86.98127274215221 2
      vertex -86.44041986018419 -86.98127274215221 60
      vertex -87 -86.69615242630243 60
    endloop
  endfacet
  facet normal -0.3583679532441575 -0.9335804250773435 0
    outer loop
      vertex -85.85410196334124 -87.20633909851313 2
      vertex -85.85410196334124 -87.20633909851313 60
      vertex -86.44041986018419 -86.98127274215221 60
    endloop
  endfacet
  facet normal -0.25881904950851087 -0.9659258251084867 0
    outer loop
      vertex -85.24747014790773 -87.36888560652733 2
      vertex -85.24747014790773 -87.36888560652733 60
      vertex -85.85410196334124 -87.20633909851313 60
    endloop
  endfacet
  facet normal -0.15643445553477123 -0.9876883421006546 0
    outer loop
      vertex -84.62717077881098 -87.4671313688159 2
      vertex -84.62717077881098 -87.4671313688159 60
      vertex -85.24747014790773 -87.36888560652733 60
    endloop
  endfacet
  facet normal -0.05233596169807261 -0.9986295344686825 0
    outer loop
      vertex -84 -87.5 2
      vertex -84 -87.5 60
      vertex -84.62717077881098 -87.4671313688159 60
    endloop
  endfacet
  facet normal -0.9986295344686825 -0.05233596169807261 0
    outer loop
      vertex -89.9671313688159 -82.12717077881098 2
      vertex -89.9671313688159 -82.12717077881098 60
      vertex -90 -81.5 60
    endloop
  endfacet
  facet normal 0.9335804264972004 0.35836794954530393 0
    outer loop
      vertex -81.88256819498105 -77.22863073307215 9.99
      vertex -82.0419901942544 -76.81332222609353 60
      vertex -81.88256819498105 -77.22863073307215 60
    endloop
  endfacet
  facet normal 0.9659258262890673 0.2588190451025243 0
    outer loop
      vertex -82.0419901942544 -76.81332222609353 9.99
      vertex -82.15712730311867 -76.38362468597548 60
      vertex -82.0419901942544 -76.81332222609353 60
    endloop
  endfacet
  facet normal 0.7771459614569629 0.629320391049847 0
    outer loop
      vertex -81.15836550827892 -78.34380507702515 9.99
      vertex -81.43832222609353 -77.99808732224301 60
      vertex -81.15836550827892 -78.34380507702515 60
    endloop
  endfacet
  facet normal 0.629320391049847 0.7771459614569629 0
    outer loop
      vertex -80.49808732224301 -78.93832222609353 9.99
      vertex -80.84380507702515 -78.65836550827892 60
      vertex -80.49808732224301 -78.93832222609353 60
    endloop
  endfacet
  facet normal 0.5446390350150269 0.8386705679454243 0
    outer loop
      vertex -80.125 -79.18060796608387 9.99
      vertex -80.49808732224301 -78.93832222609353 60
      vertex -80.125 -79.18060796608387 60
    endloop
  endfacet
  facet normal 0.7071067811865476 0.7071067811865476 0
    outer loop
      vertex -80.84380507702515 -78.65836550827892 9.99
      vertex -81.15836550827892 -78.34380507702515 60
      vertex -80.84380507702515 -78.65836550827892 60
    endloop
  endfacet
  facet normal 0.8386705679454243 0.5446390350150269 0
    outer loop
      vertex -81.43832222609353 -77.99808732224301 9.99
      vertex -81.68060796608387 -77.625 60
      vertex -81.43832222609353 -77.99808732224301 60
    endloop
  endfacet
  facet normal 0.8910065241883779 0.453990499739527 0
    outer loop
      vertex -81.68060796608387 -77.625 9.99
      vertex -81.88256819498105 -77.22863073307215 60
      vertex -81.68060796608387 -77.625 60
    endloop
  endfacet
  facet normal 0.453990499739527 0.8910065241883779 0
    outer loop
      vertex -79.72863073307215 -79.38256819498105 9.99
      vertex -80.125 -79.18060796608387 60
      vertex -79.72863073307215 -79.38256819498105 60
    endloop
  endfacet
  facet normal 0.35836794954530393 0.9335804264972004 0
    outer loop
      vertex -79.31332222609353 -79.5419901942544 9.99
      vertex -79.72863073307215 -79.38256819498105 60
      vertex -79.31332222609353 -79.5419901942544 60
    endloop
  endfacet
  facet normal 0.2588190451025243 0.9659258262890673 0
    outer loop
      vertex -78.88362468597548 -79.65712730311867 9.99
      vertex -79.31332222609353 -79.5419901942544 60
      vertex -78.88362468597548 -79.65712730311867 60
    endloop
  endfacet
  facet normal 0.15643446504023617 0.9876883405951369 0
    outer loop
      vertex -78.44424596888753 -79.72671805531516 9.99
      vertex -78.88362468597548 -79.65712730311867 60
      vertex -78.44424596888753 -79.72671805531516 60
    endloop
  endfacet
  facet normal 0.05233595624294645 0.9986295347545736 0
    outer loop
      vertex -78 -79.75 9.99
      vertex -78.44424596888753 -79.72671805531516 60
      vertex -78 -79.75 60
    endloop
  endfacet
  facet normal -0.05233595624294645 0.9986295347545736 0
    outer loop
      vertex -77.55575403111247 -79.72671805531516 9.99
      vertex -78 -79.75 60
      vertex -77.55575403111247 -79.72671805531516 60
    endloop
  endfacet
  facet normal -0.15643446504023617 0.9876883405951369 0
    outer loop
      vertex -77.11637531402452 -79.65712730311867 9.99
      vertex -77.55575403111247 -79.72671805531516 60
      vertex -77.11637531402452 -79.65712730311867 60
    endloop
  endfacet
  facet normal -1 0 0
    outer loop
      vertex -90 -81.5 60
      vertex -90 -64.5 60
      vertex -90 -64.5 2
    endloop
  endfacet
  facet normal 0.9876883405951369 0.15643446504023617 0
    outer loop
      vertex -82.15712730311867 -76.38362468597548 9.99
      vertex -82.22671805531516 -75.94424596888753 60
      vertex -82.15712730311867 -76.38362468597548 60
    endloop
  endfacet
  facet normal 0.9986295347545736 0.05233595624294645 0
    outer loop
      vertex -82.22671805531516 -75.94424596888753 9.99
      vertex -82.25 -75.5 60
      vertex -82.22671805531516 -75.94424596888753 60
    endloop
  endfacet
  facet normal 0.9986295347545736 -0.05233595624294645 0
    outer loop
      vertex -82.25 -75.5 9.99
      vertex -82.22671805531516 -75.05575403111247 60
      vertex -82.25 -75.5 60
    endloop
  endfacet
  facet normal 0.9876883405951369 -0.15643446504023617 0
    outer loop
      vertex -82.22671805531516 -75.05575403111247 9.99
      vertex -82.15712730311867 -74.61637531402452 60
      vertex -82.22671805531516 -75.05575403111247 60
    endloop
  endfacet
  facet normal 0.9659258262890673 -0.2588190451025243 0
    outer loop
      vertex -82.15712730311867 -74.61637531402452 9.99
      vertex -82.0419901942544 -74.18667777390647 60
      vertex -82.15712730311867 -74.61637531402452 60
    endloop
  endfacet
  facet normal 0.9335804264972004 -0.35836794954530393 0
    outer loop
      vertex -82.0419901942544 -74.18667777390647 9.99
      vertex -81.88256819498105 -73.77136926692785 60
      vertex -82.0419901942544 -74.18667777390647 60
    endloop
  endfacet
  facet normal 0.8910065241883779 -0.453990499739527 0
    outer loop
      vertex -81.88256819498105 -73.77136926692785 9.99
      vertex -81.68060796608387 -73.375 60
      vertex -81.88256819498105 -73.77136926692785 60
    endloop
  endfacet
  facet normal 0.8386705679454243 -0.5446390350150269 0
    outer loop
      vertex -81.68060796608387 -73.375 9.99
      vertex -81.43832222609353 -73.00191267775699 60
      vertex -81.68060796608387 -73.375 60
    endloop
  endfacet
  facet normal 0.7771459614569629 -0.629320391049847 0
    outer loop
      vertex -81.43832222609353 -73.00191267775699 9.99
      vertex -81.15836550827892 -72.65619492297485 60
      vertex -81.43832222609353 -73.00191267775699 60
    endloop
  endfacet
  facet normal 0.7071067811865476 -0.7071067811865476 0
    outer loop
      vertex -81.15836550827892 -72.65619492297485 9.99
      vertex -80.84380507702515 -72.34163449172108 60
      vertex -81.15836550827892 -72.65619492297485 60
    endloop
  endfacet
  facet normal 0.629320391049847 -0.7771459614569629 0
    outer loop
      vertex -80.84380507702515 -72.34163449172108 9.99
      vertex -80.49808732224301 -72.06167777390647 60
      vertex -80.84380507702515 -72.34163449172108 60
    endloop
  endfacet
  facet normal 0.5446390350150269 -0.8386705679454243 0
    outer loop
      vertex -80.49808732224301 -72.06167777390647 9.99
      vertex -80.125 -71.81939203391613 60
      vertex -80.49808732224301 -72.06167777390647 60
    endloop
  endfacet
  facet normal 0.453990499739527 -0.8910065241883779 0
    outer loop
      vertex -80.125 -71.81939203391613 9.99
      vertex -79.72863073307215 -71.61743180501895 60
      vertex -80.125 -71.81939203391613 60
    endloop
  endfacet
  facet normal 0.35836794954530393 -0.9335804264972004 0
    outer loop
      vertex -79.72863073307215 -71.61743180501895 9.99
      vertex -79.31332222609353 -71.4580098057456 60
      vertex -79.72863073307215 -71.61743180501895 60
    endloop
  endfacet
  facet normal 0.2588190451025243 -0.9659258262890673 0
    outer loop
      vertex -79.31332222609353 -71.4580098057456 9.99
      vertex -78.88362468597548 -71.34287269688133 60
      vertex -79.31332222609353 -71.4580098057456 60
    endloop
  endfacet
  facet normal 0.15643446504023617 -0.9876883405951369 0
    outer loop
      vertex -78.88362468597548 -71.34287269688133 9.99
      vertex -78.44424596888753 -71.27328194468484 60
      vertex -78.88362468597548 -71.34287269688133 60
    endloop
  endfacet
  facet normal 0.05233595624294645 -0.9986295347545736 0
    outer loop
      vertex -78.44424596888753 -71.27328194468484 9.99
      vertex -78 -71.25 60
      vertex -78.44424596888753 -71.27328194468484 60
    endloop
  endfacet
  facet normal -0.05233595624294645 -0.9986295347545736 0
    outer loop
      vertex -78 -71.25 9.99
      vertex -77.55575403111247 -71.27328194468484 60
      vertex -78 -71.25 60
    endloop
  endfacet
  facet normal -0.15643446504023617 -0.9876883405951369 0
    outer loop
      vertex -77.55575403111247 -71.27328194468484 9.99
      vertex -77.11637531402452 -71.34287269688133 60
      vertex -77.55575403111247 -71.27328194468484 60
    endloop
  endfacet
  facet normal -0.2588190451025243 -0.9659258262890673 0
    outer loop
      vertex -77.11637531402452 -71.34287269688133 9.99
      vertex -76.68667777390647 -71.4580098057456 60
      vertex -77.11637531402452 -71.34287269688133 60
    endloop
  endfacet
  facet normal 0.8660253957167849 0.500000013973586 0
    outer loop
      vertex -66.3857725635171 -82.13391711562872 2
      vertex -66.54278043657541 -81.86197151243687 60
      vertex -66.3857725635171 -82.13391711562872 60
    endloop
  endfacet
  facet normal 0.669130614928542 0.7431448177612163 0
    outer loop
      vertex -65.75772203505039 -82.83143789321184 2
      vertex -65.99108120054007 -82.62132035195827 60
      vertex -65.75772203505039 -82.83143789321184 60
    endloop
  endfacet
  facet normal 0.5877852528566571 0.809016993965044 0
    outer loop
      vertex -65.50367796421051 -83.0160117149353 2
      vertex -65.75772203505039 -82.83143789321184 60
      vertex -65.50367796421051 -83.0160117149353 60
    endloop
  endfacet
  facet normal 0.7431448177612163 0.669130614928542 0
    outer loop
      vertex -65.99108120054007 -82.62132035195827 2
      vertex -66.20119874179363 -82.3879611864686 60
      vertex -65.99108120054007 -82.62132035195827 60
    endloop
  endfacet
  facet normal 0.809016993965044 0.5877852528566571 0
    outer loop
      vertex -66.20119874179363 -82.3879611864686 2
      vertex -66.3857725635171 -82.13391711562872 60
      vertex -66.20119874179363 -82.3879611864686 60
    endloop
  endfacet
  facet normal 0.20791167136554337 0.9781476048685016 0
    outer loop
      vertex -64.33906424790621 -83.46306502074003 2
      vertex -64.64621799439192 -83.39777748286724 60
      vertex -64.33906424790621 -83.46306502074003 60
    endloop
  endfacet
  facet normal 0.10452847116952206 0.9945218945377534 0
    outer loop
      vertex -64.02676872164011 -83.49588860571384 2
      vertex -64.33906424790621 -83.46306502074003 60
      vertex -64.02676872164011 -83.49588860571384 60
    endloop
  endfacet
  facet normal 0.02617694208405647 0.9996573251385336 0
    outer loop
      vertex -63.86976087093353 -83.5 2
      vertex -64.02676872164011 -83.49588860571384 60
      vertex -63.86976087093353 -83.5 60
    endloop
  endfacet
  facet normal 0.4999999859045104 0.8660254119224732 0
    outer loop
      vertex -65.23173235356808 -83.17301958054304 2
      vertex -65.50367796421051 -83.0160117149353 60
      vertex -65.23173235356808 -83.17301958054304 60
    endloop
  endfacet
  facet normal 0.40673663936662624 0.9135454592940316 0
    outer loop
      vertex -64.94486470520496 -83.30074128508568 2
      vertex -65.23173235356808 -83.17301958054304 60
      vertex -64.94486470520496 -83.30074128508568 60
    endloop
  endfacet
  facet normal 0.3090169921374998 0.9510565170221443 0
    outer loop
      vertex -64.64621799439192 -83.39777748286724 2
      vertex -64.94486470520496 -83.30074128508568 60
      vertex -64.64621799439192 -83.39777748286724 60
    endloop
  endfacet
  facet normal 0.95105651004902 0.3090170135985689 0
    outer loop
      vertex -66.67050214111805 -81.57510386407375 2
      vertex -66.7675383463502 -81.27645715326071 60
      vertex -66.67050214111805 -81.57510386407375 60
    endloop
  endfacet
  facet normal 0.9135454592940316 0.40673663936662624 0
    outer loop
      vertex -66.54278043657541 -81.86197151243687 2
      vertex -66.67050214111805 -81.57510386407375 60
      vertex -66.54278043657541 -81.86197151243687 60
    endloop
  endfacet
  facet normal 0.9781475990175839 0.20791169889194822 0
    outer loop
      vertex -66.7675383463502 -81.27645715326071 2
      vertex -66.83282589167356 -80.96930341422558 60
      vertex -66.7675383463502 -81.27645715326071 60
    endloop
  endfacet
  facet normal 0.9945218945377534 0.10452847116952206 0
    outer loop
      vertex -66.83282589167356 -80.96930341422558 2
      vertex -66.86564947664738 -80.65700788795948 60
      vertex -66.83282589167356 -80.96930341422558 60
    endloop
  endfacet
  facet normal 1 0 0
    outer loop
      vertex -66.86564947664738 -80.65700788795948 2
      vertex -66.86564947664738 -80.34299214929342 60
      vertex -66.86564947664738 -80.65700788795948 60
    endloop
  endfacet
  facet normal 0.9945218945377534 -0.10452847116952206 0
    outer loop
      vertex -66.86564947664738 -80.34299214929342 2
      vertex -66.83282589167356 -80.03069662302732 60
      vertex -66.86564947664738 -80.34299214929342 60
    endloop
  endfacet
  facet normal 0.9781476048685016 -0.20791167136554337 0
    outer loop
      vertex -66.83282589167356 -80.03069662302732 2
      vertex -66.76753835380077 -79.72354287654161 60
      vertex -66.83282589167356 -80.03069662302732 60
    endloop
  endfacet
  facet normal 0.9510565170221443 -0.3090169921374998 0
    outer loop
      vertex -66.76753835380077 -79.72354287654161 2
      vertex -66.67050215601921 -79.42489616572857 60
      vertex -66.76753835380077 -79.72354287654161 60
    endloop
  endfacet
  facet normal 0.9335804208252607 -0.3583679643212113 0
    outer loop
      vertex -66.67050215601921 -79.42489616572857 2
      vertex -66.61547439545393 -79.28154395520687 60
      vertex -66.67050215601921 -79.42489616572857 60
    endloop
  endfacet
  facet normal 0.9510565224714396 -0.30901697536629286 0
    outer loop
      vertex -66.61547439545393 -79.28154395520687 2
      vertex -66.56698954850435 -79.13232292979956 60
      vertex -66.61547439545393 -79.28154395520687 60
    endloop
  endfacet
  facet normal 0.9659258271680096 -0.2588190418222672 0
    outer loop
      vertex -66.56698954850435 -79.13232292979956 2
      vertex -66.28256103396416 -78.0708212479949 60
      vertex -66.56698954850435 -79.13232292979956 60
    endloop
  endfacet
  facet normal 0.9781475988388045 -0.20791169973303814 0
    outer loop
      vertex -66.28256103396416 -78.0708212479949 2
      vertex -66.24993965029716 -77.91734971106052 60
      vertex -66.28256103396416 -78.0708212479949 60
    endloop
  endfacet
  facet normal 0.9876883400008707 -0.15643446879228512 0
    outer loop
      vertex -66.24993965029716 -77.91734971106052 2
      vertex -66.07802639901638 -76.83193218708038 60
      vertex -66.24993965029716 -77.91734971106052 60
    endloop
  endfacet
  facet normal 0.9945218960590235 -0.1045284566956052 0
    outer loop
      vertex -66.07802639901638 -76.83193218708038 2
      vertex -66.06162585318089 -76.67589140683413 60
      vertex -66.07802639901638 -76.83193218708038 60
    endloop
  endfacet
  facet normal -0.2588190451025243 0.9659258262890673 0
    outer loop
      vertex -76.68667777390647 -79.5419901942544 9.99
      vertex -77.11637531402452 -79.65712730311867 60
      vertex -76.68667777390647 -79.5419901942544 60
    endloop
  endfacet
  facet normal -0.35836794954530393 0.9335804264972004 0
    outer loop
      vertex -76.27136926692785 -79.38256819498105 9.99
      vertex -76.68667777390647 -79.5419901942544 60
      vertex -76.27136926692785 -79.38256819498105 60
    endloop
  endfacet
  facet normal -0.453990499739527 0.8910065241883779 0
    outer loop
      vertex -75.875 -79.18060796608387 9.99
      vertex -76.27136926692785 -79.38256819498105 60
      vertex -75.875 -79.18060796608387 60
    endloop
  endfacet
  facet normal -0.5446390350150269 0.8386705679454243 0
    outer loop
      vertex -75.50191267775699 -78.93832222609353 9.99
      vertex -75.875 -79.18060796608387 60
      vertex -75.50191267775699 -78.93832222609353 60
    endloop
  endfacet
  facet normal -0.629320391049847 0.7771459614569629 0
    outer loop
      vertex -75.15619492297485 -78.65836550827892 9.99
      vertex -75.50191267775699 -78.93832222609353 60
      vertex -75.15619492297485 -78.65836550827892 60
    endloop
  endfacet
  facet normal -0.7071067811865476 0.7071067811865476 0
    outer loop
      vertex -74.84163449172108 -78.34380507702515 9.99
      vertex -75.15619492297485 -78.65836550827892 60
      vertex -74.84163449172108 -78.34380507702515 60
    endloop
  endfacet
  facet normal -0.7771459614569629 0.629320391049847 0
    outer loop
      vertex -74.56167777390647 -77.99808732224301 9.99
      vertex -74.84163449172108 -78.34380507702515 60
      vertex -74.56167777390647 -77.99808732224301 60
    endloop
  endfacet
  facet normal -0.8386705679454243 0.5446390350150269 0
    outer loop
      vertex -74.31939203391613 -77.625 9.99
      vertex -74.56167777390647 -77.99808732224301 60
      vertex -74.31939203391613 -77.625 60
    endloop
  endfacet
  facet normal -0.8910065241883779 0.453990499739527 0
    outer loop
      vertex -74.11743180501895 -77.22863073307215 9.99
      vertex -74.31939203391613 -77.625 60
      vertex -74.11743180501895 -77.22863073307215 60
    endloop
  endfacet
  facet normal -0.9335804264972004 0.35836794954530393 0
    outer loop
      vertex -73.9580098057456 -76.81332222609353 9.99
      vertex -74.11743180501895 -77.22863073307215 60
      vertex -73.9580098057456 -76.81332222609353 60
    endloop
  endfacet
  facet normal 0.5877852764175114 0.8090169768470806 0
    outer loop
      vertex -70.88552622497082 -65.8412339836359 2
      vertex -71.01246091723442 -65.74901052564383 60
      vertex -70.88552622497082 -65.8412339836359 60
    endloop
  endfacet
  facet normal 0.9986295349511297 -0.05233595249243526 0
    outer loop
      vertex -66.06162585318089 -76.67589140683413 2
      vertex -66.00411139428616 -75.57845007628202 60
      vertex -66.06162585318089 -76.67589140683413 60
    endloop
  endfacet
  facet normal 1 0 0
    outer loop
      vertex -66.00411139428616 -75.57845007628202 2
      vertex -66.00411139428616 -75.4215499162674 60
      vertex -66.00411139428616 -75.57845007628202 60
    endloop
  endfacet
  facet normal 0.9986295348939128 0.052335953584199485 0
    outer loop
      vertex -66.00411139428616 -75.4215499162674 2
      vertex -66.06162586063147 -74.324108466506 60
      vertex -66.00411139428616 -75.4215499162674 60
    endloop
  endfacet
  facet normal 0.9945218942654319 0.10452847376048861 0
    outer loop
      vertex -66.06162586063147 -74.324108466506 2
      vertex -66.07802638411522 -74.16806792467833 60
      vertex -66.06162586063147 -74.324108466506 60
    endloop
  endfacet
  facet normal 0.9659258279546319 0.25881903888655244 0
    outer loop
      vertex -66.28256103396416 -72.92917874455452 2
      vertex -66.56698954105377 -71.86767707765102 60
      vertex -66.28256103396416 -72.92917874455452 60
    endloop
  endfacet
  facet normal 0.9876883405604088 0.15643446525950055 0
    outer loop
      vertex -66.07802638411522 -74.16806792467833 2
      vertex -66.24993965029716 -73.0826502814889 60
      vertex -66.07802638411522 -74.16806792467833 60
    endloop
  endfacet
  facet normal 0.9781475988388045 0.20791169973303814 0
    outer loop
      vertex -66.24993965029716 -73.0826502814889 2
      vertex -66.28256103396416 -72.92917874455452 60
      vertex -66.24993965029716 -73.0826502814889 60
    endloop
  endfacet
  facet normal 0.9510565172324066 0.30901699149037953 0
    outer loop
      vertex -66.56698954105377 -71.86767707765102 2
      vertex -66.61547440290451 -71.7184560149908 60
      vertex -66.56698954105377 -71.86767707765102 60
    endloop
  endfacet
  facet normal 0.9335804257759017 0.35836795142435096 0
    outer loop
      vertex -66.61547440290451 -71.7184560149908 2
      vertex -67.00930194556713 -70.6925001963973 60
      vertex -66.61547440290451 -71.7184560149908 60
    endloop
  endfacet
  facet normal 0.891006524892196 0.45399049835820615 0
    outer loop
      vertex -67.07311893254519 -70.54916489869356 2
      vertex -67.57203072309494 -69.56999537348747 60
      vertex -67.07311893254519 -70.54916489869356 60
    endloop
  endfacet
  facet normal 0.8090169768470806 0.5877852764175114 0
    outer loop
      vertex -68.24901052564383 -68.51246091723442 2
      vertex -68.3412339836359 -68.38552622497082 60
      vertex -68.24901052564383 -68.51246091723442 60
    endloop
  endfacet
  facet normal 0.866025407724629 0.4999999931753902 0
    outer loop
      vertex -67.57203072309494 -69.56999537348747 2
      vertex -67.65048070251942 -69.43411602079868 60
      vertex -67.57203072309494 -69.56999537348747 60
    endloop
  endfacet
  facet normal 0.8386705677124385 0.5446390353737932 0
    outer loop
      vertex -67.65048070251942 -69.43411602079868 2
      vertex -68.24901052564383 -68.51246091723442 60
      vertex -67.65048070251942 -69.43411602079868 60
    endloop
  endfacet
  facet normal 0.7071067811865476 0.7071067811865476 0
    outer loop
      vertex -69.13781078904867 -67.41488401591778 2
      vertex -69.91488402336836 -66.63781078159809 60
      vertex -69.13781078904867 -67.41488401591778 60
    endloop
  endfacet
  facet normal 0.7431448226754975 0.6691306094706797 0
    outer loop
      vertex -69.03282410651445 -67.53148353844881 2
      vertex -69.13781078904867 -67.41488401591778 60
      vertex -69.03282410651445 -67.53148353844881 60
    endloop
  endfacet
  facet normal 0.6691306042468929 0.7431448273790162 0
    outer loop
      vertex -69.91488402336836 -66.63781078159809 2
      vertex -70.03148353099823 -66.53282411396503 60
      vertex -69.91488402336836 -66.63781078159809 60
    endloop
  endfacet
  facet normal 0.6293203872485708 0.7771459645351759 0
    outer loop
      vertex -70.03148353099823 -66.53282411396503 2
      vertex -70.88552622497082 -65.8412339836359 60
      vertex -70.03148353099823 -66.53282411396503 60
    endloop
  endfacet
  facet normal 0.777145965165893 0.6293203864697001 0
    outer loop
      vertex -68.3412339836359 -68.38552622497082 2
      vertex -69.03282410651445 -67.53148353844881 60
      vertex -68.3412339836359 -68.38552622497082 60
    endloop
  endfacet
  facet normal 0.913545455693305 0.4067366474539906 0
    outer loop
      vertex -67.00930194556713 -70.6925001963973 2
      vertex -67.07311893254519 -70.54916489869356 60
      vertex -67.00930194556713 -70.6925001963973 60
    endloop
  endfacet
  facet normal -0.9659258262890673 0.2588190451025243 0
    outer loop
      vertex -73.84287269688133 -76.38362468597548 9.99
      vertex -73.9580098057456 -76.81332222609353 60
      vertex -73.84287269688133 -76.38362468597548 60
    endloop
  endfacet
  facet normal -0.9876883405951369 0.15643446504023617 0
    outer loop
      vertex -73.77328194468484 -75.94424596888753 9.99
      vertex -73.84287269688133 -76.38362468597548 60
      vertex -73.77328194468484 -75.94424596888753 60
    endloop
  endfacet
  facet normal -0.9986295347545736 0.05233595624294645 0
    outer loop
      vertex -73.75 -75.5 9.99
      vertex -73.77328194468484 -75.94424596888753 60
      vertex -73.75 -75.5 60
    endloop
  endfacet
  facet normal -0.9986295347545736 -0.05233595624294645 0
    outer loop
      vertex -73.77328194468484 -75.05575403111247 9.99
      vertex -73.75 -75.5 60
      vertex -73.77328194468484 -75.05575403111247 60
    endloop
  endfacet
  facet normal -0.9876883405951369 -0.15643446504023617 0
    outer loop
      vertex -73.84287269688133 -74.61637531402452 9.99
      vertex -73.77328194468484 -75.05575403111247 60
      vertex -73.84287269688133 -74.61637531402452 60
    endloop
  endfacet
  facet normal -0.9335804264972004 -0.35836794954530393 0
    outer loop
      vertex -74.11743180501895 -73.77136926692785 9.99
      vertex -73.9580098057456 -74.18667777390647 60
      vertex -74.11743180501895 -73.77136926692785 60
    endloop
  endfacet
  facet normal -0.9659258262890673 -0.2588190451025243 0
    outer loop
      vertex -73.9580098057456 -74.18667777390647 9.99
      vertex -73.84287269688133 -74.61637531402452 60
      vertex -73.9580098057456 -74.18667777390647 60
    endloop
  endfacet
  facet normal -0.35836794954530393 -0.9335804264972004 0
    outer loop
      vertex -76.68667777390647 -71.4580098057456 9.99
      vertex -76.27136926692785 -71.61743180501895 60
      vertex -76.68667777390647 -71.4580098057456 60
    endloop
  endfacet
  facet normal -0.453990499739527 -0.8910065241883779 0
    outer loop
      vertex -76.27136926692785 -71.61743180501895 9.99
      vertex -75.875 -71.81939203391613 60
      vertex -76.27136926692785 -71.61743180501895 60
    endloop
  endfacet
  facet normal -0.5446390350150269 -0.8386705679454243 0
    outer loop
      vertex -75.875 -71.81939203391613 9.99
      vertex -75.50191267775699 -72.06167777390647 60
      vertex -75.875 -71.81939203391613 60
    endloop
  endfacet
  facet normal -0.629320391049847 -0.7771459614569629 0
    outer loop
      vertex -75.50191267775699 -72.06167777390647 9.99
      vertex -75.15619492297485 -72.34163449172108 60
      vertex -75.50191267775699 -72.06167777390647 60
    endloop
  endfacet
  facet normal -0.8386705679454243 -0.5446390350150269 0
    outer loop
      vertex -74.56167777390647 -73.00191267775699 9.99
      vertex -74.31939203391613 -73.375 60
      vertex -74.56167777390647 -73.00191267775699 60
    endloop
  endfacet
  facet normal -0.7771459614569629 -0.629320391049847 0
    outer loop
      vertex -74.84163449172108 -72.65619492297485 9.99
      vertex -74.56167777390647 -73.00191267775699 60
      vertex -74.84163449172108 -72.65619492297485 60
    endloop
  endfacet
  facet normal -0.8910065241883779 -0.453990499739527 0
    outer loop
      vertex -74.31939203391613 -73.375 9.99
      vertex -74.11743180501895 -73.77136926692785 60
      vertex -74.31939203391613 -73.375 60
    endloop
  endfacet
  facet normal -0.7071067811865476 -0.7071067811865476 0
    outer loop
      vertex -75.15619492297485 -72.34163449172108 9.99
      vertex -74.84163449172108 -72.65619492297485 60
      vertex -75.15619492297485 -72.34163449172108 60
    endloop
  endfacet
  facet normal 0 1 0
    outer loop
      vertex -90 -64.5 60
      vertex -80 -64.5 60
      vertex -90 -64.5 2
    endloop
  endfacet
  facet normal -1 0 0
    outer loop
      vertex -80 -64.5 2
      vertex -80 -64.5 60
      vertex -80 -63.683837949796256 60
    endloop
  endfacet
  facet normal -0.1564344652594956 0.9876883405604096 0
    outer loop
      vertex -79.3319320678711 -63.57802638411522 2
      vertex -80 -63.683837949796256 60
      vertex -79.3319320678711 -63.57802638411522 60
    endloop
  endfacet
  facet normal -0.10452847376048861 0.9945218942654319 0
    outer loop
      vertex -79.17589152604342 -63.561625860631466 2
      vertex -79.3319320678711 -63.57802638411522 60
      vertex -79.17589152604342 -63.561625860631466 60
    endloop
  endfacet
  facet normal -0.052335953584199485 0.9986295348939128 0
    outer loop
      vertex -78.07845007628202 -63.504111394286156 2
      vertex -79.17589152604342 -63.561625860631466 60
      vertex -78.07845007628202 -63.504111394286156 60
    endloop
  endfacet
  facet normal 0 1 0
    outer loop
      vertex -77.92154992371798 -63.504111394286156 2
      vertex -78.07845007628202 -63.504111394286156 60
      vertex -77.92154992371798 -63.504111394286156 60
    endloop
  endfacet
  facet normal 0.05233595213809724 0.9986295349696998 0
    outer loop
      vertex -76.8241085857153 -63.561625853180885 2
      vertex -77.92154992371798 -63.504111394286156 60
      vertex -76.8241085857153 -63.561625853180885 60
    endloop
  endfacet
  facet normal 0.1045284566956052 0.9945218960590235 0
    outer loop
      vertex -76.66806780546904 -63.57802639901638 2
      vertex -76.8241085857153 -63.561625853180885 60
      vertex -76.66806780546904 -63.57802639901638 60
    endloop
  endfacet
  facet normal 0.15643446879228512 0.9876883400008707 0
    outer loop
      vertex -75.5826502814889 -63.749939650297165 2
      vertex -76.66806780546904 -63.57802639901638 60
      vertex -75.5826502814889 -63.749939650297165 60
    endloop
  endfacet
  facet normal 0.20791169973303814 0.9781475988388045 0
    outer loop
      vertex -75.42917874455452 -63.78256103396416 2
      vertex -75.5826502814889 -63.749939650297165 60
      vertex -75.42917874455452 -63.78256103396416 60
    endloop
  endfacet
  facet normal 0.2588190418222672 0.9659258271680096 0
    outer loop
      vertex -74.36767706274986 -64.06698954850435 2
      vertex -75.42917874455452 -63.78256103396416 60
      vertex -74.36767706274986 -64.06698954850435 60
    endloop
  endfacet
  facet normal 0.309016988237967 0.9510565182891794 0
    outer loop
      vertex -74.21845606714487 -64.11547438800335 2
      vertex -74.36767706274986 -64.06698954850435 60
      vertex -74.21845606714487 -64.11547438800335 60
    endloop
  endfacet
  facet normal 0.35836795148206757 0.9335804257537463 0
    outer loop
      vertex -73.19250015169382 -64.50930196791887 2
      vertex -74.21845606714487 -64.11547438800335 60
      vertex -73.19250015169382 -64.50930196791887 60
    endloop
  endfacet
  facet normal 0.4067366344303633 0.9135454614917974 0
    outer loop
      vertex -73.04916489869356 -64.57311893254519 2
      vertex -73.19250015169382 -64.50930196791887 60
      vertex -73.04916489869356 -64.57311893254519 60
    endloop
  endfacet
  facet normal 0.45399049835820615 0.891006524892196 0
    outer loop
      vertex -72.06999537348747 -65.07203072309494 2
      vertex -73.04916489869356 -64.57311893254519 60
      vertex -72.06999537348747 -65.07203072309494 60
    endloop
  endfacet
  facet normal 0.4999999931753902 0.866025407724629 0
    outer loop
      vertex -71.93411602079868 -65.15048070251942 2
      vertex -72.06999537348747 -65.07203072309494 60
      vertex -71.93411602079868 -65.15048070251942 60
    endloop
  endfacet
  facet normal 0.5446390353737932 0.8386705677124385 0
    outer loop
      vertex -71.01246091723442 -65.74901052564383 2
      vertex -71.93411602079868 -65.15048070251942 60
      vertex -71.01246091723442 -65.74901052564383 60
    endloop
  endfacet
  facet normal 0 0 1
    outer loop
      vertex -89.48127274215221 -83.94041986018419 60
      vertex -78.88362468597548 -79.65712730311867 60
      vertex -89.70633909851313 -83.35410196334124 60
    endloop
  endfacet
  facet normal 0 0 1
    outer loop
      vertex -89.19615242630243 -84.5 60
      vertex -78 -79.75 60
      vertex -89.48127274215221 -83.94041986018419 60
    endloop
  endfacet
  facet normal 0 0 1
    outer loop
      vertex -89.86888560652733 -82.74747014790773 60
      vertex -80.125 -79.18060796608387 60
      vertex -89.9671313688159 -82.12717077881098 60
    endloop
  endfacet
  facet normal 0 0 1
    outer loop
      vertex -89.70633909851313 -83.35410196334124 60
      vertex -79.31332222609353 -79.5419901942544 60
      vertex -89.86888560652733 -82.74747014790773 60
    endloop
  endfacet
  facet normal 0 0 1
    outer loop
      vertex -89.9671313688159 -82.12717077881098 60
      vertex -80.125 -79.18060796608387 60
      vertex -90 -81.5 60
    endloop
  endfacet
  facet normal 0 0 1
    outer loop
      vertex -90 -81.5 60
      vertex -80.84380507702515 -78.65836550827892 60
      vertex -81.15836550827892 -78.34380507702515 60
    endloop
  endfacet
  facet normal 0 0 1
    outer loop
      vertex -90 -81.5 60
      vertex -80.49808732224301 -78.93832222609353 60
      vertex -80.84380507702515 -78.65836550827892 60
    endloop
  endfacet
  facet normal 0 0 1
    outer loop
      vertex -90 -81.5 60
      vertex -80.125 -79.18060796608387 60
      vertex -80.49808732224301 -78.93832222609353 60
    endloop
  endfacet
  facet normal 0 0 1
    outer loop
      vertex -90 -81.5 60
      vertex -81.43832222609353 -77.99808732224301 60
      vertex -81.68060796608387 -77.625 60
    endloop
  endfacet
  facet normal 0 0 1
    outer loop
      vertex -90 -81.5 60
      vertex -81.68060796608387 -77.625 60
      vertex -81.88256819498105 -77.22863073307215 60
    endloop
  endfacet
  facet normal 0 0 1
    outer loop
      vertex -90 -81.5 60
      vertex -82.0419901942544 -76.81332222609353 60
      vertex -82.15712730311867 -76.38362468597548 60
    endloop
  endfacet
  facet normal 0 0 1
    outer loop
      vertex -90 -81.5 60
      vertex -82.15712730311867 -76.38362468597548 60
      vertex -82.22671805531516 -75.94424596888753 60
    endloop
  endfacet
  facet normal 0 0 1
    outer loop
      vertex -90 -81.5 60
      vertex -81.88256819498105 -77.22863073307215 60
      vertex -82.0419901942544 -76.81332222609353 60
    endloop
  endfacet
  facet normal 0 0 1
    outer loop
      vertex -90 -81.5 60
      vertex -81.15836550827892 -78.34380507702515 60
      vertex -81.43832222609353 -77.99808732224301 60
    endloop
  endfacet
  facet normal 0 0 1
    outer loop
      vertex -90 -81.5 60
      vertex -82.22671805531516 -75.94424596888753 60
      vertex -82.25 -75.5 60
    endloop
  endfacet
  facet normal 0 0 1
    outer loop
      vertex -90 -81.5 60
      vertex -82.25 -75.5 60
      vertex -82.22671805531516 -75.05575403111247 60
    endloop
  endfacet
  facet normal 0 0 1
    outer loop
      vertex -90 -81.5 60
      vertex -82.22671805531516 -75.05575403111247 60
      vertex -82.15712730311867 -74.61637531402452 60
    endloop
  endfacet
  facet normal 0 0 1
    outer loop
      vertex -90 -81.5 60
      vertex -82.15712730311867 -74.61637531402452 60
      vertex -82.0419901942544 -74.18667777390647 60
    endloop
  endfacet
  facet normal 0 0 1
    outer loop
      vertex -88.45886895060539 -85.51478363573551 60
      vertex -66.00411139428616 -75.57845007628202 60
      vertex -88.85410196334124 -85.02671151608229 60
    endloop
  endfacet
  facet normal 0 0 1
    outer loop
      vertex -88.45886895060539 -85.51478363573551 60
      vertex -88.01478363573551 -85.95886895060539 60
      vertex -66.00411139428616 -75.57845007628202 60
    endloop
  endfacet
  facet normal 0 0 1
    outer loop
      vertex -87.52671151608229 -86.35410196334124 60
      vertex -66.00411139428616 -75.57845007628202 60
      vertex -88.01478363573551 -85.95886895060539 60
    endloop
  endfacet
  facet normal 0 0 1
    outer loop
      vertex -84.62717077881098 -87.4671313688159 60
      vertex -84 -87.5 60
      vertex -66.76753835380077 -79.72354287654161 60
    endloop
  endfacet
  facet normal 0 0 1
    outer loop
      vertex -87 -86.69615242630243 60
      vertex -86.44041986018419 -86.98127274215221 60
      vertex -66.06162585318089 -76.67589140683413 60
    endloop
  endfacet
  facet normal 0 0 1
    outer loop
      vertex -86.44041986018419 -86.98127274215221 60
      vertex -85.85410196334124 -87.20633909851313 60
      vertex -66.24993965029716 -77.91734971106052 60
    endloop
  endfacet
  facet normal 0 0 1
    outer loop
      vertex -85.85410196334124 -87.20633909851313 60
      vertex -85.24747014790773 -87.36888560652733 60
      vertex -66.28256103396416 -78.0708212479949 60
    endloop
  endfacet
  facet normal 0 0 1
    outer loop
      vertex -85.24747014790773 -87.36888560652733 60
      vertex -84.62717077881098 -87.4671313688159 60
      vertex -66.56698954850435 -79.13232292979956 60
    endloop
  endfacet
  facet normal 0 0 1
    outer loop
      vertex -87.52671151608229 -86.35410196334124 60
      vertex -87 -86.69615242630243 60
      vertex -66.00411139428616 -75.57845007628202 60
    endloop
  endfacet
  facet normal 0 0 1
    outer loop
      vertex -89.48127274215221 -83.94041986018419 60
      vertex -78.44424596888753 -79.72671805531516 60
      vertex -78.88362468597548 -79.65712730311867 60
    endloop
  endfacet
  facet normal 0 0 1
    outer loop
      vertex -89.70633909851313 -83.35410196334124 60
      vertex -78.88362468597548 -79.65712730311867 60
      vertex -79.31332222609353 -79.5419901942544 60
    endloop
  endfacet
  facet normal 0 0 1
    outer loop
      vertex -89.48127274215221 -83.94041986018419 60
      vertex -78 -79.75 60
      vertex -78.44424596888753 -79.72671805531516 60
    endloop
  endfacet
  facet normal 0 0 1
    outer loop
      vertex -89.86888560652733 -82.74747014790773 60
      vertex -79.72863073307215 -79.38256819498105 60
      vertex -80.125 -79.18060796608387 60
    endloop
  endfacet
  facet normal 0 0 1
    outer loop
      vertex -89.86888560652733 -82.74747014790773 60
      vertex -79.31332222609353 -79.5419901942544 60
      vertex -79.72863073307215 -79.38256819498105 60
    endloop
  endfacet
  facet normal 0 0 1
    outer loop
      vertex -88.85410196334124 -85.02671151608229 60
      vertex -66.00411139428616 -75.57845007628202 60
      vertex -89.19615242630243 -84.5 60
    endloop
  endfacet
  facet normal 0 0 1
    outer loop
      vertex -89.19615242630243 -84.5 60
      vertex -77.55575403111247 -79.72671805531516 60
      vertex -78 -79.75 60
    endloop
  endfacet
  facet normal 0 0 1
    outer loop
      vertex -89.19615242630243 -84.5 60
      vertex -77.11637531402452 -79.65712730311867 60
      vertex -77.55575403111247 -79.72671805531516 60
    endloop
  endfacet
  facet normal 0 0 1
    outer loop
      vertex -89.19615242630243 -84.5 60
      vertex -76.68667777390647 -79.5419901942544 60
      vertex -77.11637531402452 -79.65712730311867 60
    endloop
  endfacet
  facet normal 0 0 1
    outer loop
      vertex -89.19615242630243 -84.5 60
      vertex -66.00411139428616 -75.57845007628202 60
      vertex -76.68667777390647 -79.5419901942544 60
    endloop
  endfacet
  facet normal 0 0 1
    outer loop
      vertex -90 -81.5 60
      vertex -82.0419901942544 -74.18667777390647 60
      vertex -81.88256819498105 -73.77136926692785 60
    endloop
  endfacet
  facet normal 0 0 1
    outer loop
      vertex -90 -81.5 60
      vertex -81.88256819498105 -73.77136926692785 60
      vertex -81.68060796608387 -73.375 60
    endloop
  endfacet
  facet normal 0 0 1
    outer loop
      vertex -90 -81.5 60
      vertex -81.68060796608387 -73.375 60
      vertex -81.43832222609353 -73.00191267775699 60
    endloop
  endfacet
  facet normal 0 0 1
    outer loop
      vertex -90 -81.5 60
      vertex -81.43832222609353 -73.00191267775699 60
      vertex -81.15836550827892 -72.65619492297485 60
    endloop
  endfacet
  facet normal 0 0 1
    outer loop
      vertex -90 -81.5 60
      vertex -80 -64.5 60
      vertex -90 -64.5 60
    endloop
  endfacet
  facet normal 0 0 1
    outer loop
      vertex -90 -81.5 60
      vertex -81.15836550827892 -72.65619492297485 60
      vertex -73.19250015169382 -64.50930196791887 60
    endloop
  endfacet
  facet normal 0 0 1
    outer loop
      vertex -90 -81.5 60
      vertex -79.3319320678711 -63.57802638411522 60
      vertex -80 -64.5 60
    endloop
  endfacet
  facet normal 0 0 1
    outer loop
      vertex -90 -81.5 60
      vertex -79.17589152604342 -63.561625860631466 60
      vertex -79.3319320678711 -63.57802638411522 60
    endloop
  endfacet
  facet normal 0 0 1
    outer loop
      vertex -90 -81.5 60
      vertex -78.07845007628202 -63.504111394286156 60
      vertex -79.17589152604342 -63.561625860631466 60
    endloop
  endfacet
  facet normal 0 0 1
    outer loop
      vertex -90 -81.5 60
      vertex -77.92154992371798 -63.504111394286156 60
      vertex -78.07845007628202 -63.504111394286156 60
    endloop
  endfacet
  facet normal 0 0 1
    outer loop
      vertex -90 -81.5 60
      vertex -76.8241085857153 -63.561625853180885 60
      vertex -77.92154992371798 -63.504111394286156 60
    endloop
  endfacet
  facet normal 0 0 1
    outer loop
      vertex -90 -81.5 60
      vertex -76.66806780546904 -63.57802639901638 60
      vertex -76.8241085857153 -63.561625853180885 60
    endloop
  endfacet
  facet normal 0 0 1
    outer loop
      vertex -90 -81.5 60
      vertex -75.5826502814889 -63.749939650297165 60
      vertex -76.66806780546904 -63.57802639901638 60
    endloop
  endfacet
  facet normal 0 0 1
    outer loop
      vertex -90 -81.5 60
      vertex -75.42917874455452 -63.78256103396416 60
      vertex -75.5826502814889 -63.749939650297165 60
    endloop
  endfacet
  facet normal 0 0 1
    outer loop
      vertex -90 -81.5 60
      vertex -74.36767706274986 -64.06698954850435 60
      vertex -75.42917874455452 -63.78256103396416 60
    endloop
  endfacet
  facet normal 0 0 1
    outer loop
      vertex -90 -81.5 60
      vertex -74.21845606714487 -64.11547438800335 60
      vertex -74.36767706274986 -64.06698954850435 60
    endloop
  endfacet
  facet normal 0 0 1
    outer loop
      vertex -90 -81.5 60
      vertex -73.19250015169382 -64.50930196791887 60
      vertex -74.21845606714487 -64.11547438800335 60
    endloop
  endfacet
  facet normal 0 0 1
    outer loop
      vertex -73.19250015169382 -64.50930196791887 60
      vertex -81.15836550827892 -72.65619492297485 60
      vertex -80.84380507702515 -72.34163449172108 60
    endloop
  endfacet
  facet normal 0 0 1
    outer loop
      vertex -73.19250015169382 -64.50930196791887 60
      vertex -80.84380507702515 -72.34163449172108 60
      vertex -80.49808732224301 -72.06167777390647 60
    endloop
  endfacet
  facet normal 0 0 1
    outer loop
      vertex -73.04916489869356 -64.57311893254519 60
      vertex -80.49808732224301 -72.06167777390647 60
      vertex -80.125 -71.81939203391613 60
    endloop
  endfacet
  facet normal 0 0 1
    outer loop
      vertex -73.04916489869356 -64.57311893254519 60
      vertex -80.125 -71.81939203391613 60
      vertex -79.72863073307215 -71.61743180501895 60
    endloop
  endfacet
  facet normal 0 0 1
    outer loop
      vertex -73.04916489869356 -64.57311893254519 60
      vertex -79.72863073307215 -71.61743180501895 60
      vertex -79.31332222609353 -71.4580098057456 60
    endloop
  endfacet
  facet normal 0 0 1
    outer loop
      vertex -73.04916489869356 -64.57311893254519 60
      vertex -79.31332222609353 -71.4580098057456 60
      vertex -78.88362468597548 -71.34287269688133 60
    endloop
  endfacet
  facet normal 0 0 1
    outer loop
      vertex -84 -87.5 60
      vertex -64.33906424790621 -83.46306502074003 60
      vertex -64.64621799439192 -83.39777748286724 60
    endloop
  endfacet
  facet normal 0 0 1
    outer loop
      vertex -84 -87.5 60
      vertex -64.02676872164011 -83.49588860571384 60
      vertex -64.33906424790621 -83.46306502074003 60
    endloop
  endfacet
  facet normal 0 0 1
    outer loop
      vertex -84 -87.5 60
      vertex -65.99108120054007 -82.62132035195827 60
      vertex -66.20119874179363 -82.3879611864686 60
    endloop
  endfacet
  facet normal 0 0 1
    outer loop
      vertex -84 -87.5 60
      vertex -66.67050214111805 -81.57510386407375 60
      vertex -66.7675383463502 -81.27645715326071 60
    endloop
  endfacet
  facet normal 0 0 1
    outer loop
      vertex -84 -87.5 60
      vertex -66.3857725635171 -82.13391711562872 60
      vertex -66.54278043657541 -81.86197151243687 60
    endloop
  endfacet
  facet normal 0 0 1
    outer loop
      vertex -84 -87.5 60
      vertex -66.20119874179363 -82.3879611864686 60
      vertex -66.3857725635171 -82.13391711562872 60
    endloop
  endfacet
  facet normal 0 0 1
    outer loop
      vertex -84 -87.5 60
      vertex -66.54278043657541 -81.86197151243687 60
      vertex -66.67050214111805 -81.57510386407375 60
    endloop
  endfacet
  facet normal 0 0 1
    outer loop
      vertex -84 -87.5 60
      vertex -66.7675383463502 -81.27645715326071 60
      vertex -66.83282589167356 -80.96930341422558 60
    endloop
  endfacet
  facet normal 0 0 1
    outer loop
      vertex -84 -87.5 60
      vertex -66.83282589167356 -80.96930341422558 60
      vertex -66.86564947664738 -80.65700788795948 60
    endloop
  endfacet
  facet normal 0 0 1
    outer loop
      vertex -84 -87.5 60
      vertex -66.86564947664738 -80.65700788795948 60
      vertex -66.86564947664738 -80.34299214929342 60
    endloop
  endfacet
  facet normal 0 0 1
    outer loop
      vertex -84 -87.5 60
      vertex -66.86564947664738 -80.34299214929342 60
      vertex -66.83282589167356 -80.03069662302732 60
    endloop
  endfacet
  facet normal 0 0 1
    outer loop
      vertex -84 -87.5 60
      vertex -66.83282589167356 -80.03069662302732 60
      vertex -66.76753835380077 -79.72354287654161 60
    endloop
  endfacet
  facet normal 0 0 1
    outer loop
      vertex -84.62717077881098 -87.4671313688159 60
      vertex -66.76753835380077 -79.72354287654161 60
      vertex -66.67050215601921 -79.42489616572857 60
    endloop
  endfacet
  facet normal 0 0 1
    outer loop
      vertex -84.62717077881098 -87.4671313688159 60
      vertex -66.67050215601921 -79.42489616572857 60
      vertex -66.61547439545393 -79.28154395520687 60
    endloop
  endfacet
  facet normal 0 0 1
    outer loop
      vertex -84 -87.5 60
      vertex -65.50367796421051 -83.0160117149353 60
      vertex -65.75772203505039 -82.83143789321184 60
    endloop
  endfacet
  facet normal 0 0 1
    outer loop
      vertex -84 -87.5 60
      vertex -65.75772203505039 -82.83143789321184 60
      vertex -65.99108120054007 -82.62132035195827 60
    endloop
  endfacet
  facet normal 0 0 1
    outer loop
      vertex -84 -87.5 60
      vertex -64.94486470520496 -83.30074128508568 60
      vertex -65.23173235356808 -83.17301958054304 60
    endloop
  endfacet
  facet normal 0 0 1
    outer loop
      vertex -84 -87.5 60
      vertex -65.23173235356808 -83.17301958054304 60
      vertex -65.50367796421051 -83.0160117149353 60
    endloop
  endfacet
  facet normal 0 0 1
    outer loop
      vertex -84 -87.5 60
      vertex -64.64621799439192 -83.39777748286724 60
      vertex -64.94486470520496 -83.30074128508568 60
    endloop
  endfacet
  facet normal 0 0 1
    outer loop
      vertex -84.62717077881098 -87.4671313688159 60
      vertex -66.61547439545393 -79.28154395520687 60
      vertex -66.56698954850435 -79.13232292979956 60
    endloop
  endfacet
  facet normal 0 0 1
    outer loop
      vertex -85.24747014790773 -87.36888560652733 60
      vertex -66.56698954850435 -79.13232292979956 60
      vertex -66.28256103396416 -78.0708212479949 60
    endloop
  endfacet
  facet normal 0 0 1
    outer loop
      vertex -85.85410196334124 -87.20633909851313 60
      vertex -66.28256103396416 -78.0708212479949 60
      vertex -66.24993965029716 -77.91734971106052 60
    endloop
  endfacet
  facet normal 0 0 1
    outer loop
      vertex -86.44041986018419 -86.98127274215221 60
      vertex -66.24993965029716 -77.91734971106052 60
      vertex -66.07802639901638 -76.83193218708038 60
    endloop
  endfacet
  facet normal 0 0 1
    outer loop
      vertex -86.44041986018419 -86.98127274215221 60
      vertex -66.07802639901638 -76.83193218708038 60
      vertex -66.06162585318089 -76.67589140683413 60
    endloop
  endfacet
  facet normal 0 0 1
    outer loop
      vertex -87 -86.69615242630243 60
      vertex -66.06162585318089 -76.67589140683413 60
      vertex -66.00411139428616 -75.57845007628202 60
    endloop
  endfacet
  facet normal 0 0 1
    outer loop
      vertex -66.00411139428616 -75.57845007628202 60
      vertex -76.27136926692785 -79.38256819498105 60
      vertex -76.68667777390647 -79.5419901942544 60
    endloop
  endfacet
  facet normal 0 0 1
    outer loop
      vertex -66.00411139428616 -75.57845007628202 60
      vertex -75.875 -79.18060796608387 60
      vertex -76.27136926692785 -79.38256819498105 60
    endloop
  endfacet
  facet normal 0 0 1
    outer loop
      vertex -66.00411139428616 -75.57845007628202 60
      vertex -75.50191267775699 -78.93832222609353 60
      vertex -75.875 -79.18060796608387 60
    endloop
  endfacet
  facet normal 0 0 1
    outer loop
      vertex -66.00411139428616 -75.57845007628202 60
      vertex -75.15619492297485 -78.65836550827892 60
      vertex -75.50191267775699 -78.93832222609353 60
    endloop
  endfacet
  facet normal 0 0 1
    outer loop
      vertex -66.00411139428616 -75.57845007628202 60
      vertex -74.84163449172108 -78.34380507702515 60
      vertex -75.15619492297485 -78.65836550827892 60
    endloop
  endfacet
  facet normal 0 0 1
    outer loop
      vertex -66.00411139428616 -75.57845007628202 60
      vertex -74.56167777390647 -77.99808732224301 60
      vertex -74.84163449172108 -78.34380507702515 60
    endloop
  endfacet
  facet normal 0 0 1
    outer loop
      vertex -66.00411139428616 -75.57845007628202 60
      vertex -74.31939203391613 -77.625 60
      vertex -74.56167777390647 -77.99808732224301 60
    endloop
  endfacet
  facet normal 0 0 1
    outer loop
      vertex -66.00411139428616 -75.4215499162674 60
      vertex -74.11743180501895 -77.22863073307215 60
      vertex -74.31939203391613 -77.625 60
    endloop
  endfacet
  facet normal 0 0 1
    outer loop
      vertex -66.00411139428616 -75.4215499162674 60
      vertex -73.9580098057456 -76.81332222609353 60
      vertex -74.11743180501895 -77.22863073307215 60
    endloop
  endfacet
  facet normal 0 0 1
    outer loop
      vertex -66.07802638411522 -74.16806792467833 60
      vertex -73.84287269688133 -76.38362468597548 60
      vertex -73.9580098057456 -76.81332222609353 60
    endloop
  endfacet
  facet normal 0 0 1
    outer loop
      vertex -66.07802638411522 -74.16806792467833 60
      vertex -73.77328194468484 -75.94424596888753 60
      vertex -73.84287269688133 -76.38362468597548 60
    endloop
  endfacet
  facet normal 0 0 1
    outer loop
      vertex -66.28256103396416 -72.92917874455452 60
      vertex -73.75 -75.5 60
      vertex -73.77328194468484 -75.94424596888753 60
    endloop
  endfacet
  facet normal 0 0 1
    outer loop
      vertex -66.28256103396416 -72.92917874455452 60
      vertex -73.77328194468484 -75.05575403111247 60
      vertex -73.75 -75.5 60
    endloop
  endfacet
  facet normal 0 0 1
    outer loop
      vertex -67.57203072309494 -69.56999537348747 60
      vertex -74.31939203391613 -73.375 60
      vertex -74.11743180501895 -73.77136926692785 60
    endloop
  endfacet
  facet normal 0 0 1
    outer loop
      vertex -68.24901052564383 -68.51246091723442 60
      vertex -74.84163449172108 -72.65619492297485 60
      vertex -74.56167777390647 -73.00191267775699 60
    endloop
  endfacet
  facet normal 0 0 1
    outer loop
      vertex -68.24901052564383 -68.51246091723442 60
      vertex -74.56167777390647 -73.00191267775699 60
      vertex -74.31939203391613 -73.375 60
    endloop
  endfacet
  facet normal 0 0 1
    outer loop
      vertex -66.61547440290451 -71.7184560149908 60
      vertex -73.84287269688133 -74.61637531402452 60
      vertex -73.77328194468484 -75.05575403111247 60
    endloop
  endfacet
  facet normal 0 0 1
    outer loop
      vertex -66.61547440290451 -71.7184560149908 60
      vertex -73.9580098057456 -74.18667777390647 60
      vertex -73.84287269688133 -74.61637531402452 60
    endloop
  endfacet
  facet normal 0 0 1
    outer loop
      vertex -67.07311893254519 -70.54916489869356 60
      vertex -74.11743180501895 -73.77136926692785 60
      vertex -73.9580098057456 -74.18667777390647 60
    endloop
  endfacet
  facet normal 0 0 1
    outer loop
      vertex -72.06999537348747 -65.07203072309494 60
      vertex -78.88362468597548 -71.34287269688133 60
      vertex -78.44424596888753 -71.27328194468484 60
    endloop
  endfacet
  facet normal 0 0 1
    outer loop
      vertex -71.93411602079868 -65.15048070251942 60
      vertex -78.44424596888753 -71.27328194468484 60
      vertex -78 -71.25 60
    endloop
  endfacet
  facet normal 0 0 1
    outer loop
      vertex -71.93411602079868 -65.15048070251942 60
      vertex -78 -71.25 60
      vertex -77.55575403111247 -71.27328194468484 60
    endloop
  endfacet
  facet normal 0 0 1
    outer loop
      vertex -69.91488402336836 -66.63781078159809 60
      vertex -75.875 -71.81939203391613 60
      vertex -75.50191267775699 -72.06167777390647 60
    endloop
  endfacet
  facet normal 0 0 1
    outer loop
      vertex -69.91488402336836 -66.63781078159809 60
      vertex -76.27136926692785 -71.61743180501895 60
      vertex -75.875 -71.81939203391613 60
    endloop
  endfacet
  facet normal 0 0 1
    outer loop
      vertex -71.01246091723442 -65.74901052564383 60
      vertex -77.55575403111247 -71.27328194468484 60
      vertex -77.11637531402452 -71.34287269688133 60
    endloop
  endfacet
  facet normal 0 0 1
    outer loop
      vertex -70.88552622497082 -65.8412339836359 60
      vertex -77.11637531402452 -71.34287269688133 60
      vertex -76.68667777390647 -71.4580098057456 60
    endloop
  endfacet
  facet normal 0 0 1
    outer loop
      vertex -70.88552622497082 -65.8412339836359 60
      vertex -76.68667777390647 -71.4580098057456 60
      vertex -76.27136926692785 -71.61743180501895 60
    endloop
  endfacet
  facet normal 0 0 1
    outer loop
      vertex -73.19250015169382 -64.50930196791887 60
      vertex -80.49808732224301 -72.06167777390647 60
      vertex -73.04916489869356 -64.57311893254519 60
    endloop
  endfacet
  facet normal 0 0 1
    outer loop
      vertex -73.04916489869356 -64.57311893254519 60
      vertex -78.88362468597548 -71.34287269688133 60
      vertex -72.06999537348747 -65.07203072309494 60
    endloop
  endfacet
  facet normal 0 0 1
    outer loop
      vertex -72.06999537348747 -65.07203072309494 60
      vertex -78.44424596888753 -71.27328194468484 60
      vertex -71.93411602079868 -65.15048070251942 60
    endloop
  endfacet
  facet normal 0 0 1
    outer loop
      vertex -69.03282410651445 -67.53148353844881 60
      vertex -75.50191267775699 -72.06167777390647 60
      vertex -75.15619492297485 -72.34163449172108 60
    endloop
  endfacet
  facet normal 0 0 1
    outer loop
      vertex -69.03282410651445 -67.53148353844881 60
      vertex -75.15619492297485 -72.34163449172108 60
      vertex -74.84163449172108 -72.65619492297485 60
    endloop
  endfacet
  facet normal 0 0 1
    outer loop
      vertex -68.3412339836359 -68.38552622497082 60
      vertex -74.84163449172108 -72.65619492297485 60
      vertex -68.24901052564383 -68.51246091723442 60
    endloop
  endfacet
  facet normal 0 0 1
    outer loop
      vertex -69.13781078904867 -67.41488401591778 60
      vertex -69.91488402336836 -66.63781078159809 60
      vertex -75.50191267775699 -72.06167777390647 60
    endloop
  endfacet
  facet normal 0 0 1
    outer loop
      vertex -69.13781078904867 -67.41488401591778 60
      vertex -75.50191267775699 -72.06167777390647 60
      vertex -69.03282410651445 -67.53148353844881 60
    endloop
  endfacet
  facet normal 0 0 1
    outer loop
      vertex -68.3412339836359 -68.38552622497082 60
      vertex -69.03282410651445 -67.53148353844881 60
      vertex -74.84163449172108 -72.65619492297485 60
    endloop
  endfacet
  facet normal 0 0 1
    outer loop
      vertex -71.01246091723442 -65.74901052564383 60
      vertex -71.93411602079868 -65.15048070251942 60
      vertex -77.55575403111247 -71.27328194468484 60
    endloop
  endfacet
  facet normal 0 0 1
    outer loop
      vertex -71.01246091723442 -65.74901052564383 60
      vertex -77.11637531402452 -71.34287269688133 60
      vertex -70.88552622497082 -65.8412339836359 60
    endloop
  endfacet
  facet normal 0 0 1
    outer loop
      vertex -70.03148353099823 -66.53282411396503 60
      vertex -76.27136926692785 -71.61743180501895 60
      vertex -69.91488402336836 -66.63781078159809 60
    endloop
  endfacet
  facet normal 0 0 1
    outer loop
      vertex -70.88552622497082 -65.8412339836359 60
      vertex -76.27136926692785 -71.61743180501895 60
      vertex -70.03148353099823 -66.53282411396503 60
    endloop
  endfacet
  facet normal 0 0 1
    outer loop
      vertex -66.00411139428616 -75.57845007628202 60
      vertex -66.00411139428616 -75.4215499162674 60
      vertex -74.31939203391613 -77.625 60
    endloop
  endfacet
  facet normal 0 0 1
    outer loop
      vertex -66.28256103396416 -72.92917874455452 60
      vertex -73.77328194468484 -75.94424596888753 60
      vertex -66.24993965029716 -73.0826502814889 60
    endloop
  endfacet
  facet normal 0 0 1
    outer loop
      vertex -66.00411139428616 -75.4215499162674 60
      vertex -66.06162586063147 -74.324108466506 60
      vertex -73.9580098057456 -76.81332222609353 60
    endloop
  endfacet
  facet normal 0 0 1
    outer loop
      vertex -66.06162586063147 -74.324108466506 60
      vertex -66.07802638411522 -74.16806792467833 60
      vertex -73.9580098057456 -76.81332222609353 60
    endloop
  endfacet
  facet normal 0 0 1
    outer loop
      vertex -66.07802638411522 -74.16806792467833 60
      vertex -66.24993965029716 -73.0826502814889 60
      vertex -73.77328194468484 -75.94424596888753 60
    endloop
  endfacet
  facet normal 0 0 1
    outer loop
      vertex -66.28256103396416 -72.92917874455452 60
      vertex -66.56698954105377 -71.86767707765102 60
      vertex -73.77328194468484 -75.05575403111247 60
    endloop
  endfacet
  facet normal 0 0 1
    outer loop
      vertex -66.56698954105377 -71.86767707765102 60
      vertex -66.61547440290451 -71.7184560149908 60
      vertex -73.77328194468484 -75.05575403111247 60
    endloop
  endfacet
  facet normal 0 0 1
    outer loop
      vertex -67.57203072309494 -69.56999537348747 60
      vertex -74.11743180501895 -73.77136926692785 60
      vertex -67.07311893254519 -70.54916489869356 60
    endloop
  endfacet
  facet normal 0 0 1
    outer loop
      vertex -66.61547440290451 -71.7184560149908 60
      vertex -67.00930194556713 -70.6925001963973 60
      vertex -73.9580098057456 -74.18667777390647 60
    endloop
  endfacet
  facet normal 0 0 1
    outer loop
      vertex -67.00930194556713 -70.6925001963973 60
      vertex -67.07311893254519 -70.54916489869356 60
      vertex -73.9580098057456 -74.18667777390647 60
    endloop
  endfacet
  facet normal 0 0 1
    outer loop
      vertex -68.24901052564383 -68.51246091723442 60
      vertex -74.31939203391613 -73.375 60
      vertex -67.65048070251942 -69.43411602079868 60
    endloop
  endfacet
  facet normal 0 0 1
    outer loop
      vertex -67.57203072309494 -69.56999537348747 60
      vertex -67.65048070251942 -69.43411602079868 60
      vertex -74.31939203391613 -73.375 60
    endloop
  endfacet
  facet normal 0 0 1
    outer loop
      vertex -79.3319320678711 -63.57802638411522 60
      vertex -80 -63.683837949796256 60
      vertex -80 -64.5 60
    endloop
  endfacet
  facet normal 0 0 1
    outer loop
      vertex -84 -87.5 60
      vertex 84 -87.5 60
      vertex -64.02676872164011 -83.49588860571384 60
    endloop
  endfacet
  facet normal 0 0 1
    outer loop
      vertex -64.02676872164011 -83.49588860571384 60
      vertex 84 -87.5 60
      vertex -63.86976087093353 -83.5 60
    endloop
  endfacet
  facet normal -1 0 0
    outer loop
      vertex -90 -81.5 0
      vertex -90 64.5 2
      vertex -90 81.5 2
    endloop
  endfacet
  facet normal 0 0 1
    outer loop
      vertex -79.17589152604342 -63.561625860631466 2
      vertex -79.17589140683413 63.561625853180885 2
      vertex -79.33193218708038 63.57802639901638 2
    endloop
  endfacet
  facet normal 0 0 1
    outer loop
      vertex -78.07845007628202 -63.504111394286156 2
      vertex -78.07845007628202 63.504111394286156 2
      vertex -79.17589140683413 63.561625853180885 2
    endloop
  endfacet
  facet normal 0 0 1
    outer loop
      vertex -78.07845007628202 -63.504111394286156 2
      vertex -77.92154992371798 63.504111394286156 2
      vertex -78.07845007628202 63.504111394286156 2
    endloop
  endfacet
  facet normal 0 0 1
    outer loop
      vertex -78.07845007628202 -63.504111394286156 2
      vertex -76.824108466506 63.561625860631466 2
      vertex -77.92154992371798 63.504111394286156 2
    endloop
  endfacet
  facet normal 0 0 1
    outer loop
      vertex -76.66806780546904 -63.57802639901638 2
      vertex -76.66806792467833 63.57802638411522 2
      vertex -76.824108466506 63.561625860631466 2
    endloop
  endfacet
  facet normal 0 0 1
    outer loop
      vertex -76.66806780546904 -63.57802639901638 2
      vertex -75.5826502814889 63.749939650297165 2
      vertex -76.66806792467833 63.57802638411522 2
    endloop
  endfacet
  facet normal 0 0 1
    outer loop
      vertex -75.5826502814889 -63.749939650297165 2
      vertex -75.42917874455452 63.78256103396416 2
      vertex -75.5826502814889 63.749939650297165 2
    endloop
  endfacet
  facet normal 0 0 1
    outer loop
      vertex -75.5826502814889 -63.749939650297165 2
      vertex -74.36767707765102 64.06698954105377 2
      vertex -75.42917874455452 63.78256103396416 2
    endloop
  endfacet
  facet normal 0 0 1
    outer loop
      vertex -75.5826502814889 -63.749939650297165 2
      vertex -74.2184560149908 64.11547440290451 2
      vertex -74.36767707765102 64.06698954105377 2
    endloop
  endfacet
  facet normal 0 0 1
    outer loop
      vertex -75.5826502814889 -63.749939650297165 2
      vertex -73.1925001963973 64.50930194556713 2
      vertex -74.2184560149908 64.11547440290451 2
    endloop
  endfacet
  facet normal 0 0 1
    outer loop
      vertex -75.5826502814889 -63.749939650297165 2
      vertex -73.04916489869356 64.57311893254519 2
      vertex -73.1925001963973 64.50930194556713 2
    endloop
  endfacet
  facet normal 0 0 -1
    outer loop
      vertex -86.44374768689828 -70.625 0
      vertex -87.27280103387774 72.48708430484426 0
      vertex -86.90706821201536 71.53431773001095 0
    endloop
  endfacet
  facet normal -1 0 0
    outer loop
      vertex -90 -81.5 0
      vertex -90 81.5 2
      vertex -90 81.5 0
    endloop
  endfacet
  facet normal 0 0 -1
    outer loop
      vertex -86.44374768689828 -70.625 0
      vertex -87.53693910715461 73.47286101452684 0
      vertex -87.27280103387774 72.48708430484426 0
    endloop
  endfacet
  facet normal 0 0 -1
    outer loop
      vertex -86.44374768689828 -70.625 0
      vertex -87.69658847984067 74.48084748314038 0
      vertex -87.53693910715461 73.47286101452684 0
    endloop
  endfacet
  facet normal 0 0 -1
    outer loop
      vertex -86.44374768689828 -70.625 0
      vertex -87.75 75.5 0
      vertex -87.69658847984067 74.48084748314038 0
    endloop
  endfacet
  facet normal 0 0 -1
    outer loop
      vertex -85.88791569515574 -69.76909379014839 0
      vertex -85.88791569515574 69.76909379014839 0
      vertex -85.2456620484046 68.97597658800113 0
    endloop
  endfacet
  facet normal 0 0 -1
    outer loop
      vertex -86.44374768689828 -70.625 0
      vertex -86.90706821201536 71.53431773001095 0
      vertex -86.44374768689828 70.625 0
    endloop
  endfacet
  facet normal 0 0 -1
    outer loop
      vertex -86.44374768689828 -70.625 0
      vertex -86.44374768689828 70.625 0
      vertex -85.88791569515574 69.76909379014839 0
    endloop
  endfacet
  facet normal 0 0 -1
    outer loop
      vertex -85.2456620484046 -68.97597658800113 0
      vertex -85.2456620484046 68.97597658800113 0
      vertex -84.52402341199887 68.2543379515954 0
    endloop
  endfacet
  facet normal 0 0 -1
    outer loop
      vertex -84.52402341199887 -68.2543379515954 0
      vertex -84.52402341199887 68.2543379515954 0
      vertex -83.73090620985161 67.61208430484426 0
    endloop
  endfacet
  facet normal 0 0 -1
    outer loop
      vertex -90 81.5 0
      vertex -87.75 75.5 0
      vertex -86.44374768689828 -70.625 0
    endloop
  endfacet
  facet normal 0 0 -1
    outer loop
      vertex -83.73090620985161 -67.61208430484426 0
      vertex -83.73090620985161 67.61208430484426 0
      vertex -82.875 67.05625231310172 0
    endloop
  endfacet
  facet normal 0 0 -1
    outer loop
      vertex -82.875 -67.05625231310172 0
      vertex -82.875 67.05625231310172 0
      vertex -81.96568226998905 66.59293178798464 0
    endloop
  endfacet
  facet normal 0 0 -1
    outer loop
      vertex -81.96568226998905 -66.59293178798464 0
      vertex -81.96568226998905 66.59293178798464 0
      vertex -81.01291569515574 66.22719896612226 0
    endloop
  endfacet
  facet normal 0 0 -1
    outer loop
      vertex -81.01291569515574 -66.22719896612226 0
      vertex -81.01291569515574 66.22719896612226 0
      vertex -80.02713898547316 65.96306089284539 0
    endloop
  endfacet
  facet normal 0 0 -1
    outer loop
      vertex -80.02713898547316 -65.96306089284539 0
      vertex -80.02713898547316 65.96306089284539 0
      vertex -79.01915251685962 65.80341152015933 0
    endloop
  endfacet
  facet normal 0 0 -1
    outer loop
      vertex -79.01915251685962 -65.80341152015933 0
      vertex -79.01915251685962 65.80341152015933 0
      vertex -78 65.75 0
    endloop
  endfacet
  facet normal 0 0 -1
    outer loop
      vertex -78 -65.75 0
      vertex -78 65.75 0
      vertex -76.98084748314038 65.80341152015933 0
    endloop
  endfacet
  facet normal 0 0 1
    outer loop
      vertex -80 -14.791553898661284 2
      vertex -80 63.683837948266024 2
      vertex -90 64.5 2
    endloop
  endfacet
  facet normal 0 0 1
    outer loop
      vertex -79.33193218708038 63.57802639901638 2
      vertex -80 63.683837948266024 2
      vertex -80 -14.791553898661284 2
    endloop
  endfacet
  facet normal 0 0 -1
    outer loop
      vertex -76.98084748314038 -65.80341152015933 0
      vertex -76.98084748314038 65.80341152015933 0
      vertex -75.97286101452684 65.96306089284539 0
    endloop
  endfacet
  facet normal 0 0 -1
    outer loop
      vertex -75.97286101452684 -65.96306089284539 0
      vertex -75.97286101452684 65.96306089284539 0
      vertex -74.98708430484426 66.22719896612226 0
    endloop
  endfacet
  facet normal 0 0 -1
    outer loop
      vertex -74.98708430484426 -66.22719896612226 0
      vertex -74.98708430484426 66.22719896612226 0
      vertex -74.03431773001095 66.59293178798464 0
    endloop
  endfacet
  facet normal 0 0 1
    outer loop
      vertex -75.5826502814889 -63.749939650297165 2
      vertex -72.06999537348747 65.07203072309494 2
      vertex -73.04916489869356 64.57311893254519 2
    endloop
  endfacet
  facet normal 0 0 1
    outer loop
      vertex -75.5826502814889 -63.749939650297165 2
      vertex -71.93411602079868 65.15048070251942 2
      vertex -72.06999537348747 65.07203072309494 2
    endloop
  endfacet
  facet normal 0 0 1
    outer loop
      vertex -75.5826502814889 -63.749939650297165 2
      vertex -71.01246091723442 65.74901052564383 2
      vertex -71.93411602079868 65.15048070251942 2
    endloop
  endfacet
  facet normal 0 0 1
    outer loop
      vertex -75.5826502814889 -63.749939650297165 2
      vertex -70.88552622497082 65.8412339836359 2
      vertex -71.01246091723442 65.74901052564383 2
    endloop
  endfacet
  facet normal 0 0 1
    outer loop
      vertex -75.5826502814889 -63.749939650297165 2
      vertex -70.03148353844881 66.53282410651445 2
      vertex -70.88552622497082 65.8412339836359 2
    endloop
  endfacet
  facet normal 0 0 1
    outer loop
      vertex -75.5826502814889 -63.749939650297165 2
      vertex -69.91488401591778 66.63781078904867 2
      vertex -70.03148353844881 66.53282410651445 2
    endloop
  endfacet
  facet normal 0 0 1
    outer loop
      vertex -75.5826502814889 -63.749939650297165 2
      vertex -69.13781078159809 67.41488402336836 2
      vertex -69.91488401591778 66.63781078904867 2
    endloop
  endfacet
  facet normal 0 0 1
    outer loop
      vertex -75.5826502814889 -63.749939650297165 2
      vertex -69.03282411396503 67.53148353099823 2
      vertex -69.13781078159809 67.41488402336836 2
    endloop
  endfacet
  facet normal 0 0 1
    outer loop
      vertex -75.5826502814889 -63.749939650297165 2
      vertex -68.3412339836359 68.38552622497082 2
      vertex -69.03282411396503 67.53148353099823 2
    endloop
  endfacet
  facet normal 0 0 1
    outer loop
      vertex -75.5826502814889 -63.749939650297165 2
      vertex -68.24901052564383 68.51246091723442 2
      vertex -68.3412339836359 68.38552622497082 2
    endloop
  endfacet
  facet normal 0 0 1
    outer loop
      vertex -75.5826502814889 -63.749939650297165 2
      vertex -67.65048070251942 69.43411602079868 2
      vertex -68.24901052564383 68.51246091723442 2
    endloop
  endfacet
  facet normal 0 0 1
    outer loop
      vertex -80 64.5 2
      vertex -90 64.5 2
      vertex -80 63.683837948266024 2
    endloop
  endfacet
  facet normal 0.629320391049836 0.7771459614569721 0
    outer loop
      vertex -84.52402341199887 68.2543379515954 9.99
      vertex -83.73090620985161 67.61208430484426 0
      vertex -84.52402341199887 68.2543379515954 0
    endloop
  endfacet
  facet normal 0.7771459614569721 0.629320391049836 0
    outer loop
      vertex -85.88791569515574 69.76909379014839 9.99
      vertex -85.2456620484046 68.97597658800113 0
      vertex -85.88791569515574 69.76909379014839 0
    endloop
  endfacet
  facet normal 0.8386705679454247 0.5446390350150261 0
    outer loop
      vertex -86.44374768689828 70.625 9.99
      vertex -85.88791569515574 69.76909379014839 0
      vertex -86.44374768689828 70.625 0
    endloop
  endfacet
  facet normal 0.7071067811865475 0.7071067811865475 0
    outer loop
      vertex -85.2456620484046 68.97597658800113 9.99
      vertex -84.52402341199887 68.2543379515954 0
      vertex -85.2456620484046 68.97597658800113 0
    endloop
  endfacet
  facet normal 0.8910065241883686 0.4539904997395454 0
    outer loop
      vertex -86.90706821201536 71.53431773001095 9.99
      vertex -86.44374768689828 70.625 0
      vertex -86.90706821201536 71.53431773001095 0
    endloop
  endfacet
  facet normal 0.9335804264972032 0.3583679495452964 0
    outer loop
      vertex -87.27280103387774 72.48708430484426 9.99
      vertex -86.90706821201536 71.53431773001095 0
      vertex -87.27280103387774 72.48708430484426 0
    endloop
  endfacet
  facet normal 0.9659258262890655 0.2588190451025307 0
    outer loop
      vertex -87.53693910715461 73.47286101452684 9.99
      vertex -87.27280103387774 72.48708430484426 0
      vertex -87.53693910715461 73.47286101452684 0
    endloop
  endfacet
  facet normal 0.9876883405951375 0.15643446504023134 0
    outer loop
      vertex -87.69658847984067 74.48084748314038 9.99
      vertex -87.53693910715461 73.47286101452684 0
      vertex -87.69658847984067 74.48084748314038 0
    endloop
  endfacet
  facet normal 0.9986295347545742 0.05233595624293854 0
    outer loop
      vertex -87.75 75.5 9.99
      vertex -87.69658847984067 74.48084748314038 0
      vertex -87.75 75.5 0
    endloop
  endfacet
  facet normal 0.9986295347545742 -0.05233595624293854 0
    outer loop
      vertex -87.69658847984067 76.51915251685962 9.99
      vertex -87.75 75.5 0
      vertex -87.69658847984067 76.51915251685962 0
    endloop
  endfacet
  facet normal 0.4539904997395454 0.8910065241883686 0
    outer loop
      vertex -82.875 67.05625231310172 9.99
      vertex -81.96568226998905 66.59293178798464 0
      vertex -82.875 67.05625231310172 0
    endloop
  endfacet
  facet normal 0.5446390350150261 0.8386705679454247 0
    outer loop
      vertex -83.73090620985161 67.61208430484426 9.99
      vertex -82.875 67.05625231310172 0
      vertex -83.73090620985161 67.61208430484426 0
    endloop
  endfacet
  facet normal 0.3583679495452964 0.9335804264972032 0
    outer loop
      vertex -81.96568226998905 66.59293178798464 9.99
      vertex -81.01291569515574 66.22719896612226 0
      vertex -81.96568226998905 66.59293178798464 0
    endloop
  endfacet
  facet normal 0.2588190451025307 0.9659258262890655 0
    outer loop
      vertex -81.01291569515574 66.22719896612226 9.99
      vertex -80.02713898547316 65.96306089284539 0
      vertex -81.01291569515574 66.22719896612226 0
    endloop
  endfacet
  facet normal 0.15643446504023134 0.9876883405951375 0
    outer loop
      vertex -80.02713898547316 65.96306089284539 9.99
      vertex -79.01915251685962 65.80341152015933 0
      vertex -80.02713898547316 65.96306089284539 0
    endloop
  endfacet
  facet normal 0.05233595624293854 0.9986295347545742 0
    outer loop
      vertex -79.01915251685962 65.80341152015933 9.99
      vertex -78 65.75 0
      vertex -79.01915251685962 65.80341152015933 0
    endloop
  endfacet
  facet normal -0.05233595624293854 0.9986295347545742 0
    outer loop
      vertex -78 65.75 9.99
      vertex -76.98084748314038 65.80341152015933 0
      vertex -78 65.75 0
    endloop
  endfacet
  facet normal 0.629320391049836 0.7771459614569721 0
    outer loop
      vertex -84.52402341199887 68.2543379515954 9.99
      vertex -83.73090620985161 67.61208430484426 9.99
      vertex -83.73090620985161 67.61208430484426 0
    endloop
  endfacet
  facet normal 0.7771459614569721 0.629320391049836 0
    outer loop
      vertex -85.2456620484046 68.97597658800113 9.99
      vertex -85.2456620484046 68.97597658800113 0
      vertex -85.88791569515574 69.76909379014839 9.99
    endloop
  endfacet
  facet normal 0.8386705679454247 0.5446390350150261 0
    outer loop
      vertex -85.88791569515574 69.76909379014839 9.99
      vertex -85.88791569515574 69.76909379014839 0
      vertex -86.44374768689828 70.625 9.99
    endloop
  endfacet
  facet normal 0.8910065241883686 0.4539904997395454 0
    outer loop
      vertex -86.90706821201536 71.53431773001095 9.99
      vertex -86.44374768689828 70.625 9.99
      vertex -86.44374768689828 70.625 0
    endloop
  endfacet
  facet normal 0.7071067811865475 0.7071067811865475 0
    outer loop
      vertex -85.2456620484046 68.97597658800113 9.99
      vertex -84.52402341199887 68.2543379515954 9.99
      vertex -84.52402341199887 68.2543379515954 0
    endloop
  endfacet
  facet normal 0.9335804264972032 0.3583679495452964 0
    outer loop
      vertex -86.90706821201536 71.53431773001095 9.99
      vertex -86.90706821201536 71.53431773001095 0
      vertex -87.27280103387774 72.48708430484426 9.99
    endloop
  endfacet
  facet normal 0.9876883405951375 0.15643446504023134 0
    outer loop
      vertex -87.53693910715461 73.47286101452684 9.99
      vertex -87.53693910715461 73.47286101452684 0
      vertex -87.69658847984067 74.48084748314038 9.99
    endloop
  endfacet
  facet normal 0.9659258262890655 0.2588190451025307 0
    outer loop
      vertex -87.27280103387774 72.48708430484426 9.99
      vertex -87.27280103387774 72.48708430484426 0
      vertex -87.53693910715461 73.47286101452684 9.99
    endloop
  endfacet
  facet normal 0.9986295347545742 0.05233595624293854 0
    outer loop
      vertex -87.69658847984067 74.48084748314038 9.99
      vertex -87.69658847984067 74.48084748314038 0
      vertex -87.75 75.5 9.99
    endloop
  endfacet
  facet normal 0.9986295347545742 -0.05233595624293854 0
    outer loop
      vertex -87.75 75.5 9.99
      vertex -87.75 75.5 0
      vertex -87.69658847984067 76.51915251685962 9.99
    endloop
  endfacet
  facet normal 0.4539904997395454 0.8910065241883686 0
    outer loop
      vertex -82.875 67.05625231310172 9.99
      vertex -81.96568226998905 66.59293178798464 9.99
      vertex -81.96568226998905 66.59293178798464 0
    endloop
  endfacet
  facet normal 0.5446390350150261 0.8386705679454247 0
    outer loop
      vertex -83.73090620985161 67.61208430484426 9.99
      vertex -82.875 67.05625231310172 9.99
      vertex -82.875 67.05625231310172 0
    endloop
  endfacet
  facet normal 0.3583679495452964 0.9335804264972032 0
    outer loop
      vertex -81.96568226998905 66.59293178798464 9.99
      vertex -81.01291569515574 66.22719896612226 9.99
      vertex -81.01291569515574 66.22719896612226 0
    endloop
  endfacet
  facet normal 0.2588190451025307 0.9659258262890655 0
    outer loop
      vertex -81.01291569515574 66.22719896612226 9.99
      vertex -80.02713898547316 65.96306089284539 9.99
      vertex -80.02713898547316 65.96306089284539 0
    endloop
  endfacet
  facet normal 0.15643446504023134 0.9876883405951375 0
    outer loop
      vertex -80.02713898547316 65.96306089284539 9.99
      vertex -79.01915251685962 65.80341152015933 9.99
      vertex -79.01915251685962 65.80341152015933 0
    endloop
  endfacet
  facet normal 0.05233595624293854 0.9986295347545742 0
    outer loop
      vertex -79.01915251685962 65.80341152015933 9.99
      vertex -78 65.75 9.99
      vertex -78 65.75 0
    endloop
  endfacet
  facet normal -0.05233595624293854 0.9986295347545742 0
    outer loop
      vertex -78 65.75 9.99
      vertex -76.98084748314038 65.80341152015933 9.99
      vertex -76.98084748314038 65.80341152015933 0
    endloop
  endfacet
  facet normal 0 0 -1
    outer loop
      vertex -90 81.5 0
      vertex -87.69658847984067 76.51915251685962 0
      vertex -87.75 75.5 0
    endloop
  endfacet
  facet normal 0 0 -1
    outer loop
      vertex -90 81.5 0
      vertex -87.53693910715461 77.52713898547316 0
      vertex -87.69658847984067 76.51915251685962 0
    endloop
  endfacet
  facet normal 0 0 -1
    outer loop
      vertex -90 81.5 0
      vertex -87.27280103387774 78.51291569515574 0
      vertex -87.53693910715461 77.52713898547316 0
    endloop
  endfacet
  facet normal 0 0 -1
    outer loop
      vertex -90 81.5 0
      vertex -89.9671313688159 82.12717077881098 0
      vertex -87.27280103387774 78.51291569515574 0
    endloop
  endfacet
  facet normal 0 0 -1
    outer loop
      vertex -89.9671313688159 82.12717077881098 0
      vertex -89.86888560652733 82.74747014790773 0
      vertex -86.90706821201536 79.46568226998905 0
    endloop
  endfacet
  facet normal 0 0 -1
    outer loop
      vertex -89.86888560652733 82.74747014790773 0
      vertex -89.70633909851313 83.35410196334124 0
      vertex -86.90706821201536 79.46568226998905 0
    endloop
  endfacet
  facet normal -0.9986295344686826 0.052335961698072614 0
    outer loop
      vertex -90 81.5 0
      vertex -89.9671313688159 82.12717077881098 2
      vertex -89.9671313688159 82.12717077881098 0
    endloop
  endfacet
  facet normal 0 0 -1
    outer loop
      vertex -89.9671313688159 82.12717077881098 0
      vertex -86.90706821201536 79.46568226998905 0
      vertex -87.27280103387774 78.51291569515574 0
    endloop
  endfacet
  facet normal 0 0 -1
    outer loop
      vertex -89.70633909851313 83.35410196334124 0
      vertex -86.44374768689828 80.375 0
      vertex -86.90706821201536 79.46568226998905 0
    endloop
  endfacet
  facet normal 0 0 -1
    outer loop
      vertex -89.48127274215221 83.94041986018419 0
      vertex -85.88791569515574 81.23090620985161 0
      vertex -86.44374768689828 80.375 0
    endloop
  endfacet
  facet normal -0.9986295344686826 0.052335961698072614 0
    outer loop
      vertex -90 81.5 0
      vertex -90 81.5 2
      vertex -89.9671313688159 82.12717077881098 2
    endloop
  endfacet
  facet normal 0.9876883405951375 -0.15643446504023134 0
    outer loop
      vertex -87.53693910715461 77.52713898547316 9.99
      vertex -87.69658847984067 76.51915251685962 0
      vertex -87.53693910715461 77.52713898547316 0
    endloop
  endfacet
  facet normal 0.9659258262890655 -0.2588190451025307 0
    outer loop
      vertex -87.27280103387774 78.51291569515574 9.99
      vertex -87.53693910715461 77.52713898547316 0
      vertex -87.27280103387774 78.51291569515574 0
    endloop
  endfacet
  facet normal 0.9335804264972032 -0.3583679495452964 0
    outer loop
      vertex -86.90706821201536 79.46568226998905 9.99
      vertex -87.27280103387774 78.51291569515574 0
      vertex -86.90706821201536 79.46568226998905 0
    endloop
  endfacet
  facet normal 0.8910065241883686 -0.4539904997395454 0
    outer loop
      vertex -86.44374768689828 80.375 9.99
      vertex -86.90706821201536 79.46568226998905 0
      vertex -86.44374768689828 80.375 0
    endloop
  endfacet
  facet normal 0.8386705679454247 -0.5446390350150261 0
    outer loop
      vertex -85.88791569515574 81.23090620985161 9.99
      vertex -86.44374768689828 80.375 0
      vertex -85.88791569515574 81.23090620985161 0
    endloop
  endfacet
  facet normal 0.7771459614569721 -0.629320391049836 0
    outer loop
      vertex -85.2456620484046 82.02402341199887 9.99
      vertex -85.88791569515574 81.23090620985161 0
      vertex -85.2456620484046 82.02402341199887 0
    endloop
  endfacet
  facet normal 0 0 -1
    outer loop
      vertex -89.70633909851313 83.35410196334124 0
      vertex -89.48127274215221 83.94041986018419 0
      vertex -86.44374768689828 80.375 0
    endloop
  endfacet
  facet normal -0.9876883421006547 0.15643445553477123 0
    outer loop
      vertex -89.9671313688159 82.12717077881098 0
      vertex -89.86888560652733 82.74747014790773 2
      vertex -89.86888560652733 82.74747014790773 0
    endloop
  endfacet
  facet normal -0.9659258251084867 0.25881904950851087 0
    outer loop
      vertex -89.86888560652733 82.74747014790773 0
      vertex -89.70633909851313 83.35410196334124 2
      vertex -89.70633909851313 83.35410196334124 0
    endloop
  endfacet
  facet normal -0.9335804250773434 0.35836795324415743 0
    outer loop
      vertex -89.70633909851313 83.35410196334124 0
      vertex -89.48127274215221 83.94041986018419 2
      vertex -89.48127274215221 83.94041986018419 0
    endloop
  endfacet
  facet normal -0.8910065283221497 0.4539904916265432 0
    outer loop
      vertex -89.48127274215221 83.94041986018419 0
      vertex -89.19615242630243 84.5 2
      vertex -89.19615242630243 84.5 0
    endloop
  endfacet
  facet normal 0 0 -1
    outer loop
      vertex -89.48127274215221 83.94041986018419 0
      vertex -89.19615242630243 84.5 0
      vertex -85.88791569515574 81.23090620985161 0
    endloop
  endfacet
  facet normal 0 0 -1
    outer loop
      vertex -89.19615242630243 84.5 0
      vertex -88.85410196334124 85.02671151608229 0
      vertex -85.88791569515574 81.23090620985161 0
    endloop
  endfacet
  facet normal 0 0 -1
    outer loop
      vertex -88.85410196334124 85.02671151608229 0
      vertex -88.45886895060539 85.51478363573551 0
      vertex -85.2456620484046 82.02402341199887 0
    endloop
  endfacet
  facet normal -0.9876883421006547 0.15643445553477123 0
    outer loop
      vertex -89.9671313688159 82.12717077881098 0
      vertex -89.9671313688159 82.12717077881098 2
      vertex -89.86888560652733 82.74747014790773 2
    endloop
  endfacet
  facet normal -0.9659258251084867 0.25881904950851087 0
    outer loop
      vertex -89.86888560652733 82.74747014790773 0
      vertex -89.86888560652733 82.74747014790773 2
      vertex -89.70633909851313 83.35410196334124 2
    endloop
  endfacet
  facet normal -0.9335804250773434 0.35836795324415743 0
    outer loop
      vertex -89.70633909851313 83.35410196334124 0
      vertex -89.70633909851313 83.35410196334124 2
      vertex -89.48127274215221 83.94041986018419 2
    endloop
  endfacet
  facet normal -0.8910065283221497 0.4539904916265432 0
    outer loop
      vertex -89.48127274215221 83.94041986018419 0
      vertex -89.48127274215221 83.94041986018419 2
      vertex -89.19615242630243 84.5 2
    endloop
  endfacet
  facet normal -0.8386705643141267 0.5446390406067345 0
    outer loop
      vertex -89.19615242630243 84.5 0
      vertex -89.19615242630243 84.5 2
      vertex -88.85410196334124 85.02671151608229 2
    endloop
  endfacet
  facet normal -0.8386705643141267 0.5446390406067345 0
    outer loop
      vertex -89.19615242630243 84.5 0
      vertex -88.85410196334124 85.02671151608229 2
      vertex -88.85410196334124 85.02671151608229 0
    endloop
  endfacet
  facet normal -0.7771459589704364 0.6293203941204519 0
    outer loop
      vertex -88.85410196334124 85.02671151608229 0
      vertex -88.45886895060539 85.51478363573551 2
      vertex -88.45886895060539 85.51478363573551 0
    endloop
  endfacet
  facet normal -0.7071067811865475 0.7071067811865475 0
    outer loop
      vertex -88.45886895060539 85.51478363573551 0
      vertex -88.01478363573551 85.95886895060539 2
      vertex -88.01478363573551 85.95886895060539 0
    endloop
  endfacet
  facet normal -0.6293203941204519 0.7771459589704364 0
    outer loop
      vertex -88.01478363573551 85.95886895060539 0
      vertex -87.52671151608229 86.35410196334124 2
      vertex -87.52671151608229 86.35410196334124 0
    endloop
  endfacet
  facet normal -0.5446390406067345 0.8386705643141267 0
    outer loop
      vertex -87.52671151608229 86.35410196334124 0
      vertex -87 86.69615242630243 2
      vertex -87 86.69615242630243 0
    endloop
  endfacet
  facet normal -0.7771459589704364 0.6293203941204519 0
    outer loop
      vertex -88.85410196334124 85.02671151608229 0
      vertex -88.85410196334124 85.02671151608229 2
      vertex -88.45886895060539 85.51478363573551 2
    endloop
  endfacet
  facet normal -0.7071067811865475 0.7071067811865475 0
    outer loop
      vertex -88.45886895060539 85.51478363573551 0
      vertex -88.45886895060539 85.51478363573551 2
      vertex -88.01478363573551 85.95886895060539 2
    endloop
  endfacet
  facet normal -0.6293203941204519 0.7771459589704364 0
    outer loop
      vertex -88.01478363573551 85.95886895060539 0
      vertex -88.01478363573551 85.95886895060539 2
      vertex -87.52671151608229 86.35410196334124 2
    endloop
  endfacet
  facet normal -0.5446390406067345 0.8386705643141267 0
    outer loop
      vertex -87.52671151608229 86.35410196334124 0
      vertex -87.52671151608229 86.35410196334124 2
      vertex -87 86.69615242630243 2
    endloop
  endfacet
  facet normal -0.4539904916265432 0.8910065283221497 0
    outer loop
      vertex -87 86.69615242630243 0
      vertex -87 86.69615242630243 2
      vertex -86.44041986018419 86.98127274215221 2
    endloop
  endfacet
  facet normal 0 0 -1
    outer loop
      vertex -88.85410196334124 85.02671151608229 0
      vertex -85.2456620484046 82.02402341199887 0
      vertex -85.88791569515574 81.23090620985161 0
    endloop
  endfacet
  facet normal 0 0 -1
    outer loop
      vertex -88.45886895060539 85.51478363573551 0
      vertex -84.52402341199887 82.7456620484046 0
      vertex -85.2456620484046 82.02402341199887 0
    endloop
  endfacet
  facet normal 0 0 -1
    outer loop
      vertex -88.45886895060539 85.51478363573551 0
      vertex -83.73090620985161 83.38791569515574 0
      vertex -84.52402341199887 82.7456620484046 0
    endloop
  endfacet
  facet normal 0 0 -1
    outer loop
      vertex -88.45886895060539 85.51478363573551 0
      vertex -82.875 83.94374768689828 0
      vertex -83.73090620985161 83.38791569515574 0
    endloop
  endfacet
  facet normal 0 0 -1
    outer loop
      vertex -88.45886895060539 85.51478363573551 0
      vertex -81.96568226998905 84.40706821201536 0
      vertex -82.875 83.94374768689828 0
    endloop
  endfacet
  facet normal -0.4539904916265432 0.8910065283221497 0
    outer loop
      vertex -87 86.69615242630243 0
      vertex -86.44041986018419 86.98127274215221 2
      vertex -86.44041986018419 86.98127274215221 0
    endloop
  endfacet
  facet normal -0.35836795324415743 0.9335804250773434 0
    outer loop
      vertex -86.44041986018419 86.98127274215221 0
      vertex -85.85410196334124 87.20633909851313 2
      vertex -85.85410196334124 87.20633909851313 0
    endloop
  endfacet
  facet normal -0.25881904950851087 0.9659258251084867 0
    outer loop
      vertex -85.85410196334124 87.20633909851313 0
      vertex -85.24747014790773 87.36888560652733 2
      vertex -85.24747014790773 87.36888560652733 0
    endloop
  endfacet
  facet normal 0 0 -1
    outer loop
      vertex -88.45886895060539 85.51478363573551 0
      vertex -81.01291569515574 84.77280103387774 0
      vertex -81.96568226998905 84.40706821201536 0
    endloop
  endfacet
  facet normal 0 0 -1
    outer loop
      vertex -85.24747014790773 87.36888560652733 0
      vertex -84.62717077881098 87.4671313688159 0
      vertex -84 87.5 0
    endloop
  endfacet
  facet normal -0.15643445553477123 0.9876883421006547 0
    outer loop
      vertex -85.24747014790773 87.36888560652733 0
      vertex -84.62717077881098 87.4671313688159 2
      vertex -84.62717077881098 87.4671313688159 0
    endloop
  endfacet
  facet normal -0.052335961698072614 0.9986295344686826 0
    outer loop
      vertex -84.62717077881098 87.4671313688159 0
      vertex -84 87.5 2
      vertex -84 87.5 0
    endloop
  endfacet
  facet normal -0.35836795324415743 0.9335804250773434 0
    outer loop
      vertex -86.44041986018419 86.98127274215221 0
      vertex -86.44041986018419 86.98127274215221 2
      vertex -85.85410196334124 87.20633909851313 2
    endloop
  endfacet
  facet normal -0.25881904950851087 0.9659258251084867 0
    outer loop
      vertex -85.85410196334124 87.20633909851313 0
      vertex -85.85410196334124 87.20633909851313 2
      vertex -85.24747014790773 87.36888560652733 2
    endloop
  endfacet
  facet normal -0.15643445553477123 0.9876883421006547 0
    outer loop
      vertex -85.24747014790773 87.36888560652733 0
      vertex -85.24747014790773 87.36888560652733 2
      vertex -84.62717077881098 87.4671313688159 2
    endloop
  endfacet
  facet normal -0.052335961698072614 0.9986295344686826 0
    outer loop
      vertex -84.62717077881098 87.4671313688159 0
      vertex -84.62717077881098 87.4671313688159 2
      vertex -84 87.5 2
    endloop
  endfacet
  facet normal 0.7071067811865475 -0.7071067811865475 0
    outer loop
      vertex -84.52402341199887 82.7456620484046 9.99
      vertex -85.2456620484046 82.02402341199887 0
      vertex -84.52402341199887 82.7456620484046 0
    endloop
  endfacet
  facet normal 0.629320391049836 -0.7771459614569721 0
    outer loop
      vertex -83.73090620985161 83.38791569515574 9.99
      vertex -84.52402341199887 82.7456620484046 0
      vertex -83.73090620985161 83.38791569515574 0
    endloop
  endfacet
  facet normal 0 0 -1
    outer loop
      vertex -88.45886895060539 85.51478363573551 0
      vertex -80.02713898547316 85.03693910715461 0
      vertex -81.01291569515574 84.77280103387774 0
    endloop
  endfacet
  facet normal 0 0 -1
    outer loop
      vertex -88.45886895060539 85.51478363573551 0
      vertex -79.01915251685962 85.19658847984067 0
      vertex -80.02713898547316 85.03693910715461 0
    endloop
  endfacet
  facet normal 0 0 -1
    outer loop
      vertex -88.45886895060539 85.51478363573551 0
      vertex -78 85.25 0
      vertex -79.01915251685962 85.19658847984067 0
    endloop
  endfacet
  facet normal 0.5446390350150261 -0.8386705679454247 0
    outer loop
      vertex -82.875 83.94374768689828 9.99
      vertex -83.73090620985161 83.38791569515574 0
      vertex -82.875 83.94374768689828 0
    endloop
  endfacet
  facet normal 0.4539904997395454 -0.8910065241883686 0
    outer loop
      vertex -81.96568226998905 84.40706821201536 9.99
      vertex -82.875 83.94374768689828 0
      vertex -81.96568226998905 84.40706821201536 0
    endloop
  endfacet
  facet normal 0.3583679495452964 -0.9335804264972032 0
    outer loop
      vertex -81.01291569515574 84.77280103387774 9.99
      vertex -81.96568226998905 84.40706821201536 0
      vertex -81.01291569515574 84.77280103387774 0
    endloop
  endfacet
  facet normal 0.2588190451025307 -0.9659258262890655 0
    outer loop
      vertex -80.02713898547316 85.03693910715461 9.99
      vertex -81.01291569515574 84.77280103387774 0
      vertex -80.02713898547316 85.03693910715461 0
    endloop
  endfacet
  facet normal 0.15643446504023134 -0.9876883405951375 0
    outer loop
      vertex -79.01915251685962 85.19658847984067 9.99
      vertex -80.02713898547316 85.03693910715461 0
      vertex -79.01915251685962 85.19658847984067 0
    endloop
  endfacet
  facet normal 0.05233595624293854 -0.9986295347545742 0
    outer loop
      vertex -78 85.25 9.99
      vertex -79.01915251685962 85.19658847984067 0
      vertex -78 85.25 0
    endloop
  endfacet
  facet normal -0.05233595624293854 -0.9986295347545742 0
    outer loop
      vertex -76.98084748314038 85.19658847984067 9.99
      vertex -78 85.25 0
      vertex -76.98084748314038 85.19658847984067 0
    endloop
  endfacet
  facet normal 0.9876883405951375 -0.15643446504023134 0
    outer loop
      vertex -87.69658847984067 76.51915251685962 9.99
      vertex -87.69658847984067 76.51915251685962 0
      vertex -87.53693910715461 77.52713898547316 9.99
    endloop
  endfacet
  facet normal 0.9659258262890655 -0.2588190451025307 0
    outer loop
      vertex -87.53693910715461 77.52713898547316 9.99
      vertex -87.53693910715461 77.52713898547316 0
      vertex -87.27280103387774 78.51291569515574 9.99
    endloop
  endfacet
  facet normal 0.9335804264972032 -0.3583679495452964 0
    outer loop
      vertex -87.27280103387774 78.51291569515574 9.99
      vertex -87.27280103387774 78.51291569515574 0
      vertex -86.90706821201536 79.46568226998905 9.99
    endloop
  endfacet
  facet normal 0.8910065241883686 -0.4539904997395454 0
    outer loop
      vertex -86.90706821201536 79.46568226998905 9.99
      vertex -86.90706821201536 79.46568226998905 0
      vertex -86.44374768689828 80.375 9.99
    endloop
  endfacet
  facet normal 0.8386705679454247 -0.5446390350150261 0
    outer loop
      vertex -86.44374768689828 80.375 9.99
      vertex -86.44374768689828 80.375 0
      vertex -85.88791569515574 81.23090620985161 9.99
    endloop
  endfacet
  facet normal 0.7771459614569721 -0.629320391049836 0
    outer loop
      vertex -85.88791569515574 81.23090620985161 9.99
      vertex -85.88791569515574 81.23090620985161 0
      vertex -85.2456620484046 82.02402341199887 9.99
    endloop
  endfacet
  facet normal 0.7071067811865475 -0.7071067811865475 0
    outer loop
      vertex -85.2456620484046 82.02402341199887 9.99
      vertex -85.2456620484046 82.02402341199887 0
      vertex -84.52402341199887 82.7456620484046 9.99
    endloop
  endfacet
  facet normal 0.629320391049836 -0.7771459614569721 0
    outer loop
      vertex -84.52402341199887 82.7456620484046 9.99
      vertex -84.52402341199887 82.7456620484046 0
      vertex -83.73090620985161 83.38791569515574 9.99
    endloop
  endfacet
  facet normal 0.5446390350150261 -0.8386705679454247 0
    outer loop
      vertex -83.73090620985161 83.38791569515574 9.99
      vertex -83.73090620985161 83.38791569515574 0
      vertex -82.875 83.94374768689828 9.99
    endloop
  endfacet
  facet normal 0.4539904997395454 -0.8910065241883686 0
    outer loop
      vertex -82.875 83.94374768689828 9.99
      vertex -82.875 83.94374768689828 0
      vertex -81.96568226998905 84.40706821201536 9.99
    endloop
  endfacet
  facet normal 0.3583679495452964 -0.9335804264972032 0
    outer loop
      vertex -81.96568226998905 84.40706821201536 9.99
      vertex -81.96568226998905 84.40706821201536 0
      vertex -81.01291569515574 84.77280103387774 9.99
    endloop
  endfacet
  facet normal 0.2588190451025307 -0.9659258262890655 0
    outer loop
      vertex -81.01291569515574 84.77280103387774 9.99
      vertex -81.01291569515574 84.77280103387774 0
      vertex -80.02713898547316 85.03693910715461 9.99
    endloop
  endfacet
  facet normal 0.15643446504023134 -0.9876883405951375 0
    outer loop
      vertex -80.02713898547316 85.03693910715461 9.99
      vertex -80.02713898547316 85.03693910715461 0
      vertex -79.01915251685962 85.19658847984067 9.99
    endloop
  endfacet
  facet normal 0.05233595624293854 -0.9986295347545742 0
    outer loop
      vertex -79.01915251685962 85.19658847984067 9.99
      vertex -79.01915251685962 85.19658847984067 0
      vertex -78 85.25 9.99
    endloop
  endfacet
  facet normal -0.05233595624293854 -0.9986295347545742 0
    outer loop
      vertex -78 85.25 9.99
      vertex -78 85.25 0
      vertex -76.98084748314038 85.19658847984067 9.99
    endloop
  endfacet
  facet normal -0.15643446504023134 0.9876883405951375 0
    outer loop
      vertex -76.98084748314038 65.80341152015933 9.99
      vertex -75.97286101452684 65.96306089284539 0
      vertex -76.98084748314038 65.80341152015933 0
    endloop
  endfacet
  facet normal -0.2588190451025307 0.9659258262890655 0
    outer loop
      vertex -75.97286101452684 65.96306089284539 9.99
      vertex -74.98708430484426 66.22719896612226 0
      vertex -75.97286101452684 65.96306089284539 0
    endloop
  endfacet
  facet normal -0.3583679495452964 0.9335804264972032 0
    outer loop
      vertex -74.98708430484426 66.22719896612226 9.99
      vertex -74.03431773001095 66.59293178798464 0
      vertex -74.98708430484426 66.22719896612226 0
    endloop
  endfacet
  facet normal -0.4539904997395454 0.8910065241883686 0
    outer loop
      vertex -74.03431773001095 66.59293178798464 9.99
      vertex -73.125 67.05625231310172 0
      vertex -74.03431773001095 66.59293178798464 0
    endloop
  endfacet
  facet normal -0.5446390350150261 0.8386705679454247 0
    outer loop
      vertex -73.125 67.05625231310172 9.99
      vertex -72.26909379014839 67.61208430484426 0
      vertex -73.125 67.05625231310172 0
    endloop
  endfacet
  facet normal -0.629320391049836 0.7771459614569721 0
    outer loop
      vertex -72.26909379014839 67.61208430484426 9.99
      vertex -71.47597658800113 68.2543379515954 0
      vertex -72.26909379014839 67.61208430484426 0
    endloop
  endfacet
  facet normal -0.7071067811865475 0.7071067811865475 0
    outer loop
      vertex -71.47597658800113 68.2543379515954 9.99
      vertex -70.7543379515954 68.97597658800113 0
      vertex -71.47597658800113 68.2543379515954 0
    endloop
  endfacet
  facet normal -0.7771459614569721 0.629320391049836 0
    outer loop
      vertex -70.7543379515954 68.97597658800113 9.99
      vertex -70.11208430484426 69.76909379014839 0
      vertex -70.7543379515954 68.97597658800113 0
    endloop
  endfacet
  facet normal -0.8386705679454247 0.5446390350150261 0
    outer loop
      vertex -70.11208430484426 69.76909379014839 9.99
      vertex -69.55625231310172 70.625 0
      vertex -70.11208430484426 69.76909379014839 0
    endloop
  endfacet
  facet normal -0.8910065241883686 0.4539904997395454 0
    outer loop
      vertex -69.55625231310172 70.625 9.99
      vertex -69.09293178798464 71.53431773001095 0
      vertex -69.55625231310172 70.625 0
    endloop
  endfacet
  facet normal -0.9335804264972032 0.3583679495452964 0
    outer loop
      vertex -69.09293178798464 71.53431773001095 9.99
      vertex -68.72719896612226 72.48708430484426 0
      vertex -69.09293178798464 71.53431773001095 0
    endloop
  endfacet
  facet normal -0.9659258262890655 0.2588190451025307 0
    outer loop
      vertex -68.72719896612226 72.48708430484426 9.99
      vertex -68.46306089284539 73.47286101452684 0
      vertex -68.72719896612226 72.48708430484426 0
    endloop
  endfacet
  facet normal -0.9876883405951375 0.15643446504023134 0
    outer loop
      vertex -68.46306089284539 73.47286101452684 9.99
      vertex -68.30341152015933 74.48084748314038 0
      vertex -68.46306089284539 73.47286101452684 0
    endloop
  endfacet
  facet normal -0.9986295347545742 0.05233595624293854 0
    outer loop
      vertex -68.30341152015933 74.48084748314038 9.99
      vertex -68.25 75.5 0
      vertex -68.30341152015933 74.48084748314038 0
    endloop
  endfacet
  facet normal -0.9986295347545742 -0.05233595624293854 0
    outer loop
      vertex -68.25 75.5 9.99
      vertex -68.30341152015933 76.51915251685962 0
      vertex -68.25 75.5 0
    endloop
  endfacet
  facet normal -0.15643446504023134 0.9876883405951375 0
    outer loop
      vertex -76.98084748314038 65.80341152015933 9.99
      vertex -75.97286101452684 65.96306089284539 9.99
      vertex -75.97286101452684 65.96306089284539 0
    endloop
  endfacet
  facet normal -0.2588190451025307 0.9659258262890655 0
    outer loop
      vertex -75.97286101452684 65.96306089284539 9.99
      vertex -74.98708430484426 66.22719896612226 9.99
      vertex -74.98708430484426 66.22719896612226 0
    endloop
  endfacet
  facet normal -0.3583679495452964 0.9335804264972032 0
    outer loop
      vertex -74.98708430484426 66.22719896612226 9.99
      vertex -74.03431773001095 66.59293178798464 9.99
      vertex -74.03431773001095 66.59293178798464 0
    endloop
  endfacet
  facet normal -0.4539904997395454 0.8910065241883686 0
    outer loop
      vertex -74.03431773001095 66.59293178798464 9.99
      vertex -73.125 67.05625231310172 9.99
      vertex -73.125 67.05625231310172 0
    endloop
  endfacet
  facet normal -0.5446390350150261 0.8386705679454247 0
    outer loop
      vertex -73.125 67.05625231310172 9.99
      vertex -72.26909379014839 67.61208430484426 9.99
      vertex -72.26909379014839 67.61208430484426 0
    endloop
  endfacet
  facet normal -0.629320391049836 0.7771459614569721 0
    outer loop
      vertex -72.26909379014839 67.61208430484426 9.99
      vertex -71.47597658800113 68.2543379515954 9.99
      vertex -71.47597658800113 68.2543379515954 0
    endloop
  endfacet
  facet normal -0.7071067811865475 0.7071067811865475 0
    outer loop
      vertex -71.47597658800113 68.2543379515954 9.99
      vertex -70.7543379515954 68.97597658800113 9.99
      vertex -70.7543379515954 68.97597658800113 0
    endloop
  endfacet
  facet normal -0.7771459614569721 0.629320391049836 0
    outer loop
      vertex -70.7543379515954 68.97597658800113 9.99
      vertex -70.11208430484426 69.76909379014839 9.99
      vertex -70.11208430484426 69.76909379014839 0
    endloop
  endfacet
  facet normal -0.8386705679454247 0.5446390350150261 0
    outer loop
      vertex -70.11208430484426 69.76909379014839 9.99
      vertex -69.55625231310172 70.625 9.99
      vertex -69.55625231310172 70.625 0
    endloop
  endfacet
  facet normal -0.8910065241883686 0.4539904997395454 0
    outer loop
      vertex -69.55625231310172 70.625 9.99
      vertex -69.09293178798464 71.53431773001095 9.99
      vertex -69.09293178798464 71.53431773001095 0
    endloop
  endfacet
  facet normal -0.9335804264972032 0.3583679495452964 0
    outer loop
      vertex -69.09293178798464 71.53431773001095 9.99
      vertex -68.72719896612226 72.48708430484426 9.99
      vertex -68.72719896612226 72.48708430484426 0
    endloop
  endfacet
  facet normal -0.9659258262890655 0.2588190451025307 0
    outer loop
      vertex -68.72719896612226 72.48708430484426 9.99
      vertex -68.46306089284539 73.47286101452684 9.99
      vertex -68.46306089284539 73.47286101452684 0
    endloop
  endfacet
  facet normal -0.9876883405951375 0.15643446504023134 0
    outer loop
      vertex -68.46306089284539 73.47286101452684 9.99
      vertex -68.30341152015933 74.48084748314038 9.99
      vertex -68.30341152015933 74.48084748314038 0
    endloop
  endfacet
  facet normal -0.9986295347545742 0.05233595624293854 0
    outer loop
      vertex -68.30341152015933 74.48084748314038 9.99
      vertex -68.25 75.5 9.99
      vertex -68.25 75.5 0
    endloop
  endfacet
  facet normal -0.9986295347545742 -0.05233595624293854 0
    outer loop
      vertex -68.25 75.5 9.99
      vertex -68.30341152015933 76.51915251685962 9.99
      vertex -68.30341152015933 76.51915251685962 0
    endloop
  endfacet
  facet normal -0.3583679495452964 -0.9335804264972032 0
    outer loop
      vertex -74.03431773001095 84.40706821201536 9.99
      vertex -74.98708430484426 84.77280103387774 0
      vertex -74.03431773001095 84.40706821201536 0
    endloop
  endfacet
  facet normal -0.15643446504023134 -0.9876883405951375 0
    outer loop
      vertex -75.97286101452684 85.03693910715461 9.99
      vertex -76.98084748314038 85.19658847984067 0
      vertex -75.97286101452684 85.03693910715461 0
    endloop
  endfacet
  facet normal -0.2588190451025307 -0.9659258262890655 0
    outer loop
      vertex -74.98708430484426 84.77280103387774 9.99
      vertex -75.97286101452684 85.03693910715461 0
      vertex -74.98708430484426 84.77280103387774 0
    endloop
  endfacet
  facet normal -0.4539904997395454 -0.8910065241883686 0
    outer loop
      vertex -73.125 83.94374768689828 9.99
      vertex -74.03431773001095 84.40706821201536 0
      vertex -73.125 83.94374768689828 0
    endloop
  endfacet
  facet normal -0.5446390350150261 -0.8386705679454247 0
    outer loop
      vertex -72.26909379014839 83.38791569515574 9.99
      vertex -73.125 83.94374768689828 0
      vertex -72.26909379014839 83.38791569515574 0
    endloop
  endfacet
  facet normal -0.629320391049836 -0.7771459614569721 0
    outer loop
      vertex -71.47597658800113 82.7456620484046 9.99
      vertex -72.26909379014839 83.38791569515574 0
      vertex -71.47597658800113 82.7456620484046 0
    endloop
  endfacet
  facet normal -0.7071067811865475 -0.7071067811865475 0
    outer loop
      vertex -70.7543379515954 82.02402341199887 9.99
      vertex -71.47597658800113 82.7456620484046 0
      vertex -70.7543379515954 82.02402341199887 0
    endloop
  endfacet
  facet normal -0.9335804264972032 -0.3583679495452964 0
    outer loop
      vertex -68.72719896612226 78.51291569515574 9.99
      vertex -69.09293178798464 79.46568226998905 0
      vertex -68.72719896612226 78.51291569515574 0
    endloop
  endfacet
  facet normal -0.9876883405951375 -0.15643446504023134 0
    outer loop
      vertex -68.30341152015933 76.51915251685962 9.99
      vertex -68.46306089284539 77.52713898547316 0
      vertex -68.30341152015933 76.51915251685962 0
    endloop
  endfacet
  facet normal -0.9659258262890655 -0.2588190451025307 0
    outer loop
      vertex -68.46306089284539 77.52713898547316 9.99
      vertex -68.72719896612226 78.51291569515574 0
      vertex -68.46306089284539 77.52713898547316 0
    endloop
  endfacet
  facet normal -0.8386705679454247 -0.5446390350150261 0
    outer loop
      vertex -69.55625231310172 80.375 9.99
      vertex -70.11208430484426 81.23090620985161 0
      vertex -69.55625231310172 80.375 0
    endloop
  endfacet
  facet normal -0.8910065241883686 -0.4539904997395454 0
    outer loop
      vertex -69.09293178798464 79.46568226998905 9.99
      vertex -69.55625231310172 80.375 0
      vertex -69.09293178798464 79.46568226998905 0
    endloop
  endfacet
  facet normal -0.7771459614569721 -0.629320391049836 0
    outer loop
      vertex -70.11208430484426 81.23090620985161 9.99
      vertex -70.7543379515954 82.02402341199887 0
      vertex -70.11208430484426 81.23090620985161 0
    endloop
  endfacet
  facet normal -0.7771459614569721 -0.629320391049836 0
    outer loop
      vertex -70.7543379515954 82.02402341199887 9.99
      vertex -70.7543379515954 82.02402341199887 0
      vertex -70.11208430484426 81.23090620985161 9.99
    endloop
  endfacet
  facet normal -0.3583679495452964 -0.9335804264972032 0
    outer loop
      vertex -74.98708430484426 84.77280103387774 9.99
      vertex -74.98708430484426 84.77280103387774 0
      vertex -74.03431773001095 84.40706821201536 9.99
    endloop
  endfacet
  facet normal -0.4539904997395454 -0.8910065241883686 0
    outer loop
      vertex -74.03431773001095 84.40706821201536 9.99
      vertex -74.03431773001095 84.40706821201536 0
      vertex -73.125 83.94374768689828 9.99
    endloop
  endfacet
  facet normal -0.15643446504023134 -0.9876883405951375 0
    outer loop
      vertex -76.98084748314038 85.19658847984067 9.99
      vertex -76.98084748314038 85.19658847984067 0
      vertex -75.97286101452684 85.03693910715461 9.99
    endloop
  endfacet
  facet normal -0.2588190451025307 -0.9659258262890655 0
    outer loop
      vertex -75.97286101452684 85.03693910715461 9.99
      vertex -75.97286101452684 85.03693910715461 0
      vertex -74.98708430484426 84.77280103387774 9.99
    endloop
  endfacet
  facet normal -0.629320391049836 -0.7771459614569721 0
    outer loop
      vertex -72.26909379014839 83.38791569515574 9.99
      vertex -72.26909379014839 83.38791569515574 0
      vertex -71.47597658800113 82.7456620484046 9.99
    endloop
  endfacet
  facet normal -0.5446390350150261 -0.8386705679454247 0
    outer loop
      vertex -72.26909379014839 83.38791569515574 9.99
      vertex -73.125 83.94374768689828 9.99
      vertex -73.125 83.94374768689828 0
    endloop
  endfacet
  facet normal -0.7071067811865475 -0.7071067811865475 0
    outer loop
      vertex -70.7543379515954 82.02402341199887 9.99
      vertex -71.47597658800113 82.7456620484046 9.99
      vertex -71.47597658800113 82.7456620484046 0
    endloop
  endfacet
  facet normal -0.9335804264972032 -0.3583679495452964 0
    outer loop
      vertex -68.72719896612226 78.51291569515574 9.99
      vertex -69.09293178798464 79.46568226998905 9.99
      vertex -69.09293178798464 79.46568226998905 0
    endloop
  endfacet
  facet normal -0.9876883405951375 -0.15643446504023134 0
    outer loop
      vertex -68.30341152015933 76.51915251685962 9.99
      vertex -68.46306089284539 77.52713898547316 9.99
      vertex -68.46306089284539 77.52713898547316 0
    endloop
  endfacet
  facet normal -0.9659258262890655 -0.2588190451025307 0
    outer loop
      vertex -68.72719896612226 78.51291569515574 9.99
      vertex -68.72719896612226 78.51291569515574 0
      vertex -68.46306089284539 77.52713898547316 9.99
    endloop
  endfacet
  facet normal -0.8910065241883686 -0.4539904997395454 0
    outer loop
      vertex -69.09293178798464 79.46568226998905 9.99
      vertex -69.55625231310172 80.375 9.99
      vertex -69.55625231310172 80.375 0
    endloop
  endfacet
  facet normal -0.8386705679454247 -0.5446390350150261 0
    outer loop
      vertex -70.11208430484426 81.23090620985161 9.99
      vertex -70.11208430484426 81.23090620985161 0
      vertex -69.55625231310172 80.375 9.99
    endloop
  endfacet
  facet normal 0 0 -1
    outer loop
      vertex -87.53693910715461 73.47286101452684 9.99
      vertex -87.69658847984067 74.48084748314038 9.99
      vertex -87.69658847984067 76.51915251685962 9.99
    endloop
  endfacet
  facet normal 0 0 -1
    outer loop
      vertex -87.27280103387774 72.48708430484426 9.99
      vertex -87.53693910715461 73.47286101452684 9.99
      vertex -87.53693910715461 77.52713898547316 9.99
    endloop
  endfacet
  facet normal 0 0 -1
    outer loop
      vertex -86.90706821201536 71.53431773001095 9.99
      vertex -87.27280103387774 72.48708430484426 9.99
      vertex -87.27280103387774 78.51291569515574 9.99
    endloop
  endfacet
  facet normal 0 0 -1
    outer loop
      vertex -86.90706821201536 71.53431773001095 9.99
      vertex -86.90706821201536 79.46568226998905 9.99
      vertex -86.44374768689828 70.625 9.99
    endloop
  endfacet
  facet normal 0 0 -1
    outer loop
      vertex -87.69658847984067 74.48084748314038 9.99
      vertex -87.75 75.5 9.99
      vertex -87.69658847984067 76.51915251685962 9.99
    endloop
  endfacet
  facet normal 0 0 -1
    outer loop
      vertex -87.53693910715461 73.47286101452684 9.99
      vertex -87.69658847984067 76.51915251685962 9.99
      vertex -87.53693910715461 77.52713898547316 9.99
    endloop
  endfacet
  facet normal 0 0 -1
    outer loop
      vertex -87.27280103387774 72.48708430484426 9.99
      vertex -87.53693910715461 77.52713898547316 9.99
      vertex -87.27280103387774 78.51291569515574 9.99
    endloop
  endfacet
  facet normal 0 0 -1
    outer loop
      vertex -86.90706821201536 71.53431773001095 9.99
      vertex -87.27280103387774 78.51291569515574 9.99
      vertex -86.90706821201536 79.46568226998905 9.99
    endloop
  endfacet
  facet normal 0 0 -1
    outer loop
      vertex -85.88791569515574 69.76909379014839 9.99
      vertex -86.44374768689828 70.625 9.99
      vertex -86.44374768689828 80.375 9.99
    endloop
  endfacet
  facet normal 0 0 -1
    outer loop
      vertex -85.2456620484046 68.97597658800113 9.99
      vertex -85.88791569515574 69.76909379014839 9.99
      vertex -85.88791569515574 81.23090620985161 9.99
    endloop
  endfacet
  facet normal 0 0 -1
    outer loop
      vertex -85.2456620484046 68.97597658800113 9.99
      vertex -85.2456620484046 82.02402341199887 9.99
      vertex -84.52402341199887 68.2543379515954 9.99
    endloop
  endfacet
  facet normal 0 0 -1
    outer loop
      vertex -84.52402341199887 68.2543379515954 9.99
      vertex -84.52402341199887 82.7456620484046 9.99
      vertex -83.73090620985161 67.61208430484426 9.99
    endloop
  endfacet
  facet normal 0 0 -1
    outer loop
      vertex -81.01291569515574 66.22719896612226 9.99
      vertex -80.125 71.81939203391613 9.99
      vertex -80.02713898547316 65.96306089284539 9.99
    endloop
  endfacet
  facet normal 0 0 -1
    outer loop
      vertex -81.96568226998905 66.59293178798464 9.99
      vertex -81.15836550827892 72.65619492297485 9.99
      vertex -81.01291569515574 66.22719896612226 9.99
    endloop
  endfacet
  facet normal 0 0 -1
    outer loop
      vertex -81.01291569515574 66.22719896612226 9.99
      vertex -81.15836550827892 72.65619492297485 9.99
      vertex -80.84380507702515 72.34163449172108 9.99
    endloop
  endfacet
  facet normal 0 0 -1
    outer loop
      vertex -81.96568226998905 66.59293178798464 9.99
      vertex -81.43832222609353 73.00191267775699 9.99
      vertex -81.15836550827892 72.65619492297485 9.99
    endloop
  endfacet
  facet normal 0 0 -1
    outer loop
      vertex -81.96568226998905 66.59293178798464 9.99
      vertex -81.68060796608387 73.375 9.99
      vertex -81.43832222609353 73.00191267775699 9.99
    endloop
  endfacet
  facet normal 0 0 -1
    outer loop
      vertex -81.01291569515574 66.22719896612226 9.99
      vertex -80.84380507702515 72.34163449172108 9.99
      vertex -80.49808732224301 72.06167777390647 9.99
    endloop
  endfacet
  facet normal 0 0 -1
    outer loop
      vertex -81.01291569515574 66.22719896612226 9.99
      vertex -80.49808732224301 72.06167777390647 9.99
      vertex -80.125 71.81939203391613 9.99
    endloop
  endfacet
  facet normal 0 0 -1
    outer loop
      vertex -80.02713898547316 65.96306089284539 9.99
      vertex -79.31332222609353 71.4580098057456 9.99
      vertex -79.01915251685962 65.80341152015933 9.99
    endloop
  endfacet
  facet normal 0 0 -1
    outer loop
      vertex -79.01915251685962 65.80341152015933 9.99
      vertex -78 71.25 9.99
      vertex -78 65.75 9.99
    endloop
  endfacet
  facet normal 0 0 -1
    outer loop
      vertex -78 65.75 9.99
      vertex -78 71.25 9.99
      vertex -76.98084748314038 65.80341152015933 9.99
    endloop
  endfacet
  facet normal 0 0 -1
    outer loop
      vertex -80.02713898547316 65.96306089284539 9.99
      vertex -79.72863073307215 71.61743180501895 9.99
      vertex -79.31332222609353 71.4580098057456 9.99
    endloop
  endfacet
  facet normal 0 0 -1
    outer loop
      vertex -79.01915251685962 65.80341152015933 9.99
      vertex -79.31332222609353 71.4580098057456 9.99
      vertex -78.88362468597548 71.34287269688133 9.99
    endloop
  endfacet
  facet normal 0 0 -1
    outer loop
      vertex -79.01915251685962 65.80341152015933 9.99
      vertex -78.88362468597548 71.34287269688133 9.99
      vertex -78.44424596888753 71.27328194468484 9.99
    endloop
  endfacet
  facet normal 0 0 -1
    outer loop
      vertex -80.02713898547316 65.96306089284539 9.99
      vertex -80.125 71.81939203391613 9.99
      vertex -79.72863073307215 71.61743180501895 9.99
    endloop
  endfacet
  facet normal 0 0 -1
    outer loop
      vertex -79.01915251685962 65.80341152015933 9.99
      vertex -78.44424596888753 71.27328194468484 9.99
      vertex -78 71.25 9.99
    endloop
  endfacet
  facet normal 0 0 -1
    outer loop
      vertex -76.98084748314038 65.80341152015933 9.99
      vertex -78 71.25 9.99
      vertex -77.55575403111247 71.27328194468484 9.99
    endloop
  endfacet
  facet normal 0 0 -1
    outer loop
      vertex -76.98084748314038 65.80341152015933 9.99
      vertex -77.55575403111247 71.27328194468484 9.99
      vertex -77.11637531402452 71.34287269688133 9.99
    endloop
  endfacet
  facet normal 0 0 -1
    outer loop
      vertex -76.98084748314038 65.80341152015933 9.99
      vertex -77.11637531402452 71.34287269688133 9.99
      vertex -76.68667777390647 71.4580098057456 9.99
    endloop
  endfacet
  facet normal 0 0 -1
    outer loop
      vertex -81.96568226998905 66.59293178798464 9.99
      vertex -81.88256819498105 73.77136926692785 9.99
      vertex -81.68060796608387 73.375 9.99
    endloop
  endfacet
  facet normal 0 0 -1
    outer loop
      vertex -81.96568226998905 66.59293178798464 9.99
      vertex -82.0419901942544 74.18667777390647 9.99
      vertex -81.88256819498105 73.77136926692785 9.99
    endloop
  endfacet
  facet normal 0 0 -1
    outer loop
      vertex -81.96568226998905 66.59293178798464 9.99
      vertex -82.15712730311867 74.61637531402452 9.99
      vertex -82.0419901942544 74.18667777390647 9.99
    endloop
  endfacet
  facet normal 0 0 -1
    outer loop
      vertex -81.96568226998905 66.59293178798464 9.99
      vertex -82.22671805531516 75.05575403111247 9.99
      vertex -82.15712730311867 74.61637531402452 9.99
    endloop
  endfacet
  facet normal 0 0 -1
    outer loop
      vertex -83.73090620985161 67.61208430484426 9.99
      vertex -83.73090620985161 83.38791569515574 9.99
      vertex -82.875 67.05625231310172 9.99
    endloop
  endfacet
  facet normal 0 0 -1
    outer loop
      vertex -82.875 67.05625231310172 9.99
      vertex -82.875 83.94374768689828 9.99
      vertex -81.96568226998905 66.59293178798464 9.99
    endloop
  endfacet
  facet normal 0 0 -1
    outer loop
      vertex -81.96568226998905 66.59293178798464 9.99
      vertex -82.875 83.94374768689828 9.99
      vertex -82.22671805531516 75.05575403111247 9.99
    endloop
  endfacet
  facet normal 0 0 -1
    outer loop
      vertex -86.44374768689828 70.625 9.99
      vertex -86.90706821201536 79.46568226998905 9.99
      vertex -86.44374768689828 80.375 9.99
    endloop
  endfacet
  facet normal 0 0 -1
    outer loop
      vertex -85.88791569515574 69.76909379014839 9.99
      vertex -86.44374768689828 80.375 9.99
      vertex -85.88791569515574 81.23090620985161 9.99
    endloop
  endfacet
  facet normal 0 0 -1
    outer loop
      vertex -85.2456620484046 68.97597658800113 9.99
      vertex -85.88791569515574 81.23090620985161 9.99
      vertex -85.2456620484046 82.02402341199887 9.99
    endloop
  endfacet
  facet normal 0 0 -1
    outer loop
      vertex -84.52402341199887 68.2543379515954 9.99
      vertex -85.2456620484046 82.02402341199887 9.99
      vertex -84.52402341199887 82.7456620484046 9.99
    endloop
  endfacet
  facet normal 0 0 -1
    outer loop
      vertex -83.73090620985161 67.61208430484426 9.99
      vertex -84.52402341199887 82.7456620484046 9.99
      vertex -83.73090620985161 83.38791569515574 9.99
    endloop
  endfacet
  facet normal 0 0 -1
    outer loop
      vertex -82.875 67.05625231310172 9.99
      vertex -83.73090620985161 83.38791569515574 9.99
      vertex -82.875 83.94374768689828 9.99
    endloop
  endfacet
  facet normal 0 0 -1
    outer loop
      vertex -82.875 83.94374768689828 9.99
      vertex -82.25 75.5 9.99
      vertex -82.22671805531516 75.05575403111247 9.99
    endloop
  endfacet
  facet normal 0 0 -1
    outer loop
      vertex -82.875 83.94374768689828 9.99
      vertex -82.22671805531516 75.94424596888753 9.99
      vertex -82.25 75.5 9.99
    endloop
  endfacet
  facet normal 0 0 -1
    outer loop
      vertex -82.875 83.94374768689828 9.99
      vertex -82.15712730311867 76.38362468597548 9.99
      vertex -82.22671805531516 75.94424596888753 9.99
    endloop
  endfacet
  facet normal 0 0 -1
    outer loop
      vertex -82.875 83.94374768689828 9.99
      vertex -82.0419901942544 76.81332222609353 9.99
      vertex -82.15712730311867 76.38362468597548 9.99
    endloop
  endfacet
  facet normal 0 0 -1
    outer loop
      vertex -82.0419901942544 76.81332222609353 9.99
      vertex -81.96568226998905 84.40706821201536 9.99
      vertex -81.88256819498105 77.22863073307215 9.99
    endloop
  endfacet
  facet normal 0 0 -1
    outer loop
      vertex -81.88256819498105 77.22863073307215 9.99
      vertex -81.96568226998905 84.40706821201536 9.99
      vertex -81.68060796608387 77.625 9.99
    endloop
  endfacet
  facet normal 0 0 -1
    outer loop
      vertex -82.875 83.94374768689828 9.99
      vertex -81.96568226998905 84.40706821201536 9.99
      vertex -82.0419901942544 76.81332222609353 9.99
    endloop
  endfacet
  facet normal 0 0 -1
    outer loop
      vertex -81.68060796608387 77.625 9.99
      vertex -81.96568226998905 84.40706821201536 9.99
      vertex -81.43832222609353 77.99808732224301 9.99
    endloop
  endfacet
  facet normal 0 0 -1
    outer loop
      vertex -81.43832222609353 77.99808732224301 9.99
      vertex -81.96568226998905 84.40706821201536 9.99
      vertex -81.15836550827892 78.34380507702515 9.99
    endloop
  endfacet
  facet normal 0 0 -1
    outer loop
      vertex -81.15836550827892 78.34380507702515 9.99
      vertex -81.01291569515574 84.77280103387774 9.99
      vertex -80.84380507702515 78.65836550827892 9.99
    endloop
  endfacet
  facet normal 0 0 -1
    outer loop
      vertex -80.84380507702515 78.65836550827892 9.99
      vertex -81.01291569515574 84.77280103387774 9.99
      vertex -80.49808732224301 78.93832222609353 9.99
    endloop
  endfacet
  facet normal 0 0 -1
    outer loop
      vertex -80.49808732224301 78.93832222609353 9.99
      vertex -81.01291569515574 84.77280103387774 9.99
      vertex -80.125 79.18060796608387 9.99
    endloop
  endfacet
  facet normal 0 0 -1
    outer loop
      vertex -80.125 79.18060796608387 9.99
      vertex -80.02713898547316 85.03693910715461 9.99
      vertex -79.72863073307215 79.38256819498105 9.99
    endloop
  endfacet
  facet normal 0 0 -1
    outer loop
      vertex -79.72863073307215 79.38256819498105 9.99
      vertex -80.02713898547316 85.03693910715461 9.99
      vertex -79.31332222609353 79.5419901942544 9.99
    endloop
  endfacet
  facet normal 0 0 -1
    outer loop
      vertex -79.31332222609353 79.5419901942544 9.99
      vertex -79.01915251685962 85.19658847984067 9.99
      vertex -78.88362468597548 79.65712730311867 9.99
    endloop
  endfacet
  facet normal 0 0 -1
    outer loop
      vertex -78.88362468597548 79.65712730311867 9.99
      vertex -79.01915251685962 85.19658847984067 9.99
      vertex -78.44424596888753 79.72671805531516 9.99
    endloop
  endfacet
  facet normal 0 0 -1
    outer loop
      vertex -78.44424596888753 79.72671805531516 9.99
      vertex -79.01915251685962 85.19658847984067 9.99
      vertex -78 79.75 9.99
    endloop
  endfacet
  facet normal 0 0 -1
    outer loop
      vertex -78 79.75 9.99
      vertex -76.98084748314038 85.19658847984067 9.99
      vertex -77.55575403111247 79.72671805531516 9.99
    endloop
  endfacet
  facet normal 0 0 -1
    outer loop
      vertex -77.55575403111247 79.72671805531516 9.99
      vertex -76.98084748314038 85.19658847984067 9.99
      vertex -77.11637531402452 79.65712730311867 9.99
    endloop
  endfacet
  facet normal 0 0 -1
    outer loop
      vertex -77.11637531402452 79.65712730311867 9.99
      vertex -76.98084748314038 85.19658847984067 9.99
      vertex -76.68667777390647 79.5419901942544 9.99
    endloop
  endfacet
  facet normal 0 0 -1
    outer loop
      vertex -81.15836550827892 78.34380507702515 9.99
      vertex -81.96568226998905 84.40706821201536 9.99
      vertex -81.01291569515574 84.77280103387774 9.99
    endloop
  endfacet
  facet normal 0 0 -1
    outer loop
      vertex -80.125 79.18060796608387 9.99
      vertex -81.01291569515574 84.77280103387774 9.99
      vertex -80.02713898547316 85.03693910715461 9.99
    endloop
  endfacet
  facet normal 0 0 -1
    outer loop
      vertex -79.31332222609353 79.5419901942544 9.99
      vertex -80.02713898547316 85.03693910715461 9.99
      vertex -79.01915251685962 85.19658847984067 9.99
    endloop
  endfacet
  facet normal 0 0 -1
    outer loop
      vertex -78 79.75 9.99
      vertex -79.01915251685962 85.19658847984067 9.99
      vertex -78 85.25 9.99
    endloop
  endfacet
  facet normal 0 0 -1
    outer loop
      vertex -78 79.75 9.99
      vertex -78 85.25 9.99
      vertex -76.98084748314038 85.19658847984067 9.99
    endloop
  endfacet
  facet normal 0 0 -1
    outer loop
      vertex -76.98084748314038 65.80341152015933 9.99
      vertex -76.68667777390647 71.4580098057456 9.99
      vertex -75.97286101452684 65.96306089284539 9.99
    endloop
  endfacet
  facet normal 0 0 -1
    outer loop
      vertex -75.97286101452684 65.96306089284539 9.99
      vertex -75.875 71.81939203391613 9.99
      vertex -74.98708430484426 66.22719896612226 9.99
    endloop
  endfacet
  facet normal 0 0 -1
    outer loop
      vertex -76.68667777390647 71.4580098057456 9.99
      vertex -76.27136926692785 71.61743180501895 9.99
      vertex -75.97286101452684 65.96306089284539 9.99
    endloop
  endfacet
  facet normal 0 0 -1
    outer loop
      vertex -75.97286101452684 65.96306089284539 9.99
      vertex -76.27136926692785 71.61743180501895 9.99
      vertex -75.875 71.81939203391613 9.99
    endloop
  endfacet
  facet normal 0 0 -1
    outer loop
      vertex -74.98708430484426 66.22719896612226 9.99
      vertex -75.875 71.81939203391613 9.99
      vertex -75.50191267775699 72.06167777390647 9.99
    endloop
  endfacet
  facet normal 0 0 -1
    outer loop
      vertex -74.98708430484426 66.22719896612226 9.99
      vertex -74.84163449172108 72.65619492297485 9.99
      vertex -74.03431773001095 66.59293178798464 9.99
    endloop
  endfacet
  facet normal 0 0 -1
    outer loop
      vertex -74.03431773001095 66.59293178798464 9.99
      vertex -73.9580098057456 74.18667777390647 9.99
      vertex -73.125 67.05625231310172 9.99
    endloop
  endfacet
  facet normal 0 0 -1
    outer loop
      vertex -74.98708430484426 66.22719896612226 9.99
      vertex -75.50191267775699 72.06167777390647 9.99
      vertex -75.15619492297485 72.34163449172108 9.99
    endloop
  endfacet
  facet normal 0 0 -1
    outer loop
      vertex -74.98708430484426 66.22719896612226 9.99
      vertex -75.15619492297485 72.34163449172108 9.99
      vertex -74.84163449172108 72.65619492297485 9.99
    endloop
  endfacet
  facet normal 0 0 -1
    outer loop
      vertex -74.03431773001095 66.59293178798464 9.99
      vertex -74.84163449172108 72.65619492297485 9.99
      vertex -74.56167777390647 73.00191267775699 9.99
    endloop
  endfacet
  facet normal 0 0 -1
    outer loop
      vertex -74.03431773001095 66.59293178798464 9.99
      vertex -74.56167777390647 73.00191267775699 9.99
      vertex -74.31939203391613 73.375 9.99
    endloop
  endfacet
  facet normal 0 0 -1
    outer loop
      vertex -74.03431773001095 66.59293178798464 9.99
      vertex -74.31939203391613 73.375 9.99
      vertex -74.11743180501895 73.77136926692785 9.99
    endloop
  endfacet
  facet normal 0 0 -1
    outer loop
      vertex -74.03431773001095 66.59293178798464 9.99
      vertex -74.11743180501895 73.77136926692785 9.99
      vertex -73.9580098057456 74.18667777390647 9.99
    endloop
  endfacet
  facet normal 0 0 -1
    outer loop
      vertex -73.125 67.05625231310172 9.99
      vertex -73.9580098057456 74.18667777390647 9.99
      vertex -73.84287269688133 74.61637531402452 9.99
    endloop
  endfacet
  facet normal 0 0 -1
    outer loop
      vertex -73.125 67.05625231310172 9.99
      vertex -73.77328194468484 75.94424596888753 9.99
      vertex -74.03431773001095 84.40706821201536 9.99
    endloop
  endfacet
  facet normal 0 0 -1
    outer loop
      vertex -73.125 67.05625231310172 9.99
      vertex -73.84287269688133 74.61637531402452 9.99
      vertex -73.77328194468484 75.05575403111247 9.99
    endloop
  endfacet
  facet normal 0 0 -1
    outer loop
      vertex -73.125 67.05625231310172 9.99
      vertex -73.77328194468484 75.05575403111247 9.99
      vertex -73.75 75.5 9.99
    endloop
  endfacet
  facet normal 0 0 -1
    outer loop
      vertex -73.125 67.05625231310172 9.99
      vertex -73.75 75.5 9.99
      vertex -73.77328194468484 75.94424596888753 9.99
    endloop
  endfacet
  facet normal 0 0 -1
    outer loop
      vertex -73.125 67.05625231310172 9.99
      vertex -73.125 83.94374768689828 9.99
      vertex -72.26909379014839 67.61208430484426 9.99
    endloop
  endfacet
  facet normal 0 0 -1
    outer loop
      vertex -72.26909379014839 67.61208430484426 9.99
      vertex -72.26909379014839 83.38791569515574 9.99
      vertex -71.47597658800113 68.2543379515954 9.99
    endloop
  endfacet
  facet normal 0 0 -1
    outer loop
      vertex -71.47597658800113 68.2543379515954 9.99
      vertex -71.47597658800113 82.7456620484046 9.99
      vertex -70.7543379515954 68.97597658800113 9.99
    endloop
  endfacet
  facet normal 0 0 -1
    outer loop
      vertex -70.7543379515954 68.97597658800113 9.99
      vertex -70.7543379515954 82.02402341199887 9.99
      vertex -70.11208430484426 69.76909379014839 9.99
    endloop
  endfacet
  facet normal 0 0 -1
    outer loop
      vertex -70.11208430484426 69.76909379014839 9.99
      vertex -70.11208430484426 81.23090620985161 9.99
      vertex -69.55625231310172 70.625 9.99
    endloop
  endfacet
  facet normal 0 0 -1
    outer loop
      vertex -69.55625231310172 70.625 9.99
      vertex -69.55625231310172 80.375 9.99
      vertex -69.09293178798464 71.53431773001095 9.99
    endloop
  endfacet
  facet normal 0 0 -1
    outer loop
      vertex -69.09293178798464 71.53431773001095 9.99
      vertex -69.09293178798464 79.46568226998905 9.99
      vertex -68.72719896612226 72.48708430484426 9.99
    endloop
  endfacet
  facet normal 0 0 -1
    outer loop
      vertex -68.72719896612226 72.48708430484426 9.99
      vertex -68.72719896612226 78.51291569515574 9.99
      vertex -68.46306089284539 73.47286101452684 9.99
    endloop
  endfacet
  facet normal 0 0 -1
    outer loop
      vertex -68.46306089284539 73.47286101452684 9.99
      vertex -68.46306089284539 77.52713898547316 9.99
      vertex -68.30341152015933 74.48084748314038 9.99
    endloop
  endfacet
  facet normal 0 0 -1
    outer loop
      vertex -68.30341152015933 74.48084748314038 9.99
      vertex -68.30341152015933 76.51915251685962 9.99
      vertex -68.25 75.5 9.99
    endloop
  endfacet
  facet normal 0 0 -1
    outer loop
      vertex -68.30341152015933 74.48084748314038 9.99
      vertex -68.46306089284539 77.52713898547316 9.99
      vertex -68.30341152015933 76.51915251685962 9.99
    endloop
  endfacet
  facet normal 0 0 -1
    outer loop
      vertex -68.46306089284539 73.47286101452684 9.99
      vertex -68.72719896612226 78.51291569515574 9.99
      vertex -68.46306089284539 77.52713898547316 9.99
    endloop
  endfacet
  facet normal 0 0 -1
    outer loop
      vertex -73.77328194468484 75.94424596888753 9.99
      vertex -73.84287269688133 76.38362468597548 9.99
      vertex -74.03431773001095 84.40706821201536 9.99
    endloop
  endfacet
  facet normal 0 0 -1
    outer loop
      vertex -73.84287269688133 76.38362468597548 9.99
      vertex -73.9580098057456 76.81332222609353 9.99
      vertex -74.03431773001095 84.40706821201536 9.99
    endloop
  endfacet
  facet normal 0 0 -1
    outer loop
      vertex -76.68667777390647 79.5419901942544 9.99
      vertex -75.97286101452684 85.03693910715461 9.99
      vertex -76.27136926692785 79.38256819498105 9.99
    endloop
  endfacet
  facet normal 0 0 -1
    outer loop
      vertex -75.875 79.18060796608387 9.99
      vertex -76.27136926692785 79.38256819498105 9.99
      vertex -75.97286101452684 85.03693910715461 9.99
    endloop
  endfacet
  facet normal 0 0 -1
    outer loop
      vertex -75.875 79.18060796608387 9.99
      vertex -74.98708430484426 84.77280103387774 9.99
      vertex -75.50191267775699 78.93832222609353 9.99
    endloop
  endfacet
  facet normal 0 0 -1
    outer loop
      vertex -75.15619492297485 78.65836550827892 9.99
      vertex -74.98708430484426 84.77280103387774 9.99
      vertex -74.84163449172108 78.34380507702515 9.99
    endloop
  endfacet
  facet normal 0 0 -1
    outer loop
      vertex -74.84163449172108 78.34380507702515 9.99
      vertex -74.03431773001095 84.40706821201536 9.99
      vertex -74.56167777390647 77.99808732224301 9.99
    endloop
  endfacet
  facet normal 0 0 -1
    outer loop
      vertex -74.11743180501895 77.22863073307215 9.99
      vertex -74.31939203391613 77.625 9.99
      vertex -74.03431773001095 84.40706821201536 9.99
    endloop
  endfacet
  facet normal 0 0 -1
    outer loop
      vertex -74.11743180501895 77.22863073307215 9.99
      vertex -74.03431773001095 84.40706821201536 9.99
      vertex -73.9580098057456 76.81332222609353 9.99
    endloop
  endfacet
  facet normal 0 0 -1
    outer loop
      vertex -74.56167777390647 77.99808732224301 9.99
      vertex -74.03431773001095 84.40706821201536 9.99
      vertex -74.31939203391613 77.625 9.99
    endloop
  endfacet
  facet normal 0 0 -1
    outer loop
      vertex -75.50191267775699 78.93832222609353 9.99
      vertex -74.98708430484426 84.77280103387774 9.99
      vertex -75.15619492297485 78.65836550827892 9.99
    endloop
  endfacet
  facet normal 0 0 -1
    outer loop
      vertex -73.125 67.05625231310172 9.99
      vertex -74.03431773001095 84.40706821201536 9.99
      vertex -73.125 83.94374768689828 9.99
    endloop
  endfacet
  facet normal 0 0 -1
    outer loop
      vertex -72.26909379014839 67.61208430484426 9.99
      vertex -73.125 83.94374768689828 9.99
      vertex -72.26909379014839 83.38791569515574 9.99
    endloop
  endfacet
  facet normal 0 0 -1
    outer loop
      vertex -70.7543379515954 68.97597658800113 9.99
      vertex -71.47597658800113 82.7456620484046 9.99
      vertex -70.7543379515954 82.02402341199887 9.99
    endloop
  endfacet
  facet normal 0 0 -1
    outer loop
      vertex -71.47597658800113 68.2543379515954 9.99
      vertex -72.26909379014839 83.38791569515574 9.99
      vertex -71.47597658800113 82.7456620484046 9.99
    endloop
  endfacet
  facet normal 0 0 -1
    outer loop
      vertex -76.68667777390647 79.5419901942544 9.99
      vertex -76.98084748314038 85.19658847984067 9.99
      vertex -75.97286101452684 85.03693910715461 9.99
    endloop
  endfacet
  facet normal 0 0 -1
    outer loop
      vertex -75.875 79.18060796608387 9.99
      vertex -75.97286101452684 85.03693910715461 9.99
      vertex -74.98708430484426 84.77280103387774 9.99
    endloop
  endfacet
  facet normal 0 0 -1
    outer loop
      vertex -74.84163449172108 78.34380507702515 9.99
      vertex -74.98708430484426 84.77280103387774 9.99
      vertex -74.03431773001095 84.40706821201536 9.99
    endloop
  endfacet
  facet normal 0 0 -1
    outer loop
      vertex -70.11208430484426 69.76909379014839 9.99
      vertex -70.7543379515954 82.02402341199887 9.99
      vertex -70.11208430484426 81.23090620985161 9.99
    endloop
  endfacet
  facet normal 0 0 -1
    outer loop
      vertex -69.55625231310172 70.625 9.99
      vertex -70.11208430484426 81.23090620985161 9.99
      vertex -69.55625231310172 80.375 9.99
    endloop
  endfacet
  facet normal 0 0 -1
    outer loop
      vertex -69.09293178798464 71.53431773001095 9.99
      vertex -69.55625231310172 80.375 9.99
      vertex -69.09293178798464 79.46568226998905 9.99
    endloop
  endfacet
  facet normal 0 0 -1
    outer loop
      vertex -68.72719896612226 72.48708430484426 9.99
      vertex -69.09293178798464 79.46568226998905 9.99
      vertex -68.72719896612226 78.51291569515574 9.99
    endloop
  endfacet
  facet normal 0 -1 0
    outer loop
      vertex -80 64.5 2
      vertex -90 64.5 60
      vertex -90 64.5 2
    endloop
  endfacet
  facet normal -1 0 0
    outer loop
      vertex -80 64.5 2
      vertex -80 63.683837948266024 2
      vertex -80 64.5 60
    endloop
  endfacet
  facet normal -0.15643446879228132 -0.9876883400008715 0
    outer loop
      vertex -79.33193218708038 63.57802639901638 2
      vertex -79.33193218708038 63.57802639901638 60
      vertex -80 63.683837948266024 2
    endloop
  endfacet
  facet normal -0.1045284566956052 -0.9945218960590235 0
    outer loop
      vertex -79.17589140683413 63.561625853180885 2
      vertex -79.17589140683413 63.561625853180885 60
      vertex -79.33193218708038 63.57802639901638 2
    endloop
  endfacet
  facet normal -0.05233595249243526 -0.9986295349511297 0
    outer loop
      vertex -79.17589140683413 63.561625853180885 2
      vertex -78.07845007628202 63.504111394286156 2
      vertex -78.07845007628202 63.504111394286156 60
    endloop
  endfacet
  facet normal 0 -1 0
    outer loop
      vertex -78.07845007628202 63.504111394286156 2
      vertex -77.92154992371798 63.504111394286156 2
      vertex -77.92154992371798 63.504111394286156 60
    endloop
  endfacet
  facet normal 0.0523359532298615 -0.9986295349124829 0
    outer loop
      vertex -77.92154992371798 63.504111394286156 2
      vertex -76.824108466506 63.561625860631466 2
      vertex -76.824108466506 63.561625860631466 60
    endloop
  endfacet
  facet normal 0.10452847376048861 -0.9945218942654319 0
    outer loop
      vertex -76.824108466506 63.561625860631466 2
      vertex -76.66806792467833 63.57802638411522 2
      vertex -76.66806792467833 63.57802638411522 60
    endloop
  endfacet
  facet normal 0.15643446525950055 -0.9876883405604088 0
    outer loop
      vertex -76.66806792467833 63.57802638411522 2
      vertex -75.5826502814889 63.749939650297165 2
      vertex -75.5826502814889 63.749939650297165 60
    endloop
  endfacet
  facet normal 0.20791169973303814 -0.9781475988388045 0
    outer loop
      vertex -75.5826502814889 63.749939650297165 2
      vertex -75.42917874455452 63.78256103396416 2
      vertex -75.42917874455452 63.78256103396416 60
    endloop
  endfacet
  facet normal 0.25881903888655244 -0.9659258279546319 0
    outer loop
      vertex -75.42917874455452 63.78256103396416 2
      vertex -74.36767707765102 64.06698954105377 2
      vertex -74.36767707765102 64.06698954105377 60
    endloop
  endfacet
  facet normal 0.30901699149037953 -0.9510565172324066 0
    outer loop
      vertex -74.36767707765102 64.06698954105377 2
      vertex -74.2184560149908 64.11547440290451 2
      vertex -74.2184560149908 64.11547440290451 60
    endloop
  endfacet
  facet normal 0.35836795142435096 -0.9335804257759017 0
    outer loop
      vertex -74.2184560149908 64.11547440290451 2
      vertex -73.1925001963973 64.50930194556713 2
      vertex -73.1925001963973 64.50930194556713 60
    endloop
  endfacet
  facet normal 0.4067366474539906 -0.913545455693305 0
    outer loop
      vertex -73.1925001963973 64.50930194556713 2
      vertex -73.04916489869356 64.57311893254519 2
      vertex -73.04916489869356 64.57311893254519 60
    endloop
  endfacet
  facet normal 0.45399049835820615 -0.891006524892196 0
    outer loop
      vertex -73.04916489869356 64.57311893254519 2
      vertex -72.06999537348747 65.07203072309494 2
      vertex -72.06999537348747 65.07203072309494 60
    endloop
  endfacet
  facet normal 0.4999999931753902 -0.866025407724629 0
    outer loop
      vertex -72.06999537348747 65.07203072309494 2
      vertex -71.93411602079868 65.15048070251942 2
      vertex -71.93411602079868 65.15048070251942 60
    endloop
  endfacet
  facet normal 0.5446390353737932 -0.8386705677124385 0
    outer loop
      vertex -71.93411602079868 65.15048070251942 2
      vertex -71.01246091723442 65.74901052564383 2
      vertex -71.01246091723442 65.74901052564383 60
    endloop
  endfacet
  facet normal -1 0 0
    outer loop
      vertex -90 81.5 2
      vertex -90 64.5 2
      vertex -90 64.5 60
    endloop
  endfacet
  facet normal -0.9986295344686825 0.05233596169807261 0
    outer loop
      vertex -90 81.5 2
      vertex -89.9671313688159 82.12717077881098 60
      vertex -89.9671313688159 82.12717077881098 2
    endloop
  endfacet
  facet normal -0.9876883421006546 0.15643445553477123 0
    outer loop
      vertex -89.9671313688159 82.12717077881098 2
      vertex -89.86888560652733 82.74747014790773 60
      vertex -89.86888560652733 82.74747014790773 2
    endloop
  endfacet
  facet normal -0.9659258251084867 0.25881904950851087 0
    outer loop
      vertex -89.86888560652733 82.74747014790773 2
      vertex -89.70633909851313 83.35410196334124 60
      vertex -89.70633909851313 83.35410196334124 2
    endloop
  endfacet
  facet normal -0.9335804250773435 0.3583679532441575 0
    outer loop
      vertex -89.70633909851313 83.35410196334124 2
      vertex -89.48127274215221 83.94041986018419 60
      vertex -89.48127274215221 83.94041986018419 2
    endloop
  endfacet
  facet normal -0.8910065283221495 0.4539904916265432 0
    outer loop
      vertex -89.48127274215221 83.94041986018419 2
      vertex -89.19615242630243 84.5 60
      vertex -89.19615242630243 84.5 2
    endloop
  endfacet
  facet normal -0.8386705643141267 0.5446390406067345 0
    outer loop
      vertex -89.19615242630243 84.5 2
      vertex -88.85410196334124 85.02671151608229 60
      vertex -88.85410196334124 85.02671151608229 2
    endloop
  endfacet
  facet normal -0.7771459589704364 0.6293203941204519 0
    outer loop
      vertex -88.85410196334124 85.02671151608229 2
      vertex -88.45886895060539 85.51478363573551 60
      vertex -88.45886895060539 85.51478363573551 2
    endloop
  endfacet
  facet normal -0.7071067811865476 0.7071067811865476 0
    outer loop
      vertex -88.45886895060539 85.51478363573551 2
      vertex -88.01478363573551 85.95886895060539 60
      vertex -88.01478363573551 85.95886895060539 2
    endloop
  endfacet
  facet normal -0.6293203941204519 0.7771459589704364 0
    outer loop
      vertex -88.01478363573551 85.95886895060539 2
      vertex -87.52671151608229 86.35410196334124 60
      vertex -87.52671151608229 86.35410196334124 2
    endloop
  endfacet
  facet normal -0.5446390406067345 0.8386705643141267 0
    outer loop
      vertex -87.52671151608229 86.35410196334124 2
      vertex -87 86.69615242630243 60
      vertex -87 86.69615242630243 2
    endloop
  endfacet
  facet normal -0.4539904916265432 0.8910065283221495 0
    outer loop
      vertex -87 86.69615242630243 2
      vertex -86.44041986018419 86.98127274215221 60
      vertex -86.44041986018419 86.98127274215221 2
    endloop
  endfacet
  facet normal -0.3583679532441575 0.9335804250773435 0
    outer loop
      vertex -86.44041986018419 86.98127274215221 2
      vertex -85.85410196334124 87.20633909851313 60
      vertex -85.85410196334124 87.20633909851313 2
    endloop
  endfacet
  facet normal -0.25881904950851087 0.9659258251084867 0
    outer loop
      vertex -85.85410196334124 87.20633909851313 2
      vertex -85.24747014790773 87.36888560652733 60
      vertex -85.24747014790773 87.36888560652733 2
    endloop
  endfacet
  facet normal -0.15643445553477123 0.9876883421006546 0
    outer loop
      vertex -85.24747014790773 87.36888560652733 2
      vertex -84.62717077881098 87.4671313688159 60
      vertex -84.62717077881098 87.4671313688159 2
    endloop
  endfacet
  facet normal -0.05233596169807261 0.9986295344686825 0
    outer loop
      vertex -84.62717077881098 87.4671313688159 2
      vertex -84 87.5 60
      vertex -84 87.5 2
    endloop
  endfacet
  facet normal 0.5877852764175114 -0.8090169768470806 0
    outer loop
      vertex -71.01246091723442 65.74901052564383 2
      vertex -70.88552622497082 65.8412339836359 2
      vertex -70.88552622497082 65.8412339836359 60
    endloop
  endfacet
  facet normal 0.6293203864697001 -0.777145965165893 0
    outer loop
      vertex -70.88552622497082 65.8412339836359 2
      vertex -70.03148353844881 66.53282410651445 2
      vertex -70.03148353844881 66.53282410651445 60
    endloop
  endfacet
  facet normal 0.6691306094706797 -0.7431448226754975 0
    outer loop
      vertex -70.03148353844881 66.53282410651445 2
      vertex -69.91488401591778 66.63781078904867 2
      vertex -69.91488401591778 66.63781078904867 60
    endloop
  endfacet
  facet normal 0.7071067811865476 -0.7071067811865476 0
    outer loop
      vertex -69.91488401591778 66.63781078904867 2
      vertex -69.13781078159809 67.41488402336836 2
      vertex -69.13781078159809 67.41488402336836 60
    endloop
  endfacet
  facet normal 0.7431448273790162 -0.6691306042468929 0
    outer loop
      vertex -69.13781078159809 67.41488402336836 2
      vertex -69.03282411396503 67.53148353099823 2
      vertex -69.03282411396503 67.53148353099823 60
    endloop
  endfacet
  facet normal 0.7771459645351759 -0.6293203872485708 0
    outer loop
      vertex -69.03282411396503 67.53148353099823 2
      vertex -68.3412339836359 68.38552622497082 2
      vertex -68.3412339836359 68.38552622497082 60
    endloop
  endfacet
  facet normal 0.8090169768470806 -0.5877852764175114 0
    outer loop
      vertex -68.3412339836359 68.38552622497082 2
      vertex -68.24901052564383 68.51246091723442 2
      vertex -68.24901052564383 68.51246091723442 60
    endloop
  endfacet
  facet normal 0.8386705677124385 -0.5446390353737932 0
    outer loop
      vertex -68.24901052564383 68.51246091723442 2
      vertex -67.65048070251942 69.43411602079868 2
      vertex -67.65048070251942 69.43411602079868 60
    endloop
  endfacet
  facet normal 0.866025407724629 -0.4999999931753902 0
    outer loop
      vertex -67.65048070251942 69.43411602079868 2
      vertex -67.57203072309494 69.56999537348747 2
      vertex -67.57203072309494 69.56999537348747 60
    endloop
  endfacet
  facet normal 0.891006524892196 -0.45399049835820615 0
    outer loop
      vertex -67.57203072309494 69.56999537348747 2
      vertex -67.07311893254519 70.54916489869356 2
      vertex -67.07311893254519 70.54916489869356 60
    endloop
  endfacet
  facet normal 0.9135454614917974 -0.4067366344303633 0
    outer loop
      vertex -67.07311893254519 70.54916489869356 2
      vertex -67.00930196791887 70.69250015169382 2
      vertex -67.00930196791887 70.69250015169382 60
    endloop
  endfacet
  facet normal 0.9335804257537463 -0.35836795148206757 0
    outer loop
      vertex -67.00930196791887 70.69250015169382 2
      vertex -66.61547438800335 71.71845606714487 2
      vertex -66.61547438800335 71.71845606714487 60
    endloop
  endfacet
  facet normal 0.9510565182891794 -0.309016988237967 0
    outer loop
      vertex -66.61547438800335 71.71845606714487 2
      vertex -66.56698954850435 71.86767706274986 2
      vertex -66.56698954850435 71.86767706274986 60
    endloop
  endfacet
  facet normal 0.9659258271680096 -0.2588190418222672 0
    outer loop
      vertex -66.56698954850435 71.86767706274986 2
      vertex -66.28256103396416 72.92917874455452 2
      vertex -66.28256103396416 72.92917874455452 60
    endloop
  endfacet
  facet normal 0.9781475988388045 -0.20791169973303814 0
    outer loop
      vertex -66.28256103396416 72.92917874455452 2
      vertex -66.24993965029716 73.0826502814889 2
      vertex -66.24993965029716 73.0826502814889 60
    endloop
  endfacet
  facet normal 0.9876883400008707 -0.15643446879228512 0
    outer loop
      vertex -66.24993965029716 73.0826502814889 2
      vertex -66.07802639901638 74.16806780546904 2
      vertex -66.07802639901638 74.16806780546904 60
    endloop
  endfacet
  facet normal 0.9945218960590235 -0.1045284566956052 0
    outer loop
      vertex -66.07802639901638 74.16806780546904 2
      vertex -66.06162585318089 74.3241085857153 2
      vertex -66.06162585318089 74.3241085857153 60
    endloop
  endfacet
  facet normal 0.9986295349511297 -0.05233595249243526 0
    outer loop
      vertex -66.06162585318089 74.3241085857153 2
      vertex -66.00411139428616 75.4215499162674 2
      vertex -66.00411139428616 75.4215499162674 60
    endloop
  endfacet
  facet normal 1 0 0
    outer loop
      vertex -66.00411139428616 75.4215499162674 2
      vertex -66.00411139428616 75.57845007628202 2
      vertex -66.00411139428616 75.57845007628202 60
    endloop
  endfacet
  facet normal 0.9986295348939128 0.052335953584199485 0
    outer loop
      vertex -66.00411139428616 75.57845007628202 2
      vertex -66.06162586063147 76.67589152604342 2
      vertex -66.06162586063147 76.67589152604342 60
    endloop
  endfacet
  facet normal 0.9945218942654319 0.10452847376048861 0
    outer loop
      vertex -66.07802638411522 76.8319320678711 2
      vertex -66.07802638411522 76.8319320678711 60
      vertex -66.06162586063147 76.67589152604342 2
    endloop
  endfacet
  facet normal 0.9876883405604088 0.15643446525950055 0
    outer loop
      vertex -66.07802638411522 76.8319320678711 2
      vertex -66.24993965029716 77.91734971106052 2
      vertex -66.24993965029716 77.91734971106052 60
    endloop
  endfacet
  facet normal 0.9781475988388045 0.20791169973303814 0
    outer loop
      vertex -66.24993965029716 77.91734971106052 2
      vertex -66.28256103396416 78.0708212479949 2
      vertex -66.28256103396416 78.0708212479949 60
    endloop
  endfacet
  facet normal 0.9659258279546319 0.25881903888655244 0
    outer loop
      vertex -66.28256103396416 78.0708212479949 2
      vertex -66.56698954105377 79.1323229148984 2
      vertex -66.56698954105377 79.1323229148984 60
    endloop
  endfacet
  facet normal 0.9510565078111152 0.3090170204861316 0
    outer loop
      vertex -66.56698954105377 79.1323229148984 2
      vertex -66.61547441035509 79.2815439850092 2
      vertex -66.61547441035509 79.2815439850092 60
    endloop
  endfacet
  facet normal 0.9426414962864854 0.33380684456549964 0
    outer loop
      vertex -66.7229304164648 79.57294901460409 2
      vertex -66.7229304164648 79.57294901460409 60
      vertex -66.67050216346979 79.42489618808031 2
    endloop
  endfacet
  facet normal 0.9659258237320325 0.25881905464550803 0
    outer loop
      vertex -66.7229304164648 79.57294901460409 2
      vertex -66.8042036741972 79.87626492977142 2
      vertex -66.8042036741972 79.87626492977142 60
    endloop
  endfacet
  facet normal 0.933580430827447 0.3583679382646259 0
    outer loop
      vertex -66.61547441035509 79.2815439850092 2
      vertex -66.67050216346979 79.42489618808031 2
      vertex -66.67050216346979 79.42489618808031 60
    endloop
  endfacet
  facet normal 0.987688339687025 0.15643447077382908 0
    outer loop
      vertex -66.8042036741972 79.87626492977142 2
      vertex -66.85332655906677 80.18641460686922 2
      vertex -66.85332655906677 80.18641460686922 60
    endloop
  endfacet
  facet normal 0.998629535121208 0.052335949247149044 0
    outer loop
      vertex -66.85332655906677 80.18641460686922 2
      vertex -66.86976087093353 80.5 2
      vertex -66.86976087093353 80.5 60
    endloop
  endfacet
  facet normal 0.998629535121208 -0.052335949247149044 0
    outer loop
      vertex -66.86976087093353 80.5 2
      vertex -66.85332655906677 80.81358539313078 2
      vertex -66.85332655906677 80.81358539313078 60
    endloop
  endfacet
  facet normal 0.987688339687025 -0.15643447077382908 0
    outer loop
      vertex -66.85332655906677 80.81358539313078 2
      vertex -66.8042036741972 81.12373507022858 2
      vertex -66.8042036741972 81.12373507022858 60
    endloop
  endfacet
  facet normal 0.9659258237320325 -0.25881905464550803 0
    outer loop
      vertex -66.8042036741972 81.12373507022858 2
      vertex -66.7229304164648 81.42705098539591 2
      vertex -66.7229304164648 81.42705098539591 60
    endloop
  endfacet
  facet normal 0.9335804259992488 -0.358367950842512 0
    outer loop
      vertex -66.7229304164648 81.42705098539591 2
      vertex -66.61039724200964 81.7202099263668 2
      vertex -66.61039724200964 81.7202099263668 60
    endloop
  endfacet
  facet normal 0.8910065259684402 -0.45399049624595805 0
    outer loop
      vertex -66.61039724200964 81.7202099263668 2
      vertex -66.46783708035946 82 2
      vertex -66.46783708035946 82 60
    endloop
  endfacet
  facet normal 0.8386705716328138 -0.5446390293369446 0
    outer loop
      vertex -66.46783708035946 82 2
      vertex -66.29681185632944 82.26335575431585 2
      vertex -66.29681185632944 82.26335575431585 60
    endloop
  endfacet
  facet normal 0.7771459578667895 -0.629320395483342 0
    outer loop
      vertex -66.29681185632944 82.26335575431585 2
      vertex -66.09919534623623 82.50739181786776 2
      vertex -66.09919534623623 82.50739181786776 60
    endloop
  endfacet
  facet normal 0.7071067811865476 -0.7071067811865476 0
    outer loop
      vertex -66.09919534623623 82.50739181786776 2
      vertex -65.87715268880129 82.7294344753027 2
      vertex -65.87715268880129 82.7294344753027 60
    endloop
  endfacet
  facet normal 0.629320395483342 -0.7771459578667895 0
    outer loop
      vertex -65.87715268880129 82.7294344753027 2
      vertex -65.63311662524939 82.92705098539591 2
      vertex -65.63311662524939 82.92705098539591 60
    endloop
  endfacet
  facet normal 0.5446390293369446 -0.8386705716328138 0
    outer loop
      vertex -65.63311662524939 82.92705098539591 2
      vertex -65.36976087093353 83.09807620942593 2
      vertex -65.36976087093353 83.09807620942593 60
    endloop
  endfacet
  facet normal 0.45399049624595805 -0.8910065259684402 0
    outer loop
      vertex -65.36976087093353 83.09807620942593 2
      vertex -65.08997079730034 83.2406363710761 2
      vertex -65.08997079730034 83.2406363710761 60
    endloop
  endfacet
  facet normal 0.358367950842512 -0.9335804259992488 0
    outer loop
      vertex -65.08997079730034 83.2406363710761 2
      vertex -64.79681185632944 83.35316954553127 2
      vertex -64.79681185632944 83.35316954553127 60
    endloop
  endfacet
  facet normal 0.25881905464550803 -0.9659258237320325 0
    outer loop
      vertex -64.79681185632944 83.35316954553127 2
      vertex -64.49349594116211 83.43444280326366 2
      vertex -64.49349594116211 83.43444280326366 60
    endloop
  endfacet
  facet normal 0.15643447077382908 -0.987688339687025 0
    outer loop
      vertex -64.49349594116211 83.43444280326366 2
      vertex -64.18334626406431 83.48356568813324 2
      vertex -64.18334626406431 83.48356568813324 60
    endloop
  endfacet
  facet normal 0.052335949247149044 -0.998629535121208 0
    outer loop
      vertex -64.18334626406431 83.48356568813324 2
      vertex -63.86976087093353 83.5 2
      vertex -63.86976087093353 83.5 60
    endloop
  endfacet
  facet normal 0.629320391049847 0.7771459614569629 0
    outer loop
      vertex -80.84380507702515 72.34163449172108 9.99
      vertex -80.84380507702515 72.34163449172108 60
      vertex -80.49808732224301 72.06167777390647 9.99
    endloop
  endfacet
  facet normal 0.5446390350150269 0.8386705679454243 0
    outer loop
      vertex -80.125 71.81939203391613 9.99
      vertex -80.49808732224301 72.06167777390647 9.99
      vertex -80.49808732224301 72.06167777390647 60
    endloop
  endfacet
  facet normal 0.7071067811865476 0.7071067811865476 0
    outer loop
      vertex -81.15836550827892 72.65619492297485 9.99
      vertex -81.15836550827892 72.65619492297485 60
      vertex -80.84380507702515 72.34163449172108 9.99
    endloop
  endfacet
  facet normal 0.7771459614569629 0.629320391049847 0
    outer loop
      vertex -81.43832222609353 73.00191267775699 9.99
      vertex -81.43832222609353 73.00191267775699 60
      vertex -81.15836550827892 72.65619492297485 9.99
    endloop
  endfacet
  facet normal 0.8386705679454243 0.5446390350150269 0
    outer loop
      vertex -81.43832222609353 73.00191267775699 9.99
      vertex -81.68060796608387 73.375 9.99
      vertex -81.68060796608387 73.375 60
    endloop
  endfacet
  facet normal 0.8910065241883779 0.453990499739527 0
    outer loop
      vertex -81.68060796608387 73.375 9.99
      vertex -81.88256819498105 73.77136926692785 9.99
      vertex -81.88256819498105 73.77136926692785 60
    endloop
  endfacet
  facet normal 0.9335804264972004 0.35836794954530393 0
    outer loop
      vertex -81.88256819498105 73.77136926692785 9.99
      vertex -82.0419901942544 74.18667777390647 9.99
      vertex -82.0419901942544 74.18667777390647 60
    endloop
  endfacet
  facet normal 0.9659258262890673 0.2588190451025243 0
    outer loop
      vertex -82.0419901942544 74.18667777390647 9.99
      vertex -82.15712730311867 74.61637531402452 9.99
      vertex -82.15712730311867 74.61637531402452 60
    endloop
  endfacet
  facet normal 0.9876883405951369 0.15643446504023617 0
    outer loop
      vertex -82.15712730311867 74.61637531402452 9.99
      vertex -82.22671805531516 75.05575403111247 9.99
      vertex -82.22671805531516 75.05575403111247 60
    endloop
  endfacet
  facet normal 0.9986295347545736 0.05233595624294645 0
    outer loop
      vertex -82.22671805531516 75.05575403111247 9.99
      vertex -82.25 75.5 9.99
      vertex -82.25 75.5 60
    endloop
  endfacet
  facet normal 0.9986295347545736 -0.05233595624294645 0
    outer loop
      vertex -82.25 75.5 9.99
      vertex -82.22671805531516 75.94424596888753 9.99
      vertex -82.22671805531516 75.94424596888753 60
    endloop
  endfacet
  facet normal 0.9876883405951369 -0.15643446504023617 0
    outer loop
      vertex -82.22671805531516 75.94424596888753 9.99
      vertex -82.15712730311867 76.38362468597548 9.99
      vertex -82.15712730311867 76.38362468597548 60
    endloop
  endfacet
  facet normal 0.453990499739527 0.8910065241883779 0
    outer loop
      vertex -80.125 71.81939203391613 9.99
      vertex -80.125 71.81939203391613 60
      vertex -79.72863073307215 71.61743180501895 9.99
    endloop
  endfacet
  facet normal 0.35836794954530393 0.9335804264972004 0
    outer loop
      vertex -79.72863073307215 71.61743180501895 9.99
      vertex -79.72863073307215 71.61743180501895 60
      vertex -79.31332222609353 71.4580098057456 9.99
    endloop
  endfacet
  facet normal 0.2588190451025243 0.9659258262890673 0
    outer loop
      vertex -79.31332222609353 71.4580098057456 9.99
      vertex -79.31332222609353 71.4580098057456 60
      vertex -78.88362468597548 71.34287269688133 9.99
    endloop
  endfacet
  facet normal 0.15643446504023617 0.9876883405951369 0
    outer loop
      vertex -78.88362468597548 71.34287269688133 9.99
      vertex -78.88362468597548 71.34287269688133 60
      vertex -78.44424596888753 71.27328194468484 9.99
    endloop
  endfacet
  facet normal 0.05233595624294645 0.9986295347545736 0
    outer loop
      vertex -78 71.25 9.99
      vertex -78.44424596888753 71.27328194468484 9.99
      vertex -78.44424596888753 71.27328194468484 60
    endloop
  endfacet
  facet normal -0.05233595624294645 0.9986295347545736 0
    outer loop
      vertex -78 71.25 9.99
      vertex -78 71.25 60
      vertex -77.55575403111247 71.27328194468484 9.99
    endloop
  endfacet
  facet normal -0.15643446504023617 0.9876883405951369 0
    outer loop
      vertex -77.55575403111247 71.27328194468484 9.99
      vertex -77.55575403111247 71.27328194468484 60
      vertex -77.11637531402452 71.34287269688133 9.99
    endloop
  endfacet
  facet normal -0.2588190451025243 0.9659258262890673 0
    outer loop
      vertex -77.11637531402452 71.34287269688133 9.99
      vertex -77.11637531402452 71.34287269688133 60
      vertex -76.68667777390647 71.4580098057456 9.99
    endloop
  endfacet
  facet normal 0.9659258262890673 -0.2588190451025243 0
    outer loop
      vertex -82.15712730311867 76.38362468597548 9.99
      vertex -82.0419901942544 76.81332222609353 9.99
      vertex -82.0419901942544 76.81332222609353 60
    endloop
  endfacet
  facet normal 0.9335804264972004 -0.35836794954530393 0
    outer loop
      vertex -82.0419901942544 76.81332222609353 9.99
      vertex -81.88256819498105 77.22863073307215 9.99
      vertex -81.88256819498105 77.22863073307215 60
    endloop
  endfacet
  facet normal 0.8910065241883779 -0.453990499739527 0
    outer loop
      vertex -81.88256819498105 77.22863073307215 9.99
      vertex -81.68060796608387 77.625 9.99
      vertex -81.68060796608387 77.625 60
    endloop
  endfacet
  facet normal 0.8386705679454243 -0.5446390350150269 0
    outer loop
      vertex -81.68060796608387 77.625 9.99
      vertex -81.43832222609353 77.99808732224301 9.99
      vertex -81.43832222609353 77.99808732224301 60
    endloop
  endfacet
  facet normal 0.7771459614569629 -0.629320391049847 0
    outer loop
      vertex -81.43832222609353 77.99808732224301 9.99
      vertex -81.15836550827892 78.34380507702515 9.99
      vertex -81.15836550827892 78.34380507702515 60
    endloop
  endfacet
  facet normal 0.7071067811865476 -0.7071067811865476 0
    outer loop
      vertex -81.15836550827892 78.34380507702515 9.99
      vertex -80.84380507702515 78.65836550827892 9.99
      vertex -80.84380507702515 78.65836550827892 60
    endloop
  endfacet
  facet normal 0.629320391049847 -0.7771459614569629 0
    outer loop
      vertex -80.84380507702515 78.65836550827892 9.99
      vertex -80.49808732224301 78.93832222609353 9.99
      vertex -80.49808732224301 78.93832222609353 60
    endloop
  endfacet
  facet normal 0.5446390350150269 -0.8386705679454243 0
    outer loop
      vertex -80.49808732224301 78.93832222609353 9.99
      vertex -80.125 79.18060796608387 9.99
      vertex -80.125 79.18060796608387 60
    endloop
  endfacet
  facet normal 0.453990499739527 -0.8910065241883779 0
    outer loop
      vertex -80.125 79.18060796608387 9.99
      vertex -79.72863073307215 79.38256819498105 9.99
      vertex -79.72863073307215 79.38256819498105 60
    endloop
  endfacet
  facet normal 0.35836794954530393 -0.9335804264972004 0
    outer loop
      vertex -79.72863073307215 79.38256819498105 9.99
      vertex -79.31332222609353 79.5419901942544 9.99
      vertex -79.31332222609353 79.5419901942544 60
    endloop
  endfacet
  facet normal 0.2588190451025243 -0.9659258262890673 0
    outer loop
      vertex -79.31332222609353 79.5419901942544 9.99
      vertex -78.88362468597548 79.65712730311867 9.99
      vertex -78.88362468597548 79.65712730311867 60
    endloop
  endfacet
  facet normal 0.15643446504023617 -0.9876883405951369 0
    outer loop
      vertex -78.88362468597548 79.65712730311867 9.99
      vertex -78.44424596888753 79.72671805531516 9.99
      vertex -78.44424596888753 79.72671805531516 60
    endloop
  endfacet
  facet normal 0.05233595624294645 -0.9986295347545736 0
    outer loop
      vertex -78.44424596888753 79.72671805531516 9.99
      vertex -78 79.75 9.99
      vertex -78 79.75 60
    endloop
  endfacet
  facet normal -0.05233595624294645 -0.9986295347545736 0
    outer loop
      vertex -78 79.75 9.99
      vertex -77.55575403111247 79.72671805531516 9.99
      vertex -77.55575403111247 79.72671805531516 60
    endloop
  endfacet
  facet normal -0.15643446504023617 -0.9876883405951369 0
    outer loop
      vertex -77.55575403111247 79.72671805531516 9.99
      vertex -77.11637531402452 79.65712730311867 9.99
      vertex -77.11637531402452 79.65712730311867 60
    endloop
  endfacet
  facet normal -0.35836794954530393 0.9335804264972004 0
    outer loop
      vertex -76.68667777390647 71.4580098057456 9.99
      vertex -76.68667777390647 71.4580098057456 60
      vertex -76.27136926692785 71.61743180501895 9.99
    endloop
  endfacet
  facet normal -0.453990499739527 0.8910065241883779 0
    outer loop
      vertex -76.27136926692785 71.61743180501895 9.99
      vertex -76.27136926692785 71.61743180501895 60
      vertex -75.875 71.81939203391613 9.99
    endloop
  endfacet
  facet normal -0.5446390350150269 0.8386705679454243 0
    outer loop
      vertex -75.875 71.81939203391613 9.99
      vertex -75.875 71.81939203391613 60
      vertex -75.50191267775699 72.06167777390647 9.99
    endloop
  endfacet
  facet normal -0.629320391049847 0.7771459614569629 0
    outer loop
      vertex -75.50191267775699 72.06167777390647 9.99
      vertex -75.50191267775699 72.06167777390647 60
      vertex -75.15619492297485 72.34163449172108 9.99
    endloop
  endfacet
  facet normal -0.7071067811865476 0.7071067811865476 0
    outer loop
      vertex -75.15619492297485 72.34163449172108 9.99
      vertex -75.15619492297485 72.34163449172108 60
      vertex -74.84163449172108 72.65619492297485 9.99
    endloop
  endfacet
  facet normal -0.7771459614569629 0.629320391049847 0
    outer loop
      vertex -74.84163449172108 72.65619492297485 9.99
      vertex -74.84163449172108 72.65619492297485 60
      vertex -74.56167777390647 73.00191267775699 9.99
    endloop
  endfacet
  facet normal -0.8386705679454243 0.5446390350150269 0
    outer loop
      vertex -74.56167777390647 73.00191267775699 9.99
      vertex -74.56167777390647 73.00191267775699 60
      vertex -74.31939203391613 73.375 9.99
    endloop
  endfacet
  facet normal -0.8910065241883779 0.453990499739527 0
    outer loop
      vertex -74.31939203391613 73.375 9.99
      vertex -74.31939203391613 73.375 60
      vertex -74.11743180501895 73.77136926692785 9.99
    endloop
  endfacet
  facet normal -0.9335804264972004 0.35836794954530393 0
    outer loop
      vertex -74.11743180501895 73.77136926692785 9.99
      vertex -74.11743180501895 73.77136926692785 60
      vertex -73.9580098057456 74.18667777390647 9.99
    endloop
  endfacet
  facet normal -0.9659258262890673 0.2588190451025243 0
    outer loop
      vertex -73.9580098057456 74.18667777390647 9.99
      vertex -73.9580098057456 74.18667777390647 60
      vertex -73.84287269688133 74.61637531402452 9.99
    endloop
  endfacet
  facet normal -0.9876883405951369 0.15643446504023617 0
    outer loop
      vertex -73.84287269688133 74.61637531402452 9.99
      vertex -73.84287269688133 74.61637531402452 60
      vertex -73.77328194468484 75.05575403111247 9.99
    endloop
  endfacet
  facet normal -0.9986295347545736 0.05233595624294645 0
    outer loop
      vertex -73.77328194468484 75.05575403111247 9.99
      vertex -73.77328194468484 75.05575403111247 60
      vertex -73.75 75.5 9.99
    endloop
  endfacet
  facet normal -0.9986295347545736 -0.05233595624294645 0
    outer loop
      vertex -73.75 75.5 9.99
      vertex -73.75 75.5 60
      vertex -73.77328194468484 75.94424596888753 9.99
    endloop
  endfacet
  facet normal -0.9876883405951369 -0.15643446504023617 0
    outer loop
      vertex -73.77328194468484 75.94424596888753 9.99
      vertex -73.77328194468484 75.94424596888753 60
      vertex -73.84287269688133 76.38362468597548 9.99
    endloop
  endfacet
  facet normal -0.9659258262890673 -0.2588190451025243 0
    outer loop
      vertex -73.84287269688133 76.38362468597548 9.99
      vertex -73.84287269688133 76.38362468597548 60
      vertex -73.9580098057456 76.81332222609353 9.99
    endloop
  endfacet
  facet normal -0.453990499739527 -0.8910065241883779 0
    outer loop
      vertex -75.875 79.18060796608387 9.99
      vertex -75.875 79.18060796608387 60
      vertex -76.27136926692785 79.38256819498105 9.99
    endloop
  endfacet
  facet normal -0.629320391049847 -0.7771459614569629 0
    outer loop
      vertex -75.50191267775699 78.93832222609353 9.99
      vertex -75.15619492297485 78.65836550827892 9.99
      vertex -75.15619492297485 78.65836550827892 60
    endloop
  endfacet
  facet normal -0.5446390350150269 -0.8386705679454243 0
    outer loop
      vertex -75.875 79.18060796608387 9.99
      vertex -75.50191267775699 78.93832222609353 9.99
      vertex -75.50191267775699 78.93832222609353 60
    endloop
  endfacet
  facet normal -0.9335804264972004 -0.35836794954530393 0
    outer loop
      vertex -74.11743180501895 77.22863073307215 9.99
      vertex -73.9580098057456 76.81332222609353 9.99
      vertex -73.9580098057456 76.81332222609353 60
    endloop
  endfacet
  facet normal -0.8910065241883779 -0.453990499739527 0
    outer loop
      vertex -74.11743180501895 77.22863073307215 9.99
      vertex -74.11743180501895 77.22863073307215 60
      vertex -74.31939203391613 77.625 9.99
    endloop
  endfacet
  facet normal -0.8386705679454243 -0.5446390350150269 0
    outer loop
      vertex -74.56167777390647 77.99808732224301 9.99
      vertex -74.31939203391613 77.625 9.99
      vertex -74.31939203391613 77.625 60
    endloop
  endfacet
  facet normal -0.7071067811865476 -0.7071067811865476 0
    outer loop
      vertex -75.15619492297485 78.65836550827892 9.99
      vertex -74.84163449172108 78.34380507702515 9.99
      vertex -74.84163449172108 78.34380507702515 60
    endloop
  endfacet
  facet normal -0.7771459614569629 -0.629320391049847 0
    outer loop
      vertex -74.84163449172108 78.34380507702515 9.99
      vertex -74.56167777390647 77.99808732224301 9.99
      vertex -74.56167777390647 77.99808732224301 60
    endloop
  endfacet
  facet normal -0.2588190451025243 -0.9659258262890673 0
    outer loop
      vertex -77.11637531402452 79.65712730311867 9.99
      vertex -76.68667777390647 79.5419901942544 9.99
      vertex -76.68667777390647 79.5419901942544 60
    endloop
  endfacet
  facet normal -0.35836794954530393 -0.9335804264972004 0
    outer loop
      vertex -76.68667777390647 79.5419901942544 9.99
      vertex -76.27136926692785 79.38256819498105 9.99
      vertex -76.27136926692785 79.38256819498105 60
    endloop
  endfacet
  facet normal 0 0 -1
    outer loop
      vertex -74.03431773001095 66.59293178798464 0
      vertex -73.125 67.05625231310172 0
      vertex 69.09293178798464 -71.53431773001095 0
    endloop
  endfacet
  facet normal 0 0 1
    outer loop
      vertex -75.5826502814889 -63.749939650297165 2
      vertex 66.07802638411522 74.16806792467833 2
      vertex -67.65048070251942 69.43411602079868 2
    endloop
  endfacet
  facet normal 0 0 -1
    outer loop
      vertex 73.125 -67.05625231310172 0
      vertex -73.125 67.05625231310172 0
      vertex -72.26909379014839 67.61208430484426 0
    endloop
  endfacet
  facet normal 0 0 -1
    outer loop
      vertex 73.125 -67.05625231310172 0
      vertex -72.26909379014839 67.61208430484426 0
      vertex -71.47597658800113 68.2543379515954 0
    endloop
  endfacet
  facet normal 0 0 -1
    outer loop
      vertex 73.125 -67.05625231310172 0
      vertex -71.47597658800113 68.2543379515954 0
      vertex -70.7543379515954 68.97597658800113 0
    endloop
  endfacet
  facet normal 0 0 -1
    outer loop
      vertex 73.125 -67.05625231310172 0
      vertex -70.7543379515954 68.97597658800113 0
      vertex -70.11208430484426 69.76909379014839 0
    endloop
  endfacet
  facet normal 0 0 -1
    outer loop
      vertex 73.125 -67.05625231310172 0
      vertex -70.11208430484426 69.76909379014839 0
      vertex -69.55625231310172 70.625 0
    endloop
  endfacet
  facet normal 0 0 -1
    outer loop
      vertex 73.125 -67.05625231310172 0
      vertex -69.55625231310172 70.625 0
      vertex -69.09293178798464 71.53431773001095 0
    endloop
  endfacet
  facet normal 0 0 -1
    outer loop
      vertex 69.09293178798464 79.46568226998905 0
      vertex -71.47597658800113 82.7456620484046 0
      vertex -72.26909379014839 83.38791569515574 0
    endloop
  endfacet
  facet normal 0 0 -1
    outer loop
      vertex 69.09293178798464 79.46568226998905 0
      vertex -75.97286101452684 85.03693910715461 0
      vertex -76.98084748314038 85.19658847984067 0
    endloop
  endfacet
  facet normal 0 0 -1
    outer loop
      vertex -88.45886895060539 85.51478363573551 0
      vertex 75.97286101452684 85.03693910715461 0
      vertex -78 85.25 0
    endloop
  endfacet
  facet normal 0 0 -1
    outer loop
      vertex -88.45886895060539 85.51478363573551 0
      vertex -88.01478363573551 85.95886895060539 0
      vertex 87 86.69615242630243 0
    endloop
  endfacet
  facet normal 0 0 -1
    outer loop
      vertex -88.01478363573551 85.95886895060539 0
      vertex -87.52671151608229 86.35410196334124 0
      vertex 86.44041986018419 86.98127274215221 0
    endloop
  endfacet
  facet normal 0 0 -1
    outer loop
      vertex -87.52671151608229 86.35410196334124 0
      vertex -87 86.69615242630243 0
      vertex 85.85410196334124 87.20633909851313 0
    endloop
  endfacet
  facet normal 0 0 -1
    outer loop
      vertex -87 86.69615242630243 0
      vertex -86.44041986018419 86.98127274215221 0
      vertex 85.24747014790773 87.36888560652733 0
    endloop
  endfacet
  facet normal 0 0 -1
    outer loop
      vertex -86.44041986018419 86.98127274215221 0
      vertex -85.85410196334124 87.20633909851313 0
      vertex 84.62717077881098 87.4671313688159 0
    endloop
  endfacet
  facet normal 0 0 -1
    outer loop
      vertex -85.85410196334124 87.20633909851313 0
      vertex -85.24747014790773 87.36888560652733 0
      vertex 84 87.5 0
    endloop
  endfacet
  facet normal 0 0 -1
    outer loop
      vertex -85.24747014790773 87.36888560652733 0
      vertex -84 87.5 0
      vertex 84 87.5 0
    endloop
  endfacet
  facet normal 0 1 0
    outer loop
      vertex -84 87.5 0
      vertex -84 87.5 2
      vertex 84 87.5 2
    endloop
  endfacet
  facet normal 0 0 -1
    outer loop
      vertex 69.09293178798464 79.46568226998905 0
      vertex -74.98708430484426 84.77280103387774 0
      vertex -75.97286101452684 85.03693910715461 0
    endloop
  endfacet
  facet normal 0 0 -1
    outer loop
      vertex 69.09293178798464 79.46568226998905 0
      vertex -74.03431773001095 84.40706821201536 0
      vertex -74.98708430484426 84.77280103387774 0
    endloop
  endfacet
  facet normal 0 0 -1
    outer loop
      vertex 69.09293178798464 79.46568226998905 0
      vertex -73.125 83.94374768689828 0
      vertex -74.03431773001095 84.40706821201536 0
    endloop
  endfacet
  facet normal 0 0 -1
    outer loop
      vertex 69.09293178798464 79.46568226998905 0
      vertex -72.26909379014839 83.38791569515574 0
      vertex -73.125 83.94374768689828 0
    endloop
  endfacet
  facet normal 0 0 -1
    outer loop
      vertex -76.98084748314038 85.19658847984067 0
      vertex -78 85.25 0
      vertex 75.97286101452684 85.03693910715461 0
    endloop
  endfacet
  facet normal 0 0 -1
    outer loop
      vertex -68.72719896612226 72.48708430484426 0
      vertex 69.09293178798464 71.53431773001095 0
      vertex -69.09293178798464 71.53431773001095 0
    endloop
  endfacet
  facet normal 0 0 -1
    outer loop
      vertex -68.46306089284539 73.47286101452684 0
      vertex 68.72719896612226 72.48708430484426 0
      vertex -68.72719896612226 72.48708430484426 0
    endloop
  endfacet
  facet normal 0 0 -1
    outer loop
      vertex -68.30341152015933 74.48084748314038 0
      vertex 68.46306089284539 73.47286101452684 0
      vertex -68.46306089284539 73.47286101452684 0
    endloop
  endfacet
  facet normal 0 0 -1
    outer loop
      vertex -68.30341152015933 74.48084748314038 0
      vertex -68.25 75.5 0
      vertex 68.30341152015933 74.48084748314038 0
    endloop
  endfacet
  facet normal 0 0 -1
    outer loop
      vertex -68.30341152015933 76.51915251685962 0
      vertex 68.25 75.5 0
      vertex -68.25 75.5 0
    endloop
  endfacet
  facet normal 0 0 1
    outer loop
      vertex -67.65048070251942 69.43411602079868 2
      vertex 66.20119874179363 82.3879611864686 2
      vertex -67.57203072309494 69.56999537348747 2
    endloop
  endfacet
  facet normal 0 0 1
    outer loop
      vertex -67.57203072309494 69.56999537348747 2
      vertex 66.20119874179363 82.3879611864686 2
      vertex -67.07311893254519 70.54916489869356 2
    endloop
  endfacet
  facet normal 0 0 1
    outer loop
      vertex -67.07311893254519 70.54916489869356 2
      vertex 66.20119874179363 82.3879611864686 2
      vertex -67.00930196791887 70.69250015169382 2
    endloop
  endfacet
  facet normal 0 0 1
    outer loop
      vertex -67.00930196791887 70.69250015169382 2
      vertex 66.20119874179363 82.3879611864686 2
      vertex -66.61547438800335 71.71845606714487 2
    endloop
  endfacet
  facet normal 0 0 1
    outer loop
      vertex -66.61547438800335 71.71845606714487 2
      vertex 66.20119874179363 82.3879611864686 2
      vertex -66.56698954850435 71.86767706274986 2
    endloop
  endfacet
  facet normal 0 0 1
    outer loop
      vertex -66.56698954850435 71.86767706274986 2
      vertex 66.20119874179363 82.3879611864686 2
      vertex -66.28256103396416 72.92917874455452 2
    endloop
  endfacet
  facet normal 0 0 1
    outer loop
      vertex -66.28256103396416 72.92917874455452 2
      vertex 66.20119874179363 82.3879611864686 2
      vertex -66.24993965029716 73.0826502814889 2
    endloop
  endfacet
  facet normal 0 0 1
    outer loop
      vertex -66.24993965029716 73.0826502814889 2
      vertex 66.20119874179363 82.3879611864686 2
      vertex -66.07802639901638 74.16806780546904 2
    endloop
  endfacet
  facet normal 0 0 -1
    outer loop
      vertex -68.72719896612226 78.51291569515574 0
      vertex 68.46306089284539 77.52713898547316 0
      vertex -68.46306089284539 77.52713898547316 0
    endloop
  endfacet
  facet normal 0 0 -1
    outer loop
      vertex -69.09293178798464 79.46568226998905 0
      vertex 68.72719896612226 78.51291569515574 0
      vertex -68.72719896612226 78.51291569515574 0
    endloop
  endfacet
  facet normal 0 0 -1
    outer loop
      vertex -68.46306089284539 77.52713898547316 0
      vertex 68.30341152015933 76.51915251685962 0
      vertex -68.30341152015933 76.51915251685962 0
    endloop
  endfacet
  facet normal 0 0 -1
    outer loop
      vertex 69.09293178798464 79.46568226998905 0
      vertex -69.09293178798464 79.46568226998905 0
      vertex -69.55625231310172 80.375 0
    endloop
  endfacet
  facet normal 0 0 -1
    outer loop
      vertex 69.09293178798464 79.46568226998905 0
      vertex -69.55625231310172 80.375 0
      vertex -70.11208430484426 81.23090620985161 0
    endloop
  endfacet
  facet normal 0 0 -1
    outer loop
      vertex 69.09293178798464 79.46568226998905 0
      vertex -70.11208430484426 81.23090620985161 0
      vertex -70.7543379515954 82.02402341199887 0
    endloop
  endfacet
  facet normal 0 0 -1
    outer loop
      vertex 69.09293178798464 79.46568226998905 0
      vertex -70.7543379515954 82.02402341199887 0
      vertex -71.47597658800113 82.7456620484046 0
    endloop
  endfacet
  facet normal 0 0 1
    outer loop
      vertex -66.07802639901638 74.16806780546904 2
      vertex 66.20119874179363 82.3879611864686 2
      vertex -66.06162585318089 74.3241085857153 2
    endloop
  endfacet
  facet normal 0 0 1
    outer loop
      vertex -66.06162585318089 74.3241085857153 2
      vertex 66.20119874179363 82.3879611864686 2
      vertex -66.00411139428616 75.4215499162674 2
    endloop
  endfacet
  facet normal 0 0 1
    outer loop
      vertex -66.00411139428616 75.4215499162674 2
      vertex 66.20119874179363 82.3879611864686 2
      vertex -66.00411139428616 75.57845007628202 2
    endloop
  endfacet
  facet normal 0 0 1
    outer loop
      vertex -66.00411139428616 75.57845007628202 2
      vertex 66.20119874179363 82.3879611864686 2
      vertex -66.06162586063147 76.67589152604342 2
    endloop
  endfacet
  facet normal 0 0 1
    outer loop
      vertex -66.07802638411522 76.8319320678711 2
      vertex -66.06162586063147 76.67589152604342 2
      vertex 66.20119874179363 82.3879611864686 2
    endloop
  endfacet
  facet normal 0 0 1
    outer loop
      vertex -66.07802638411522 76.8319320678711 2
      vertex 66.20119874179363 82.3879611864686 2
      vertex -66.24993965029716 77.91734971106052 2
    endloop
  endfacet
  facet normal 0 0 1
    outer loop
      vertex -66.24993965029716 77.91734971106052 2
      vertex 66.20119874179363 82.3879611864686 2
      vertex -66.28256103396416 78.0708212479949 2
    endloop
  endfacet
  facet normal 0 0 1
    outer loop
      vertex -66.28256103396416 78.0708212479949 2
      vertex 66.20119874179363 82.3879611864686 2
      vertex -66.56698954105377 79.1323229148984 2
    endloop
  endfacet
  facet normal 0 0 1
    outer loop
      vertex -66.56698954105377 79.1323229148984 2
      vertex 66.20119874179363 82.3879611864686 2
      vertex -66.61547441035509 79.2815439850092 2
    endloop
  endfacet
  facet normal 0 0 1
    outer loop
      vertex -66.7229304164648 79.57294901460409 2
      vertex -66.67050216346979 79.42489618808031 2
      vertex 66.20119874179363 82.3879611864686 2
    endloop
  endfacet
  facet normal 0 0 1
    outer loop
      vertex -66.61547441035509 79.2815439850092 2
      vertex 66.20119874179363 82.3879611864686 2
      vertex -66.67050216346979 79.42489618808031 2
    endloop
  endfacet
  facet normal 0 0 1
    outer loop
      vertex -66.7229304164648 79.57294901460409 2
      vertex 66.20119874179363 82.3879611864686 2
      vertex -66.8042036741972 79.87626492977142 2
    endloop
  endfacet
  facet normal 0 0 1
    outer loop
      vertex -66.8042036741972 79.87626492977142 2
      vertex 66.20119874179363 82.3879611864686 2
      vertex -66.85332655906677 80.18641460686922 2
    endloop
  endfacet
  facet normal 0 0 1
    outer loop
      vertex -66.85332655906677 80.18641460686922 2
      vertex 66.20119874179363 82.3879611864686 2
      vertex -66.86976087093353 80.5 2
    endloop
  endfacet
  facet normal 0 0 1
    outer loop
      vertex -66.86976087093353 80.5 2
      vertex 66.20119874179363 82.3879611864686 2
      vertex -66.85332655906677 80.81358539313078 2
    endloop
  endfacet
  facet normal 0 0 1
    outer loop
      vertex -66.85332655906677 80.81358539313078 2
      vertex 66.20119874179363 82.3879611864686 2
      vertex -66.8042036741972 81.12373507022858 2
    endloop
  endfacet
  facet normal 0 0 1
    outer loop
      vertex -66.8042036741972 81.12373507022858 2
      vertex 66.20119874179363 82.3879611864686 2
      vertex -66.7229304164648 81.42705098539591 2
    endloop
  endfacet
  facet normal 0 0 1
    outer loop
      vertex -66.7229304164648 81.42705098539591 2
      vertex 66.20119874179363 82.3879611864686 2
      vertex -66.61039724200964 81.7202099263668 2
    endloop
  endfacet
  facet normal 0 0 1
    outer loop
      vertex -66.61039724200964 81.7202099263668 2
      vertex 65.50367796421051 83.0160117149353 2
      vertex -66.46783708035946 82 2
    endloop
  endfacet
  facet normal 0 0 1
    outer loop
      vertex -66.46783708035946 82 2
      vertex 65.50367796421051 83.0160117149353 2
      vertex -66.29681185632944 82.26335575431585 2
    endloop
  endfacet
  facet normal 0 0 1
    outer loop
      vertex -66.29681185632944 82.26335575431585 2
      vertex 65.23173235356808 83.17301958054304 2
      vertex -66.09919534623623 82.50739181786776 2
    endloop
  endfacet
  facet normal 0 0 1
    outer loop
      vertex -66.09919534623623 82.50739181786776 2
      vertex 63.86976087093353 83.5 2
      vertex -65.87715268880129 82.7294344753027 2
    endloop
  endfacet
  facet normal 0 0 1
    outer loop
      vertex -65.87715268880129 82.7294344753027 2
      vertex 63.86976087093353 83.5 2
      vertex -65.63311662524939 82.92705098539591 2
    endloop
  endfacet
  facet normal 0 0 1
    outer loop
      vertex -65.63311662524939 82.92705098539591 2
      vertex 63.86976087093353 83.5 2
      vertex -65.36976087093353 83.09807620942593 2
    endloop
  endfacet
  facet normal 0 0 1
    outer loop
      vertex -65.36976087093353 83.09807620942593 2
      vertex 63.86976087093353 83.5 2
      vertex -65.08997079730034 83.2406363710761 2
    endloop
  endfacet
  facet normal 0 0 1
    outer loop
      vertex -65.08997079730034 83.2406363710761 2
      vertex 63.86976087093353 83.5 2
      vertex -64.79681185632944 83.35316954553127 2
    endloop
  endfacet
  facet normal 0 0 1
    outer loop
      vertex -64.79681185632944 83.35316954553127 2
      vertex 63.86976087093353 83.5 2
      vertex -64.49349594116211 83.43444280326366 2
    endloop
  endfacet
  facet normal 0 0 1
    outer loop
      vertex -64.49349594116211 83.43444280326366 2
      vertex 63.86976087093353 83.5 2
      vertex -64.18334626406431 83.48356568813324 2
    endloop
  endfacet
  facet normal 0 0 1
    outer loop
      vertex -64.18334626406431 83.48356568813324 2
      vertex 63.86976087093353 83.5 2
      vertex -63.86976087093353 83.5 2
    endloop
  endfacet
  facet normal 0 -1 0
    outer loop
      vertex -80 64.5 2
      vertex -80 64.5 60
      vertex -90 64.5 60
    endloop
  endfacet
  facet normal -0.15643446879228132 -0.9876883400008715 0
    outer loop
      vertex -79.33193218708038 63.57802639901638 60
      vertex -80 63.683837948266024 60
      vertex -80 63.683837948266024 2
    endloop
  endfacet
  facet normal -1 0 0
    outer loop
      vertex -80 63.683837948266024 2
      vertex -80 63.683837948266024 60
      vertex -80 64.5 60
    endloop
  endfacet
  facet normal -0.1045284566956052 -0.9945218960590235 0
    outer loop
      vertex -79.33193218708038 63.57802639901638 2
      vertex -79.17589140683413 63.561625853180885 60
      vertex -79.33193218708038 63.57802639901638 60
    endloop
  endfacet
  facet normal -0.05233595249243526 -0.9986295349511297 0
    outer loop
      vertex -79.17589140683413 63.561625853180885 2
      vertex -78.07845007628202 63.504111394286156 60
      vertex -79.17589140683413 63.561625853180885 60
    endloop
  endfacet
  facet normal 0 -1 0
    outer loop
      vertex -78.07845007628202 63.504111394286156 2
      vertex -77.92154992371798 63.504111394286156 60
      vertex -78.07845007628202 63.504111394286156 60
    endloop
  endfacet
  facet normal 0.0523359532298615 -0.9986295349124829 0
    outer loop
      vertex -77.92154992371798 63.504111394286156 2
      vertex -76.824108466506 63.561625860631466 60
      vertex -77.92154992371798 63.504111394286156 60
    endloop
  endfacet
  facet normal 0.10452847376048861 -0.9945218942654319 0
    outer loop
      vertex -76.824108466506 63.561625860631466 2
      vertex -76.66806792467833 63.57802638411522 60
      vertex -76.824108466506 63.561625860631466 60
    endloop
  endfacet
  facet normal 0.15643446525950055 -0.9876883405604088 0
    outer loop
      vertex -76.66806792467833 63.57802638411522 2
      vertex -75.5826502814889 63.749939650297165 60
      vertex -76.66806792467833 63.57802638411522 60
    endloop
  endfacet
  facet normal 0.20791169973303814 -0.9781475988388045 0
    outer loop
      vertex -75.5826502814889 63.749939650297165 2
      vertex -75.42917874455452 63.78256103396416 60
      vertex -75.5826502814889 63.749939650297165 60
    endloop
  endfacet
  facet normal 0.25881903888655244 -0.9659258279546319 0
    outer loop
      vertex -75.42917874455452 63.78256103396416 2
      vertex -74.36767707765102 64.06698954105377 60
      vertex -75.42917874455452 63.78256103396416 60
    endloop
  endfacet
  facet normal 0.30901699149037953 -0.9510565172324066 0
    outer loop
      vertex -74.36767707765102 64.06698954105377 2
      vertex -74.2184560149908 64.11547440290451 60
      vertex -74.36767707765102 64.06698954105377 60
    endloop
  endfacet
  facet normal 0.35836795142435096 -0.9335804257759017 0
    outer loop
      vertex -74.2184560149908 64.11547440290451 2
      vertex -73.1925001963973 64.50930194556713 60
      vertex -74.2184560149908 64.11547440290451 60
    endloop
  endfacet
  facet normal 0.4067366474539906 -0.913545455693305 0
    outer loop
      vertex -73.1925001963973 64.50930194556713 2
      vertex -73.04916489869356 64.57311893254519 60
      vertex -73.1925001963973 64.50930194556713 60
    endloop
  endfacet
  facet normal 0.45399049835820615 -0.891006524892196 0
    outer loop
      vertex -73.04916489869356 64.57311893254519 2
      vertex -72.06999537348747 65.07203072309494 60
      vertex -73.04916489869356 64.57311893254519 60
    endloop
  endfacet
  facet normal 0.4999999931753902 -0.866025407724629 0
    outer loop
      vertex -72.06999537348747 65.07203072309494 2
      vertex -71.93411602079868 65.15048070251942 60
      vertex -72.06999537348747 65.07203072309494 60
    endloop
  endfacet
  facet normal 0.5446390353737932 -0.8386705677124385 0
    outer loop
      vertex -71.93411602079868 65.15048070251942 2
      vertex -71.01246091723442 65.74901052564383 60
      vertex -71.93411602079868 65.15048070251942 60
    endloop
  endfacet
  facet normal -1 0 0
    outer loop
      vertex -90 81.5 2
      vertex -90 64.5 60
      vertex -90 81.5 60
    endloop
  endfacet
  facet normal 0.7071067811865476 0.7071067811865476 0
    outer loop
      vertex -80.84380507702515 72.34163449172108 9.99
      vertex -81.15836550827892 72.65619492297485 60
      vertex -80.84380507702515 72.34163449172108 60
    endloop
  endfacet
  facet normal 0.629320391049847 0.7771459614569629 0
    outer loop
      vertex -80.49808732224301 72.06167777390647 9.99
      vertex -80.84380507702515 72.34163449172108 60
      vertex -80.49808732224301 72.06167777390647 60
    endloop
  endfacet
  facet normal 0.5446390350150269 0.8386705679454243 0
    outer loop
      vertex -80.125 71.81939203391613 9.99
      vertex -80.49808732224301 72.06167777390647 60
      vertex -80.125 71.81939203391613 60
    endloop
  endfacet
  facet normal 0.8386705679454243 0.5446390350150269 0
    outer loop
      vertex -81.43832222609353 73.00191267775699 9.99
      vertex -81.68060796608387 73.375 60
      vertex -81.43832222609353 73.00191267775699 60
    endloop
  endfacet
  facet normal 0.7771459614569629 0.629320391049847 0
    outer loop
      vertex -81.15836550827892 72.65619492297485 9.99
      vertex -81.43832222609353 73.00191267775699 60
      vertex -81.15836550827892 72.65619492297485 60
    endloop
  endfacet
  facet normal 0.8910065241883779 0.453990499739527 0
    outer loop
      vertex -81.68060796608387 73.375 9.99
      vertex -81.88256819498105 73.77136926692785 60
      vertex -81.68060796608387 73.375 60
    endloop
  endfacet
  facet normal 0.9335804264972004 0.35836794954530393 0
    outer loop
      vertex -81.88256819498105 73.77136926692785 9.99
      vertex -82.0419901942544 74.18667777390647 60
      vertex -81.88256819498105 73.77136926692785 60
    endloop
  endfacet
  facet normal 0.9659258262890673 0.2588190451025243 0
    outer loop
      vertex -82.0419901942544 74.18667777390647 9.99
      vertex -82.15712730311867 74.61637531402452 60
      vertex -82.0419901942544 74.18667777390647 60
    endloop
  endfacet
  facet normal 0.9876883405951369 0.15643446504023617 0
    outer loop
      vertex -82.15712730311867 74.61637531402452 9.99
      vertex -82.22671805531516 75.05575403111247 60
      vertex -82.15712730311867 74.61637531402452 60
    endloop
  endfacet
  facet normal 0.9986295347545736 0.05233595624294645 0
    outer loop
      vertex -82.22671805531516 75.05575403111247 9.99
      vertex -82.25 75.5 60
      vertex -82.22671805531516 75.05575403111247 60
    endloop
  endfacet
  facet normal 0.9986295347545736 -0.05233595624294645 0
    outer loop
      vertex -82.25 75.5 9.99
      vertex -82.22671805531516 75.94424596888753 60
      vertex -82.25 75.5 60
    endloop
  endfacet
  facet normal 0.9876883405951369 -0.15643446504023617 0
    outer loop
      vertex -82.22671805531516 75.94424596888753 9.99
      vertex -82.15712730311867 76.38362468597548 60
      vertex -82.22671805531516 75.94424596888753 60
    endloop
  endfacet
  facet normal 0.9659258262890673 -0.2588190451025243 0
    outer loop
      vertex -82.15712730311867 76.38362468597548 9.99
      vertex -82.0419901942544 76.81332222609353 60
      vertex -82.15712730311867 76.38362468597548 60
    endloop
  endfacet
  facet normal 0.453990499739527 0.8910065241883779 0
    outer loop
      vertex -79.72863073307215 71.61743180501895 9.99
      vertex -80.125 71.81939203391613 60
      vertex -79.72863073307215 71.61743180501895 60
    endloop
  endfacet
  facet normal 0.35836794954530393 0.9335804264972004 0
    outer loop
      vertex -79.31332222609353 71.4580098057456 9.99
      vertex -79.72863073307215 71.61743180501895 60
      vertex -79.31332222609353 71.4580098057456 60
    endloop
  endfacet
  facet normal 0.2588190451025243 0.9659258262890673 0
    outer loop
      vertex -78.88362468597548 71.34287269688133 9.99
      vertex -79.31332222609353 71.4580098057456 60
      vertex -78.88362468597548 71.34287269688133 60
    endloop
  endfacet
  facet normal 0.15643446504023617 0.9876883405951369 0
    outer loop
      vertex -78.44424596888753 71.27328194468484 9.99
      vertex -78.88362468597548 71.34287269688133 60
      vertex -78.44424596888753 71.27328194468484 60
    endloop
  endfacet
  facet normal 0.05233595624294645 0.9986295347545736 0
    outer loop
      vertex -78 71.25 9.99
      vertex -78.44424596888753 71.27328194468484 60
      vertex -78 71.25 60
    endloop
  endfacet
  facet normal -0.05233595624294645 0.9986295347545736 0
    outer loop
      vertex -77.55575403111247 71.27328194468484 9.99
      vertex -78 71.25 60
      vertex -77.55575403111247 71.27328194468484 60
    endloop
  endfacet
  facet normal -0.15643446504023617 0.9876883405951369 0
    outer loop
      vertex -77.11637531402452 71.34287269688133 9.99
      vertex -77.55575403111247 71.27328194468484 60
      vertex -77.11637531402452 71.34287269688133 60
    endloop
  endfacet
  facet normal -0.9986295344686825 0.05233596169807261 0
    outer loop
      vertex -90 81.5 2
      vertex -90 81.5 60
      vertex -89.9671313688159 82.12717077881098 60
    endloop
  endfacet
  facet normal -0.9876883421006546 0.15643445553477123 0
    outer loop
      vertex -89.9671313688159 82.12717077881098 2
      vertex -89.9671313688159 82.12717077881098 60
      vertex -89.86888560652733 82.74747014790773 60
    endloop
  endfacet
  facet normal -0.9659258251084867 0.25881904950851087 0
    outer loop
      vertex -89.86888560652733 82.74747014790773 2
      vertex -89.86888560652733 82.74747014790773 60
      vertex -89.70633909851313 83.35410196334124 60
    endloop
  endfacet
  facet normal -0.9335804250773435 0.3583679532441575 0
    outer loop
      vertex -89.70633909851313 83.35410196334124 2
      vertex -89.70633909851313 83.35410196334124 60
      vertex -89.48127274215221 83.94041986018419 60
    endloop
  endfacet
  facet normal -0.8910065283221495 0.4539904916265432 0
    outer loop
      vertex -89.48127274215221 83.94041986018419 2
      vertex -89.48127274215221 83.94041986018419 60
      vertex -89.19615242630243 84.5 60
    endloop
  endfacet
  facet normal -0.8386705643141267 0.5446390406067345 0
    outer loop
      vertex -89.19615242630243 84.5 2
      vertex -89.19615242630243 84.5 60
      vertex -88.85410196334124 85.02671151608229 60
    endloop
  endfacet
  facet normal -0.7771459589704364 0.6293203941204519 0
    outer loop
      vertex -88.85410196334124 85.02671151608229 2
      vertex -88.85410196334124 85.02671151608229 60
      vertex -88.45886895060539 85.51478363573551 60
    endloop
  endfacet
  facet normal -0.7071067811865476 0.7071067811865476 0
    outer loop
      vertex -88.45886895060539 85.51478363573551 2
      vertex -88.45886895060539 85.51478363573551 60
      vertex -88.01478363573551 85.95886895060539 60
    endloop
  endfacet
  facet normal -0.6293203941204519 0.7771459589704364 0
    outer loop
      vertex -88.01478363573551 85.95886895060539 2
      vertex -88.01478363573551 85.95886895060539 60
      vertex -87.52671151608229 86.35410196334124 60
    endloop
  endfacet
  facet normal -0.5446390406067345 0.8386705643141267 0
    outer loop
      vertex -87.52671151608229 86.35410196334124 2
      vertex -87.52671151608229 86.35410196334124 60
      vertex -87 86.69615242630243 60
    endloop
  endfacet
  facet normal -0.4539904916265432 0.8910065283221495 0
    outer loop
      vertex -87 86.69615242630243 2
      vertex -87 86.69615242630243 60
      vertex -86.44041986018419 86.98127274215221 60
    endloop
  endfacet
  facet normal -0.3583679532441575 0.9335804250773435 0
    outer loop
      vertex -86.44041986018419 86.98127274215221 2
      vertex -86.44041986018419 86.98127274215221 60
      vertex -85.85410196334124 87.20633909851313 60
    endloop
  endfacet
  facet normal -0.25881904950851087 0.9659258251084867 0
    outer loop
      vertex -85.85410196334124 87.20633909851313 2
      vertex -85.85410196334124 87.20633909851313 60
      vertex -85.24747014790773 87.36888560652733 60
    endloop
  endfacet
  facet normal -0.15643445553477123 0.9876883421006546 0
    outer loop
      vertex -85.24747014790773 87.36888560652733 2
      vertex -85.24747014790773 87.36888560652733 60
      vertex -84.62717077881098 87.4671313688159 60
    endloop
  endfacet
  facet normal -0.05233596169807261 0.9986295344686825 0
    outer loop
      vertex -84.62717077881098 87.4671313688159 2
      vertex -84.62717077881098 87.4671313688159 60
      vertex -84 87.5 60
    endloop
  endfacet
  facet normal 0.9335804264972004 -0.35836794954530393 0
    outer loop
      vertex -82.0419901942544 76.81332222609353 9.99
      vertex -81.88256819498105 77.22863073307215 60
      vertex -82.0419901942544 76.81332222609353 60
    endloop
  endfacet
  facet normal 0.8910065241883779 -0.453990499739527 0
    outer loop
      vertex -81.88256819498105 77.22863073307215 9.99
      vertex -81.68060796608387 77.625 60
      vertex -81.88256819498105 77.22863073307215 60
    endloop
  endfacet
  facet normal 0.8386705679454243 -0.5446390350150269 0
    outer loop
      vertex -81.68060796608387 77.625 9.99
      vertex -81.43832222609353 77.99808732224301 60
      vertex -81.68060796608387 77.625 60
    endloop
  endfacet
  facet normal 0.7771459614569629 -0.629320391049847 0
    outer loop
      vertex -81.43832222609353 77.99808732224301 9.99
      vertex -81.15836550827892 78.34380507702515 60
      vertex -81.43832222609353 77.99808732224301 60
    endloop
  endfacet
  facet normal 0.7071067811865476 -0.7071067811865476 0
    outer loop
      vertex -81.15836550827892 78.34380507702515 9.99
      vertex -80.84380507702515 78.65836550827892 60
      vertex -81.15836550827892 78.34380507702515 60
    endloop
  endfacet
  facet normal 0.629320391049847 -0.7771459614569629 0
    outer loop
      vertex -80.84380507702515 78.65836550827892 9.99
      vertex -80.49808732224301 78.93832222609353 60
      vertex -80.84380507702515 78.65836550827892 60
    endloop
  endfacet
  facet normal 0.5446390350150269 -0.8386705679454243 0
    outer loop
      vertex -80.49808732224301 78.93832222609353 9.99
      vertex -80.125 79.18060796608387 60
      vertex -80.49808732224301 78.93832222609353 60
    endloop
  endfacet
  facet normal 0.453990499739527 -0.8910065241883779 0
    outer loop
      vertex -80.125 79.18060796608387 9.99
      vertex -79.72863073307215 79.38256819498105 60
      vertex -80.125 79.18060796608387 60
    endloop
  endfacet
  facet normal 0.35836794954530393 -0.9335804264972004 0
    outer loop
      vertex -79.72863073307215 79.38256819498105 9.99
      vertex -79.31332222609353 79.5419901942544 60
      vertex -79.72863073307215 79.38256819498105 60
    endloop
  endfacet
  facet normal 0.2588190451025243 -0.9659258262890673 0
    outer loop
      vertex -79.31332222609353 79.5419901942544 9.99
      vertex -78.88362468597548 79.65712730311867 60
      vertex -79.31332222609353 79.5419901942544 60
    endloop
  endfacet
  facet normal 0.15643446504023617 -0.9876883405951369 0
    outer loop
      vertex -78.88362468597548 79.65712730311867 9.99
      vertex -78.44424596888753 79.72671805531516 60
      vertex -78.88362468597548 79.65712730311867 60
    endloop
  endfacet
  facet normal 0.05233595624294645 -0.9986295347545736 0
    outer loop
      vertex -78.44424596888753 79.72671805531516 9.99
      vertex -78 79.75 60
      vertex -78.44424596888753 79.72671805531516 60
    endloop
  endfacet
  facet normal -0.05233595624294645 -0.9986295347545736 0
    outer loop
      vertex -78 79.75 9.99
      vertex -77.55575403111247 79.72671805531516 60
      vertex -78 79.75 60
    endloop
  endfacet
  facet normal -0.15643446504023617 -0.9876883405951369 0
    outer loop
      vertex -77.55575403111247 79.72671805531516 9.99
      vertex -77.11637531402452 79.65712730311867 60
      vertex -77.55575403111247 79.72671805531516 60
    endloop
  endfacet
  facet normal -0.2588190451025243 -0.9659258262890673 0
    outer loop
      vertex -77.11637531402452 79.65712730311867 9.99
      vertex -76.68667777390647 79.5419901942544 60
      vertex -77.11637531402452 79.65712730311867 60
    endloop
  endfacet
  facet normal 0.5877852764175114 -0.8090169768470806 0
    outer loop
      vertex -71.01246091723442 65.74901052564383 2
      vertex -70.88552622497082 65.8412339836359 60
      vertex -71.01246091723442 65.74901052564383 60
    endloop
  endfacet
  facet normal 0.6293203864697001 -0.777145965165893 0
    outer loop
      vertex -70.88552622497082 65.8412339836359 2
      vertex -70.03148353844881 66.53282410651445 60
      vertex -70.88552622497082 65.8412339836359 60
    endloop
  endfacet
  facet normal 0.6691306094706797 -0.7431448226754975 0
    outer loop
      vertex -70.03148353844881 66.53282410651445 2
      vertex -69.91488401591778 66.63781078904867 60
      vertex -70.03148353844881 66.53282410651445 60
    endloop
  endfacet
  facet normal 0.7071067811865476 -0.7071067811865476 0
    outer loop
      vertex -69.91488401591778 66.63781078904867 2
      vertex -69.13781078159809 67.41488402336836 60
      vertex -69.91488401591778 66.63781078904867 60
    endloop
  endfacet
  facet normal 0.7431448273790162 -0.6691306042468929 0
    outer loop
      vertex -69.13781078159809 67.41488402336836 2
      vertex -69.03282411396503 67.53148353099823 60
      vertex -69.13781078159809 67.41488402336836 60
    endloop
  endfacet
  facet normal 0.7771459645351759 -0.6293203872485708 0
    outer loop
      vertex -69.03282411396503 67.53148353099823 2
      vertex -68.3412339836359 68.38552622497082 60
      vertex -69.03282411396503 67.53148353099823 60
    endloop
  endfacet
  facet normal 0.8090169768470806 -0.5877852764175114 0
    outer loop
      vertex -68.3412339836359 68.38552622497082 2
      vertex -68.24901052564383 68.51246091723442 60
      vertex -68.3412339836359 68.38552622497082 60
    endloop
  endfacet
  facet normal 0.8386705677124385 -0.5446390353737932 0
    outer loop
      vertex -68.24901052564383 68.51246091723442 2
      vertex -67.65048070251942 69.43411602079868 60
      vertex -68.24901052564383 68.51246091723442 60
    endloop
  endfacet
  facet normal 0.866025407724629 -0.4999999931753902 0
    outer loop
      vertex -67.65048070251942 69.43411602079868 2
      vertex -67.57203072309494 69.56999537348747 60
      vertex -67.65048070251942 69.43411602079868 60
    endloop
  endfacet
  facet normal 0.891006524892196 -0.45399049835820615 0
    outer loop
      vertex -67.57203072309494 69.56999537348747 2
      vertex -67.07311893254519 70.54916489869356 60
      vertex -67.57203072309494 69.56999537348747 60
    endloop
  endfacet
  facet normal 0.9135454614917974 -0.4067366344303633 0
    outer loop
      vertex -67.07311893254519 70.54916489869356 2
      vertex -67.00930196791887 70.69250015169382 60
      vertex -67.07311893254519 70.54916489869356 60
    endloop
  endfacet
  facet normal 0.9335804257537463 -0.35836795148206757 0
    outer loop
      vertex -67.00930196791887 70.69250015169382 2
      vertex -66.61547438800335 71.71845606714487 60
      vertex -67.00930196791887 70.69250015169382 60
    endloop
  endfacet
  facet normal 0.9510565182891794 -0.309016988237967 0
    outer loop
      vertex -66.61547438800335 71.71845606714487 2
      vertex -66.56698954850435 71.86767706274986 60
      vertex -66.61547438800335 71.71845606714487 60
    endloop
  endfacet
  facet normal 0.9659258271680096 -0.2588190418222672 0
    outer loop
      vertex -66.56698954850435 71.86767706274986 2
      vertex -66.28256103396416 72.92917874455452 60
      vertex -66.56698954850435 71.86767706274986 60
    endloop
  endfacet
  facet normal 0.9781475988388045 -0.20791169973303814 0
    outer loop
      vertex -66.28256103396416 72.92917874455452 2
      vertex -66.24993965029716 73.0826502814889 60
      vertex -66.28256103396416 72.92917874455452 60
    endloop
  endfacet
  facet normal 0.9876883400008707 -0.15643446879228512 0
    outer loop
      vertex -66.24993965029716 73.0826502814889 2
      vertex -66.07802639901638 74.16806780546904 60
      vertex -66.24993965029716 73.0826502814889 60
    endloop
  endfacet
  facet normal 0.9945218960590235 -0.1045284566956052 0
    outer loop
      vertex -66.07802639901638 74.16806780546904 2
      vertex -66.06162585318089 74.3241085857153 60
      vertex -66.07802639901638 74.16806780546904 60
    endloop
  endfacet
  facet normal 0.9986295349511297 -0.05233595249243526 0
    outer loop
      vertex -66.06162585318089 74.3241085857153 2
      vertex -66.00411139428616 75.4215499162674 60
      vertex -66.06162585318089 74.3241085857153 60
    endloop
  endfacet
  facet normal 1 0 0
    outer loop
      vertex -66.00411139428616 75.4215499162674 2
      vertex -66.00411139428616 75.57845007628202 60
      vertex -66.00411139428616 75.4215499162674 60
    endloop
  endfacet
  facet normal 0.9986295348939128 0.052335953584199485 0
    outer loop
      vertex -66.00411139428616 75.57845007628202 2
      vertex -66.06162586063147 76.67589152604342 60
      vertex -66.00411139428616 75.57845007628202 60
    endloop
  endfacet
  facet normal -0.2588190451025243 0.9659258262890673 0
    outer loop
      vertex -76.68667777390647 71.4580098057456 9.99
      vertex -77.11637531402452 71.34287269688133 60
      vertex -76.68667777390647 71.4580098057456 60
    endloop
  endfacet
  facet normal -0.35836794954530393 0.9335804264972004 0
    outer loop
      vertex -76.27136926692785 71.61743180501895 9.99
      vertex -76.68667777390647 71.4580098057456 60
      vertex -76.27136926692785 71.61743180501895 60
    endloop
  endfacet
  facet normal -0.453990499739527 0.8910065241883779 0
    outer loop
      vertex -75.875 71.81939203391613 9.99
      vertex -76.27136926692785 71.61743180501895 60
      vertex -75.875 71.81939203391613 60
    endloop
  endfacet
  facet normal -0.5446390350150269 0.8386705679454243 0
    outer loop
      vertex -75.50191267775699 72.06167777390647 9.99
      vertex -75.875 71.81939203391613 60
      vertex -75.50191267775699 72.06167777390647 60
    endloop
  endfacet
  facet normal -0.629320391049847 0.7771459614569629 0
    outer loop
      vertex -75.15619492297485 72.34163449172108 9.99
      vertex -75.50191267775699 72.06167777390647 60
      vertex -75.15619492297485 72.34163449172108 60
    endloop
  endfacet
  facet normal -0.7071067811865476 0.7071067811865476 0
    outer loop
      vertex -74.84163449172108 72.65619492297485 9.99
      vertex -75.15619492297485 72.34163449172108 60
      vertex -74.84163449172108 72.65619492297485 60
    endloop
  endfacet
  facet normal -0.7771459614569629 0.629320391049847 0
    outer loop
      vertex -74.56167777390647 73.00191267775699 9.99
      vertex -74.84163449172108 72.65619492297485 60
      vertex -74.56167777390647 73.00191267775699 60
    endloop
  endfacet
  facet normal -0.8386705679454243 0.5446390350150269 0
    outer loop
      vertex -74.31939203391613 73.375 9.99
      vertex -74.56167777390647 73.00191267775699 60
      vertex -74.31939203391613 73.375 60
    endloop
  endfacet
  facet normal -0.8910065241883779 0.453990499739527 0
    outer loop
      vertex -74.11743180501895 73.77136926692785 9.99
      vertex -74.31939203391613 73.375 60
      vertex -74.11743180501895 73.77136926692785 60
    endloop
  endfacet
  facet normal -0.9335804264972004 0.35836794954530393 0
    outer loop
      vertex -73.9580098057456 74.18667777390647 9.99
      vertex -74.11743180501895 73.77136926692785 60
      vertex -73.9580098057456 74.18667777390647 60
    endloop
  endfacet
  facet normal -0.9659258262890673 0.2588190451025243 0
    outer loop
      vertex -73.84287269688133 74.61637531402452 9.99
      vertex -73.9580098057456 74.18667777390647 60
      vertex -73.84287269688133 74.61637531402452 60
    endloop
  endfacet
  facet normal -0.9876883405951369 0.15643446504023617 0
    outer loop
      vertex -73.77328194468484 75.05575403111247 9.99
      vertex -73.84287269688133 74.61637531402452 60
      vertex -73.77328194468484 75.05575403111247 60
    endloop
  endfacet
  facet normal -0.9986295347545736 0.05233595624294645 0
    outer loop
      vertex -73.75 75.5 9.99
      vertex -73.77328194468484 75.05575403111247 60
      vertex -73.75 75.5 60
    endloop
  endfacet
  facet normal -0.9986295347545736 -0.05233595624294645 0
    outer loop
      vertex -73.77328194468484 75.94424596888753 9.99
      vertex -73.75 75.5 60
      vertex -73.77328194468484 75.94424596888753 60
    endloop
  endfacet
  facet normal -0.9876883405951369 -0.15643446504023617 0
    outer loop
      vertex -73.84287269688133 76.38362468597548 9.99
      vertex -73.77328194468484 75.94424596888753 60
      vertex -73.84287269688133 76.38362468597548 60
    endloop
  endfacet
  facet normal 0.9945218942654319 0.10452847376048861 0
    outer loop
      vertex -66.06162586063147 76.67589152604342 2
      vertex -66.07802638411522 76.8319320678711 60
      vertex -66.06162586063147 76.67589152604342 60
    endloop
  endfacet
  facet normal 0.9876883405604088 0.15643446525950055 0
    outer loop
      vertex -66.07802638411522 76.8319320678711 2
      vertex -66.24993965029716 77.91734971106052 60
      vertex -66.07802638411522 76.8319320678711 60
    endloop
  endfacet
  facet normal 0.9659258279546319 0.25881903888655244 0
    outer loop
      vertex -66.28256103396416 78.0708212479949 2
      vertex -66.56698954105377 79.1323229148984 60
      vertex -66.28256103396416 78.0708212479949 60
    endloop
  endfacet
  facet normal 0.9510565078111152 0.3090170204861316 0
    outer loop
      vertex -66.56698954105377 79.1323229148984 2
      vertex -66.61547441035509 79.2815439850092 60
      vertex -66.56698954105377 79.1323229148984 60
    endloop
  endfacet
  facet normal 0.9781475988388045 0.20791169973303814 0
    outer loop
      vertex -66.24993965029716 77.91734971106052 2
      vertex -66.28256103396416 78.0708212479949 60
      vertex -66.24993965029716 77.91734971106052 60
    endloop
  endfacet
  facet normal 0.9426414962864854 0.33380684456549964 0
    outer loop
      vertex -66.67050216346979 79.42489618808031 2
      vertex -66.7229304164648 79.57294901460409 60
      vertex -66.67050216346979 79.42489618808031 60
    endloop
  endfacet
  facet normal 0.9659258237320325 0.25881905464550803 0
    outer loop
      vertex -66.7229304164648 79.57294901460409 2
      vertex -66.8042036741972 79.87626492977142 60
      vertex -66.7229304164648 79.57294901460409 60
    endloop
  endfacet
  facet normal 0.987688339687025 0.15643447077382908 0
    outer loop
      vertex -66.8042036741972 79.87626492977142 2
      vertex -66.85332655906677 80.18641460686922 60
      vertex -66.8042036741972 79.87626492977142 60
    endloop
  endfacet
  facet normal 0.933580430827447 0.3583679382646259 0
    outer loop
      vertex -66.61547441035509 79.2815439850092 2
      vertex -66.67050216346979 79.42489618808031 60
      vertex -66.61547441035509 79.2815439850092 60
    endloop
  endfacet
  facet normal 0.998629535121208 0.052335949247149044 0
    outer loop
      vertex -66.85332655906677 80.18641460686922 2
      vertex -66.86976087093353 80.5 60
      vertex -66.85332655906677 80.18641460686922 60
    endloop
  endfacet
  facet normal 0.998629535121208 -0.052335949247149044 0
    outer loop
      vertex -66.86976087093353 80.5 2
      vertex -66.85332655906677 80.81358539313078 60
      vertex -66.86976087093353 80.5 60
    endloop
  endfacet
  facet normal 0.987688339687025 -0.15643447077382908 0
    outer loop
      vertex -66.85332655906677 80.81358539313078 2
      vertex -66.8042036741972 81.12373507022858 60
      vertex -66.85332655906677 80.81358539313078 60
    endloop
  endfacet
  facet normal 0.9659258237320325 -0.25881905464550803 0
    outer loop
      vertex -66.8042036741972 81.12373507022858 2
      vertex -66.7229304164648 81.42705098539591 60
      vertex -66.8042036741972 81.12373507022858 60
    endloop
  endfacet
  facet normal 0.9335804259992488 -0.358367950842512 0
    outer loop
      vertex -66.7229304164648 81.42705098539591 2
      vertex -66.61039724200964 81.7202099263668 60
      vertex -66.7229304164648 81.42705098539591 60
    endloop
  endfacet
  facet normal 0.8910065259684402 -0.45399049624595805 0
    outer loop
      vertex -66.61039724200964 81.7202099263668 2
      vertex -66.46783708035946 82 60
      vertex -66.61039724200964 81.7202099263668 60
    endloop
  endfacet
  facet normal 0.8386705716328138 -0.5446390293369446 0
    outer loop
      vertex -66.46783708035946 82 2
      vertex -66.29681185632944 82.26335575431585 60
      vertex -66.46783708035946 82 60
    endloop
  endfacet
  facet normal 0.7771459578667895 -0.629320395483342 0
    outer loop
      vertex -66.29681185632944 82.26335575431585 2
      vertex -66.09919534623623 82.50739181786776 60
      vertex -66.29681185632944 82.26335575431585 60
    endloop
  endfacet
  facet normal 0.7071067811865476 -0.7071067811865476 0
    outer loop
      vertex -66.09919534623623 82.50739181786776 2
      vertex -65.87715268880129 82.7294344753027 60
      vertex -66.09919534623623 82.50739181786776 60
    endloop
  endfacet
  facet normal 0.629320395483342 -0.7771459578667895 0
    outer loop
      vertex -65.87715268880129 82.7294344753027 2
      vertex -65.63311662524939 82.92705098539591 60
      vertex -65.87715268880129 82.7294344753027 60
    endloop
  endfacet
  facet normal 0.5446390293369446 -0.8386705716328138 0
    outer loop
      vertex -65.63311662524939 82.92705098539591 2
      vertex -65.36976087093353 83.09807620942593 60
      vertex -65.63311662524939 82.92705098539591 60
    endloop
  endfacet
  facet normal 0.45399049624595805 -0.8910065259684402 0
    outer loop
      vertex -65.36976087093353 83.09807620942593 2
      vertex -65.08997079730034 83.2406363710761 60
      vertex -65.36976087093353 83.09807620942593 60
    endloop
  endfacet
  facet normal 0.358367950842512 -0.9335804259992488 0
    outer loop
      vertex -65.08997079730034 83.2406363710761 2
      vertex -64.79681185632944 83.35316954553127 60
      vertex -65.08997079730034 83.2406363710761 60
    endloop
  endfacet
  facet normal 0.25881905464550803 -0.9659258237320325 0
    outer loop
      vertex -64.79681185632944 83.35316954553127 2
      vertex -64.49349594116211 83.43444280326366 60
      vertex -64.79681185632944 83.35316954553127 60
    endloop
  endfacet
  facet normal 0.15643447077382908 -0.987688339687025 0
    outer loop
      vertex -64.49349594116211 83.43444280326366 2
      vertex -64.18334626406431 83.48356568813324 60
      vertex -64.49349594116211 83.43444280326366 60
    endloop
  endfacet
  facet normal 0.052335949247149044 -0.998629535121208 0
    outer loop
      vertex -64.18334626406431 83.48356568813324 2
      vertex -63.86976087093353 83.5 60
      vertex -64.18334626406431 83.48356568813324 60
    endloop
  endfacet
  facet normal -0.5446390350150269 -0.8386705679454243 0
    outer loop
      vertex -75.875 79.18060796608387 9.99
      vertex -75.50191267775699 78.93832222609353 60
      vertex -75.875 79.18060796608387 60
    endloop
  endfacet
  facet normal -0.629320391049847 -0.7771459614569629 0
    outer loop
      vertex -75.50191267775699 78.93832222609353 9.99
      vertex -75.15619492297485 78.65836550827892 60
      vertex -75.50191267775699 78.93832222609353 60
    endloop
  endfacet
  facet normal -0.8386705679454243 -0.5446390350150269 0
    outer loop
      vertex -74.56167777390647 77.99808732224301 9.99
      vertex -74.31939203391613 77.625 60
      vertex -74.56167777390647 77.99808732224301 60
    endloop
  endfacet
  facet normal -0.9335804264972004 -0.35836794954530393 0
    outer loop
      vertex -74.11743180501895 77.22863073307215 9.99
      vertex -73.9580098057456 76.81332222609353 60
      vertex -74.11743180501895 77.22863073307215 60
    endloop
  endfacet
  facet normal -0.9659258262890673 -0.2588190451025243 0
    outer loop
      vertex -73.9580098057456 76.81332222609353 9.99
      vertex -73.84287269688133 76.38362468597548 60
      vertex -73.9580098057456 76.81332222609353 60
    endloop
  endfacet
  facet normal -0.8910065241883779 -0.453990499739527 0
    outer loop
      vertex -74.31939203391613 77.625 9.99
      vertex -74.11743180501895 77.22863073307215 60
      vertex -74.31939203391613 77.625 60
    endloop
  endfacet
  facet normal -0.7071067811865476 -0.7071067811865476 0
    outer loop
      vertex -75.15619492297485 78.65836550827892 9.99
      vertex -74.84163449172108 78.34380507702515 60
      vertex -75.15619492297485 78.65836550827892 60
    endloop
  endfacet
  facet normal -0.7771459614569629 -0.629320391049847 0
    outer loop
      vertex -74.84163449172108 78.34380507702515 9.99
      vertex -74.56167777390647 77.99808732224301 60
      vertex -74.84163449172108 78.34380507702515 60
    endloop
  endfacet
  facet normal -0.35836794954530393 -0.9335804264972004 0
    outer loop
      vertex -76.68667777390647 79.5419901942544 9.99
      vertex -76.27136926692785 79.38256819498105 60
      vertex -76.68667777390647 79.5419901942544 60
    endloop
  endfacet
  facet normal -0.453990499739527 -0.8910065241883779 0
    outer loop
      vertex -76.27136926692785 79.38256819498105 9.99
      vertex -75.875 79.18060796608387 60
      vertex -76.27136926692785 79.38256819498105 60
    endloop
  endfacet
  facet normal 0 0 1
    outer loop
      vertex -79.33193218708038 63.57802639901638 60
      vertex -80 64.5 60
      vertex -80 63.683837948266024 60
    endloop
  endfacet
  facet normal 0 0 1
    outer loop
      vertex -90 81.5 60
      vertex -90 64.5 60
      vertex -80 64.5 60
    endloop
  endfacet
  facet normal 0 0 1
    outer loop
      vertex -90 81.5 60
      vertex -80 64.5 60
      vertex -89.9671313688159 82.12717077881098 60
    endloop
  endfacet
  facet normal 0 0 1
    outer loop
      vertex -89.9671313688159 82.12717077881098 60
      vertex -80 64.5 60
      vertex -89.86888560652733 82.74747014790773 60
    endloop
  endfacet
  facet normal 0 0 1
    outer loop
      vertex -79.17589140683413 63.561625853180885 60
      vertex -89.48127274215221 83.94041986018419 60
      vertex -79.33193218708038 63.57802639901638 60
    endloop
  endfacet
  facet normal 0 0 1
    outer loop
      vertex -79.33193218708038 63.57802639901638 60
      vertex -89.48127274215221 83.94041986018419 60
      vertex -80 64.5 60
    endloop
  endfacet
  facet normal 0 0 1
    outer loop
      vertex -79.17589140683413 63.561625853180885 60
      vertex -78.07845007628202 63.504111394286156 60
      vertex -89.19615242630243 84.5 60
    endloop
  endfacet
  facet normal 0 0 1
    outer loop
      vertex -78.07845007628202 63.504111394286156 60
      vertex -81.15836550827892 72.65619492297485 60
      vertex -81.43832222609353 73.00191267775699 60
    endloop
  endfacet
  facet normal 0 0 1
    outer loop
      vertex -78.07845007628202 63.504111394286156 60
      vertex -81.43832222609353 73.00191267775699 60
      vertex -81.68060796608387 73.375 60
    endloop
  endfacet
  facet normal 0 0 1
    outer loop
      vertex -78.07845007628202 63.504111394286156 60
      vertex -81.68060796608387 73.375 60
      vertex -81.88256819498105 73.77136926692785 60
    endloop
  endfacet
  facet normal 0 0 1
    outer loop
      vertex -78.07845007628202 63.504111394286156 60
      vertex -81.88256819498105 73.77136926692785 60
      vertex -82.0419901942544 74.18667777390647 60
    endloop
  endfacet
  facet normal 0 0 1
    outer loop
      vertex -78.07845007628202 63.504111394286156 60
      vertex -77.92154992371798 63.504111394286156 60
      vertex -80.125 71.81939203391613 60
    endloop
  endfacet
  facet normal 0 0 1
    outer loop
      vertex -77.92154992371798 63.504111394286156 60
      vertex -76.824108466506 63.561625860631466 60
      vertex -79.31332222609353 71.4580098057456 60
    endloop
  endfacet
  facet normal 0 0 1
    outer loop
      vertex -76.824108466506 63.561625860631466 60
      vertex -76.66806792467833 63.57802638411522 60
      vertex -79.31332222609353 71.4580098057456 60
    endloop
  endfacet
  facet normal 0 0 1
    outer loop
      vertex -78.07845007628202 63.504111394286156 60
      vertex -80.49808732224301 72.06167777390647 60
      vertex -80.84380507702515 72.34163449172108 60
    endloop
  endfacet
  facet normal 0 0 1
    outer loop
      vertex -78.07845007628202 63.504111394286156 60
      vertex -80.84380507702515 72.34163449172108 60
      vertex -81.15836550827892 72.65619492297485 60
    endloop
  endfacet
  facet normal 0 0 1
    outer loop
      vertex -78.07845007628202 63.504111394286156 60
      vertex -80.125 71.81939203391613 60
      vertex -80.49808732224301 72.06167777390647 60
    endloop
  endfacet
  facet normal 0 0 1
    outer loop
      vertex -77.92154992371798 63.504111394286156 60
      vertex -79.72863073307215 71.61743180501895 60
      vertex -80.125 71.81939203391613 60
    endloop
  endfacet
  facet normal 0 0 1
    outer loop
      vertex -77.92154992371798 63.504111394286156 60
      vertex -79.31332222609353 71.4580098057456 60
      vertex -79.72863073307215 71.61743180501895 60
    endloop
  endfacet
  facet normal 0 0 1
    outer loop
      vertex -76.66806792467833 63.57802638411522 60
      vertex -78.88362468597548 71.34287269688133 60
      vertex -79.31332222609353 71.4580098057456 60
    endloop
  endfacet
  facet normal 0 0 1
    outer loop
      vertex -76.66806792467833 63.57802638411522 60
      vertex -78.44424596888753 71.27328194468484 60
      vertex -78.88362468597548 71.34287269688133 60
    endloop
  endfacet
  facet normal 0 0 1
    outer loop
      vertex -75.42917874455452 63.78256103396416 60
      vertex -78 71.25 60
      vertex -78.44424596888753 71.27328194468484 60
    endloop
  endfacet
  facet normal 0 0 1
    outer loop
      vertex -75.42917874455452 63.78256103396416 60
      vertex -77.55575403111247 71.27328194468484 60
      vertex -78 71.25 60
    endloop
  endfacet
  facet normal 0 0 1
    outer loop
      vertex -78.07845007628202 63.504111394286156 60
      vertex -82.0419901942544 74.18667777390647 60
      vertex -87 86.69615242630243 60
    endloop
  endfacet
  facet normal 0 0 1
    outer loop
      vertex -89.86888560652733 82.74747014790773 60
      vertex -80 64.5 60
      vertex -89.70633909851313 83.35410196334124 60
    endloop
  endfacet
  facet normal 0 0 1
    outer loop
      vertex -89.70633909851313 83.35410196334124 60
      vertex -80 64.5 60
      vertex -89.48127274215221 83.94041986018419 60
    endloop
  endfacet
  facet normal 0 0 1
    outer loop
      vertex -79.17589140683413 63.561625853180885 60
      vertex -89.19615242630243 84.5 60
      vertex -89.48127274215221 83.94041986018419 60
    endloop
  endfacet
  facet normal 0 0 1
    outer loop
      vertex -78.07845007628202 63.504111394286156 60
      vertex -88.85410196334124 85.02671151608229 60
      vertex -89.19615242630243 84.5 60
    endloop
  endfacet
  facet normal 0 0 1
    outer loop
      vertex -78.07845007628202 63.504111394286156 60
      vertex -88.45886895060539 85.51478363573551 60
      vertex -88.85410196334124 85.02671151608229 60
    endloop
  endfacet
  facet normal 0 0 1
    outer loop
      vertex -78.07845007628202 63.504111394286156 60
      vertex -88.01478363573551 85.95886895060539 60
      vertex -88.45886895060539 85.51478363573551 60
    endloop
  endfacet
  facet normal 0 0 1
    outer loop
      vertex -78.07845007628202 63.504111394286156 60
      vertex -87.52671151608229 86.35410196334124 60
      vertex -88.01478363573551 85.95886895060539 60
    endloop
  endfacet
  facet normal 0 0 1
    outer loop
      vertex -87 86.69615242630243 60
      vertex -82.0419901942544 74.18667777390647 60
      vertex -82.15712730311867 74.61637531402452 60
    endloop
  endfacet
  facet normal 0 0 1
    outer loop
      vertex -78.07845007628202 63.504111394286156 60
      vertex -87 86.69615242630243 60
      vertex -87.52671151608229 86.35410196334124 60
    endloop
  endfacet
  facet normal 0 0 1
    outer loop
      vertex -87 86.69615242630243 60
      vertex -82.15712730311867 74.61637531402452 60
      vertex -82.22671805531516 75.05575403111247 60
    endloop
  endfacet
  facet normal 0 0 1
    outer loop
      vertex -87 86.69615242630243 60
      vertex -82.22671805531516 75.05575403111247 60
      vertex -82.25 75.5 60
    endloop
  endfacet
  facet normal 0 0 1
    outer loop
      vertex -86.44041986018419 86.98127274215221 60
      vertex -82.25 75.5 60
      vertex -82.22671805531516 75.94424596888753 60
    endloop
  endfacet
  facet normal 0 0 1
    outer loop
      vertex -86.44041986018419 86.98127274215221 60
      vertex -82.22671805531516 75.94424596888753 60
      vertex -82.15712730311867 76.38362468597548 60
    endloop
  endfacet
  facet normal 0 0 1
    outer loop
      vertex -87 86.69615242630243 60
      vertex -82.25 75.5 60
      vertex -86.44041986018419 86.98127274215221 60
    endloop
  endfacet
  facet normal 0 0 1
    outer loop
      vertex -86.44041986018419 86.98127274215221 60
      vertex -82.15712730311867 76.38362468597548 60
      vertex -85.85410196334124 87.20633909851313 60
    endloop
  endfacet
  facet normal 0 0 1
    outer loop
      vertex -85.85410196334124 87.20633909851313 60
      vertex -82.0419901942544 76.81332222609353 60
      vertex -85.24747014790773 87.36888560652733 60
    endloop
  endfacet
  facet normal 0 0 1
    outer loop
      vertex -85.24747014790773 87.36888560652733 60
      vertex -81.68060796608387 77.625 60
      vertex -84.62717077881098 87.4671313688159 60
    endloop
  endfacet
  facet normal 0 0 1
    outer loop
      vertex -85.85410196334124 87.20633909851313 60
      vertex -82.15712730311867 76.38362468597548 60
      vertex -82.0419901942544 76.81332222609353 60
    endloop
  endfacet
  facet normal 0 0 1
    outer loop
      vertex -85.24747014790773 87.36888560652733 60
      vertex -82.0419901942544 76.81332222609353 60
      vertex -81.88256819498105 77.22863073307215 60
    endloop
  endfacet
  facet normal 0 0 1
    outer loop
      vertex -85.24747014790773 87.36888560652733 60
      vertex -81.88256819498105 77.22863073307215 60
      vertex -81.68060796608387 77.625 60
    endloop
  endfacet
  facet normal 0 0 1
    outer loop
      vertex -84 87.5 60
      vertex -81.68060796608387 77.625 60
      vertex -81.43832222609353 77.99808732224301 60
    endloop
  endfacet
  facet normal 0 0 1
    outer loop
      vertex -84 87.5 60
      vertex -81.43832222609353 77.99808732224301 60
      vertex -81.15836550827892 78.34380507702515 60
    endloop
  endfacet
  facet normal 0 0 1
    outer loop
      vertex -84 87.5 60
      vertex -81.15836550827892 78.34380507702515 60
      vertex -80.84380507702515 78.65836550827892 60
    endloop
  endfacet
  facet normal 0 0 1
    outer loop
      vertex -84 87.5 60
      vertex -80.84380507702515 78.65836550827892 60
      vertex -80.49808732224301 78.93832222609353 60
    endloop
  endfacet
  facet normal 0 0 1
    outer loop
      vertex -84 87.5 60
      vertex -80.49808732224301 78.93832222609353 60
      vertex -80.125 79.18060796608387 60
    endloop
  endfacet
  facet normal 0 0 1
    outer loop
      vertex -84 87.5 60
      vertex -80.125 79.18060796608387 60
      vertex -79.72863073307215 79.38256819498105 60
    endloop
  endfacet
  facet normal 0 0 1
    outer loop
      vertex -84 87.5 60
      vertex -76.27136926692785 79.38256819498105 60
      vertex -75.875 79.18060796608387 60
    endloop
  endfacet
  facet normal 0 0 1
    outer loop
      vertex -84 87.5 60
      vertex -75.875 79.18060796608387 60
      vertex -75.50191267775699 78.93832222609353 60
    endloop
  endfacet
  facet normal 0 0 1
    outer loop
      vertex -84 87.5 60
      vertex -75.50191267775699 78.93832222609353 60
      vertex -75.15619492297485 78.65836550827892 60
    endloop
  endfacet
  facet normal 0 0 1
    outer loop
      vertex -84.62717077881098 87.4671313688159 60
      vertex -81.68060796608387 77.625 60
      vertex -84 87.5 60
    endloop
  endfacet
  facet normal 0 0 1
    outer loop
      vertex -84 87.5 60
      vertex -79.72863073307215 79.38256819498105 60
      vertex -79.31332222609353 79.5419901942544 60
    endloop
  endfacet
  facet normal 0 0 1
    outer loop
      vertex -84 87.5 60
      vertex -79.31332222609353 79.5419901942544 60
      vertex -78.88362468597548 79.65712730311867 60
    endloop
  endfacet
  facet normal 0 0 1
    outer loop
      vertex -84 87.5 60
      vertex -78.88362468597548 79.65712730311867 60
      vertex -78.44424596888753 79.72671805531516 60
    endloop
  endfacet
  facet normal 0 0 1
    outer loop
      vertex -84 87.5 60
      vertex -78.44424596888753 79.72671805531516 60
      vertex -78 79.75 60
    endloop
  endfacet
  facet normal 0 0 1
    outer loop
      vertex -84 87.5 60
      vertex -78 79.75 60
      vertex -77.55575403111247 79.72671805531516 60
    endloop
  endfacet
  facet normal 0 0 1
    outer loop
      vertex -84 87.5 60
      vertex -77.55575403111247 79.72671805531516 60
      vertex -77.11637531402452 79.65712730311867 60
    endloop
  endfacet
  facet normal 0 0 1
    outer loop
      vertex -84 87.5 60
      vertex -77.11637531402452 79.65712730311867 60
      vertex -76.68667777390647 79.5419901942544 60
    endloop
  endfacet
  facet normal 0 0 1
    outer loop
      vertex -84 87.5 60
      vertex -76.68667777390647 79.5419901942544 60
      vertex -76.27136926692785 79.38256819498105 60
    endloop
  endfacet
  facet normal 0 0 1
    outer loop
      vertex -76.66806792467833 63.57802638411522 60
      vertex -75.5826502814889 63.749939650297165 60
      vertex -78.44424596888753 71.27328194468484 60
    endloop
  endfacet
  facet normal 0 0 1
    outer loop
      vertex -75.5826502814889 63.749939650297165 60
      vertex -75.42917874455452 63.78256103396416 60
      vertex -78.44424596888753 71.27328194468484 60
    endloop
  endfacet
  facet normal 0 0 1
    outer loop
      vertex -75.42917874455452 63.78256103396416 60
      vertex -74.36767707765102 64.06698954105377 60
      vertex -77.55575403111247 71.27328194468484 60
    endloop
  endfacet
  facet normal 0 0 1
    outer loop
      vertex -74.36767707765102 64.06698954105377 60
      vertex -74.2184560149908 64.11547440290451 60
      vertex -77.55575403111247 71.27328194468484 60
    endloop
  endfacet
  facet normal 0 0 1
    outer loop
      vertex -74.2184560149908 64.11547440290451 60
      vertex -73.1925001963973 64.50930194556713 60
      vertex -76.68667777390647 71.4580098057456 60
    endloop
  endfacet
  facet normal 0 0 1
    outer loop
      vertex -73.1925001963973 64.50930194556713 60
      vertex -73.04916489869356 64.57311893254519 60
      vertex -76.68667777390647 71.4580098057456 60
    endloop
  endfacet
  facet normal 0 0 1
    outer loop
      vertex -73.04916489869356 64.57311893254519 60
      vertex -72.06999537348747 65.07203072309494 60
      vertex -76.27136926692785 71.61743180501895 60
    endloop
  endfacet
  facet normal 0 0 1
    outer loop
      vertex -74.2184560149908 64.11547440290451 60
      vertex -77.11637531402452 71.34287269688133 60
      vertex -77.55575403111247 71.27328194468484 60
    endloop
  endfacet
  facet normal 0 0 1
    outer loop
      vertex -74.2184560149908 64.11547440290451 60
      vertex -76.68667777390647 71.4580098057456 60
      vertex -77.11637531402452 71.34287269688133 60
    endloop
  endfacet
  facet normal 0 0 1
    outer loop
      vertex -73.04916489869356 64.57311893254519 60
      vertex -76.27136926692785 71.61743180501895 60
      vertex -76.68667777390647 71.4580098057456 60
    endloop
  endfacet
  facet normal 0 0 1
    outer loop
      vertex -72.06999537348747 65.07203072309494 60
      vertex -75.875 71.81939203391613 60
      vertex -76.27136926692785 71.61743180501895 60
    endloop
  endfacet
  facet normal 0 0 1
    outer loop
      vertex -71.01246091723442 65.74901052564383 60
      vertex -75.50191267775699 72.06167777390647 60
      vertex -75.875 71.81939203391613 60
    endloop
  endfacet
  facet normal 0 0 1
    outer loop
      vertex -71.01246091723442 65.74901052564383 60
      vertex -75.15619492297485 72.34163449172108 60
      vertex -75.50191267775699 72.06167777390647 60
    endloop
  endfacet
  facet normal 0 0 1
    outer loop
      vertex -72.06999537348747 65.07203072309494 60
      vertex -71.93411602079868 65.15048070251942 60
      vertex -75.875 71.81939203391613 60
    endloop
  endfacet
  facet normal 0 0 1
    outer loop
      vertex -71.93411602079868 65.15048070251942 60
      vertex -71.01246091723442 65.74901052564383 60
      vertex -75.875 71.81939203391613 60
    endloop
  endfacet
  facet normal 0 0 1
    outer loop
      vertex -71.01246091723442 65.74901052564383 60
      vertex -70.88552622497082 65.8412339836359 60
      vertex -75.15619492297485 72.34163449172108 60
    endloop
  endfacet
  facet normal 0 0 1
    outer loop
      vertex -70.88552622497082 65.8412339836359 60
      vertex -70.03148353844881 66.53282410651445 60
      vertex -75.15619492297485 72.34163449172108 60
    endloop
  endfacet
  facet normal 0 0 1
    outer loop
      vertex -70.03148353844881 66.53282410651445 60
      vertex -74.84163449172108 72.65619492297485 60
      vertex -75.15619492297485 72.34163449172108 60
    endloop
  endfacet
  facet normal 0 0 1
    outer loop
      vertex -70.03148353844881 66.53282410651445 60
      vertex -74.56167777390647 73.00191267775699 60
      vertex -74.84163449172108 72.65619492297485 60
    endloop
  endfacet
  facet normal 0 0 1
    outer loop
      vertex -70.03148353844881 66.53282410651445 60
      vertex -69.91488401591778 66.63781078904867 60
      vertex -74.56167777390647 73.00191267775699 60
    endloop
  endfacet
  facet normal 0 0 1
    outer loop
      vertex -69.91488401591778 66.63781078904867 60
      vertex -69.13781078159809 67.41488402336836 60
      vertex -74.56167777390647 73.00191267775699 60
    endloop
  endfacet
  facet normal 0 0 1
    outer loop
      vertex -69.13781078159809 67.41488402336836 60
      vertex -69.03282411396503 67.53148353099823 60
      vertex -74.11743180501895 73.77136926692785 60
    endloop
  endfacet
  facet normal 0 0 1
    outer loop
      vertex -69.03282411396503 67.53148353099823 60
      vertex -68.3412339836359 68.38552622497082 60
      vertex -74.11743180501895 73.77136926692785 60
    endloop
  endfacet
  facet normal 0 0 1
    outer loop
      vertex -69.13781078159809 67.41488402336836 60
      vertex -74.31939203391613 73.375 60
      vertex -74.56167777390647 73.00191267775699 60
    endloop
  endfacet
  facet normal 0 0 1
    outer loop
      vertex -69.13781078159809 67.41488402336836 60
      vertex -74.11743180501895 73.77136926692785 60
      vertex -74.31939203391613 73.375 60
    endloop
  endfacet
  facet normal 0 0 1
    outer loop
      vertex -68.3412339836359 68.38552622497082 60
      vertex -73.9580098057456 74.18667777390647 60
      vertex -74.11743180501895 73.77136926692785 60
    endloop
  endfacet
  facet normal 0 0 1
    outer loop
      vertex -68.3412339836359 68.38552622497082 60
      vertex -73.84287269688133 74.61637531402452 60
      vertex -73.9580098057456 74.18667777390647 60
    endloop
  endfacet
  facet normal 0 0 1
    outer loop
      vertex -68.24901052564383 68.51246091723442 60
      vertex -73.77328194468484 75.05575403111247 60
      vertex -73.84287269688133 74.61637531402452 60
    endloop
  endfacet
  facet normal 0 0 1
    outer loop
      vertex -67.65048070251942 69.43411602079868 60
      vertex -73.75 75.5 60
      vertex -73.77328194468484 75.05575403111247 60
    endloop
  endfacet
  facet normal 0 0 1
    outer loop
      vertex -67.65048070251942 69.43411602079868 60
      vertex -73.77328194468484 75.94424596888753 60
      vertex -73.75 75.5 60
    endloop
  endfacet
  facet normal 0 0 1
    outer loop
      vertex -67.00930196791887 70.69250015169382 60
      vertex -74.84163449172108 78.34380507702515 60
      vertex -74.56167777390647 77.99808732224301 60
    endloop
  endfacet
  facet normal 0 0 1
    outer loop
      vertex -67.00930196791887 70.69250015169382 60
      vertex -75.15619492297485 78.65836550827892 60
      vertex -74.84163449172108 78.34380507702515 60
    endloop
  endfacet
  facet normal 0 0 1
    outer loop
      vertex -67.57203072309494 69.56999537348747 60
      vertex -73.84287269688133 76.38362468597548 60
      vertex -73.77328194468484 75.94424596888753 60
    endloop
  endfacet
  facet normal 0 0 1
    outer loop
      vertex -67.07311893254519 70.54916489869356 60
      vertex -73.9580098057456 76.81332222609353 60
      vertex -73.84287269688133 76.38362468597548 60
    endloop
  endfacet
  facet normal 0 0 1
    outer loop
      vertex -67.07311893254519 70.54916489869356 60
      vertex -74.31939203391613 77.625 60
      vertex -74.11743180501895 77.22863073307215 60
    endloop
  endfacet
  facet normal 0 0 1
    outer loop
      vertex -67.07311893254519 70.54916489869356 60
      vertex -74.11743180501895 77.22863073307215 60
      vertex -73.9580098057456 76.81332222609353 60
    endloop
  endfacet
  facet normal 0 0 1
    outer loop
      vertex -67.07311893254519 70.54916489869356 60
      vertex -74.56167777390647 77.99808732224301 60
      vertex -74.31939203391613 77.625 60
    endloop
  endfacet
  facet normal 0 0 1
    outer loop
      vertex -68.3412339836359 68.38552622497082 60
      vertex -68.24901052564383 68.51246091723442 60
      vertex -73.84287269688133 74.61637531402452 60
    endloop
  endfacet
  facet normal 0 0 1
    outer loop
      vertex -68.24901052564383 68.51246091723442 60
      vertex -67.65048070251942 69.43411602079868 60
      vertex -73.77328194468484 75.05575403111247 60
    endloop
  endfacet
  facet normal 0 0 1
    outer loop
      vertex -67.65048070251942 69.43411602079868 60
      vertex -67.57203072309494 69.56999537348747 60
      vertex -73.77328194468484 75.94424596888753 60
    endloop
  endfacet
  facet normal 0 0 1
    outer loop
      vertex -67.57203072309494 69.56999537348747 60
      vertex -67.07311893254519 70.54916489869356 60
      vertex -73.84287269688133 76.38362468597548 60
    endloop
  endfacet
  facet normal 0 0 1
    outer loop
      vertex -67.07311893254519 70.54916489869356 60
      vertex -67.00930196791887 70.69250015169382 60
      vertex -74.56167777390647 77.99808732224301 60
    endloop
  endfacet
  facet normal 0 0 1
    outer loop
      vertex -84 87.5 60
      vertex -75.15619492297485 78.65836550827892 60
      vertex -67.00930196791887 70.69250015169382 60
    endloop
  endfacet
  facet normal 0 0 1
    outer loop
      vertex -84 87.5 60
      vertex -67.00930196791887 70.69250015169382 60
      vertex -66.61547438800335 71.71845606714487 60
    endloop
  endfacet
  facet normal 0 0 1
    outer loop
      vertex -84 87.5 60
      vertex -66.61547438800335 71.71845606714487 60
      vertex -66.56698954850435 71.86767706274986 60
    endloop
  endfacet
  facet normal 0 0 1
    outer loop
      vertex -84 87.5 60
      vertex -66.56698954850435 71.86767706274986 60
      vertex -66.28256103396416 72.92917874455452 60
    endloop
  endfacet
  facet normal 0 0 1
    outer loop
      vertex -84 87.5 60
      vertex -66.28256103396416 72.92917874455452 60
      vertex -66.24993965029716 73.0826502814889 60
    endloop
  endfacet
  facet normal 0 0 1
    outer loop
      vertex -84 87.5 60
      vertex -66.24993965029716 73.0826502814889 60
      vertex -66.07802639901638 74.16806780546904 60
    endloop
  endfacet
  facet normal 0 0 1
    outer loop
      vertex -84 87.5 60
      vertex -66.07802639901638 74.16806780546904 60
      vertex -66.06162585318089 74.3241085857153 60
    endloop
  endfacet
  facet normal 0 0 1
    outer loop
      vertex -84 87.5 60
      vertex -66.06162585318089 74.3241085857153 60
      vertex -66.00411139428616 75.4215499162674 60
    endloop
  endfacet
  facet normal 0 0 1
    outer loop
      vertex -84 87.5 60
      vertex -66.00411139428616 75.4215499162674 60
      vertex -66.00411139428616 75.57845007628202 60
    endloop
  endfacet
  facet normal 0 0 1
    outer loop
      vertex -84 87.5 60
      vertex -66.00411139428616 75.57845007628202 60
      vertex -66.06162586063147 76.67589152604342 60
    endloop
  endfacet
  facet normal 0 0 1
    outer loop
      vertex -84 87.5 60
      vertex -66.06162586063147 76.67589152604342 60
      vertex -66.07802638411522 76.8319320678711 60
    endloop
  endfacet
  facet normal 0 0 1
    outer loop
      vertex -84 87.5 60
      vertex -66.07802638411522 76.8319320678711 60
      vertex -66.24993965029716 77.91734971106052 60
    endloop
  endfacet
  facet normal 0 0 1
    outer loop
      vertex -84 87.5 60
      vertex -66.24993965029716 77.91734971106052 60
      vertex -66.28256103396416 78.0708212479949 60
    endloop
  endfacet
  facet normal 0 0 1
    outer loop
      vertex -84 87.5 60
      vertex -66.28256103396416 78.0708212479949 60
      vertex -66.56698954105377 79.1323229148984 60
    endloop
  endfacet
  facet normal 0 0 1
    outer loop
      vertex -84 87.5 60
      vertex -66.56698954105377 79.1323229148984 60
      vertex -66.61547441035509 79.2815439850092 60
    endloop
  endfacet
  facet normal 0 0 1
    outer loop
      vertex -84 87.5 60
      vertex -66.67050216346979 79.42489618808031 60
      vertex -66.7229304164648 79.57294901460409 60
    endloop
  endfacet
  facet normal 0 0 1
    outer loop
      vertex -84 87.5 60
      vertex -66.61547441035509 79.2815439850092 60
      vertex -66.67050216346979 79.42489618808031 60
    endloop
  endfacet
  facet normal 0 0 1
    outer loop
      vertex -84 87.5 60
      vertex -66.7229304164648 79.57294901460409 60
      vertex -66.8042036741972 79.87626492977142 60
    endloop
  endfacet
  facet normal 0 0 1
    outer loop
      vertex -84 87.5 60
      vertex -66.8042036741972 79.87626492977142 60
      vertex -66.85332655906677 80.18641460686922 60
    endloop
  endfacet
  facet normal 0 0 1
    outer loop
      vertex -84 87.5 60
      vertex -66.85332655906677 80.18641460686922 60
      vertex -66.86976087093353 80.5 60
    endloop
  endfacet
  facet normal 0 0 1
    outer loop
      vertex -84 87.5 60
      vertex -66.86976087093353 80.5 60
      vertex -66.85332655906677 80.81358539313078 60
    endloop
  endfacet
  facet normal 0 0 1
    outer loop
      vertex -84 87.5 60
      vertex -66.85332655906677 80.81358539313078 60
      vertex -66.8042036741972 81.12373507022858 60
    endloop
  endfacet
  facet normal 0 0 1
    outer loop
      vertex -84 87.5 60
      vertex -66.8042036741972 81.12373507022858 60
      vertex -66.7229304164648 81.42705098539591 60
    endloop
  endfacet
  facet normal 0 0 1
    outer loop
      vertex -84 87.5 60
      vertex -66.7229304164648 81.42705098539591 60
      vertex -66.61039724200964 81.7202099263668 60
    endloop
  endfacet
  facet normal 0 0 1
    outer loop
      vertex -84 87.5 60
      vertex -66.61039724200964 81.7202099263668 60
      vertex -66.46783708035946 82 60
    endloop
  endfacet
  facet normal 0 0 1
    outer loop
      vertex -84 87.5 60
      vertex -66.46783708035946 82 60
      vertex -66.29681185632944 82.26335575431585 60
    endloop
  endfacet
  facet normal 0 0 1
    outer loop
      vertex -84 87.5 60
      vertex -66.29681185632944 82.26335575431585 60
      vertex -66.09919534623623 82.50739181786776 60
    endloop
  endfacet
  facet normal 0 0 1
    outer loop
      vertex -84 87.5 60
      vertex -66.09919534623623 82.50739181786776 60
      vertex -65.87715268880129 82.7294344753027 60
    endloop
  endfacet
  facet normal 0 0 1
    outer loop
      vertex -84 87.5 60
      vertex -65.87715268880129 82.7294344753027 60
      vertex -65.63311662524939 82.92705098539591 60
    endloop
  endfacet
  facet normal 0 0 1
    outer loop
      vertex -84 87.5 60
      vertex -65.63311662524939 82.92705098539591 60
      vertex -65.36976087093353 83.09807620942593 60
    endloop
  endfacet
  facet normal 0 0 1
    outer loop
      vertex -84 87.5 60
      vertex -65.36976087093353 83.09807620942593 60
      vertex -65.08997079730034 83.2406363710761 60
    endloop
  endfacet
  facet normal 0 0 1
    outer loop
      vertex -84 87.5 60
      vertex -65.08997079730034 83.2406363710761 60
      vertex -64.79681185632944 83.35316954553127 60
    endloop
  endfacet
  facet normal 0 0 1
    outer loop
      vertex -84 87.5 60
      vertex -64.79681185632944 83.35316954553127 60
      vertex -64.49349594116211 83.43444280326366 60
    endloop
  endfacet
  facet normal 0 0 1
    outer loop
      vertex -84 87.5 60
      vertex -64.49349594116211 83.43444280326366 60
      vertex -64.18334626406431 83.48356568813324 60
    endloop
  endfacet
  facet normal 0 0 1
    outer loop
      vertex -84 87.5 60
      vertex -64.18334626406431 83.48356568813324 60
      vertex -63.86976087093353 83.5 60
    endloop
  endfacet
  facet normal 0 1 0
    outer loop
      vertex -84 87.5 2
      vertex -84 87.5 60
      vertex 84 87.5 60
    endloop
  endfacet
  facet normal 0 -1 0
    outer loop
      vertex -63.86976087093353 83.5 2
      vertex 63.86976087093353 83.5 60
      vertex -63.86976087093353 83.5 60
    endloop
  endfacet
  facet normal 0 0 1
    outer loop
      vertex -84 87.5 60
      vertex -63.86976087093353 83.5 60
      vertex 63.86976087093353 83.5 60
    endloop
  endfacet
  facet normal 0 0 1
    outer loop
      vertex -84 87.5 60
      vertex 63.86976087093353 83.5 60
      vertex 64.02676872164011 83.49588860571384 60
    endloop
  endfacet
  facet normal 0 0 -1
    outer loop
      vertex -73.125 -83.94374768689828 0
      vertex 72.26909379014839 -83.38791569515574 0
      vertex 73.125 -83.94374768689828 0
    endloop
  endfacet
  facet normal 0 0 -1
    outer loop
      vertex -72.26909379014839 -83.38791569515574 0
      vertex 71.47597658800113 -82.7456620484046 0
      vertex 72.26909379014839 -83.38791569515574 0
    endloop
  endfacet
  facet normal 0 0 -1
    outer loop
      vertex -73.125 -83.94374768689828 0
      vertex 76.98084748314038 -85.19658847984067 0
      vertex 78 -85.25 0
    endloop
  endfacet
  facet normal 0 0 -1
    outer loop
      vertex -73.125 -83.94374768689828 0
      vertex 73.125 -83.94374768689828 0
      vertex 74.03431773001095 -84.40706821201536 0
    endloop
  endfacet
  facet normal 0 0 -1
    outer loop
      vertex -73.125 -83.94374768689828 0
      vertex 74.03431773001095 -84.40706821201536 0
      vertex 74.98708430484426 -84.77280103387774 0
    endloop
  endfacet
  facet normal 0 0 -1
    outer loop
      vertex -73.125 -83.94374768689828 0
      vertex 74.98708430484426 -84.77280103387774 0
      vertex 75.97286101452684 -85.03693910715461 0
    endloop
  endfacet
  facet normal 0 0 -1
    outer loop
      vertex -73.125 -83.94374768689828 0
      vertex 75.97286101452684 -85.03693910715461 0
      vertex 76.98084748314038 -85.19658847984067 0
    endloop
  endfacet
  facet normal 0 0 1
    outer loop
      vertex -63.86976087093353 -83.5 2
      vertex 63.86976087093353 -83.5 2
      vertex 64.18334626406431 -83.48356568813324 2
    endloop
  endfacet
  facet normal 0 0 1
    outer loop
      vertex -63.86976087093353 -83.5 2
      vertex 64.18334626406431 -83.48356568813324 2
      vertex 64.49349594116211 -83.43444280326366 2
    endloop
  endfacet
  facet normal 0 0 1
    outer loop
      vertex -63.86976087093353 -83.5 2
      vertex 64.49349594116211 -83.43444280326366 2
      vertex 64.79681185632944 -83.35316954553127 2
    endloop
  endfacet
  facet normal 0 0 1
    outer loop
      vertex -63.86976087093353 -83.5 2
      vertex 64.79681185632944 -83.35316954553127 2
      vertex 65.08997079730034 -83.2406363710761 2
    endloop
  endfacet
  facet normal 0 0 1
    outer loop
      vertex -63.86976087093353 -83.5 2
      vertex 65.08997079730034 -83.2406363710761 2
      vertex 65.36976087093353 -83.09807620942593 2
    endloop
  endfacet
  facet normal 0 0 1
    outer loop
      vertex -63.86976087093353 -83.5 2
      vertex 65.36976087093353 -83.09807620942593 2
      vertex 65.63311662524939 -82.92705098539591 2
    endloop
  endfacet
  facet normal 0 0 1
    outer loop
      vertex -63.86976087093353 -83.5 2
      vertex 65.63311662524939 -82.92705098539591 2
      vertex 65.87715268880129 -82.7294344753027 2
    endloop
  endfacet
  facet normal 0 0 1
    outer loop
      vertex -63.86976087093353 -83.5 2
      vertex 65.87715268880129 -82.7294344753027 2
      vertex 66.09919534623623 -82.50739181786776 2
    endloop
  endfacet
  facet normal 0 0 1
    outer loop
      vertex -65.23173235356808 -83.17301958054304 2
      vertex 66.09919534623623 -82.50739181786776 2
      vertex 66.29681185632944 -82.26335575431585 2
    endloop
  endfacet
  facet normal 0 0 1
    outer loop
      vertex -65.50367796421051 -83.0160117149353 2
      vertex 66.29681185632944 -82.26335575431585 2
      vertex 66.46783708035946 -82 2
    endloop
  endfacet
  facet normal 0 0 1
    outer loop
      vertex -65.50367796421051 -83.0160117149353 2
      vertex 66.46783708035946 -82 2
      vertex 66.61039724200964 -81.7202099263668 2
    endloop
  endfacet
  facet normal 0 0 -1
    outer loop
      vertex -70.11208430484426 -81.23090620985161 0
      vertex 70.11208430484426 -81.23090620985161 0
      vertex 70.7543379515954 -82.02402341199887 0
    endloop
  endfacet
  facet normal 0 0 -1
    outer loop
      vertex -70.11208430484426 -81.23090620985161 0
      vertex 70.7543379515954 -82.02402341199887 0
      vertex 71.47597658800113 -82.7456620484046 0
    endloop
  endfacet
  facet normal 0 0 -1
    outer loop
      vertex -69.55625231310172 -80.375 0
      vertex 69.55625231310172 -80.375 0
      vertex 70.11208430484426 -81.23090620985161 0
    endloop
  endfacet
  facet normal 0 0 -1
    outer loop
      vertex -69.09293178798464 -79.46568226998905 0
      vertex 69.09293178798464 -79.46568226998905 0
      vertex 69.55625231310172 -80.375 0
    endloop
  endfacet
  facet normal 0 0 -1
    outer loop
      vertex -68.46306089284539 -77.52713898547316 0
      vertex 68.46306089284539 -77.52713898547316 0
      vertex 68.72719896612226 -78.51291569515574 0
    endloop
  endfacet
  facet normal 0 0 -1
    outer loop
      vertex -68.30341152015933 -76.51915251685962 0
      vertex 68.30341152015933 -76.51915251685962 0
      vertex 68.46306089284539 -77.52713898547316 0
    endloop
  endfacet
  facet normal 0 0 -1
    outer loop
      vertex -68.72719896612226 -78.51291569515574 0
      vertex 68.72719896612226 -78.51291569515574 0
      vertex 69.09293178798464 -79.46568226998905 0
    endloop
  endfacet
  facet normal 0 0 1
    outer loop
      vertex -66.20119874179363 -82.3879611864686 2
      vertex 66.61039724200964 -81.7202099263668 2
      vertex 66.7229304164648 -81.42705098539591 2
    endloop
  endfacet
  facet normal 0 0 1
    outer loop
      vertex -66.20119874179363 -82.3879611864686 2
      vertex 66.7229304164648 -81.42705098539591 2
      vertex 66.8042036741972 -81.12373507022858 2
    endloop
  endfacet
  facet normal 0 0 1
    outer loop
      vertex -66.20119874179363 -82.3879611864686 2
      vertex 66.8042036741972 -81.12373507022858 2
      vertex 66.85332655906677 -80.81358539313078 2
    endloop
  endfacet
  facet normal 0 0 1
    outer loop
      vertex -66.20119874179363 -82.3879611864686 2
      vertex 66.85332655906677 -80.81358539313078 2
      vertex 66.86976087093353 -80.5 2
    endloop
  endfacet
  facet normal 0 0 1
    outer loop
      vertex -66.20119874179363 -82.3879611864686 2
      vertex 66.86976087093353 -80.5 2
      vertex 66.85332655906677 -80.18641460686922 2
    endloop
  endfacet
  facet normal 0 0 1
    outer loop
      vertex -66.20119874179363 -82.3879611864686 2
      vertex 66.85332655906677 -80.18641460686922 2
      vertex 66.8042036741972 -79.87626492977142 2
    endloop
  endfacet
  facet normal 0 0 1
    outer loop
      vertex -66.20119874179363 -82.3879611864686 2
      vertex 66.28256103396416 -78.0708212479949 2
      vertex 66.24993965029716 -77.91734971106052 2
    endloop
  endfacet
  facet normal 0 0 1
    outer loop
      vertex -66.20119874179363 -82.3879611864686 2
      vertex 66.8042036741972 -79.87626492977142 2
      vertex 66.7229304164648 -79.57294901460409 2
    endloop
  endfacet
  facet normal 0 0 1
    outer loop
      vertex -66.20119874179363 -82.3879611864686 2
      vertex 66.7229304164648 -79.57294901460409 2
      vertex 66.67050216346979 -79.42489618808031 2
    endloop
  endfacet
  facet normal 0 0 1
    outer loop
      vertex -66.20119874179363 -82.3879611864686 2
      vertex 66.67050216346979 -79.42489618808031 2
      vertex 66.61547441035509 -79.2815439850092 2
    endloop
  endfacet
  facet normal 0 0 1
    outer loop
      vertex -66.20119874179363 -82.3879611864686 2
      vertex 66.61547441035509 -79.2815439850092 2
      vertex 66.56698954105377 -79.1323229148984 2
    endloop
  endfacet
  facet normal 0 0 1
    outer loop
      vertex -66.20119874179363 -82.3879611864686 2
      vertex 66.56698954105377 -79.1323229148984 2
      vertex 66.28256103396416 -78.0708212479949 2
    endloop
  endfacet
  facet normal 0 0 1
    outer loop
      vertex -66.20119874179363 -82.3879611864686 2
      vertex 66.24993965029716 -77.91734971106052 2
      vertex 66.07802638411522 -76.8319320678711 2
    endloop
  endfacet
  facet normal 0 0 1
    outer loop
      vertex -66.20119874179363 -82.3879611864686 2
      vertex 66.07802638411522 -76.8319320678711 2
      vertex 66.06162586063147 -76.67589152604342 2
    endloop
  endfacet
  facet normal 0 0 1
    outer loop
      vertex -66.20119874179363 -82.3879611864686 2
      vertex 66.06162586063147 -76.67589152604342 2
      vertex 66.00411139428616 -75.57845007628202 2
    endloop
  endfacet
  facet normal 0 0 1
    outer loop
      vertex -66.20119874179363 -82.3879611864686 2
      vertex 66.00411139428616 -75.57845007628202 2
      vertex 66.00411139428616 -75.4215499162674 2
    endloop
  endfacet
  facet normal 0 0 1
    outer loop
      vertex -66.20119874179363 -82.3879611864686 2
      vertex 66.00411139428616 -75.4215499162674 2
      vertex 66.06162585318089 -74.3241085857153 2
    endloop
  endfacet
  facet normal 0 0 1
    outer loop
      vertex -66.20119874179363 -82.3879611864686 2
      vertex 66.06162585318089 -74.3241085857153 2
      vertex 66.07802639901638 -74.16806780546904 2
    endloop
  endfacet
  facet normal 0 0 -1
    outer loop
      vertex -68.25 -75.5 0
      vertex 68.25 -75.5 0
      vertex 68.30341152015933 -76.51915251685962 0
    endloop
  endfacet
  facet normal 0 0 -1
    outer loop
      vertex -68.30341152015933 -74.48084748314038 0
      vertex 68.30341152015933 -74.48084748314038 0
      vertex 68.25 -75.5 0
    endloop
  endfacet
  facet normal 0 0 -1
    outer loop
      vertex -68.46306089284539 -73.47286101452684 0
      vertex 68.46306089284539 -73.47286101452684 0
      vertex 68.30341152015933 -74.48084748314038 0
    endloop
  endfacet
  facet normal 0 0 -1
    outer loop
      vertex -68.72719896612226 -72.48708430484426 0
      vertex 68.72719896612226 -72.48708430484426 0
      vertex 68.46306089284539 -73.47286101452684 0
    endloop
  endfacet
  facet normal 0 0 -1
    outer loop
      vertex -69.09293178798464 -71.53431773001095 0
      vertex 69.09293178798464 -71.53431773001095 0
      vertex 68.72719896612226 -72.48708430484426 0
    endloop
  endfacet
  facet normal 0 0 1
    outer loop
      vertex -66.20119874179363 -82.3879611864686 2
      vertex 66.07802639901638 -74.16806780546904 2
      vertex 66.24993965029716 -73.0826502814889 2
    endloop
  endfacet
  facet normal 0 0 1
    outer loop
      vertex -66.20119874179363 -82.3879611864686 2
      vertex 66.24993965029716 -73.0826502814889 2
      vertex 66.28256103396416 -72.92917874455452 2
    endloop
  endfacet
  facet normal 0 0 1
    outer loop
      vertex -66.20119874179363 -82.3879611864686 2
      vertex 66.28256103396416 -72.92917874455452 2
      vertex 66.56698954850435 -71.86767706274986 2
    endloop
  endfacet
  facet normal 0 0 1
    outer loop
      vertex -66.20119874179363 -82.3879611864686 2
      vertex 66.56698954850435 -71.86767706274986 2
      vertex 66.61547438800335 -71.71845606714487 2
    endloop
  endfacet
  facet normal 0 0 1
    outer loop
      vertex -66.20119874179363 -82.3879611864686 2
      vertex 66.61547438800335 -71.71845606714487 2
      vertex 67.00930196791887 -70.69250015169382 2
    endloop
  endfacet
  facet normal 0 0 1
    outer loop
      vertex -66.20119874179363 -82.3879611864686 2
      vertex 67.00930196791887 -70.69250015169382 2
      vertex 67.07311893254519 -70.54916489869356 2
    endloop
  endfacet
  facet normal 0 0 1
    outer loop
      vertex -66.20119874179363 -82.3879611864686 2
      vertex 67.07311893254519 -70.54916489869356 2
      vertex 67.57203072309494 -69.56999537348747 2
    endloop
  endfacet
  facet normal 0 0 1
    outer loop
      vertex -66.20119874179363 -82.3879611864686 2
      vertex 67.57203072309494 -69.56999537348747 2
      vertex 67.65048070251942 -69.43411602079868 2
    endloop
  endfacet
  facet normal 0 0 -1
    outer loop
      vertex -84 -87.5 0
      vertex 85.24747014790773 -87.36888560652733 0
      vertex 84 -87.5 0
    endloop
  endfacet
  facet normal 0 0 -1
    outer loop
      vertex -84 -87.5 0
      vertex 85.85410196334124 -87.20633909851313 0
      vertex 85.24747014790773 -87.36888560652733 0
    endloop
  endfacet
  facet normal 0 0 -1
    outer loop
      vertex -84.62717077881098 -87.4671313688159 0
      vertex 86.44041986018419 -86.98127274215221 0
      vertex 85.85410196334124 -87.20633909851313 0
    endloop
  endfacet
  facet normal 0 0 -1
    outer loop
      vertex -85.24747014790773 -87.36888560652733 0
      vertex 87 -86.69615242630243 0
      vertex 86.44041986018419 -86.98127274215221 0
    endloop
  endfacet
  facet normal 0 0 -1
    outer loop
      vertex 87 -86.69615242630243 0
      vertex -73.125 -83.94374768689828 0
      vertex 78 -85.25 0
    endloop
  endfacet
  facet normal 0 -1 0
    outer loop
      vertex -84 -87.5 2
      vertex 84 -87.5 0
      vertex 84 -87.5 2
    endloop
  endfacet
  facet normal -0.052335949247149044 0.998629535121208 0
    outer loop
      vertex 63.86976087093353 -83.5 2
      vertex 63.86976087093353 -83.5 60
      vertex 64.18334626406431 -83.48356568813324 2
    endloop
  endfacet
  facet normal -0.15643447077382908 0.987688339687025 0
    outer loop
      vertex 64.18334626406431 -83.48356568813324 2
      vertex 64.18334626406431 -83.48356568813324 60
      vertex 64.49349594116211 -83.43444280326366 2
    endloop
  endfacet
  facet normal -0.25881905464550803 0.9659258237320325 0
    outer loop
      vertex 64.49349594116211 -83.43444280326366 2
      vertex 64.49349594116211 -83.43444280326366 60
      vertex 64.79681185632944 -83.35316954553127 2
    endloop
  endfacet
  facet normal -0.358367950842512 0.9335804259992488 0
    outer loop
      vertex 64.79681185632944 -83.35316954553127 2
      vertex 64.79681185632944 -83.35316954553127 60
      vertex 65.08997079730034 -83.2406363710761 2
    endloop
  endfacet
  facet normal -0.45399049624595805 0.8910065259684402 0
    outer loop
      vertex 65.08997079730034 -83.2406363710761 2
      vertex 65.08997079730034 -83.2406363710761 60
      vertex 65.36976087093353 -83.09807620942593 2
    endloop
  endfacet
  facet normal -0.5446390293369446 0.8386705716328138 0
    outer loop
      vertex 65.36976087093353 -83.09807620942593 2
      vertex 65.36976087093353 -83.09807620942593 60
      vertex 65.63311662524939 -82.92705098539591 2
    endloop
  endfacet
  facet normal -0.629320395483342 0.7771459578667895 0
    outer loop
      vertex 65.63311662524939 -82.92705098539591 2
      vertex 65.63311662524939 -82.92705098539591 60
      vertex 65.87715268880129 -82.7294344753027 2
    endloop
  endfacet
  facet normal -0.7071067811865476 0.7071067811865476 0
    outer loop
      vertex 65.87715268880129 -82.7294344753027 2
      vertex 65.87715268880129 -82.7294344753027 60
      vertex 66.09919534623623 -82.50739181786776 2
    endloop
  endfacet
  facet normal -0.7771459578667895 0.629320395483342 0
    outer loop
      vertex 66.09919534623623 -82.50739181786776 2
      vertex 66.09919534623623 -82.50739181786776 60
      vertex 66.29681185632944 -82.26335575431585 2
    endloop
  endfacet
  facet normal -0.8386705716328138 0.5446390293369446 0
    outer loop
      vertex 66.29681185632944 -82.26335575431585 2
      vertex 66.29681185632944 -82.26335575431585 60
      vertex 66.46783708035946 -82 2
    endloop
  endfacet
  facet normal -0.8910065259684402 0.45399049624595805 0
    outer loop
      vertex 66.46783708035946 -82 2
      vertex 66.46783708035946 -82 60
      vertex 66.61039724200964 -81.7202099263668 2
    endloop
  endfacet
  facet normal -0.9335804259992488 0.358367950842512 0
    outer loop
      vertex 66.61039724200964 -81.7202099263668 2
      vertex 66.61039724200964 -81.7202099263668 60
      vertex 66.7229304164648 -81.42705098539591 2
    endloop
  endfacet
  facet normal -0.9659258237320325 0.25881905464550803 0
    outer loop
      vertex 66.7229304164648 -81.42705098539591 2
      vertex 66.7229304164648 -81.42705098539591 60
      vertex 66.8042036741972 -81.12373507022858 2
    endloop
  endfacet
  facet normal -0.987688339687025 0.15643447077382908 0
    outer loop
      vertex 66.8042036741972 -81.12373507022858 2
      vertex 66.8042036741972 -81.12373507022858 60
      vertex 66.85332655906677 -80.81358539313078 2
    endloop
  endfacet
  facet normal -0.998629535121208 0.052335949247149044 0
    outer loop
      vertex 66.85332655906677 -80.81358539313078 2
      vertex 66.85332655906677 -80.81358539313078 60
      vertex 66.86976087093353 -80.5 2
    endloop
  endfacet
  facet normal -0.998629535121208 -0.052335949247149044 0
    outer loop
      vertex 66.86976087093353 -80.5 2
      vertex 66.86976087093353 -80.5 60
      vertex 66.85332655906677 -80.18641460686922 2
    endloop
  endfacet
  facet normal -0.987688339687025 -0.15643447077382908 0
    outer loop
      vertex 66.85332655906677 -80.18641460686922 2
      vertex 66.85332655906677 -80.18641460686922 60
      vertex 66.8042036741972 -79.87626492977142 2
    endloop
  endfacet
  facet normal -0.9426414962864854 -0.33380684456549964 0
    outer loop
      vertex 66.67050216346979 -79.42489618808031 2
      vertex 66.7229304164648 -79.57294901460409 2
      vertex 66.7229304164648 -79.57294901460409 60
    endloop
  endfacet
  facet normal -0.933580430827447 -0.3583679382646259 0
    outer loop
      vertex 66.67050216346979 -79.42489618808031 2
      vertex 66.67050216346979 -79.42489618808031 60
      vertex 66.61547441035509 -79.2815439850092 2
    endloop
  endfacet
  facet normal -0.9659258237320325 -0.25881905464550803 0
    outer loop
      vertex 66.8042036741972 -79.87626492977142 2
      vertex 66.8042036741972 -79.87626492977142 60
      vertex 66.7229304164648 -79.57294901460409 2
    endloop
  endfacet
  facet normal -0.9781475988388045 -0.20791169973303814 0
    outer loop
      vertex 66.28256103396416 -78.0708212479949 2
      vertex 66.28256103396416 -78.0708212479949 60
      vertex 66.24993965029716 -77.91734971106052 2
    endloop
  endfacet
  facet normal -0.9510565078111152 -0.3090170204861316 0
    outer loop
      vertex 66.61547441035509 -79.2815439850092 2
      vertex 66.61547441035509 -79.2815439850092 60
      vertex 66.56698954105377 -79.1323229148984 2
    endloop
  endfacet
  facet normal -0.9659258279546319 -0.25881903888655244 0
    outer loop
      vertex 66.28256103396416 -78.0708212479949 2
      vertex 66.56698954105377 -79.1323229148984 2
      vertex 66.56698954105377 -79.1323229148984 60
    endloop
  endfacet
  facet normal -0.9876883405604088 -0.15643446525950055 0
    outer loop
      vertex 66.24993965029716 -77.91734971106052 2
      vertex 66.24993965029716 -77.91734971106052 60
      vertex 66.07802638411522 -76.8319320678711 2
    endloop
  endfacet
  facet normal -0.9945218942654319 -0.10452847376048861 0
    outer loop
      vertex 66.07802638411522 -76.8319320678711 2
      vertex 66.07802638411522 -76.8319320678711 60
      vertex 66.06162586063147 -76.67589152604342 2
    endloop
  endfacet
  facet normal -0.9986295348939128 -0.052335953584199485 0
    outer loop
      vertex 66.06162586063147 -76.67589152604342 2
      vertex 66.06162586063147 -76.67589152604342 60
      vertex 66.00411139428616 -75.57845007628202 2
    endloop
  endfacet
  facet normal -1 0 0
    outer loop
      vertex 66.00411139428616 -75.57845007628202 2
      vertex 66.00411139428616 -75.57845007628202 60
      vertex 66.00411139428616 -75.4215499162674 2
    endloop
  endfacet
  facet normal -0.9986295349511297 0.05233595249243526 0
    outer loop
      vertex 66.00411139428616 -75.4215499162674 2
      vertex 66.00411139428616 -75.4215499162674 60
      vertex 66.06162585318089 -74.3241085857153 2
    endloop
  endfacet
  facet normal -0.9945218960590235 0.1045284566956052 0
    outer loop
      vertex 66.06162585318089 -74.3241085857153 2
      vertex 66.06162585318089 -74.3241085857153 60
      vertex 66.07802639901638 -74.16806780546904 2
    endloop
  endfacet
  facet normal -0.9876883400008707 0.15643446879228512 0
    outer loop
      vertex 66.07802639901638 -74.16806780546904 2
      vertex 66.07802639901638 -74.16806780546904 60
      vertex 66.24993965029716 -73.0826502814889 2
    endloop
  endfacet
  facet normal -0.9781475988388045 0.20791169973303814 0
    outer loop
      vertex 66.24993965029716 -73.0826502814889 2
      vertex 66.24993965029716 -73.0826502814889 60
      vertex 66.28256103396416 -72.92917874455452 2
    endloop
  endfacet
  facet normal -0.9659258271680096 0.2588190418222672 0
    outer loop
      vertex 66.28256103396416 -72.92917874455452 2
      vertex 66.28256103396416 -72.92917874455452 60
      vertex 66.56698954850435 -71.86767706274986 2
    endloop
  endfacet
  facet normal -0.9510565182891794 0.309016988237967 0
    outer loop
      vertex 66.56698954850435 -71.86767706274986 2
      vertex 66.56698954850435 -71.86767706274986 60
      vertex 66.61547438800335 -71.71845606714487 2
    endloop
  endfacet
  facet normal -0.9335804257537463 0.35836795148206757 0
    outer loop
      vertex 66.61547438800335 -71.71845606714487 2
      vertex 66.61547438800335 -71.71845606714487 60
      vertex 67.00930196791887 -70.69250015169382 2
    endloop
  endfacet
  facet normal -0.9135454614917974 0.4067366344303633 0
    outer loop
      vertex 67.00930196791887 -70.69250015169382 2
      vertex 67.00930196791887 -70.69250015169382 60
      vertex 67.07311893254519 -70.54916489869356 2
    endloop
  endfacet
  facet normal 0 0 -1
    outer loop
      vertex -73.125 67.05625231310172 0
      vertex 69.55625231310172 -70.625 0
      vertex 69.09293178798464 -71.53431773001095 0
    endloop
  endfacet
  facet normal 0 0 -1
    outer loop
      vertex -73.125 67.05625231310172 0
      vertex 70.11208430484426 -69.76909379014839 0
      vertex 69.55625231310172 -70.625 0
    endloop
  endfacet
  facet normal 0 0 -1
    outer loop
      vertex -73.125 67.05625231310172 0
      vertex 70.7543379515954 -68.97597658800113 0
      vertex 70.11208430484426 -69.76909379014839 0
    endloop
  endfacet
  facet normal 0 0 -1
    outer loop
      vertex -73.125 67.05625231310172 0
      vertex 71.47597658800113 -68.2543379515954 0
      vertex 70.7543379515954 -68.97597658800113 0
    endloop
  endfacet
  facet normal 0 0 -1
    outer loop
      vertex -73.125 67.05625231310172 0
      vertex 72.26909379014839 -67.61208430484426 0
      vertex 71.47597658800113 -68.2543379515954 0
    endloop
  endfacet
  facet normal 0 0 -1
    outer loop
      vertex -73.125 67.05625231310172 0
      vertex 73.125 -67.05625231310172 0
      vertex 72.26909379014839 -67.61208430484426 0
    endloop
  endfacet
  facet normal 0 0 1
    outer loop
      vertex -66.07802638411522 -74.16806792467833 2
      vertex 67.65048070251942 -69.43411602079868 2
      vertex 75.5826502814889 63.749939650297165 2
    endloop
  endfacet
  facet normal 0 0 -1
    outer loop
      vertex -69.09293178798464 71.53431773001095 0
      vertex 74.03431773001095 -66.59293178798464 0
      vertex 73.125 -67.05625231310172 0
    endloop
  endfacet
  facet normal 0.7071067811865475 0.7071067811865475 0
    outer loop
      vertex 70.7543379515954 -82.02402341199887 9.99
      vertex 71.47597658800113 -82.7456620484046 0
      vertex 70.7543379515954 -82.02402341199887 0
    endloop
  endfacet
  facet normal 0.629320391049836 0.7771459614569721 0
    outer loop
      vertex 71.47597658800113 -82.7456620484046 9.99
      vertex 72.26909379014839 -83.38791569515574 0
      vertex 71.47597658800113 -82.7456620484046 0
    endloop
  endfacet
  facet normal 0.5446390350150261 0.8386705679454247 0
    outer loop
      vertex 72.26909379014839 -83.38791569515574 9.99
      vertex 73.125 -83.94374768689828 0
      vertex 72.26909379014839 -83.38791569515574 0
    endloop
  endfacet
  facet normal 0.4539904997395454 0.8910065241883686 0
    outer loop
      vertex 73.125 -83.94374768689828 9.99
      vertex 74.03431773001095 -84.40706821201536 0
      vertex 73.125 -83.94374768689828 0
    endloop
  endfacet
  facet normal 0.7771459614569721 0.629320391049836 0
    outer loop
      vertex 70.11208430484426 -81.23090620985161 9.99
      vertex 70.7543379515954 -82.02402341199887 0
      vertex 70.11208430484426 -81.23090620985161 0
    endloop
  endfacet
  facet normal 0.8910065241883686 0.4539904997395454 0
    outer loop
      vertex 69.09293178798464 -79.46568226998905 9.99
      vertex 69.55625231310172 -80.375 0
      vertex 69.09293178798464 -79.46568226998905 0
    endloop
  endfacet
  facet normal 0.8386705679454247 0.5446390350150261 0
    outer loop
      vertex 69.55625231310172 -80.375 9.99
      vertex 70.11208430484426 -81.23090620985161 0
      vertex 69.55625231310172 -80.375 0
    endloop
  endfacet
  facet normal 0.9659258262890655 0.2588190451025307 0
    outer loop
      vertex 68.46306089284539 -77.52713898547316 9.99
      vertex 68.72719896612226 -78.51291569515574 0
      vertex 68.46306089284539 -77.52713898547316 0
    endloop
  endfacet
  facet normal 0.9876883405951375 0.15643446504023134 0
    outer loop
      vertex 68.30341152015933 -76.51915251685962 9.99
      vertex 68.46306089284539 -77.52713898547316 0
      vertex 68.30341152015933 -76.51915251685962 0
    endloop
  endfacet
  facet normal 0.9335804264972032 0.3583679495452964 0
    outer loop
      vertex 68.72719896612226 -78.51291569515574 9.99
      vertex 69.09293178798464 -79.46568226998905 0
      vertex 68.72719896612226 -78.51291569515574 0
    endloop
  endfacet
  facet normal 0.2588190451025307 0.9659258262890655 0
    outer loop
      vertex 74.98708430484426 -84.77280103387774 9.99
      vertex 75.97286101452684 -85.03693910715461 0
      vertex 74.98708430484426 -84.77280103387774 0
    endloop
  endfacet
  facet normal 0.15643446504023134 0.9876883405951375 0
    outer loop
      vertex 75.97286101452684 -85.03693910715461 9.99
      vertex 76.98084748314038 -85.19658847984067 0
      vertex 75.97286101452684 -85.03693910715461 0
    endloop
  endfacet
  facet normal 0.3583679495452964 0.9335804264972032 0
    outer loop
      vertex 74.03431773001095 -84.40706821201536 9.99
      vertex 74.98708430484426 -84.77280103387774 0
      vertex 74.03431773001095 -84.40706821201536 0
    endloop
  endfacet
  facet normal 0.05233595624293854 0.9986295347545742 0
    outer loop
      vertex 76.98084748314038 -85.19658847984067 9.99
      vertex 78 -85.25 0
      vertex 76.98084748314038 -85.19658847984067 0
    endloop
  endfacet
  facet normal -0.05233595624293854 0.9986295347545742 0
    outer loop
      vertex 78 -85.25 9.99
      vertex 79.01915251685962 -85.19658847984067 0
      vertex 78 -85.25 0
    endloop
  endfacet
  facet normal -0.15643446504023134 0.9876883405951375 0
    outer loop
      vertex 79.01915251685962 -85.19658847984067 9.99
      vertex 80.02713898547316 -85.03693910715461 0
      vertex 79.01915251685962 -85.19658847984067 0
    endloop
  endfacet
  facet normal 0.629320391049836 0.7771459614569721 0
    outer loop
      vertex 71.47597658800113 -82.7456620484046 9.99
      vertex 72.26909379014839 -83.38791569515574 9.99
      vertex 72.26909379014839 -83.38791569515574 0
    endloop
  endfacet
  facet normal 0.7071067811865475 0.7071067811865475 0
    outer loop
      vertex 71.47597658800113 -82.7456620484046 9.99
      vertex 71.47597658800113 -82.7456620484046 0
      vertex 70.7543379515954 -82.02402341199887 9.99
    endloop
  endfacet
  facet normal 0.5446390350150261 0.8386705679454247 0
    outer loop
      vertex 72.26909379014839 -83.38791569515574 9.99
      vertex 73.125 -83.94374768689828 9.99
      vertex 73.125 -83.94374768689828 0
    endloop
  endfacet
  facet normal 0.8386705679454247 0.5446390350150261 0
    outer loop
      vertex 70.11208430484426 -81.23090620985161 9.99
      vertex 70.11208430484426 -81.23090620985161 0
      vertex 69.55625231310172 -80.375 9.99
    endloop
  endfacet
  facet normal 0.8910065241883686 0.4539904997395454 0
    outer loop
      vertex 69.55625231310172 -80.375 9.99
      vertex 69.55625231310172 -80.375 0
      vertex 69.09293178798464 -79.46568226998905 9.99
    endloop
  endfacet
  facet normal 0.9659258262890655 0.2588190451025307 0
    outer loop
      vertex 68.46306089284539 -77.52713898547316 9.99
      vertex 68.72719896612226 -78.51291569515574 9.99
      vertex 68.72719896612226 -78.51291569515574 0
    endloop
  endfacet
  facet normal 0.9876883405951375 0.15643446504023134 0
    outer loop
      vertex 68.46306089284539 -77.52713898547316 9.99
      vertex 68.46306089284539 -77.52713898547316 0
      vertex 68.30341152015933 -76.51915251685962 9.99
    endloop
  endfacet
  facet normal 0.9335804264972032 0.3583679495452964 0
    outer loop
      vertex 69.09293178798464 -79.46568226998905 9.99
      vertex 69.09293178798464 -79.46568226998905 0
      vertex 68.72719896612226 -78.51291569515574 9.99
    endloop
  endfacet
  facet normal 0.7771459614569721 0.629320391049836 0
    outer loop
      vertex 70.11208430484426 -81.23090620985161 9.99
      vertex 70.7543379515954 -82.02402341199887 9.99
      vertex 70.7543379515954 -82.02402341199887 0
    endloop
  endfacet
  facet normal 0.2588190451025307 0.9659258262890655 0
    outer loop
      vertex 74.98708430484426 -84.77280103387774 9.99
      vertex 75.97286101452684 -85.03693910715461 9.99
      vertex 75.97286101452684 -85.03693910715461 0
    endloop
  endfacet
  facet normal 0.15643446504023134 0.9876883405951375 0
    outer loop
      vertex 75.97286101452684 -85.03693910715461 9.99
      vertex 76.98084748314038 -85.19658847984067 9.99
      vertex 76.98084748314038 -85.19658847984067 0
    endloop
  endfacet
  facet normal 0.4539904997395454 0.8910065241883686 0
    outer loop
      vertex 73.125 -83.94374768689828 9.99
      vertex 74.03431773001095 -84.40706821201536 9.99
      vertex 74.03431773001095 -84.40706821201536 0
    endloop
  endfacet
  facet normal 0.3583679495452964 0.9335804264972032 0
    outer loop
      vertex 74.03431773001095 -84.40706821201536 9.99
      vertex 74.98708430484426 -84.77280103387774 9.99
      vertex 74.98708430484426 -84.77280103387774 0
    endloop
  endfacet
  facet normal 0.05233595624293854 0.9986295347545742 0
    outer loop
      vertex 76.98084748314038 -85.19658847984067 9.99
      vertex 78 -85.25 9.99
      vertex 78 -85.25 0
    endloop
  endfacet
  facet normal -0.05233595624293854 0.9986295347545742 0
    outer loop
      vertex 78 -85.25 9.99
      vertex 79.01915251685962 -85.19658847984067 9.99
      vertex 79.01915251685962 -85.19658847984067 0
    endloop
  endfacet
  facet normal -0.15643446504023134 0.9876883405951375 0
    outer loop
      vertex 79.01915251685962 -85.19658847984067 9.99
      vertex 80.02713898547316 -85.03693910715461 9.99
      vertex 80.02713898547316 -85.03693910715461 0
    endloop
  endfacet
  facet normal 0.9986295347545742 0.05233595624293854 0
    outer loop
      vertex 68.25 -75.5 9.99
      vertex 68.30341152015933 -76.51915251685962 0
      vertex 68.25 -75.5 0
    endloop
  endfacet
  facet normal 0.9986295347545742 -0.05233595624293854 0
    outer loop
      vertex 68.30341152015933 -74.48084748314038 9.99
      vertex 68.25 -75.5 0
      vertex 68.30341152015933 -74.48084748314038 0
    endloop
  endfacet
  facet normal 0.9876883405951375 -0.15643446504023134 0
    outer loop
      vertex 68.46306089284539 -73.47286101452684 9.99
      vertex 68.30341152015933 -74.48084748314038 0
      vertex 68.46306089284539 -73.47286101452684 0
    endloop
  endfacet
  facet normal 0.9659258262890655 -0.2588190451025307 0
    outer loop
      vertex 68.72719896612226 -72.48708430484426 9.99
      vertex 68.46306089284539 -73.47286101452684 0
      vertex 68.72719896612226 -72.48708430484426 0
    endloop
  endfacet
  facet normal 0.9335804264972032 -0.3583679495452964 0
    outer loop
      vertex 69.09293178798464 -71.53431773001095 9.99
      vertex 68.72719896612226 -72.48708430484426 0
      vertex 69.09293178798464 -71.53431773001095 0
    endloop
  endfacet
  facet normal 0.8910065241883686 -0.4539904997395454 0
    outer loop
      vertex 69.55625231310172 -70.625 9.99
      vertex 69.09293178798464 -71.53431773001095 0
      vertex 69.55625231310172 -70.625 0
    endloop
  endfacet
  facet normal 0.8386705679454247 -0.5446390350150261 0
    outer loop
      vertex 70.11208430484426 -69.76909379014839 9.99
      vertex 69.55625231310172 -70.625 0
      vertex 70.11208430484426 -69.76909379014839 0
    endloop
  endfacet
  facet normal 0.7771459614569721 -0.629320391049836 0
    outer loop
      vertex 70.7543379515954 -68.97597658800113 9.99
      vertex 70.11208430484426 -69.76909379014839 0
      vertex 70.7543379515954 -68.97597658800113 0
    endloop
  endfacet
  facet normal 0.7071067811865475 -0.7071067811865475 0
    outer loop
      vertex 71.47597658800113 -68.2543379515954 9.99
      vertex 70.7543379515954 -68.97597658800113 0
      vertex 71.47597658800113 -68.2543379515954 0
    endloop
  endfacet
  facet normal 0.629320391049836 -0.7771459614569721 0
    outer loop
      vertex 72.26909379014839 -67.61208430484426 9.99
      vertex 71.47597658800113 -68.2543379515954 0
      vertex 72.26909379014839 -67.61208430484426 0
    endloop
  endfacet
  facet normal 0.5446390350150261 -0.8386705679454247 0
    outer loop
      vertex 73.125 -67.05625231310172 9.99
      vertex 72.26909379014839 -67.61208430484426 0
      vertex 73.125 -67.05625231310172 0
    endloop
  endfacet
  facet normal 0.4539904997395454 -0.8910065241883686 0
    outer loop
      vertex 74.03431773001095 -66.59293178798464 9.99
      vertex 73.125 -67.05625231310172 0
      vertex 74.03431773001095 -66.59293178798464 0
    endloop
  endfacet
  facet normal 0.3583679495452964 -0.9335804264972032 0
    outer loop
      vertex 74.98708430484426 -66.22719896612226 9.99
      vertex 74.03431773001095 -66.59293178798464 0
      vertex 74.98708430484426 -66.22719896612226 0
    endloop
  endfacet
  facet normal 0.2588190451025307 -0.9659258262890655 0
    outer loop
      vertex 75.97286101452684 -65.96306089284539 9.99
      vertex 74.98708430484426 -66.22719896612226 0
      vertex 75.97286101452684 -65.96306089284539 0
    endloop
  endfacet
  facet normal 0.15643446504023134 -0.9876883405951375 0
    outer loop
      vertex 76.98084748314038 -65.80341152015933 9.99
      vertex 75.97286101452684 -65.96306089284539 0
      vertex 76.98084748314038 -65.80341152015933 0
    endloop
  endfacet
  facet normal 0.05233595624293854 -0.9986295347545742 0
    outer loop
      vertex 78 -65.75 9.99
      vertex 76.98084748314038 -65.80341152015933 0
      vertex 78 -65.75 0
    endloop
  endfacet
  facet normal -0.05233595624293854 -0.9986295347545742 0
    outer loop
      vertex 79.01915251685962 -65.80341152015933 9.99
      vertex 78 -65.75 0
      vertex 79.01915251685962 -65.80341152015933 0
    endloop
  endfacet
  facet normal -0.15643446504023134 -0.9876883405951375 0
    outer loop
      vertex 80.02713898547316 -65.96306089284539 9.99
      vertex 79.01915251685962 -65.80341152015933 0
      vertex 80.02713898547316 -65.96306089284539 0
    endloop
  endfacet
  facet normal 0.9986295347545742 0.05233595624293854 0
    outer loop
      vertex 68.30341152015933 -76.51915251685962 9.99
      vertex 68.30341152015933 -76.51915251685962 0
      vertex 68.25 -75.5 9.99
    endloop
  endfacet
  facet normal 0.9986295347545742 -0.05233595624293854 0
    outer loop
      vertex 68.25 -75.5 9.99
      vertex 68.25 -75.5 0
      vertex 68.30341152015933 -74.48084748314038 9.99
    endloop
  endfacet
  facet normal 0.9876883405951375 -0.15643446504023134 0
    outer loop
      vertex 68.30341152015933 -74.48084748314038 9.99
      vertex 68.30341152015933 -74.48084748314038 0
      vertex 68.46306089284539 -73.47286101452684 9.99
    endloop
  endfacet
  facet normal 0.9659258262890655 -0.2588190451025307 0
    outer loop
      vertex 68.46306089284539 -73.47286101452684 9.99
      vertex 68.46306089284539 -73.47286101452684 0
      vertex 68.72719896612226 -72.48708430484426 9.99
    endloop
  endfacet
  facet normal 0.9335804264972032 -0.3583679495452964 0
    outer loop
      vertex 68.72719896612226 -72.48708430484426 9.99
      vertex 68.72719896612226 -72.48708430484426 0
      vertex 69.09293178798464 -71.53431773001095 9.99
    endloop
  endfacet
  facet normal 0.8910065241883686 -0.4539904997395454 0
    outer loop
      vertex 69.09293178798464 -71.53431773001095 9.99
      vertex 69.09293178798464 -71.53431773001095 0
      vertex 69.55625231310172 -70.625 9.99
    endloop
  endfacet
  facet normal 0.8386705679454247 -0.5446390350150261 0
    outer loop
      vertex 69.55625231310172 -70.625 9.99
      vertex 69.55625231310172 -70.625 0
      vertex 70.11208430484426 -69.76909379014839 9.99
    endloop
  endfacet
  facet normal 0.7771459614569721 -0.629320391049836 0
    outer loop
      vertex 70.11208430484426 -69.76909379014839 9.99
      vertex 70.11208430484426 -69.76909379014839 0
      vertex 70.7543379515954 -68.97597658800113 9.99
    endloop
  endfacet
  facet normal 0.7071067811865475 -0.7071067811865475 0
    outer loop
      vertex 70.7543379515954 -68.97597658800113 9.99
      vertex 70.7543379515954 -68.97597658800113 0
      vertex 71.47597658800113 -68.2543379515954 9.99
    endloop
  endfacet
  facet normal 0.629320391049836 -0.7771459614569721 0
    outer loop
      vertex 71.47597658800113 -68.2543379515954 9.99
      vertex 71.47597658800113 -68.2543379515954 0
      vertex 72.26909379014839 -67.61208430484426 9.99
    endloop
  endfacet
  facet normal 0.5446390350150261 -0.8386705679454247 0
    outer loop
      vertex 72.26909379014839 -67.61208430484426 9.99
      vertex 72.26909379014839 -67.61208430484426 0
      vertex 73.125 -67.05625231310172 9.99
    endloop
  endfacet
  facet normal 0.4539904997395454 -0.8910065241883686 0
    outer loop
      vertex 73.125 -67.05625231310172 9.99
      vertex 73.125 -67.05625231310172 0
      vertex 74.03431773001095 -66.59293178798464 9.99
    endloop
  endfacet
  facet normal 0.3583679495452964 -0.9335804264972032 0
    outer loop
      vertex 74.03431773001095 -66.59293178798464 9.99
      vertex 74.03431773001095 -66.59293178798464 0
      vertex 74.98708430484426 -66.22719896612226 9.99
    endloop
  endfacet
  facet normal 0.2588190451025307 -0.9659258262890655 0
    outer loop
      vertex 74.98708430484426 -66.22719896612226 9.99
      vertex 74.98708430484426 -66.22719896612226 0
      vertex 75.97286101452684 -65.96306089284539 9.99
    endloop
  endfacet
  facet normal 0.15643446504023134 -0.9876883405951375 0
    outer loop
      vertex 75.97286101452684 -65.96306089284539 9.99
      vertex 75.97286101452684 -65.96306089284539 0
      vertex 76.98084748314038 -65.80341152015933 9.99
    endloop
  endfacet
  facet normal 0.05233595624293854 -0.9986295347545742 0
    outer loop
      vertex 76.98084748314038 -65.80341152015933 9.99
      vertex 76.98084748314038 -65.80341152015933 0
      vertex 78 -65.75 9.99
    endloop
  endfacet
  facet normal -0.05233595624293854 -0.9986295347545742 0
    outer loop
      vertex 78 -65.75 9.99
      vertex 78 -65.75 0
      vertex 79.01915251685962 -65.80341152015933 9.99
    endloop
  endfacet
  facet normal -0.15643446504023134 -0.9876883405951375 0
    outer loop
      vertex 79.01915251685962 -65.80341152015933 9.99
      vertex 79.01915251685962 -65.80341152015933 0
      vertex 80.02713898547316 -65.96306089284539 9.99
    endloop
  endfacet
  facet normal 0 0 -1
    outer loop
      vertex 87 -86.69615242630243 0
      vertex 78 -85.25 0
      vertex 79.01915251685962 -85.19658847984067 0
    endloop
  endfacet
  facet normal 0 0 -1
    outer loop
      vertex 87 -86.69615242630243 0
      vertex 79.01915251685962 -85.19658847984067 0
      vertex 80.02713898547316 -85.03693910715461 0
    endloop
  endfacet
  facet normal 0 0 -1
    outer loop
      vertex 87 -86.69615242630243 0
      vertex 80.02713898547316 -85.03693910715461 0
      vertex 81.01291569515574 -84.77280103387774 0
    endloop
  endfacet
  facet normal 0 0 -1
    outer loop
      vertex 87 -86.69615242630243 0
      vertex 81.01291569515574 -84.77280103387774 0
      vertex 81.96568226998905 -84.40706821201536 0
    endloop
  endfacet
  facet normal 0 0 -1
    outer loop
      vertex 84 -87.5 0
      vertex 85.24747014790773 -87.36888560652733 0
      vertex 84.62717077881098 -87.4671313688159 0
    endloop
  endfacet
  facet normal 0.052335961698072614 -0.9986295344686826 0
    outer loop
      vertex 84 -87.5 0
      vertex 84.62717077881098 -87.4671313688159 0
      vertex 84 -87.5 2
    endloop
  endfacet
  facet normal 0.15643445553477123 -0.9876883421006547 0
    outer loop
      vertex 84.62717077881098 -87.4671313688159 0
      vertex 85.24747014790773 -87.36888560652733 0
      vertex 84.62717077881098 -87.4671313688159 2
    endloop
  endfacet
  facet normal 0 0 -1
    outer loop
      vertex 87 -86.69615242630243 0
      vertex 81.96568226998905 -84.40706821201536 0
      vertex 82.875 -83.94374768689828 0
    endloop
  endfacet
  facet normal 0.25881904950851087 -0.9659258251084867 0
    outer loop
      vertex 85.24747014790773 -87.36888560652733 0
      vertex 85.85410196334124 -87.20633909851313 0
      vertex 85.24747014790773 -87.36888560652733 2
    endloop
  endfacet
  facet normal 0.35836795324415743 -0.9335804250773434 0
    outer loop
      vertex 85.85410196334124 -87.20633909851313 0
      vertex 86.44041986018419 -86.98127274215221 0
      vertex 85.85410196334124 -87.20633909851313 2
    endloop
  endfacet
  facet normal 0.4539904916265432 -0.8910065283221497 0
    outer loop
      vertex 86.44041986018419 -86.98127274215221 0
      vertex 87 -86.69615242630243 0
      vertex 86.44041986018419 -86.98127274215221 2
    endloop
  endfacet
  facet normal 0.052335961698072614 -0.9986295344686826 0
    outer loop
      vertex 84.62717077881098 -87.4671313688159 0
      vertex 84.62717077881098 -87.4671313688159 2
      vertex 84 -87.5 2
    endloop
  endfacet
  facet normal 0.15643445553477123 -0.9876883421006547 0
    outer loop
      vertex 85.24747014790773 -87.36888560652733 0
      vertex 85.24747014790773 -87.36888560652733 2
      vertex 84.62717077881098 -87.4671313688159 2
    endloop
  endfacet
  facet normal 0.25881904950851087 -0.9659258251084867 0
    outer loop
      vertex 85.85410196334124 -87.20633909851313 0
      vertex 85.85410196334124 -87.20633909851313 2
      vertex 85.24747014790773 -87.36888560652733 2
    endloop
  endfacet
  facet normal 0.35836795324415743 -0.9335804250773434 0
    outer loop
      vertex 86.44041986018419 -86.98127274215221 0
      vertex 86.44041986018419 -86.98127274215221 2
      vertex 85.85410196334124 -87.20633909851313 2
    endloop
  endfacet
  facet normal 0 0 -1
    outer loop
      vertex 87 -86.69615242630243 0
      vertex 82.875 -83.94374768689828 0
      vertex 83.73090620985161 -83.38791569515574 0
    endloop
  endfacet
  facet normal 0 0 -1
    outer loop
      vertex 87 -86.69615242630243 0
      vertex 83.73090620985161 -83.38791569515574 0
      vertex 84.52402341199887 -82.7456620484046 0
    endloop
  endfacet
  facet normal 0 0 -1
    outer loop
      vertex 87 -86.69615242630243 0
      vertex 84.52402341199887 -82.7456620484046 0
      vertex 87 -82.76655257465535 0
    endloop
  endfacet
  facet normal 0 0 -1
    outer loop
      vertex 87 -82.76655257465535 0
      vertex 84.52402341199887 -82.7456620484046 0
      vertex 85.2456620484046 -82.02402341199887 0
    endloop
  endfacet
  facet normal -0.2588190451025307 0.9659258262890655 0
    outer loop
      vertex 80.02713898547316 -85.03693910715461 9.99
      vertex 81.01291569515574 -84.77280103387774 0
      vertex 80.02713898547316 -85.03693910715461 0
    endloop
  endfacet
  facet normal -0.3583679495452964 0.9335804264972032 0
    outer loop
      vertex 81.01291569515574 -84.77280103387774 9.99
      vertex 81.96568226998905 -84.40706821201536 0
      vertex 81.01291569515574 -84.77280103387774 0
    endloop
  endfacet
  facet normal -0.4539904997395454 0.8910065241883686 0
    outer loop
      vertex 81.96568226998905 -84.40706821201536 9.99
      vertex 82.875 -83.94374768689828 0
      vertex 81.96568226998905 -84.40706821201536 0
    endloop
  endfacet
  facet normal -0.5446390350150261 0.8386705679454247 0
    outer loop
      vertex 82.875 -83.94374768689828 9.99
      vertex 83.73090620985161 -83.38791569515574 0
      vertex 82.875 -83.94374768689828 0
    endloop
  endfacet
  facet normal -0.629320391049836 0.7771459614569721 0
    outer loop
      vertex 83.73090620985161 -83.38791569515574 9.99
      vertex 84.52402341199887 -82.7456620484046 0
      vertex 83.73090620985161 -83.38791569515574 0
    endloop
  endfacet
  facet normal -0.7071067811865475 0.7071067811865475 0
    outer loop
      vertex 84.52402341199887 -82.7456620484046 9.99
      vertex 85.2456620484046 -82.02402341199887 0
      vertex 84.52402341199887 -82.7456620484046 0
    endloop
  endfacet
  facet normal -0.7771459614569721 0.629320391049836 0
    outer loop
      vertex 85.2456620484046 -82.02402341199887 9.99
      vertex 85.88791569515574 -81.23090620985161 0
      vertex 85.2456620484046 -82.02402341199887 0
    endloop
  endfacet
  facet normal -0.8386705679454247 0.5446390350150261 0
    outer loop
      vertex 85.88791569515574 -81.23090620985161 9.99
      vertex 86.44374768689828 -80.375 0
      vertex 85.88791569515574 -81.23090620985161 0
    endloop
  endfacet
  facet normal -0.8910065241883686 0.4539904997395454 0
    outer loop
      vertex 86.44374768689828 -80.375 9.99
      vertex 86.90706821201536 -79.46568226998905 0
      vertex 86.44374768689828 -80.375 0
    endloop
  endfacet
  facet normal 0 0 -1
    outer loop
      vertex 87 -87.5 0
      vertex 87 -86.69615242630243 0
      vertex 90 -87.5 0
    endloop
  endfacet
  facet normal -1 0 0
    outer loop
      vertex 87 -87.5 0
      vertex 87 -86.69615242630243 2
      vertex 87 -86.69615242630243 0
    endloop
  endfacet
  facet normal 0 0 -1
    outer loop
      vertex 87 -86.69615242630243 0
      vertex 89.90790461553814 -82.12776923972517 0
      vertex 90 -87.5 0
    endloop
  endfacet
  facet normal 0.4539904916265432 -0.8910065283221497 0
    outer loop
      vertex 86.44041986018419 -86.98127274215221 2
      vertex 87 -86.69615242630243 0
      vertex 87 -86.69615242630243 2
    endloop
  endfacet
  facet normal 0 0 -1
    outer loop
      vertex 87 -86.69615242630243 0
      vertex 87 -82.76655257465535 0
      vertex 89.90790461553814 -82.12776923972517 0
    endloop
  endfacet
  facet normal 0 0 -1
    outer loop
      vertex 87 -82.76655257465535 0
      vertex 85.2456620484046 -82.02402341199887 0
      vertex 89.90790461553814 -82.12776923972517 0
    endloop
  endfacet
  facet normal 0 0 -1
    outer loop
      vertex 90 -87.5 0
      vertex 89.90790461553814 -82.12776923972517 0
      vertex 90 -81.5 0
    endloop
  endfacet
  facet normal 1 0 0
    outer loop
      vertex 90 -87.5 0
      vertex 90 -81.5 0
      vertex 90 -81.5 2
    endloop
  endfacet
  facet normal 0 0 -1
    outer loop
      vertex 89.90790461553814 -82.12776923972517 0
      vertex 85.2456620484046 -82.02402341199887 0
      vertex 85.88791569515574 -81.23090620985161 0
    endloop
  endfacet
  facet normal 0 0 -1
    outer loop
      vertex 89.90790461553814 -82.12776923972517 0
      vertex 85.88791569515574 -81.23090620985161 0
      vertex 86.44374768689828 -80.375 0
    endloop
  endfacet
  facet normal 0 0 -1
    outer loop
      vertex 89.90790461553814 -82.12776923972517 0
      vertex 86.44374768689828 -80.375 0
      vertex 86.90706821201536 -79.46568226998905 0
    endloop
  endfacet
  facet normal 0 0 -1
    outer loop
      vertex 89.90790461553814 -82.12776923972517 0
      vertex 86.90706821201536 -79.46568226998905 0
      vertex 87.27280103387774 -78.51291569515574 0
    endloop
  endfacet
  facet normal 0 0 -1
    outer loop
      vertex 89.90790461553814 -82.12776923972517 0
      vertex 87.27280103387774 -78.51291569515574 0
      vertex 89.89716104623707 -81.50106103049585 0
    endloop
  endfacet
  facet normal 0 0 -1
    outer loop
      vertex 89.90790461553814 -82.12776923972517 0
      vertex 89.89716104623707 -81.50106103049585 0
      vertex 90 -81.5 0
    endloop
  endfacet
  facet normal 0 0 -1
    outer loop
      vertex 89.89716104623707 -81.50106103049585 0
      vertex 87.27280103387774 -78.51291569515574 0
      vertex 87.53693910715461 -77.52713898547316 0
    endloop
  endfacet
  facet normal 0 0 -1
    outer loop
      vertex 89.89716104623707 -81.50106103049585 0
      vertex 87.53693910715461 -77.52713898547316 0
      vertex 87.69658847984067 -76.51915251685962 0
    endloop
  endfacet
  facet normal 0 0 -1
    outer loop
      vertex 89.89716104623707 -81.50106103049585 0
      vertex 87.69658847984067 -76.51915251685962 0
      vertex 87.75 -75.5 0
    endloop
  endfacet
  facet normal -0.9335804264972032 0.3583679495452964 0
    outer loop
      vertex 86.90706821201536 -79.46568226998905 9.99
      vertex 87.27280103387774 -78.51291569515574 0
      vertex 86.90706821201536 -79.46568226998905 0
    endloop
  endfacet
  facet normal -0.9659258262890655 0.2588190451025307 0
    outer loop
      vertex 87.27280103387774 -78.51291569515574 9.99
      vertex 87.53693910715461 -77.52713898547316 0
      vertex 87.27280103387774 -78.51291569515574 0
    endloop
  endfacet
  facet normal -0.9876883405951375 0.15643446504023134 0
    outer loop
      vertex 87.53693910715461 -77.52713898547316 9.99
      vertex 87.69658847984067 -76.51915251685962 0
      vertex 87.53693910715461 -77.52713898547316 0
    endloop
  endfacet
  facet normal -0.2588190451025307 0.9659258262890655 0
    outer loop
      vertex 80.02713898547316 -85.03693910715461 9.99
      vertex 81.01291569515574 -84.77280103387774 9.99
      vertex 81.01291569515574 -84.77280103387774 0
    endloop
  endfacet
  facet normal -0.3583679495452964 0.9335804264972032 0
    outer loop
      vertex 81.01291569515574 -84.77280103387774 9.99
      vertex 81.96568226998905 -84.40706821201536 9.99
      vertex 81.96568226998905 -84.40706821201536 0
    endloop
  endfacet
  facet normal -0.4539904997395454 0.8910065241883686 0
    outer loop
      vertex 81.96568226998905 -84.40706821201536 9.99
      vertex 82.875 -83.94374768689828 9.99
      vertex 82.875 -83.94374768689828 0
    endloop
  endfacet
  facet normal -0.5446390350150261 0.8386705679454247 0
    outer loop
      vertex 82.875 -83.94374768689828 9.99
      vertex 83.73090620985161 -83.38791569515574 9.99
      vertex 83.73090620985161 -83.38791569515574 0
    endloop
  endfacet
  facet normal -0.629320391049836 0.7771459614569721 0
    outer loop
      vertex 83.73090620985161 -83.38791569515574 9.99
      vertex 84.52402341199887 -82.7456620484046 9.99
      vertex 84.52402341199887 -82.7456620484046 0
    endloop
  endfacet
  facet normal -0.7071067811865475 0.7071067811865475 0
    outer loop
      vertex 84.52402341199887 -82.7456620484046 9.99
      vertex 85.2456620484046 -82.02402341199887 9.99
      vertex 85.2456620484046 -82.02402341199887 0
    endloop
  endfacet
  facet normal -0.7771459614569721 0.629320391049836 0
    outer loop
      vertex 85.2456620484046 -82.02402341199887 9.99
      vertex 85.88791569515574 -81.23090620985161 9.99
      vertex 85.88791569515574 -81.23090620985161 0
    endloop
  endfacet
  facet normal -0.8386705679454247 0.5446390350150261 0
    outer loop
      vertex 85.88791569515574 -81.23090620985161 9.99
      vertex 86.44374768689828 -80.375 9.99
      vertex 86.44374768689828 -80.375 0
    endloop
  endfacet
  facet normal -0.8910065241883686 0.4539904997395454 0
    outer loop
      vertex 86.44374768689828 -80.375 9.99
      vertex 86.90706821201536 -79.46568226998905 9.99
      vertex 86.90706821201536 -79.46568226998905 0
    endloop
  endfacet
  facet normal -0.9335804264972032 0.3583679495452964 0
    outer loop
      vertex 86.90706821201536 -79.46568226998905 9.99
      vertex 87.27280103387774 -78.51291569515574 9.99
      vertex 87.27280103387774 -78.51291569515574 0
    endloop
  endfacet
  facet normal -0.9659258262890655 0.2588190451025307 0
    outer loop
      vertex 87.27280103387774 -78.51291569515574 9.99
      vertex 87.53693910715461 -77.52713898547316 9.99
      vertex 87.53693910715461 -77.52713898547316 0
    endloop
  endfacet
  facet normal -0.9876883405951375 0.15643446504023134 0
    outer loop
      vertex 87.53693910715461 -77.52713898547316 9.99
      vertex 87.69658847984067 -76.51915251685962 9.99
      vertex 87.69658847984067 -76.51915251685962 0
    endloop
  endfacet
  facet normal -0.8910065241883686 -0.4539904997395454 0
    outer loop
      vertex 86.90706821201536 -71.53431773001095 9.99
      vertex 86.44374768689828 -70.625 0
      vertex 86.90706821201536 -71.53431773001095 0
    endloop
  endfacet
  facet normal -0.2588190451025307 -0.9659258262890655 0
    outer loop
      vertex 81.01291569515574 -66.22719896612226 9.99
      vertex 80.02713898547316 -65.96306089284539 0
      vertex 81.01291569515574 -66.22719896612226 0
    endloop
  endfacet
  facet normal -0.3583679495452964 -0.9335804264972032 0
    outer loop
      vertex 81.96568226998905 -66.59293178798464 9.99
      vertex 81.01291569515574 -66.22719896612226 0
      vertex 81.96568226998905 -66.59293178798464 0
    endloop
  endfacet
  facet normal -0.5446390350150261 -0.8386705679454247 0
    outer loop
      vertex 83.73090620985161 -67.61208430484426 9.99
      vertex 82.875 -67.05625231310172 0
      vertex 83.73090620985161 -67.61208430484426 0
    endloop
  endfacet
  facet normal -0.4539904997395454 -0.8910065241883686 0
    outer loop
      vertex 82.875 -67.05625231310172 9.99
      vertex 81.96568226998905 -66.59293178798464 0
      vertex 82.875 -67.05625231310172 0
    endloop
  endfacet
  facet normal -0.7071067811865475 -0.7071067811865475 0
    outer loop
      vertex 85.2456620484046 -68.97597658800113 9.99
      vertex 84.52402341199887 -68.2543379515954 0
      vertex 85.2456620484046 -68.97597658800113 0
    endloop
  endfacet
  facet normal -0.8386705679454247 -0.5446390350150261 0
    outer loop
      vertex 86.44374768689828 -70.625 9.99
      vertex 85.88791569515574 -69.76909379014839 0
      vertex 86.44374768689828 -70.625 0
    endloop
  endfacet
  facet normal -0.7771459614569721 -0.629320391049836 0
    outer loop
      vertex 85.88791569515574 -69.76909379014839 9.99
      vertex 85.2456620484046 -68.97597658800113 0
      vertex 85.88791569515574 -69.76909379014839 0
    endloop
  endfacet
  facet normal -0.629320391049836 -0.7771459614569721 0
    outer loop
      vertex 84.52402341199887 -68.2543379515954 9.99
      vertex 83.73090620985161 -67.61208430484426 0
      vertex 84.52402341199887 -68.2543379515954 0
    endloop
  endfacet
  facet normal -0.9986295347545742 0.05233595624293854 0
    outer loop
      vertex 87.69658847984067 -76.51915251685962 9.99
      vertex 87.75 -75.5 0
      vertex 87.69658847984067 -76.51915251685962 0
    endloop
  endfacet
  facet normal -0.9986295347545742 -0.05233595624293854 0
    outer loop
      vertex 87.75 -75.5 9.99
      vertex 87.69658847984067 -74.48084748314038 0
      vertex 87.75 -75.5 0
    endloop
  endfacet
  facet normal -0.9876883405951375 -0.15643446504023134 0
    outer loop
      vertex 87.69658847984067 -74.48084748314038 9.99
      vertex 87.53693910715461 -73.47286101452684 0
      vertex 87.69658847984067 -74.48084748314038 0
    endloop
  endfacet
  facet normal -0.9659258262890655 -0.2588190451025307 0
    outer loop
      vertex 87.53693910715461 -73.47286101452684 9.99
      vertex 87.27280103387774 -72.48708430484426 0
      vertex 87.53693910715461 -73.47286101452684 0
    endloop
  endfacet
  facet normal -0.9335804264972032 -0.3583679495452964 0
    outer loop
      vertex 87.27280103387774 -72.48708430484426 9.99
      vertex 86.90706821201536 -71.53431773001095 0
      vertex 87.27280103387774 -72.48708430484426 0
    endloop
  endfacet
  facet normal -0.2588190451025307 -0.9659258262890655 0
    outer loop
      vertex 80.02713898547316 -65.96306089284539 9.99
      vertex 80.02713898547316 -65.96306089284539 0
      vertex 81.01291569515574 -66.22719896612226 9.99
    endloop
  endfacet
  facet normal -0.3583679495452964 -0.9335804264972032 0
    outer loop
      vertex 81.01291569515574 -66.22719896612226 9.99
      vertex 81.01291569515574 -66.22719896612226 0
      vertex 81.96568226998905 -66.59293178798464 9.99
    endloop
  endfacet
  facet normal -0.5446390350150261 -0.8386705679454247 0
    outer loop
      vertex 82.875 -67.05625231310172 9.99
      vertex 82.875 -67.05625231310172 0
      vertex 83.73090620985161 -67.61208430484426 9.99
    endloop
  endfacet
  facet normal -0.4539904997395454 -0.8910065241883686 0
    outer loop
      vertex 82.875 -67.05625231310172 9.99
      vertex 81.96568226998905 -66.59293178798464 9.99
      vertex 81.96568226998905 -66.59293178798464 0
    endloop
  endfacet
  facet normal -0.7071067811865475 -0.7071067811865475 0
    outer loop
      vertex 84.52402341199887 -68.2543379515954 9.99
      vertex 84.52402341199887 -68.2543379515954 0
      vertex 85.2456620484046 -68.97597658800113 9.99
    endloop
  endfacet
  facet normal -0.8910065241883686 -0.4539904997395454 0
    outer loop
      vertex 86.90706821201536 -71.53431773001095 9.99
      vertex 86.44374768689828 -70.625 9.99
      vertex 86.44374768689828 -70.625 0
    endloop
  endfacet
  facet normal -0.8386705679454247 -0.5446390350150261 0
    outer loop
      vertex 85.88791569515574 -69.76909379014839 9.99
      vertex 85.88791569515574 -69.76909379014839 0
      vertex 86.44374768689828 -70.625 9.99
    endloop
  endfacet
  facet normal -0.7771459614569721 -0.629320391049836 0
    outer loop
      vertex 85.88791569515574 -69.76909379014839 9.99
      vertex 85.2456620484046 -68.97597658800113 9.99
      vertex 85.2456620484046 -68.97597658800113 0
    endloop
  endfacet
  facet normal -0.629320391049836 -0.7771459614569721 0
    outer loop
      vertex 84.52402341199887 -68.2543379515954 9.99
      vertex 83.73090620985161 -67.61208430484426 9.99
      vertex 83.73090620985161 -67.61208430484426 0
    endloop
  endfacet
  facet normal -0.9986295347545742 0.05233595624293854 0
    outer loop
      vertex 87.69658847984067 -76.51915251685962 9.99
      vertex 87.75 -75.5 9.99
      vertex 87.75 -75.5 0
    endloop
  endfacet
  facet normal -0.9986295347545742 -0.05233595624293854 0
    outer loop
      vertex 87.75 -75.5 9.99
      vertex 87.69658847984067 -74.48084748314038 9.99
      vertex 87.69658847984067 -74.48084748314038 0
    endloop
  endfacet
  facet normal -0.9659258262890655 -0.2588190451025307 0
    outer loop
      vertex 87.53693910715461 -73.47286101452684 9.99
      vertex 87.27280103387774 -72.48708430484426 9.99
      vertex 87.27280103387774 -72.48708430484426 0
    endloop
  endfacet
  facet normal -0.9876883405951375 -0.15643446504023134 0
    outer loop
      vertex 87.69658847984067 -74.48084748314038 9.99
      vertex 87.53693910715461 -73.47286101452684 9.99
      vertex 87.53693910715461 -73.47286101452684 0
    endloop
  endfacet
  facet normal -0.9335804264972032 -0.3583679495452964 0
    outer loop
      vertex 87.27280103387774 -72.48708430484426 9.99
      vertex 86.90706821201536 -71.53431773001095 9.99
      vertex 86.90706821201536 -71.53431773001095 0
    endloop
  endfacet
  facet normal 0 0 -1
    outer loop
      vertex 69.09293178798464 -79.46568226998905 9.99
      vertex 68.72719896612226 -78.51291569515574 9.99
      vertex 68.72719896612226 -72.48708430484426 9.99
    endloop
  endfacet
  facet normal 0 0 -1
    outer loop
      vertex 69.55625231310172 -80.375 9.99
      vertex 69.09293178798464 -79.46568226998905 9.99
      vertex 69.09293178798464 -71.53431773001095 9.99
    endloop
  endfacet
  facet normal 0 0 -1
    outer loop
      vertex 70.11208430484426 -81.23090620985161 9.99
      vertex 69.55625231310172 -80.375 9.99
      vertex 69.55625231310172 -70.625 9.99
    endloop
  endfacet
  facet normal 0 0 -1
    outer loop
      vertex 70.11208430484426 -81.23090620985161 9.99
      vertex 70.11208430484426 -69.76909379014839 9.99
      vertex 70.7543379515954 -82.02402341199887 9.99
    endloop
  endfacet
  facet normal 0 0 -1
    outer loop
      vertex 71.47597658800113 -82.7456620484046 9.99
      vertex 71.47597658800113 -68.2543379515954 9.99
      vertex 72.26909379014839 -83.38791569515574 9.99
    endloop
  endfacet
  facet normal 0 0 -1
    outer loop
      vertex 71.47597658800113 -82.7456620484046 9.99
      vertex 70.7543379515954 -82.02402341199887 9.99
      vertex 70.7543379515954 -68.97597658800113 9.99
    endloop
  endfacet
  facet normal 0 0 -1
    outer loop
      vertex 72.26909379014839 -83.38791569515574 9.99
      vertex 72.26909379014839 -67.61208430484426 9.99
      vertex 73.125 -83.94374768689828 9.99
    endloop
  endfacet
  facet normal 0 0 -1
    outer loop
      vertex 73.125 -83.94374768689828 9.99
      vertex 73.125 -67.05625231310172 9.99
      vertex 74.03431773001095 -84.40706821201536 9.99
    endloop
  endfacet
  facet normal 0 0 -1
    outer loop
      vertex 74.03431773001095 -84.40706821201536 9.99
      vertex 74.84163449172108 -78.34380507702515 9.99
      vertex 74.98708430484426 -84.77280103387774 9.99
    endloop
  endfacet
  facet normal 0 0 -1
    outer loop
      vertex 74.98708430484426 -84.77280103387774 9.99
      vertex 75.875 -79.18060796608387 9.99
      vertex 75.97286101452684 -85.03693910715461 9.99
    endloop
  endfacet
  facet normal 0 0 -1
    outer loop
      vertex 75.97286101452684 -85.03693910715461 9.99
      vertex 76.68667777390647 -79.5419901942544 9.99
      vertex 76.98084748314038 -85.19658847984067 9.99
    endloop
  endfacet
  facet normal 0 0 -1
    outer loop
      vertex 76.98084748314038 -85.19658847984067 9.99
      vertex 78 -79.75 9.99
      vertex 78 -85.25 9.99
    endloop
  endfacet
  facet normal 0 0 -1
    outer loop
      vertex 78 -85.25 9.99
      vertex 78 -79.75 9.99
      vertex 79.01915251685962 -85.19658847984067 9.99
    endloop
  endfacet
  facet normal 0 0 -1
    outer loop
      vertex 79.01915251685962 -85.19658847984067 9.99
      vertex 79.31332222609353 -79.5419901942544 9.99
      vertex 80.02713898547316 -85.03693910715461 9.99
    endloop
  endfacet
  facet normal 0 0 -1
    outer loop
      vertex 74.98708430484426 -84.77280103387774 9.99
      vertex 75.15619492297485 -78.65836550827892 9.99
      vertex 75.50191267775699 -78.93832222609353 9.99
    endloop
  endfacet
  facet normal 0 0 -1
    outer loop
      vertex 74.03431773001095 -84.40706821201536 9.99
      vertex 74.56167777390647 -77.99808732224301 9.99
      vertex 74.84163449172108 -78.34380507702515 9.99
    endloop
  endfacet
  facet normal 0 0 -1
    outer loop
      vertex 74.03431773001095 -84.40706821201536 9.99
      vertex 74.31939203391613 -77.625 9.99
      vertex 74.56167777390647 -77.99808732224301 9.99
    endloop
  endfacet
  facet normal 0 0 -1
    outer loop
      vertex 74.03431773001095 -84.40706821201536 9.99
      vertex 73.9580098057456 -76.81332222609353 9.99
      vertex 74.11743180501895 -77.22863073307215 9.99
    endloop
  endfacet
  facet normal 0 0 -1
    outer loop
      vertex 74.03431773001095 -84.40706821201536 9.99
      vertex 74.11743180501895 -77.22863073307215 9.99
      vertex 74.31939203391613 -77.625 9.99
    endloop
  endfacet
  facet normal 0 0 -1
    outer loop
      vertex 74.98708430484426 -84.77280103387774 9.99
      vertex 74.84163449172108 -78.34380507702515 9.99
      vertex 75.15619492297485 -78.65836550827892 9.99
    endloop
  endfacet
  facet normal 0 0 -1
    outer loop
      vertex 74.98708430484426 -84.77280103387774 9.99
      vertex 75.50191267775699 -78.93832222609353 9.99
      vertex 75.875 -79.18060796608387 9.99
    endloop
  endfacet
  facet normal 0 0 -1
    outer loop
      vertex 75.97286101452684 -85.03693910715461 9.99
      vertex 75.875 -79.18060796608387 9.99
      vertex 76.27136926692785 -79.38256819498105 9.99
    endloop
  endfacet
  facet normal 0 0 -1
    outer loop
      vertex 76.98084748314038 -85.19658847984067 9.99
      vertex 76.68667777390647 -79.5419901942544 9.99
      vertex 77.11637531402452 -79.65712730311867 9.99
    endloop
  endfacet
  facet normal 0 0 -1
    outer loop
      vertex 75.97286101452684 -85.03693910715461 9.99
      vertex 76.27136926692785 -79.38256819498105 9.99
      vertex 76.68667777390647 -79.5419901942544 9.99
    endloop
  endfacet
  facet normal 0 0 -1
    outer loop
      vertex 74.03431773001095 -84.40706821201536 9.99
      vertex 73.84287269688133 -76.38362468597548 9.99
      vertex 73.9580098057456 -76.81332222609353 9.99
    endloop
  endfacet
  facet normal 0 0 -1
    outer loop
      vertex 74.03431773001095 -84.40706821201536 9.99
      vertex 73.77328194468484 -75.94424596888753 9.99
      vertex 73.84287269688133 -76.38362468597548 9.99
    endloop
  endfacet
  facet normal 0 0 -1
    outer loop
      vertex 76.98084748314038 -85.19658847984067 9.99
      vertex 77.11637531402452 -79.65712730311867 9.99
      vertex 77.55575403111247 -79.72671805531516 9.99
    endloop
  endfacet
  facet normal 0 0 -1
    outer loop
      vertex 76.98084748314038 -85.19658847984067 9.99
      vertex 77.55575403111247 -79.72671805531516 9.99
      vertex 78 -79.75 9.99
    endloop
  endfacet
  facet normal 0 0 -1
    outer loop
      vertex 79.01915251685962 -85.19658847984067 9.99
      vertex 78 -79.75 9.99
      vertex 78.44424596888753 -79.72671805531516 9.99
    endloop
  endfacet
  facet normal 0 0 -1
    outer loop
      vertex 79.01915251685962 -85.19658847984067 9.99
      vertex 78.44424596888753 -79.72671805531516 9.99
      vertex 78.88362468597548 -79.65712730311867 9.99
    endloop
  endfacet
  facet normal 0 0 -1
    outer loop
      vertex 79.01915251685962 -85.19658847984067 9.99
      vertex 78.88362468597548 -79.65712730311867 9.99
      vertex 79.31332222609353 -79.5419901942544 9.99
    endloop
  endfacet
  facet normal 0 0 -1
    outer loop
      vertex 80.02713898547316 -85.03693910715461 9.99
      vertex 79.31332222609353 -79.5419901942544 9.99
      vertex 79.72863073307215 -79.38256819498105 9.99
    endloop
  endfacet
  facet normal 0 0 -1
    outer loop
      vertex 80.02713898547316 -85.03693910715461 9.99
      vertex 79.72863073307215 -79.38256819498105 9.99
      vertex 80.125 -79.18060796608387 9.99
    endloop
  endfacet
  facet normal 0 0 -1
    outer loop
      vertex 68.46306089284539 -77.52713898547316 9.99
      vertex 68.46306089284539 -73.47286101452684 9.99
      vertex 68.72719896612226 -78.51291569515574 9.99
    endloop
  endfacet
  facet normal 0 0 -1
    outer loop
      vertex 68.46306089284539 -77.52713898547316 9.99
      vertex 68.30341152015933 -76.51915251685962 9.99
      vertex 68.30341152015933 -74.48084748314038 9.99
    endloop
  endfacet
  facet normal 0 0 -1
    outer loop
      vertex 68.30341152015933 -76.51915251685962 9.99
      vertex 68.25 -75.5 9.99
      vertex 68.30341152015933 -74.48084748314038 9.99
    endloop
  endfacet
  facet normal 0 0 -1
    outer loop
      vertex 68.46306089284539 -77.52713898547316 9.99
      vertex 68.30341152015933 -74.48084748314038 9.99
      vertex 68.46306089284539 -73.47286101452684 9.99
    endloop
  endfacet
  facet normal 0 0 -1
    outer loop
      vertex 68.72719896612226 -78.51291569515574 9.99
      vertex 68.46306089284539 -73.47286101452684 9.99
      vertex 68.72719896612226 -72.48708430484426 9.99
    endloop
  endfacet
  facet normal 0 0 -1
    outer loop
      vertex 69.09293178798464 -79.46568226998905 9.99
      vertex 68.72719896612226 -72.48708430484426 9.99
      vertex 69.09293178798464 -71.53431773001095 9.99
    endloop
  endfacet
  facet normal 0 0 -1
    outer loop
      vertex 69.55625231310172 -80.375 9.99
      vertex 69.09293178798464 -71.53431773001095 9.99
      vertex 69.55625231310172 -70.625 9.99
    endloop
  endfacet
  facet normal 0 0 -1
    outer loop
      vertex 70.11208430484426 -81.23090620985161 9.99
      vertex 69.55625231310172 -70.625 9.99
      vertex 70.11208430484426 -69.76909379014839 9.99
    endloop
  endfacet
  facet normal 0 0 -1
    outer loop
      vertex 74.03431773001095 -84.40706821201536 9.99
      vertex 73.125 -67.05625231310172 9.99
      vertex 73.77328194468484 -75.94424596888753 9.99
    endloop
  endfacet
  facet normal 0 0 -1
    outer loop
      vertex 70.7543379515954 -82.02402341199887 9.99
      vertex 70.11208430484426 -69.76909379014839 9.99
      vertex 70.7543379515954 -68.97597658800113 9.99
    endloop
  endfacet
  facet normal 0 0 -1
    outer loop
      vertex 71.47597658800113 -82.7456620484046 9.99
      vertex 70.7543379515954 -68.97597658800113 9.99
      vertex 71.47597658800113 -68.2543379515954 9.99
    endloop
  endfacet
  facet normal 0 0 -1
    outer loop
      vertex 72.26909379014839 -83.38791569515574 9.99
      vertex 71.47597658800113 -68.2543379515954 9.99
      vertex 72.26909379014839 -67.61208430484426 9.99
    endloop
  endfacet
  facet normal 0 0 -1
    outer loop
      vertex 73.125 -83.94374768689828 9.99
      vertex 72.26909379014839 -67.61208430484426 9.99
      vertex 73.125 -67.05625231310172 9.99
    endloop
  endfacet
  facet normal 0 0 -1
    outer loop
      vertex 73.77328194468484 -75.94424596888753 9.99
      vertex 73.125 -67.05625231310172 9.99
      vertex 73.75 -75.5 9.99
    endloop
  endfacet
  facet normal 0 0 -1
    outer loop
      vertex 73.75 -75.5 9.99
      vertex 73.125 -67.05625231310172 9.99
      vertex 73.77328194468484 -75.05575403111247 9.99
    endloop
  endfacet
  facet normal 0 0 -1
    outer loop
      vertex 73.77328194468484 -75.05575403111247 9.99
      vertex 73.125 -67.05625231310172 9.99
      vertex 73.84287269688133 -74.61637531402452 9.99
    endloop
  endfacet
  facet normal 0 0 -1
    outer loop
      vertex 73.84287269688133 -74.61637531402452 9.99
      vertex 73.125 -67.05625231310172 9.99
      vertex 73.9580098057456 -74.18667777390647 9.99
    endloop
  endfacet
  facet normal 0 0 -1
    outer loop
      vertex 73.9580098057456 -74.18667777390647 9.99
      vertex 74.03431773001095 -66.59293178798464 9.99
      vertex 74.11743180501895 -73.77136926692785 9.99
    endloop
  endfacet
  facet normal 0 0 -1
    outer loop
      vertex 74.11743180501895 -73.77136926692785 9.99
      vertex 74.03431773001095 -66.59293178798464 9.99
      vertex 74.31939203391613 -73.375 9.99
    endloop
  endfacet
  facet normal 0 0 -1
    outer loop
      vertex 74.31939203391613 -73.375 9.99
      vertex 74.03431773001095 -66.59293178798464 9.99
      vertex 74.56167777390647 -73.00191267775699 9.99
    endloop
  endfacet
  facet normal 0 0 -1
    outer loop
      vertex 74.56167777390647 -73.00191267775699 9.99
      vertex 74.03431773001095 -66.59293178798464 9.99
      vertex 74.84163449172108 -72.65619492297485 9.99
    endloop
  endfacet
  facet normal 0 0 -1
    outer loop
      vertex 74.84163449172108 -72.65619492297485 9.99
      vertex 74.98708430484426 -66.22719896612226 9.99
      vertex 75.15619492297485 -72.34163449172108 9.99
    endloop
  endfacet
  facet normal 0 0 -1
    outer loop
      vertex 75.15619492297485 -72.34163449172108 9.99
      vertex 74.98708430484426 -66.22719896612226 9.99
      vertex 75.50191267775699 -72.06167777390647 9.99
    endloop
  endfacet
  facet normal 0 0 -1
    outer loop
      vertex 73.9580098057456 -74.18667777390647 9.99
      vertex 73.125 -67.05625231310172 9.99
      vertex 74.03431773001095 -66.59293178798464 9.99
    endloop
  endfacet
  facet normal 0 0 -1
    outer loop
      vertex 74.84163449172108 -72.65619492297485 9.99
      vertex 74.03431773001095 -66.59293178798464 9.99
      vertex 74.98708430484426 -66.22719896612226 9.99
    endloop
  endfacet
  facet normal 0 0 -1
    outer loop
      vertex 75.50191267775699 -72.06167777390647 9.99
      vertex 74.98708430484426 -66.22719896612226 9.99
      vertex 75.875 -71.81939203391613 9.99
    endloop
  endfacet
  facet normal 0 0 -1
    outer loop
      vertex 75.875 -71.81939203391613 9.99
      vertex 75.97286101452684 -65.96306089284539 9.99
      vertex 76.27136926692785 -71.61743180501895 9.99
    endloop
  endfacet
  facet normal 0 0 -1
    outer loop
      vertex 75.97286101452684 -65.96306089284539 9.99
      vertex 76.68667777390647 -71.4580098057456 9.99
      vertex 76.27136926692785 -71.61743180501895 9.99
    endloop
  endfacet
  facet normal 0 0 -1
    outer loop
      vertex 76.68667777390647 -71.4580098057456 9.99
      vertex 76.98084748314038 -65.80341152015933 9.99
      vertex 77.11637531402452 -71.34287269688133 9.99
    endloop
  endfacet
  facet normal 0 0 -1
    outer loop
      vertex 75.875 -71.81939203391613 9.99
      vertex 74.98708430484426 -66.22719896612226 9.99
      vertex 75.97286101452684 -65.96306089284539 9.99
    endloop
  endfacet
  facet normal 0 0 -1
    outer loop
      vertex 75.97286101452684 -65.96306089284539 9.99
      vertex 76.98084748314038 -65.80341152015933 9.99
      vertex 76.68667777390647 -71.4580098057456 9.99
    endloop
  endfacet
  facet normal 0 0 -1
    outer loop
      vertex 77.11637531402452 -71.34287269688133 9.99
      vertex 76.98084748314038 -65.80341152015933 9.99
      vertex 77.55575403111247 -71.27328194468484 9.99
    endloop
  endfacet
  facet normal 0 0 -1
    outer loop
      vertex 77.55575403111247 -71.27328194468484 9.99
      vertex 76.98084748314038 -65.80341152015933 9.99
      vertex 78 -71.25 9.99
    endloop
  endfacet
  facet normal 0 0 -1
    outer loop
      vertex 78 -71.25 9.99
      vertex 79.01915251685962 -65.80341152015933 9.99
      vertex 78.44424596888753 -71.27328194468484 9.99
    endloop
  endfacet
  facet normal 0 0 -1
    outer loop
      vertex 79.72863073307215 -71.61743180501895 9.99
      vertex 80.02713898547316 -65.96306089284539 9.99
      vertex 80.125 -71.81939203391613 9.99
    endloop
  endfacet
  facet normal 0 0 -1
    outer loop
      vertex 78.44424596888753 -71.27328194468484 9.99
      vertex 79.01915251685962 -65.80341152015933 9.99
      vertex 78.88362468597548 -71.34287269688133 9.99
    endloop
  endfacet
  facet normal 0 0 -1
    outer loop
      vertex 78.88362468597548 -71.34287269688133 9.99
      vertex 79.01915251685962 -65.80341152015933 9.99
      vertex 79.31332222609353 -71.4580098057456 9.99
    endloop
  endfacet
  facet normal 0 0 -1
    outer loop
      vertex 79.31332222609353 -71.4580098057456 9.99
      vertex 80.02713898547316 -65.96306089284539 9.99
      vertex 79.72863073307215 -71.61743180501895 9.99
    endloop
  endfacet
  facet normal 0 0 -1
    outer loop
      vertex 78 -71.25 9.99
      vertex 76.98084748314038 -65.80341152015933 9.99
      vertex 78 -65.75 9.99
    endloop
  endfacet
  facet normal 0 0 -1
    outer loop
      vertex 78 -71.25 9.99
      vertex 78 -65.75 9.99
      vertex 79.01915251685962 -65.80341152015933 9.99
    endloop
  endfacet
  facet normal 0 0 -1
    outer loop
      vertex 79.31332222609353 -71.4580098057456 9.99
      vertex 79.01915251685962 -65.80341152015933 9.99
      vertex 80.02713898547316 -65.96306089284539 9.99
    endloop
  endfacet
  facet normal 0 0 -1
    outer loop
      vertex 80.02713898547316 -85.03693910715461 9.99
      vertex 80.125 -79.18060796608387 9.99
      vertex 81.01291569515574 -84.77280103387774 9.99
    endloop
  endfacet
  facet normal 0 0 -1
    outer loop
      vertex 81.01291569515574 -84.77280103387774 9.99
      vertex 81.15836550827892 -78.34380507702515 9.99
      vertex 81.96568226998905 -84.40706821201536 9.99
    endloop
  endfacet
  facet normal 0 0 -1
    outer loop
      vertex 81.01291569515574 -84.77280103387774 9.99
      vertex 80.125 -79.18060796608387 9.99
      vertex 80.49808732224301 -78.93832222609353 9.99
    endloop
  endfacet
  facet normal 0 0 -1
    outer loop
      vertex 81.01291569515574 -84.77280103387774 9.99
      vertex 80.49808732224301 -78.93832222609353 9.99
      vertex 80.84380507702515 -78.65836550827892 9.99
    endloop
  endfacet
  facet normal 0 0 -1
    outer loop
      vertex 81.01291569515574 -84.77280103387774 9.99
      vertex 80.84380507702515 -78.65836550827892 9.99
      vertex 81.15836550827892 -78.34380507702515 9.99
    endloop
  endfacet
  facet normal 0 0 -1
    outer loop
      vertex 81.15836550827892 -78.34380507702515 9.99
      vertex 81.43832222609353 -77.99808732224301 9.99
      vertex 81.96568226998905 -84.40706821201536 9.99
    endloop
  endfacet
  facet normal 0 0 -1
    outer loop
      vertex 81.43832222609353 -77.99808732224301 9.99
      vertex 81.68060796608387 -77.625 9.99
      vertex 81.96568226998905 -84.40706821201536 9.99
    endloop
  endfacet
  facet normal 0 0 -1
    outer loop
      vertex 81.68060796608387 -77.625 9.99
      vertex 81.88256819498105 -77.22863073307215 9.99
      vertex 81.96568226998905 -84.40706821201536 9.99
    endloop
  endfacet
  facet normal 0 0 -1
    outer loop
      vertex 81.96568226998905 -84.40706821201536 9.99
      vertex 82.0419901942544 -76.81332222609353 9.99
      vertex 82.875 -83.94374768689828 9.99
    endloop
  endfacet
  facet normal 0 0 -1
    outer loop
      vertex 81.88256819498105 -77.22863073307215 9.99
      vertex 82.0419901942544 -76.81332222609353 9.99
      vertex 81.96568226998905 -84.40706821201536 9.99
    endloop
  endfacet
  facet normal 0 0 -1
    outer loop
      vertex 82.875 -83.94374768689828 9.99
      vertex 82.0419901942544 -76.81332222609353 9.99
      vertex 82.15712730311867 -76.38362468597548 9.99
    endloop
  endfacet
  facet normal 0 0 -1
    outer loop
      vertex 82.875 -83.94374768689828 9.99
      vertex 82.15712730311867 -76.38362468597548 9.99
      vertex 82.22671805531516 -75.94424596888753 9.99
    endloop
  endfacet
  facet normal 0 0 -1
    outer loop
      vertex 82.875 -83.94374768689828 9.99
      vertex 82.22671805531516 -75.94424596888753 9.99
      vertex 82.25 -75.5 9.99
    endloop
  endfacet
  facet normal 0 0 -1
    outer loop
      vertex 82.875 -83.94374768689828 9.99
      vertex 82.25 -75.5 9.99
      vertex 82.22671805531516 -75.05575403111247 9.99
    endloop
  endfacet
  facet normal 0 0 -1
    outer loop
      vertex 82.875 -83.94374768689828 9.99
      vertex 82.875 -67.05625231310172 9.99
      vertex 83.73090620985161 -83.38791569515574 9.99
    endloop
  endfacet
  facet normal 0 0 -1
    outer loop
      vertex 83.73090620985161 -83.38791569515574 9.99
      vertex 83.73090620985161 -67.61208430484426 9.99
      vertex 84.52402341199887 -82.7456620484046 9.99
    endloop
  endfacet
  facet normal 0 0 -1
    outer loop
      vertex 84.52402341199887 -82.7456620484046 9.99
      vertex 84.52402341199887 -68.2543379515954 9.99
      vertex 85.2456620484046 -82.02402341199887 9.99
    endloop
  endfacet
  facet normal 0 0 -1
    outer loop
      vertex 85.2456620484046 -82.02402341199887 9.99
      vertex 85.2456620484046 -68.97597658800113 9.99
      vertex 85.88791569515574 -81.23090620985161 9.99
    endloop
  endfacet
  facet normal 0 0 -1
    outer loop
      vertex 85.88791569515574 -81.23090620985161 9.99
      vertex 85.88791569515574 -69.76909379014839 9.99
      vertex 86.44374768689828 -80.375 9.99
    endloop
  endfacet
  facet normal 0 0 -1
    outer loop
      vertex 86.44374768689828 -80.375 9.99
      vertex 86.44374768689828 -70.625 9.99
      vertex 86.90706821201536 -79.46568226998905 9.99
    endloop
  endfacet
  facet normal 0 -1 0
    outer loop
      vertex 87 -87.5 0
      vertex 90 -87.5 0
      vertex 90 -87.5 41.25
    endloop
  endfacet
  facet normal 1 0 0
    outer loop
      vertex 90 -87.5 0
      vertex 90 -81.5 2
      vertex 90 -87.5 41.25
    endloop
  endfacet
  facet normal 0 0 -1
    outer loop
      vertex 82.875 -83.94374768689828 9.99
      vertex 82.22671805531516 -75.05575403111247 9.99
      vertex 81.96568226998905 -66.59293178798464 9.99
    endloop
  endfacet
  facet normal 0 0 -1
    outer loop
      vertex 81.88256819498105 -73.77136926692785 9.99
      vertex 81.68060796608387 -73.375 9.99
      vertex 81.96568226998905 -66.59293178798464 9.99
    endloop
  endfacet
  facet normal 0 0 -1
    outer loop
      vertex 82.875 -83.94374768689828 9.99
      vertex 81.96568226998905 -66.59293178798464 9.99
      vertex 82.875 -67.05625231310172 9.99
    endloop
  endfacet
  facet normal 0 0 -1
    outer loop
      vertex 83.73090620985161 -83.38791569515574 9.99
      vertex 82.875 -67.05625231310172 9.99
      vertex 83.73090620985161 -67.61208430484426 9.99
    endloop
  endfacet
  facet normal 0 0 -1
    outer loop
      vertex 82.15712730311867 -74.61637531402452 9.99
      vertex 82.0419901942544 -74.18667777390647 9.99
      vertex 81.96568226998905 -66.59293178798464 9.99
    endloop
  endfacet
  facet normal 0 0 -1
    outer loop
      vertex 82.22671805531516 -75.05575403111247 9.99
      vertex 82.15712730311867 -74.61637531402452 9.99
      vertex 81.96568226998905 -66.59293178798464 9.99
    endloop
  endfacet
  facet normal 0 0 -1
    outer loop
      vertex 81.88256819498105 -73.77136926692785 9.99
      vertex 81.96568226998905 -66.59293178798464 9.99
      vertex 82.0419901942544 -74.18667777390647 9.99
    endloop
  endfacet
  facet normal 0 0 -1
    outer loop
      vertex 86.90706821201536 -79.46568226998905 9.99
      vertex 86.44374768689828 -70.625 9.99
      vertex 86.90706821201536 -71.53431773001095 9.99
    endloop
  endfacet
  facet normal 0 0 -1
    outer loop
      vertex 84.52402341199887 -82.7456620484046 9.99
      vertex 83.73090620985161 -67.61208430484426 9.99
      vertex 84.52402341199887 -68.2543379515954 9.99
    endloop
  endfacet
  facet normal 0 0 -1
    outer loop
      vertex 85.2456620484046 -82.02402341199887 9.99
      vertex 84.52402341199887 -68.2543379515954 9.99
      vertex 85.2456620484046 -68.97597658800113 9.99
    endloop
  endfacet
  facet normal 0 0 -1
    outer loop
      vertex 85.88791569515574 -81.23090620985161 9.99
      vertex 85.2456620484046 -68.97597658800113 9.99
      vertex 85.88791569515574 -69.76909379014839 9.99
    endloop
  endfacet
  facet normal 0 0 -1
    outer loop
      vertex 86.44374768689828 -80.375 9.99
      vertex 85.88791569515574 -69.76909379014839 9.99
      vertex 86.44374768689828 -70.625 9.99
    endloop
  endfacet
  facet normal 0 0 -1
    outer loop
      vertex 80.49808732224301 -72.06167777390647 9.99
      vertex 80.125 -71.81939203391613 9.99
      vertex 81.01291569515574 -66.22719896612226 9.99
    endloop
  endfacet
  facet normal 0 0 -1
    outer loop
      vertex 80.49808732224301 -72.06167777390647 9.99
      vertex 81.01291569515574 -66.22719896612226 9.99
      vertex 80.84380507702515 -72.34163449172108 9.99
    endloop
  endfacet
  facet normal 0 0 -1
    outer loop
      vertex 80.84380507702515 -72.34163449172108 9.99
      vertex 81.01291569515574 -66.22719896612226 9.99
      vertex 81.15836550827892 -72.65619492297485 9.99
    endloop
  endfacet
  facet normal 0 0 -1
    outer loop
      vertex 81.68060796608387 -73.375 9.99
      vertex 81.43832222609353 -73.00191267775699 9.99
      vertex 81.96568226998905 -66.59293178798464 9.99
    endloop
  endfacet
  facet normal 0 0 -1
    outer loop
      vertex 81.43832222609353 -73.00191267775699 9.99
      vertex 81.15836550827892 -72.65619492297485 9.99
      vertex 81.96568226998905 -66.59293178798464 9.99
    endloop
  endfacet
  facet normal 0 0 -1
    outer loop
      vertex 81.15836550827892 -72.65619492297485 9.99
      vertex 81.01291569515574 -66.22719896612226 9.99
      vertex 81.96568226998905 -66.59293178798464 9.99
    endloop
  endfacet
  facet normal 0 0 -1
    outer loop
      vertex 80.125 -71.81939203391613 9.99
      vertex 80.02713898547316 -65.96306089284539 9.99
      vertex 81.01291569515574 -66.22719896612226 9.99
    endloop
  endfacet
  facet normal 0 0 -1
    outer loop
      vertex 86.90706821201536 -79.46568226998905 9.99
      vertex 86.90706821201536 -71.53431773001095 9.99
      vertex 87.27280103387774 -78.51291569515574 9.99
    endloop
  endfacet
  facet normal 0 0 -1
    outer loop
      vertex 87.27280103387774 -78.51291569515574 9.99
      vertex 87.27280103387774 -72.48708430484426 9.99
      vertex 87.53693910715461 -77.52713898547316 9.99
    endloop
  endfacet
  facet normal 0 0 -1
    outer loop
      vertex 87.53693910715461 -77.52713898547316 9.99
      vertex 87.53693910715461 -73.47286101452684 9.99
      vertex 87.69658847984067 -76.51915251685962 9.99
    endloop
  endfacet
  facet normal 0 0 -1
    outer loop
      vertex 87.69658847984067 -76.51915251685962 9.99
      vertex 87.69658847984067 -74.48084748314038 9.99
      vertex 87.75 -75.5 9.99
    endloop
  endfacet
  facet normal 0 0 -1
    outer loop
      vertex 87.27280103387774 -78.51291569515574 9.99
      vertex 86.90706821201536 -71.53431773001095 9.99
      vertex 87.27280103387774 -72.48708430484426 9.99
    endloop
  endfacet
  facet normal 0 0 -1
    outer loop
      vertex 87.53693910715461 -77.52713898547316 9.99
      vertex 87.27280103387774 -72.48708430484426 9.99
      vertex 87.53693910715461 -73.47286101452684 9.99
    endloop
  endfacet
  facet normal 0 0 -1
    outer loop
      vertex 87.69658847984067 -76.51915251685962 9.99
      vertex 87.53693910715461 -73.47286101452684 9.99
      vertex 87.69658847984067 -74.48084748314038 9.99
    endloop
  endfacet
  facet normal -0.891006524892196 0.45399049835820615 0
    outer loop
      vertex 67.07311893254519 -70.54916489869356 2
      vertex 67.07311893254519 -70.54916489869356 60
      vertex 67.57203072309494 -69.56999537348747 2
    endloop
  endfacet
  facet normal -0.866025407724629 0.4999999931753902 0
    outer loop
      vertex 67.57203072309494 -69.56999537348747 2
      vertex 67.57203072309494 -69.56999537348747 60
      vertex 67.65048070251942 -69.43411602079868 2
    endloop
  endfacet
  facet normal -0.8386705677124385 0.5446390353737932 0
    outer loop
      vertex 67.65048070251942 -69.43411602079868 2
      vertex 67.65048070251942 -69.43411602079868 60
      vertex 68.24901052564383 -68.51246091723442 2
    endloop
  endfacet
  facet normal -0.8090169768470806 0.5877852764175114 0
    outer loop
      vertex 68.24901052564383 -68.51246091723442 2
      vertex 68.24901052564383 -68.51246091723442 60
      vertex 68.3412339836359 -68.38552622497082 2
    endloop
  endfacet
  facet normal -0.7771459645351759 0.6293203872485708 0
    outer loop
      vertex 68.3412339836359 -68.38552622497082 2
      vertex 68.3412339836359 -68.38552622497082 60
      vertex 69.03282411396503 -67.53148353099823 2
    endloop
  endfacet
  facet normal -0.7431448273790162 0.6691306042468929 0
    outer loop
      vertex 69.03282411396503 -67.53148353099823 2
      vertex 69.03282411396503 -67.53148353099823 60
      vertex 69.13781078159809 -67.41488402336836 2
    endloop
  endfacet
  facet normal -0.7071067811865476 0.7071067811865476 0
    outer loop
      vertex 69.13781078159809 -67.41488402336836 2
      vertex 69.13781078159809 -67.41488402336836 60
      vertex 69.91488401591778 -66.63781078904867 2
    endloop
  endfacet
  facet normal -0.6691306094706797 0.7431448226754975 0
    outer loop
      vertex 69.91488401591778 -66.63781078904867 2
      vertex 69.91488401591778 -66.63781078904867 60
      vertex 70.03148353844881 -66.53282410651445 2
    endloop
  endfacet
  facet normal -0.6293203864697001 0.777145965165893 0
    outer loop
      vertex 70.03148353844881 -66.53282410651445 2
      vertex 70.03148353844881 -66.53282410651445 60
      vertex 70.88552622497082 -65.8412339836359 2
    endloop
  endfacet
  facet normal -0.5877852764175114 0.8090169768470806 0
    outer loop
      vertex 70.88552622497082 -65.8412339836359 2
      vertex 70.88552622497082 -65.8412339836359 60
      vertex 71.01246091723442 -65.74901052564383 2
    endloop
  endfacet
  facet normal 0.05233596169807261 -0.9986295344686825 0
    outer loop
      vertex 84 -87.5 2
      vertex 84.62717077881098 -87.4671313688159 2
      vertex 84 -87.5 60
    endloop
  endfacet
  facet normal 0.15643445553477123 -0.9876883421006546 0
    outer loop
      vertex 84.62717077881098 -87.4671313688159 2
      vertex 85.24747014790773 -87.36888560652733 2
      vertex 84.62717077881098 -87.4671313688159 60
    endloop
  endfacet
  facet normal 0.25881904950851087 -0.9659258251084867 0
    outer loop
      vertex 85.24747014790773 -87.36888560652733 2
      vertex 85.85410196334124 -87.20633909851313 2
      vertex 85.24747014790773 -87.36888560652733 60
    endloop
  endfacet
  facet normal 0.3583679532441575 -0.9335804250773435 0
    outer loop
      vertex 85.85410196334124 -87.20633909851313 2
      vertex 86.44041986018419 -86.98127274215221 2
      vertex 85.85410196334124 -87.20633909851313 60
    endloop
  endfacet
  facet normal 0.4539904916265432 -0.8910065283221495 0
    outer loop
      vertex 86.44041986018419 -86.98127274215221 2
      vertex 87 -86.69615242630243 2
      vertex 86.44041986018419 -86.98127274215221 60
    endloop
  endfacet
  facet normal -1 0 0
    outer loop
      vertex 87 -87.5 0
      vertex 87 -87.5 60
      vertex 87 -86.69615242630243 2
    endloop
  endfacet
  facet normal 0.35836794954530393 0.9335804264972004 0
    outer loop
      vertex 76.27136926692785 -79.38256819498105 9.99
      vertex 76.27136926692785 -79.38256819498105 60
      vertex 76.68667777390647 -79.5419901942544 9.99
    endloop
  endfacet
  facet normal 0.2588190451025243 0.9659258262890673 0
    outer loop
      vertex 76.68667777390647 -79.5419901942544 9.99
      vertex 76.68667777390647 -79.5419901942544 60
      vertex 77.11637531402452 -79.65712730311867 9.99
    endloop
  endfacet
  facet normal 0.629320391049847 0.7771459614569629 0
    outer loop
      vertex 75.15619492297485 -78.65836550827892 9.99
      vertex 75.15619492297485 -78.65836550827892 60
      vertex 75.50191267775699 -78.93832222609353 9.99
    endloop
  endfacet
  facet normal 0.7771459614569629 0.629320391049847 0
    outer loop
      vertex 74.84163449172108 -78.34380507702515 9.99
      vertex 74.56167777390647 -77.99808732224301 9.99
      vertex 74.56167777390647 -77.99808732224301 60
    endloop
  endfacet
  facet normal 0.7071067811865476 0.7071067811865476 0
    outer loop
      vertex 75.15619492297485 -78.65836550827892 9.99
      vertex 74.84163449172108 -78.34380507702515 9.99
      vertex 74.84163449172108 -78.34380507702515 60
    endloop
  endfacet
  facet normal 0.8386705679454243 0.5446390350150269 0
    outer loop
      vertex 74.31939203391613 -77.625 9.99
      vertex 74.31939203391613 -77.625 60
      vertex 74.56167777390647 -77.99808732224301 9.99
    endloop
  endfacet
  facet normal 0.8910065241883779 0.453990499739527 0
    outer loop
      vertex 74.31939203391613 -77.625 9.99
      vertex 74.11743180501895 -77.22863073307215 9.99
      vertex 74.11743180501895 -77.22863073307215 60
    endloop
  endfacet
  facet normal 0.9335804264972004 0.35836794954530393 0
    outer loop
      vertex 74.11743180501895 -77.22863073307215 9.99
      vertex 73.9580098057456 -76.81332222609353 9.99
      vertex 73.9580098057456 -76.81332222609353 60
    endloop
  endfacet
  facet normal 0.5446390350150269 0.8386705679454243 0
    outer loop
      vertex 75.50191267775699 -78.93832222609353 9.99
      vertex 75.50191267775699 -78.93832222609353 60
      vertex 75.875 -79.18060796608387 9.99
    endloop
  endfacet
  facet normal 0.453990499739527 0.8910065241883779 0
    outer loop
      vertex 75.875 -79.18060796608387 9.99
      vertex 75.875 -79.18060796608387 60
      vertex 76.27136926692785 -79.38256819498105 9.99
    endloop
  endfacet
  facet normal 0.15643446504023617 0.9876883405951369 0
    outer loop
      vertex 77.11637531402452 -79.65712730311867 9.99
      vertex 77.11637531402452 -79.65712730311867 60
      vertex 77.55575403111247 -79.72671805531516 9.99
    endloop
  endfacet
  facet normal 0.05233595624294645 0.9986295347545736 0
    outer loop
      vertex 77.55575403111247 -79.72671805531516 9.99
      vertex 77.55575403111247 -79.72671805531516 60
      vertex 78 -79.75 9.99
    endloop
  endfacet
  facet normal -0.05233595624294645 0.9986295347545736 0
    outer loop
      vertex 78 -79.75 9.99
      vertex 78 -79.75 60
      vertex 78.44424596888753 -79.72671805531516 9.99
    endloop
  endfacet
  facet normal -0.15643446504023617 0.9876883405951369 0
    outer loop
      vertex 78.44424596888753 -79.72671805531516 9.99
      vertex 78.44424596888753 -79.72671805531516 60
      vertex 78.88362468597548 -79.65712730311867 9.99
    endloop
  endfacet
  facet normal -0.2588190451025243 0.9659258262890673 0
    outer loop
      vertex 78.88362468597548 -79.65712730311867 9.99
      vertex 78.88362468597548 -79.65712730311867 60
      vertex 79.31332222609353 -79.5419901942544 9.99
    endloop
  endfacet
  facet normal -0.35836794954530393 0.9335804264972004 0
    outer loop
      vertex 79.31332222609353 -79.5419901942544 9.99
      vertex 79.31332222609353 -79.5419901942544 60
      vertex 79.72863073307215 -79.38256819498105 9.99
    endloop
  endfacet
  facet normal -0.453990499739527 0.8910065241883779 0
    outer loop
      vertex 79.72863073307215 -79.38256819498105 9.99
      vertex 79.72863073307215 -79.38256819498105 60
      vertex 80.125 -79.18060796608387 9.99
    endloop
  endfacet
  facet normal 0.9659258262890673 0.2588190451025243 0
    outer loop
      vertex 73.9580098057456 -76.81332222609353 9.99
      vertex 73.84287269688133 -76.38362468597548 9.99
      vertex 73.84287269688133 -76.38362468597548 60
    endloop
  endfacet
  facet normal 0.9876883405951369 0.15643446504023617 0
    outer loop
      vertex 73.77328194468484 -75.94424596888753 9.99
      vertex 73.77328194468484 -75.94424596888753 60
      vertex 73.84287269688133 -76.38362468597548 9.99
    endloop
  endfacet
  facet normal 0.9986295347545736 0.05233595624294645 0
    outer loop
      vertex 73.77328194468484 -75.94424596888753 9.99
      vertex 73.75 -75.5 9.99
      vertex 73.75 -75.5 60
    endloop
  endfacet
  facet normal 0.9986295347545736 -0.05233595624294645 0
    outer loop
      vertex 73.75 -75.5 9.99
      vertex 73.77328194468484 -75.05575403111247 9.99
      vertex 73.77328194468484 -75.05575403111247 60
    endloop
  endfacet
  facet normal 0.9876883405951369 -0.15643446504023617 0
    outer loop
      vertex 73.77328194468484 -75.05575403111247 9.99
      vertex 73.84287269688133 -74.61637531402452 9.99
      vertex 73.84287269688133 -74.61637531402452 60
    endloop
  endfacet
  facet normal 0.9659258262890673 -0.2588190451025243 0
    outer loop
      vertex 73.84287269688133 -74.61637531402452 9.99
      vertex 73.9580098057456 -74.18667777390647 9.99
      vertex 73.9580098057456 -74.18667777390647 60
    endloop
  endfacet
  facet normal 0.9335804264972004 -0.35836794954530393 0
    outer loop
      vertex 73.9580098057456 -74.18667777390647 9.99
      vertex 74.11743180501895 -73.77136926692785 9.99
      vertex 74.11743180501895 -73.77136926692785 60
    endloop
  endfacet
  facet normal 0.8910065241883779 -0.453990499739527 0
    outer loop
      vertex 74.11743180501895 -73.77136926692785 9.99
      vertex 74.31939203391613 -73.375 9.99
      vertex 74.31939203391613 -73.375 60
    endloop
  endfacet
  facet normal 0.8386705679454243 -0.5446390350150269 0
    outer loop
      vertex 74.31939203391613 -73.375 9.99
      vertex 74.56167777390647 -73.00191267775699 9.99
      vertex 74.56167777390647 -73.00191267775699 60
    endloop
  endfacet
  facet normal 0.7771459614569629 -0.629320391049847 0
    outer loop
      vertex 74.56167777390647 -73.00191267775699 9.99
      vertex 74.84163449172108 -72.65619492297485 9.99
      vertex 74.84163449172108 -72.65619492297485 60
    endloop
  endfacet
  facet normal 0.7071067811865476 -0.7071067811865476 0
    outer loop
      vertex 74.84163449172108 -72.65619492297485 9.99
      vertex 75.15619492297485 -72.34163449172108 9.99
      vertex 75.15619492297485 -72.34163449172108 60
    endloop
  endfacet
  facet normal 0.629320391049847 -0.7771459614569629 0
    outer loop
      vertex 75.15619492297485 -72.34163449172108 9.99
      vertex 75.50191267775699 -72.06167777390647 9.99
      vertex 75.50191267775699 -72.06167777390647 60
    endloop
  endfacet
  facet normal 0.5446390350150269 -0.8386705679454243 0
    outer loop
      vertex 75.50191267775699 -72.06167777390647 9.99
      vertex 75.875 -71.81939203391613 9.99
      vertex 75.875 -71.81939203391613 60
    endloop
  endfacet
  facet normal 0.453990499739527 -0.8910065241883779 0
    outer loop
      vertex 75.875 -71.81939203391613 9.99
      vertex 76.27136926692785 -71.61743180501895 9.99
      vertex 76.27136926692785 -71.61743180501895 60
    endloop
  endfacet
  facet normal 0.35836794954530393 -0.9335804264972004 0
    outer loop
      vertex 76.27136926692785 -71.61743180501895 9.99
      vertex 76.68667777390647 -71.4580098057456 9.99
      vertex 76.68667777390647 -71.4580098057456 60
    endloop
  endfacet
  facet normal 0.2588190451025243 -0.9659258262890673 0
    outer loop
      vertex 76.68667777390647 -71.4580098057456 9.99
      vertex 77.11637531402452 -71.34287269688133 9.99
      vertex 77.11637531402452 -71.34287269688133 60
    endloop
  endfacet
  facet normal 0.15643446504023617 -0.9876883405951369 0
    outer loop
      vertex 77.11637531402452 -71.34287269688133 9.99
      vertex 77.55575403111247 -71.27328194468484 9.99
      vertex 77.55575403111247 -71.27328194468484 60
    endloop
  endfacet
  facet normal 0.05233595624294645 -0.9986295347545736 0
    outer loop
      vertex 77.55575403111247 -71.27328194468484 9.99
      vertex 78 -71.25 9.99
      vertex 78 -71.25 60
    endloop
  endfacet
  facet normal -0.05233595624294645 -0.9986295347545736 0
    outer loop
      vertex 78 -71.25 9.99
      vertex 78.44424596888753 -71.27328194468484 9.99
      vertex 78.44424596888753 -71.27328194468484 60
    endloop
  endfacet
  facet normal -0.15643446504023617 -0.9876883405951369 0
    outer loop
      vertex 78.44424596888753 -71.27328194468484 9.99
      vertex 78.88362468597548 -71.34287269688133 9.99
      vertex 78.88362468597548 -71.34287269688133 60
    endloop
  endfacet
  facet normal -0.2588190451025243 -0.9659258262890673 0
    outer loop
      vertex 78.88362468597548 -71.34287269688133 9.99
      vertex 79.31332222609353 -71.4580098057456 9.99
      vertex 79.31332222609353 -71.4580098057456 60
    endloop
  endfacet
  facet normal -0.35836794954530393 -0.9335804264972004 0
    outer loop
      vertex 79.31332222609353 -71.4580098057456 9.99
      vertex 79.72863073307215 -71.61743180501895 9.99
      vertex 79.72863073307215 -71.61743180501895 60
    endloop
  endfacet
  facet normal -0.453990499739527 -0.8910065241883779 0
    outer loop
      vertex 79.72863073307215 -71.61743180501895 9.99
      vertex 80.125 -71.81939203391613 9.99
      vertex 80.125 -71.81939203391613 60
    endloop
  endfacet
  facet normal -0.5446390350150269 0.8386705679454243 0
    outer loop
      vertex 80.125 -79.18060796608387 9.99
      vertex 80.125 -79.18060796608387 60
      vertex 80.49808732224301 -78.93832222609353 9.99
    endloop
  endfacet
  facet normal -0.629320391049847 0.7771459614569629 0
    outer loop
      vertex 80.49808732224301 -78.93832222609353 9.99
      vertex 80.49808732224301 -78.93832222609353 60
      vertex 80.84380507702515 -78.65836550827892 9.99
    endloop
  endfacet
  facet normal -0.7071067811865476 0.7071067811865476 0
    outer loop
      vertex 80.84380507702515 -78.65836550827892 9.99
      vertex 80.84380507702515 -78.65836550827892 60
      vertex 81.15836550827892 -78.34380507702515 9.99
    endloop
  endfacet
  facet normal -0.7771459614569629 0.629320391049847 0
    outer loop
      vertex 81.15836550827892 -78.34380507702515 9.99
      vertex 81.15836550827892 -78.34380507702515 60
      vertex 81.43832222609353 -77.99808732224301 9.99
    endloop
  endfacet
  facet normal -0.8386705679454243 0.5446390350150269 0
    outer loop
      vertex 81.43832222609353 -77.99808732224301 9.99
      vertex 81.43832222609353 -77.99808732224301 60
      vertex 81.68060796608387 -77.625 9.99
    endloop
  endfacet
  facet normal -0.8910065241883779 0.453990499739527 0
    outer loop
      vertex 81.68060796608387 -77.625 9.99
      vertex 81.68060796608387 -77.625 60
      vertex 81.88256819498105 -77.22863073307215 9.99
    endloop
  endfacet
  facet normal -0.9335804264972004 0.35836794954530393 0
    outer loop
      vertex 81.88256819498105 -77.22863073307215 9.99
      vertex 81.88256819498105 -77.22863073307215 60
      vertex 82.0419901942544 -76.81332222609353 9.99
    endloop
  endfacet
  facet normal -0.9659258262890673 0.2588190451025243 0
    outer loop
      vertex 82.0419901942544 -76.81332222609353 9.99
      vertex 82.0419901942544 -76.81332222609353 60
      vertex 82.15712730311867 -76.38362468597548 9.99
    endloop
  endfacet
  facet normal 1 0 0
    outer loop
      vertex 90 -81.5 2
      vertex 90 -81.5 41.25
      vertex 90 -87.5 41.25
    endloop
  endfacet
  facet normal -0.9876883405951369 0.15643446504023617 0
    outer loop
      vertex 82.15712730311867 -76.38362468597548 9.99
      vertex 82.15712730311867 -76.38362468597548 60
      vertex 82.22671805531516 -75.94424596888753 9.99
    endloop
  endfacet
  facet normal -0.9986295347545736 0.05233595624294645 0
    outer loop
      vertex 82.22671805531516 -75.94424596888753 9.99
      vertex 82.22671805531516 -75.94424596888753 60
      vertex 82.25 -75.5 9.99
    endloop
  endfacet
  facet normal -0.9986295347545736 -0.05233595624294645 0
    outer loop
      vertex 82.25 -75.5 9.99
      vertex 82.25 -75.5 60
      vertex 82.22671805531516 -75.05575403111247 9.99
    endloop
  endfacet
  facet normal -0.9876883405951369 -0.15643446504023617 0
    outer loop
      vertex 82.22671805531516 -75.05575403111247 9.99
      vertex 82.22671805531516 -75.05575403111247 60
      vertex 82.15712730311867 -74.61637531402452 9.99
    endloop
  endfacet
  facet normal -0.9659258262890673 -0.2588190451025243 0
    outer loop
      vertex 82.15712730311867 -74.61637531402452 9.99
      vertex 82.15712730311867 -74.61637531402452 60
      vertex 82.0419901942544 -74.18667777390647 9.99
    endloop
  endfacet
  facet normal -0.9335804264972004 -0.35836794954530393 0
    outer loop
      vertex 81.88256819498105 -73.77136926692785 9.99
      vertex 82.0419901942544 -74.18667777390647 9.99
      vertex 82.0419901942544 -74.18667777390647 60
    endloop
  endfacet
  facet normal -0.8910065241883779 -0.453990499739527 0
    outer loop
      vertex 81.88256819498105 -73.77136926692785 9.99
      vertex 81.88256819498105 -73.77136926692785 60
      vertex 81.68060796608387 -73.375 9.99
    endloop
  endfacet
  facet normal -0.8386705679454243 -0.5446390350150269 0
    outer loop
      vertex 81.68060796608387 -73.375 9.99
      vertex 81.68060796608387 -73.375 60
      vertex 81.43832222609353 -73.00191267775699 9.99
    endloop
  endfacet
  facet normal -0.7771459614569629 -0.629320391049847 0
    outer loop
      vertex 81.43832222609353 -73.00191267775699 9.99
      vertex 81.43832222609353 -73.00191267775699 60
      vertex 81.15836550827892 -72.65619492297485 9.99
    endloop
  endfacet
  facet normal -0.7071067811865476 -0.7071067811865476 0
    outer loop
      vertex 80.84380507702515 -72.34163449172108 9.99
      vertex 81.15836550827892 -72.65619492297485 9.99
      vertex 81.15836550827892 -72.65619492297485 60
    endloop
  endfacet
  facet normal -0.5446390350150269 -0.8386705679454243 0
    outer loop
      vertex 80.49808732224301 -72.06167777390647 9.99
      vertex 80.49808732224301 -72.06167777390647 60
      vertex 80.125 -71.81939203391613 9.99
    endloop
  endfacet
  facet normal -0.629320391049847 -0.7771459614569629 0
    outer loop
      vertex 80.49808732224301 -72.06167777390647 9.99
      vertex 80.84380507702515 -72.34163449172108 9.99
      vertex 80.84380507702515 -72.34163449172108 60
    endloop
  endfacet
  facet normal -0.5446390353737932 0.8386705677124385 0
    outer loop
      vertex 71.01246091723442 -65.74901052564383 2
      vertex 71.01246091723442 -65.74901052564383 60
      vertex 71.93411602079868 -65.15048070251942 2
    endloop
  endfacet
  facet normal -0.4999999931753902 0.866025407724629 0
    outer loop
      vertex 71.93411602079868 -65.15048070251942 2
      vertex 71.93411602079868 -65.15048070251942 60
      vertex 72.06999537348747 -65.07203072309494 2
    endloop
  endfacet
  facet normal -0.45399049835820615 0.891006524892196 0
    outer loop
      vertex 72.06999537348747 -65.07203072309494 2
      vertex 72.06999537348747 -65.07203072309494 60
      vertex 73.04916489869356 -64.57311893254519 2
    endloop
  endfacet
  facet normal -0.4067366474539906 0.913545455693305 0
    outer loop
      vertex 73.04916489869356 -64.57311893254519 2
      vertex 73.04916489869356 -64.57311893254519 60
      vertex 73.1925001963973 -64.50930194556713 2
    endloop
  endfacet
  facet normal -0.35836795142435096 0.9335804257759017 0
    outer loop
      vertex 73.1925001963973 -64.50930194556713 2
      vertex 73.1925001963973 -64.50930194556713 60
      vertex 74.2184560149908 -64.11547440290451 2
    endloop
  endfacet
  facet normal -0.30901699149037953 0.9510565172324066 0
    outer loop
      vertex 74.2184560149908 -64.11547440290451 2
      vertex 74.2184560149908 -64.11547440290451 60
      vertex 74.36767707765102 -64.06698954105377 2
    endloop
  endfacet
  facet normal -0.25881903888655244 0.9659258279546319 0
    outer loop
      vertex 74.36767707765102 -64.06698954105377 2
      vertex 74.36767707765102 -64.06698954105377 60
      vertex 75.42917874455452 -63.78256103396416 2
    endloop
  endfacet
  facet normal -0.20791169973303814 0.9781475988388045 0
    outer loop
      vertex 75.42917874455452 -63.78256103396416 2
      vertex 75.42917874455452 -63.78256103396416 60
      vertex 75.5826502814889 -63.749939650297165 2
    endloop
  endfacet
  facet normal -0.15643446525950055 0.9876883405604088 0
    outer loop
      vertex 75.5826502814889 -63.749939650297165 2
      vertex 75.5826502814889 -63.749939650297165 60
      vertex 76.66806792467833 -63.57802638411522 2
    endloop
  endfacet
  facet normal -0.10452847376048861 0.9945218942654319 0
    outer loop
      vertex 76.66806792467833 -63.57802638411522 2
      vertex 76.66806792467833 -63.57802638411522 60
      vertex 76.824108466506 -63.561625860631466 2
    endloop
  endfacet
  facet normal -0.0523359532298615 0.9986295349124829 0
    outer loop
      vertex 76.824108466506 -63.561625860631466 2
      vertex 76.824108466506 -63.561625860631466 60
      vertex 77.92154992371798 -63.504111394286156 2
    endloop
  endfacet
  facet normal 0 1 0
    outer loop
      vertex 77.92154992371798 -63.504111394286156 2
      vertex 77.92154992371798 -63.504111394286156 60
      vertex 78.07845007628202 -63.504111394286156 2
    endloop
  endfacet
  facet normal 0.05233595249243526 0.9986295349511297 0
    outer loop
      vertex 78.07845007628202 -63.504111394286156 2
      vertex 78.07845007628202 -63.504111394286156 60
      vertex 79.17589140683413 -63.561625853180885 2
    endloop
  endfacet
  facet normal 0.1045284566956052 0.9945218960590235 0
    outer loop
      vertex 79.33193218708038 -63.57802639901638 2
      vertex 79.17589140683413 -63.561625853180885 2
      vertex 79.17589140683413 -63.561625853180885 60
    endloop
  endfacet
  facet normal 0.15643446879228512 0.9876883400008707 0
    outer loop
      vertex 79.33193218708038 -63.57802639901638 2
      vertex 79.33193218708038 -63.57802639901638 60
      vertex 80.41734971106052 -63.749939650297165 2
    endloop
  endfacet
  facet normal 0.20791169973303814 0.9781475988388045 0
    outer loop
      vertex 80.41734971106052 -63.749939650297165 2
      vertex 80.41734971106052 -63.749939650297165 60
      vertex 80.5708212479949 -63.78256103396416 2
    endloop
  endfacet
  facet normal 0.2588190418222672 0.9659258271680096 0
    outer loop
      vertex 80.5708212479949 -63.78256103396416 2
      vertex 80.5708212479949 -63.78256103396416 60
      vertex 81.63232292979956 -64.06698954850435 2
    endloop
  endfacet
  facet normal 0.3583679643212113 0.9335804208252607 0
    outer loop
      vertex 81.78154395520687 -64.11547439545393 2
      vertex 81.78154395520687 -64.11547439545393 60
      vertex 81.92489616572857 -64.17050215601921 2
    endloop
  endfacet
  facet normal 0.30901697536629286 0.9510565224714396 0
    outer loop
      vertex 81.63232292979956 -64.06698954850435 2
      vertex 81.63232292979956 -64.06698954850435 60
      vertex 81.78154395520687 -64.11547439545393 2
    endloop
  endfacet
  facet normal 0.20791167136554337 0.9781476048685016 0
    outer loop
      vertex 82.22354287654161 -64.26753835380077 2
      vertex 82.22354287654161 -64.26753835380077 60
      vertex 82.53069662302732 -64.33282589167356 2
    endloop
  endfacet
  facet normal 0.10452847116952206 0.9945218945377534 0
    outer loop
      vertex 82.53069662302732 -64.33282589167356 2
      vertex 82.53069662302732 -64.33282589167356 60
      vertex 82.84299214929342 -64.36564947664738 2
    endloop
  endfacet
  facet normal 0 1 0
    outer loop
      vertex 82.84299214929342 -64.36564947664738 2
      vertex 82.84299214929342 -64.36564947664738 60
      vertex 83.15700788795948 -64.36564947664738 2
    endloop
  endfacet
  facet normal -0.10452847116952206 0.9945218945377534 0
    outer loop
      vertex 83.15700788795948 -64.36564947664738 2
      vertex 83.15700788795948 -64.36564947664738 60
      vertex 83.46930341422558 -64.33282589167356 2
    endloop
  endfacet
  facet normal 0.3090169921374998 0.9510565170221443 0
    outer loop
      vertex 82.22354287654161 -64.26753835380077 2
      vertex 81.92489616572857 -64.17050215601921 2
      vertex 81.92489616572857 -64.17050215601921 60
    endloop
  endfacet
  facet normal -0.20791169889194822 0.9781475990175839 0
    outer loop
      vertex 83.46930341422558 -64.33282589167356 2
      vertex 83.46930341422558 -64.33282589167356 60
      vertex 83.77645715326071 -64.2675383463502 2
    endloop
  endfacet
  facet normal -0.3090170135985689 0.95105651004902 0
    outer loop
      vertex 83.77645715326071 -64.2675383463502 2
      vertex 83.77645715326071 -64.2675383463502 60
      vertex 84.07510386407375 -64.17050214111805 2
    endloop
  endfacet
  facet normal -0.40673663936662624 0.9135454592940316 0
    outer loop
      vertex 84.07510386407375 -64.17050214111805 2
      vertex 84.07510386407375 -64.17050214111805 60
      vertex 84.36197151243687 -64.04278043657541 2
    endloop
  endfacet
  facet normal -0.500000013973586 0.8660253957167849 0
    outer loop
      vertex 84.36197151243687 -64.04278043657541 2
      vertex 84.36197151243687 -64.04278043657541 60
      vertex 84.63391711562872 -63.885772563517094 2
    endloop
  endfacet
  facet normal -0.5877852528566571 0.809016993965044 0
    outer loop
      vertex 84.63391711562872 -63.885772563517094 2
      vertex 84.63391711562872 -63.885772563517094 60
      vertex 84.8879611864686 -63.70119874179363 2
    endloop
  endfacet
  facet normal -0.669130614928542 0.7431448177612163 0
    outer loop
      vertex 84.8879611864686 -63.70119874179363 2
      vertex 84.8879611864686 -63.70119874179363 60
      vertex 85.12132035195827 -63.491081200540066 2
    endloop
  endfacet
  facet normal -0.7431448177612163 0.669130614928542 0
    outer loop
      vertex 85.12132035195827 -63.491081200540066 2
      vertex 85.12132035195827 -63.491081200540066 60
      vertex 85.33143789321184 -63.25772203505039 2
    endloop
  endfacet
  facet normal -0.809016993965044 0.5877852528566571 0
    outer loop
      vertex 85.33143789321184 -63.25772203505039 2
      vertex 85.33143789321184 -63.25772203505039 60
      vertex 85.5160117149353 -63.00367796421051 2
    endloop
  endfacet
  facet normal -0.8660254119224732 0.4999999859045104 0
    outer loop
      vertex 85.5160117149353 -63.00367796421051 2
      vertex 85.5160117149353 -63.00367796421051 60
      vertex 85.67301958054304 -62.73173235356808 2
    endloop
  endfacet
  facet normal -0.9135454592940316 0.40673663936662624 0
    outer loop
      vertex 85.67301958054304 -62.73173235356808 2
      vertex 85.67301958054304 -62.73173235356808 60
      vertex 85.80074128508568 -62.444864705204964 2
    endloop
  endfacet
  facet normal -0.9510565170221443 0.3090169921374998 0
    outer loop
      vertex 85.80074128508568 -62.444864705204964 2
      vertex 85.80074128508568 -62.444864705204964 60
      vertex 85.89777748286724 -62.14621799439192 2
    endloop
  endfacet
  facet normal -0.9781476048685016 0.20791167136554337 0
    outer loop
      vertex 85.89777748286724 -62.14621799439192 2
      vertex 85.89777748286724 -62.14621799439192 60
      vertex 85.96306502074003 -61.83906424790621 2
    endloop
  endfacet
  facet normal -0.9945218945377534 0.10452847116952206 0
    outer loop
      vertex 85.96306502074003 -61.83906424790621 2
      vertex 85.96306502074003 -61.83906424790621 60
      vertex 85.99588860571384 -61.52676872164011 2
    endloop
  endfacet
  facet normal -0.9996573251385336 0.02617694208405647 0
    outer loop
      vertex 85.99588860571384 -61.52676872164011 2
      vertex 85.99588860571384 -61.52676872164011 60
      vertex 86 -61.36976087093353 2
    endloop
  endfacet
  facet normal 0 -1 0
    outer loop
      vertex 107.5 -87.5 20
      vertex 119.5 -87.5 20
      vertex 107.5 -87.5 41.25
    endloop
  endfacet
  facet normal 0 0 1
    outer loop
      vertex 67.65048070251942 -69.43411602079868 2
      vertex 68.24901052564383 -68.51246091723442 2
      vertex 75.5826502814889 63.749939650297165 2
    endloop
  endfacet
  facet normal 0 0 1
    outer loop
      vertex 68.24901052564383 -68.51246091723442 2
      vertex 68.3412339836359 -68.38552622497082 2
      vertex 75.5826502814889 63.749939650297165 2
    endloop
  endfacet
  facet normal 0 0 1
    outer loop
      vertex 68.3412339836359 -68.38552622497082 2
      vertex 69.03282411396503 -67.53148353099823 2
      vertex 75.5826502814889 63.749939650297165 2
    endloop
  endfacet
  facet normal 0 0 1
    outer loop
      vertex 69.03282411396503 -67.53148353099823 2
      vertex 69.13781078159809 -67.41488402336836 2
      vertex 75.5826502814889 63.749939650297165 2
    endloop
  endfacet
  facet normal 0 0 1
    outer loop
      vertex 69.13781078159809 -67.41488402336836 2
      vertex 69.91488401591778 -66.63781078904867 2
      vertex 75.5826502814889 63.749939650297165 2
    endloop
  endfacet
  facet normal 0 0 1
    outer loop
      vertex 69.91488401591778 -66.63781078904867 2
      vertex 70.03148353844881 -66.53282410651445 2
      vertex 75.5826502814889 63.749939650297165 2
    endloop
  endfacet
  facet normal 0 0 1
    outer loop
      vertex 70.03148353844881 -66.53282410651445 2
      vertex 70.88552622497082 -65.8412339836359 2
      vertex 75.5826502814889 63.749939650297165 2
    endloop
  endfacet
  facet normal 0 0 1
    outer loop
      vertex 70.88552622497082 -65.8412339836359 2
      vertex 71.01246091723442 -65.74901052564383 2
      vertex 75.5826502814889 63.749939650297165 2
    endloop
  endfacet
  facet normal 0 0 1
    outer loop
      vertex 71.01246091723442 -65.74901052564383 2
      vertex 71.93411602079868 -65.15048070251942 2
      vertex 75.5826502814889 63.749939650297165 2
    endloop
  endfacet
  facet normal 0 0 1
    outer loop
      vertex 71.93411602079868 -65.15048070251942 2
      vertex 72.06999537348747 -65.07203072309494 2
      vertex 75.5826502814889 63.749939650297165 2
    endloop
  endfacet
  facet normal 0 0 1
    outer loop
      vertex 72.06999537348747 -65.07203072309494 2
      vertex 73.04916489869356 -64.57311893254519 2
      vertex 75.5826502814889 63.749939650297165 2
    endloop
  endfacet
  facet normal 0 0 -1
    outer loop
      vertex 74.98708430484426 -66.22719896612226 0
      vertex 74.03431773001095 -66.59293178798464 0
      vertex 74.98708430484426 66.22719896612226 0
    endloop
  endfacet
  facet normal 0 0 -1
    outer loop
      vertex 74.98708430484426 -66.22719896612226 0
      vertex 75.97286101452684 65.96306089284539 0
      vertex 75.97286101452684 -65.96306089284539 0
    endloop
  endfacet
  facet normal 0 0 -1
    outer loop
      vertex 76.98084748314038 -65.80341152015933 0
      vertex 75.97286101452684 -65.96306089284539 0
      vertex 76.98084748314038 65.80341152015933 0
    endloop
  endfacet
  facet normal 0 0 -1
    outer loop
      vertex 78 -65.75 0
      vertex 76.98084748314038 -65.80341152015933 0
      vertex 78 65.75 0
    endloop
  endfacet
  facet normal 0 0 -1
    outer loop
      vertex 79.01915251685962 -65.80341152015933 0
      vertex 78 -65.75 0
      vertex 79.01915251685962 65.80341152015933 0
    endloop
  endfacet
  facet normal 0 0 -1
    outer loop
      vertex 80.02713898547316 -65.96306089284539 0
      vertex 79.01915251685962 -65.80341152015933 0
      vertex 80.02713898547316 65.96306089284539 0
    endloop
  endfacet
  facet normal 0 0 -1
    outer loop
      vertex 89.89716104623707 -81.50106103049585 0
      vertex 87.75 -75.5 0
      vertex 81.96568226998905 66.59293178798464 0
    endloop
  endfacet
  facet normal 0 0 -1
    outer loop
      vertex 87.69658847984067 -74.48084748314038 0
      vertex 81.96568226998905 66.59293178798464 0
      vertex 87.75 -75.5 0
    endloop
  endfacet
  facet normal 0 0 -1
    outer loop
      vertex 81.01291569515574 -66.22719896612226 0
      vertex 80.02713898547316 -65.96306089284539 0
      vertex 81.01291569515574 66.22719896612226 0
    endloop
  endfacet
  facet normal 0 0 -1
    outer loop
      vertex 81.96568226998905 -66.59293178798464 0
      vertex 81.01291569515574 -66.22719896612226 0
      vertex 81.96568226998905 66.59293178798464 0
    endloop
  endfacet
  facet normal 0 0 -1
    outer loop
      vertex 82.875 -67.05625231310172 0
      vertex 81.96568226998905 -66.59293178798464 0
      vertex 81.96568226998905 66.59293178798464 0
    endloop
  endfacet
  facet normal 0 0 -1
    outer loop
      vertex 83.73090620985161 -67.61208430484426 0
      vertex 82.875 -67.05625231310172 0
      vertex 81.96568226998905 66.59293178798464 0
    endloop
  endfacet
  facet normal 0 0 -1
    outer loop
      vertex 83.73090620985161 -67.61208430484426 0
      vertex 81.96568226998905 66.59293178798464 0
      vertex 84.52402341199887 -68.2543379515954 0
    endloop
  endfacet
  facet normal 0 0 -1
    outer loop
      vertex 86.44374768689828 -70.625 0
      vertex 81.96568226998905 66.59293178798464 0
      vertex 86.90706821201536 -71.53431773001095 0
    endloop
  endfacet
  facet normal 0 0 -1
    outer loop
      vertex 87.69658847984067 -74.48084748314038 0
      vertex 87.53693910715461 -73.47286101452684 0
      vertex 81.96568226998905 66.59293178798464 0
    endloop
  endfacet
  facet normal 0 0 -1
    outer loop
      vertex 87.27280103387774 -72.48708430484426 0
      vertex 81.96568226998905 66.59293178798464 0
      vertex 87.53693910715461 -73.47286101452684 0
    endloop
  endfacet
  facet normal 0 0 -1
    outer loop
      vertex 86.90706821201536 -71.53431773001095 0
      vertex 81.96568226998905 66.59293178798464 0
      vertex 87.27280103387774 -72.48708430484426 0
    endloop
  endfacet
  facet normal 0 0 -1
    outer loop
      vertex 84.52402341199887 -68.2543379515954 0
      vertex 81.96568226998905 66.59293178798464 0
      vertex 85.2456620484046 -68.97597658800113 0
    endloop
  endfacet
  facet normal 0 0 -1
    outer loop
      vertex 85.2456620484046 -68.97597658800113 0
      vertex 81.96568226998905 66.59293178798464 0
      vertex 85.88791569515574 -69.76909379014839 0
    endloop
  endfacet
  facet normal 0 0 -1
    outer loop
      vertex 85.88791569515574 -69.76909379014839 0
      vertex 81.96568226998905 66.59293178798464 0
      vertex 86.44374768689828 -70.625 0
    endloop
  endfacet
  facet normal 0 0 1
    outer loop
      vertex 81.78154395520687 -64.11547439545393 2
      vertex 81.92489616572857 -64.17050215601921 2
      vertex 86 61.36976087093353 2
    endloop
  endfacet
  facet normal 0 0 1
    outer loop
      vertex 82.22354287654161 -64.26753835380077 2
      vertex 86 61.36976087093353 2
      vertex 81.92489616572857 -64.17050215601921 2
    endloop
  endfacet
  facet normal 0 0 1
    outer loop
      vertex 82.22354287654161 -64.26753835380077 2
      vertex 82.53069662302732 -64.33282589167356 2
      vertex 86 61.36976087093353 2
    endloop
  endfacet
  facet normal 0 0 1
    outer loop
      vertex 82.53069662302732 -64.33282589167356 2
      vertex 82.84299214929342 -64.36564947664738 2
      vertex 86 61.36976087093353 2
    endloop
  endfacet
  facet normal 0 0 1
    outer loop
      vertex 82.84299214929342 -64.36564947664738 2
      vertex 83.15700788795948 -64.36564947664738 2
      vertex 86 61.36976087093353 2
    endloop
  endfacet
  facet normal 0 0 1
    outer loop
      vertex 83.15700788795948 -64.36564947664738 2
      vertex 83.46930341422558 -64.33282589167356 2
      vertex 86 61.36976087093353 2
    endloop
  endfacet
  facet normal 0 0 1
    outer loop
      vertex 83.46930341422558 -64.33282589167356 2
      vertex 83.77645715326071 -64.2675383463502 2
      vertex 86 61.36976087093353 2
    endloop
  endfacet
  facet normal 0 0 1
    outer loop
      vertex 83.77645715326071 -64.2675383463502 2
      vertex 84.07510386407375 -64.17050214111805 2
      vertex 86 61.36976087093353 2
    endloop
  endfacet
  facet normal 0 0 1
    outer loop
      vertex 84.07510386407375 -64.17050214111805 2
      vertex 84.36197151243687 -64.04278043657541 2
      vertex 86 61.36976087093353 2
    endloop
  endfacet
  facet normal 0 0 1
    outer loop
      vertex 84.36197151243687 -64.04278043657541 2
      vertex 84.63391711562872 -63.885772563517094 2
      vertex 86 61.36976087093353 2
    endloop
  endfacet
  facet normal 0 0 1
    outer loop
      vertex 84.63391711562872 -63.885772563517094 2
      vertex 84.8879611864686 -63.70119874179363 2
      vertex 86 61.36976087093353 2
    endloop
  endfacet
  facet normal 0 0 1
    outer loop
      vertex 84.8879611864686 -63.70119874179363 2
      vertex 85.12132035195827 -63.491081200540066 2
      vertex 86 61.36976087093353 2
    endloop
  endfacet
  facet normal 0 0 -1
    outer loop
      vertex 89.89716104623707 -81.50106103049585 0
      vertex 87.27280103387774 72.48708430484426 0
      vertex 90 -81.5 0
    endloop
  endfacet
  facet normal 1 0 0
    outer loop
      vertex 90 -81.5 0
      vertex 90 81.5 0
      vertex 90 -81.5 2
    endloop
  endfacet
  facet normal 0 0 1
    outer loop
      vertex 73.04916489869356 -64.57311893254519 2
      vertex 73.1925001963973 -64.50930194556713 2
      vertex 75.5826502814889 63.749939650297165 2
    endloop
  endfacet
  facet normal 0 0 1
    outer loop
      vertex 73.1925001963973 -64.50930194556713 2
      vertex 74.2184560149908 -64.11547440290451 2
      vertex 75.5826502814889 63.749939650297165 2
    endloop
  endfacet
  facet normal 0 0 1
    outer loop
      vertex 74.2184560149908 -64.11547440290451 2
      vertex 74.36767707765102 -64.06698954105377 2
      vertex 75.5826502814889 63.749939650297165 2
    endloop
  endfacet
  facet normal 0 0 1
    outer loop
      vertex 74.36767707765102 -64.06698954105377 2
      vertex 75.42917874455452 -63.78256103396416 2
      vertex 75.5826502814889 63.749939650297165 2
    endloop
  endfacet
  facet normal 0 0 1
    outer loop
      vertex 75.42917874455452 -63.78256103396416 2
      vertex 75.5826502814889 -63.749939650297165 2
      vertex 75.5826502814889 63.749939650297165 2
    endloop
  endfacet
  facet normal 0 0 1
    outer loop
      vertex 75.5826502814889 -63.749939650297165 2
      vertex 76.66806792467833 -63.57802638411522 2
      vertex 76.66806780546904 63.57802639901638 2
    endloop
  endfacet
  facet normal 0 0 1
    outer loop
      vertex 76.66806792467833 -63.57802638411522 2
      vertex 76.824108466506 -63.561625860631466 2
      vertex 76.66806780546904 63.57802639901638 2
    endloop
  endfacet
  facet normal 0 0 1
    outer loop
      vertex 76.824108466506 -63.561625860631466 2
      vertex 77.92154992371798 -63.504111394286156 2
      vertex 78.07845007628202 63.504111394286156 2
    endloop
  endfacet
  facet normal 0 0 1
    outer loop
      vertex 77.92154992371798 -63.504111394286156 2
      vertex 78.07845007628202 -63.504111394286156 2
      vertex 78.07845007628202 63.504111394286156 2
    endloop
  endfacet
  facet normal 0 0 1
    outer loop
      vertex 78.07845007628202 -63.504111394286156 2
      vertex 79.17589140683413 -63.561625853180885 2
      vertex 78.07845007628202 63.504111394286156 2
    endloop
  endfacet
  facet normal 0 0 1
    outer loop
      vertex 79.33193218708038 -63.57802639901638 2
      vertex 79.17589152604342 63.561625860631466 2
      vertex 79.17589140683413 -63.561625853180885 2
    endloop
  endfacet
  facet normal 0 0 1
    outer loop
      vertex 79.33193218708038 -63.57802639901638 2
      vertex 80.41734971106052 -63.749939650297165 2
      vertex 80.41734971106052 63.749939650297165 2
    endloop
  endfacet
  facet normal 0 0 1
    outer loop
      vertex 80.41734971106052 -63.749939650297165 2
      vertex 80.5708212479949 -63.78256103396416 2
      vertex 80.5708212479949 63.78256103396416 2
    endloop
  endfacet
  facet normal 0 0 1
    outer loop
      vertex 80.5708212479949 -63.78256103396416 2
      vertex 81.63232292979956 -64.06698954850435 2
      vertex 81.6323229148984 64.06698954105377 2
    endloop
  endfacet
  facet normal 0 0 1
    outer loop
      vertex 81.63232292979956 -64.06698954850435 2
      vertex 81.78154395520687 -64.11547439545393 2
      vertex 81.6323229148984 64.06698954105377 2
    endloop
  endfacet
  facet normal 0 0 1
    outer loop
      vertex 85.12132035195827 -63.491081200540066 2
      vertex 85.33143789321184 -63.25772203505039 2
      vertex 86 61.36976087093353 2
    endloop
  endfacet
  facet normal 0 0 1
    outer loop
      vertex 85.33143789321184 -63.25772203505039 2
      vertex 85.5160117149353 -63.00367796421051 2
      vertex 86 61.36976087093353 2
    endloop
  endfacet
  facet normal 0 0 1
    outer loop
      vertex 85.5160117149353 -63.00367796421051 2
      vertex 85.67301958054304 -62.73173235356808 2
      vertex 86 61.36976087093353 2
    endloop
  endfacet
  facet normal 0 0 1
    outer loop
      vertex 85.67301958054304 -62.73173235356808 2
      vertex 85.80074128508568 -62.444864705204964 2
      vertex 86 61.36976087093353 2
    endloop
  endfacet
  facet normal 0 0 1
    outer loop
      vertex 85.80074128508568 -62.444864705204964 2
      vertex 85.89777748286724 -62.14621799439192 2
      vertex 86 61.36976087093353 2
    endloop
  endfacet
  facet normal 0 0 1
    outer loop
      vertex 85.89777748286724 -62.14621799439192 2
      vertex 85.96306502074003 -61.83906424790621 2
      vertex 86 61.36976087093353 2
    endloop
  endfacet
  facet normal 0 0 1
    outer loop
      vertex 85.96306502074003 -61.83906424790621 2
      vertex 85.99588860571384 -61.52676872164011 2
      vertex 86 61.36976087093353 2
    endloop
  endfacet
  facet normal 0 0 1
    outer loop
      vertex 85.99588860571384 -61.52676872164011 2
      vertex 86 -61.36976087093353 2
      vertex 86 61.36976087093353 2
    endloop
  endfacet
  facet normal 1 0 0
    outer loop
      vertex 90 -81.5 2
      vertex 90 81.5 2
      vertex 90 -81.5 41.25
    endloop
  endfacet
  facet normal -1 0 0
    outer loop
      vertex 86 -61.36976087093353 2
      vertex 86 -61.36976087093353 60
      vertex 86 61.36976087093353 2
    endloop
  endfacet
  facet normal 0 0 -1
    outer loop
      vertex 107.5 -87.5 20
      vertex 107.5 87.5 20
      vertex 119.5 -87.5 20
    endloop
  endfacet
  facet normal 0 1 0
    outer loop
      vertex -63.86976087093353 -83.5 60
      vertex 63.86976087093353 -83.5 60
      vertex 63.86976087093353 -83.5 2
    endloop
  endfacet
  facet normal 0 -1 0
    outer loop
      vertex -84 -87.5 60
      vertex 84 -87.5 2
      vertex 84 -87.5 60
    endloop
  endfacet
  facet normal -0.052335949247149044 0.998629535121208 0
    outer loop
      vertex 64.18334626406431 -83.48356568813324 2
      vertex 63.86976087093353 -83.5 60
      vertex 64.18334626406431 -83.48356568813324 60
    endloop
  endfacet
  facet normal -0.15643447077382908 0.987688339687025 0
    outer loop
      vertex 64.49349594116211 -83.43444280326366 2
      vertex 64.18334626406431 -83.48356568813324 60
      vertex 64.49349594116211 -83.43444280326366 60
    endloop
  endfacet
  facet normal -0.25881905464550803 0.9659258237320325 0
    outer loop
      vertex 64.79681185632944 -83.35316954553127 2
      vertex 64.49349594116211 -83.43444280326366 60
      vertex 64.79681185632944 -83.35316954553127 60
    endloop
  endfacet
  facet normal -0.358367950842512 0.9335804259992488 0
    outer loop
      vertex 65.08997079730034 -83.2406363710761 2
      vertex 64.79681185632944 -83.35316954553127 60
      vertex 65.08997079730034 -83.2406363710761 60
    endloop
  endfacet
  facet normal -0.45399049624595805 0.8910065259684402 0
    outer loop
      vertex 65.36976087093353 -83.09807620942593 2
      vertex 65.08997079730034 -83.2406363710761 60
      vertex 65.36976087093353 -83.09807620942593 60
    endloop
  endfacet
  facet normal -0.5446390293369446 0.8386705716328138 0
    outer loop
      vertex 65.63311662524939 -82.92705098539591 2
      vertex 65.36976087093353 -83.09807620942593 60
      vertex 65.63311662524939 -82.92705098539591 60
    endloop
  endfacet
  facet normal -0.629320395483342 0.7771459578667895 0
    outer loop
      vertex 65.87715268880129 -82.7294344753027 2
      vertex 65.63311662524939 -82.92705098539591 60
      vertex 65.87715268880129 -82.7294344753027 60
    endloop
  endfacet
  facet normal -0.7071067811865476 0.7071067811865476 0
    outer loop
      vertex 66.09919534623623 -82.50739181786776 2
      vertex 65.87715268880129 -82.7294344753027 60
      vertex 66.09919534623623 -82.50739181786776 60
    endloop
  endfacet
  facet normal -0.7771459578667895 0.629320395483342 0
    outer loop
      vertex 66.29681185632944 -82.26335575431585 2
      vertex 66.09919534623623 -82.50739181786776 60
      vertex 66.29681185632944 -82.26335575431585 60
    endloop
  endfacet
  facet normal -0.8386705716328138 0.5446390293369446 0
    outer loop
      vertex 66.46783708035946 -82 2
      vertex 66.29681185632944 -82.26335575431585 60
      vertex 66.46783708035946 -82 60
    endloop
  endfacet
  facet normal -0.8910065259684402 0.45399049624595805 0
    outer loop
      vertex 66.61039724200964 -81.7202099263668 2
      vertex 66.46783708035946 -82 60
      vertex 66.61039724200964 -81.7202099263668 60
    endloop
  endfacet
  facet normal -0.9335804259992488 0.358367950842512 0
    outer loop
      vertex 66.7229304164648 -81.42705098539591 2
      vertex 66.61039724200964 -81.7202099263668 60
      vertex 66.7229304164648 -81.42705098539591 60
    endloop
  endfacet
  facet normal -0.9659258237320325 0.25881905464550803 0
    outer loop
      vertex 66.8042036741972 -81.12373507022858 2
      vertex 66.7229304164648 -81.42705098539591 60
      vertex 66.8042036741972 -81.12373507022858 60
    endloop
  endfacet
  facet normal -0.987688339687025 0.15643447077382908 0
    outer loop
      vertex 66.85332655906677 -80.81358539313078 2
      vertex 66.8042036741972 -81.12373507022858 60
      vertex 66.85332655906677 -80.81358539313078 60
    endloop
  endfacet
  facet normal -0.998629535121208 0.052335949247149044 0
    outer loop
      vertex 66.86976087093353 -80.5 2
      vertex 66.85332655906677 -80.81358539313078 60
      vertex 66.86976087093353 -80.5 60
    endloop
  endfacet
  facet normal -0.998629535121208 -0.052335949247149044 0
    outer loop
      vertex 66.85332655906677 -80.18641460686922 2
      vertex 66.86976087093353 -80.5 60
      vertex 66.85332655906677 -80.18641460686922 60
    endloop
  endfacet
  facet normal -0.9426414962864854 -0.33380684456549964 0
    outer loop
      vertex 66.67050216346979 -79.42489618808031 2
      vertex 66.7229304164648 -79.57294901460409 60
      vertex 66.67050216346979 -79.42489618808031 60
    endloop
  endfacet
  facet normal -0.933580430827447 -0.3583679382646259 0
    outer loop
      vertex 66.61547441035509 -79.2815439850092 2
      vertex 66.67050216346979 -79.42489618808031 60
      vertex 66.61547441035509 -79.2815439850092 60
    endloop
  endfacet
  facet normal -0.987688339687025 -0.15643447077382908 0
    outer loop
      vertex 66.8042036741972 -79.87626492977142 2
      vertex 66.85332655906677 -80.18641460686922 60
      vertex 66.8042036741972 -79.87626492977142 60
    endloop
  endfacet
  facet normal -0.9659258237320325 -0.25881905464550803 0
    outer loop
      vertex 66.7229304164648 -79.57294901460409 2
      vertex 66.8042036741972 -79.87626492977142 60
      vertex 66.7229304164648 -79.57294901460409 60
    endloop
  endfacet
  facet normal -0.9781475988388045 -0.20791169973303814 0
    outer loop
      vertex 66.24993965029716 -77.91734971106052 2
      vertex 66.28256103396416 -78.0708212479949 60
      vertex 66.24993965029716 -77.91734971106052 60
    endloop
  endfacet
  facet normal -0.9510565078111152 -0.3090170204861316 0
    outer loop
      vertex 66.56698954105377 -79.1323229148984 2
      vertex 66.61547441035509 -79.2815439850092 60
      vertex 66.56698954105377 -79.1323229148984 60
    endloop
  endfacet
  facet normal -0.9659258279546319 -0.25881903888655244 0
    outer loop
      vertex 66.28256103396416 -78.0708212479949 2
      vertex 66.56698954105377 -79.1323229148984 60
      vertex 66.28256103396416 -78.0708212479949 60
    endloop
  endfacet
  facet normal -0.9876883405604088 -0.15643446525950055 0
    outer loop
      vertex 66.07802638411522 -76.8319320678711 2
      vertex 66.24993965029716 -77.91734971106052 60
      vertex 66.07802638411522 -76.8319320678711 60
    endloop
  endfacet
  facet normal -0.9945218942654319 -0.10452847376048861 0
    outer loop
      vertex 66.06162586063147 -76.67589152604342 2
      vertex 66.07802638411522 -76.8319320678711 60
      vertex 66.06162586063147 -76.67589152604342 60
    endloop
  endfacet
  facet normal -0.9986295348939128 -0.052335953584199485 0
    outer loop
      vertex 66.00411139428616 -75.57845007628202 2
      vertex 66.06162586063147 -76.67589152604342 60
      vertex 66.00411139428616 -75.57845007628202 60
    endloop
  endfacet
  facet normal -1 0 0
    outer loop
      vertex 66.00411139428616 -75.4215499162674 2
      vertex 66.00411139428616 -75.57845007628202 60
      vertex 66.00411139428616 -75.4215499162674 60
    endloop
  endfacet
  facet normal -0.9986295349511297 0.05233595249243526 0
    outer loop
      vertex 66.06162585318089 -74.3241085857153 2
      vertex 66.00411139428616 -75.4215499162674 60
      vertex 66.06162585318089 -74.3241085857153 60
    endloop
  endfacet
  facet normal -0.9945218960590235 0.1045284566956052 0
    outer loop
      vertex 66.07802639901638 -74.16806780546904 2
      vertex 66.06162585318089 -74.3241085857153 60
      vertex 66.07802639901638 -74.16806780546904 60
    endloop
  endfacet
  facet normal -0.9876883400008707 0.15643446879228512 0
    outer loop
      vertex 66.24993965029716 -73.0826502814889 2
      vertex 66.07802639901638 -74.16806780546904 60
      vertex 66.24993965029716 -73.0826502814889 60
    endloop
  endfacet
  facet normal -0.9781475988388045 0.20791169973303814 0
    outer loop
      vertex 66.28256103396416 -72.92917874455452 2
      vertex 66.24993965029716 -73.0826502814889 60
      vertex 66.28256103396416 -72.92917874455452 60
    endloop
  endfacet
  facet normal -0.9659258271680096 0.2588190418222672 0
    outer loop
      vertex 66.56698954850435 -71.86767706274986 2
      vertex 66.28256103396416 -72.92917874455452 60
      vertex 66.56698954850435 -71.86767706274986 60
    endloop
  endfacet
  facet normal -0.9510565182891794 0.309016988237967 0
    outer loop
      vertex 66.61547438800335 -71.71845606714487 2
      vertex 66.56698954850435 -71.86767706274986 60
      vertex 66.61547438800335 -71.71845606714487 60
    endloop
  endfacet
  facet normal -0.9335804257537463 0.35836795148206757 0
    outer loop
      vertex 67.00930196791887 -70.69250015169382 2
      vertex 66.61547438800335 -71.71845606714487 60
      vertex 67.00930196791887 -70.69250015169382 60
    endloop
  endfacet
  facet normal -0.9135454614917974 0.4067366344303633 0
    outer loop
      vertex 67.07311893254519 -70.54916489869356 2
      vertex 67.00930196791887 -70.69250015169382 60
      vertex 67.07311893254519 -70.54916489869356 60
    endloop
  endfacet
  facet normal 0 0 1
    outer loop
      vertex -63.86976087093353 -83.5 60
      vertex 84 -87.5 60
      vertex 63.86976087093353 -83.5 60
    endloop
  endfacet
  facet normal 0 -1 0
    outer loop
      vertex 87 -87.5 0
      vertex 90 -87.5 41.25
      vertex 87 -87.5 60
    endloop
  endfacet
  facet normal 0.453990499739527 0.8910065241883779 0
    outer loop
      vertex 76.27136926692785 -79.38256819498105 9.99
      vertex 75.875 -79.18060796608387 60
      vertex 76.27136926692785 -79.38256819498105 60
    endloop
  endfacet
  facet normal 0.35836794954530393 0.9335804264972004 0
    outer loop
      vertex 76.68667777390647 -79.5419901942544 9.99
      vertex 76.27136926692785 -79.38256819498105 60
      vertex 76.68667777390647 -79.5419901942544 60
    endloop
  endfacet
  facet normal 0.7771459614569629 0.629320391049847 0
    outer loop
      vertex 74.84163449172108 -78.34380507702515 9.99
      vertex 74.56167777390647 -77.99808732224301 60
      vertex 74.84163449172108 -78.34380507702515 60
    endloop
  endfacet
  facet normal 0.7071067811865476 0.7071067811865476 0
    outer loop
      vertex 75.15619492297485 -78.65836550827892 9.99
      vertex 74.84163449172108 -78.34380507702515 60
      vertex 75.15619492297485 -78.65836550827892 60
    endloop
  endfacet
  facet normal 0.8386705679454243 0.5446390350150269 0
    outer loop
      vertex 74.56167777390647 -77.99808732224301 9.99
      vertex 74.31939203391613 -77.625 60
      vertex 74.56167777390647 -77.99808732224301 60
    endloop
  endfacet
  facet normal 0.8910065241883779 0.453990499739527 0
    outer loop
      vertex 74.31939203391613 -77.625 9.99
      vertex 74.11743180501895 -77.22863073307215 60
      vertex 74.31939203391613 -77.625 60
    endloop
  endfacet
  facet normal 0.9335804264972004 0.35836794954530393 0
    outer loop
      vertex 74.11743180501895 -77.22863073307215 9.99
      vertex 73.9580098057456 -76.81332222609353 60
      vertex 74.11743180501895 -77.22863073307215 60
    endloop
  endfacet
  facet normal 0.9659258262890673 0.2588190451025243 0
    outer loop
      vertex 73.9580098057456 -76.81332222609353 9.99
      vertex 73.84287269688133 -76.38362468597548 60
      vertex 73.9580098057456 -76.81332222609353 60
    endloop
  endfacet
  facet normal 0.629320391049847 0.7771459614569629 0
    outer loop
      vertex 75.50191267775699 -78.93832222609353 9.99
      vertex 75.15619492297485 -78.65836550827892 60
      vertex 75.50191267775699 -78.93832222609353 60
    endloop
  endfacet
  facet normal 0.5446390350150269 0.8386705679454243 0
    outer loop
      vertex 75.875 -79.18060796608387 9.99
      vertex 75.50191267775699 -78.93832222609353 60
      vertex 75.875 -79.18060796608387 60
    endloop
  endfacet
  facet normal 0.2588190451025243 0.9659258262890673 0
    outer loop
      vertex 77.11637531402452 -79.65712730311867 9.99
      vertex 76.68667777390647 -79.5419901942544 60
      vertex 77.11637531402452 -79.65712730311867 60
    endloop
  endfacet
  facet normal 0.15643446504023617 0.9876883405951369 0
    outer loop
      vertex 77.55575403111247 -79.72671805531516 9.99
      vertex 77.11637531402452 -79.65712730311867 60
      vertex 77.55575403111247 -79.72671805531516 60
    endloop
  endfacet
  facet normal 0.05233595624294645 0.9986295347545736 0
    outer loop
      vertex 78 -79.75 9.99
      vertex 77.55575403111247 -79.72671805531516 60
      vertex 78 -79.75 60
    endloop
  endfacet
  facet normal -0.05233595624294645 0.9986295347545736 0
    outer loop
      vertex 78.44424596888753 -79.72671805531516 9.99
      vertex 78 -79.75 60
      vertex 78.44424596888753 -79.72671805531516 60
    endloop
  endfacet
  facet normal -0.15643446504023617 0.9876883405951369 0
    outer loop
      vertex 78.88362468597548 -79.65712730311867 9.99
      vertex 78.44424596888753 -79.72671805531516 60
      vertex 78.88362468597548 -79.65712730311867 60
    endloop
  endfacet
  facet normal -0.2588190451025243 0.9659258262890673 0
    outer loop
      vertex 79.31332222609353 -79.5419901942544 9.99
      vertex 78.88362468597548 -79.65712730311867 60
      vertex 79.31332222609353 -79.5419901942544 60
    endloop
  endfacet
  facet normal -0.35836794954530393 0.9335804264972004 0
    outer loop
      vertex 79.72863073307215 -79.38256819498105 9.99
      vertex 79.31332222609353 -79.5419901942544 60
      vertex 79.72863073307215 -79.38256819498105 60
    endloop
  endfacet
  facet normal -0.453990499739527 0.8910065241883779 0
    outer loop
      vertex 80.125 -79.18060796608387 9.99
      vertex 79.72863073307215 -79.38256819498105 60
      vertex 80.125 -79.18060796608387 60
    endloop
  endfacet
  facet normal -0.891006524892196 0.45399049835820615 0
    outer loop
      vertex 67.57203072309494 -69.56999537348747 2
      vertex 67.07311893254519 -70.54916489869356 60
      vertex 67.57203072309494 -69.56999537348747 60
    endloop
  endfacet
  facet normal -0.866025407724629 0.4999999931753902 0
    outer loop
      vertex 67.65048070251942 -69.43411602079868 2
      vertex 67.57203072309494 -69.56999537348747 60
      vertex 67.65048070251942 -69.43411602079868 60
    endloop
  endfacet
  facet normal -0.8386705677124385 0.5446390353737932 0
    outer loop
      vertex 68.24901052564383 -68.51246091723442 2
      vertex 67.65048070251942 -69.43411602079868 60
      vertex 68.24901052564383 -68.51246091723442 60
    endloop
  endfacet
  facet normal -0.8090169768470806 0.5877852764175114 0
    outer loop
      vertex 68.3412339836359 -68.38552622497082 2
      vertex 68.24901052564383 -68.51246091723442 60
      vertex 68.3412339836359 -68.38552622497082 60
    endloop
  endfacet
  facet normal -0.7771459645351759 0.6293203872485708 0
    outer loop
      vertex 69.03282411396503 -67.53148353099823 2
      vertex 68.3412339836359 -68.38552622497082 60
      vertex 69.03282411396503 -67.53148353099823 60
    endloop
  endfacet
  facet normal -0.7431448273790162 0.6691306042468929 0
    outer loop
      vertex 69.13781078159809 -67.41488402336836 2
      vertex 69.03282411396503 -67.53148353099823 60
      vertex 69.13781078159809 -67.41488402336836 60
    endloop
  endfacet
  facet normal -0.7071067811865476 0.7071067811865476 0
    outer loop
      vertex 69.91488401591778 -66.63781078904867 2
      vertex 69.13781078159809 -67.41488402336836 60
      vertex 69.91488401591778 -66.63781078904867 60
    endloop
  endfacet
  facet normal -0.6691306094706797 0.7431448226754975 0
    outer loop
      vertex 70.03148353844881 -66.53282410651445 2
      vertex 69.91488401591778 -66.63781078904867 60
      vertex 70.03148353844881 -66.53282410651445 60
    endloop
  endfacet
  facet normal -0.6293203864697001 0.777145965165893 0
    outer loop
      vertex 70.88552622497082 -65.8412339836359 2
      vertex 70.03148353844881 -66.53282410651445 60
      vertex 70.88552622497082 -65.8412339836359 60
    endloop
  endfacet
  facet normal -0.5877852764175114 0.8090169768470806 0
    outer loop
      vertex 71.01246091723442 -65.74901052564383 2
      vertex 70.88552622497082 -65.8412339836359 60
      vertex 71.01246091723442 -65.74901052564383 60
    endloop
  endfacet
  facet normal 0.9876883405951369 0.15643446504023617 0
    outer loop
      vertex 73.84287269688133 -76.38362468597548 9.99
      vertex 73.77328194468484 -75.94424596888753 60
      vertex 73.84287269688133 -76.38362468597548 60
    endloop
  endfacet
  facet normal 0.9986295347545736 0.05233595624294645 0
    outer loop
      vertex 73.77328194468484 -75.94424596888753 9.99
      vertex 73.75 -75.5 60
      vertex 73.77328194468484 -75.94424596888753 60
    endloop
  endfacet
  facet normal 0.9986295347545736 -0.05233595624294645 0
    outer loop
      vertex 73.75 -75.5 9.99
      vertex 73.77328194468484 -75.05575403111247 60
      vertex 73.75 -75.5 60
    endloop
  endfacet
  facet normal 0.9876883405951369 -0.15643446504023617 0
    outer loop
      vertex 73.77328194468484 -75.05575403111247 9.99
      vertex 73.84287269688133 -74.61637531402452 60
      vertex 73.77328194468484 -75.05575403111247 60
    endloop
  endfacet
  facet normal 0.9659258262890673 -0.2588190451025243 0
    outer loop
      vertex 73.84287269688133 -74.61637531402452 9.99
      vertex 73.9580098057456 -74.18667777390647 60
      vertex 73.84287269688133 -74.61637531402452 60
    endloop
  endfacet
  facet normal 0.9335804264972004 -0.35836794954530393 0
    outer loop
      vertex 73.9580098057456 -74.18667777390647 9.99
      vertex 74.11743180501895 -73.77136926692785 60
      vertex 73.9580098057456 -74.18667777390647 60
    endloop
  endfacet
  facet normal 0.8910065241883779 -0.453990499739527 0
    outer loop
      vertex 74.11743180501895 -73.77136926692785 9.99
      vertex 74.31939203391613 -73.375 60
      vertex 74.11743180501895 -73.77136926692785 60
    endloop
  endfacet
  facet normal 0.8386705679454243 -0.5446390350150269 0
    outer loop
      vertex 74.31939203391613 -73.375 9.99
      vertex 74.56167777390647 -73.00191267775699 60
      vertex 74.31939203391613 -73.375 60
    endloop
  endfacet
  facet normal 0.7771459614569629 -0.629320391049847 0
    outer loop
      vertex 74.56167777390647 -73.00191267775699 9.99
      vertex 74.84163449172108 -72.65619492297485 60
      vertex 74.56167777390647 -73.00191267775699 60
    endloop
  endfacet
  facet normal 0.7071067811865476 -0.7071067811865476 0
    outer loop
      vertex 74.84163449172108 -72.65619492297485 9.99
      vertex 75.15619492297485 -72.34163449172108 60
      vertex 74.84163449172108 -72.65619492297485 60
    endloop
  endfacet
  facet normal 0.629320391049847 -0.7771459614569629 0
    outer loop
      vertex 75.15619492297485 -72.34163449172108 9.99
      vertex 75.50191267775699 -72.06167777390647 60
      vertex 75.15619492297485 -72.34163449172108 60
    endloop
  endfacet
  facet normal 0.5446390350150269 -0.8386705679454243 0
    outer loop
      vertex 75.50191267775699 -72.06167777390647 9.99
      vertex 75.875 -71.81939203391613 60
      vertex 75.50191267775699 -72.06167777390647 60
    endloop
  endfacet
  facet normal 0.453990499739527 -0.8910065241883779 0
    outer loop
      vertex 75.875 -71.81939203391613 9.99
      vertex 76.27136926692785 -71.61743180501895 60
      vertex 75.875 -71.81939203391613 60
    endloop
  endfacet
  facet normal 0.35836794954530393 -0.9335804264972004 0
    outer loop
      vertex 76.27136926692785 -71.61743180501895 9.99
      vertex 76.68667777390647 -71.4580098057456 60
      vertex 76.27136926692785 -71.61743180501895 60
    endloop
  endfacet
  facet normal 0.2588190451025243 -0.9659258262890673 0
    outer loop
      vertex 76.68667777390647 -71.4580098057456 9.99
      vertex 77.11637531402452 -71.34287269688133 60
      vertex 76.68667777390647 -71.4580098057456 60
    endloop
  endfacet
  facet normal 0.15643446504023617 -0.9876883405951369 0
    outer loop
      vertex 77.11637531402452 -71.34287269688133 9.99
      vertex 77.55575403111247 -71.27328194468484 60
      vertex 77.11637531402452 -71.34287269688133 60
    endloop
  endfacet
  facet normal 0.05233595624294645 -0.9986295347545736 0
    outer loop
      vertex 77.55575403111247 -71.27328194468484 9.99
      vertex 78 -71.25 60
      vertex 77.55575403111247 -71.27328194468484 60
    endloop
  endfacet
  facet normal -0.05233595624294645 -0.9986295347545736 0
    outer loop
      vertex 78 -71.25 9.99
      vertex 78.44424596888753 -71.27328194468484 60
      vertex 78 -71.25 60
    endloop
  endfacet
  facet normal -0.15643446504023617 -0.9876883405951369 0
    outer loop
      vertex 78.44424596888753 -71.27328194468484 9.99
      vertex 78.88362468597548 -71.34287269688133 60
      vertex 78.44424596888753 -71.27328194468484 60
    endloop
  endfacet
  facet normal -0.2588190451025243 -0.9659258262890673 0
    outer loop
      vertex 78.88362468597548 -71.34287269688133 9.99
      vertex 79.31332222609353 -71.4580098057456 60
      vertex 78.88362468597548 -71.34287269688133 60
    endloop
  endfacet
  facet normal -0.35836794954530393 -0.9335804264972004 0
    outer loop
      vertex 79.31332222609353 -71.4580098057456 9.99
      vertex 79.72863073307215 -71.61743180501895 60
      vertex 79.31332222609353 -71.4580098057456 60
    endloop
  endfacet
  facet normal -0.453990499739527 -0.8910065241883779 0
    outer loop
      vertex 79.72863073307215 -71.61743180501895 9.99
      vertex 80.125 -71.81939203391613 60
      vertex 79.72863073307215 -71.61743180501895 60
    endloop
  endfacet
  facet normal 0.05233596169807261 -0.9986295344686825 0
    outer loop
      vertex 84.62717077881098 -87.4671313688159 2
      vertex 84.62717077881098 -87.4671313688159 60
      vertex 84 -87.5 60
    endloop
  endfacet
  facet normal 0.15643445553477123 -0.9876883421006546 0
    outer loop
      vertex 85.24747014790773 -87.36888560652733 2
      vertex 85.24747014790773 -87.36888560652733 60
      vertex 84.62717077881098 -87.4671313688159 60
    endloop
  endfacet
  facet normal 0.25881904950851087 -0.9659258251084867 0
    outer loop
      vertex 85.85410196334124 -87.20633909851313 2
      vertex 85.85410196334124 -87.20633909851313 60
      vertex 85.24747014790773 -87.36888560652733 60
    endloop
  endfacet
  facet normal 0.3583679532441575 -0.9335804250773435 0
    outer loop
      vertex 86.44041986018419 -86.98127274215221 2
      vertex 86.44041986018419 -86.98127274215221 60
      vertex 85.85410196334124 -87.20633909851313 60
    endloop
  endfacet
  facet normal -1 0 0
    outer loop
      vertex 87 -86.69615242630243 2
      vertex 87 -87.5 60
      vertex 87 -86.69615242630243 60
    endloop
  endfacet
  facet normal 0.4539904916265432 -0.8910065283221495 0
    outer loop
      vertex 87 -86.69615242630243 2
      vertex 87 -86.69615242630243 60
      vertex 86.44041986018419 -86.98127274215221 60
    endloop
  endfacet
  facet normal -0.5446390350150269 0.8386705679454243 0
    outer loop
      vertex 80.49808732224301 -78.93832222609353 9.99
      vertex 80.125 -79.18060796608387 60
      vertex 80.49808732224301 -78.93832222609353 60
    endloop
  endfacet
  facet normal -0.629320391049847 0.7771459614569629 0
    outer loop
      vertex 80.84380507702515 -78.65836550827892 9.99
      vertex 80.49808732224301 -78.93832222609353 60
      vertex 80.84380507702515 -78.65836550827892 60
    endloop
  endfacet
  facet normal -0.7071067811865476 0.7071067811865476 0
    outer loop
      vertex 81.15836550827892 -78.34380507702515 9.99
      vertex 80.84380507702515 -78.65836550827892 60
      vertex 81.15836550827892 -78.34380507702515 60
    endloop
  endfacet
  facet normal -0.7771459614569629 0.629320391049847 0
    outer loop
      vertex 81.43832222609353 -77.99808732224301 9.99
      vertex 81.15836550827892 -78.34380507702515 60
      vertex 81.43832222609353 -77.99808732224301 60
    endloop
  endfacet
  facet normal -0.8386705679454243 0.5446390350150269 0
    outer loop
      vertex 81.68060796608387 -77.625 9.99
      vertex 81.43832222609353 -77.99808732224301 60
      vertex 81.68060796608387 -77.625 60
    endloop
  endfacet
  facet normal -0.8910065241883779 0.453990499739527 0
    outer loop
      vertex 81.88256819498105 -77.22863073307215 9.99
      vertex 81.68060796608387 -77.625 60
      vertex 81.88256819498105 -77.22863073307215 60
    endloop
  endfacet
  facet normal -0.9335804264972004 0.35836794954530393 0
    outer loop
      vertex 82.0419901942544 -76.81332222609353 9.99
      vertex 81.88256819498105 -77.22863073307215 60
      vertex 82.0419901942544 -76.81332222609353 60
    endloop
  endfacet
  facet normal 0.9995065604716248 0 -0.03141075570855091
    outer loop
      vertex 90 -87.5 41.25
      vertex 90 -81.5 41.25
      vertex 90.01726612448692 -87.5 41.7994170486927
    endloop
  endfacet
  facet normal -0.9659258262890673 0.2588190451025243 0
    outer loop
      vertex 82.15712730311867 -76.38362468597548 9.99
      vertex 82.0419901942544 -76.81332222609353 60
      vertex 82.15712730311867 -76.38362468597548 60
    endloop
  endfacet
  facet normal -0.9876883405951369 0.15643446504023617 0
    outer loop
      vertex 82.22671805531516 -75.94424596888753 9.99
      vertex 82.15712730311867 -76.38362468597548 60
      vertex 82.22671805531516 -75.94424596888753 60
    endloop
  endfacet
  facet normal -0.9986295347545736 0.05233595624294645 0
    outer loop
      vertex 82.25 -75.5 9.99
      vertex 82.22671805531516 -75.94424596888753 60
      vertex 82.25 -75.5 60
    endloop
  endfacet
  facet normal -0.9986295347545736 -0.05233595624294645 0
    outer loop
      vertex 82.22671805531516 -75.05575403111247 9.99
      vertex 82.25 -75.5 60
      vertex 82.22671805531516 -75.05575403111247 60
    endloop
  endfacet
  facet normal -0.9876883405951369 -0.15643446504023617 0
    outer loop
      vertex 82.15712730311867 -74.61637531402452 9.99
      vertex 82.22671805531516 -75.05575403111247 60
      vertex 82.15712730311867 -74.61637531402452 60
    endloop
  endfacet
  facet normal -0.9659258262890673 -0.2588190451025243 0
    outer loop
      vertex 82.0419901942544 -74.18667777390647 9.99
      vertex 82.15712730311867 -74.61637531402452 60
      vertex 82.0419901942544 -74.18667777390647 60
    endloop
  endfacet
  facet normal -0.9335804264972004 -0.35836794954530393 0
    outer loop
      vertex 81.88256819498105 -73.77136926692785 9.99
      vertex 82.0419901942544 -74.18667777390647 60
      vertex 81.88256819498105 -73.77136926692785 60
    endloop
  endfacet
  facet normal -0.8910065241883779 -0.453990499739527 0
    outer loop
      vertex 81.68060796608387 -73.375 9.99
      vertex 81.88256819498105 -73.77136926692785 60
      vertex 81.68060796608387 -73.375 60
    endloop
  endfacet
  facet normal -0.7771459614569629 -0.629320391049847 0
    outer loop
      vertex 81.15836550827892 -72.65619492297485 9.99
      vertex 81.43832222609353 -73.00191267775699 60
      vertex 81.15836550827892 -72.65619492297485 60
    endloop
  endfacet
  facet normal -0.8386705679454243 -0.5446390350150269 0
    outer loop
      vertex 81.43832222609353 -73.00191267775699 9.99
      vertex 81.68060796608387 -73.375 60
      vertex 81.43832222609353 -73.00191267775699 60
    endloop
  endfacet
  facet normal -0.629320391049847 -0.7771459614569629 0
    outer loop
      vertex 80.49808732224301 -72.06167777390647 9.99
      vertex 80.84380507702515 -72.34163449172108 60
      vertex 80.49808732224301 -72.06167777390647 60
    endloop
  endfacet
  facet normal -0.5446390350150269 -0.8386705679454243 0
    outer loop
      vertex 80.125 -71.81939203391613 9.99
      vertex 80.49808732224301 -72.06167777390647 60
      vertex 80.125 -71.81939203391613 60
    endloop
  endfacet
  facet normal -0.7071067811865476 -0.7071067811865476 0
    outer loop
      vertex 80.84380507702515 -72.34163449172108 9.99
      vertex 81.15836550827892 -72.65619492297485 60
      vertex 80.84380507702515 -72.34163449172108 60
    endloop
  endfacet
  facet normal -0.5446390353737932 0.8386705677124385 0
    outer loop
      vertex 71.93411602079868 -65.15048070251942 2
      vertex 71.01246091723442 -65.74901052564383 60
      vertex 71.93411602079868 -65.15048070251942 60
    endloop
  endfacet
  facet normal -0.4999999931753902 0.866025407724629 0
    outer loop
      vertex 72.06999537348747 -65.07203072309494 2
      vertex 71.93411602079868 -65.15048070251942 60
      vertex 72.06999537348747 -65.07203072309494 60
    endloop
  endfacet
  facet normal -0.45399049835820615 0.891006524892196 0
    outer loop
      vertex 73.04916489869356 -64.57311893254519 2
      vertex 72.06999537348747 -65.07203072309494 60
      vertex 73.04916489869356 -64.57311893254519 60
    endloop
  endfacet
  facet normal -0.4067366474539906 0.913545455693305 0
    outer loop
      vertex 73.1925001963973 -64.50930194556713 2
      vertex 73.04916489869356 -64.57311893254519 60
      vertex 73.1925001963973 -64.50930194556713 60
    endloop
  endfacet
  facet normal -0.35836795142435096 0.9335804257759017 0
    outer loop
      vertex 74.2184560149908 -64.11547440290451 2
      vertex 73.1925001963973 -64.50930194556713 60
      vertex 74.2184560149908 -64.11547440290451 60
    endloop
  endfacet
  facet normal -0.30901699149037953 0.9510565172324066 0
    outer loop
      vertex 74.36767707765102 -64.06698954105377 2
      vertex 74.2184560149908 -64.11547440290451 60
      vertex 74.36767707765102 -64.06698954105377 60
    endloop
  endfacet
  facet normal -0.25881903888655244 0.9659258279546319 0
    outer loop
      vertex 75.42917874455452 -63.78256103396416 2
      vertex 74.36767707765102 -64.06698954105377 60
      vertex 75.42917874455452 -63.78256103396416 60
    endloop
  endfacet
  facet normal -0.20791169973303814 0.9781475988388045 0
    outer loop
      vertex 75.5826502814889 -63.749939650297165 2
      vertex 75.42917874455452 -63.78256103396416 60
      vertex 75.5826502814889 -63.749939650297165 60
    endloop
  endfacet
  facet normal -0.15643446525950055 0.9876883405604088 0
    outer loop
      vertex 76.66806792467833 -63.57802638411522 2
      vertex 75.5826502814889 -63.749939650297165 60
      vertex 76.66806792467833 -63.57802638411522 60
    endloop
  endfacet
  facet normal -0.10452847376048861 0.9945218942654319 0
    outer loop
      vertex 76.824108466506 -63.561625860631466 2
      vertex 76.66806792467833 -63.57802638411522 60
      vertex 76.824108466506 -63.561625860631466 60
    endloop
  endfacet
  facet normal -0.0523359532298615 0.9986295349124829 0
    outer loop
      vertex 77.92154992371798 -63.504111394286156 2
      vertex 76.824108466506 -63.561625860631466 60
      vertex 77.92154992371798 -63.504111394286156 60
    endloop
  endfacet
  facet normal 0 1 0
    outer loop
      vertex 78.07845007628202 -63.504111394286156 2
      vertex 77.92154992371798 -63.504111394286156 60
      vertex 78.07845007628202 -63.504111394286156 60
    endloop
  endfacet
  facet normal 0.05233595249243526 0.9986295349511297 0
    outer loop
      vertex 79.17589140683413 -63.561625853180885 2
      vertex 78.07845007628202 -63.504111394286156 60
      vertex 79.17589140683413 -63.561625853180885 60
    endloop
  endfacet
  facet normal 0.1045284566956052 0.9945218960590235 0
    outer loop
      vertex 79.33193218708038 -63.57802639901638 2
      vertex 79.17589140683413 -63.561625853180885 60
      vertex 79.33193218708038 -63.57802639901638 60
    endloop
  endfacet
  facet normal 0.15643446879228512 0.9876883400008707 0
    outer loop
      vertex 80.41734971106052 -63.749939650297165 2
      vertex 79.33193218708038 -63.57802639901638 60
      vertex 80.41734971106052 -63.749939650297165 60
    endloop
  endfacet
  facet normal 0.20791169973303814 0.9781475988388045 0
    outer loop
      vertex 80.5708212479949 -63.78256103396416 2
      vertex 80.41734971106052 -63.749939650297165 60
      vertex 80.5708212479949 -63.78256103396416 60
    endloop
  endfacet
  facet normal 0.2588190418222672 0.9659258271680096 0
    outer loop
      vertex 81.63232292979956 -64.06698954850435 2
      vertex 80.5708212479949 -63.78256103396416 60
      vertex 81.63232292979956 -64.06698954850435 60
    endloop
  endfacet
  facet normal 0.30901697536629286 0.9510565224714396 0
    outer loop
      vertex 81.78154395520687 -64.11547439545393 2
      vertex 81.63232292979956 -64.06698954850435 60
      vertex 81.78154395520687 -64.11547439545393 60
    endloop
  endfacet
  facet normal 0.20791167136554337 0.9781476048685016 0
    outer loop
      vertex 82.53069662302732 -64.33282589167356 2
      vertex 82.22354287654161 -64.26753835380077 60
      vertex 82.53069662302732 -64.33282589167356 60
    endloop
  endfacet
  facet normal 0.10452847116952206 0.9945218945377534 0
    outer loop
      vertex 82.84299214929342 -64.36564947664738 2
      vertex 82.53069662302732 -64.33282589167356 60
      vertex 82.84299214929342 -64.36564947664738 60
    endloop
  endfacet
  facet normal 0 1 0
    outer loop
      vertex 83.15700788795948 -64.36564947664738 2
      vertex 82.84299214929342 -64.36564947664738 60
      vertex 83.15700788795948 -64.36564947664738 60
    endloop
  endfacet
  facet normal -0.10452847116952206 0.9945218945377534 0
    outer loop
      vertex 83.46930341422558 -64.33282589167356 2
      vertex 83.15700788795948 -64.36564947664738 60
      vertex 83.46930341422558 -64.33282589167356 60
    endloop
  endfacet
  facet normal 0.3583679643212113 0.9335804208252607 0
    outer loop
      vertex 81.92489616572857 -64.17050215601921 2
      vertex 81.78154395520687 -64.11547439545393 60
      vertex 81.92489616572857 -64.17050215601921 60
    endloop
  endfacet
  facet normal 0.3090169921374998 0.9510565170221443 0
    outer loop
      vertex 82.22354287654161 -64.26753835380077 2
      vertex 81.92489616572857 -64.17050215601921 60
      vertex 82.22354287654161 -64.26753835380077 60
    endloop
  endfacet
  facet normal -0.20791169889194822 0.9781475990175839 0
    outer loop
      vertex 83.77645715326071 -64.2675383463502 2
      vertex 83.46930341422558 -64.33282589167356 60
      vertex 83.77645715326071 -64.2675383463502 60
    endloop
  endfacet
  facet normal -0.3090170135985689 0.95105651004902 0
    outer loop
      vertex 84.07510386407375 -64.17050214111805 2
      vertex 83.77645715326071 -64.2675383463502 60
      vertex 84.07510386407375 -64.17050214111805 60
    endloop
  endfacet
  facet normal -0.40673663936662624 0.9135454592940316 0
    outer loop
      vertex 84.36197151243687 -64.04278043657541 2
      vertex 84.07510386407375 -64.17050214111805 60
      vertex 84.36197151243687 -64.04278043657541 60
    endloop
  endfacet
  facet normal -0.500000013973586 0.8660253957167849 0
    outer loop
      vertex 84.63391711562872 -63.885772563517094 2
      vertex 84.36197151243687 -64.04278043657541 60
      vertex 84.63391711562872 -63.885772563517094 60
    endloop
  endfacet
  facet normal -0.5877852528566571 0.809016993965044 0
    outer loop
      vertex 84.8879611864686 -63.70119874179363 2
      vertex 84.63391711562872 -63.885772563517094 60
      vertex 84.8879611864686 -63.70119874179363 60
    endloop
  endfacet
  facet normal -0.669130614928542 0.7431448177612163 0
    outer loop
      vertex 85.12132035195827 -63.491081200540066 2
      vertex 84.8879611864686 -63.70119874179363 60
      vertex 85.12132035195827 -63.491081200540066 60
    endloop
  endfacet
  facet normal -0.7431448177612163 0.669130614928542 0
    outer loop
      vertex 85.33143789321184 -63.25772203505039 2
      vertex 85.12132035195827 -63.491081200540066 60
      vertex 85.33143789321184 -63.25772203505039 60
    endloop
  endfacet
  facet normal -0.809016993965044 0.5877852528566571 0
    outer loop
      vertex 85.5160117149353 -63.00367796421051 2
      vertex 85.33143789321184 -63.25772203505039 60
      vertex 85.5160117149353 -63.00367796421051 60
    endloop
  endfacet
  facet normal -0.8660254119224732 0.4999999859045104 0
    outer loop
      vertex 85.67301958054304 -62.73173235356808 2
      vertex 85.5160117149353 -63.00367796421051 60
      vertex 85.67301958054304 -62.73173235356808 60
    endloop
  endfacet
  facet normal -0.9135454592940316 0.40673663936662624 0
    outer loop
      vertex 85.80074128508568 -62.444864705204964 2
      vertex 85.67301958054304 -62.73173235356808 60
      vertex 85.80074128508568 -62.444864705204964 60
    endloop
  endfacet
  facet normal -0.9510565170221443 0.3090169921374998 0
    outer loop
      vertex 85.89777748286724 -62.14621799439192 2
      vertex 85.80074128508568 -62.444864705204964 60
      vertex 85.89777748286724 -62.14621799439192 60
    endloop
  endfacet
  facet normal -0.9781476048685016 0.20791167136554337 0
    outer loop
      vertex 85.96306502074003 -61.83906424790621 2
      vertex 85.89777748286724 -62.14621799439192 60
      vertex 85.96306502074003 -61.83906424790621 60
    endloop
  endfacet
  facet normal -0.9945218945377534 0.10452847116952206 0
    outer loop
      vertex 85.99588860571384 -61.52676872164011 2
      vertex 85.96306502074003 -61.83906424790621 60
      vertex 85.99588860571384 -61.52676872164011 60
    endloop
  endfacet
  facet normal -0.9996573251385336 0.02617694208405647 0
    outer loop
      vertex 86 -61.36976087093353 2
      vertex 85.99588860571384 -61.52676872164011 60
      vertex 86 -61.36976087093353 60
    endloop
  endfacet
  facet normal 0 -1 0
    outer loop
      vertex 119.5 -87.5 20
      vertex 119.5 -87.5 56
      vertex 107.5 -87.5 41.25
    endloop
  endfacet
  facet normal 0 -1 0
    outer loop
      vertex 90 -87.5 41.25
      vertex 90.01726612448692 -87.5 41.7994170486927
      vertex 87 -87.5 60
    endloop
  endfacet
  facet normal 0 -1 0
    outer loop
      vertex 90.01726612448692 -87.5 41.7994170486927
      vertex 90.06899636238813 -87.5 42.34666579216719
      vertex 87 -87.5 60
    endloop
  endfacet
  facet normal 0 -1 0
    outer loop
      vertex 90.06899636238813 -87.5 42.34666579216719
      vertex 90.15498655289412 -87.5 42.8895865008235
      vertex 87 -87.5 60
    endloop
  endfacet
  facet normal 0 -1 0
    outer loop
      vertex 90.15498655289412 -87.5 42.8895865008235
      vertex 90.27489733695984 -87.5 43.42603651434183
      vertex 87 -87.5 60
    endloop
  endfacet
  facet normal 0 -1 0
    outer loop
      vertex 90.27489733695984 -87.5 43.42603651434183
      vertex 90.42825548350811 -87.5 43.95389869809151
      vertex 87 -87.5 60
    endloop
  endfacet
  facet normal 0 -1 0
    outer loop
      vertex 90.42825548350811 -87.5 43.95389869809151
      vertex 90.61445575207472 -87.5 44.47108983248472
      vertex 87 -87.5 60
    endloop
  endfacet
  facet normal 0 -1 0
    outer loop
      vertex 90.61445575207472 -87.5 44.47108983248472
      vertex 90.83276329189539 -87.5 44.97556880116463
      vertex 87 -87.5 60
    endloop
  endfacet
  facet normal 0 -1 0
    outer loop
      vertex 90.83276329189539 -87.5 44.97556880116463
      vertex 91.08231654763222 -87.5 45.46534464508295
      vertex 87 -87.5 60
    endloop
  endfacet
  facet normal 0 -1 0
    outer loop
      vertex 91.08231654763222 -87.5 45.46534464508295
      vertex 91.36213064938784 -87.5 45.93848445266485
      vertex 87 -87.5 60
    endloop
  endfacet
  facet normal 0 -1 0
    outer loop
      vertex 91.36213064938784 -87.5 45.93848445266485
      vertex 91.6711013019085 -87.5 46.39312095940113
      vertex 87 -87.5 60
    endloop
  endfacet
  facet normal 0 -1 0
    outer loop
      vertex 91.6711013019085 -87.5 46.39312095940113
      vertex 92.00800912827253 -87.5 46.827459909021854
      vertex 87 -87.5 60
    endloop
  endfacet
  facet normal 0 -1 0
    outer loop
      vertex 92.00800912827253 -87.5 46.827459909021854
      vertex 92.37152451276779 -87.5 47.23978717625141
      vertex 87 -87.5 60
    endloop
  endfacet
  facet normal 0 -1 0
    outer loop
      vertex 92.37152451276779 -87.5 47.23978717625141
      vertex 92.76021282374859 -87.5 47.62847548723221
      vertex 87 -87.5 60
    endloop
  endfacet
  facet normal 0 -1 0
    outer loop
      vertex 92.76021282374859 -87.5 47.62847548723221
      vertex 93.17254009097815 -87.5 47.99199087172747
      vertex 87 -87.5 60
    endloop
  endfacet
  facet normal 0 -1 0
    outer loop
      vertex 93.17254009097815 -87.5 47.99199087172747
      vertex 93.60687904059887 -87.5 48.32889869809151
      vertex 87 -87.5 60
    endloop
  endfacet
  facet normal 0 -1 0
    outer loop
      vertex 87 -87.5 60
      vertex 93.60687904059887 -87.5 48.32889869809151
      vertex 94.06151554733515 -87.5 48.63786935061216
    endloop
  endfacet
  facet normal 0 0 1
    outer loop
      vertex 63.86976087093353 -83.5 60
      vertex 84 -87.5 60
      vertex 64.18334626406431 -83.48356568813324 60
    endloop
  endfacet
  facet normal 0 0 1
    outer loop
      vertex 64.18334626406431 -83.48356568813324 60
      vertex 84 -87.5 60
      vertex 64.49349594116211 -83.43444280326366 60
    endloop
  endfacet
  facet normal 0 0 1
    outer loop
      vertex 64.49349594116211 -83.43444280326366 60
      vertex 84 -87.5 60
      vertex 64.79681185632944 -83.35316954553127 60
    endloop
  endfacet
  facet normal 0 0 1
    outer loop
      vertex 64.79681185632944 -83.35316954553127 60
      vertex 84 -87.5 60
      vertex 65.08997079730034 -83.2406363710761 60
    endloop
  endfacet
  facet normal 0 0 1
    outer loop
      vertex 65.08997079730034 -83.2406363710761 60
      vertex 84 -87.5 60
      vertex 65.36976087093353 -83.09807620942593 60
    endloop
  endfacet
  facet normal 0 0 1
    outer loop
      vertex 65.36976087093353 -83.09807620942593 60
      vertex 84 -87.5 60
      vertex 65.63311662524939 -82.92705098539591 60
    endloop
  endfacet
  facet normal 0 0 1
    outer loop
      vertex 65.63311662524939 -82.92705098539591 60
      vertex 84 -87.5 60
      vertex 65.87715268880129 -82.7294344753027 60
    endloop
  endfacet
  facet normal 0 0 1
    outer loop
      vertex 65.87715268880129 -82.7294344753027 60
      vertex 84 -87.5 60
      vertex 66.09919534623623 -82.50739181786776 60
    endloop
  endfacet
  facet normal 0 0 1
    outer loop
      vertex 66.09919534623623 -82.50739181786776 60
      vertex 84 -87.5 60
      vertex 66.29681185632944 -82.26335575431585 60
    endloop
  endfacet
  facet normal 0 0 1
    outer loop
      vertex 66.29681185632944 -82.26335575431585 60
      vertex 84 -87.5 60
      vertex 66.46783708035946 -82 60
    endloop
  endfacet
  facet normal 0 0 1
    outer loop
      vertex 66.46783708035946 -82 60
      vertex 84 -87.5 60
      vertex 66.61039724200964 -81.7202099263668 60
    endloop
  endfacet
  facet normal 0 0 1
    outer loop
      vertex 66.61039724200964 -81.7202099263668 60
      vertex 84 -87.5 60
      vertex 66.7229304164648 -81.42705098539591 60
    endloop
  endfacet
  facet normal 0 0 1
    outer loop
      vertex 66.7229304164648 -81.42705098539591 60
      vertex 84 -87.5 60
      vertex 66.8042036741972 -81.12373507022858 60
    endloop
  endfacet
  facet normal 0 0 1
    outer loop
      vertex 66.8042036741972 -81.12373507022858 60
      vertex 84 -87.5 60
      vertex 66.85332655906677 -80.81358539313078 60
    endloop
  endfacet
  facet normal 0 0 1
    outer loop
      vertex 66.85332655906677 -80.81358539313078 60
      vertex 84 -87.5 60
      vertex 66.86976087093353 -80.5 60
    endloop
  endfacet
  facet normal 0 0 1
    outer loop
      vertex 66.86976087093353 -80.5 60
      vertex 84 -87.5 60
      vertex 66.85332655906677 -80.18641460686922 60
    endloop
  endfacet
  facet normal 0 0 1
    outer loop
      vertex 66.85332655906677 -80.18641460686922 60
      vertex 84 -87.5 60
      vertex 66.8042036741972 -79.87626492977142 60
    endloop
  endfacet
  facet normal 0 0 1
    outer loop
      vertex 66.67050216346979 -79.42489618808031 60
      vertex 84.62717077881098 -87.4671313688159 60
      vertex 66.61547441035509 -79.2815439850092 60
    endloop
  endfacet
  facet normal 0 0 1
    outer loop
      vertex 66.8042036741972 -79.87626492977142 60
      vertex 84.62717077881098 -87.4671313688159 60
      vertex 66.7229304164648 -79.57294901460409 60
    endloop
  endfacet
  facet normal 0 0 1
    outer loop
      vertex 66.67050216346979 -79.42489618808031 60
      vertex 66.7229304164648 -79.57294901460409 60
      vertex 84.62717077881098 -87.4671313688159 60
    endloop
  endfacet
  facet normal 0 0 1
    outer loop
      vertex 66.56698954105377 -79.1323229148984 60
      vertex 66.61547441035509 -79.2815439850092 60
      vertex 84.62717077881098 -87.4671313688159 60
    endloop
  endfacet
  facet normal 0 0 1
    outer loop
      vertex 66.28256103396416 -78.0708212479949 60
      vertex 66.56698954105377 -79.1323229148984 60
      vertex 85.24747014790773 -87.36888560652733 60
    endloop
  endfacet
  facet normal 0 0 1
    outer loop
      vertex 66.28256103396416 -78.0708212479949 60
      vertex 85.85410196334124 -87.20633909851313 60
      vertex 66.24993965029716 -77.91734971106052 60
    endloop
  endfacet
  facet normal 0 0 1
    outer loop
      vertex 66.24993965029716 -77.91734971106052 60
      vertex 86.44041986018419 -86.98127274215221 60
      vertex 66.07802638411522 -76.8319320678711 60
    endloop
  endfacet
  facet normal 0 0 1
    outer loop
      vertex 66.07802638411522 -76.8319320678711 60
      vertex 86.44041986018419 -86.98127274215221 60
      vertex 66.06162586063147 -76.67589152604342 60
    endloop
  endfacet
  facet normal 0 0 1
    outer loop
      vertex 66.06162586063147 -76.67589152604342 60
      vertex 87 -86.69615242630243 60
      vertex 66.00411139428616 -75.57845007628202 60
    endloop
  endfacet
  facet normal 0 0 1
    outer loop
      vertex 66.00411139428616 -75.57845007628202 60
      vertex 74.84163449172108 -78.34380507702515 60
      vertex 74.56167777390647 -77.99808732224301 60
    endloop
  endfacet
  facet normal 0 0 1
    outer loop
      vertex 66.00411139428616 -75.57845007628202 60
      vertex 75.15619492297485 -78.65836550827892 60
      vertex 74.84163449172108 -78.34380507702515 60
    endloop
  endfacet
  facet normal 0 0 1
    outer loop
      vertex 66.00411139428616 -75.57845007628202 60
      vertex 74.31939203391613 -77.625 60
      vertex 74.11743180501895 -77.22863073307215 60
    endloop
  endfacet
  facet normal 0 0 1
    outer loop
      vertex 66.00411139428616 -75.57845007628202 60
      vertex 74.56167777390647 -77.99808732224301 60
      vertex 74.31939203391613 -77.625 60
    endloop
  endfacet
  facet normal 0 0 1
    outer loop
      vertex 66.00411139428616 -75.57845007628202 60
      vertex 76.27136926692785 -79.38256819498105 60
      vertex 75.875 -79.18060796608387 60
    endloop
  endfacet
  facet normal 0 0 1
    outer loop
      vertex 66.00411139428616 -75.57845007628202 60
      vertex 76.68667777390647 -79.5419901942544 60
      vertex 76.27136926692785 -79.38256819498105 60
    endloop
  endfacet
  facet normal 0 0 1
    outer loop
      vertex 66.00411139428616 -75.57845007628202 60
      vertex 75.50191267775699 -78.93832222609353 60
      vertex 75.15619492297485 -78.65836550827892 60
    endloop
  endfacet
  facet normal 0 0 1
    outer loop
      vertex 66.00411139428616 -75.57845007628202 60
      vertex 75.875 -79.18060796608387 60
      vertex 75.50191267775699 -78.93832222609353 60
    endloop
  endfacet
  facet normal 0 0 1
    outer loop
      vertex 66.8042036741972 -79.87626492977142 60
      vertex 84 -87.5 60
      vertex 84.62717077881098 -87.4671313688159 60
    endloop
  endfacet
  facet normal 0 0 1
    outer loop
      vertex 66.56698954105377 -79.1323229148984 60
      vertex 84.62717077881098 -87.4671313688159 60
      vertex 85.24747014790773 -87.36888560652733 60
    endloop
  endfacet
  facet normal 0 0 1
    outer loop
      vertex 66.28256103396416 -78.0708212479949 60
      vertex 85.24747014790773 -87.36888560652733 60
      vertex 85.85410196334124 -87.20633909851313 60
    endloop
  endfacet
  facet normal 0 0 1
    outer loop
      vertex 66.24993965029716 -77.91734971106052 60
      vertex 85.85410196334124 -87.20633909851313 60
      vertex 86.44041986018419 -86.98127274215221 60
    endloop
  endfacet
  facet normal 0 0 1
    outer loop
      vertex 66.06162586063147 -76.67589152604342 60
      vertex 86.44041986018419 -86.98127274215221 60
      vertex 87 -86.69615242630243 60
    endloop
  endfacet
  facet normal 0 0 1
    outer loop
      vertex 66.00411139428616 -75.57845007628202 60
      vertex 87 -86.69615242630243 60
      vertex 87.21225738020681 -86.19666520925647 60
    endloop
  endfacet
  facet normal 0 0 1
    outer loop
      vertex 66.00411139428616 -75.57845007628202 60
      vertex 87.21225738020681 -86.19666520925647 60
      vertex 76.68667777390647 -79.5419901942544 60
    endloop
  endfacet
  facet normal 0 0 1
    outer loop
      vertex 66.00411139428616 -75.57845007628202 60
      vertex 74.11743180501895 -73.77136926692785 60
      vertex 66.00411139428616 -75.4215499162674 60
    endloop
  endfacet
  facet normal 0 0 1
    outer loop
      vertex 66.00411139428616 -75.4215499162674 60
      vertex 74.11743180501895 -73.77136926692785 60
      vertex 66.06162585318089 -74.3241085857153 60
    endloop
  endfacet
  facet normal 0 0 1
    outer loop
      vertex 66.06162585318089 -74.3241085857153 60
      vertex 74.56167777390647 -73.00191267775699 60
      vertex 66.07802639901638 -74.16806780546904 60
    endloop
  endfacet
  facet normal 0 0 1
    outer loop
      vertex 66.07802639901638 -74.16806780546904 60
      vertex 74.84163449172108 -72.65619492297485 60
      vertex 66.24993965029716 -73.0826502814889 60
    endloop
  endfacet
  facet normal 0 0 1
    outer loop
      vertex 66.24993965029716 -73.0826502814889 60
      vertex 75.50191267775699 -72.06167777390647 60
      vertex 66.28256103396416 -72.92917874455452 60
    endloop
  endfacet
  facet normal 0 0 1
    outer loop
      vertex 66.28256103396416 -72.92917874455452 60
      vertex 75.50191267775699 -72.06167777390647 60
      vertex 66.56698954850435 -71.86767706274986 60
    endloop
  endfacet
  facet normal 0 0 1
    outer loop
      vertex 66.56698954850435 -71.86767706274986 60
      vertex 77.11637531402452 -71.34287269688133 60
      vertex 66.61547438800335 -71.71845606714487 60
    endloop
  endfacet
  facet normal 0 0 1
    outer loop
      vertex 66.61547438800335 -71.71845606714487 60
      vertex 77.11637531402452 -71.34287269688133 60
      vertex 67.00930196791887 -70.69250015169382 60
    endloop
  endfacet
  facet normal 0 0 1
    outer loop
      vertex 66.00411139428616 -75.57845007628202 60
      vertex 73.84287269688133 -76.38362468597548 60
      vertex 73.77328194468484 -75.94424596888753 60
    endloop
  endfacet
  facet normal 0 0 1
    outer loop
      vertex 66.00411139428616 -75.57845007628202 60
      vertex 73.77328194468484 -75.94424596888753 60
      vertex 73.75 -75.5 60
    endloop
  endfacet
  facet normal 0 0 1
    outer loop
      vertex 66.00411139428616 -75.57845007628202 60
      vertex 73.75 -75.5 60
      vertex 73.77328194468484 -75.05575403111247 60
    endloop
  endfacet
  facet normal 0 0 1
    outer loop
      vertex 66.00411139428616 -75.57845007628202 60
      vertex 74.11743180501895 -77.22863073307215 60
      vertex 73.9580098057456 -76.81332222609353 60
    endloop
  endfacet
  facet normal 0 0 1
    outer loop
      vertex 66.00411139428616 -75.57845007628202 60
      vertex 73.9580098057456 -76.81332222609353 60
      vertex 73.84287269688133 -76.38362468597548 60
    endloop
  endfacet
  facet normal 0 0 1
    outer loop
      vertex 66.00411139428616 -75.57845007628202 60
      vertex 73.77328194468484 -75.05575403111247 60
      vertex 73.84287269688133 -74.61637531402452 60
    endloop
  endfacet
  facet normal 0 0 1
    outer loop
      vertex 66.00411139428616 -75.57845007628202 60
      vertex 73.84287269688133 -74.61637531402452 60
      vertex 73.9580098057456 -74.18667777390647 60
    endloop
  endfacet
  facet normal 0 0 1
    outer loop
      vertex 66.00411139428616 -75.57845007628202 60
      vertex 73.9580098057456 -74.18667777390647 60
      vertex 74.11743180501895 -73.77136926692785 60
    endloop
  endfacet
  facet normal 0 0 1
    outer loop
      vertex 66.06162585318089 -74.3241085857153 60
      vertex 74.11743180501895 -73.77136926692785 60
      vertex 74.31939203391613 -73.375 60
    endloop
  endfacet
  facet normal 0 0 1
    outer loop
      vertex 66.06162585318089 -74.3241085857153 60
      vertex 74.31939203391613 -73.375 60
      vertex 74.56167777390647 -73.00191267775699 60
    endloop
  endfacet
  facet normal 0 0 1
    outer loop
      vertex 66.07802639901638 -74.16806780546904 60
      vertex 74.56167777390647 -73.00191267775699 60
      vertex 74.84163449172108 -72.65619492297485 60
    endloop
  endfacet
  facet normal 0 0 1
    outer loop
      vertex 66.24993965029716 -73.0826502814889 60
      vertex 74.84163449172108 -72.65619492297485 60
      vertex 75.15619492297485 -72.34163449172108 60
    endloop
  endfacet
  facet normal 0 0 1
    outer loop
      vertex 66.24993965029716 -73.0826502814889 60
      vertex 75.15619492297485 -72.34163449172108 60
      vertex 75.50191267775699 -72.06167777390647 60
    endloop
  endfacet
  facet normal 0 0 1
    outer loop
      vertex 66.56698954850435 -71.86767706274986 60
      vertex 75.50191267775699 -72.06167777390647 60
      vertex 75.875 -71.81939203391613 60
    endloop
  endfacet
  facet normal 0 0 1
    outer loop
      vertex 66.56698954850435 -71.86767706274986 60
      vertex 75.875 -71.81939203391613 60
      vertex 76.27136926692785 -71.61743180501895 60
    endloop
  endfacet
  facet normal 0 0 1
    outer loop
      vertex 66.56698954850435 -71.86767706274986 60
      vertex 76.27136926692785 -71.61743180501895 60
      vertex 76.68667777390647 -71.4580098057456 60
    endloop
  endfacet
  facet normal 0 0 1
    outer loop
      vertex 66.56698954850435 -71.86767706274986 60
      vertex 76.68667777390647 -71.4580098057456 60
      vertex 77.11637531402452 -71.34287269688133 60
    endloop
  endfacet
  facet normal 0 0 1
    outer loop
      vertex 67.00930196791887 -70.69250015169382 60
      vertex 77.11637531402452 -71.34287269688133 60
      vertex 77.55575403111247 -71.27328194468484 60
    endloop
  endfacet
  facet normal 0 0 1
    outer loop
      vertex 67.00930196791887 -70.69250015169382 60
      vertex 77.55575403111247 -71.27328194468484 60
      vertex 78 -71.25 60
    endloop
  endfacet
  facet normal 0 0 1
    outer loop
      vertex 67.00930196791887 -70.69250015169382 60
      vertex 89.70325589796629 -70.90106027564565 60
      vertex 67.07311893254519 -70.54916489869356 60
    endloop
  endfacet
  facet normal 0 0 1
    outer loop
      vertex 67.07311893254519 -70.54916489869356 60
      vertex 89.70325589796629 -70.90106027564565 60
      vertex 67.57203072309494 -69.56999537348747 60
    endloop
  endfacet
  facet normal 0 0 1
    outer loop
      vertex 67.57203072309494 -69.56999537348747 60
      vertex 89.70325589796629 -70.90106027564565 60
      vertex 67.65048070251942 -69.43411602079868 60
    endloop
  endfacet
  facet normal 0 0 1
    outer loop
      vertex 67.65048070251942 -69.43411602079868 60
      vertex 89.70325589796629 -70.90106027564565 60
      vertex 68.24901052564383 -68.51246091723442 60
    endloop
  endfacet
  facet normal 0 0 1
    outer loop
      vertex 68.3412339836359 -68.38552622497082 60
      vertex 68.24901052564383 -68.51246091723442 60
      vertex 89.70325589796629 -70.90106027564565 60
    endloop
  endfacet
  facet normal 0 0 1
    outer loop
      vertex 68.3412339836359 -68.38552622497082 60
      vertex 89.70325589796629 -70.90106027564565 60
      vertex 69.03282411396503 -67.53148353099823 60
    endloop
  endfacet
  facet normal 0 0 1
    outer loop
      vertex 69.03282411396503 -67.53148353099823 60
      vertex 89.70325589796629 -70.90106027564565 60
      vertex 69.13781078159809 -67.41488402336836 60
    endloop
  endfacet
  facet normal 0 0 1
    outer loop
      vertex 69.13781078159809 -67.41488402336836 60
      vertex 89.70325589796629 -70.90106027564565 60
      vertex 69.91488401591778 -66.63781078904867 60
    endloop
  endfacet
  facet normal 0 0 1
    outer loop
      vertex 69.91488401591778 -66.63781078904867 60
      vertex 89.70325589796629 -70.90106027564565 60
      vertex 70.03148353844881 -66.53282410651445 60
    endloop
  endfacet
  facet normal 0 0 1
    outer loop
      vertex 70.03148353844881 -66.53282410651445 60
      vertex 89.70325589796629 -70.90106027564565 60
      vertex 70.88552622497082 -65.8412339836359 60
    endloop
  endfacet
  facet normal 0 0 1
    outer loop
      vertex 67.00930196791887 -70.69250015169382 60
      vertex 78 -71.25 60
      vertex 89.70325589796629 -70.90106027564565 60
    endloop
  endfacet
  facet normal 0 0 1
    outer loop
      vertex 70.88552622497082 -65.8412339836359 60
      vertex 89.70325589796629 -70.90106027564565 60
      vertex 71.01246091723442 -65.74901052564383 60
    endloop
  endfacet
  facet normal 0 0 1
    outer loop
      vertex 71.01246091723442 -65.74901052564383 60
      vertex 89.70325589796629 -70.90106027564565 60
      vertex 71.93411602079868 -65.15048070251942 60
    endloop
  endfacet
  facet normal 0 0 1
    outer loop
      vertex 89.70325589796629 -70.90106027564565 60
      vertex 72.06999537348747 -65.07203072309494 60
      vertex 71.93411602079868 -65.15048070251942 60
    endloop
  endfacet
  facet normal 0 0 1
    outer loop
      vertex 89.70325589796629 -70.90106027564565 60
      vertex 73.04916489869356 -64.57311893254519 60
      vertex 72.06999537348747 -65.07203072309494 60
    endloop
  endfacet
  facet normal 0 0 1
    outer loop
      vertex 89.70325589796629 -70.90106027564565 60
      vertex 73.1925001963973 -64.50930194556713 60
      vertex 73.04916489869356 -64.57311893254519 60
    endloop
  endfacet
  facet normal 0 0 1
    outer loop
      vertex 89.70325589796629 -70.90106027564565 60
      vertex 74.2184560149908 -64.11547440290451 60
      vertex 73.1925001963973 -64.50930194556713 60
    endloop
  endfacet
  facet normal 0 0 1
    outer loop
      vertex 89.70325589796629 -70.90106027564565 60
      vertex 74.36767707765102 -64.06698954105377 60
      vertex 74.2184560149908 -64.11547440290451 60
    endloop
  endfacet
  facet normal 0 0 1
    outer loop
      vertex 89.70325589796629 -70.90106027564565 60
      vertex 75.42917874455452 -63.78256103396416 60
      vertex 74.36767707765102 -64.06698954105377 60
    endloop
  endfacet
  facet normal 0 -1 0
    outer loop
      vertex 87 -87.5 60
      vertex 94.06151554733515 -87.5 48.63786935061216
      vertex 94.53465535491705 -87.5 48.91768345236778
    endloop
  endfacet
  facet normal 0 -1 0
    outer loop
      vertex 87 -87.5 60
      vertex 94.53465535491705 -87.5 48.91768345236778
      vertex 95.02443119883537 -87.5 49.16723670810461
    endloop
  endfacet
  facet normal 0 -1 0
    outer loop
      vertex 87 -87.5 60
      vertex 95.02443119883537 -87.5 49.16723670810461
      vertex 95.52891016751528 -87.5 49.38554424792528
    endloop
  endfacet
  facet normal 0 -1 0
    outer loop
      vertex 87 -87.5 60
      vertex 95.52891016751528 -87.5 49.38554424792528
      vertex 96.0461013019085 -87.5 49.57174451649189
    endloop
  endfacet
  facet normal 0 -1 0
    outer loop
      vertex 87 -87.5 60
      vertex 96.0461013019085 -87.5 49.57174451649189
      vertex 96.57396348565817 -87.5 49.72510266304016
    endloop
  endfacet
  facet normal 0 0 1
    outer loop
      vertex 87.21225738020681 -86.19666520925647 60
      vertex 77.11637531402452 -79.65712730311867 60
      vertex 76.68667777390647 -79.5419901942544 60
    endloop
  endfacet
  facet normal 0 0 1
    outer loop
      vertex 87.21225738020681 -86.19666520925647 60
      vertex 77.55575403111247 -79.72671805531516 60
      vertex 77.11637531402452 -79.65712730311867 60
    endloop
  endfacet
  facet normal 0 0 1
    outer loop
      vertex 87.21225738020681 -86.19666520925647 60
      vertex 78 -79.75 60
      vertex 77.55575403111247 -79.72671805531516 60
    endloop
  endfacet
  facet normal 0 0 1
    outer loop
      vertex 87.21225738020681 -86.19666520925647 60
      vertex 78.44424596888753 -79.72671805531516 60
      vertex 78 -79.75 60
    endloop
  endfacet
  facet normal 0 0 1
    outer loop
      vertex 87.21225738020681 -86.19666520925647 60
      vertex 78.88362468597548 -79.65712730311867 60
      vertex 78.44424596888753 -79.72671805531516 60
    endloop
  endfacet
  facet normal 0 0 1
    outer loop
      vertex 87.21225738020681 -86.19666520925647 60
      vertex 79.31332222609353 -79.5419901942544 60
      vertex 78.88362468597548 -79.65712730311867 60
    endloop
  endfacet
  facet normal 0 0 1
    outer loop
      vertex 87.21225738020681 -86.19666520925647 60
      vertex 79.72863073307215 -79.38256819498105 60
      vertex 79.31332222609353 -79.5419901942544 60
    endloop
  endfacet
  facet normal 0 0 1
    outer loop
      vertex 87.21225738020681 -86.19666520925647 60
      vertex 80.125 -79.18060796608387 60
      vertex 79.72863073307215 -79.38256819498105 60
    endloop
  endfacet
  facet normal 0 0 1
    outer loop
      vertex 87.21225738020681 -86.19666520925647 60
      vertex 80.49808732224301 -78.93832222609353 60
      vertex 80.125 -79.18060796608387 60
    endloop
  endfacet
  facet normal 0 0 1
    outer loop
      vertex 87.21225738020681 -86.19666520925647 60
      vertex 80.84380507702515 -78.65836550827892 60
      vertex 80.49808732224301 -78.93832222609353 60
    endloop
  endfacet
  facet normal 0 0 1
    outer loop
      vertex 87.21225738020681 -86.19666520925647 60
      vertex 81.15836550827892 -78.34380507702515 60
      vertex 80.84380507702515 -78.65836550827892 60
    endloop
  endfacet
  facet normal 0 0 1
    outer loop
      vertex 87.21225738020681 -86.19666520925647 60
      vertex 81.43832222609353 -77.99808732224301 60
      vertex 81.15836550827892 -78.34380507702515 60
    endloop
  endfacet
  facet normal 0 0 1
    outer loop
      vertex 87.21225738020681 -86.19666520925647 60
      vertex 81.68060796608387 -77.625 60
      vertex 81.43832222609353 -77.99808732224301 60
    endloop
  endfacet
  facet normal 0 0 1
    outer loop
      vertex 87.21225738020681 -86.19666520925647 60
      vertex 81.88256819498105 -77.22863073307215 60
      vertex 81.68060796608387 -77.625 60
    endloop
  endfacet
  facet normal 0 0 1
    outer loop
      vertex 87.21225738020681 -86.19666520925647 60
      vertex 82.0419901942544 -76.81332222609353 60
      vertex 81.88256819498105 -77.22863073307215 60
    endloop
  endfacet
  facet normal 0 0 1
    outer loop
      vertex 87.21225738020681 -86.19666520925647 60
      vertex 82.15712730311867 -76.38362468597548 60
      vertex 82.0419901942544 -76.81332222609353 60
    endloop
  endfacet
  facet normal 0 0 1
    outer loop
      vertex 87.21225738020681 -86.19666520925647 60
      vertex 82.22671805531516 -75.94424596888753 60
      vertex 82.15712730311867 -76.38362468597548 60
    endloop
  endfacet
  facet normal 0 0 1
    outer loop
      vertex 87.21225738020681 -86.19666520925647 60
      vertex 82.25 -75.5 60
      vertex 82.22671805531516 -75.94424596888753 60
    endloop
  endfacet
  facet normal 0 0 1
    outer loop
      vertex 87.21225738020681 -86.19666520925647 60
      vertex 89.70325589796629 -70.90106027564565 60
      vertex 82.25 -75.5 60
    endloop
  endfacet
  facet normal 0 0 1
    outer loop
      vertex 87 -87.5 60
      vertex 87.21225738020681 -86.19666520925647 60
      vertex 87 -86.69615242630243 60
    endloop
  endfacet
  facet normal 0 0 1
    outer loop
      vertex 89.70325589796629 -70.90106027564565 60
      vertex 78 -71.25 60
      vertex 78.44424596888753 -71.27328194468484 60
    endloop
  endfacet
  facet normal 0 0 1
    outer loop
      vertex 89.70325589796629 -70.90106027564565 60
      vertex 78.44424596888753 -71.27328194468484 60
      vertex 78.88362468597548 -71.34287269688133 60
    endloop
  endfacet
  facet normal 0 0 1
    outer loop
      vertex 89.70325589796629 -70.90106027564565 60
      vertex 78.88362468597548 -71.34287269688133 60
      vertex 79.31332222609353 -71.4580098057456 60
    endloop
  endfacet
  facet normal 0 0 1
    outer loop
      vertex 89.70325589796629 -70.90106027564565 60
      vertex 79.31332222609353 -71.4580098057456 60
      vertex 79.72863073307215 -71.61743180501895 60
    endloop
  endfacet
  facet normal 0 0 1
    outer loop
      vertex 89.70325589796629 -70.90106027564565 60
      vertex 79.72863073307215 -71.61743180501895 60
      vertex 80.125 -71.81939203391613 60
    endloop
  endfacet
  facet normal 0 0 1
    outer loop
      vertex 89.70325589796629 -70.90106027564565 60
      vertex 80.125 -71.81939203391613 60
      vertex 80.49808732224301 -72.06167777390647 60
    endloop
  endfacet
  facet normal 0 0 1
    outer loop
      vertex 89.70325589796629 -70.90106027564565 60
      vertex 82.15712730311867 -74.61637531402452 60
      vertex 82.22671805531516 -75.05575403111247 60
    endloop
  endfacet
  facet normal 0 0 1
    outer loop
      vertex 89.70325589796629 -70.90106027564565 60
      vertex 82.0419901942544 -74.18667777390647 60
      vertex 82.15712730311867 -74.61637531402452 60
    endloop
  endfacet
  facet normal 0 0 1
    outer loop
      vertex 89.70325589796629 -70.90106027564565 60
      vertex 82.22671805531516 -75.05575403111247 60
      vertex 82.25 -75.5 60
    endloop
  endfacet
  facet normal 0 0 1
    outer loop
      vertex 89.70325589796629 -70.90106027564565 60
      vertex 81.88256819498105 -73.77136926692785 60
      vertex 82.0419901942544 -74.18667777390647 60
    endloop
  endfacet
  facet normal 0 0 1
    outer loop
      vertex 89.70325589796629 -70.90106027564565 60
      vertex 81.68060796608387 -73.375 60
      vertex 81.88256819498105 -73.77136926692785 60
    endloop
  endfacet
  facet normal 0 0 1
    outer loop
      vertex 89.70325589796629 -70.90106027564565 60
      vertex 81.15836550827892 -72.65619492297485 60
      vertex 81.43832222609353 -73.00191267775699 60
    endloop
  endfacet
  facet normal 0 0 1
    outer loop
      vertex 89.70325589796629 -70.90106027564565 60
      vertex 81.43832222609353 -73.00191267775699 60
      vertex 81.68060796608387 -73.375 60
    endloop
  endfacet
  facet normal 0 0 1
    outer loop
      vertex 89.70325589796629 -70.90106027564565 60
      vertex 80.84380507702515 -72.34163449172108 60
      vertex 81.15836550827892 -72.65619492297485 60
    endloop
  endfacet
  facet normal 0 0 1
    outer loop
      vertex 89.70325589796629 -70.90106027564565 60
      vertex 80.49808732224301 -72.06167777390647 60
      vertex 80.84380507702515 -72.34163449172108 60
    endloop
  endfacet
  facet normal 0 0 1
    outer loop
      vertex 89.70325589796629 -70.90106027564565 60
      vertex 75.5826502814889 -63.749939650297165 60
      vertex 75.42917874455452 -63.78256103396416 60
    endloop
  endfacet
  facet normal 0 0 1
    outer loop
      vertex 89.70325589796629 -70.90106027564565 60
      vertex 76.66806792467833 -63.57802638411522 60
      vertex 75.5826502814889 -63.749939650297165 60
    endloop
  endfacet
  facet normal 0 0 1
    outer loop
      vertex 89.70325589796629 -70.90106027564565 60
      vertex 76.824108466506 -63.561625860631466 60
      vertex 76.66806792467833 -63.57802638411522 60
    endloop
  endfacet
  facet normal 0 0 1
    outer loop
      vertex 89.70325589796629 -70.90106027564565 60
      vertex 77.92154992371798 -63.504111394286156 60
      vertex 76.824108466506 -63.561625860631466 60
    endloop
  endfacet
  facet normal 0 0 1
    outer loop
      vertex 89.70325589796629 -70.90106027564565 60
      vertex 78.07845007628202 -63.504111394286156 60
      vertex 77.92154992371798 -63.504111394286156 60
    endloop
  endfacet
  facet normal 0 0 1
    outer loop
      vertex 89.70325589796629 -70.90106027564565 60
      vertex 79.17589140683413 -63.561625853180885 60
      vertex 78.07845007628202 -63.504111394286156 60
    endloop
  endfacet
  facet normal 0 0 1
    outer loop
      vertex 89.70325589796629 -70.90106027564565 60
      vertex 79.33193218708038 -63.57802639901638 60
      vertex 79.17589140683413 -63.561625853180885 60
    endloop
  endfacet
  facet normal 0 0 1
    outer loop
      vertex 89.70325589796629 -70.90106027564565 60
      vertex 80.41734971106052 -63.749939650297165 60
      vertex 79.33193218708038 -63.57802639901638 60
    endloop
  endfacet
  facet normal 0 0 1
    outer loop
      vertex 89.70325589796629 -70.90106027564565 60
      vertex 80.5708212479949 -63.78256103396416 60
      vertex 80.41734971106052 -63.749939650297165 60
    endloop
  endfacet
  facet normal 0 0 1
    outer loop
      vertex 89.70325589796629 -70.90106027564565 60
      vertex 81.63232292979956 -64.06698954850435 60
      vertex 80.5708212479949 -63.78256103396416 60
    endloop
  endfacet
  facet normal 0 0 1
    outer loop
      vertex 89.70325589796629 -70.90106027564565 60
      vertex 81.78154395520687 -64.11547439545393 60
      vertex 81.63232292979956 -64.06698954850435 60
    endloop
  endfacet
  facet normal 0 0 1
    outer loop
      vertex 89.70325589796629 -70.90106027564565 60
      vertex 81.92489616572857 -64.17050215601921 60
      vertex 81.78154395520687 -64.11547439545393 60
    endloop
  endfacet
  facet normal 0 0 1
    outer loop
      vertex 89.70325589796629 -70.90106027564565 60
      vertex 82.22354287654161 -64.26753835380077 60
      vertex 81.92489616572857 -64.17050215601921 60
    endloop
  endfacet
  facet normal 0 0 1
    outer loop
      vertex 89.70325589796629 -70.90106027564565 60
      vertex 82.53069662302732 -64.33282589167356 60
      vertex 82.22354287654161 -64.26753835380077 60
    endloop
  endfacet
  facet normal 0 0 1
    outer loop
      vertex 89.70325589796629 -70.90106027564565 60
      vertex 82.84299214929342 -64.36564947664738 60
      vertex 82.53069662302732 -64.33282589167356 60
    endloop
  endfacet
  facet normal 0 0 1
    outer loop
      vertex 89.70325589796629 -70.90106027564565 60
      vertex 83.15700788795948 -64.36564947664738 60
      vertex 82.84299214929342 -64.36564947664738 60
    endloop
  endfacet
  facet normal 0 0 1
    outer loop
      vertex 89.70325589796629 -70.90106027564565 60
      vertex 83.46930341422558 -64.33282589167356 60
      vertex 83.15700788795948 -64.36564947664738 60
    endloop
  endfacet
  facet normal 0 0 1
    outer loop
      vertex 89.70325589796629 -70.90106027564565 60
      vertex 83.77645715326071 -64.2675383463502 60
      vertex 83.46930341422558 -64.33282589167356 60
    endloop
  endfacet
  facet normal 0 0 1
    outer loop
      vertex 89.70325589796629 -70.90106027564565 60
      vertex 84.07510386407375 -64.17050214111805 60
      vertex 83.77645715326071 -64.2675383463502 60
    endloop
  endfacet
  facet normal 0 0 1
    outer loop
      vertex 89.70325589796629 -70.90106027564565 60
      vertex 84.36197151243687 -64.04278043657541 60
      vertex 84.07510386407375 -64.17050214111805 60
    endloop
  endfacet
  facet normal 0 0 1
    outer loop
      vertex 89.70325589796629 -70.90106027564565 60
      vertex 84.63391711562872 -63.885772563517094 60
      vertex 84.36197151243687 -64.04278043657541 60
    endloop
  endfacet
  facet normal 0 0 1
    outer loop
      vertex 89.70325589796629 -70.90106027564565 60
      vertex 84.8879611864686 -63.70119874179363 60
      vertex 84.63391711562872 -63.885772563517094 60
    endloop
  endfacet
  facet normal 0 0 1
    outer loop
      vertex 89.70325589796629 -70.90106027564565 60
      vertex 85.12132035195827 -63.491081200540066 60
      vertex 84.8879611864686 -63.70119874179363 60
    endloop
  endfacet
  facet normal 0 0 1
    outer loop
      vertex 89.70325589796629 -70.90106027564565 60
      vertex 85.33143789321184 -63.25772203505039 60
      vertex 85.12132035195827 -63.491081200540066 60
    endloop
  endfacet
  facet normal 0 0 1
    outer loop
      vertex 89.70325589796629 -70.90106027564565 60
      vertex 85.5160117149353 -63.00367796421051 60
      vertex 85.33143789321184 -63.25772203505039 60
    endloop
  endfacet
  facet normal 0 0 1
    outer loop
      vertex 89.70325589796629 -70.90106027564565 60
      vertex 85.67301958054304 -62.73173235356808 60
      vertex 85.5160117149353 -63.00367796421051 60
    endloop
  endfacet
  facet normal 0 0 1
    outer loop
      vertex 89.70325589796629 -70.90106027564565 60
      vertex 85.80074128508568 -62.444864705204964 60
      vertex 85.67301958054304 -62.73173235356808 60
    endloop
  endfacet
  facet normal 0 0 1
    outer loop
      vertex 89.70325589796629 -70.90106027564565 60
      vertex 85.89777748286724 -62.14621799439192 60
      vertex 85.80074128508568 -62.444864705204964 60
    endloop
  endfacet
  facet normal 0 0 1
    outer loop
      vertex 89.70325589796629 -70.90106027564565 60
      vertex 85.96306502074003 -61.83906424790621 60
      vertex 85.89777748286724 -62.14621799439192 60
    endloop
  endfacet
  facet normal 0 0 1
    outer loop
      vertex 89.70325589796629 -70.90106027564565 60
      vertex 85.99588860571384 -61.52676872164011 60
      vertex 85.96306502074003 -61.83906424790621 60
    endloop
  endfacet
  facet normal 0 0 1
    outer loop
      vertex 89.70325589796629 -70.90106027564565 60
      vertex 86 -61.36976087093353 60
      vertex 85.99588860571384 -61.52676872164011 60
    endloop
  endfacet
  facet normal 0 -1 0
    outer loop
      vertex 107.5 -87.5 41.25
      vertex 119.5 -87.5 56
      vertex 107.48273387551308 -87.5 41.7994170486927
    endloop
  endfacet
  facet normal 0 -1 0
    outer loop
      vertex 107.48273387551308 -87.5 41.7994170486927
      vertex 119.5 -87.5 56
      vertex 107.43100363761187 -87.5 42.34666579216719
    endloop
  endfacet
  facet normal 0 -1 0
    outer loop
      vertex 107.22510266304016 -87.5 43.42603651434183
      vertex 119.5 -87.5 56
      vertex 107.07174451649189 -87.5 43.95389869809151
    endloop
  endfacet
  facet normal 0 -1 0
    outer loop
      vertex 107.43100363761187 -87.5 42.34666579216719
      vertex 119.5 -87.5 56
      vertex 107.34501344710588 -87.5 42.8895865008235
    endloop
  endfacet
  facet normal 0 -1 0
    outer loop
      vertex 107.34501344710588 -87.5 42.8895865008235
      vertex 119.5 -87.5 56
      vertex 107.22510266304016 -87.5 43.42603651434183
    endloop
  endfacet
  facet normal 0 -1 0
    outer loop
      vertex 107.07174451649189 -87.5 43.95389869809151
      vertex 119.5 -87.5 56
      vertex 106.88554424792528 -87.5 44.47108983248472
    endloop
  endfacet
  facet normal 0 -1 0
    outer loop
      vertex 106.88554424792528 -87.5 44.47108983248472
      vertex 119.5 -87.5 56
      vertex 106.66723670810461 -87.5 44.97556880116463
    endloop
  endfacet
  facet normal 0 -1 0
    outer loop
      vertex 106.66723670810461 -87.5 44.97556880116463
      vertex 119.5 -87.5 56
      vertex 106.41768345236778 -87.5 45.46534464508295
    endloop
  endfacet
  facet normal 0 -1 0
    outer loop
      vertex 106.13786935061216 -87.5 45.93848445266485
      vertex 106.41768345236778 -87.5 45.46534464508295
      vertex 119.5 -87.5 56
    endloop
  endfacet
  facet normal 0 -1 0
    outer loop
      vertex 106.13786935061216 -87.5 45.93848445266485
      vertex 119.5 -87.5 56
      vertex 105.8288986980915 -87.5 46.39312095940113
    endloop
  endfacet
  facet normal 0 -1 0
    outer loop
      vertex 105.8288986980915 -87.5 46.39312095940113
      vertex 119.5 -87.5 56
      vertex 105.49199087172747 -87.5 46.827459909021854
    endloop
  endfacet
  facet normal 0 -1 0
    outer loop
      vertex 105.49199087172747 -87.5 46.827459909021854
      vertex 115.5 -87.5 60
      vertex 105.12847548723221 -87.5 47.23978717625141
    endloop
  endfacet
  facet normal 0 -1 0
    outer loop
      vertex 104.32745990902185 -87.5 47.99199087172747
      vertex 115.5 -87.5 60
      vertex 103.89312095940113 -87.5 48.32889869809151
    endloop
  endfacet
  facet normal 0 -1 0
    outer loop
      vertex 103.89312095940113 -87.5 48.32889869809151
      vertex 115.5 -87.5 60
      vertex 103.43848445266485 -87.5 48.63786935061216
    endloop
  endfacet
  facet normal 0 -1 0
    outer loop
      vertex 104.73978717625141 -87.5 47.62847548723221
      vertex 105.12847548723221 -87.5 47.23978717625141
      vertex 115.5 -87.5 60
    endloop
  endfacet
  facet normal 0 -1 0
    outer loop
      vertex 104.73978717625141 -87.5 47.62847548723221
      vertex 115.5 -87.5 60
      vertex 104.32745990902185 -87.5 47.99199087172747
    endloop
  endfacet
  facet normal 0 -1 0
    outer loop
      vertex 87 -87.5 60
      vertex 96.57396348565817 -87.5 49.72510266304016
      vertex 97.1104134991765 -87.5 49.845013447105885
    endloop
  endfacet
  facet normal 0 -1 0
    outer loop
      vertex 87 -87.5 60
      vertex 97.1104134991765 -87.5 49.845013447105885
      vertex 97.65333420783281 -87.5 49.931003637611866
    endloop
  endfacet
  facet normal 0 -1 0
    outer loop
      vertex 87 -87.5 60
      vertex 97.65333420783281 -87.5 49.931003637611866
      vertex 98.2005829513073 -87.5 49.98273387551308
    endloop
  endfacet
  facet normal 0 -1 0
    outer loop
      vertex 87 -87.5 60
      vertex 98.2005829513073 -87.5 49.98273387551308
      vertex 98.75 -87.5 50
    endloop
  endfacet
  facet normal 0 -1 0
    outer loop
      vertex 87 -87.5 60
      vertex 98.75 -87.5 50
      vertex 99.2994170486927 -87.5 49.98273387551308
    endloop
  endfacet
  facet normal 0 -1 0
    outer loop
      vertex 87 -87.5 60
      vertex 99.2994170486927 -87.5 49.98273387551308
      vertex 99.84666579216719 -87.5 49.931003637611866
    endloop
  endfacet
  facet normal 0 -1 0
    outer loop
      vertex 87 -87.5 60
      vertex 99.84666579216719 -87.5 49.931003637611866
      vertex 100.3895865008235 -87.5 49.845013447105885
    endloop
  endfacet
  facet normal 0 -1 0
    outer loop
      vertex 87 -87.5 60
      vertex 100.3895865008235 -87.5 49.845013447105885
      vertex 100.92603651434183 -87.5 49.72510266304016
    endloop
  endfacet
  facet normal 0 -1 0
    outer loop
      vertex 101.4538986980915 -87.5 49.57174451649189
      vertex 115.5 -87.5 60
      vertex 100.92603651434183 -87.5 49.72510266304016
    endloop
  endfacet
  facet normal 0 -1 0
    outer loop
      vertex 101.4538986980915 -87.5 49.57174451649189
      vertex 101.97108983248472 -87.5 49.38554424792528
      vertex 115.5 -87.5 60
    endloop
  endfacet
  facet normal 0 0 1
    outer loop
      vertex 87 -87.5 60
      vertex 115.5 -87.5 60
      vertex 87.21225738020681 -86.19666520925647 60
    endloop
  endfacet
  facet normal 0 0 1
    outer loop
      vertex 87.21225738020681 -86.19666520925647 60
      vertex 115.5 -87.5 60
      vertex 89.70325589796629 -70.90106027564565 60
    endloop
  endfacet
  facet normal 0 -1 0
    outer loop
      vertex 87 -87.5 60
      vertex 100.92603651434183 -87.5 49.72510266304016
      vertex 115.5 -87.5 60
    endloop
  endfacet
  facet normal 0 -1 0
    outer loop
      vertex 102.96534464508295 -87.5 48.91768345236778
      vertex 115.5 -87.5 60
      vertex 102.47556880116463 -87.5 49.16723670810461
    endloop
  endfacet
  facet normal 0 -1 0
    outer loop
      vertex 102.47556880116463 -87.5 49.16723670810461
      vertex 115.5 -87.5 60
      vertex 101.97108983248472 -87.5 49.38554424792528
    endloop
  endfacet
  facet normal 0 -1 0
    outer loop
      vertex 103.43848445266485 -87.5 48.63786935061216
      vertex 115.5 -87.5 60
      vertex 102.96534464508295 -87.5 48.91768345236778
    endloop
  endfacet
  facet normal 0 -1 0
    outer loop
      vertex 105.49199087172747 -87.5 46.827459909021854
      vertex 119.5 -87.5 56
      vertex 115.5 -87.5 60
    endloop
  endfacet
  facet normal 0.9995065604716249 0 -0.03141075570855091
    outer loop
      vertex 90.01726612448692 -87.5 41.7994170486927
      vertex 90 -81.5 41.25
      vertex 90 81.5 41.25
    endloop
  endfacet
  facet normal 0.9955619644215613 0 -0.09410831523878214
    outer loop
      vertex 90.01726612448692 -87.5 41.7994170486927
      vertex 90.01726612448692 87.5 41.7994170486927
      vertex 90.06899636238813 -87.5 42.34666579216719
    endloop
  endfacet
  facet normal 0.9876883411784286 0 -0.1564344613574773
    outer loop
      vertex 90.06899636238813 -87.5 42.34666579216719
      vertex 90.06899636238813 87.5 42.34666579216719
      vertex 90.15498655289412 -87.5 42.8895865008235
    endloop
  endfacet
  facet normal 0.9759167622122363 0 -0.21814324017302333
    outer loop
      vertex 90.15498655289412 -87.5 42.8895865008235
      vertex 90.15498655289412 87.5 42.8895865008235
      vertex 90.27489733695984 -87.5 43.42603651434183
    endloop
  endfacet
  facet normal 0.960293682988573 0 -0.2789911152926592
    outer loop
      vertex 90.27489733695984 -87.5 43.42603651434183
      vertex 90.27489733695984 87.5 43.42603651434183
      vertex 90.42825548350811 -87.5 43.95389869809151
    endloop
  endfacet
  facet normal 0.9408807673305823 0 -0.3387379247551335
    outer loop
      vertex 90.42825548350811 -87.5 43.95389869809151
      vertex 90.42825548350811 87.5 43.95389869809151
      vertex 90.61445575207472 -87.5 44.47108983248472
    endloop
  endfacet
  facet normal 0.9177546284213205 0 -0.3971478843091627
    outer loop
      vertex 90.61445575207472 -87.5 44.47108983248472
      vertex 90.61445575207472 87.5 44.47108983248472
      vertex 90.83276329189539 -87.5 44.97556880116463
    endloop
  endfacet
  facet normal 1 0 0
    outer loop
      vertex 119.5 -87.5 20
      vertex 119.5 87.5 20
      vertex 119.5 -87.5 56
    endloop
  endfacet
  facet normal -1 0 0
    outer loop
      vertex 107.5 -87.5 20
      vertex 107.5 -87.5 41.25
      vertex 107.5 87.5 41.25
    endloop
  endfacet
  facet normal -0.9995065604716248 0 -0.03141075570855091
    outer loop
      vertex 107.5 -87.5 41.25
      vertex 107.48273387551308 -87.5 41.7994170486927
      vertex 107.48273387551308 87.5 41.7994170486927
    endloop
  endfacet
  facet normal -0.9955619644215613 0 -0.09410831523878214
    outer loop
      vertex 107.48273387551308 -87.5 41.7994170486927
      vertex 107.43100363761187 -87.5 42.34666579216719
      vertex 107.43100363761187 87.5 42.34666579216719
    endloop
  endfacet
  facet normal -0.9876883411784286 0 -0.1564344613574773
    outer loop
      vertex 107.43100363761187 -87.5 42.34666579216719
      vertex 107.34501344710588 -87.5 42.8895865008235
      vertex 107.34501344710588 87.5 42.8895865008235
    endloop
  endfacet
  facet normal -0.9759167622122363 0 -0.21814324017302333
    outer loop
      vertex 107.34501344710588 -87.5 42.8895865008235
      vertex 107.22510266304016 -87.5 43.42603651434183
      vertex 107.22510266304016 87.5 43.42603651434183
    endloop
  endfacet
  facet normal -0.960293682988573 0 -0.2789911152926592
    outer loop
      vertex 107.22510266304016 -87.5 43.42603651434183
      vertex 107.07174451649189 -87.5 43.95389869809151
      vertex 107.07174451649189 87.5 43.95389869809151
    endloop
  endfacet
  facet normal -0.9408807673305823 0 -0.3387379247551335
    outer loop
      vertex 107.07174451649189 -87.5 43.95389869809151
      vertex 106.88554424792528 -87.5 44.47108983248472
      vertex 106.88554424792528 87.5 44.47108983248472
    endloop
  endfacet
  facet normal -0.9177546284213205 0 -0.3971478843091627
    outer loop
      vertex 106.88554424792528 -87.5 44.47108983248472
      vertex 106.66723670810461 -87.5 44.97556880116463
      vertex 106.66723670810461 87.5 44.97556880116463
    endloop
  endfacet
  facet normal 0.891006525135579 0 -0.4539904978805403
    outer loop
      vertex 90.83276329189539 -87.5 44.97556880116463
      vertex 90.83276329189539 87.5 44.97556880116463
      vertex 91.08231654763222 -87.5 45.46534464508295
    endloop
  endfacet
  facet normal 0.8607420273465193 0 -0.5090414151711077
    outer loop
      vertex 91.08231654763222 -87.5 45.46534464508295
      vertex 91.08231654763222 87.5 45.46534464508295
      vertex 91.36213064938784 -87.5 45.93848445266485
    endloop
  endfacet
  facet normal 0.8270805729252565 0 -0.5620833798375731
    outer loop
      vertex 91.36213064938784 -87.5 45.93848445266485
      vertex 91.36213064938784 87.5 45.93848445266485
      vertex 91.6711013019085 -87.5 46.39312095940113
    endloop
  endfacet
  facet normal 0.7901550103559877 0 -0.6129070562567616
    outer loop
      vertex 91.6711013019085 -87.5 46.39312095940113
      vertex 91.6711013019085 87.5 46.39312095940113
      vertex 92.00800912827253 -87.5 46.827459909021854
    endloop
  endfacet
  facet normal 0.7501110700208743 0 -0.6613118648808132
    outer loop
      vertex 92.00800912827253 -87.5 46.827459909021854
      vertex 92.00800912827253 87.5 46.827459909021854
      vertex 92.37152451276779 -87.5 47.23978717625141
    endloop
  endfacet
  facet normal 0.7071067811865475 0 -0.7071067811865475
    outer loop
      vertex 92.37152451276779 -87.5 47.23978717625141
      vertex 92.37152451276779 87.5 47.23978717625141
      vertex 92.76021282374859 -87.5 47.62847548723221
    endloop
  endfacet
  facet normal 0.6613118648808132 0 -0.7501110700208743
    outer loop
      vertex 92.76021282374859 -87.5 47.62847548723221
      vertex 92.76021282374859 87.5 47.62847548723221
      vertex 93.17254009097815 -87.5 47.99199087172747
    endloop
  endfacet
  facet normal 0 0 1
    outer loop
      vertex 89.70325589796629 -70.90106027564565 60
      vertex 86 61.36976087093353 60
      vertex 86 -61.36976087093353 60
    endloop
  endfacet
  facet normal 0.6129070562567616 0 -0.7901550103559877
    outer loop
      vertex 93.17254009097815 -87.5 47.99199087172747
      vertex 93.17254009097815 87.5 47.99199087172747
      vertex 93.60687904059887 -87.5 48.32889869809151
    endloop
  endfacet
  facet normal 0.5620833798375731 0 -0.8270805729252565
    outer loop
      vertex 93.60687904059887 -87.5 48.32889869809151
      vertex 93.60687904059887 87.5 48.32889869809151
      vertex 94.06151554733515 -87.5 48.63786935061216
    endloop
  endfacet
  facet normal 0.5090414151711077 0 -0.8607420273465193
    outer loop
      vertex 94.06151554733515 -87.5 48.63786935061216
      vertex 94.06151554733515 87.5 48.63786935061216
      vertex 94.53465535491705 -87.5 48.91768345236778
    endloop
  endfacet
  facet normal -0.8607420273465193 0 -0.5090414151711077
    outer loop
      vertex 106.13786935061216 -87.5 45.93848445266485
      vertex 106.13786935061216 87.5 45.93848445266485
      vertex 106.41768345236778 -87.5 45.46534464508295
    endloop
  endfacet
  facet normal -0.8270805729252565 0 -0.5620833798375731
    outer loop
      vertex 106.13786935061216 -87.5 45.93848445266485
      vertex 105.8288986980915 -87.5 46.39312095940113
      vertex 105.8288986980915 87.5 46.39312095940113
    endloop
  endfacet
  facet normal -0.7901550103559877 0 -0.6129070562567616
    outer loop
      vertex 105.8288986980915 -87.5 46.39312095940113
      vertex 105.49199087172747 -87.5 46.827459909021854
      vertex 105.49199087172747 87.5 46.827459909021854
    endloop
  endfacet
  facet normal -0.7501110700208743 0 -0.6613118648808132
    outer loop
      vertex 105.49199087172747 -87.5 46.827459909021854
      vertex 105.12847548723221 -87.5 47.23978717625141
      vertex 105.12847548723221 87.5 47.23978717625141
    endloop
  endfacet
  facet normal -0.7071067811865475 0 -0.7071067811865475
    outer loop
      vertex 104.73978717625141 -87.5 47.62847548723221
      vertex 104.73978717625141 87.5 47.62847548723221
      vertex 105.12847548723221 -87.5 47.23978717625141
    endloop
  endfacet
  facet normal -0.6613118648808132 0 -0.7501110700208743
    outer loop
      vertex 104.73978717625141 -87.5 47.62847548723221
      vertex 104.32745990902185 -87.5 47.99199087172747
      vertex 104.32745990902185 87.5 47.99199087172747
    endloop
  endfacet
  facet normal -0.6129070562567616 0 -0.7901550103559877
    outer loop
      vertex 104.32745990902185 -87.5 47.99199087172747
      vertex 103.89312095940113 -87.5 48.32889869809151
      vertex 103.89312095940113 87.5 48.32889869809151
    endloop
  endfacet
  facet normal -0.5620833798375731 0 -0.8270805729252565
    outer loop
      vertex 103.89312095940113 -87.5 48.32889869809151
      vertex 103.43848445266485 -87.5 48.63786935061216
      vertex 103.43848445266485 87.5 48.63786935061216
    endloop
  endfacet
  facet normal 0.4539904978805403 0 -0.891006525135579
    outer loop
      vertex 94.53465535491705 -87.5 48.91768345236778
      vertex 94.53465535491705 87.5 48.91768345236778
      vertex 95.02443119883537 -87.5 49.16723670810461
    endloop
  endfacet
  facet normal 0.3971478843091627 0 -0.9177546284213205
    outer loop
      vertex 95.02443119883537 -87.5 49.16723670810461
      vertex 95.02443119883537 87.5 49.16723670810461
      vertex 95.52891016751528 -87.5 49.38554424792528
    endloop
  endfacet
  facet normal 0.3387379247551335 0 -0.9408807673305823
    outer loop
      vertex 95.52891016751528 -87.5 49.38554424792528
      vertex 95.52891016751528 87.5 49.38554424792528
      vertex 96.0461013019085 -87.5 49.57174451649189
    endloop
  endfacet
  facet normal 0.2789911152926592 0 -0.960293682988573
    outer loop
      vertex 96.0461013019085 -87.5 49.57174451649189
      vertex 96.0461013019085 87.5 49.57174451649189
      vertex 96.57396348565817 -87.5 49.72510266304016
    endloop
  endfacet
  facet normal 0.21814324017302333 0 -0.9759167622122363
    outer loop
      vertex 96.57396348565817 -87.5 49.72510266304016
      vertex 96.57396348565817 87.5 49.72510266304016
      vertex 97.1104134991765 -87.5 49.845013447105885
    endloop
  endfacet
  facet normal 0.1564344613574773 0 -0.9876883411784286
    outer loop
      vertex 97.1104134991765 -87.5 49.845013447105885
      vertex 97.1104134991765 87.5 49.845013447105885
      vertex 97.65333420783281 -87.5 49.931003637611866
    endloop
  endfacet
  facet normal 0.09410831523878214 0 -0.9955619644215613
    outer loop
      vertex 97.65333420783281 -87.5 49.931003637611866
      vertex 97.65333420783281 87.5 49.931003637611866
      vertex 98.2005829513073 -87.5 49.98273387551308
    endloop
  endfacet
  facet normal 0.03141075570855091 0 -0.9995065604716248
    outer loop
      vertex 98.2005829513073 -87.5 49.98273387551308
      vertex 98.2005829513073 87.5 49.98273387551308
      vertex 98.75 -87.5 50
    endloop
  endfacet
  facet normal -0.03141075570855091 0 -0.9995065604716248
    outer loop
      vertex 98.75 -87.5 50
      vertex 98.75 87.5 50
      vertex 99.2994170486927 -87.5 49.98273387551308
    endloop
  endfacet
  facet normal -0.09410831523878214 0 -0.9955619644215613
    outer loop
      vertex 99.2994170486927 -87.5 49.98273387551308
      vertex 99.2994170486927 87.5 49.98273387551308
      vertex 99.84666579216719 -87.5 49.931003637611866
    endloop
  endfacet
  facet normal -0.2789911152926592 0 -0.960293682988573
    outer loop
      vertex 101.4538986980915 -87.5 49.57174451649189
      vertex 100.92603651434183 -87.5 49.72510266304016
      vertex 100.92603651434183 87.5 49.72510266304016
    endloop
  endfacet
  facet normal -0.5090414151711077 0 -0.8607420273465193
    outer loop
      vertex 103.43848445266485 -87.5 48.63786935061216
      vertex 102.96534464508295 -87.5 48.91768345236778
      vertex 102.96534464508295 87.5 48.91768345236778
    endloop
  endfacet
  facet normal -0.4539904978805403 0 -0.891006525135579
    outer loop
      vertex 102.96534464508295 -87.5 48.91768345236778
      vertex 102.47556880116463 -87.5 49.16723670810461
      vertex 102.47556880116463 87.5 49.16723670810461
    endloop
  endfacet
  facet normal -0.3971478843091627 0 -0.9177546284213205
    outer loop
      vertex 102.47556880116463 -87.5 49.16723670810461
      vertex 101.97108983248472 -87.5 49.38554424792528
      vertex 101.97108983248472 87.5 49.38554424792528
    endloop
  endfacet
  facet normal -0.3387379247551335 0 -0.9408807673305823
    outer loop
      vertex 101.4538986980915 -87.5 49.57174451649189
      vertex 101.4538986980915 87.5 49.57174451649189
      vertex 101.97108983248472 -87.5 49.38554424792528
    endloop
  endfacet
  facet normal -0.1564344613574773 0 -0.9876883411784286
    outer loop
      vertex 99.84666579216719 -87.5 49.931003637611866
      vertex 99.84666579216719 87.5 49.931003637611866
      vertex 100.3895865008235 -87.5 49.845013447105885
    endloop
  endfacet
  facet normal -0.21814324017302333 0 -0.9759167622122363
    outer loop
      vertex 100.3895865008235 -87.5 49.845013447105885
      vertex 100.3895865008235 87.5 49.845013447105885
      vertex 100.92603651434183 -87.5 49.72510266304016
    endloop
  endfacet
  facet normal -0.891006525135579 0 -0.4539904978805403
    outer loop
      vertex 106.66723670810461 -87.5 44.97556880116463
      vertex 106.41768345236778 -87.5 45.46534464508295
      vertex 106.41768345236778 87.5 45.46534464508295
    endloop
  endfacet
  facet normal 0 0 1
    outer loop
      vertex 89.70325589796629 -70.90106027564565 60
      vertex 115.5 -87.5 60
      vertex 115.5 87.5 60
    endloop
  endfacet
  facet normal 0.7071067811865475 0 0.7071067811865475
    outer loop
      vertex 119.5 -87.5 56
      vertex 119.5 87.5 56
      vertex 115.5 -87.5 60
    endloop
  endfacet
  facet normal 0 0 1
    outer loop
      vertex -71.93411602079868 -65.15048070251942 2
      vertex 72.06999537348747 65.07203072309494 2
      vertex 71.93411602079868 65.15048070251942 2
    endloop
  endfacet
  facet normal 0 0 1
    outer loop
      vertex -66.61547440290451 -71.7184560149908 2
      vertex 74.21845606714487 64.11547438800335 2
      vertex 73.19250015169382 64.50930196791887 2
    endloop
  endfacet
  facet normal 0 0 1
    outer loop
      vertex -66.28256103396416 -72.92917874455452 2
      vertex 75.42917874455452 63.78256103396416 2
      vertex 74.36767706274986 64.06698954850435 2
    endloop
  endfacet
  facet normal 0 0 1
    outer loop
      vertex -66.56698954105377 -71.86767707765102 2
      vertex 74.36767706274986 64.06698954850435 2
      vertex 74.21845606714487 64.11547438800335 2
    endloop
  endfacet
  facet normal 0 0 1
    outer loop
      vertex -67.07311893254519 -70.54916489869356 2
      vertex 73.04916489869356 64.57311893254519 2
      vertex 72.06999537348747 65.07203072309494 2
    endloop
  endfacet
  facet normal 0 0 1
    outer loop
      vertex -67.00930194556713 -70.6925001963973 2
      vertex 73.19250015169382 64.50930196791887 2
      vertex 73.04916489869356 64.57311893254519 2
    endloop
  endfacet
  facet normal 0 0 1
    outer loop
      vertex -66.24993965029716 -73.0826502814889 2
      vertex 75.5826502814889 63.749939650297165 2
      vertex 75.42917874455452 63.78256103396416 2
    endloop
  endfacet
  facet normal 0 0 1
    outer loop
      vertex -72.06999537348747 -65.07203072309494 2
      vertex 68.24901052564383 68.51246091723442 2
      vertex 67.65048070251942 69.43411602079868 2
    endloop
  endfacet
  facet normal 0 0 1
    outer loop
      vertex -74.21845606714487 -64.11547438800335 2
      vertex 66.61547440290451 71.7184560149908 2
      vertex 66.56698954105377 71.86767707765102 2
    endloop
  endfacet
  facet normal 0 0 1
    outer loop
      vertex -74.36767706274986 -64.06698954850435 2
      vertex 66.56698954105377 71.86767707765102 2
      vertex 66.28256103396416 72.92917874455452 2
    endloop
  endfacet
  facet normal 0 0 1
    outer loop
      vertex -73.04916489869356 -64.57311893254519 2
      vertex 67.07311893254519 70.54916489869356 2
      vertex 67.00930194556713 70.6925001963973 2
    endloop
  endfacet
  facet normal 0 0 1
    outer loop
      vertex -73.19250015169382 -64.50930196791887 2
      vertex 67.00930194556713 70.6925001963973 2
      vertex 66.61547440290451 71.7184560149908 2
    endloop
  endfacet
  facet normal 0 0 1
    outer loop
      vertex -72.06999537348747 -65.07203072309494 2
      vertex 67.57203072309494 69.56999537348747 2
      vertex 67.07311893254519 70.54916489869356 2
    endloop
  endfacet
  facet normal 0 0 1
    outer loop
      vertex -72.06999537348747 -65.07203072309494 2
      vertex 67.65048070251942 69.43411602079868 2
      vertex 67.57203072309494 69.56999537348747 2
    endloop
  endfacet
  facet normal 0 0 1
    outer loop
      vertex -75.42917874455452 -63.78256103396416 2
      vertex 66.28256103396416 72.92917874455452 2
      vertex 66.24993965029716 73.0826502814889 2
    endloop
  endfacet
  facet normal 0 0 1
    outer loop
      vertex -75.5826502814889 -63.749939650297165 2
      vertex 66.24993965029716 73.0826502814889 2
      vertex 66.07802638411522 74.16806792467833 2
    endloop
  endfacet
  facet normal 0 0 -1
    outer loop
      vertex -69.09293178798464 71.53431773001095 0
      vertex 69.09293178798464 71.53431773001095 0
      vertex 74.03431773001095 -66.59293178798464 0
    endloop
  endfacet
  facet normal 0 0 1
    outer loop
      vertex -72.06999537348747 -65.07203072309494 2
      vertex 69.91488402336836 66.63781078159809 2
      vertex 69.13781078904867 67.41488401591778 2
    endloop
  endfacet
  facet normal 0 0 1
    outer loop
      vertex -72.06999537348747 -65.07203072309494 2
      vertex 70.03148353099823 66.53282411396503 2
      vertex 69.91488402336836 66.63781078159809 2
    endloop
  endfacet
  facet normal 0 0 1
    outer loop
      vertex -72.06999537348747 -65.07203072309494 2
      vertex 69.13781078904867 67.41488401591778 2
      vertex 69.03282410651445 67.53148353844881 2
    endloop
  endfacet
  facet normal 0 0 1
    outer loop
      vertex -72.06999537348747 -65.07203072309494 2
      vertex 69.03282410651445 67.53148353844881 2
      vertex 68.3412339836359 68.38552622497082 2
    endloop
  endfacet
  facet normal 0 0 1
    outer loop
      vertex -72.06999537348747 -65.07203072309494 2
      vertex 68.3412339836359 68.38552622497082 2
      vertex 68.24901052564383 68.51246091723442 2
    endloop
  endfacet
  facet normal 0 0 1
    outer loop
      vertex -72.06999537348747 -65.07203072309494 2
      vertex 71.01246091723442 65.74901052564383 2
      vertex 70.88552622497082 65.8412339836359 2
    endloop
  endfacet
  facet normal 0 0 1
    outer loop
      vertex -72.06999537348747 -65.07203072309494 2
      vertex 70.88552622497082 65.8412339836359 2
      vertex 70.03148353099823 66.53282411396503 2
    endloop
  endfacet
  facet normal 0 0 1
    outer loop
      vertex -72.06999537348747 -65.07203072309494 2
      vertex 71.93411602079868 65.15048070251942 2
      vertex 71.01246091723442 65.74901052564383 2
    endloop
  endfacet
  facet normal 0 0 -1
    outer loop
      vertex -68.46306089284539 73.47286101452684 0
      vertex 68.46306089284539 73.47286101452684 0
      vertex 68.72719896612226 72.48708430484426 0
    endloop
  endfacet
  facet normal 0 0 -1
    outer loop
      vertex -68.72719896612226 72.48708430484426 0
      vertex 68.72719896612226 72.48708430484426 0
      vertex 69.09293178798464 71.53431773001095 0
    endloop
  endfacet
  facet normal 0 0 -1
    outer loop
      vertex -68.30341152015933 74.48084748314038 0
      vertex 68.30341152015933 74.48084748314038 0
      vertex 68.46306089284539 73.47286101452684 0
    endloop
  endfacet
  facet normal 0 0 -1
    outer loop
      vertex -68.25 75.5 0
      vertex 68.25 75.5 0
      vertex 68.30341152015933 74.48084748314038 0
    endloop
  endfacet
  facet normal 0 0 -1
    outer loop
      vertex -68.30341152015933 76.51915251685962 0
      vertex 68.30341152015933 76.51915251685962 0
      vertex 68.25 75.5 0
    endloop
  endfacet
  facet normal 0 0 1
    outer loop
      vertex -67.65048070251942 69.43411602079868 2
      vertex 66.07802638411522 74.16806792467833 2
      vertex 66.06162586063147 74.324108466506 2
    endloop
  endfacet
  facet normal 0 0 1
    outer loop
      vertex -67.65048070251942 69.43411602079868 2
      vertex 66.06162586063147 74.324108466506 2
      vertex 66.00411139428616 75.4215499162674 2
    endloop
  endfacet
  facet normal 0 0 1
    outer loop
      vertex -67.65048070251942 69.43411602079868 2
      vertex 66.00411139428616 75.4215499162674 2
      vertex 66.00411139428616 75.57845007628202 2
    endloop
  endfacet
  facet normal 0 0 1
    outer loop
      vertex -67.65048070251942 69.43411602079868 2
      vertex 66.00411139428616 75.57845007628202 2
      vertex 66.06162585318089 76.67589140683413 2
    endloop
  endfacet
  facet normal 0 0 1
    outer loop
      vertex -67.65048070251942 69.43411602079868 2
      vertex 66.06162585318089 76.67589140683413 2
      vertex 66.07802639901638 76.83193218708038 2
    endloop
  endfacet
  facet normal 0 0 1
    outer loop
      vertex -67.65048070251942 69.43411602079868 2
      vertex 66.07802639901638 76.83193218708038 2
      vertex 66.24993965029716 77.91734971106052 2
    endloop
  endfacet
  facet normal 0 0 1
    outer loop
      vertex -67.65048070251942 69.43411602079868 2
      vertex 66.24993965029716 77.91734971106052 2
      vertex 66.28256103396416 78.0708212479949 2
    endloop
  endfacet
  facet normal 0 0 1
    outer loop
      vertex -67.65048070251942 69.43411602079868 2
      vertex 66.28256103396416 78.0708212479949 2
      vertex 66.56698954850435 79.13232292979956 2
    endloop
  endfacet
  facet normal 0 0 1
    outer loop
      vertex -67.65048070251942 69.43411602079868 2
      vertex 66.61547439545393 79.28154395520687 2
      vertex 66.67050215601921 79.42489616572857 2
    endloop
  endfacet
  facet normal 0 0 1
    outer loop
      vertex -67.65048070251942 69.43411602079868 2
      vertex 66.56698954850435 79.13232292979956 2
      vertex 66.61547439545393 79.28154395520687 2
    endloop
  endfacet
  facet normal 0 0 1
    outer loop
      vertex -67.65048070251942 69.43411602079868 2
      vertex 66.67050215601921 79.42489616572857 2
      vertex 66.76753835380077 79.72354287654161 2
    endloop
  endfacet
  facet normal 0 0 1
    outer loop
      vertex -67.65048070251942 69.43411602079868 2
      vertex 66.76753835380077 79.72354287654161 2
      vertex 66.83282589167356 80.03069662302732 2
    endloop
  endfacet
  facet normal 0 0 -1
    outer loop
      vertex -76.98084748314038 85.19658847984067 0
      vertex 69.55625231310172 80.375 0
      vertex 69.09293178798464 79.46568226998905 0
    endloop
  endfacet
  facet normal 0 0 -1
    outer loop
      vertex -76.98084748314038 85.19658847984067 0
      vertex 70.11208430484426 81.23090620985161 0
      vertex 69.55625231310172 80.375 0
    endloop
  endfacet
  facet normal 0 0 -1
    outer loop
      vertex -76.98084748314038 85.19658847984067 0
      vertex 70.7543379515954 82.02402341199887 0
      vertex 70.11208430484426 81.23090620985161 0
    endloop
  endfacet
  facet normal 0 0 1
    outer loop
      vertex -66.09919534623623 82.50739181786776 2
      vertex 64.02676872164011 83.49588860571384 2
      vertex 63.86976087093353 83.5 2
    endloop
  endfacet
  facet normal 0 0 1
    outer loop
      vertex -66.09919534623623 82.50739181786776 2
      vertex 64.33906424790621 83.46306502074003 2
      vertex 64.02676872164011 83.49588860571384 2
    endloop
  endfacet
  facet normal 0 0 1
    outer loop
      vertex -66.09919534623623 82.50739181786776 2
      vertex 64.64621799439192 83.39777748286724 2
      vertex 64.33906424790621 83.46306502074003 2
    endloop
  endfacet
  facet normal 0 0 1
    outer loop
      vertex -66.09919534623623 82.50739181786776 2
      vertex 64.94486470520496 83.30074128508568 2
      vertex 64.64621799439192 83.39777748286724 2
    endloop
  endfacet
  facet normal 0 0 -1
    outer loop
      vertex -68.46306089284539 77.52713898547316 0
      vertex 68.46306089284539 77.52713898547316 0
      vertex 68.30341152015933 76.51915251685962 0
    endloop
  endfacet
  facet normal 0 0 -1
    outer loop
      vertex -68.72719896612226 78.51291569515574 0
      vertex 68.72719896612226 78.51291569515574 0
      vertex 68.46306089284539 77.52713898547316 0
    endloop
  endfacet
  facet normal 0 0 -1
    outer loop
      vertex -69.09293178798464 79.46568226998905 0
      vertex 69.09293178798464 79.46568226998905 0
      vertex 68.72719896612226 78.51291569515574 0
    endloop
  endfacet
  facet normal 0 0 1
    outer loop
      vertex -67.65048070251942 69.43411602079868 2
      vertex 66.83282589167356 80.03069662302732 2
      vertex 66.86564947664738 80.34299214929342 2
    endloop
  endfacet
  facet normal 0 0 1
    outer loop
      vertex -67.65048070251942 69.43411602079868 2
      vertex 66.86564947664738 80.34299214929342 2
      vertex 66.86564947664738 80.65700788795948 2
    endloop
  endfacet
  facet normal 0 0 1
    outer loop
      vertex -67.65048070251942 69.43411602079868 2
      vertex 66.86564947664738 80.65700788795948 2
      vertex 66.83282589167356 80.96930341422558 2
    endloop
  endfacet
  facet normal 0 0 1
    outer loop
      vertex -67.65048070251942 69.43411602079868 2
      vertex 66.83282589167356 80.96930341422558 2
      vertex 66.7675383463502 81.27645715326071 2
    endloop
  endfacet
  facet normal 0 0 1
    outer loop
      vertex -67.65048070251942 69.43411602079868 2
      vertex 66.7675383463502 81.27645715326071 2
      vertex 66.67050214111805 81.57510386407375 2
    endloop
  endfacet
  facet normal 0 0 1
    outer loop
      vertex -67.65048070251942 69.43411602079868 2
      vertex 66.67050214111805 81.57510386407375 2
      vertex 66.54278043657541 81.86197151243687 2
    endloop
  endfacet
  facet normal 0 0 1
    outer loop
      vertex -67.65048070251942 69.43411602079868 2
      vertex 66.54278043657541 81.86197151243687 2
      vertex 66.3857725635171 82.13391711562872 2
    endloop
  endfacet
  facet normal 0 0 1
    outer loop
      vertex -67.65048070251942 69.43411602079868 2
      vertex 66.3857725635171 82.13391711562872 2
      vertex 66.20119874179363 82.3879611864686 2
    endloop
  endfacet
  facet normal 0 0 -1
    outer loop
      vertex -76.98084748314038 85.19658847984067 0
      vertex 71.47597658800113 82.7456620484046 0
      vertex 70.7543379515954 82.02402341199887 0
    endloop
  endfacet
  facet normal 0 0 -1
    outer loop
      vertex -76.98084748314038 85.19658847984067 0
      vertex 72.26909379014839 83.38791569515574 0
      vertex 71.47597658800113 82.7456620484046 0
    endloop
  endfacet
  facet normal 0 0 -1
    outer loop
      vertex -76.98084748314038 85.19658847984067 0
      vertex 73.125 83.94374768689828 0
      vertex 72.26909379014839 83.38791569515574 0
    endloop
  endfacet
  facet normal 0 0 -1
    outer loop
      vertex -76.98084748314038 85.19658847984067 0
      vertex 74.03431773001095 84.40706821201536 0
      vertex 73.125 83.94374768689828 0
    endloop
  endfacet
  facet normal 0 0 -1
    outer loop
      vertex -88.45886895060539 85.51478363573551 0
      vertex 76.98084748314038 85.19658847984067 0
      vertex 75.97286101452684 85.03693910715461 0
    endloop
  endfacet
  facet normal 0 0 -1
    outer loop
      vertex -88.45886895060539 85.51478363573551 0
      vertex 78 85.25 0
      vertex 76.98084748314038 85.19658847984067 0
    endloop
  endfacet
  facet normal 0 0 -1
    outer loop
      vertex -76.98084748314038 85.19658847984067 0
      vertex 74.98708430484426 84.77280103387774 0
      vertex 74.03431773001095 84.40706821201536 0
    endloop
  endfacet
  facet normal 0 0 -1
    outer loop
      vertex -76.98084748314038 85.19658847984067 0
      vertex 75.97286101452684 85.03693910715461 0
      vertex 74.98708430484426 84.77280103387774 0
    endloop
  endfacet
  facet normal 0 0 -1
    outer loop
      vertex -88.45886895060539 85.51478363573551 0
      vertex 87.01968542002746 86.35168383173145 0
      vertex 78 85.25 0
    endloop
  endfacet
  facet normal 0 0 -1
    outer loop
      vertex -85.85410196334124 87.20633909851313 0
      vertex 84 87.5 0
      vertex 84.62717077881098 87.4671313688159 0
    endloop
  endfacet
  facet normal 0 0 -1
    outer loop
      vertex -86.44041986018419 86.98127274215221 0
      vertex 84.62717077881098 87.4671313688159 0
      vertex 85.24747014790773 87.36888560652733 0
    endloop
  endfacet
  facet normal 0 0 1
    outer loop
      vertex -66.61039724200964 81.7202099263668 2
      vertex 65.75772203505039 82.83143789321184 2
      vertex 65.50367796421051 83.0160117149353 2
    endloop
  endfacet
  facet normal 0 0 1
    outer loop
      vertex -66.61039724200964 81.7202099263668 2
      vertex 66.20119874179363 82.3879611864686 2
      vertex 65.99108120054007 82.62132035195827 2
    endloop
  endfacet
  facet normal 0 0 1
    outer loop
      vertex -66.61039724200964 81.7202099263668 2
      vertex 65.99108120054007 82.62132035195827 2
      vertex 65.75772203505039 82.83143789321184 2
    endloop
  endfacet
  facet normal 0 0 1
    outer loop
      vertex -66.29681185632944 82.26335575431585 2
      vertex 65.50367796421051 83.0160117149353 2
      vertex 65.23173235356808 83.17301958054304 2
    endloop
  endfacet
  facet normal 0 0 1
    outer loop
      vertex -66.09919534623623 82.50739181786776 2
      vertex 65.23173235356808 83.17301958054304 2
      vertex 64.94486470520496 83.30074128508568 2
    endloop
  endfacet
  facet normal 0 0 -1
    outer loop
      vertex -88.45886895060539 85.51478363573551 0
      vertex 87 86.69615242630243 0
      vertex 87.01968542002746 86.35168383173145 0
    endloop
  endfacet
  facet normal 0 0 -1
    outer loop
      vertex -88.01478363573551 85.95886895060539 0
      vertex 86.44041986018419 86.98127274215221 0
      vertex 87 86.69615242630243 0
    endloop
  endfacet
  facet normal 0 0 -1
    outer loop
      vertex -87 86.69615242630243 0
      vertex 85.24747014790773 87.36888560652733 0
      vertex 85.85410196334124 87.20633909851313 0
    endloop
  endfacet
  facet normal 0 0 -1
    outer loop
      vertex -87.52671151608229 86.35410196334124 0
      vertex 85.85410196334124 87.20633909851313 0
      vertex 86.44041986018419 86.98127274215221 0
    endloop
  endfacet
  facet normal 0 1 0
    outer loop
      vertex -84 87.5 0
      vertex 84 87.5 2
      vertex 84 87.5 0
    endloop
  endfacet
  facet normal 0 -1 0
    outer loop
      vertex -63.86976087093353 83.5 2
      vertex 63.86976087093353 83.5 2
      vertex 63.86976087093353 83.5 60
    endloop
  endfacet
  facet normal 0 1 0
    outer loop
      vertex -84 87.5 2
      vertex 84 87.5 60
      vertex 84 87.5 2
    endloop
  endfacet
  facet normal -0.913545455693305 -0.4067366474539906 0
    outer loop
      vertex 67.07311893254519 70.54916489869356 2
      vertex 67.07311893254519 70.54916489869356 60
      vertex 67.00930194556713 70.6925001963973 2
    endloop
  endfacet
  facet normal -0.9335804257759017 -0.35836795142435096 0
    outer loop
      vertex 67.00930194556713 70.6925001963973 2
      vertex 67.00930194556713 70.6925001963973 60
      vertex 66.61547440290451 71.7184560149908 2
    endloop
  endfacet
  facet normal -0.9510565172324066 -0.30901699149037953 0
    outer loop
      vertex 66.61547440290451 71.7184560149908 2
      vertex 66.61547440290451 71.7184560149908 60
      vertex 66.56698954105377 71.86767707765102 2
    endloop
  endfacet
  facet normal -0.9659258279546319 -0.25881903888655244 0
    outer loop
      vertex 66.56698954105377 71.86767707765102 2
      vertex 66.56698954105377 71.86767707765102 60
      vertex 66.28256103396416 72.92917874455452 2
    endloop
  endfacet
  facet normal -0.9781475988388045 -0.20791169973303814 0
    outer loop
      vertex 66.28256103396416 72.92917874455452 2
      vertex 66.28256103396416 72.92917874455452 60
      vertex 66.24993965029716 73.0826502814889 2
    endloop
  endfacet
  facet normal -0.9876883405604088 -0.15643446525950055 0
    outer loop
      vertex 66.24993965029716 73.0826502814889 2
      vertex 66.24993965029716 73.0826502814889 60
      vertex 66.07802638411522 74.16806792467833 2
    endloop
  endfacet
  facet normal -0.9945218942654319 -0.10452847376048861 0
    outer loop
      vertex 66.07802638411522 74.16806792467833 2
      vertex 66.07802638411522 74.16806792467833 60
      vertex 66.06162586063147 74.324108466506 2
    endloop
  endfacet
  facet normal -0.9986295348939128 -0.052335953584199485 0
    outer loop
      vertex 66.06162586063147 74.324108466506 2
      vertex 66.06162586063147 74.324108466506 60
      vertex 66.00411139428616 75.4215499162674 2
    endloop
  endfacet
  facet normal -1 0 0
    outer loop
      vertex 66.00411139428616 75.4215499162674 2
      vertex 66.00411139428616 75.4215499162674 60
      vertex 66.00411139428616 75.57845007628202 2
    endloop
  endfacet
  facet normal -0.9986295349511297 0.05233595249243526 0
    outer loop
      vertex 66.00411139428616 75.57845007628202 2
      vertex 66.00411139428616 75.57845007628202 60
      vertex 66.06162585318089 76.67589140683413 2
    endloop
  endfacet
  facet normal -0.9945218960590235 0.1045284566956052 0
    outer loop
      vertex 66.06162585318089 76.67589140683413 2
      vertex 66.06162585318089 76.67589140683413 60
      vertex 66.07802639901638 76.83193218708038 2
    endloop
  endfacet
  facet normal -0.9876883400008707 0.15643446879228512 0
    outer loop
      vertex 66.07802639901638 76.83193218708038 2
      vertex 66.07802639901638 76.83193218708038 60
      vertex 66.24993965029716 77.91734971106052 2
    endloop
  endfacet
  facet normal -0.9781475988388045 0.20791169973303814 0
    outer loop
      vertex 66.24993965029716 77.91734971106052 2
      vertex 66.24993965029716 77.91734971106052 60
      vertex 66.28256103396416 78.0708212479949 2
    endloop
  endfacet
  facet normal -0.9659258271680096 0.2588190418222672 0
    outer loop
      vertex 66.28256103396416 78.0708212479949 2
      vertex 66.28256103396416 78.0708212479949 60
      vertex 66.56698954850435 79.13232292979956 2
    endloop
  endfacet
  facet normal -0.9510565224714396 0.30901697536629286 0
    outer loop
      vertex 66.56698954850435 79.13232292979956 2
      vertex 66.56698954850435 79.13232292979956 60
      vertex 66.61547439545393 79.28154395520687 2
    endloop
  endfacet
  facet normal -0.9335804208252607 0.3583679643212113 0
    outer loop
      vertex 66.61547439545393 79.28154395520687 2
      vertex 66.61547439545393 79.28154395520687 60
      vertex 66.67050215601921 79.42489616572857 2
    endloop
  endfacet
  facet normal -0.9510565170221443 0.3090169921374998 0
    outer loop
      vertex 66.67050215601921 79.42489616572857 2
      vertex 66.67050215601921 79.42489616572857 60
      vertex 66.76753835380077 79.72354287654161 2
    endloop
  endfacet
  facet normal -0.9781476048685016 0.20791167136554337 0
    outer loop
      vertex 66.76753835380077 79.72354287654161 2
      vertex 66.76753835380077 79.72354287654161 60
      vertex 66.83282589167356 80.03069662302732 2
    endloop
  endfacet
  facet normal -0.9945218945377534 0.10452847116952206 0
    outer loop
      vertex 66.83282589167356 80.03069662302732 2
      vertex 66.83282589167356 80.03069662302732 60
      vertex 66.86564947664738 80.34299214929342 2
    endloop
  endfacet
  facet normal -1 0 0
    outer loop
      vertex 66.86564947664738 80.34299214929342 2
      vertex 66.86564947664738 80.34299214929342 60
      vertex 66.86564947664738 80.65700788795948 2
    endloop
  endfacet
  facet normal -0.9945218945377534 -0.10452847116952206 0
    outer loop
      vertex 66.86564947664738 80.65700788795948 2
      vertex 66.86564947664738 80.65700788795948 60
      vertex 66.83282589167356 80.96930341422558 2
    endloop
  endfacet
  facet normal -0.9781475990175839 -0.20791169889194822 0
    outer loop
      vertex 66.83282589167356 80.96930341422558 2
      vertex 66.83282589167356 80.96930341422558 60
      vertex 66.7675383463502 81.27645715326071 2
    endloop
  endfacet
  facet normal -0.9135454592940316 -0.40673663936662624 0
    outer loop
      vertex 66.67050214111805 81.57510386407375 2
      vertex 66.67050214111805 81.57510386407375 60
      vertex 66.54278043657541 81.86197151243687 2
    endloop
  endfacet
  facet normal -0.8660253957167849 -0.500000013973586 0
    outer loop
      vertex 66.54278043657541 81.86197151243687 2
      vertex 66.54278043657541 81.86197151243687 60
      vertex 66.3857725635171 82.13391711562872 2
    endloop
  endfacet
  facet normal -0.95105651004902 -0.3090170135985689 0
    outer loop
      vertex 66.7675383463502 81.27645715326071 2
      vertex 66.7675383463502 81.27645715326071 60
      vertex 66.67050214111805 81.57510386407375 2
    endloop
  endfacet
  facet normal -0.3090169921374998 -0.9510565170221443 0
    outer loop
      vertex 64.64621799439192 83.39777748286724 2
      vertex 64.94486470520496 83.30074128508568 2
      vertex 64.94486470520496 83.30074128508568 60
    endloop
  endfacet
  facet normal -0.40673663936662624 -0.9135454592940316 0
    outer loop
      vertex 64.94486470520496 83.30074128508568 2
      vertex 65.23173235356808 83.17301958054304 2
      vertex 65.23173235356808 83.17301958054304 60
    endloop
  endfacet
  facet normal -0.4999999859045104 -0.8660254119224732 0
    outer loop
      vertex 65.23173235356808 83.17301958054304 2
      vertex 65.50367796421051 83.0160117149353 2
      vertex 65.50367796421051 83.0160117149353 60
    endloop
  endfacet
  facet normal -0.02617694208405647 -0.9996573251385336 0
    outer loop
      vertex 63.86976087093353 83.5 2
      vertex 64.02676872164011 83.49588860571384 2
      vertex 64.02676872164011 83.49588860571384 60
    endloop
  endfacet
  facet normal -0.10452847116952206 -0.9945218945377534 0
    outer loop
      vertex 64.02676872164011 83.49588860571384 2
      vertex 64.33906424790621 83.46306502074003 2
      vertex 64.33906424790621 83.46306502074003 60
    endloop
  endfacet
  facet normal -0.20791167136554337 -0.9781476048685016 0
    outer loop
      vertex 64.64621799439192 83.39777748286724 2
      vertex 64.64621799439192 83.39777748286724 60
      vertex 64.33906424790621 83.46306502074003 2
    endloop
  endfacet
  facet normal -0.669130614928542 -0.7431448177612163 0
    outer loop
      vertex 65.99108120054007 82.62132035195827 2
      vertex 65.99108120054007 82.62132035195827 60
      vertex 65.75772203505039 82.83143789321184 2
    endloop
  endfacet
  facet normal -0.7431448177612163 -0.669130614928542 0
    outer loop
      vertex 65.99108120054007 82.62132035195827 2
      vertex 66.20119874179363 82.3879611864686 2
      vertex 66.20119874179363 82.3879611864686 60
    endloop
  endfacet
  facet normal -0.5877852528566571 -0.809016993965044 0
    outer loop
      vertex 65.50367796421051 83.0160117149353 2
      vertex 65.75772203505039 82.83143789321184 2
      vertex 65.75772203505039 82.83143789321184 60
    endloop
  endfacet
  facet normal -0.809016993965044 -0.5877852528566571 0
    outer loop
      vertex 66.20119874179363 82.3879611864686 2
      vertex 66.3857725635171 82.13391711562872 2
      vertex 66.3857725635171 82.13391711562872 60
    endloop
  endfacet
  facet normal 0 0 1
    outer loop
      vertex 75.5826502814889 -63.749939650297165 2
      vertex 76.66806780546904 63.57802639901638 2
      vertex 75.5826502814889 63.749939650297165 2
    endloop
  endfacet
  facet normal 0 0 1
    outer loop
      vertex 76.824108466506 -63.561625860631466 2
      vertex 76.8241085857153 63.561625853180885 2
      vertex 76.66806780546904 63.57802639901638 2
    endloop
  endfacet
  facet normal 0 0 1
    outer loop
      vertex 76.824108466506 -63.561625860631466 2
      vertex 77.92154992371798 63.504111394286156 2
      vertex 76.8241085857153 63.561625853180885 2
    endloop
  endfacet
  facet normal 0 0 1
    outer loop
      vertex 76.824108466506 -63.561625860631466 2
      vertex 78.07845007628202 63.504111394286156 2
      vertex 77.92154992371798 63.504111394286156 2
    endloop
  endfacet
  facet normal 0 0 1
    outer loop
      vertex 79.17589140683413 -63.561625853180885 2
      vertex 79.17589152604342 63.561625860631466 2
      vertex 78.07845007628202 63.504111394286156 2
    endloop
  endfacet
  facet normal 0 0 1
    outer loop
      vertex 79.33193218708038 -63.57802639901638 2
      vertex 79.3319320678711 63.57802638411522 2
      vertex 79.17589152604342 63.561625860631466 2
    endloop
  endfacet
  facet normal 0 0 1
    outer loop
      vertex 79.33193218708038 -63.57802639901638 2
      vertex 80.41734971106052 63.749939650297165 2
      vertex 79.3319320678711 63.57802638411522 2
    endloop
  endfacet
  facet normal 0 0 -1
    outer loop
      vertex 89.89716104623707 -81.50106103049585 0
      vertex 81.96568226998905 66.59293178798464 0
      vertex 82.875 67.05625231310172 0
    endloop
  endfacet
  facet normal 0 0 -1
    outer loop
      vertex 89.89716104623707 -81.50106103049585 0
      vertex 82.875 67.05625231310172 0
      vertex 83.73090620985161 67.61208430484426 0
    endloop
  endfacet
  facet normal 0 0 -1
    outer loop
      vertex 89.89716104623707 -81.50106103049585 0
      vertex 83.73090620985161 67.61208430484426 0
      vertex 84.52402341199887 68.2543379515954 0
    endloop
  endfacet
  facet normal 0 0 -1
    outer loop
      vertex 89.89716104623707 -81.50106103049585 0
      vertex 84.52402341199887 68.2543379515954 0
      vertex 85.2456620484046 68.97597658800113 0
    endloop
  endfacet
  facet normal 0 0 1
    outer loop
      vertex 80.41734971106052 -63.749939650297165 2
      vertex 80.5708212479949 63.78256103396416 2
      vertex 80.41734971106052 63.749939650297165 2
    endloop
  endfacet
  facet normal 0 0 1
    outer loop
      vertex 80.5708212479949 -63.78256103396416 2
      vertex 81.6323229148984 64.06698954105377 2
      vertex 80.5708212479949 63.78256103396416 2
    endloop
  endfacet
  facet normal 0 0 1
    outer loop
      vertex 81.78154395520687 -64.11547439545393 2
      vertex 81.7815439850092 64.11547441035509 2
      vertex 81.6323229148984 64.06698954105377 2
    endloop
  endfacet
  facet normal 0 0 1
    outer loop
      vertex 81.78154395520687 -64.11547439545393 2
      vertex 81.92489618808031 64.17050216346979 2
      vertex 81.7815439850092 64.11547441035509 2
    endloop
  endfacet
  facet normal 0 0 1
    outer loop
      vertex 81.78154395520687 -64.11547439545393 2
      vertex 82.07294901460409 64.2229304164648 2
      vertex 81.92489618808031 64.17050216346979 2
    endloop
  endfacet
  facet normal 0 0 1
    outer loop
      vertex 81.78154395520687 -64.11547439545393 2
      vertex 82.37626492977142 64.3042036741972 2
      vertex 82.07294901460409 64.2229304164648 2
    endloop
  endfacet
  facet normal 0 0 1
    outer loop
      vertex 81.78154395520687 -64.11547439545393 2
      vertex 82.68641460686922 64.35332655906677 2
      vertex 82.37626492977142 64.3042036741972 2
    endloop
  endfacet
  facet normal 0 0 1
    outer loop
      vertex 81.78154395520687 -64.11547439545393 2
      vertex 83 64.36976087093353 2
      vertex 82.68641460686922 64.35332655906677 2
    endloop
  endfacet
  facet normal 0 0 1
    outer loop
      vertex 81.78154395520687 -64.11547439545393 2
      vertex 83.62373507022858 64.3042036741972 2
      vertex 83.31358539313078 64.35332655906677 2
    endloop
  endfacet
  facet normal 0 0 1
    outer loop
      vertex 81.78154395520687 -64.11547439545393 2
      vertex 83.31358539313078 64.35332655906677 2
      vertex 83 64.36976087093353 2
    endloop
  endfacet
  facet normal 0 0 1
    outer loop
      vertex 81.78154395520687 -64.11547439545393 2
      vertex 83.92705098539591 64.2229304164648 2
      vertex 83.62373507022858 64.3042036741972 2
    endloop
  endfacet
  facet normal 0 0 1
    outer loop
      vertex 81.78154395520687 -64.11547439545393 2
      vertex 84.2202099263668 64.11039724200964 2
      vertex 83.92705098539591 64.2229304164648 2
    endloop
  endfacet
  facet normal 0 0 1
    outer loop
      vertex 81.78154395520687 -64.11547439545393 2
      vertex 86 61.36976087093353 2
      vertex 85.98356568813324 61.68334626406431 2
    endloop
  endfacet
  facet normal 0 0 1
    outer loop
      vertex 81.78154395520687 -64.11547439545393 2
      vertex 85.98356568813324 61.68334626406431 2
      vertex 85.93444280326366 61.99349594116211 2
    endloop
  endfacet
  facet normal 0 0 1
    outer loop
      vertex 81.78154395520687 -64.11547439545393 2
      vertex 85.93444280326366 61.99349594116211 2
      vertex 85.85316954553127 62.29681185632944 2
    endloop
  endfacet
  facet normal 0 0 1
    outer loop
      vertex 81.78154395520687 -64.11547439545393 2
      vertex 85.85316954553127 62.29681185632944 2
      vertex 85.7406363710761 62.58997079730034 2
    endloop
  endfacet
  facet normal 0 0 1
    outer loop
      vertex 81.78154395520687 -64.11547439545393 2
      vertex 85.7406363710761 62.58997079730034 2
      vertex 85.59807620942593 62.86976087093353 2
    endloop
  endfacet
  facet normal 0 0 1
    outer loop
      vertex 81.78154395520687 -64.11547439545393 2
      vertex 85.00739181786776 63.59919534623623 2
      vertex 84.76335575431585 63.79681185632944 2
    endloop
  endfacet
  facet normal 0 0 1
    outer loop
      vertex 81.78154395520687 -64.11547439545393 2
      vertex 85.59807620942593 62.86976087093353 2
      vertex 85.42705098539591 63.133116625249386 2
    endloop
  endfacet
  facet normal 0 0 1
    outer loop
      vertex 81.78154395520687 -64.11547439545393 2
      vertex 85.42705098539591 63.133116625249386 2
      vertex 85.2294344753027 63.37715268880129 2
    endloop
  endfacet
  facet normal 0 0 1
    outer loop
      vertex 81.78154395520687 -64.11547439545393 2
      vertex 85.2294344753027 63.37715268880129 2
      vertex 85.00739181786776 63.59919534623623 2
    endloop
  endfacet
  facet normal 0 0 1
    outer loop
      vertex 81.78154395520687 -64.11547439545393 2
      vertex 84.5 63.96783708035946 2
      vertex 84.2202099263668 64.11039724200964 2
    endloop
  endfacet
  facet normal 0 0 1
    outer loop
      vertex 81.78154395520687 -64.11547439545393 2
      vertex 84.76335575431585 63.79681185632944 2
      vertex 84.5 63.96783708035946 2
    endloop
  endfacet
  facet normal 0 0 -1
    outer loop
      vertex 89.89716104623707 -81.50106103049585 0
      vertex 85.2456620484046 68.97597658800113 0
      vertex 85.88791569515574 69.76909379014839 0
    endloop
  endfacet
  facet normal 0 0 -1
    outer loop
      vertex 89.89716104623707 -81.50106103049585 0
      vertex 85.88791569515574 69.76909379014839 0
      vertex 86.44374768689828 70.625 0
    endloop
  endfacet
  facet normal 0 0 -1
    outer loop
      vertex 89.89716104623707 -81.50106103049585 0
      vertex 86.44374768689828 70.625 0
      vertex 86.90706821201536 71.53431773001095 0
    endloop
  endfacet
  facet normal 0 0 -1
    outer loop
      vertex 89.89716104623707 -81.50106103049585 0
      vertex 86.90706821201536 71.53431773001095 0
      vertex 87.27280103387774 72.48708430484426 0
    endloop
  endfacet
  facet normal 0 0 -1
    outer loop
      vertex 90 -81.5 0
      vertex 87.27280103387774 72.48708430484426 0
      vertex 87.53693910715461 73.47286101452684 0
    endloop
  endfacet
  facet normal 0 0 -1
    outer loop
      vertex 74.03431773001095 -66.59293178798464 0
      vertex 69.55625231310172 70.625 0
      vertex 70.11208430484426 69.76909379014839 0
    endloop
  endfacet
  facet normal 0 0 -1
    outer loop
      vertex 74.03431773001095 -66.59293178798464 0
      vertex 70.11208430484426 69.76909379014839 0
      vertex 70.7543379515954 68.97597658800113 0
    endloop
  endfacet
  facet normal 0 0 -1
    outer loop
      vertex 74.03431773001095 -66.59293178798464 0
      vertex 71.47597658800113 68.2543379515954 0
      vertex 72.26909379014839 67.61208430484426 0
    endloop
  endfacet
  facet normal 0 0 -1
    outer loop
      vertex 74.03431773001095 -66.59293178798464 0
      vertex 72.26909379014839 67.61208430484426 0
      vertex 73.125 67.05625231310172 0
    endloop
  endfacet
  facet normal 0 0 -1
    outer loop
      vertex 74.03431773001095 -66.59293178798464 0
      vertex 70.7543379515954 68.97597658800113 0
      vertex 71.47597658800113 68.2543379515954 0
    endloop
  endfacet
  facet normal 0 0 -1
    outer loop
      vertex 74.03431773001095 -66.59293178798464 0
      vertex 69.09293178798464 71.53431773001095 0
      vertex 69.55625231310172 70.625 0
    endloop
  endfacet
  facet normal 0 0 -1
    outer loop
      vertex 74.03431773001095 -66.59293178798464 0
      vertex 73.125 67.05625231310172 0
      vertex 74.03431773001095 66.59293178798464 0
    endloop
  endfacet
  facet normal 0 0 -1
    outer loop
      vertex 74.03431773001095 -66.59293178798464 0
      vertex 74.03431773001095 66.59293178798464 0
      vertex 74.98708430484426 66.22719896612226 0
    endloop
  endfacet
  facet normal 0 0 -1
    outer loop
      vertex 74.98708430484426 -66.22719896612226 0
      vertex 74.98708430484426 66.22719896612226 0
      vertex 75.97286101452684 65.96306089284539 0
    endloop
  endfacet
  facet normal 0 0 -1
    outer loop
      vertex 75.97286101452684 -65.96306089284539 0
      vertex 75.97286101452684 65.96306089284539 0
      vertex 76.98084748314038 65.80341152015933 0
    endloop
  endfacet
  facet normal 0 0 -1
    outer loop
      vertex 76.98084748314038 -65.80341152015933 0
      vertex 76.98084748314038 65.80341152015933 0
      vertex 78 65.75 0
    endloop
  endfacet
  facet normal 0 0 -1
    outer loop
      vertex 78 -65.75 0
      vertex 78 65.75 0
      vertex 79.01915251685962 65.80341152015933 0
    endloop
  endfacet
  facet normal 0 0 -1
    outer loop
      vertex 79.01915251685962 -65.80341152015933 0
      vertex 79.01915251685962 65.80341152015933 0
      vertex 80.02713898547316 65.96306089284539 0
    endloop
  endfacet
  facet normal 0 0 -1
    outer loop
      vertex 80.02713898547316 -65.96306089284539 0
      vertex 80.02713898547316 65.96306089284539 0
      vertex 81.01291569515574 66.22719896612226 0
    endloop
  endfacet
  facet normal 0 0 -1
    outer loop
      vertex 81.01291569515574 -66.22719896612226 0
      vertex 81.01291569515574 66.22719896612226 0
      vertex 81.96568226998905 66.59293178798464 0
    endloop
  endfacet
  facet normal 0 0 -1
    outer loop
      vertex 90 -81.5 0
      vertex 87.53693910715461 73.47286101452684 0
      vertex 87.69658847984067 74.48084748314038 0
    endloop
  endfacet
  facet normal 0 0 -1
    outer loop
      vertex 90 -81.5 0
      vertex 87.69658847984067 74.48084748314038 0
      vertex 87.75 75.5 0
    endloop
  endfacet
  facet normal 0 0 -1
    outer loop
      vertex 90 -81.5 0
      vertex 87.75 75.5 0
      vertex 90 81.5 0
    endloop
  endfacet
  facet normal 1 0 0
    outer loop
      vertex 90 -81.5 2
      vertex 90 81.5 0
      vertex 90 81.5 2
    endloop
  endfacet
  facet normal 1 0 0
    outer loop
      vertex 90 -81.5 41.25
      vertex 90 81.5 2
      vertex 90 81.5 41.25
    endloop
  endfacet
  facet normal 0 0 -1
    outer loop
      vertex 119.5 -87.5 20
      vertex 107.5 87.5 20
      vertex 119.5 87.5 20
    endloop
  endfacet
  facet normal -1 0 0
    outer loop
      vertex 107.5 -87.5 20
      vertex 107.5 87.5 41.25
      vertex 107.5 87.5 20
    endloop
  endfacet
  facet normal 0.7771459614569721 0.629320391049836 0
    outer loop
      vertex 70.11208430484426 69.76909379014839 9.99
      vertex 70.7543379515954 68.97597658800113 0
      vertex 70.11208430484426 69.76909379014839 0
    endloop
  endfacet
  facet normal 0.8386705679454247 0.5446390350150261 0
    outer loop
      vertex 69.55625231310172 70.625 9.99
      vertex 70.11208430484426 69.76909379014839 0
      vertex 69.55625231310172 70.625 0
    endloop
  endfacet
  facet normal 0.629320391049836 0.7771459614569721 0
    outer loop
      vertex 71.47597658800113 68.2543379515954 9.99
      vertex 72.26909379014839 67.61208430484426 0
      vertex 71.47597658800113 68.2543379515954 0
    endloop
  endfacet
  facet normal 0.4539904997395454 0.8910065241883686 0
    outer loop
      vertex 73.125 67.05625231310172 9.99
      vertex 74.03431773001095 66.59293178798464 0
      vertex 73.125 67.05625231310172 0
    endloop
  endfacet
  facet normal 0.5446390350150261 0.8386705679454247 0
    outer loop
      vertex 72.26909379014839 67.61208430484426 9.99
      vertex 73.125 67.05625231310172 0
      vertex 72.26909379014839 67.61208430484426 0
    endloop
  endfacet
  facet normal 0.7071067811865475 0.7071067811865475 0
    outer loop
      vertex 70.7543379515954 68.97597658800113 9.99
      vertex 71.47597658800113 68.2543379515954 0
      vertex 70.7543379515954 68.97597658800113 0
    endloop
  endfacet
  facet normal 0.9659258262890655 0.2588190451025307 0
    outer loop
      vertex 68.46306089284539 73.47286101452684 9.99
      vertex 68.72719896612226 72.48708430484426 0
      vertex 68.46306089284539 73.47286101452684 0
    endloop
  endfacet
  facet normal 0.8910065241883686 0.4539904997395454 0
    outer loop
      vertex 69.09293178798464 71.53431773001095 9.99
      vertex 69.55625231310172 70.625 0
      vertex 69.09293178798464 71.53431773001095 0
    endloop
  endfacet
  facet normal 0.9335804264972032 0.3583679495452964 0
    outer loop
      vertex 68.72719896612226 72.48708430484426 9.99
      vertex 69.09293178798464 71.53431773001095 0
      vertex 68.72719896612226 72.48708430484426 0
    endloop
  endfacet
  facet normal 0.9876883405951375 0.15643446504023134 0
    outer loop
      vertex 68.30341152015933 74.48084748314038 9.99
      vertex 68.46306089284539 73.47286101452684 0
      vertex 68.30341152015933 74.48084748314038 0
    endloop
  endfacet
  facet normal 0.9986295347545742 0.05233595624293854 0
    outer loop
      vertex 68.25 75.5 9.99
      vertex 68.30341152015933 74.48084748314038 0
      vertex 68.25 75.5 0
    endloop
  endfacet
  facet normal 0.9986295347545742 -0.05233595624293854 0
    outer loop
      vertex 68.30341152015933 76.51915251685962 9.99
      vertex 68.25 75.5 0
      vertex 68.30341152015933 76.51915251685962 0
    endloop
  endfacet
  facet normal 0.3583679495452964 0.9335804264972032 0
    outer loop
      vertex 74.03431773001095 66.59293178798464 9.99
      vertex 74.98708430484426 66.22719896612226 0
      vertex 74.03431773001095 66.59293178798464 0
    endloop
  endfacet
  facet normal 0.2588190451025307 0.9659258262890655 0
    outer loop
      vertex 74.98708430484426 66.22719896612226 9.99
      vertex 75.97286101452684 65.96306089284539 0
      vertex 74.98708430484426 66.22719896612226 0
    endloop
  endfacet
  facet normal 0.15643446504023134 0.9876883405951375 0
    outer loop
      vertex 75.97286101452684 65.96306089284539 9.99
      vertex 76.98084748314038 65.80341152015933 0
      vertex 75.97286101452684 65.96306089284539 0
    endloop
  endfacet
  facet normal 0.05233595624293854 0.9986295347545742 0
    outer loop
      vertex 76.98084748314038 65.80341152015933 9.99
      vertex 78 65.75 0
      vertex 76.98084748314038 65.80341152015933 0
    endloop
  endfacet
  facet normal -0.05233595624293854 0.9986295347545742 0
    outer loop
      vertex 78 65.75 9.99
      vertex 79.01915251685962 65.80341152015933 0
      vertex 78 65.75 0
    endloop
  endfacet
  facet normal -0.15643446504023134 0.9876883405951375 0
    outer loop
      vertex 79.01915251685962 65.80341152015933 9.99
      vertex 80.02713898547316 65.96306089284539 0
      vertex 79.01915251685962 65.80341152015933 0
    endloop
  endfacet
  facet normal 0.8910065241883686 0.4539904997395454 0
    outer loop
      vertex 69.09293178798464 71.53431773001095 9.99
      vertex 69.55625231310172 70.625 9.99
      vertex 69.55625231310172 70.625 0
    endloop
  endfacet
  facet normal 0.8386705679454247 0.5446390350150261 0
    outer loop
      vertex 70.11208430484426 69.76909379014839 9.99
      vertex 70.11208430484426 69.76909379014839 0
      vertex 69.55625231310172 70.625 9.99
    endloop
  endfacet
  facet normal 0.629320391049836 0.7771459614569721 0
    outer loop
      vertex 71.47597658800113 68.2543379515954 9.99
      vertex 72.26909379014839 67.61208430484426 9.99
      vertex 72.26909379014839 67.61208430484426 0
    endloop
  endfacet
  facet normal 0.5446390350150261 0.8386705679454247 0
    outer loop
      vertex 72.26909379014839 67.61208430484426 9.99
      vertex 73.125 67.05625231310172 9.99
      vertex 73.125 67.05625231310172 0
    endloop
  endfacet
  facet normal 0.7771459614569721 0.629320391049836 0
    outer loop
      vertex 70.11208430484426 69.76909379014839 9.99
      vertex 70.7543379515954 68.97597658800113 9.99
      vertex 70.7543379515954 68.97597658800113 0
    endloop
  endfacet
  facet normal 0.7071067811865475 0.7071067811865475 0
    outer loop
      vertex 70.7543379515954 68.97597658800113 9.99
      vertex 71.47597658800113 68.2543379515954 9.99
      vertex 71.47597658800113 68.2543379515954 0
    endloop
  endfacet
  facet normal 0.9659258262890655 0.2588190451025307 0
    outer loop
      vertex 68.46306089284539 73.47286101452684 9.99
      vertex 68.72719896612226 72.48708430484426 9.99
      vertex 68.72719896612226 72.48708430484426 0
    endloop
  endfacet
  facet normal 0.9876883405951375 0.15643446504023134 0
    outer loop
      vertex 68.46306089284539 73.47286101452684 9.99
      vertex 68.46306089284539 73.47286101452684 0
      vertex 68.30341152015933 74.48084748314038 9.99
    endloop
  endfacet
  facet normal 0.9335804264972032 0.3583679495452964 0
    outer loop
      vertex 69.09293178798464 71.53431773001095 9.99
      vertex 69.09293178798464 71.53431773001095 0
      vertex 68.72719896612226 72.48708430484426 9.99
    endloop
  endfacet
  facet normal 0.9986295347545742 0.05233595624293854 0
    outer loop
      vertex 68.30341152015933 74.48084748314038 9.99
      vertex 68.30341152015933 74.48084748314038 0
      vertex 68.25 75.5 9.99
    endloop
  endfacet
  facet normal 0.9986295347545742 -0.05233595624293854 0
    outer loop
      vertex 68.25 75.5 9.99
      vertex 68.25 75.5 0
      vertex 68.30341152015933 76.51915251685962 9.99
    endloop
  endfacet
  facet normal 0.4539904997395454 0.8910065241883686 0
    outer loop
      vertex 74.03431773001095 66.59293178798464 9.99
      vertex 74.03431773001095 66.59293178798464 0
      vertex 73.125 67.05625231310172 9.99
    endloop
  endfacet
  facet normal 0.3583679495452964 0.9335804264972032 0
    outer loop
      vertex 74.03431773001095 66.59293178798464 9.99
      vertex 74.98708430484426 66.22719896612226 9.99
      vertex 74.98708430484426 66.22719896612226 0
    endloop
  endfacet
  facet normal 0.2588190451025307 0.9659258262890655 0
    outer loop
      vertex 74.98708430484426 66.22719896612226 9.99
      vertex 75.97286101452684 65.96306089284539 9.99
      vertex 75.97286101452684 65.96306089284539 0
    endloop
  endfacet
  facet normal 0.15643446504023134 0.9876883405951375 0
    outer loop
      vertex 75.97286101452684 65.96306089284539 9.99
      vertex 76.98084748314038 65.80341152015933 9.99
      vertex 76.98084748314038 65.80341152015933 0
    endloop
  endfacet
  facet normal 0.05233595624293854 0.9986295347545742 0
    outer loop
      vertex 76.98084748314038 65.80341152015933 9.99
      vertex 78 65.75 9.99
      vertex 78 65.75 0
    endloop
  endfacet
  facet normal -0.05233595624293854 0.9986295347545742 0
    outer loop
      vertex 78 65.75 9.99
      vertex 79.01915251685962 65.80341152015933 9.99
      vertex 79.01915251685962 65.80341152015933 0
    endloop
  endfacet
  facet normal -0.15643446504023134 0.9876883405951375 0
    outer loop
      vertex 79.01915251685962 65.80341152015933 9.99
      vertex 80.02713898547316 65.96306089284539 9.99
      vertex 80.02713898547316 65.96306089284539 0
    endloop
  endfacet
  facet normal 0.9876883405951375 -0.15643446504023134 0
    outer loop
      vertex 68.46306089284539 77.52713898547316 9.99
      vertex 68.30341152015933 76.51915251685962 0
      vertex 68.46306089284539 77.52713898547316 0
    endloop
  endfacet
  facet normal 0.9659258262890655 -0.2588190451025307 0
    outer loop
      vertex 68.72719896612226 78.51291569515574 9.99
      vertex 68.46306089284539 77.52713898547316 0
      vertex 68.72719896612226 78.51291569515574 0
    endloop
  endfacet
  facet normal 0.9335804264972032 -0.3583679495452964 0
    outer loop
      vertex 69.09293178798464 79.46568226998905 9.99
      vertex 68.72719896612226 78.51291569515574 0
      vertex 69.09293178798464 79.46568226998905 0
    endloop
  endfacet
  facet normal 0.8910065241883686 -0.4539904997395454 0
    outer loop
      vertex 69.55625231310172 80.375 9.99
      vertex 69.09293178798464 79.46568226998905 0
      vertex 69.55625231310172 80.375 0
    endloop
  endfacet
  facet normal 0.8386705679454247 -0.5446390350150261 0
    outer loop
      vertex 70.11208430484426 81.23090620985161 9.99
      vertex 69.55625231310172 80.375 0
      vertex 70.11208430484426 81.23090620985161 0
    endloop
  endfacet
  facet normal 0.7771459614569721 -0.629320391049836 0
    outer loop
      vertex 70.7543379515954 82.02402341199887 9.99
      vertex 70.11208430484426 81.23090620985161 0
      vertex 70.7543379515954 82.02402341199887 0
    endloop
  endfacet
  facet normal 0.7071067811865475 -0.7071067811865475 0
    outer loop
      vertex 71.47597658800113 82.7456620484046 9.99
      vertex 70.7543379515954 82.02402341199887 0
      vertex 71.47597658800113 82.7456620484046 0
    endloop
  endfacet
  facet normal 0.629320391049836 -0.7771459614569721 0
    outer loop
      vertex 72.26909379014839 83.38791569515574 9.99
      vertex 71.47597658800113 82.7456620484046 0
      vertex 72.26909379014839 83.38791569515574 0
    endloop
  endfacet
  facet normal 0.5446390350150261 -0.8386705679454247 0
    outer loop
      vertex 73.125 83.94374768689828 9.99
      vertex 72.26909379014839 83.38791569515574 0
      vertex 73.125 83.94374768689828 0
    endloop
  endfacet
  facet normal 0.4539904997395454 -0.8910065241883686 0
    outer loop
      vertex 74.03431773001095 84.40706821201536 9.99
      vertex 73.125 83.94374768689828 0
      vertex 74.03431773001095 84.40706821201536 0
    endloop
  endfacet
  facet normal 0.3583679495452964 -0.9335804264972032 0
    outer loop
      vertex 74.98708430484426 84.77280103387774 9.99
      vertex 74.03431773001095 84.40706821201536 0
      vertex 74.98708430484426 84.77280103387774 0
    endloop
  endfacet
  facet normal 0.2588190451025307 -0.9659258262890655 0
    outer loop
      vertex 75.97286101452684 85.03693910715461 9.99
      vertex 74.98708430484426 84.77280103387774 0
      vertex 75.97286101452684 85.03693910715461 0
    endloop
  endfacet
  facet normal 0.15643446504023134 -0.9876883405951375 0
    outer loop
      vertex 76.98084748314038 85.19658847984067 9.99
      vertex 75.97286101452684 85.03693910715461 0
      vertex 76.98084748314038 85.19658847984067 0
    endloop
  endfacet
  facet normal 0.05233595624293854 -0.9986295347545742 0
    outer loop
      vertex 78 85.25 9.99
      vertex 76.98084748314038 85.19658847984067 0
      vertex 78 85.25 0
    endloop
  endfacet
  facet normal -0.05233595624293854 -0.9986295347545742 0
    outer loop
      vertex 79.01915251685962 85.19658847984067 9.99
      vertex 78 85.25 0
      vertex 79.01915251685962 85.19658847984067 0
    endloop
  endfacet
  facet normal -0.15643446504023134 -0.9876883405951375 0
    outer loop
      vertex 80.02713898547316 85.03693910715461 9.99
      vertex 79.01915251685962 85.19658847984067 0
      vertex 80.02713898547316 85.03693910715461 0
    endloop
  endfacet
  facet normal 0.9876883405951375 -0.15643446504023134 0
    outer loop
      vertex 68.30341152015933 76.51915251685962 9.99
      vertex 68.30341152015933 76.51915251685962 0
      vertex 68.46306089284539 77.52713898547316 9.99
    endloop
  endfacet
  facet normal 0.9659258262890655 -0.2588190451025307 0
    outer loop
      vertex 68.46306089284539 77.52713898547316 9.99
      vertex 68.46306089284539 77.52713898547316 0
      vertex 68.72719896612226 78.51291569515574 9.99
    endloop
  endfacet
  facet normal 0.9335804264972032 -0.3583679495452964 0
    outer loop
      vertex 68.72719896612226 78.51291569515574 9.99
      vertex 68.72719896612226 78.51291569515574 0
      vertex 69.09293178798464 79.46568226998905 9.99
    endloop
  endfacet
  facet normal 0.8910065241883686 -0.4539904997395454 0
    outer loop
      vertex 69.09293178798464 79.46568226998905 9.99
      vertex 69.09293178798464 79.46568226998905 0
      vertex 69.55625231310172 80.375 9.99
    endloop
  endfacet
  facet normal 0.8386705679454247 -0.5446390350150261 0
    outer loop
      vertex 69.55625231310172 80.375 9.99
      vertex 69.55625231310172 80.375 0
      vertex 70.11208430484426 81.23090620985161 9.99
    endloop
  endfacet
  facet normal 0.7771459614569721 -0.629320391049836 0
    outer loop
      vertex 70.11208430484426 81.23090620985161 9.99
      vertex 70.11208430484426 81.23090620985161 0
      vertex 70.7543379515954 82.02402341199887 9.99
    endloop
  endfacet
  facet normal 0.7071067811865475 -0.7071067811865475 0
    outer loop
      vertex 70.7543379515954 82.02402341199887 9.99
      vertex 70.7543379515954 82.02402341199887 0
      vertex 71.47597658800113 82.7456620484046 9.99
    endloop
  endfacet
  facet normal 0.629320391049836 -0.7771459614569721 0
    outer loop
      vertex 71.47597658800113 82.7456620484046 9.99
      vertex 71.47597658800113 82.7456620484046 0
      vertex 72.26909379014839 83.38791569515574 9.99
    endloop
  endfacet
  facet normal 0.5446390350150261 -0.8386705679454247 0
    outer loop
      vertex 72.26909379014839 83.38791569515574 9.99
      vertex 72.26909379014839 83.38791569515574 0
      vertex 73.125 83.94374768689828 9.99
    endloop
  endfacet
  facet normal 0.4539904997395454 -0.8910065241883686 0
    outer loop
      vertex 73.125 83.94374768689828 9.99
      vertex 73.125 83.94374768689828 0
      vertex 74.03431773001095 84.40706821201536 9.99
    endloop
  endfacet
  facet normal 0.3583679495452964 -0.9335804264972032 0
    outer loop
      vertex 74.03431773001095 84.40706821201536 9.99
      vertex 74.03431773001095 84.40706821201536 0
      vertex 74.98708430484426 84.77280103387774 9.99
    endloop
  endfacet
  facet normal 0.2588190451025307 -0.9659258262890655 0
    outer loop
      vertex 74.98708430484426 84.77280103387774 9.99
      vertex 74.98708430484426 84.77280103387774 0
      vertex 75.97286101452684 85.03693910715461 9.99
    endloop
  endfacet
  facet normal 0.15643446504023134 -0.9876883405951375 0
    outer loop
      vertex 75.97286101452684 85.03693910715461 9.99
      vertex 75.97286101452684 85.03693910715461 0
      vertex 76.98084748314038 85.19658847984067 9.99
    endloop
  endfacet
  facet normal 0.05233595624293854 -0.9986295347545742 0
    outer loop
      vertex 76.98084748314038 85.19658847984067 9.99
      vertex 76.98084748314038 85.19658847984067 0
      vertex 78 85.25 9.99
    endloop
  endfacet
  facet normal -0.05233595624293854 -0.9986295347545742 0
    outer loop
      vertex 78 85.25 9.99
      vertex 78 85.25 0
      vertex 79.01915251685962 85.19658847984067 9.99
    endloop
  endfacet
  facet normal -0.15643446504023134 -0.9876883405951375 0
    outer loop
      vertex 79.01915251685962 85.19658847984067 9.99
      vertex 79.01915251685962 85.19658847984067 0
      vertex 80.02713898547316 85.03693910715461 9.99
    endloop
  endfacet
  facet normal -0.2588190451025307 0.9659258262890655 0
    outer loop
      vertex 80.02713898547316 65.96306089284539 9.99
      vertex 81.01291569515574 66.22719896612226 0
      vertex 80.02713898547316 65.96306089284539 0
    endloop
  endfacet
  facet normal -0.3583679495452964 0.9335804264972032 0
    outer loop
      vertex 81.01291569515574 66.22719896612226 9.99
      vertex 81.96568226998905 66.59293178798464 0
      vertex 81.01291569515574 66.22719896612226 0
    endloop
  endfacet
  facet normal -0.4539904997395454 0.8910065241883686 0
    outer loop
      vertex 81.96568226998905 66.59293178798464 9.99
      vertex 82.875 67.05625231310172 0
      vertex 81.96568226998905 66.59293178798464 0
    endloop
  endfacet
  facet normal -0.5446390350150261 0.8386705679454247 0
    outer loop
      vertex 82.875 67.05625231310172 9.99
      vertex 83.73090620985161 67.61208430484426 0
      vertex 82.875 67.05625231310172 0
    endloop
  endfacet
  facet normal -0.629320391049836 0.7771459614569721 0
    outer loop
      vertex 83.73090620985161 67.61208430484426 9.99
      vertex 84.52402341199887 68.2543379515954 0
      vertex 83.73090620985161 67.61208430484426 0
    endloop
  endfacet
  facet normal -0.7071067811865475 0.7071067811865475 0
    outer loop
      vertex 84.52402341199887 68.2543379515954 9.99
      vertex 85.2456620484046 68.97597658800113 0
      vertex 84.52402341199887 68.2543379515954 0
    endloop
  endfacet
  facet normal -0.7771459614569721 0.629320391049836 0
    outer loop
      vertex 85.2456620484046 68.97597658800113 9.99
      vertex 85.88791569515574 69.76909379014839 0
      vertex 85.2456620484046 68.97597658800113 0
    endloop
  endfacet
  facet normal -0.8386705679454247 0.5446390350150261 0
    outer loop
      vertex 85.88791569515574 69.76909379014839 9.99
      vertex 86.44374768689828 70.625 0
      vertex 85.88791569515574 69.76909379014839 0
    endloop
  endfacet
  facet normal -0.8910065241883686 0.4539904997395454 0
    outer loop
      vertex 86.44374768689828 70.625 9.99
      vertex 86.90706821201536 71.53431773001095 0
      vertex 86.44374768689828 70.625 0
    endloop
  endfacet
  facet normal -0.9335804264972032 0.3583679495452964 0
    outer loop
      vertex 86.90706821201536 71.53431773001095 9.99
      vertex 87.27280103387774 72.48708430484426 0
      vertex 86.90706821201536 71.53431773001095 0
    endloop
  endfacet
  facet normal -0.9659258262890655 0.2588190451025307 0
    outer loop
      vertex 87.27280103387774 72.48708430484426 9.99
      vertex 87.53693910715461 73.47286101452684 0
      vertex 87.27280103387774 72.48708430484426 0
    endloop
  endfacet
  facet normal -0.9876883405951375 0.15643446504023134 0
    outer loop
      vertex 87.53693910715461 73.47286101452684 9.99
      vertex 87.69658847984067 74.48084748314038 0
      vertex 87.53693910715461 73.47286101452684 0
    endloop
  endfacet
  facet normal -0.9986295347545742 0.05233595624293854 0
    outer loop
      vertex 87.69658847984067 74.48084748314038 9.99
      vertex 87.75 75.5 0
      vertex 87.69658847984067 74.48084748314038 0
    endloop
  endfacet
  facet normal -0.9986295347545742 -0.05233595624293854 0
    outer loop
      vertex 87.75 75.5 9.99
      vertex 87.69658847984067 76.51915251685962 0
      vertex 87.75 75.5 0
    endloop
  endfacet
  facet normal -0.2588190451025307 0.9659258262890655 0
    outer loop
      vertex 80.02713898547316 65.96306089284539 9.99
      vertex 81.01291569515574 66.22719896612226 9.99
      vertex 81.01291569515574 66.22719896612226 0
    endloop
  endfacet
  facet normal -0.3583679495452964 0.9335804264972032 0
    outer loop
      vertex 81.01291569515574 66.22719896612226 9.99
      vertex 81.96568226998905 66.59293178798464 9.99
      vertex 81.96568226998905 66.59293178798464 0
    endloop
  endfacet
  facet normal -0.4539904997395454 0.8910065241883686 0
    outer loop
      vertex 81.96568226998905 66.59293178798464 9.99
      vertex 82.875 67.05625231310172 9.99
      vertex 82.875 67.05625231310172 0
    endloop
  endfacet
  facet normal -0.5446390350150261 0.8386705679454247 0
    outer loop
      vertex 82.875 67.05625231310172 9.99
      vertex 83.73090620985161 67.61208430484426 9.99
      vertex 83.73090620985161 67.61208430484426 0
    endloop
  endfacet
  facet normal -0.629320391049836 0.7771459614569721 0
    outer loop
      vertex 83.73090620985161 67.61208430484426 9.99
      vertex 84.52402341199887 68.2543379515954 9.99
      vertex 84.52402341199887 68.2543379515954 0
    endloop
  endfacet
  facet normal -0.7071067811865475 0.7071067811865475 0
    outer loop
      vertex 84.52402341199887 68.2543379515954 9.99
      vertex 85.2456620484046 68.97597658800113 9.99
      vertex 85.2456620484046 68.97597658800113 0
    endloop
  endfacet
  facet normal -0.7771459614569721 0.629320391049836 0
    outer loop
      vertex 85.2456620484046 68.97597658800113 9.99
      vertex 85.88791569515574 69.76909379014839 9.99
      vertex 85.88791569515574 69.76909379014839 0
    endloop
  endfacet
  facet normal -0.8386705679454247 0.5446390350150261 0
    outer loop
      vertex 85.88791569515574 69.76909379014839 9.99
      vertex 86.44374768689828 70.625 9.99
      vertex 86.44374768689828 70.625 0
    endloop
  endfacet
  facet normal -0.8910065241883686 0.4539904997395454 0
    outer loop
      vertex 86.44374768689828 70.625 9.99
      vertex 86.90706821201536 71.53431773001095 9.99
      vertex 86.90706821201536 71.53431773001095 0
    endloop
  endfacet
  facet normal -0.9335804264972032 0.3583679495452964 0
    outer loop
      vertex 86.90706821201536 71.53431773001095 9.99
      vertex 87.27280103387774 72.48708430484426 9.99
      vertex 87.27280103387774 72.48708430484426 0
    endloop
  endfacet
  facet normal -0.9659258262890655 0.2588190451025307 0
    outer loop
      vertex 87.27280103387774 72.48708430484426 9.99
      vertex 87.53693910715461 73.47286101452684 9.99
      vertex 87.53693910715461 73.47286101452684 0
    endloop
  endfacet
  facet normal -0.9876883405951375 0.15643446504023134 0
    outer loop
      vertex 87.53693910715461 73.47286101452684 9.99
      vertex 87.69658847984067 74.48084748314038 9.99
      vertex 87.69658847984067 74.48084748314038 0
    endloop
  endfacet
  facet normal -0.9986295347545742 0.05233595624293854 0
    outer loop
      vertex 87.69658847984067 74.48084748314038 9.99
      vertex 87.75 75.5 9.99
      vertex 87.75 75.5 0
    endloop
  endfacet
  facet normal -0.9986295347545742 -0.05233595624293854 0
    outer loop
      vertex 87.75 75.5 9.99
      vertex 87.69658847984067 76.51915251685962 9.99
      vertex 87.69658847984067 76.51915251685962 0
    endloop
  endfacet
  facet normal -0.8910065241883686 -0.4539904997395454 0
    outer loop
      vertex 86.90706821201536 79.46568226998905 9.99
      vertex 86.44374768689828 80.375 0
      vertex 86.90706821201536 79.46568226998905 0
    endloop
  endfacet
  facet normal -0.8386705679454247 -0.5446390350150261 0
    outer loop
      vertex 86.44374768689828 80.375 9.99
      vertex 85.88791569515574 81.23090620985161 0
      vertex 86.44374768689828 80.375 0
    endloop
  endfacet
  facet normal -0.7771459614569721 -0.629320391049836 0
    outer loop
      vertex 85.88791569515574 81.23090620985161 9.99
      vertex 85.2456620484046 82.02402341199887 0
      vertex 85.88791569515574 81.23090620985161 0
    endloop
  endfacet
  facet normal 0 0 -1
    outer loop
      vertex 87.01968542002746 86.35168383173145 0
      vertex 79.01915251685962 85.19658847984067 0
      vertex 78 85.25 0
    endloop
  endfacet
  facet normal 0 0 -1
    outer loop
      vertex 87.01968542002746 86.35168383173145 0
      vertex 80.02713898547316 85.03693910715461 0
      vertex 79.01915251685962 85.19658847984067 0
    endloop
  endfacet
  facet normal 0 0 -1
    outer loop
      vertex 87.01968542002746 86.35168383173145 0
      vertex 81.01291569515574 84.77280103387774 0
      vertex 80.02713898547316 85.03693910715461 0
    endloop
  endfacet
  facet normal 0 0 -1
    outer loop
      vertex 87.01968542002746 86.35168383173145 0
      vertex 81.96568226998905 84.40706821201536 0
      vertex 81.01291569515574 84.77280103387774 0
    endloop
  endfacet
  facet normal 0 0 -1
    outer loop
      vertex 87.01968542002746 86.35168383173145 0
      vertex 83.73090620985161 83.38791569515574 0
      vertex 82.875 83.94374768689828 0
    endloop
  endfacet
  facet normal 0 0 -1
    outer loop
      vertex 87.01968542002746 86.35168383173145 0
      vertex 84.52402341199887 82.7456620484046 0
      vertex 83.73090620985161 83.38791569515574 0
    endloop
  endfacet
  facet normal 0 0 -1
    outer loop
      vertex 87.01968542002746 86.35168383173145 0
      vertex 86.44374768689828 80.375 0
      vertex 85.88791569515574 81.23090620985161 0
    endloop
  endfacet
  facet normal 0 0 -1
    outer loop
      vertex 87.01968542002746 86.35168383173145 0
      vertex 85.88791569515574 81.23090620985161 0
      vertex 85.2456620484046 82.02402341199887 0
    endloop
  endfacet
  facet normal 0 0 -1
    outer loop
      vertex 87.01968542002746 86.35168383173145 0
      vertex 85.2456620484046 82.02402341199887 0
      vertex 84.52402341199887 82.7456620484046 0
    endloop
  endfacet
  facet normal 0 0 -1
    outer loop
      vertex 87.01968542002746 86.35168383173145 0
      vertex 82.875 83.94374768689828 0
      vertex 81.96568226998905 84.40706821201536 0
    endloop
  endfacet
  facet normal 0.052335961698072614 0.9986295344686826 0
    outer loop
      vertex 84 87.5 0
      vertex 84.62717077881098 87.4671313688159 2
      vertex 84.62717077881098 87.4671313688159 0
    endloop
  endfacet
  facet normal 0.15643445553477123 0.9876883421006547 0
    outer loop
      vertex 84.62717077881098 87.4671313688159 0
      vertex 85.24747014790773 87.36888560652733 2
      vertex 85.24747014790773 87.36888560652733 0
    endloop
  endfacet
  facet normal 0.25881904950851087 0.9659258251084867 0
    outer loop
      vertex 85.24747014790773 87.36888560652733 0
      vertex 85.85410196334124 87.20633909851313 2
      vertex 85.85410196334124 87.20633909851313 0
    endloop
  endfacet
  facet normal 0.35836795324415743 0.9335804250773434 0
    outer loop
      vertex 85.85410196334124 87.20633909851313 0
      vertex 86.44041986018419 86.98127274215221 2
      vertex 86.44041986018419 86.98127274215221 0
    endloop
  endfacet
  facet normal 0.052335961698072614 0.9986295344686826 0
    outer loop
      vertex 84 87.5 0
      vertex 84 87.5 2
      vertex 84.62717077881098 87.4671313688159 2
    endloop
  endfacet
  facet normal 0.15643445553477123 0.9876883421006547 0
    outer loop
      vertex 84.62717077881098 87.4671313688159 0
      vertex 84.62717077881098 87.4671313688159 2
      vertex 85.24747014790773 87.36888560652733 2
    endloop
  endfacet
  facet normal 0.25881904950851087 0.9659258251084867 0
    outer loop
      vertex 85.24747014790773 87.36888560652733 0
      vertex 85.24747014790773 87.36888560652733 2
      vertex 85.85410196334124 87.20633909851313 2
    endloop
  endfacet
  facet normal 0.35836795324415743 0.9335804250773434 0
    outer loop
      vertex 85.85410196334124 87.20633909851313 0
      vertex 85.85410196334124 87.20633909851313 2
      vertex 86.44041986018419 86.98127274215221 2
    endloop
  endfacet
  facet normal 0.4539904916265432 0.8910065283221497 0
    outer loop
      vertex 86.44041986018419 86.98127274215221 0
      vertex 86.44041986018419 86.98127274215221 2
      vertex 87 86.69615242630243 2
    endloop
  endfacet
  facet normal -0.3583679495452964 -0.9335804264972032 0
    outer loop
      vertex 81.96568226998905 84.40706821201536 9.99
      vertex 81.01291569515574 84.77280103387774 0
      vertex 81.96568226998905 84.40706821201536 0
    endloop
  endfacet
  facet normal -0.4539904997395454 -0.8910065241883686 0
    outer loop
      vertex 82.875 83.94374768689828 9.99
      vertex 81.96568226998905 84.40706821201536 0
      vertex 82.875 83.94374768689828 0
    endloop
  endfacet
  facet normal -0.5446390350150261 -0.8386705679454247 0
    outer loop
      vertex 83.73090620985161 83.38791569515574 9.99
      vertex 82.875 83.94374768689828 0
      vertex 83.73090620985161 83.38791569515574 0
    endloop
  endfacet
  facet normal -0.2588190451025307 -0.9659258262890655 0
    outer loop
      vertex 81.01291569515574 84.77280103387774 9.99
      vertex 80.02713898547316 85.03693910715461 0
      vertex 81.01291569515574 84.77280103387774 0
    endloop
  endfacet
  facet normal -0.629320391049836 -0.7771459614569721 0
    outer loop
      vertex 84.52402341199887 82.7456620484046 9.99
      vertex 83.73090620985161 83.38791569515574 0
      vertex 84.52402341199887 82.7456620484046 0
    endloop
  endfacet
  facet normal -0.7071067811865475 -0.7071067811865475 0
    outer loop
      vertex 85.2456620484046 82.02402341199887 9.99
      vertex 84.52402341199887 82.7456620484046 0
      vertex 85.2456620484046 82.02402341199887 0
    endloop
  endfacet
  facet normal 0 0 -1
    outer loop
      vertex 87.14732011328486 78.90632672504942 0
      vertex 87.27280103387774 78.51291569515574 0
      vertex 86.90706821201536 79.46568226998905 0
    endloop
  endfacet
  facet normal 0 0 -1
    outer loop
      vertex 90 81.5 0
      vertex 87.53693910715461 77.52713898547316 0
      vertex 87.27280103387774 78.51291569515574 0
    endloop
  endfacet
  facet normal 0 0 -1
    outer loop
      vertex 90 81.5 0
      vertex 87.75 75.5 0
      vertex 87.69658847984067 76.51915251685962 0
    endloop
  endfacet
  facet normal 0 0 -1
    outer loop
      vertex 90 81.5 0
      vertex 87.69658847984067 76.51915251685962 0
      vertex 87.53693910715461 77.52713898547316 0
    endloop
  endfacet
  facet normal 0 0 -1
    outer loop
      vertex 87.14732011328486 78.90632672504942 0
      vertex 90 81.5 0
      vertex 87.27280103387774 78.51291569515574 0
    endloop
  endfacet
  facet normal 0 0 -1
    outer loop
      vertex 87.14732011328486 78.90632672504942 0
      vertex 86.90706821201536 79.46568226998905 0
      vertex 87.01968542002746 86.35168383173145 0
    endloop
  endfacet
  facet normal -0.9659258262890655 -0.2588190451025307 0
    outer loop
      vertex 87.53693910715461 77.52713898547316 9.99
      vertex 87.27280103387774 78.51291569515574 0
      vertex 87.53693910715461 77.52713898547316 0
    endloop
  endfacet
  facet normal -0.9876883405951375 -0.15643446504023134 0
    outer loop
      vertex 87.69658847984067 76.51915251685962 9.99
      vertex 87.53693910715461 77.52713898547316 0
      vertex 87.69658847984067 76.51915251685962 0
    endloop
  endfacet
  facet normal -0.9335804264972032 -0.3583679495452964 0
    outer loop
      vertex 87.27280103387774 78.51291569515574 9.99
      vertex 86.90706821201536 79.46568226998905 0
      vertex 87.27280103387774 78.51291569515574 0
    endloop
  endfacet
  facet normal 0 0 -1
    outer loop
      vertex 87.01968542002746 86.35168383173145 0
      vertex 86.90706821201536 79.46568226998905 0
      vertex 86.44374768689828 80.375 0
    endloop
  endfacet
  facet normal 0 0 -1
    outer loop
      vertex 87.14732011328486 78.90632672504942 0
      vertex 87.01968542002746 86.35168383173145 0
      vertex 90 81.5 0
    endloop
  endfacet
  facet normal 1 0 0
    outer loop
      vertex 90 81.5 0
      vertex 90 87.5 0
      vertex 90 81.5 2
    endloop
  endfacet
  facet normal 0 0 -1
    outer loop
      vertex 90 81.5 0
      vertex 87.01968542002746 86.35168383173145 0
      vertex 87 87.5 0
    endloop
  endfacet
  facet normal 0 0 -1
    outer loop
      vertex 87.01968542002746 86.35168383173145 0
      vertex 87 86.69615242630243 0
      vertex 87 87.5 0
    endloop
  endfacet
  facet normal 0.4539904916265432 0.8910065283221497 0
    outer loop
      vertex 86.44041986018419 86.98127274215221 0
      vertex 87 86.69615242630243 2
      vertex 87 86.69615242630243 0
    endloop
  endfacet
  facet normal -1 0 0
    outer loop
      vertex 87 86.69615242630243 0
      vertex 87 86.69615242630243 2
      vertex 87 87.5 0
    endloop
  endfacet
  facet normal 0 0 -1
    outer loop
      vertex 90 81.5 0
      vertex 87 87.5 0
      vertex 90 87.5 0
    endloop
  endfacet
  facet normal -0.8910065241883686 -0.4539904997395454 0
    outer loop
      vertex 86.90706821201536 79.46568226998905 9.99
      vertex 86.44374768689828 80.375 9.99
      vertex 86.44374768689828 80.375 0
    endloop
  endfacet
  facet normal -0.7771459614569721 -0.629320391049836 0
    outer loop
      vertex 85.88791569515574 81.23090620985161 9.99
      vertex 85.2456620484046 82.02402341199887 9.99
      vertex 85.2456620484046 82.02402341199887 0
    endloop
  endfacet
  facet normal -0.8386705679454247 -0.5446390350150261 0
    outer loop
      vertex 85.88791569515574 81.23090620985161 9.99
      vertex 85.88791569515574 81.23090620985161 0
      vertex 86.44374768689828 80.375 9.99
    endloop
  endfacet
  facet normal -0.3583679495452964 -0.9335804264972032 0
    outer loop
      vertex 81.01291569515574 84.77280103387774 9.99
      vertex 81.01291569515574 84.77280103387774 0
      vertex 81.96568226998905 84.40706821201536 9.99
    endloop
  endfacet
  facet normal -0.4539904997395454 -0.8910065241883686 0
    outer loop
      vertex 81.96568226998905 84.40706821201536 9.99
      vertex 81.96568226998905 84.40706821201536 0
      vertex 82.875 83.94374768689828 9.99
    endloop
  endfacet
  facet normal -0.5446390350150261 -0.8386705679454247 0
    outer loop
      vertex 82.875 83.94374768689828 9.99
      vertex 82.875 83.94374768689828 0
      vertex 83.73090620985161 83.38791569515574 9.99
    endloop
  endfacet
  facet normal -0.2588190451025307 -0.9659258262890655 0
    outer loop
      vertex 80.02713898547316 85.03693910715461 9.99
      vertex 80.02713898547316 85.03693910715461 0
      vertex 81.01291569515574 84.77280103387774 9.99
    endloop
  endfacet
  facet normal -0.629320391049836 -0.7771459614569721 0
    outer loop
      vertex 83.73090620985161 83.38791569515574 9.99
      vertex 83.73090620985161 83.38791569515574 0
      vertex 84.52402341199887 82.7456620484046 9.99
    endloop
  endfacet
  facet normal -0.7071067811865475 -0.7071067811865475 0
    outer loop
      vertex 84.52402341199887 82.7456620484046 9.99
      vertex 84.52402341199887 82.7456620484046 0
      vertex 85.2456620484046 82.02402341199887 9.99
    endloop
  endfacet
  facet normal -0.9876883405951375 -0.15643446504023134 0
    outer loop
      vertex 87.69658847984067 76.51915251685962 9.99
      vertex 87.53693910715461 77.52713898547316 9.99
      vertex 87.53693910715461 77.52713898547316 0
    endloop
  endfacet
  facet normal -0.9659258262890655 -0.2588190451025307 0
    outer loop
      vertex 87.53693910715461 77.52713898547316 9.99
      vertex 87.27280103387774 78.51291569515574 9.99
      vertex 87.27280103387774 78.51291569515574 0
    endloop
  endfacet
  facet normal -0.9335804264972032 -0.3583679495452964 0
    outer loop
      vertex 87.27280103387774 78.51291569515574 9.99
      vertex 86.90706821201536 79.46568226998905 9.99
      vertex 86.90706821201536 79.46568226998905 0
    endloop
  endfacet
  facet normal 0 0 -1
    outer loop
      vertex 70.11208430484426 69.76909379014839 9.99
      vertex 69.55625231310172 70.625 9.99
      vertex 69.55625231310172 80.375 9.99
    endloop
  endfacet
  facet normal 0 0 -1
    outer loop
      vertex 70.11208430484426 69.76909379014839 9.99
      vertex 70.11208430484426 81.23090620985161 9.99
      vertex 70.7543379515954 68.97597658800113 9.99
    endloop
  endfacet
  facet normal 0 0 -1
    outer loop
      vertex 68.46306089284539 73.47286101452684 9.99
      vertex 68.46306089284539 77.52713898547316 9.99
      vertex 68.72719896612226 72.48708430484426 9.99
    endloop
  endfacet
  facet normal 0 0 -1
    outer loop
      vertex 68.46306089284539 73.47286101452684 9.99
      vertex 68.30341152015933 74.48084748314038 9.99
      vertex 68.30341152015933 76.51915251685962 9.99
    endloop
  endfacet
  facet normal 0 0 -1
    outer loop
      vertex 68.30341152015933 74.48084748314038 9.99
      vertex 68.25 75.5 9.99
      vertex 68.30341152015933 76.51915251685962 9.99
    endloop
  endfacet
  facet normal 0 0 -1
    outer loop
      vertex 68.46306089284539 73.47286101452684 9.99
      vertex 68.30341152015933 76.51915251685962 9.99
      vertex 68.46306089284539 77.52713898547316 9.99
    endloop
  endfacet
  facet normal 0 0 -1
    outer loop
      vertex 68.72719896612226 72.48708430484426 9.99
      vertex 68.46306089284539 77.52713898547316 9.99
      vertex 68.72719896612226 78.51291569515574 9.99
    endloop
  endfacet
  facet normal 0 0 -1
    outer loop
      vertex 69.09293178798464 71.53431773001095 9.99
      vertex 68.72719896612226 72.48708430484426 9.99
      vertex 68.72719896612226 78.51291569515574 9.99
    endloop
  endfacet
  facet normal 0 0 -1
    outer loop
      vertex 69.09293178798464 71.53431773001095 9.99
      vertex 69.09293178798464 79.46568226998905 9.99
      vertex 69.55625231310172 70.625 9.99
    endloop
  endfacet
  facet normal 0 0 -1
    outer loop
      vertex 69.09293178798464 71.53431773001095 9.99
      vertex 68.72719896612226 78.51291569515574 9.99
      vertex 69.09293178798464 79.46568226998905 9.99
    endloop
  endfacet
  facet normal 0 0 -1
    outer loop
      vertex 70.7543379515954 68.97597658800113 9.99
      vertex 70.7543379515954 82.02402341199887 9.99
      vertex 71.47597658800113 68.2543379515954 9.99
    endloop
  endfacet
  facet normal 0 0 -1
    outer loop
      vertex 71.47597658800113 68.2543379515954 9.99
      vertex 71.47597658800113 82.7456620484046 9.99
      vertex 72.26909379014839 67.61208430484426 9.99
    endloop
  endfacet
  facet normal 0 0 -1
    outer loop
      vertex 72.26909379014839 67.61208430484426 9.99
      vertex 72.26909379014839 83.38791569515574 9.99
      vertex 73.125 67.05625231310172 9.99
    endloop
  endfacet
  facet normal 0 0 -1
    outer loop
      vertex 74.03431773001095 66.59293178798464 9.99
      vertex 73.125 67.05625231310172 9.99
      vertex 73.125 83.94374768689828 9.99
    endloop
  endfacet
  facet normal 0 0 -1
    outer loop
      vertex 74.03431773001095 66.59293178798464 9.99
      vertex 73.125 83.94374768689828 9.99
      vertex 73.77328194468484 75.05575403111247 9.99
    endloop
  endfacet
  facet normal 0 0 -1
    outer loop
      vertex 74.98708430484426 66.22719896612226 9.99
      vertex 75.875 71.81939203391613 9.99
      vertex 75.97286101452684 65.96306089284539 9.99
    endloop
  endfacet
  facet normal 0 0 -1
    outer loop
      vertex 75.97286101452684 65.96306089284539 9.99
      vertex 76.68667777390647 71.4580098057456 9.99
      vertex 76.98084748314038 65.80341152015933 9.99
    endloop
  endfacet
  facet normal 0 0 -1
    outer loop
      vertex 74.03431773001095 66.59293178798464 9.99
      vertex 74.84163449172108 72.65619492297485 9.99
      vertex 74.98708430484426 66.22719896612226 9.99
    endloop
  endfacet
  facet normal 0 0 -1
    outer loop
      vertex 74.03431773001095 66.59293178798464 9.99
      vertex 74.56167777390647 73.00191267775699 9.99
      vertex 74.84163449172108 72.65619492297485 9.99
    endloop
  endfacet
  facet normal 0 0 -1
    outer loop
      vertex 74.03431773001095 66.59293178798464 9.99
      vertex 74.31939203391613 73.375 9.99
      vertex 74.56167777390647 73.00191267775699 9.99
    endloop
  endfacet
  facet normal 0 0 -1
    outer loop
      vertex 74.98708430484426 66.22719896612226 9.99
      vertex 74.84163449172108 72.65619492297485 9.99
      vertex 75.15619492297485 72.34163449172108 9.99
    endloop
  endfacet
  facet normal 0 0 -1
    outer loop
      vertex 74.98708430484426 66.22719896612226 9.99
      vertex 75.15619492297485 72.34163449172108 9.99
      vertex 75.50191267775699 72.06167777390647 9.99
    endloop
  endfacet
  facet normal 0 0 -1
    outer loop
      vertex 75.97286101452684 65.96306089284539 9.99
      vertex 76.27136926692785 71.61743180501895 9.99
      vertex 76.68667777390647 71.4580098057456 9.99
    endloop
  endfacet
  facet normal 0 0 -1
    outer loop
      vertex 76.98084748314038 65.80341152015933 9.99
      vertex 76.68667777390647 71.4580098057456 9.99
      vertex 77.11637531402452 71.34287269688133 9.99
    endloop
  endfacet
  facet normal 0 0 -1
    outer loop
      vertex 74.98708430484426 66.22719896612226 9.99
      vertex 75.50191267775699 72.06167777390647 9.99
      vertex 75.875 71.81939203391613 9.99
    endloop
  endfacet
  facet normal 0 0 -1
    outer loop
      vertex 75.97286101452684 65.96306089284539 9.99
      vertex 75.875 71.81939203391613 9.99
      vertex 76.27136926692785 71.61743180501895 9.99
    endloop
  endfacet
  facet normal 0 0 -1
    outer loop
      vertex 76.98084748314038 65.80341152015933 9.99
      vertex 78 71.25 9.99
      vertex 78 65.75 9.99
    endloop
  endfacet
  facet normal 0 0 -1
    outer loop
      vertex 78 65.75 9.99
      vertex 78 71.25 9.99
      vertex 79.01915251685962 65.80341152015933 9.99
    endloop
  endfacet
  facet normal 0 0 -1
    outer loop
      vertex 79.01915251685962 65.80341152015933 9.99
      vertex 79.31332222609353 71.4580098057456 9.99
      vertex 80.02713898547316 65.96306089284539 9.99
    endloop
  endfacet
  facet normal 0 0 -1
    outer loop
      vertex 76.98084748314038 65.80341152015933 9.99
      vertex 77.11637531402452 71.34287269688133 9.99
      vertex 77.55575403111247 71.27328194468484 9.99
    endloop
  endfacet
  facet normal 0 0 -1
    outer loop
      vertex 76.98084748314038 65.80341152015933 9.99
      vertex 77.55575403111247 71.27328194468484 9.99
      vertex 78 71.25 9.99
    endloop
  endfacet
  facet normal 0 0 -1
    outer loop
      vertex 79.01915251685962 65.80341152015933 9.99
      vertex 78 71.25 9.99
      vertex 78.44424596888753 71.27328194468484 9.99
    endloop
  endfacet
  facet normal 0 0 -1
    outer loop
      vertex 79.01915251685962 65.80341152015933 9.99
      vertex 78.44424596888753 71.27328194468484 9.99
      vertex 78.88362468597548 71.34287269688133 9.99
    endloop
  endfacet
  facet normal 0 0 -1
    outer loop
      vertex 79.01915251685962 65.80341152015933 9.99
      vertex 78.88362468597548 71.34287269688133 9.99
      vertex 79.31332222609353 71.4580098057456 9.99
    endloop
  endfacet
  facet normal 0 0 -1
    outer loop
      vertex 80.02713898547316 65.96306089284539 9.99
      vertex 79.31332222609353 71.4580098057456 9.99
      vertex 79.72863073307215 71.61743180501895 9.99
    endloop
  endfacet
  facet normal 0 0 -1
    outer loop
      vertex 80.02713898547316 65.96306089284539 9.99
      vertex 79.72863073307215 71.61743180501895 9.99
      vertex 80.125 71.81939203391613 9.99
    endloop
  endfacet
  facet normal 0 0 -1
    outer loop
      vertex 74.03431773001095 66.59293178798464 9.99
      vertex 73.9580098057456 74.18667777390647 9.99
      vertex 74.11743180501895 73.77136926692785 9.99
    endloop
  endfacet
  facet normal 0 0 -1
    outer loop
      vertex 74.03431773001095 66.59293178798464 9.99
      vertex 74.11743180501895 73.77136926692785 9.99
      vertex 74.31939203391613 73.375 9.99
    endloop
  endfacet
  facet normal 0 0 -1
    outer loop
      vertex 74.03431773001095 66.59293178798464 9.99
      vertex 73.84287269688133 74.61637531402452 9.99
      vertex 73.9580098057456 74.18667777390647 9.99
    endloop
  endfacet
  facet normal 0 0 -1
    outer loop
      vertex 74.03431773001095 66.59293178798464 9.99
      vertex 73.77328194468484 75.05575403111247 9.99
      vertex 73.84287269688133 74.61637531402452 9.99
    endloop
  endfacet
  facet normal 0 0 -1
    outer loop
      vertex 69.55625231310172 70.625 9.99
      vertex 69.09293178798464 79.46568226998905 9.99
      vertex 69.55625231310172 80.375 9.99
    endloop
  endfacet
  facet normal 0 0 -1
    outer loop
      vertex 70.11208430484426 69.76909379014839 9.99
      vertex 69.55625231310172 80.375 9.99
      vertex 70.11208430484426 81.23090620985161 9.99
    endloop
  endfacet
  facet normal 0 0 -1
    outer loop
      vertex 70.7543379515954 68.97597658800113 9.99
      vertex 70.11208430484426 81.23090620985161 9.99
      vertex 70.7543379515954 82.02402341199887 9.99
    endloop
  endfacet
  facet normal 0 0 -1
    outer loop
      vertex 71.47597658800113 68.2543379515954 9.99
      vertex 70.7543379515954 82.02402341199887 9.99
      vertex 71.47597658800113 82.7456620484046 9.99
    endloop
  endfacet
  facet normal 0 0 -1
    outer loop
      vertex 72.26909379014839 67.61208430484426 9.99
      vertex 71.47597658800113 82.7456620484046 9.99
      vertex 72.26909379014839 83.38791569515574 9.99
    endloop
  endfacet
  facet normal 0 0 -1
    outer loop
      vertex 73.125 67.05625231310172 9.99
      vertex 72.26909379014839 83.38791569515574 9.99
      vertex 73.125 83.94374768689828 9.99
    endloop
  endfacet
  facet normal 0 0 -1
    outer loop
      vertex 73.77328194468484 75.05575403111247 9.99
      vertex 73.125 83.94374768689828 9.99
      vertex 73.75 75.5 9.99
    endloop
  endfacet
  facet normal 0 0 -1
    outer loop
      vertex 73.75 75.5 9.99
      vertex 73.125 83.94374768689828 9.99
      vertex 73.77328194468484 75.94424596888753 9.99
    endloop
  endfacet
  facet normal 0 0 -1
    outer loop
      vertex 73.77328194468484 75.94424596888753 9.99
      vertex 73.125 83.94374768689828 9.99
      vertex 73.84287269688133 76.38362468597548 9.99
    endloop
  endfacet
  facet normal 0 0 -1
    outer loop
      vertex 73.84287269688133 76.38362468597548 9.99
      vertex 73.125 83.94374768689828 9.99
      vertex 73.9580098057456 76.81332222609353 9.99
    endloop
  endfacet
  facet normal 0 0 -1
    outer loop
      vertex 73.9580098057456 76.81332222609353 9.99
      vertex 74.03431773001095 84.40706821201536 9.99
      vertex 74.11743180501895 77.22863073307215 9.99
    endloop
  endfacet
  facet normal 0 0 -1
    outer loop
      vertex 74.11743180501895 77.22863073307215 9.99
      vertex 74.03431773001095 84.40706821201536 9.99
      vertex 74.31939203391613 77.625 9.99
    endloop
  endfacet
  facet normal 0 0 -1
    outer loop
      vertex 74.31939203391613 77.625 9.99
      vertex 74.03431773001095 84.40706821201536 9.99
      vertex 74.56167777390647 77.99808732224301 9.99
    endloop
  endfacet
  facet normal 0 0 -1
    outer loop
      vertex 74.56167777390647 77.99808732224301 9.99
      vertex 74.03431773001095 84.40706821201536 9.99
      vertex 74.84163449172108 78.34380507702515 9.99
    endloop
  endfacet
  facet normal 0 0 -1
    outer loop
      vertex 74.84163449172108 78.34380507702515 9.99
      vertex 74.98708430484426 84.77280103387774 9.99
      vertex 75.15619492297485 78.65836550827892 9.99
    endloop
  endfacet
  facet normal 0 0 -1
    outer loop
      vertex 73.9580098057456 76.81332222609353 9.99
      vertex 73.125 83.94374768689828 9.99
      vertex 74.03431773001095 84.40706821201536 9.99
    endloop
  endfacet
  facet normal 0 0 -1
    outer loop
      vertex 75.15619492297485 78.65836550827892 9.99
      vertex 74.98708430484426 84.77280103387774 9.99
      vertex 75.50191267775699 78.93832222609353 9.99
    endloop
  endfacet
  facet normal 0 0 -1
    outer loop
      vertex 75.50191267775699 78.93832222609353 9.99
      vertex 74.98708430484426 84.77280103387774 9.99
      vertex 75.875 79.18060796608387 9.99
    endloop
  endfacet
  facet normal 0 0 -1
    outer loop
      vertex 75.875 79.18060796608387 9.99
      vertex 75.97286101452684 85.03693910715461 9.99
      vertex 76.27136926692785 79.38256819498105 9.99
    endloop
  endfacet
  facet normal 0 0 -1
    outer loop
      vertex 75.97286101452684 85.03693910715461 9.99
      vertex 76.68667777390647 79.5419901942544 9.99
      vertex 76.27136926692785 79.38256819498105 9.99
    endloop
  endfacet
  facet normal 0 0 -1
    outer loop
      vertex 76.68667777390647 79.5419901942544 9.99
      vertex 76.98084748314038 85.19658847984067 9.99
      vertex 77.11637531402452 79.65712730311867 9.99
    endloop
  endfacet
  facet normal 0 0 -1
    outer loop
      vertex 77.11637531402452 79.65712730311867 9.99
      vertex 76.98084748314038 85.19658847984067 9.99
      vertex 77.55575403111247 79.72671805531516 9.99
    endloop
  endfacet
  facet normal 0 0 -1
    outer loop
      vertex 77.55575403111247 79.72671805531516 9.99
      vertex 76.98084748314038 85.19658847984067 9.99
      vertex 78 79.75 9.99
    endloop
  endfacet
  facet normal 0 0 -1
    outer loop
      vertex 78 79.75 9.99
      vertex 79.01915251685962 85.19658847984067 9.99
      vertex 78.44424596888753 79.72671805531516 9.99
    endloop
  endfacet
  facet normal 0 0 -1
    outer loop
      vertex 78.44424596888753 79.72671805531516 9.99
      vertex 79.01915251685962 85.19658847984067 9.99
      vertex 78.88362468597548 79.65712730311867 9.99
    endloop
  endfacet
  facet normal 0 0 -1
    outer loop
      vertex 78.88362468597548 79.65712730311867 9.99
      vertex 79.01915251685962 85.19658847984067 9.99
      vertex 79.31332222609353 79.5419901942544 9.99
    endloop
  endfacet
  facet normal 0 0 -1
    outer loop
      vertex 79.31332222609353 79.5419901942544 9.99
      vertex 80.02713898547316 85.03693910715461 9.99
      vertex 79.72863073307215 79.38256819498105 9.99
    endloop
  endfacet
  facet normal 0 0 -1
    outer loop
      vertex 80.125 79.18060796608387 9.99
      vertex 79.72863073307215 79.38256819498105 9.99
      vertex 80.02713898547316 85.03693910715461 9.99
    endloop
  endfacet
  facet normal 0 0 -1
    outer loop
      vertex 74.84163449172108 78.34380507702515 9.99
      vertex 74.03431773001095 84.40706821201536 9.99
      vertex 74.98708430484426 84.77280103387774 9.99
    endloop
  endfacet
  facet normal 0 0 -1
    outer loop
      vertex 75.875 79.18060796608387 9.99
      vertex 74.98708430484426 84.77280103387774 9.99
      vertex 75.97286101452684 85.03693910715461 9.99
    endloop
  endfacet
  facet normal 0 0 -1
    outer loop
      vertex 75.97286101452684 85.03693910715461 9.99
      vertex 76.98084748314038 85.19658847984067 9.99
      vertex 76.68667777390647 79.5419901942544 9.99
    endloop
  endfacet
  facet normal 0 0 -1
    outer loop
      vertex 78 79.75 9.99
      vertex 76.98084748314038 85.19658847984067 9.99
      vertex 78 85.25 9.99
    endloop
  endfacet
  facet normal 0 0 -1
    outer loop
      vertex 78 79.75 9.99
      vertex 78 85.25 9.99
      vertex 79.01915251685962 85.19658847984067 9.99
    endloop
  endfacet
  facet normal 0 0 -1
    outer loop
      vertex 79.31332222609353 79.5419901942544 9.99
      vertex 79.01915251685962 85.19658847984067 9.99
      vertex 80.02713898547316 85.03693910715461 9.99
    endloop
  endfacet
  facet normal 0 0 -1
    outer loop
      vertex 80.02713898547316 65.96306089284539 9.99
      vertex 80.125 71.81939203391613 9.99
      vertex 81.01291569515574 66.22719896612226 9.99
    endloop
  endfacet
  facet normal 0 0 -1
    outer loop
      vertex 81.01291569515574 66.22719896612226 9.99
      vertex 81.15836550827892 72.65619492297485 9.99
      vertex 81.96568226998905 66.59293178798464 9.99
    endloop
  endfacet
  facet normal 0 0 -1
    outer loop
      vertex 81.01291569515574 66.22719896612226 9.99
      vertex 80.125 71.81939203391613 9.99
      vertex 80.49808732224301 72.06167777390647 9.99
    endloop
  endfacet
  facet normal 0 0 -1
    outer loop
      vertex 81.01291569515574 66.22719896612226 9.99
      vertex 80.49808732224301 72.06167777390647 9.99
      vertex 80.84380507702515 72.34163449172108 9.99
    endloop
  endfacet
  facet normal 0 0 -1
    outer loop
      vertex 81.01291569515574 66.22719896612226 9.99
      vertex 80.84380507702515 72.34163449172108 9.99
      vertex 81.15836550827892 72.65619492297485 9.99
    endloop
  endfacet
  facet normal 0 0 -1
    outer loop
      vertex 81.15836550827892 72.65619492297485 9.99
      vertex 81.43832222609353 73.00191267775699 9.99
      vertex 81.96568226998905 66.59293178798464 9.99
    endloop
  endfacet
  facet normal 0 0 -1
    outer loop
      vertex 81.43832222609353 73.00191267775699 9.99
      vertex 81.68060796608387 73.375 9.99
      vertex 81.96568226998905 66.59293178798464 9.99
    endloop
  endfacet
  facet normal 0 0 -1
    outer loop
      vertex 81.96568226998905 66.59293178798464 9.99
      vertex 82.0419901942544 74.18667777390647 9.99
      vertex 82.875 67.05625231310172 9.99
    endloop
  endfacet
  facet normal 0 0 -1
    outer loop
      vertex 81.68060796608387 73.375 9.99
      vertex 81.88256819498105 73.77136926692785 9.99
      vertex 81.96568226998905 66.59293178798464 9.99
    endloop
  endfacet
  facet normal 0 0 -1
    outer loop
      vertex 81.88256819498105 73.77136926692785 9.99
      vertex 82.0419901942544 74.18667777390647 9.99
      vertex 81.96568226998905 66.59293178798464 9.99
    endloop
  endfacet
  facet normal 0 0 -1
    outer loop
      vertex 82.875 67.05625231310172 9.99
      vertex 82.0419901942544 74.18667777390647 9.99
      vertex 82.15712730311867 74.61637531402452 9.99
    endloop
  endfacet
  facet normal 0 0 -1
    outer loop
      vertex 82.875 67.05625231310172 9.99
      vertex 82.15712730311867 74.61637531402452 9.99
      vertex 82.22671805531516 75.05575403111247 9.99
    endloop
  endfacet
  facet normal 0 0 -1
    outer loop
      vertex 82.875 67.05625231310172 9.99
      vertex 82.22671805531516 75.05575403111247 9.99
      vertex 82.25 75.5 9.99
    endloop
  endfacet
  facet normal 0 0 -1
    outer loop
      vertex 82.875 67.05625231310172 9.99
      vertex 82.25 75.5 9.99
      vertex 82.22671805531516 75.94424596888753 9.99
    endloop
  endfacet
  facet normal 0 0 -1
    outer loop
      vertex 82.875 67.05625231310172 9.99
      vertex 82.875 83.94374768689828 9.99
      vertex 83.73090620985161 67.61208430484426 9.99
    endloop
  endfacet
  facet normal 0 0 -1
    outer loop
      vertex 82.875 67.05625231310172 9.99
      vertex 82.22671805531516 75.94424596888753 9.99
      vertex 81.96568226998905 84.40706821201536 9.99
    endloop
  endfacet
  facet normal 0 0 -1
    outer loop
      vertex 83.73090620985161 67.61208430484426 9.99
      vertex 83.73090620985161 83.38791569515574 9.99
      vertex 84.52402341199887 68.2543379515954 9.99
    endloop
  endfacet
  facet normal 0 0 -1
    outer loop
      vertex 84.52402341199887 68.2543379515954 9.99
      vertex 84.52402341199887 82.7456620484046 9.99
      vertex 85.2456620484046 68.97597658800113 9.99
    endloop
  endfacet
  facet normal 0 0 -1
    outer loop
      vertex 85.2456620484046 68.97597658800113 9.99
      vertex 85.2456620484046 82.02402341199887 9.99
      vertex 85.88791569515574 69.76909379014839 9.99
    endloop
  endfacet
  facet normal 0 0 -1
    outer loop
      vertex 85.88791569515574 69.76909379014839 9.99
      vertex 85.88791569515574 81.23090620985161 9.99
      vertex 86.44374768689828 70.625 9.99
    endloop
  endfacet
  facet normal 0 0 -1
    outer loop
      vertex 86.44374768689828 70.625 9.99
      vertex 86.44374768689828 80.375 9.99
      vertex 86.90706821201536 71.53431773001095 9.99
    endloop
  endfacet
  facet normal 0 0 -1
    outer loop
      vertex 86.90706821201536 71.53431773001095 9.99
      vertex 86.90706821201536 79.46568226998905 9.99
      vertex 87.27280103387774 72.48708430484426 9.99
    endloop
  endfacet
  facet normal 0 0 -1
    outer loop
      vertex 87.27280103387774 72.48708430484426 9.99
      vertex 87.27280103387774 78.51291569515574 9.99
      vertex 87.53693910715461 73.47286101452684 9.99
    endloop
  endfacet
  facet normal 0 0 -1
    outer loop
      vertex 87.53693910715461 73.47286101452684 9.99
      vertex 87.53693910715461 77.52713898547316 9.99
      vertex 87.69658847984067 74.48084748314038 9.99
    endloop
  endfacet
  facet normal 0 0 -1
    outer loop
      vertex 87.53693910715461 73.47286101452684 9.99
      vertex 87.27280103387774 78.51291569515574 9.99
      vertex 87.53693910715461 77.52713898547316 9.99
    endloop
  endfacet
  facet normal 0 0 -1
    outer loop
      vertex 87.69658847984067 74.48084748314038 9.99
      vertex 87.69658847984067 76.51915251685962 9.99
      vertex 87.75 75.5 9.99
    endloop
  endfacet
  facet normal 0 0 -1
    outer loop
      vertex 87.69658847984067 74.48084748314038 9.99
      vertex 87.53693910715461 77.52713898547316 9.99
      vertex 87.69658847984067 76.51915251685962 9.99
    endloop
  endfacet
  facet normal 0 0 -1
    outer loop
      vertex 82.875 67.05625231310172 9.99
      vertex 81.96568226998905 84.40706821201536 9.99
      vertex 82.875 83.94374768689828 9.99
    endloop
  endfacet
  facet normal 0 0 -1
    outer loop
      vertex 82.22671805531516 75.94424596888753 9.99
      vertex 82.15712730311867 76.38362468597548 9.99
      vertex 81.96568226998905 84.40706821201536 9.99
    endloop
  endfacet
  facet normal 0 0 -1
    outer loop
      vertex 82.15712730311867 76.38362468597548 9.99
      vertex 82.0419901942544 76.81332222609353 9.99
      vertex 81.96568226998905 84.40706821201536 9.99
    endloop
  endfacet
  facet normal 0 0 -1
    outer loop
      vertex 83.73090620985161 67.61208430484426 9.99
      vertex 82.875 83.94374768689828 9.99
      vertex 83.73090620985161 83.38791569515574 9.99
    endloop
  endfacet
  facet normal 0 0 -1
    outer loop
      vertex 81.15836550827892 78.34380507702515 9.99
      vertex 80.84380507702515 78.65836550827892 9.99
      vertex 81.01291569515574 84.77280103387774 9.99
    endloop
  endfacet
  facet normal 0 0 -1
    outer loop
      vertex 81.88256819498105 77.22863073307215 9.99
      vertex 81.68060796608387 77.625 9.99
      vertex 81.96568226998905 84.40706821201536 9.99
    endloop
  endfacet
  facet normal 0 0 -1
    outer loop
      vertex 81.43832222609353 77.99808732224301 9.99
      vertex 81.15836550827892 78.34380507702515 9.99
      vertex 81.96568226998905 84.40706821201536 9.99
    endloop
  endfacet
  facet normal 0 0 -1
    outer loop
      vertex 81.68060796608387 77.625 9.99
      vertex 81.43832222609353 77.99808732224301 9.99
      vertex 81.96568226998905 84.40706821201536 9.99
    endloop
  endfacet
  facet normal 0 0 -1
    outer loop
      vertex 80.125 79.18060796608387 9.99
      vertex 81.01291569515574 84.77280103387774 9.99
      vertex 80.49808732224301 78.93832222609353 9.99
    endloop
  endfacet
  facet normal 0 0 -1
    outer loop
      vertex 80.49808732224301 78.93832222609353 9.99
      vertex 81.01291569515574 84.77280103387774 9.99
      vertex 80.84380507702515 78.65836550827892 9.99
    endloop
  endfacet
  facet normal 0 0 -1
    outer loop
      vertex 81.88256819498105 77.22863073307215 9.99
      vertex 81.96568226998905 84.40706821201536 9.99
      vertex 82.0419901942544 76.81332222609353 9.99
    endloop
  endfacet
  facet normal 0 0 -1
    outer loop
      vertex 85.2456620484046 68.97597658800113 9.99
      vertex 84.52402341199887 82.7456620484046 9.99
      vertex 85.2456620484046 82.02402341199887 9.99
    endloop
  endfacet
  facet normal 0 0 -1
    outer loop
      vertex 84.52402341199887 68.2543379515954 9.99
      vertex 83.73090620985161 83.38791569515574 9.99
      vertex 84.52402341199887 82.7456620484046 9.99
    endloop
  endfacet
  facet normal 0 0 -1
    outer loop
      vertex 85.88791569515574 69.76909379014839 9.99
      vertex 85.2456620484046 82.02402341199887 9.99
      vertex 85.88791569515574 81.23090620985161 9.99
    endloop
  endfacet
  facet normal 0 0 -1
    outer loop
      vertex 86.90706821201536 71.53431773001095 9.99
      vertex 86.44374768689828 80.375 9.99
      vertex 86.90706821201536 79.46568226998905 9.99
    endloop
  endfacet
  facet normal 0 0 -1
    outer loop
      vertex 86.44374768689828 70.625 9.99
      vertex 85.88791569515574 81.23090620985161 9.99
      vertex 86.44374768689828 80.375 9.99
    endloop
  endfacet
  facet normal 0 0 -1
    outer loop
      vertex 80.125 79.18060796608387 9.99
      vertex 80.02713898547316 85.03693910715461 9.99
      vertex 81.01291569515574 84.77280103387774 9.99
    endloop
  endfacet
  facet normal 0 0 -1
    outer loop
      vertex 81.15836550827892 78.34380507702515 9.99
      vertex 81.01291569515574 84.77280103387774 9.99
      vertex 81.96568226998905 84.40706821201536 9.99
    endloop
  endfacet
  facet normal 0 0 -1
    outer loop
      vertex 87.27280103387774 72.48708430484426 9.99
      vertex 86.90706821201536 79.46568226998905 9.99
      vertex 87.27280103387774 78.51291569515574 9.99
    endloop
  endfacet
  facet normal 0 1 0
    outer loop
      vertex 87 87.5 0
      vertex 90 87.5 41.25
      vertex 90 87.5 0
    endloop
  endfacet
  facet normal 1 0 0
    outer loop
      vertex 90 81.5 2
      vertex 90 87.5 0
      vertex 90 87.5 41.25
    endloop
  endfacet
  facet normal -0.4999999931753902 -0.866025407724629 0
    outer loop
      vertex 71.93411602079868 65.15048070251942 2
      vertex 72.06999537348747 65.07203072309494 2
      vertex 72.06999537348747 65.07203072309494 60
    endloop
  endfacet
  facet normal -0.5446390353737932 -0.8386705677124385 0
    outer loop
      vertex 71.93411602079868 65.15048070251942 2
      vertex 71.93411602079868 65.15048070251942 60
      vertex 71.01246091723442 65.74901052564383 2
    endloop
  endfacet
  facet normal -0.45399049835820615 -0.891006524892196 0
    outer loop
      vertex 72.06999537348747 65.07203072309494 2
      vertex 73.04916489869356 64.57311893254519 2
      vertex 73.04916489869356 64.57311893254519 60
    endloop
  endfacet
  facet normal -0.4067366344303633 -0.9135454614917974 0
    outer loop
      vertex 73.04916489869356 64.57311893254519 2
      vertex 73.19250015169382 64.50930196791887 2
      vertex 73.19250015169382 64.50930196791887 60
    endloop
  endfacet
  facet normal -0.35836795148206757 -0.9335804257537463 0
    outer loop
      vertex 73.19250015169382 64.50930196791887 2
      vertex 74.21845606714487 64.11547438800335 2
      vertex 74.21845606714487 64.11547438800335 60
    endloop
  endfacet
  facet normal -0.309016988237967 -0.9510565182891794 0
    outer loop
      vertex 74.21845606714487 64.11547438800335 2
      vertex 74.36767706274986 64.06698954850435 2
      vertex 74.36767706274986 64.06698954850435 60
    endloop
  endfacet
  facet normal -0.2588190418222672 -0.9659258271680096 0
    outer loop
      vertex 74.36767706274986 64.06698954850435 2
      vertex 75.42917874455452 63.78256103396416 2
      vertex 75.42917874455452 63.78256103396416 60
    endloop
  endfacet
  facet normal -0.20791169973303814 -0.9781475988388045 0
    outer loop
      vertex 75.42917874455452 63.78256103396416 2
      vertex 75.5826502814889 63.749939650297165 2
      vertex 75.5826502814889 63.749939650297165 60
    endloop
  endfacet
  facet normal -0.1045284566956052 -0.9945218960590235 0
    outer loop
      vertex 76.8241085857153 63.561625853180885 2
      vertex 76.8241085857153 63.561625853180885 60
      vertex 76.66806780546904 63.57802639901638 2
    endloop
  endfacet
  facet normal -0.15643446879228512 -0.9876883400008707 0
    outer loop
      vertex 75.5826502814889 63.749939650297165 2
      vertex 76.66806780546904 63.57802639901638 2
      vertex 76.66806780546904 63.57802639901638 60
    endloop
  endfacet
  facet normal -0.05233595213809724 -0.9986295349696998 0
    outer loop
      vertex 76.8241085857153 63.561625853180885 2
      vertex 77.92154992371798 63.504111394286156 2
      vertex 77.92154992371798 63.504111394286156 60
    endloop
  endfacet
  facet normal 0 -1 0
    outer loop
      vertex 77.92154992371798 63.504111394286156 2
      vertex 78.07845007628202 63.504111394286156 2
      vertex 78.07845007628202 63.504111394286156 60
    endloop
  endfacet
  facet normal 0.052335953584199485 -0.9986295348939128 0
    outer loop
      vertex 78.07845007628202 63.504111394286156 2
      vertex 79.17589152604342 63.561625860631466 2
      vertex 79.17589152604342 63.561625860631466 60
    endloop
  endfacet
  facet normal 0.10452847376048861 -0.9945218942654319 0
    outer loop
      vertex 79.17589152604342 63.561625860631466 2
      vertex 79.3319320678711 63.57802638411522 2
      vertex 79.3319320678711 63.57802638411522 60
    endloop
  endfacet
  facet normal 0.15643446525950055 -0.9876883405604088 0
    outer loop
      vertex 79.3319320678711 63.57802638411522 2
      vertex 80.41734971106052 63.749939650297165 2
      vertex 80.41734971106052 63.749939650297165 60
    endloop
  endfacet
  facet normal 0.20791169973303814 -0.9781475988388045 0
    outer loop
      vertex 80.41734971106052 63.749939650297165 2
      vertex 80.5708212479949 63.78256103396416 2
      vertex 80.5708212479949 63.78256103396416 60
    endloop
  endfacet
  facet normal 0.25881903888655244 -0.9659258279546319 0
    outer loop
      vertex 80.5708212479949 63.78256103396416 2
      vertex 81.6323229148984 64.06698954105377 2
      vertex 81.6323229148984 64.06698954105377 60
    endloop
  endfacet
  facet normal 0.3090170204861316 -0.9510565078111152 0
    outer loop
      vertex 81.6323229148984 64.06698954105377 2
      vertex 81.7815439850092 64.11547441035509 2
      vertex 81.7815439850092 64.11547441035509 60
    endloop
  endfacet
  facet normal 0.3583679382646259 -0.933580430827447 0
    outer loop
      vertex 81.7815439850092 64.11547441035509 2
      vertex 81.92489618808031 64.17050216346979 2
      vertex 81.92489618808031 64.17050216346979 60
    endloop
  endfacet
  facet normal 0.33380684456549964 -0.9426414962864854 0
    outer loop
      vertex 81.92489618808031 64.17050216346979 2
      vertex 82.07294901460409 64.2229304164648 2
      vertex 82.07294901460409 64.2229304164648 60
    endloop
  endfacet
  facet normal 0.25881905464550803 -0.9659258237320325 0
    outer loop
      vertex 82.07294901460409 64.2229304164648 2
      vertex 82.37626492977142 64.3042036741972 2
      vertex 82.37626492977142 64.3042036741972 60
    endloop
  endfacet
  facet normal 0.15643447077382908 -0.987688339687025 0
    outer loop
      vertex 82.37626492977142 64.3042036741972 2
      vertex 82.68641460686922 64.35332655906677 2
      vertex 82.68641460686922 64.35332655906677 60
    endloop
  endfacet
  facet normal 0.052335949247149044 -0.998629535121208 0
    outer loop
      vertex 82.68641460686922 64.35332655906677 2
      vertex 83 64.36976087093353 2
      vertex 83 64.36976087093353 60
    endloop
  endfacet
  facet normal -0.052335949247149044 -0.998629535121208 0
    outer loop
      vertex 83 64.36976087093353 2
      vertex 83.31358539313078 64.35332655906677 2
      vertex 83.31358539313078 64.35332655906677 60
    endloop
  endfacet
  facet normal -0.998629535121208 -0.052335949247149044 0
    outer loop
      vertex 86 61.36976087093353 2
      vertex 86 61.36976087093353 60
      vertex 85.98356568813324 61.68334626406431 2
    endloop
  endfacet
  facet normal -0.9659258237320325 -0.25881905464550803 0
    outer loop
      vertex 85.93444280326366 61.99349594116211 2
      vertex 85.93444280326366 61.99349594116211 60
      vertex 85.85316954553127 62.29681185632944 2
    endloop
  endfacet
  facet normal -0.9335804259992488 -0.358367950842512 0
    outer loop
      vertex 85.85316954553127 62.29681185632944 2
      vertex 85.85316954553127 62.29681185632944 60
      vertex 85.7406363710761 62.58997079730034 2
    endloop
  endfacet
  facet normal -0.8910065259684402 -0.45399049624595805 0
    outer loop
      vertex 85.7406363710761 62.58997079730034 2
      vertex 85.7406363710761 62.58997079730034 60
      vertex 85.59807620942593 62.86976087093353 2
    endloop
  endfacet
  facet normal -0.987688339687025 -0.15643447077382908 0
    outer loop
      vertex 85.93444280326366 61.99349594116211 2
      vertex 85.98356568813324 61.68334626406431 2
      vertex 85.98356568813324 61.68334626406431 60
    endloop
  endfacet
  facet normal -0.25881905464550803 -0.9659258237320325 0
    outer loop
      vertex 83.92705098539591 64.2229304164648 2
      vertex 83.92705098539591 64.2229304164648 60
      vertex 83.62373507022858 64.3042036741972 2
    endloop
  endfacet
  facet normal -0.358367950842512 -0.9335804259992488 0
    outer loop
      vertex 83.92705098539591 64.2229304164648 2
      vertex 84.2202099263668 64.11039724200964 2
      vertex 84.2202099263668 64.11039724200964 60
    endloop
  endfacet
  facet normal -0.5446390293369446 -0.8386705716328138 0
    outer loop
      vertex 84.5 63.96783708035946 2
      vertex 84.76335575431585 63.79681185632944 2
      vertex 84.76335575431585 63.79681185632944 60
    endloop
  endfacet
  facet normal -0.45399049624595805 -0.8910065259684402 0
    outer loop
      vertex 84.2202099263668 64.11039724200964 2
      vertex 84.5 63.96783708035946 2
      vertex 84.5 63.96783708035946 60
    endloop
  endfacet
  facet normal -0.629320395483342 -0.7771459578667895 0
    outer loop
      vertex 84.76335575431585 63.79681185632944 2
      vertex 85.00739181786776 63.59919534623623 2
      vertex 85.00739181786776 63.59919534623623 60
    endloop
  endfacet
  facet normal -0.15643447077382908 -0.987688339687025 0
    outer loop
      vertex 83.31358539313078 64.35332655906677 2
      vertex 83.62373507022858 64.3042036741972 2
      vertex 83.62373507022858 64.3042036741972 60
    endloop
  endfacet
  facet normal -0.7771459578667895 -0.629320395483342 0
    outer loop
      vertex 85.42705098539591 63.133116625249386 2
      vertex 85.42705098539591 63.133116625249386 60
      vertex 85.2294344753027 63.37715268880129 2
    endloop
  endfacet
  facet normal -0.7071067811865476 -0.7071067811865476 0
    outer loop
      vertex 85.00739181786776 63.59919534623623 2
      vertex 85.2294344753027 63.37715268880129 2
      vertex 85.2294344753027 63.37715268880129 60
    endloop
  endfacet
  facet normal -0.8386705716328138 -0.5446390293369446 0
    outer loop
      vertex 85.59807620942593 62.86976087093353 2
      vertex 85.59807620942593 62.86976087093353 60
      vertex 85.42705098539591 63.133116625249386 2
    endloop
  endfacet
  facet normal -0.7071067811865476 -0.7071067811865476 0
    outer loop
      vertex 69.91488402336836 66.63781078159809 2
      vertex 69.91488402336836 66.63781078159809 60
      vertex 69.13781078904867 67.41488401591778 2
    endloop
  endfacet
  facet normal -0.6691306042468929 -0.7431448273790162 0
    outer loop
      vertex 69.91488402336836 66.63781078159809 2
      vertex 70.03148353099823 66.53282411396503 2
      vertex 70.03148353099823 66.53282411396503 60
    endloop
  endfacet
  facet normal -0.7431448226754975 -0.6691306094706797 0
    outer loop
      vertex 69.13781078904867 67.41488401591778 2
      vertex 69.13781078904867 67.41488401591778 60
      vertex 69.03282410651445 67.53148353844881 2
    endloop
  endfacet
  facet normal -0.777145965165893 -0.6293203864697001 0
    outer loop
      vertex 69.03282410651445 67.53148353844881 2
      vertex 69.03282410651445 67.53148353844881 60
      vertex 68.3412339836359 68.38552622497082 2
    endloop
  endfacet
  facet normal -0.866025407724629 -0.4999999931753902 0
    outer loop
      vertex 67.65048070251942 69.43411602079868 2
      vertex 67.65048070251942 69.43411602079868 60
      vertex 67.57203072309494 69.56999537348747 2
    endloop
  endfacet
  facet normal -0.8090169768470806 -0.5877852764175114 0
    outer loop
      vertex 68.3412339836359 68.38552622497082 2
      vertex 68.3412339836359 68.38552622497082 60
      vertex 68.24901052564383 68.51246091723442 2
    endloop
  endfacet
  facet normal -0.8386705677124385 -0.5446390353737932 0
    outer loop
      vertex 67.65048070251942 69.43411602079868 2
      vertex 68.24901052564383 68.51246091723442 2
      vertex 68.24901052564383 68.51246091723442 60
    endloop
  endfacet
  facet normal -0.891006524892196 -0.45399049835820615 0
    outer loop
      vertex 67.07311893254519 70.54916489869356 2
      vertex 67.57203072309494 69.56999537348747 2
      vertex 67.57203072309494 69.56999537348747 60
    endloop
  endfacet
  facet normal -0.6293203872485708 -0.7771459645351759 0
    outer loop
      vertex 70.03148353099823 66.53282411396503 2
      vertex 70.88552622497082 65.8412339836359 2
      vertex 70.88552622497082 65.8412339836359 60
    endloop
  endfacet
  facet normal -0.5877852764175114 -0.8090169768470806 0
    outer loop
      vertex 70.88552622497082 65.8412339836359 2
      vertex 71.01246091723442 65.74901052564383 2
      vertex 71.01246091723442 65.74901052564383 60
    endloop
  endfacet
  facet normal 0.05233596169807261 0.9986295344686825 0
    outer loop
      vertex 84 87.5 2
      vertex 84.62717077881098 87.4671313688159 60
      vertex 84.62717077881098 87.4671313688159 2
    endloop
  endfacet
  facet normal 0.15643445553477123 0.9876883421006546 0
    outer loop
      vertex 84.62717077881098 87.4671313688159 2
      vertex 85.24747014790773 87.36888560652733 60
      vertex 85.24747014790773 87.36888560652733 2
    endloop
  endfacet
  facet normal 0.25881904950851087 0.9659258251084867 0
    outer loop
      vertex 85.24747014790773 87.36888560652733 2
      vertex 85.85410196334124 87.20633909851313 60
      vertex 85.85410196334124 87.20633909851313 2
    endloop
  endfacet
  facet normal 0.3583679532441575 0.9335804250773435 0
    outer loop
      vertex 85.85410196334124 87.20633909851313 2
      vertex 86.44041986018419 86.98127274215221 60
      vertex 86.44041986018419 86.98127274215221 2
    endloop
  endfacet
  facet normal -1 0 0
    outer loop
      vertex 87 87.5 0
      vertex 87 86.69615242630243 2
      vertex 87 87.5 60
    endloop
  endfacet
  facet normal 0.4539904916265432 0.8910065283221495 0
    outer loop
      vertex 86.44041986018419 86.98127274215221 2
      vertex 87 86.69615242630243 60
      vertex 87 86.69615242630243 2
    endloop
  endfacet
  facet normal 0.629320391049847 0.7771459614569629 0
    outer loop
      vertex 75.15619492297485 72.34163449172108 9.99
      vertex 75.15619492297485 72.34163449172108 60
      vertex 75.50191267775699 72.06167777390647 9.99
    endloop
  endfacet
  facet normal 0.8386705679454243 0.5446390350150269 0
    outer loop
      vertex 74.31939203391613 73.375 9.99
      vertex 74.31939203391613 73.375 60
      vertex 74.56167777390647 73.00191267775699 9.99
    endloop
  endfacet
  facet normal 0.8910065241883779 0.453990499739527 0
    outer loop
      vertex 74.11743180501895 73.77136926692785 9.99
      vertex 74.11743180501895 73.77136926692785 60
      vertex 74.31939203391613 73.375 9.99
    endloop
  endfacet
  facet normal 0.7771459614569629 0.629320391049847 0
    outer loop
      vertex 74.84163449172108 72.65619492297485 9.99
      vertex 74.56167777390647 73.00191267775699 9.99
      vertex 74.56167777390647 73.00191267775699 60
    endloop
  endfacet
  facet normal 0.7071067811865476 0.7071067811865476 0
    outer loop
      vertex 75.15619492297485 72.34163449172108 9.99
      vertex 74.84163449172108 72.65619492297485 9.99
      vertex 74.84163449172108 72.65619492297485 60
    endloop
  endfacet
  facet normal 0.453990499739527 0.8910065241883779 0
    outer loop
      vertex 75.875 71.81939203391613 9.99
      vertex 75.875 71.81939203391613 60
      vertex 76.27136926692785 71.61743180501895 9.99
    endloop
  endfacet
  facet normal 0.5446390350150269 0.8386705679454243 0
    outer loop
      vertex 75.875 71.81939203391613 9.99
      vertex 75.50191267775699 72.06167777390647 9.99
      vertex 75.50191267775699 72.06167777390647 60
    endloop
  endfacet
  facet normal 0.35836794954530393 0.9335804264972004 0
    outer loop
      vertex 76.27136926692785 71.61743180501895 9.99
      vertex 76.27136926692785 71.61743180501895 60
      vertex 76.68667777390647 71.4580098057456 9.99
    endloop
  endfacet
  facet normal 0.2588190451025243 0.9659258262890673 0
    outer loop
      vertex 76.68667777390647 71.4580098057456 9.99
      vertex 76.68667777390647 71.4580098057456 60
      vertex 77.11637531402452 71.34287269688133 9.99
    endloop
  endfacet
  facet normal 0.9335804264972004 0.35836794954530393 0
    outer loop
      vertex 74.11743180501895 73.77136926692785 9.99
      vertex 73.9580098057456 74.18667777390647 9.99
      vertex 73.9580098057456 74.18667777390647 60
    endloop
  endfacet
  facet normal 0.9659258262890673 0.2588190451025243 0
    outer loop
      vertex 73.9580098057456 74.18667777390647 9.99
      vertex 73.84287269688133 74.61637531402452 9.99
      vertex 73.84287269688133 74.61637531402452 60
    endloop
  endfacet
  facet normal 0.9876883405951369 0.15643446504023617 0
    outer loop
      vertex 73.77328194468484 75.05575403111247 9.99
      vertex 73.77328194468484 75.05575403111247 60
      vertex 73.84287269688133 74.61637531402452 9.99
    endloop
  endfacet
  facet normal 0.9986295347545736 0.05233595624294645 0
    outer loop
      vertex 73.77328194468484 75.05575403111247 9.99
      vertex 73.75 75.5 9.99
      vertex 73.75 75.5 60
    endloop
  endfacet
  facet normal 0.9986295347545736 -0.05233595624294645 0
    outer loop
      vertex 73.75 75.5 9.99
      vertex 73.77328194468484 75.94424596888753 9.99
      vertex 73.77328194468484 75.94424596888753 60
    endloop
  endfacet
  facet normal 0.9876883405951369 -0.15643446504023617 0
    outer loop
      vertex 73.77328194468484 75.94424596888753 9.99
      vertex 73.84287269688133 76.38362468597548 9.99
      vertex 73.84287269688133 76.38362468597548 60
    endloop
  endfacet
  facet normal 0.15643446504023617 0.9876883405951369 0
    outer loop
      vertex 77.11637531402452 71.34287269688133 9.99
      vertex 77.11637531402452 71.34287269688133 60
      vertex 77.55575403111247 71.27328194468484 9.99
    endloop
  endfacet
  facet normal 0.05233595624294645 0.9986295347545736 0
    outer loop
      vertex 78 71.25 9.99
      vertex 77.55575403111247 71.27328194468484 9.99
      vertex 77.55575403111247 71.27328194468484 60
    endloop
  endfacet
  facet normal -0.05233595624294645 0.9986295347545736 0
    outer loop
      vertex 78 71.25 9.99
      vertex 78 71.25 60
      vertex 78.44424596888753 71.27328194468484 9.99
    endloop
  endfacet
  facet normal -0.15643446504023617 0.9876883405951369 0
    outer loop
      vertex 78.44424596888753 71.27328194468484 9.99
      vertex 78.44424596888753 71.27328194468484 60
      vertex 78.88362468597548 71.34287269688133 9.99
    endloop
  endfacet
  facet normal -0.2588190451025243 0.9659258262890673 0
    outer loop
      vertex 78.88362468597548 71.34287269688133 9.99
      vertex 78.88362468597548 71.34287269688133 60
      vertex 79.31332222609353 71.4580098057456 9.99
    endloop
  endfacet
  facet normal -0.35836794954530393 0.9335804264972004 0
    outer loop
      vertex 79.31332222609353 71.4580098057456 9.99
      vertex 79.31332222609353 71.4580098057456 60
      vertex 79.72863073307215 71.61743180501895 9.99
    endloop
  endfacet
  facet normal -0.453990499739527 0.8910065241883779 0
    outer loop
      vertex 79.72863073307215 71.61743180501895 9.99
      vertex 79.72863073307215 71.61743180501895 60
      vertex 80.125 71.81939203391613 9.99
    endloop
  endfacet
  facet normal 0.9659258262890673 -0.2588190451025243 0
    outer loop
      vertex 73.84287269688133 76.38362468597548 9.99
      vertex 73.9580098057456 76.81332222609353 9.99
      vertex 73.9580098057456 76.81332222609353 60
    endloop
  endfacet
  facet normal 0.9335804264972004 -0.35836794954530393 0
    outer loop
      vertex 73.9580098057456 76.81332222609353 9.99
      vertex 74.11743180501895 77.22863073307215 9.99
      vertex 74.11743180501895 77.22863073307215 60
    endloop
  endfacet
  facet normal 0.8910065241883779 -0.453990499739527 0
    outer loop
      vertex 74.11743180501895 77.22863073307215 9.99
      vertex 74.31939203391613 77.625 9.99
      vertex 74.31939203391613 77.625 60
    endloop
  endfacet
  facet normal 0.8386705679454243 -0.5446390350150269 0
    outer loop
      vertex 74.31939203391613 77.625 9.99
      vertex 74.56167777390647 77.99808732224301 9.99
      vertex 74.56167777390647 77.99808732224301 60
    endloop
  endfacet
  facet normal 0.7771459614569629 -0.629320391049847 0
    outer loop
      vertex 74.56167777390647 77.99808732224301 9.99
      vertex 74.84163449172108 78.34380507702515 9.99
      vertex 74.84163449172108 78.34380507702515 60
    endloop
  endfacet
  facet normal 0.7071067811865476 -0.7071067811865476 0
    outer loop
      vertex 74.84163449172108 78.34380507702515 9.99
      vertex 75.15619492297485 78.65836550827892 9.99
      vertex 75.15619492297485 78.65836550827892 60
    endloop
  endfacet
  facet normal 0.629320391049847 -0.7771459614569629 0
    outer loop
      vertex 75.15619492297485 78.65836550827892 9.99
      vertex 75.50191267775699 78.93832222609353 9.99
      vertex 75.50191267775699 78.93832222609353 60
    endloop
  endfacet
  facet normal 0.5446390350150269 -0.8386705679454243 0
    outer loop
      vertex 75.50191267775699 78.93832222609353 9.99
      vertex 75.875 79.18060796608387 9.99
      vertex 75.875 79.18060796608387 60
    endloop
  endfacet
  facet normal 0.453990499739527 -0.8910065241883779 0
    outer loop
      vertex 75.875 79.18060796608387 9.99
      vertex 76.27136926692785 79.38256819498105 9.99
      vertex 76.27136926692785 79.38256819498105 60
    endloop
  endfacet
  facet normal 0.35836794954530393 -0.9335804264972004 0
    outer loop
      vertex 76.27136926692785 79.38256819498105 9.99
      vertex 76.68667777390647 79.5419901942544 9.99
      vertex 76.68667777390647 79.5419901942544 60
    endloop
  endfacet
  facet normal -0.453990499739527 -0.8910065241883779 0
    outer loop
      vertex 80.125 79.18060796608387 9.99
      vertex 80.125 79.18060796608387 60
      vertex 79.72863073307215 79.38256819498105 9.99
    endloop
  endfacet
  facet normal 0.2588190451025243 -0.9659258262890673 0
    outer loop
      vertex 76.68667777390647 79.5419901942544 9.99
      vertex 77.11637531402452 79.65712730311867 9.99
      vertex 77.11637531402452 79.65712730311867 60
    endloop
  endfacet
  facet normal 0.15643446504023617 -0.9876883405951369 0
    outer loop
      vertex 77.11637531402452 79.65712730311867 9.99
      vertex 77.55575403111247 79.72671805531516 9.99
      vertex 77.55575403111247 79.72671805531516 60
    endloop
  endfacet
  facet normal 0.05233595624294645 -0.9986295347545736 0
    outer loop
      vertex 77.55575403111247 79.72671805531516 9.99
      vertex 78 79.75 9.99
      vertex 78 79.75 60
    endloop
  endfacet
  facet normal -0.05233595624294645 -0.9986295347545736 0
    outer loop
      vertex 78 79.75 9.99
      vertex 78.44424596888753 79.72671805531516 9.99
      vertex 78.44424596888753 79.72671805531516 60
    endloop
  endfacet
  facet normal -0.15643446504023617 -0.9876883405951369 0
    outer loop
      vertex 78.44424596888753 79.72671805531516 9.99
      vertex 78.88362468597548 79.65712730311867 9.99
      vertex 78.88362468597548 79.65712730311867 60
    endloop
  endfacet
  facet normal -0.2588190451025243 -0.9659258262890673 0
    outer loop
      vertex 78.88362468597548 79.65712730311867 9.99
      vertex 79.31332222609353 79.5419901942544 9.99
      vertex 79.31332222609353 79.5419901942544 60
    endloop
  endfacet
  facet normal -0.35836794954530393 -0.9335804264972004 0
    outer loop
      vertex 79.31332222609353 79.5419901942544 9.99
      vertex 79.72863073307215 79.38256819498105 9.99
      vertex 79.72863073307215 79.38256819498105 60
    endloop
  endfacet
  facet normal -0.5446390350150269 0.8386705679454243 0
    outer loop
      vertex 80.125 71.81939203391613 9.99
      vertex 80.125 71.81939203391613 60
      vertex 80.49808732224301 72.06167777390647 9.99
    endloop
  endfacet
  facet normal -0.629320391049847 0.7771459614569629 0
    outer loop
      vertex 80.49808732224301 72.06167777390647 9.99
      vertex 80.49808732224301 72.06167777390647 60
      vertex 80.84380507702515 72.34163449172108 9.99
    endloop
  endfacet
  facet normal -0.7071067811865476 0.7071067811865476 0
    outer loop
      vertex 80.84380507702515 72.34163449172108 9.99
      vertex 80.84380507702515 72.34163449172108 60
      vertex 81.15836550827892 72.65619492297485 9.99
    endloop
  endfacet
  facet normal -0.7771459614569629 0.629320391049847 0
    outer loop
      vertex 81.15836550827892 72.65619492297485 9.99
      vertex 81.15836550827892 72.65619492297485 60
      vertex 81.43832222609353 73.00191267775699 9.99
    endloop
  endfacet
  facet normal -0.8386705679454243 0.5446390350150269 0
    outer loop
      vertex 81.43832222609353 73.00191267775699 9.99
      vertex 81.43832222609353 73.00191267775699 60
      vertex 81.68060796608387 73.375 9.99
    endloop
  endfacet
  facet normal -0.8910065241883779 0.453990499739527 0
    outer loop
      vertex 81.68060796608387 73.375 9.99
      vertex 81.68060796608387 73.375 60
      vertex 81.88256819498105 73.77136926692785 9.99
    endloop
  endfacet
  facet normal -0.9335804264972004 0.35836794954530393 0
    outer loop
      vertex 81.88256819498105 73.77136926692785 9.99
      vertex 81.88256819498105 73.77136926692785 60
      vertex 82.0419901942544 74.18667777390647 9.99
    endloop
  endfacet
  facet normal -0.9659258262890673 0.2588190451025243 0
    outer loop
      vertex 82.0419901942544 74.18667777390647 9.99
      vertex 82.0419901942544 74.18667777390647 60
      vertex 82.15712730311867 74.61637531402452 9.99
    endloop
  endfacet
  facet normal -0.9876883405951369 0.15643446504023617 0
    outer loop
      vertex 82.15712730311867 74.61637531402452 9.99
      vertex 82.15712730311867 74.61637531402452 60
      vertex 82.22671805531516 75.05575403111247 9.99
    endloop
  endfacet
  facet normal -0.9986295347545736 0.05233595624294645 0
    outer loop
      vertex 82.22671805531516 75.05575403111247 9.99
      vertex 82.22671805531516 75.05575403111247 60
      vertex 82.25 75.5 9.99
    endloop
  endfacet
  facet normal -0.9986295347545736 -0.05233595624294645 0
    outer loop
      vertex 82.25 75.5 9.99
      vertex 82.25 75.5 60
      vertex 82.22671805531516 75.94424596888753 9.99
    endloop
  endfacet
  facet normal -0.9876883405951369 -0.15643446504023617 0
    outer loop
      vertex 82.22671805531516 75.94424596888753 9.99
      vertex 82.22671805531516 75.94424596888753 60
      vertex 82.15712730311867 76.38362468597548 9.99
    endloop
  endfacet
  facet normal -0.9659258262890673 -0.2588190451025243 0
    outer loop
      vertex 82.15712730311867 76.38362468597548 9.99
      vertex 82.15712730311867 76.38362468597548 60
      vertex 82.0419901942544 76.81332222609353 9.99
    endloop
  endfacet
  facet normal -0.8910065241883779 -0.453990499739527 0
    outer loop
      vertex 81.88256819498105 77.22863073307215 9.99
      vertex 81.88256819498105 77.22863073307215 60
      vertex 81.68060796608387 77.625 9.99
    endloop
  endfacet
  facet normal -0.8386705679454243 -0.5446390350150269 0
    outer loop
      vertex 81.68060796608387 77.625 9.99
      vertex 81.68060796608387 77.625 60
      vertex 81.43832222609353 77.99808732224301 9.99
    endloop
  endfacet
  facet normal -0.5446390350150269 -0.8386705679454243 0
    outer loop
      vertex 80.125 79.18060796608387 9.99
      vertex 80.49808732224301 78.93832222609353 9.99
      vertex 80.49808732224301 78.93832222609353 60
    endloop
  endfacet
  facet normal -0.629320391049847 -0.7771459614569629 0
    outer loop
      vertex 80.49808732224301 78.93832222609353 9.99
      vertex 80.84380507702515 78.65836550827892 9.99
      vertex 80.84380507702515 78.65836550827892 60
    endloop
  endfacet
  facet normal -0.7771459614569629 -0.629320391049847 0
    outer loop
      vertex 81.43832222609353 77.99808732224301 9.99
      vertex 81.43832222609353 77.99808732224301 60
      vertex 81.15836550827892 78.34380507702515 9.99
    endloop
  endfacet
  facet normal -0.7071067811865476 -0.7071067811865476 0
    outer loop
      vertex 81.15836550827892 78.34380507702515 9.99
      vertex 81.15836550827892 78.34380507702515 60
      vertex 80.84380507702515 78.65836550827892 9.99
    endloop
  endfacet
  facet normal -0.9335804264972004 -0.35836794954530393 0
    outer loop
      vertex 81.88256819498105 77.22863073307215 9.99
      vertex 82.0419901942544 76.81332222609353 9.99
      vertex 82.0419901942544 76.81332222609353 60
    endloop
  endfacet
  facet normal 1 0 0
    outer loop
      vertex 90 81.5 2
      vertex 90 87.5 41.25
      vertex 90 81.5 41.25
    endloop
  endfacet
  facet normal 0 1 0
    outer loop
      vertex 107.5 87.5 20
      vertex 107.5 87.5 41.25
      vertex 119.5 87.5 20
    endloop
  endfacet
  facet normal -0.913545455693305 -0.4067366474539906 0
    outer loop
      vertex 67.00930194556713 70.6925001963973 2
      vertex 67.07311893254519 70.54916489869356 60
      vertex 67.00930194556713 70.6925001963973 60
    endloop
  endfacet
  facet normal -0.9335804257759017 -0.35836795142435096 0
    outer loop
      vertex 66.61547440290451 71.7184560149908 2
      vertex 67.00930194556713 70.6925001963973 60
      vertex 66.61547440290451 71.7184560149908 60
    endloop
  endfacet
  facet normal -0.9510565172324066 -0.30901699149037953 0
    outer loop
      vertex 66.56698954105377 71.86767707765102 2
      vertex 66.61547440290451 71.7184560149908 60
      vertex 66.56698954105377 71.86767707765102 60
    endloop
  endfacet
  facet normal -0.9781475988388045 -0.20791169973303814 0
    outer loop
      vertex 66.24993965029716 73.0826502814889 2
      vertex 66.28256103396416 72.92917874455452 60
      vertex 66.24993965029716 73.0826502814889 60
    endloop
  endfacet
  facet normal -0.9876883405604088 -0.15643446525950055 0
    outer loop
      vertex 66.07802638411522 74.16806792467833 2
      vertex 66.24993965029716 73.0826502814889 60
      vertex 66.07802638411522 74.16806792467833 60
    endloop
  endfacet
  facet normal -0.9659258279546319 -0.25881903888655244 0
    outer loop
      vertex 66.28256103396416 72.92917874455452 2
      vertex 66.56698954105377 71.86767707765102 60
      vertex 66.28256103396416 72.92917874455452 60
    endloop
  endfacet
  facet normal -0.9945218942654319 -0.10452847376048861 0
    outer loop
      vertex 66.06162586063147 74.324108466506 2
      vertex 66.07802638411522 74.16806792467833 60
      vertex 66.06162586063147 74.324108466506 60
    endloop
  endfacet
  facet normal -0.9986295348939128 -0.052335953584199485 0
    outer loop
      vertex 66.00411139428616 75.4215499162674 2
      vertex 66.06162586063147 74.324108466506 60
      vertex 66.00411139428616 75.4215499162674 60
    endloop
  endfacet
  facet normal -1 0 0
    outer loop
      vertex 66.00411139428616 75.57845007628202 2
      vertex 66.00411139428616 75.4215499162674 60
      vertex 66.00411139428616 75.57845007628202 60
    endloop
  endfacet
  facet normal -0.9986295349511297 0.05233595249243526 0
    outer loop
      vertex 66.06162585318089 76.67589140683413 2
      vertex 66.00411139428616 75.57845007628202 60
      vertex 66.06162585318089 76.67589140683413 60
    endloop
  endfacet
  facet normal -0.9945218960590235 0.1045284566956052 0
    outer loop
      vertex 66.07802639901638 76.83193218708038 2
      vertex 66.06162585318089 76.67589140683413 60
      vertex 66.07802639901638 76.83193218708038 60
    endloop
  endfacet
  facet normal -0.9876883400008707 0.15643446879228512 0
    outer loop
      vertex 66.24993965029716 77.91734971106052 2
      vertex 66.07802639901638 76.83193218708038 60
      vertex 66.24993965029716 77.91734971106052 60
    endloop
  endfacet
  facet normal -0.9781475988388045 0.20791169973303814 0
    outer loop
      vertex 66.28256103396416 78.0708212479949 2
      vertex 66.24993965029716 77.91734971106052 60
      vertex 66.28256103396416 78.0708212479949 60
    endloop
  endfacet
  facet normal -0.9659258271680096 0.2588190418222672 0
    outer loop
      vertex 66.56698954850435 79.13232292979956 2
      vertex 66.28256103396416 78.0708212479949 60
      vertex 66.56698954850435 79.13232292979956 60
    endloop
  endfacet
  facet normal -0.9510565224714396 0.30901697536629286 0
    outer loop
      vertex 66.61547439545393 79.28154395520687 2
      vertex 66.56698954850435 79.13232292979956 60
      vertex 66.61547439545393 79.28154395520687 60
    endloop
  endfacet
  facet normal -0.9335804208252607 0.3583679643212113 0
    outer loop
      vertex 66.67050215601921 79.42489616572857 2
      vertex 66.61547439545393 79.28154395520687 60
      vertex 66.67050215601921 79.42489616572857 60
    endloop
  endfacet
  facet normal -0.9510565170221443 0.3090169921374998 0
    outer loop
      vertex 66.76753835380077 79.72354287654161 2
      vertex 66.67050215601921 79.42489616572857 60
      vertex 66.76753835380077 79.72354287654161 60
    endloop
  endfacet
  facet normal -0.9781476048685016 0.20791167136554337 0
    outer loop
      vertex 66.83282589167356 80.03069662302732 2
      vertex 66.76753835380077 79.72354287654161 60
      vertex 66.83282589167356 80.03069662302732 60
    endloop
  endfacet
  facet normal -0.9945218945377534 0.10452847116952206 0
    outer loop
      vertex 66.86564947664738 80.34299214929342 2
      vertex 66.83282589167356 80.03069662302732 60
      vertex 66.86564947664738 80.34299214929342 60
    endloop
  endfacet
  facet normal -1 0 0
    outer loop
      vertex 66.86564947664738 80.65700788795948 2
      vertex 66.86564947664738 80.34299214929342 60
      vertex 66.86564947664738 80.65700788795948 60
    endloop
  endfacet
  facet normal -0.9945218945377534 -0.10452847116952206 0
    outer loop
      vertex 66.83282589167356 80.96930341422558 2
      vertex 66.86564947664738 80.65700788795948 60
      vertex 66.83282589167356 80.96930341422558 60
    endloop
  endfacet
  facet normal -0.9781475990175839 -0.20791169889194822 0
    outer loop
      vertex 66.7675383463502 81.27645715326071 2
      vertex 66.83282589167356 80.96930341422558 60
      vertex 66.7675383463502 81.27645715326071 60
    endloop
  endfacet
  facet normal -0.95105651004902 -0.3090170135985689 0
    outer loop
      vertex 66.67050214111805 81.57510386407375 2
      vertex 66.7675383463502 81.27645715326071 60
      vertex 66.67050214111805 81.57510386407375 60
    endloop
  endfacet
  facet normal -0.9135454592940316 -0.40673663936662624 0
    outer loop
      vertex 66.54278043657541 81.86197151243687 2
      vertex 66.67050214111805 81.57510386407375 60
      vertex 66.54278043657541 81.86197151243687 60
    endloop
  endfacet
  facet normal -0.3090169921374998 -0.9510565170221443 0
    outer loop
      vertex 64.64621799439192 83.39777748286724 2
      vertex 64.94486470520496 83.30074128508568 60
      vertex 64.64621799439192 83.39777748286724 60
    endloop
  endfacet
  facet normal -0.40673663936662624 -0.9135454592940316 0
    outer loop
      vertex 64.94486470520496 83.30074128508568 2
      vertex 65.23173235356808 83.17301958054304 60
      vertex 64.94486470520496 83.30074128508568 60
    endloop
  endfacet
  facet normal -0.4999999859045104 -0.8660254119224732 0
    outer loop
      vertex 65.23173235356808 83.17301958054304 2
      vertex 65.50367796421051 83.0160117149353 60
      vertex 65.23173235356808 83.17301958054304 60
    endloop
  endfacet
  facet normal -0.02617694208405647 -0.9996573251385336 0
    outer loop
      vertex 63.86976087093353 83.5 2
      vertex 64.02676872164011 83.49588860571384 60
      vertex 63.86976087093353 83.5 60
    endloop
  endfacet
  facet normal -0.10452847116952206 -0.9945218945377534 0
    outer loop
      vertex 64.02676872164011 83.49588860571384 2
      vertex 64.33906424790621 83.46306502074003 60
      vertex 64.02676872164011 83.49588860571384 60
    endloop
  endfacet
  facet normal -0.20791167136554337 -0.9781476048685016 0
    outer loop
      vertex 64.33906424790621 83.46306502074003 2
      vertex 64.64621799439192 83.39777748286724 60
      vertex 64.33906424790621 83.46306502074003 60
    endloop
  endfacet
  facet normal -0.809016993965044 -0.5877852528566571 0
    outer loop
      vertex 66.20119874179363 82.3879611864686 2
      vertex 66.3857725635171 82.13391711562872 60
      vertex 66.20119874179363 82.3879611864686 60
    endloop
  endfacet
  facet normal -0.7431448177612163 -0.669130614928542 0
    outer loop
      vertex 65.99108120054007 82.62132035195827 2
      vertex 66.20119874179363 82.3879611864686 60
      vertex 65.99108120054007 82.62132035195827 60
    endloop
  endfacet
  facet normal -0.5877852528566571 -0.809016993965044 0
    outer loop
      vertex 65.50367796421051 83.0160117149353 2
      vertex 65.75772203505039 82.83143789321184 60
      vertex 65.50367796421051 83.0160117149353 60
    endloop
  endfacet
  facet normal -0.669130614928542 -0.7431448177612163 0
    outer loop
      vertex 65.75772203505039 82.83143789321184 2
      vertex 65.99108120054007 82.62132035195827 60
      vertex 65.75772203505039 82.83143789321184 60
    endloop
  endfacet
  facet normal -0.8660253957167849 -0.500000013973586 0
    outer loop
      vertex 66.3857725635171 82.13391711562872 2
      vertex 66.54278043657541 81.86197151243687 60
      vertex 66.3857725635171 82.13391711562872 60
    endloop
  endfacet
  facet normal 0 0 1
    outer loop
      vertex -84 87.5 60
      vertex 64.02676872164011 83.49588860571384 60
      vertex 84 87.5 60
    endloop
  endfacet
  facet normal -1 0 0
    outer loop
      vertex 86 -61.36976087093353 60
      vertex 86 61.36976087093353 60
      vertex 86 61.36976087093353 2
    endloop
  endfacet
  facet normal 0.9995065604716248 0 -0.03141075570855091
    outer loop
      vertex 90.01726612448692 -87.5 41.7994170486927
      vertex 90 81.5 41.25
      vertex 90 87.5 41.25
    endloop
  endfacet
  facet normal 0.9995065604716248 0 -0.03141075570855091
    outer loop
      vertex 90.01726612448692 -87.5 41.7994170486927
      vertex 90 87.5 41.25
      vertex 90.01726612448692 87.5 41.7994170486927
    endloop
  endfacet
  facet normal 0.9955619644215613 0 -0.09410831523878214
    outer loop
      vertex 90.06899636238813 -87.5 42.34666579216719
      vertex 90.01726612448692 87.5 41.7994170486927
      vertex 90.06899636238813 87.5 42.34666579216719
    endloop
  endfacet
  facet normal 0.9876883411784286 0 -0.1564344613574773
    outer loop
      vertex 90.15498655289412 -87.5 42.8895865008235
      vertex 90.06899636238813 87.5 42.34666579216719
      vertex 90.15498655289412 87.5 42.8895865008235
    endloop
  endfacet
  facet normal 0.9759167622122363 0 -0.21814324017302333
    outer loop
      vertex 90.27489733695984 -87.5 43.42603651434183
      vertex 90.15498655289412 87.5 42.8895865008235
      vertex 90.27489733695984 87.5 43.42603651434183
    endloop
  endfacet
  facet normal 0.960293682988573 0 -0.2789911152926592
    outer loop
      vertex 90.42825548350811 -87.5 43.95389869809151
      vertex 90.27489733695984 87.5 43.42603651434183
      vertex 90.42825548350811 87.5 43.95389869809151
    endloop
  endfacet
  facet normal 0.9408807673305823 0 -0.3387379247551335
    outer loop
      vertex 90.61445575207472 -87.5 44.47108983248472
      vertex 90.42825548350811 87.5 43.95389869809151
      vertex 90.61445575207472 87.5 44.47108983248472
    endloop
  endfacet
  facet normal 0.9177546284213205 0 -0.3971478843091627
    outer loop
      vertex 90.83276329189539 -87.5 44.97556880116463
      vertex 90.61445575207472 87.5 44.47108983248472
      vertex 90.83276329189539 87.5 44.97556880116463
    endloop
  endfacet
  facet normal -0.9995065604716248 0 -0.03141075570855091
    outer loop
      vertex 107.5 -87.5 41.25
      vertex 107.48273387551308 87.5 41.7994170486927
      vertex 107.5 87.5 41.25
    endloop
  endfacet
  facet normal -0.9955619644215613 0 -0.09410831523878214
    outer loop
      vertex 107.48273387551308 -87.5 41.7994170486927
      vertex 107.43100363761187 87.5 42.34666579216719
      vertex 107.48273387551308 87.5 41.7994170486927
    endloop
  endfacet
  facet normal -0.9876883411784286 0 -0.1564344613574773
    outer loop
      vertex 107.43100363761187 -87.5 42.34666579216719
      vertex 107.34501344710588 87.5 42.8895865008235
      vertex 107.43100363761187 87.5 42.34666579216719
    endloop
  endfacet
  facet normal -0.9759167622122363 0 -0.21814324017302333
    outer loop
      vertex 107.34501344710588 -87.5 42.8895865008235
      vertex 107.22510266304016 87.5 43.42603651434183
      vertex 107.34501344710588 87.5 42.8895865008235
    endloop
  endfacet
  facet normal -0.960293682988573 0 -0.2789911152926592
    outer loop
      vertex 107.22510266304016 -87.5 43.42603651434183
      vertex 107.07174451649189 87.5 43.95389869809151
      vertex 107.22510266304016 87.5 43.42603651434183
    endloop
  endfacet
  facet normal -0.9408807673305823 0 -0.3387379247551335
    outer loop
      vertex 107.07174451649189 -87.5 43.95389869809151
      vertex 106.88554424792528 87.5 44.47108983248472
      vertex 107.07174451649189 87.5 43.95389869809151
    endloop
  endfacet
  facet normal -0.9177546284213205 0 -0.3971478843091627
    outer loop
      vertex 106.88554424792528 -87.5 44.47108983248472
      vertex 106.66723670810461 87.5 44.97556880116463
      vertex 106.88554424792528 87.5 44.47108983248472
    endloop
  endfacet
  facet normal 1 0 0
    outer loop
      vertex 119.5 -87.5 56
      vertex 119.5 87.5 20
      vertex 119.5 87.5 56
    endloop
  endfacet
  facet normal 0 0 1
    outer loop
      vertex 89.70325589796629 -70.90106027564565 60
      vertex 87 66.40232065320015 60
      vertex 86 61.36976087093353 60
    endloop
  endfacet
  facet normal 0.891006525135579 0 -0.4539904978805403
    outer loop
      vertex 91.08231654763222 -87.5 45.46534464508295
      vertex 90.83276329189539 87.5 44.97556880116463
      vertex 91.08231654763222 87.5 45.46534464508295
    endloop
  endfacet
  facet normal 0.8607420273465193 0 -0.5090414151711077
    outer loop
      vertex 91.36213064938784 -87.5 45.93848445266485
      vertex 91.08231654763222 87.5 45.46534464508295
      vertex 91.36213064938784 87.5 45.93848445266485
    endloop
  endfacet
  facet normal 0.8270805729252565 0 -0.5620833798375731
    outer loop
      vertex 91.6711013019085 -87.5 46.39312095940113
      vertex 91.36213064938784 87.5 45.93848445266485
      vertex 91.6711013019085 87.5 46.39312095940113
    endloop
  endfacet
  facet normal 0.7901550103559877 0 -0.6129070562567616
    outer loop
      vertex 92.00800912827253 -87.5 46.827459909021854
      vertex 91.6711013019085 87.5 46.39312095940113
      vertex 92.00800912827253 87.5 46.827459909021854
    endloop
  endfacet
  facet normal 0.7501110700208743 0 -0.6613118648808132
    outer loop
      vertex 92.37152451276779 -87.5 47.23978717625141
      vertex 92.00800912827253 87.5 46.827459909021854
      vertex 92.37152451276779 87.5 47.23978717625141
    endloop
  endfacet
  facet normal 0.7071067811865475 0 -0.7071067811865475
    outer loop
      vertex 92.76021282374859 -87.5 47.62847548723221
      vertex 92.37152451276779 87.5 47.23978717625141
      vertex 92.76021282374859 87.5 47.62847548723221
    endloop
  endfacet
  facet normal 0.6613118648808132 0 -0.7501110700208743
    outer loop
      vertex 93.17254009097815 -87.5 47.99199087172747
      vertex 92.76021282374859 87.5 47.62847548723221
      vertex 93.17254009097815 87.5 47.99199087172747
    endloop
  endfacet
  facet normal 0 0 1
    outer loop
      vertex 89.70325589796629 -70.90106027564565 60
      vertex 87 86.69615242630243 60
      vertex 87 66.40232065320015 60
    endloop
  endfacet
  facet normal 0.6129070562567616 0 -0.7901550103559877
    outer loop
      vertex 93.60687904059887 -87.5 48.32889869809151
      vertex 93.17254009097815 87.5 47.99199087172747
      vertex 93.60687904059887 87.5 48.32889869809151
    endloop
  endfacet
  facet normal 0.5620833798375731 0 -0.8270805729252565
    outer loop
      vertex 94.06151554733515 -87.5 48.63786935061216
      vertex 93.60687904059887 87.5 48.32889869809151
      vertex 94.06151554733515 87.5 48.63786935061216
    endloop
  endfacet
  facet normal -0.8607420273465193 0 -0.5090414151711077
    outer loop
      vertex 106.41768345236778 -87.5 45.46534464508295
      vertex 106.13786935061216 87.5 45.93848445266485
      vertex 106.41768345236778 87.5 45.46534464508295
    endloop
  endfacet
  facet normal -0.8270805729252565 0 -0.5620833798375731
    outer loop
      vertex 106.13786935061216 -87.5 45.93848445266485
      vertex 105.8288986980915 87.5 46.39312095940113
      vertex 106.13786935061216 87.5 45.93848445266485
    endloop
  endfacet
  facet normal -0.7901550103559877 0 -0.6129070562567616
    outer loop
      vertex 105.8288986980915 -87.5 46.39312095940113
      vertex 105.49199087172747 87.5 46.827459909021854
      vertex 105.8288986980915 87.5 46.39312095940113
    endloop
  endfacet
  facet normal -0.6613118648808132 0 -0.7501110700208743
    outer loop
      vertex 104.73978717625141 -87.5 47.62847548723221
      vertex 104.32745990902185 87.5 47.99199087172747
      vertex 104.73978717625141 87.5 47.62847548723221
    endloop
  endfacet
  facet normal -0.7501110700208743 0 -0.6613118648808132
    outer loop
      vertex 105.49199087172747 -87.5 46.827459909021854
      vertex 105.12847548723221 87.5 47.23978717625141
      vertex 105.49199087172747 87.5 46.827459909021854
    endloop
  endfacet
  facet normal -0.7071067811865475 0 -0.7071067811865475
    outer loop
      vertex 105.12847548723221 -87.5 47.23978717625141
      vertex 104.73978717625141 87.5 47.62847548723221
      vertex 105.12847548723221 87.5 47.23978717625141
    endloop
  endfacet
  facet normal -0.6129070562567616 0 -0.7901550103559877
    outer loop
      vertex 104.32745990902185 -87.5 47.99199087172747
      vertex 103.89312095940113 87.5 48.32889869809151
      vertex 104.32745990902185 87.5 47.99199087172747
    endloop
  endfacet
  facet normal -0.5620833798375731 0 -0.8270805729252565
    outer loop
      vertex 103.89312095940113 -87.5 48.32889869809151
      vertex 103.43848445266485 87.5 48.63786935061216
      vertex 103.89312095940113 87.5 48.32889869809151
    endloop
  endfacet
  facet normal -0.5090414151711077 0 -0.8607420273465193
    outer loop
      vertex 103.43848445266485 -87.5 48.63786935061216
      vertex 102.96534464508295 87.5 48.91768345236778
      vertex 103.43848445266485 87.5 48.63786935061216
    endloop
  endfacet
  facet normal 0.5090414151711077 0 -0.8607420273465193
    outer loop
      vertex 94.53465535491705 -87.5 48.91768345236778
      vertex 94.06151554733515 87.5 48.63786935061216
      vertex 94.53465535491705 87.5 48.91768345236778
    endloop
  endfacet
  facet normal 0.4539904978805403 0 -0.891006525135579
    outer loop
      vertex 95.02443119883537 -87.5 49.16723670810461
      vertex 94.53465535491705 87.5 48.91768345236778
      vertex 95.02443119883537 87.5 49.16723670810461
    endloop
  endfacet
  facet normal 0.3971478843091627 0 -0.9177546284213205
    outer loop
      vertex 95.52891016751528 -87.5 49.38554424792528
      vertex 95.02443119883537 87.5 49.16723670810461
      vertex 95.52891016751528 87.5 49.38554424792528
    endloop
  endfacet
  facet normal 0.3387379247551335 0 -0.9408807673305823
    outer loop
      vertex 96.0461013019085 -87.5 49.57174451649189
      vertex 95.52891016751528 87.5 49.38554424792528
      vertex 96.0461013019085 87.5 49.57174451649189
    endloop
  endfacet
  facet normal 0.2789911152926592 0 -0.960293682988573
    outer loop
      vertex 96.57396348565817 -87.5 49.72510266304016
      vertex 96.0461013019085 87.5 49.57174451649189
      vertex 96.57396348565817 87.5 49.72510266304016
    endloop
  endfacet
  facet normal 0.21814324017302333 0 -0.9759167622122363
    outer loop
      vertex 97.1104134991765 -87.5 49.845013447105885
      vertex 96.57396348565817 87.5 49.72510266304016
      vertex 97.1104134991765 87.5 49.845013447105885
    endloop
  endfacet
  facet normal 0.1564344613574773 0 -0.9876883411784286
    outer loop
      vertex 97.65333420783281 -87.5 49.931003637611866
      vertex 97.1104134991765 87.5 49.845013447105885
      vertex 97.65333420783281 87.5 49.931003637611866
    endloop
  endfacet
  facet normal 0.09410831523878214 0 -0.9955619644215613
    outer loop
      vertex 98.2005829513073 -87.5 49.98273387551308
      vertex 97.65333420783281 87.5 49.931003637611866
      vertex 98.2005829513073 87.5 49.98273387551308
    endloop
  endfacet
  facet normal 0.03141075570855091 0 -0.9995065604716248
    outer loop
      vertex 98.75 -87.5 50
      vertex 98.2005829513073 87.5 49.98273387551308
      vertex 98.75 87.5 50
    endloop
  endfacet
  facet normal -0.03141075570855091 0 -0.9995065604716248
    outer loop
      vertex 99.2994170486927 -87.5 49.98273387551308
      vertex 98.75 87.5 50
      vertex 99.2994170486927 87.5 49.98273387551308
    endloop
  endfacet
  facet normal -0.09410831523878214 0 -0.9955619644215613
    outer loop
      vertex 99.84666579216719 -87.5 49.931003637611866
      vertex 99.2994170486927 87.5 49.98273387551308
      vertex 99.84666579216719 87.5 49.931003637611866
    endloop
  endfacet
  facet normal -0.2789911152926592 0 -0.960293682988573
    outer loop
      vertex 101.4538986980915 -87.5 49.57174451649189
      vertex 100.92603651434183 87.5 49.72510266304016
      vertex 101.4538986980915 87.5 49.57174451649189
    endloop
  endfacet
  facet normal -0.4539904978805403 0 -0.891006525135579
    outer loop
      vertex 102.96534464508295 -87.5 48.91768345236778
      vertex 102.47556880116463 87.5 49.16723670810461
      vertex 102.96534464508295 87.5 48.91768345236778
    endloop
  endfacet
  facet normal -0.3387379247551335 0 -0.9408807673305823
    outer loop
      vertex 101.97108983248472 -87.5 49.38554424792528
      vertex 101.4538986980915 87.5 49.57174451649189
      vertex 101.97108983248472 87.5 49.38554424792528
    endloop
  endfacet
  facet normal -0.3971478843091627 0 -0.9177546284213205
    outer loop
      vertex 102.47556880116463 -87.5 49.16723670810461
      vertex 101.97108983248472 87.5 49.38554424792528
      vertex 102.47556880116463 87.5 49.16723670810461
    endloop
  endfacet
  facet normal -0.1564344613574773 0 -0.9876883411784286
    outer loop
      vertex 100.3895865008235 -87.5 49.845013447105885
      vertex 99.84666579216719 87.5 49.931003637611866
      vertex 100.3895865008235 87.5 49.845013447105885
    endloop
  endfacet
  facet normal -0.21814324017302333 0 -0.9759167622122363
    outer loop
      vertex 100.92603651434183 -87.5 49.72510266304016
      vertex 100.3895865008235 87.5 49.845013447105885
      vertex 100.92603651434183 87.5 49.72510266304016
    endloop
  endfacet
  facet normal -0.891006525135579 0 -0.4539904978805403
    outer loop
      vertex 106.66723670810461 -87.5 44.97556880116463
      vertex 106.41768345236778 87.5 45.46534464508295
      vertex 106.66723670810461 87.5 44.97556880116463
    endloop
  endfacet
  facet normal 0 0 1
    outer loop
      vertex 89.70325589796629 -70.90106027564565 60
      vertex 115.5 87.5 60
      vertex 87 86.69615242630243 60
    endloop
  endfacet
  facet normal 0.7071067811865475 0 0.7071067811865475
    outer loop
      vertex 115.5 -87.5 60
      vertex 119.5 87.5 56
      vertex 115.5 87.5 60
    endloop
  endfacet
  facet normal -0.5446390353737932 -0.8386705677124385 0
    outer loop
      vertex 71.01246091723442 65.74901052564383 2
      vertex 71.93411602079868 65.15048070251942 60
      vertex 71.01246091723442 65.74901052564383 60
    endloop
  endfacet
  facet normal -0.4999999931753902 -0.866025407724629 0
    outer loop
      vertex 71.93411602079868 65.15048070251942 2
      vertex 72.06999537348747 65.07203072309494 60
      vertex 71.93411602079868 65.15048070251942 60
    endloop
  endfacet
  facet normal -0.45399049835820615 -0.891006524892196 0
    outer loop
      vertex 72.06999537348747 65.07203072309494 2
      vertex 73.04916489869356 64.57311893254519 60
      vertex 72.06999537348747 65.07203072309494 60
    endloop
  endfacet
  facet normal -0.4067366344303633 -0.9135454614917974 0
    outer loop
      vertex 73.04916489869356 64.57311893254519 2
      vertex 73.19250015169382 64.50930196791887 60
      vertex 73.04916489869356 64.57311893254519 60
    endloop
  endfacet
  facet normal -0.35836795148206757 -0.9335804257537463 0
    outer loop
      vertex 73.19250015169382 64.50930196791887 2
      vertex 74.21845606714487 64.11547438800335 60
      vertex 73.19250015169382 64.50930196791887 60
    endloop
  endfacet
  facet normal -0.309016988237967 -0.9510565182891794 0
    outer loop
      vertex 74.21845606714487 64.11547438800335 2
      vertex 74.36767706274986 64.06698954850435 60
      vertex 74.21845606714487 64.11547438800335 60
    endloop
  endfacet
  facet normal -0.2588190418222672 -0.9659258271680096 0
    outer loop
      vertex 74.36767706274986 64.06698954850435 2
      vertex 75.42917874455452 63.78256103396416 60
      vertex 74.36767706274986 64.06698954850435 60
    endloop
  endfacet
  facet normal -0.20791169973303814 -0.9781475988388045 0
    outer loop
      vertex 75.42917874455452 63.78256103396416 2
      vertex 75.5826502814889 63.749939650297165 60
      vertex 75.42917874455452 63.78256103396416 60
    endloop
  endfacet
  facet normal -0.15643446879228512 -0.9876883400008707 0
    outer loop
      vertex 75.5826502814889 63.749939650297165 2
      vertex 76.66806780546904 63.57802639901638 60
      vertex 75.5826502814889 63.749939650297165 60
    endloop
  endfacet
  facet normal -0.1045284566956052 -0.9945218960590235 0
    outer loop
      vertex 76.66806780546904 63.57802639901638 2
      vertex 76.8241085857153 63.561625853180885 60
      vertex 76.66806780546904 63.57802639901638 60
    endloop
  endfacet
  facet normal -0.05233595213809724 -0.9986295349696998 0
    outer loop
      vertex 76.8241085857153 63.561625853180885 2
      vertex 77.92154992371798 63.504111394286156 60
      vertex 76.8241085857153 63.561625853180885 60
    endloop
  endfacet
  facet normal 0 -1 0
    outer loop
      vertex 77.92154992371798 63.504111394286156 2
      vertex 78.07845007628202 63.504111394286156 60
      vertex 77.92154992371798 63.504111394286156 60
    endloop
  endfacet
  facet normal 0.052335953584199485 -0.9986295348939128 0
    outer loop
      vertex 78.07845007628202 63.504111394286156 2
      vertex 79.17589152604342 63.561625860631466 60
      vertex 78.07845007628202 63.504111394286156 60
    endloop
  endfacet
  facet normal 0.10452847376048861 -0.9945218942654319 0
    outer loop
      vertex 79.17589152604342 63.561625860631466 2
      vertex 79.3319320678711 63.57802638411522 60
      vertex 79.17589152604342 63.561625860631466 60
    endloop
  endfacet
  facet normal 0.15643446525950055 -0.9876883405604088 0
    outer loop
      vertex 79.3319320678711 63.57802638411522 2
      vertex 80.41734971106052 63.749939650297165 60
      vertex 79.3319320678711 63.57802638411522 60
    endloop
  endfacet
  facet normal 0.20791169973303814 -0.9781475988388045 0
    outer loop
      vertex 80.41734971106052 63.749939650297165 2
      vertex 80.5708212479949 63.78256103396416 60
      vertex 80.41734971106052 63.749939650297165 60
    endloop
  endfacet
  facet normal 0.25881903888655244 -0.9659258279546319 0
    outer loop
      vertex 80.5708212479949 63.78256103396416 2
      vertex 81.6323229148984 64.06698954105377 60
      vertex 80.5708212479949 63.78256103396416 60
    endloop
  endfacet
  facet normal 0.3090170204861316 -0.9510565078111152 0
    outer loop
      vertex 81.6323229148984 64.06698954105377 2
      vertex 81.7815439850092 64.11547441035509 60
      vertex 81.6323229148984 64.06698954105377 60
    endloop
  endfacet
  facet normal 0.3583679382646259 -0.933580430827447 0
    outer loop
      vertex 81.7815439850092 64.11547441035509 2
      vertex 81.92489618808031 64.17050216346979 60
      vertex 81.7815439850092 64.11547441035509 60
    endloop
  endfacet
  facet normal 0.33380684456549964 -0.9426414962864854 0
    outer loop
      vertex 81.92489618808031 64.17050216346979 2
      vertex 82.07294901460409 64.2229304164648 60
      vertex 81.92489618808031 64.17050216346979 60
    endloop
  endfacet
  facet normal 0.25881905464550803 -0.9659258237320325 0
    outer loop
      vertex 82.07294901460409 64.2229304164648 2
      vertex 82.37626492977142 64.3042036741972 60
      vertex 82.07294901460409 64.2229304164648 60
    endloop
  endfacet
  facet normal 0.15643447077382908 -0.987688339687025 0
    outer loop
      vertex 82.37626492977142 64.3042036741972 2
      vertex 82.68641460686922 64.35332655906677 60
      vertex 82.37626492977142 64.3042036741972 60
    endloop
  endfacet
  facet normal 0.052335949247149044 -0.998629535121208 0
    outer loop
      vertex 82.68641460686922 64.35332655906677 2
      vertex 83 64.36976087093353 60
      vertex 82.68641460686922 64.35332655906677 60
    endloop
  endfacet
  facet normal -0.052335949247149044 -0.998629535121208 0
    outer loop
      vertex 83 64.36976087093353 2
      vertex 83.31358539313078 64.35332655906677 60
      vertex 83 64.36976087093353 60
    endloop
  endfacet
  facet normal -0.15643447077382908 -0.987688339687025 0
    outer loop
      vertex 83.31358539313078 64.35332655906677 2
      vertex 83.62373507022858 64.3042036741972 60
      vertex 83.31358539313078 64.35332655906677 60
    endloop
  endfacet
  facet normal -0.9659258237320325 -0.25881905464550803 0
    outer loop
      vertex 85.85316954553127 62.29681185632944 2
      vertex 85.93444280326366 61.99349594116211 60
      vertex 85.85316954553127 62.29681185632944 60
    endloop
  endfacet
  facet normal -0.9335804259992488 -0.358367950842512 0
    outer loop
      vertex 85.7406363710761 62.58997079730034 2
      vertex 85.85316954553127 62.29681185632944 60
      vertex 85.7406363710761 62.58997079730034 60
    endloop
  endfacet
  facet normal -0.8910065259684402 -0.45399049624595805 0
    outer loop
      vertex 85.59807620942593 62.86976087093353 2
      vertex 85.7406363710761 62.58997079730034 60
      vertex 85.59807620942593 62.86976087093353 60
    endloop
  endfacet
  facet normal -0.998629535121208 -0.052335949247149044 0
    outer loop
      vertex 85.98356568813324 61.68334626406431 2
      vertex 86 61.36976087093353 60
      vertex 85.98356568813324 61.68334626406431 60
    endloop
  endfacet
  facet normal -0.987688339687025 -0.15643447077382908 0
    outer loop
      vertex 85.93444280326366 61.99349594116211 2
      vertex 85.98356568813324 61.68334626406431 60
      vertex 85.93444280326366 61.99349594116211 60
    endloop
  endfacet
  facet normal -0.358367950842512 -0.9335804259992488 0
    outer loop
      vertex 83.92705098539591 64.2229304164648 2
      vertex 84.2202099263668 64.11039724200964 60
      vertex 83.92705098539591 64.2229304164648 60
    endloop
  endfacet
  facet normal -0.7071067811865476 -0.7071067811865476 0
    outer loop
      vertex 85.00739181786776 63.59919534623623 2
      vertex 85.2294344753027 63.37715268880129 60
      vertex 85.00739181786776 63.59919534623623 60
    endloop
  endfacet
  facet normal -0.5446390293369446 -0.8386705716328138 0
    outer loop
      vertex 84.5 63.96783708035946 2
      vertex 84.76335575431585 63.79681185632944 60
      vertex 84.5 63.96783708035946 60
    endloop
  endfacet
  facet normal -0.45399049624595805 -0.8910065259684402 0
    outer loop
      vertex 84.2202099263668 64.11039724200964 2
      vertex 84.5 63.96783708035946 60
      vertex 84.2202099263668 64.11039724200964 60
    endloop
  endfacet
  facet normal -0.629320395483342 -0.7771459578667895 0
    outer loop
      vertex 84.76335575431585 63.79681185632944 2
      vertex 85.00739181786776 63.59919534623623 60
      vertex 84.76335575431585 63.79681185632944 60
    endloop
  endfacet
  facet normal -0.25881905464550803 -0.9659258237320325 0
    outer loop
      vertex 83.62373507022858 64.3042036741972 2
      vertex 83.92705098539591 64.2229304164648 60
      vertex 83.62373507022858 64.3042036741972 60
    endloop
  endfacet
  facet normal -0.8386705716328138 -0.5446390293369446 0
    outer loop
      vertex 85.42705098539591 63.133116625249386 2
      vertex 85.59807620942593 62.86976087093353 60
      vertex 85.42705098539591 63.133116625249386 60
    endloop
  endfacet
  facet normal -0.7771459578667895 -0.629320395483342 0
    outer loop
      vertex 85.2294344753027 63.37715268880129 2
      vertex 85.42705098539591 63.133116625249386 60
      vertex 85.2294344753027 63.37715268880129 60
    endloop
  endfacet
  facet normal 0 1 0
    outer loop
      vertex 87 87.5 0
      vertex 87 87.5 60
      vertex 90 87.5 41.25
    endloop
  endfacet
  facet normal -0.777145965165893 -0.6293203864697001 0
    outer loop
      vertex 68.3412339836359 68.38552622497082 2
      vertex 69.03282410651445 67.53148353844881 60
      vertex 68.3412339836359 68.38552622497082 60
    endloop
  endfacet
  facet normal -0.6293203872485708 -0.7771459645351759 0
    outer loop
      vertex 70.03148353099823 66.53282411396503 2
      vertex 70.88552622497082 65.8412339836359 60
      vertex 70.03148353099823 66.53282411396503 60
    endloop
  endfacet
  facet normal -0.6691306042468929 -0.7431448273790162 0
    outer loop
      vertex 69.91488402336836 66.63781078159809 2
      vertex 70.03148353099823 66.53282411396503 60
      vertex 69.91488402336836 66.63781078159809 60
    endloop
  endfacet
  facet normal -0.7431448226754975 -0.6691306094706797 0
    outer loop
      vertex 69.03282410651445 67.53148353844881 2
      vertex 69.13781078904867 67.41488401591778 60
      vertex 69.03282410651445 67.53148353844881 60
    endloop
  endfacet
  facet normal -0.7071067811865476 -0.7071067811865476 0
    outer loop
      vertex 69.13781078904867 67.41488401591778 2
      vertex 69.91488402336836 66.63781078159809 60
      vertex 69.13781078904867 67.41488401591778 60
    endloop
  endfacet
  facet normal -0.8386705677124385 -0.5446390353737932 0
    outer loop
      vertex 67.65048070251942 69.43411602079868 2
      vertex 68.24901052564383 68.51246091723442 60
      vertex 67.65048070251942 69.43411602079868 60
    endloop
  endfacet
  facet normal -0.866025407724629 -0.4999999931753902 0
    outer loop
      vertex 67.57203072309494 69.56999537348747 2
      vertex 67.65048070251942 69.43411602079868 60
      vertex 67.57203072309494 69.56999537348747 60
    endloop
  endfacet
  facet normal -0.8090169768470806 -0.5877852764175114 0
    outer loop
      vertex 68.24901052564383 68.51246091723442 2
      vertex 68.3412339836359 68.38552622497082 60
      vertex 68.24901052564383 68.51246091723442 60
    endloop
  endfacet
  facet normal -0.891006524892196 -0.45399049835820615 0
    outer loop
      vertex 67.07311893254519 70.54916489869356 2
      vertex 67.57203072309494 69.56999537348747 60
      vertex 67.07311893254519 70.54916489869356 60
    endloop
  endfacet
  facet normal -0.5877852764175114 -0.8090169768470806 0
    outer loop
      vertex 70.88552622497082 65.8412339836359 2
      vertex 71.01246091723442 65.74901052564383 60
      vertex 70.88552622497082 65.8412339836359 60
    endloop
  endfacet
  facet normal 0.7071067811865476 0.7071067811865476 0
    outer loop
      vertex 75.15619492297485 72.34163449172108 9.99
      vertex 74.84163449172108 72.65619492297485 60
      vertex 75.15619492297485 72.34163449172108 60
    endloop
  endfacet
  facet normal 0.8386705679454243 0.5446390350150269 0
    outer loop
      vertex 74.56167777390647 73.00191267775699 9.99
      vertex 74.31939203391613 73.375 60
      vertex 74.56167777390647 73.00191267775699 60
    endloop
  endfacet
  facet normal 0.8910065241883779 0.453990499739527 0
    outer loop
      vertex 74.31939203391613 73.375 9.99
      vertex 74.11743180501895 73.77136926692785 60
      vertex 74.31939203391613 73.375 60
    endloop
  endfacet
  facet normal 0.7771459614569629 0.629320391049847 0
    outer loop
      vertex 74.84163449172108 72.65619492297485 9.99
      vertex 74.56167777390647 73.00191267775699 60
      vertex 74.84163449172108 72.65619492297485 60
    endloop
  endfacet
  facet normal 0.629320391049847 0.7771459614569629 0
    outer loop
      vertex 75.50191267775699 72.06167777390647 9.99
      vertex 75.15619492297485 72.34163449172108 60
      vertex 75.50191267775699 72.06167777390647 60
    endloop
  endfacet
  facet normal 0.5446390350150269 0.8386705679454243 0
    outer loop
      vertex 75.875 71.81939203391613 9.99
      vertex 75.50191267775699 72.06167777390647 60
      vertex 75.875 71.81939203391613 60
    endloop
  endfacet
  facet normal 0.453990499739527 0.8910065241883779 0
    outer loop
      vertex 76.27136926692785 71.61743180501895 9.99
      vertex 75.875 71.81939203391613 60
      vertex 76.27136926692785 71.61743180501895 60
    endloop
  endfacet
  facet normal 0.35836794954530393 0.9335804264972004 0
    outer loop
      vertex 76.68667777390647 71.4580098057456 9.99
      vertex 76.27136926692785 71.61743180501895 60
      vertex 76.68667777390647 71.4580098057456 60
    endloop
  endfacet
  facet normal 0.9335804264972004 0.35836794954530393 0
    outer loop
      vertex 74.11743180501895 73.77136926692785 9.99
      vertex 73.9580098057456 74.18667777390647 60
      vertex 74.11743180501895 73.77136926692785 60
    endloop
  endfacet
  facet normal 0.9659258262890673 0.2588190451025243 0
    outer loop
      vertex 73.9580098057456 74.18667777390647 9.99
      vertex 73.84287269688133 74.61637531402452 60
      vertex 73.9580098057456 74.18667777390647 60
    endloop
  endfacet
  facet normal 0.9876883405951369 0.15643446504023617 0
    outer loop
      vertex 73.84287269688133 74.61637531402452 9.99
      vertex 73.77328194468484 75.05575403111247 60
      vertex 73.84287269688133 74.61637531402452 60
    endloop
  endfacet
  facet normal 0.9986295347545736 0.05233595624294645 0
    outer loop
      vertex 73.77328194468484 75.05575403111247 9.99
      vertex 73.75 75.5 60
      vertex 73.77328194468484 75.05575403111247 60
    endloop
  endfacet
  facet normal 0.9986295347545736 -0.05233595624294645 0
    outer loop
      vertex 73.75 75.5 9.99
      vertex 73.77328194468484 75.94424596888753 60
      vertex 73.75 75.5 60
    endloop
  endfacet
  facet normal 0.9876883405951369 -0.15643446504023617 0
    outer loop
      vertex 73.77328194468484 75.94424596888753 9.99
      vertex 73.84287269688133 76.38362468597548 60
      vertex 73.77328194468484 75.94424596888753 60
    endloop
  endfacet
  facet normal 0.9659258262890673 -0.2588190451025243 0
    outer loop
      vertex 73.84287269688133 76.38362468597548 9.99
      vertex 73.9580098057456 76.81332222609353 60
      vertex 73.84287269688133 76.38362468597548 60
    endloop
  endfacet
  facet normal 0.2588190451025243 0.9659258262890673 0
    outer loop
      vertex 77.11637531402452 71.34287269688133 9.99
      vertex 76.68667777390647 71.4580098057456 60
      vertex 77.11637531402452 71.34287269688133 60
    endloop
  endfacet
  facet normal 0.15643446504023617 0.9876883405951369 0
    outer loop
      vertex 77.55575403111247 71.27328194468484 9.99
      vertex 77.11637531402452 71.34287269688133 60
      vertex 77.55575403111247 71.27328194468484 60
    endloop
  endfacet
  facet normal 0.05233595624294645 0.9986295347545736 0
    outer loop
      vertex 78 71.25 9.99
      vertex 77.55575403111247 71.27328194468484 60
      vertex 78 71.25 60
    endloop
  endfacet
  facet normal -0.05233595624294645 0.9986295347545736 0
    outer loop
      vertex 78.44424596888753 71.27328194468484 9.99
      vertex 78 71.25 60
      vertex 78.44424596888753 71.27328194468484 60
    endloop
  endfacet
  facet normal -0.15643446504023617 0.9876883405951369 0
    outer loop
      vertex 78.88362468597548 71.34287269688133 9.99
      vertex 78.44424596888753 71.27328194468484 60
      vertex 78.88362468597548 71.34287269688133 60
    endloop
  endfacet
  facet normal -0.2588190451025243 0.9659258262890673 0
    outer loop
      vertex 79.31332222609353 71.4580098057456 9.99
      vertex 78.88362468597548 71.34287269688133 60
      vertex 79.31332222609353 71.4580098057456 60
    endloop
  endfacet
  facet normal -0.35836794954530393 0.9335804264972004 0
    outer loop
      vertex 79.72863073307215 71.61743180501895 9.99
      vertex 79.31332222609353 71.4580098057456 60
      vertex 79.72863073307215 71.61743180501895 60
    endloop
  endfacet
  facet normal -0.453990499739527 0.8910065241883779 0
    outer loop
      vertex 80.125 71.81939203391613 9.99
      vertex 79.72863073307215 71.61743180501895 60
      vertex 80.125 71.81939203391613 60
    endloop
  endfacet
  facet normal 0.9335804264972004 -0.35836794954530393 0
    outer loop
      vertex 73.9580098057456 76.81332222609353 9.99
      vertex 74.11743180501895 77.22863073307215 60
      vertex 73.9580098057456 76.81332222609353 60
    endloop
  endfacet
  facet normal 0.8910065241883779 -0.453990499739527 0
    outer loop
      vertex 74.11743180501895 77.22863073307215 9.99
      vertex 74.31939203391613 77.625 60
      vertex 74.11743180501895 77.22863073307215 60
    endloop
  endfacet
  facet normal 0.8386705679454243 -0.5446390350150269 0
    outer loop
      vertex 74.31939203391613 77.625 9.99
      vertex 74.56167777390647 77.99808732224301 60
      vertex 74.31939203391613 77.625 60
    endloop
  endfacet
  facet normal 0.7771459614569629 -0.629320391049847 0
    outer loop
      vertex 74.56167777390647 77.99808732224301 9.99
      vertex 74.84163449172108 78.34380507702515 60
      vertex 74.56167777390647 77.99808732224301 60
    endloop
  endfacet
  facet normal 0.7071067811865476 -0.7071067811865476 0
    outer loop
      vertex 74.84163449172108 78.34380507702515 9.99
      vertex 75.15619492297485 78.65836550827892 60
      vertex 74.84163449172108 78.34380507702515 60
    endloop
  endfacet
  facet normal 0.629320391049847 -0.7771459614569629 0
    outer loop
      vertex 75.15619492297485 78.65836550827892 9.99
      vertex 75.50191267775699 78.93832222609353 60
      vertex 75.15619492297485 78.65836550827892 60
    endloop
  endfacet
  facet normal 0.5446390350150269 -0.8386705679454243 0
    outer loop
      vertex 75.50191267775699 78.93832222609353 9.99
      vertex 75.875 79.18060796608387 60
      vertex 75.50191267775699 78.93832222609353 60
    endloop
  endfacet
  facet normal 0.453990499739527 -0.8910065241883779 0
    outer loop
      vertex 75.875 79.18060796608387 9.99
      vertex 76.27136926692785 79.38256819498105 60
      vertex 75.875 79.18060796608387 60
    endloop
  endfacet
  facet normal 0.35836794954530393 -0.9335804264972004 0
    outer loop
      vertex 76.27136926692785 79.38256819498105 9.99
      vertex 76.68667777390647 79.5419901942544 60
      vertex 76.27136926692785 79.38256819498105 60
    endloop
  endfacet
  facet normal 0.2588190451025243 -0.9659258262890673 0
    outer loop
      vertex 76.68667777390647 79.5419901942544 9.99
      vertex 77.11637531402452 79.65712730311867 60
      vertex 76.68667777390647 79.5419901942544 60
    endloop
  endfacet
  facet normal 0.15643446504023617 -0.9876883405951369 0
    outer loop
      vertex 77.11637531402452 79.65712730311867 9.99
      vertex 77.55575403111247 79.72671805531516 60
      vertex 77.11637531402452 79.65712730311867 60
    endloop
  endfacet
  facet normal 0.05233595624294645 -0.9986295347545736 0
    outer loop
      vertex 77.55575403111247 79.72671805531516 9.99
      vertex 78 79.75 60
      vertex 77.55575403111247 79.72671805531516 60
    endloop
  endfacet
  facet normal -0.05233595624294645 -0.9986295347545736 0
    outer loop
      vertex 78 79.75 9.99
      vertex 78.44424596888753 79.72671805531516 60
      vertex 78 79.75 60
    endloop
  endfacet
  facet normal -0.15643446504023617 -0.9876883405951369 0
    outer loop
      vertex 78.44424596888753 79.72671805531516 9.99
      vertex 78.88362468597548 79.65712730311867 60
      vertex 78.44424596888753 79.72671805531516 60
    endloop
  endfacet
  facet normal -0.2588190451025243 -0.9659258262890673 0
    outer loop
      vertex 78.88362468597548 79.65712730311867 9.99
      vertex 79.31332222609353 79.5419901942544 60
      vertex 78.88362468597548 79.65712730311867 60
    endloop
  endfacet
  facet normal -0.35836794954530393 -0.9335804264972004 0
    outer loop
      vertex 79.31332222609353 79.5419901942544 9.99
      vertex 79.72863073307215 79.38256819498105 60
      vertex 79.31332222609353 79.5419901942544 60
    endloop
  endfacet
  facet normal -0.453990499739527 -0.8910065241883779 0
    outer loop
      vertex 79.72863073307215 79.38256819498105 9.99
      vertex 80.125 79.18060796608387 60
      vertex 79.72863073307215 79.38256819498105 60
    endloop
  endfacet
  facet normal -0.5446390350150269 0.8386705679454243 0
    outer loop
      vertex 80.49808732224301 72.06167777390647 9.99
      vertex 80.125 71.81939203391613 60
      vertex 80.49808732224301 72.06167777390647 60
    endloop
  endfacet
  facet normal -0.629320391049847 0.7771459614569629 0
    outer loop
      vertex 80.84380507702515 72.34163449172108 9.99
      vertex 80.49808732224301 72.06167777390647 60
      vertex 80.84380507702515 72.34163449172108 60
    endloop
  endfacet
  facet normal -0.7071067811865476 0.7071067811865476 0
    outer loop
      vertex 81.15836550827892 72.65619492297485 9.99
      vertex 80.84380507702515 72.34163449172108 60
      vertex 81.15836550827892 72.65619492297485 60
    endloop
  endfacet
  facet normal -0.7771459614569629 0.629320391049847 0
    outer loop
      vertex 81.43832222609353 73.00191267775699 9.99
      vertex 81.15836550827892 72.65619492297485 60
      vertex 81.43832222609353 73.00191267775699 60
    endloop
  endfacet
  facet normal -0.8386705679454243 0.5446390350150269 0
    outer loop
      vertex 81.68060796608387 73.375 9.99
      vertex 81.43832222609353 73.00191267775699 60
      vertex 81.68060796608387 73.375 60
    endloop
  endfacet
  facet normal -0.8910065241883779 0.453990499739527 0
    outer loop
      vertex 81.88256819498105 73.77136926692785 9.99
      vertex 81.68060796608387 73.375 60
      vertex 81.88256819498105 73.77136926692785 60
    endloop
  endfacet
  facet normal -0.9335804264972004 0.35836794954530393 0
    outer loop
      vertex 82.0419901942544 74.18667777390647 9.99
      vertex 81.88256819498105 73.77136926692785 60
      vertex 82.0419901942544 74.18667777390647 60
    endloop
  endfacet
  facet normal -0.9659258262890673 0.2588190451025243 0
    outer loop
      vertex 82.15712730311867 74.61637531402452 9.99
      vertex 82.0419901942544 74.18667777390647 60
      vertex 82.15712730311867 74.61637531402452 60
    endloop
  endfacet
  facet normal -0.9876883405951369 0.15643446504023617 0
    outer loop
      vertex 82.22671805531516 75.05575403111247 9.99
      vertex 82.15712730311867 74.61637531402452 60
      vertex 82.22671805531516 75.05575403111247 60
    endloop
  endfacet
  facet normal -0.9986295347545736 0.05233595624294645 0
    outer loop
      vertex 82.25 75.5 9.99
      vertex 82.22671805531516 75.05575403111247 60
      vertex 82.25 75.5 60
    endloop
  endfacet
  facet normal -0.9986295347545736 -0.05233595624294645 0
    outer loop
      vertex 82.22671805531516 75.94424596888753 9.99
      vertex 82.25 75.5 60
      vertex 82.22671805531516 75.94424596888753 60
    endloop
  endfacet
  facet normal -0.9876883405951369 -0.15643446504023617 0
    outer loop
      vertex 82.15712730311867 76.38362468597548 9.99
      vertex 82.22671805531516 75.94424596888753 60
      vertex 82.15712730311867 76.38362468597548 60
    endloop
  endfacet
  facet normal 0.05233596169807261 0.9986295344686825 0
    outer loop
      vertex 84 87.5 2
      vertex 84 87.5 60
      vertex 84.62717077881098 87.4671313688159 60
    endloop
  endfacet
  facet normal 0.15643445553477123 0.9876883421006546 0
    outer loop
      vertex 84.62717077881098 87.4671313688159 2
      vertex 84.62717077881098 87.4671313688159 60
      vertex 85.24747014790773 87.36888560652733 60
    endloop
  endfacet
  facet normal 0.25881904950851087 0.9659258251084867 0
    outer loop
      vertex 85.24747014790773 87.36888560652733 2
      vertex 85.24747014790773 87.36888560652733 60
      vertex 85.85410196334124 87.20633909851313 60
    endloop
  endfacet
  facet normal 0.3583679532441575 0.9335804250773435 0
    outer loop
      vertex 85.85410196334124 87.20633909851313 2
      vertex 85.85410196334124 87.20633909851313 60
      vertex 86.44041986018419 86.98127274215221 60
    endloop
  endfacet
  facet normal 0.4539904916265432 0.8910065283221495 0
    outer loop
      vertex 86.44041986018419 86.98127274215221 2
      vertex 86.44041986018419 86.98127274215221 60
      vertex 87 86.69615242630243 60
    endloop
  endfacet
  facet normal -1 0 0
    outer loop
      vertex 87 86.69615242630243 2
      vertex 87 86.69615242630243 60
      vertex 87 87.5 60
    endloop
  endfacet
  facet normal -0.8910065241883779 -0.453990499739527 0
    outer loop
      vertex 81.68060796608387 77.625 9.99
      vertex 81.88256819498105 77.22863073307215 60
      vertex 81.68060796608387 77.625 60
    endloop
  endfacet
  facet normal -0.8386705679454243 -0.5446390350150269 0
    outer loop
      vertex 81.43832222609353 77.99808732224301 9.99
      vertex 81.68060796608387 77.625 60
      vertex 81.43832222609353 77.99808732224301 60
    endloop
  endfacet
  facet normal -0.7071067811865476 -0.7071067811865476 0
    outer loop
      vertex 80.84380507702515 78.65836550827892 9.99
      vertex 81.15836550827892 78.34380507702515 60
      vertex 80.84380507702515 78.65836550827892 60
    endloop
  endfacet
  facet normal -0.629320391049847 -0.7771459614569629 0
    outer loop
      vertex 80.49808732224301 78.93832222609353 9.99
      vertex 80.84380507702515 78.65836550827892 60
      vertex 80.49808732224301 78.93832222609353 60
    endloop
  endfacet
  facet normal -0.5446390350150269 -0.8386705679454243 0
    outer loop
      vertex 80.125 79.18060796608387 9.99
      vertex 80.49808732224301 78.93832222609353 60
      vertex 80.125 79.18060796608387 60
    endloop
  endfacet
  facet normal -0.7771459614569629 -0.629320391049847 0
    outer loop
      vertex 81.15836550827892 78.34380507702515 9.99
      vertex 81.43832222609353 77.99808732224301 60
      vertex 81.15836550827892 78.34380507702515 60
    endloop
  endfacet
  facet normal -0.9659258262890673 -0.2588190451025243 0
    outer loop
      vertex 82.0419901942544 76.81332222609353 9.99
      vertex 82.15712730311867 76.38362468597548 60
      vertex 82.0419901942544 76.81332222609353 60
    endloop
  endfacet
  facet normal -0.9335804264972004 -0.35836794954530393 0
    outer loop
      vertex 81.88256819498105 77.22863073307215 9.99
      vertex 82.0419901942544 76.81332222609353 60
      vertex 81.88256819498105 77.22863073307215 60
    endloop
  endfacet
  facet normal 0 1 0
    outer loop
      vertex 119.5 87.5 20
      vertex 107.5 87.5 41.25
      vertex 119.5 87.5 56
    endloop
  endfacet
  facet normal 0 0 1
    outer loop
      vertex 86 61.36976087093353 60
      vertex 87 66.40232065320015 60
      vertex 85.98356568813324 61.68334626406431 60
    endloop
  endfacet
  facet normal 0 1 0
    outer loop
      vertex 90 87.5 41.25
      vertex 87 87.5 60
      vertex 90.01726612448692 87.5 41.7994170486927
    endloop
  endfacet
  facet normal 0 1 0
    outer loop
      vertex 90.01726612448692 87.5 41.7994170486927
      vertex 87 87.5 60
      vertex 90.06899636238813 87.5 42.34666579216719
    endloop
  endfacet
  facet normal 0 1 0
    outer loop
      vertex 90.06899636238813 87.5 42.34666579216719
      vertex 87 87.5 60
      vertex 90.15498655289412 87.5 42.8895865008235
    endloop
  endfacet
  facet normal 0 1 0
    outer loop
      vertex 90.15498655289412 87.5 42.8895865008235
      vertex 87 87.5 60
      vertex 90.27489733695984 87.5 43.42603651434183
    endloop
  endfacet
  facet normal 0 1 0
    outer loop
      vertex 90.27489733695984 87.5 43.42603651434183
      vertex 87 87.5 60
      vertex 90.42825548350811 87.5 43.95389869809151
    endloop
  endfacet
  facet normal 0 1 0
    outer loop
      vertex 90.42825548350811 87.5 43.95389869809151
      vertex 87 87.5 60
      vertex 90.61445575207472 87.5 44.47108983248472
    endloop
  endfacet
  facet normal 0 1 0
    outer loop
      vertex 90.61445575207472 87.5 44.47108983248472
      vertex 87 87.5 60
      vertex 90.83276329189539 87.5 44.97556880116463
    endloop
  endfacet
  facet normal 0 1 0
    outer loop
      vertex 90.83276329189539 87.5 44.97556880116463
      vertex 87 87.5 60
      vertex 91.08231654763222 87.5 45.46534464508295
    endloop
  endfacet
  facet normal 0 1 0
    outer loop
      vertex 91.08231654763222 87.5 45.46534464508295
      vertex 87 87.5 60
      vertex 91.36213064938784 87.5 45.93848445266485
    endloop
  endfacet
  facet normal 0 1 0
    outer loop
      vertex 91.36213064938784 87.5 45.93848445266485
      vertex 87 87.5 60
      vertex 91.6711013019085 87.5 46.39312095940113
    endloop
  endfacet
  facet normal 0 1 0
    outer loop
      vertex 91.6711013019085 87.5 46.39312095940113
      vertex 87 87.5 60
      vertex 92.00800912827253 87.5 46.827459909021854
    endloop
  endfacet
  facet normal 0 1 0
    outer loop
      vertex 92.00800912827253 87.5 46.827459909021854
      vertex 87 87.5 60
      vertex 92.37152451276779 87.5 47.23978717625141
    endloop
  endfacet
  facet normal 0 1 0
    outer loop
      vertex 92.37152451276779 87.5 47.23978717625141
      vertex 87 87.5 60
      vertex 92.76021282374859 87.5 47.62847548723221
    endloop
  endfacet
  facet normal 0 1 0
    outer loop
      vertex 92.76021282374859 87.5 47.62847548723221
      vertex 87 87.5 60
      vertex 93.17254009097815 87.5 47.99199087172747
    endloop
  endfacet
  facet normal 0 1 0
    outer loop
      vertex 93.17254009097815 87.5 47.99199087172747
      vertex 87 87.5 60
      vertex 93.60687904059887 87.5 48.32889869809151
    endloop
  endfacet
  facet normal 0 1 0
    outer loop
      vertex 87 87.5 60
      vertex 94.06151554733515 87.5 48.63786935061216
      vertex 93.60687904059887 87.5 48.32889869809151
    endloop
  endfacet
  facet normal 0 0 1
    outer loop
      vertex 68.24901052564383 68.51246091723442 60
      vertex 68.3412339836359 68.38552622497082 60
      vertex 73.9580098057456 74.18667777390647 60
    endloop
  endfacet
  facet normal 0 0 1
    outer loop
      vertex 67.65048070251942 69.43411602079868 60
      vertex 68.24901052564383 68.51246091723442 60
      vertex 73.9580098057456 74.18667777390647 60
    endloop
  endfacet
  facet normal 0 0 1
    outer loop
      vertex 70.03148353099823 66.53282411396503 60
      vertex 70.88552622497082 65.8412339836359 60
      vertex 75.15619492297485 72.34163449172108 60
    endloop
  endfacet
  facet normal 0 0 1
    outer loop
      vertex 71.93411602079868 65.15048070251942 60
      vertex 75.50191267775699 72.06167777390647 60
      vertex 71.01246091723442 65.74901052564383 60
    endloop
  endfacet
  facet normal 0 0 1
    outer loop
      vertex 70.88552622497082 65.8412339836359 60
      vertex 71.01246091723442 65.74901052564383 60
      vertex 75.50191267775699 72.06167777390647 60
    endloop
  endfacet
  facet normal 0 0 1
    outer loop
      vertex 71.93411602079868 65.15048070251942 60
      vertex 72.06999537348747 65.07203072309494 60
      vertex 76.27136926692785 71.61743180501895 60
    endloop
  endfacet
  facet normal 0 0 1
    outer loop
      vertex 69.13781078904867 67.41488401591778 60
      vertex 74.31939203391613 73.375 60
      vertex 69.03282410651445 67.53148353844881 60
    endloop
  endfacet
  facet normal 0 0 1
    outer loop
      vertex 69.91488402336836 66.63781078159809 60
      vertex 70.03148353099823 66.53282411396503 60
      vertex 74.84163449172108 72.65619492297485 60
    endloop
  endfacet
  facet normal 0 0 1
    outer loop
      vertex 69.91488402336836 66.63781078159809 60
      vertex 74.84163449172108 72.65619492297485 60
      vertex 69.13781078904867 67.41488401591778 60
    endloop
  endfacet
  facet normal 0 0 1
    outer loop
      vertex 69.03282410651445 67.53148353844881 60
      vertex 74.31939203391613 73.375 60
      vertex 68.3412339836359 68.38552622497082 60
    endloop
  endfacet
  facet normal 0 0 1
    outer loop
      vertex 69.13781078904867 67.41488401591778 60
      vertex 74.84163449172108 72.65619492297485 60
      vertex 74.56167777390647 73.00191267775699 60
    endloop
  endfacet
  facet normal 0 0 1
    outer loop
      vertex 70.03148353099823 66.53282411396503 60
      vertex 75.15619492297485 72.34163449172108 60
      vertex 74.84163449172108 72.65619492297485 60
    endloop
  endfacet
  facet normal 0 0 1
    outer loop
      vertex 67.07311893254519 70.54916489869356 60
      vertex 67.57203072309494 69.56999537348747 60
      vertex 73.77328194468484 75.05575403111247 60
    endloop
  endfacet
  facet normal 0 0 1
    outer loop
      vertex 67.65048070251942 69.43411602079868 60
      vertex 73.77328194468484 75.05575403111247 60
      vertex 67.57203072309494 69.56999537348747 60
    endloop
  endfacet
  facet normal 0 0 1
    outer loop
      vertex 67.00930194556713 70.6925001963973 60
      vertex 73.84287269688133 76.38362468597548 60
      vertex 66.61547440290451 71.7184560149908 60
    endloop
  endfacet
  facet normal 0 0 1
    outer loop
      vertex 67.07311893254519 70.54916489869356 60
      vertex 73.84287269688133 76.38362468597548 60
      vertex 67.00930194556713 70.6925001963973 60
    endloop
  endfacet
  facet normal 0 0 1
    outer loop
      vertex 66.61547440290451 71.7184560149908 60
      vertex 74.31939203391613 77.625 60
      vertex 66.56698954105377 71.86767707765102 60
    endloop
  endfacet
  facet normal 0 0 1
    outer loop
      vertex 66.56698954105377 71.86767707765102 60
      vertex 74.31939203391613 77.625 60
      vertex 66.28256103396416 72.92917874455452 60
    endloop
  endfacet
  facet normal 0 0 1
    outer loop
      vertex 67.65048070251942 69.43411602079868 60
      vertex 73.9580098057456 74.18667777390647 60
      vertex 73.84287269688133 74.61637531402452 60
    endloop
  endfacet
  facet normal 0 0 1
    outer loop
      vertex 67.65048070251942 69.43411602079868 60
      vertex 73.84287269688133 74.61637531402452 60
      vertex 73.77328194468484 75.05575403111247 60
    endloop
  endfacet
  facet normal 0 0 1
    outer loop
      vertex 67.07311893254519 70.54916489869356 60
      vertex 73.77328194468484 75.05575403111247 60
      vertex 73.75 75.5 60
    endloop
  endfacet
  facet normal 0 0 1
    outer loop
      vertex 69.13781078904867 67.41488401591778 60
      vertex 74.56167777390647 73.00191267775699 60
      vertex 74.31939203391613 73.375 60
    endloop
  endfacet
  facet normal 0 0 1
    outer loop
      vertex 68.3412339836359 68.38552622497082 60
      vertex 74.11743180501895 73.77136926692785 60
      vertex 73.9580098057456 74.18667777390647 60
    endloop
  endfacet
  facet normal 0 0 1
    outer loop
      vertex 68.3412339836359 68.38552622497082 60
      vertex 74.31939203391613 73.375 60
      vertex 74.11743180501895 73.77136926692785 60
    endloop
  endfacet
  facet normal 0 0 1
    outer loop
      vertex 67.07311893254519 70.54916489869356 60
      vertex 73.75 75.5 60
      vertex 73.77328194468484 75.94424596888753 60
    endloop
  endfacet
  facet normal 0 0 1
    outer loop
      vertex 67.07311893254519 70.54916489869356 60
      vertex 73.77328194468484 75.94424596888753 60
      vertex 73.84287269688133 76.38362468597548 60
    endloop
  endfacet
  facet normal 0 0 1
    outer loop
      vertex 66.61547440290451 71.7184560149908 60
      vertex 73.84287269688133 76.38362468597548 60
      vertex 73.9580098057456 76.81332222609353 60
    endloop
  endfacet
  facet normal 0 0 1
    outer loop
      vertex 66.61547440290451 71.7184560149908 60
      vertex 73.9580098057456 76.81332222609353 60
      vertex 74.11743180501895 77.22863073307215 60
    endloop
  endfacet
  facet normal 0 0 1
    outer loop
      vertex 66.61547440290451 71.7184560149908 60
      vertex 74.11743180501895 77.22863073307215 60
      vertex 74.31939203391613 77.625 60
    endloop
  endfacet
  facet normal 0 0 1
    outer loop
      vertex 66.28256103396416 72.92917874455452 60
      vertex 74.31939203391613 77.625 60
      vertex 74.56167777390647 77.99808732224301 60
    endloop
  endfacet
  facet normal 0 0 1
    outer loop
      vertex 66.28256103396416 72.92917874455452 60
      vertex 74.56167777390647 77.99808732224301 60
      vertex 74.84163449172108 78.34380507702515 60
    endloop
  endfacet
  facet normal 0 0 1
    outer loop
      vertex 73.04916489869356 64.57311893254519 60
      vertex 73.19250015169382 64.50930196791887 60
      vertex 77.11637531402452 71.34287269688133 60
    endloop
  endfacet
  facet normal 0 0 1
    outer loop
      vertex 73.19250015169382 64.50930196791887 60
      vertex 74.21845606714487 64.11547438800335 60
      vertex 77.11637531402452 71.34287269688133 60
    endloop
  endfacet
  facet normal 0 0 1
    outer loop
      vertex 72.06999537348747 65.07203072309494 60
      vertex 73.04916489869356 64.57311893254519 60
      vertex 76.27136926692785 71.61743180501895 60
    endloop
  endfacet
  facet normal 0 0 1
    outer loop
      vertex 74.21845606714487 64.11547438800335 60
      vertex 74.36767706274986 64.06698954850435 60
      vertex 78 71.25 60
    endloop
  endfacet
  facet normal 0 0 1
    outer loop
      vertex 74.36767706274986 64.06698954850435 60
      vertex 75.42917874455452 63.78256103396416 60
      vertex 78 71.25 60
    endloop
  endfacet
  facet normal 0 0 1
    outer loop
      vertex 75.42917874455452 63.78256103396416 60
      vertex 75.5826502814889 63.749939650297165 60
      vertex 78.88362468597548 71.34287269688133 60
    endloop
  endfacet
  facet normal 0 0 1
    outer loop
      vertex 71.93411602079868 65.15048070251942 60
      vertex 75.875 71.81939203391613 60
      vertex 75.50191267775699 72.06167777390647 60
    endloop
  endfacet
  facet normal 0 0 1
    outer loop
      vertex 71.93411602079868 65.15048070251942 60
      vertex 76.27136926692785 71.61743180501895 60
      vertex 75.875 71.81939203391613 60
    endloop
  endfacet
  facet normal 0 0 1
    outer loop
      vertex 70.88552622497082 65.8412339836359 60
      vertex 75.50191267775699 72.06167777390647 60
      vertex 75.15619492297485 72.34163449172108 60
    endloop
  endfacet
  facet normal 0 0 1
    outer loop
      vertex 73.04916489869356 64.57311893254519 60
      vertex 76.68667777390647 71.4580098057456 60
      vertex 76.27136926692785 71.61743180501895 60
    endloop
  endfacet
  facet normal 0 0 1
    outer loop
      vertex 73.04916489869356 64.57311893254519 60
      vertex 77.11637531402452 71.34287269688133 60
      vertex 76.68667777390647 71.4580098057456 60
    endloop
  endfacet
  facet normal 0 0 1
    outer loop
      vertex 74.21845606714487 64.11547438800335 60
      vertex 77.55575403111247 71.27328194468484 60
      vertex 77.11637531402452 71.34287269688133 60
    endloop
  endfacet
  facet normal 0 0 1
    outer loop
      vertex 74.21845606714487 64.11547438800335 60
      vertex 78 71.25 60
      vertex 77.55575403111247 71.27328194468484 60
    endloop
  endfacet
  facet normal 0 0 1
    outer loop
      vertex 75.5826502814889 63.749939650297165 60
      vertex 76.66806780546904 63.57802639901638 60
      vertex 79.31332222609353 71.4580098057456 60
    endloop
  endfacet
  facet normal 0 0 1
    outer loop
      vertex 76.8241085857153 63.561625853180885 60
      vertex 80.125 71.81939203391613 60
      vertex 76.66806780546904 63.57802639901638 60
    endloop
  endfacet
  facet normal 0 0 1
    outer loop
      vertex 76.8241085857153 63.561625853180885 60
      vertex 77.92154992371798 63.504111394286156 60
      vertex 80.49808732224301 72.06167777390647 60
    endloop
  endfacet
  facet normal 0 0 1
    outer loop
      vertex 75.42917874455452 63.78256103396416 60
      vertex 78.44424596888753 71.27328194468484 60
      vertex 78 71.25 60
    endloop
  endfacet
  facet normal 0 0 1
    outer loop
      vertex 75.42917874455452 63.78256103396416 60
      vertex 78.88362468597548 71.34287269688133 60
      vertex 78.44424596888753 71.27328194468484 60
    endloop
  endfacet
  facet normal 0 0 1
    outer loop
      vertex 75.5826502814889 63.749939650297165 60
      vertex 79.31332222609353 71.4580098057456 60
      vertex 78.88362468597548 71.34287269688133 60
    endloop
  endfacet
  facet normal 0 0 1
    outer loop
      vertex 76.66806780546904 63.57802639901638 60
      vertex 79.72863073307215 71.61743180501895 60
      vertex 79.31332222609353 71.4580098057456 60
    endloop
  endfacet
  facet normal 0 0 1
    outer loop
      vertex 76.66806780546904 63.57802639901638 60
      vertex 80.125 71.81939203391613 60
      vertex 79.72863073307215 71.61743180501895 60
    endloop
  endfacet
  facet normal 0 0 1
    outer loop
      vertex 76.8241085857153 63.561625853180885 60
      vertex 80.49808732224301 72.06167777390647 60
      vertex 80.125 71.81939203391613 60
    endloop
  endfacet
  facet normal 0 0 1
    outer loop
      vertex 77.92154992371798 63.504111394286156 60
      vertex 80.84380507702515 72.34163449172108 60
      vertex 80.49808732224301 72.06167777390647 60
    endloop
  endfacet
  facet normal 0 0 1
    outer loop
      vertex 77.92154992371798 63.504111394286156 60
      vertex 81.15836550827892 72.65619492297485 60
      vertex 80.84380507702515 72.34163449172108 60
    endloop
  endfacet
  facet normal 0 0 1
    outer loop
      vertex 77.92154992371798 63.504111394286156 60
      vertex 81.43832222609353 73.00191267775699 60
      vertex 81.15836550827892 72.65619492297485 60
    endloop
  endfacet
  facet normal 0 0 1
    outer loop
      vertex 66.28256103396416 72.92917874455452 60
      vertex 74.84163449172108 78.34380507702515 60
      vertex 75.15619492297485 78.65836550827892 60
    endloop
  endfacet
  facet normal 0 0 1
    outer loop
      vertex 66.28256103396416 72.92917874455452 60
      vertex 75.15619492297485 78.65836550827892 60
      vertex 75.50191267775699 78.93832222609353 60
    endloop
  endfacet
  facet normal 0 0 1
    outer loop
      vertex 66.28256103396416 72.92917874455452 60
      vertex 87 86.69615242630243 60
      vertex 66.24993965029716 73.0826502814889 60
    endloop
  endfacet
  facet normal 0 0 1
    outer loop
      vertex 66.24993965029716 73.0826502814889 60
      vertex 87 86.69615242630243 60
      vertex 66.07802638411522 74.16806792467833 60
    endloop
  endfacet
  facet normal 0 0 1
    outer loop
      vertex 66.07802638411522 74.16806792467833 60
      vertex 87 86.69615242630243 60
      vertex 66.06162586063147 74.324108466506 60
    endloop
  endfacet
  facet normal 0 0 1
    outer loop
      vertex 66.06162586063147 74.324108466506 60
      vertex 87 86.69615242630243 60
      vertex 66.00411139428616 75.4215499162674 60
    endloop
  endfacet
  facet normal 0 0 1
    outer loop
      vertex 66.00411139428616 75.4215499162674 60
      vertex 87 86.69615242630243 60
      vertex 66.00411139428616 75.57845007628202 60
    endloop
  endfacet
  facet normal 0 0 1
    outer loop
      vertex 66.00411139428616 75.57845007628202 60
      vertex 87 86.69615242630243 60
      vertex 66.06162585318089 76.67589140683413 60
    endloop
  endfacet
  facet normal 0 0 1
    outer loop
      vertex 66.06162585318089 76.67589140683413 60
      vertex 86.44041986018419 86.98127274215221 60
      vertex 66.07802639901638 76.83193218708038 60
    endloop
  endfacet
  facet normal 0 0 1
    outer loop
      vertex 66.07802639901638 76.83193218708038 60
      vertex 86.44041986018419 86.98127274215221 60
      vertex 66.24993965029716 77.91734971106052 60
    endloop
  endfacet
  facet normal 0 0 1
    outer loop
      vertex 66.24993965029716 77.91734971106052 60
      vertex 85.85410196334124 87.20633909851313 60
      vertex 66.28256103396416 78.0708212479949 60
    endloop
  endfacet
  facet normal 0 0 1
    outer loop
      vertex 66.28256103396416 78.0708212479949 60
      vertex 85.24747014790773 87.36888560652733 60
      vertex 66.56698954850435 79.13232292979956 60
    endloop
  endfacet
  facet normal 0 0 1
    outer loop
      vertex 66.61547439545393 79.28154395520687 60
      vertex 66.56698954850435 79.13232292979956 60
      vertex 84.62717077881098 87.4671313688159 60
    endloop
  endfacet
  facet normal 0 0 1
    outer loop
      vertex 64.64621799439192 83.39777748286724 60
      vertex 64.94486470520496 83.30074128508568 60
      vertex 84 87.5 60
    endloop
  endfacet
  facet normal 0 0 1
    outer loop
      vertex 64.94486470520496 83.30074128508568 60
      vertex 65.23173235356808 83.17301958054304 60
      vertex 84 87.5 60
    endloop
  endfacet
  facet normal 0 0 1
    outer loop
      vertex 65.23173235356808 83.17301958054304 60
      vertex 65.50367796421051 83.0160117149353 60
      vertex 84 87.5 60
    endloop
  endfacet
  facet normal 0 0 1
    outer loop
      vertex 65.99108120054007 82.62132035195827 60
      vertex 84 87.5 60
      vertex 65.75772203505039 82.83143789321184 60
    endloop
  endfacet
  facet normal 0 0 1
    outer loop
      vertex 65.50367796421051 83.0160117149353 60
      vertex 65.75772203505039 82.83143789321184 60
      vertex 84 87.5 60
    endloop
  endfacet
  facet normal 0 0 1
    outer loop
      vertex 66.61547439545393 79.28154395520687 60
      vertex 84.62717077881098 87.4671313688159 60
      vertex 66.67050215601921 79.42489616572857 60
    endloop
  endfacet
  facet normal 0 0 1
    outer loop
      vertex 66.67050215601921 79.42489616572857 60
      vertex 84.62717077881098 87.4671313688159 60
      vertex 66.76753835380077 79.72354287654161 60
    endloop
  endfacet
  facet normal 0 0 1
    outer loop
      vertex 66.76753835380077 79.72354287654161 60
      vertex 84 87.5 60
      vertex 66.83282589167356 80.03069662302732 60
    endloop
  endfacet
  facet normal 0 0 1
    outer loop
      vertex 66.83282589167356 80.03069662302732 60
      vertex 84 87.5 60
      vertex 66.86564947664738 80.34299214929342 60
    endloop
  endfacet
  facet normal 0 0 1
    outer loop
      vertex 66.86564947664738 80.34299214929342 60
      vertex 84 87.5 60
      vertex 66.86564947664738 80.65700788795948 60
    endloop
  endfacet
  facet normal 0 0 1
    outer loop
      vertex 66.86564947664738 80.65700788795948 60
      vertex 84 87.5 60
      vertex 66.83282589167356 80.96930341422558 60
    endloop
  endfacet
  facet normal 0 0 1
    outer loop
      vertex 66.83282589167356 80.96930341422558 60
      vertex 84 87.5 60
      vertex 66.7675383463502 81.27645715326071 60
    endloop
  endfacet
  facet normal 0 0 1
    outer loop
      vertex 66.67050214111805 81.57510386407375 60
      vertex 84 87.5 60
      vertex 66.54278043657541 81.86197151243687 60
    endloop
  endfacet
  facet normal 0 0 1
    outer loop
      vertex 66.20119874179363 82.3879611864686 60
      vertex 66.3857725635171 82.13391711562872 60
      vertex 84 87.5 60
    endloop
  endfacet
  facet normal 0 0 1
    outer loop
      vertex 66.54278043657541 81.86197151243687 60
      vertex 84 87.5 60
      vertex 66.3857725635171 82.13391711562872 60
    endloop
  endfacet
  facet normal 0 0 1
    outer loop
      vertex 66.7675383463502 81.27645715326071 60
      vertex 84 87.5 60
      vertex 66.67050214111805 81.57510386407375 60
    endloop
  endfacet
  facet normal 0 0 1
    outer loop
      vertex 65.99108120054007 82.62132035195827 60
      vertex 66.20119874179363 82.3879611864686 60
      vertex 84 87.5 60
    endloop
  endfacet
  facet normal 0 0 1
    outer loop
      vertex 64.02676872164011 83.49588860571384 60
      vertex 64.33906424790621 83.46306502074003 60
      vertex 84 87.5 60
    endloop
  endfacet
  facet normal 0 0 1
    outer loop
      vertex 64.64621799439192 83.39777748286724 60
      vertex 84 87.5 60
      vertex 64.33906424790621 83.46306502074003 60
    endloop
  endfacet
  facet normal 0 0 1
    outer loop
      vertex 66.28256103396416 72.92917874455452 60
      vertex 75.50191267775699 78.93832222609353 60
      vertex 87 86.69615242630243 60
    endloop
  endfacet
  facet normal 0 0 1
    outer loop
      vertex 87 86.69615242630243 60
      vertex 75.50191267775699 78.93832222609353 60
      vertex 75.875 79.18060796608387 60
    endloop
  endfacet
  facet normal 0 0 1
    outer loop
      vertex 87 86.69615242630243 60
      vertex 75.875 79.18060796608387 60
      vertex 76.27136926692785 79.38256819498105 60
    endloop
  endfacet
  facet normal 0 0 1
    outer loop
      vertex 87 86.69615242630243 60
      vertex 76.27136926692785 79.38256819498105 60
      vertex 76.68667777390647 79.5419901942544 60
    endloop
  endfacet
  facet normal 0 0 1
    outer loop
      vertex 66.56698954850435 79.13232292979956 60
      vertex 85.24747014790773 87.36888560652733 60
      vertex 84.62717077881098 87.4671313688159 60
    endloop
  endfacet
  facet normal 0 0 1
    outer loop
      vertex 66.28256103396416 78.0708212479949 60
      vertex 85.85410196334124 87.20633909851313 60
      vertex 85.24747014790773 87.36888560652733 60
    endloop
  endfacet
  facet normal 0 0 1
    outer loop
      vertex 66.24993965029716 77.91734971106052 60
      vertex 86.44041986018419 86.98127274215221 60
      vertex 85.85410196334124 87.20633909851313 60
    endloop
  endfacet
  facet normal 0 0 1
    outer loop
      vertex 66.06162585318089 76.67589140683413 60
      vertex 87 86.69615242630243 60
      vertex 86.44041986018419 86.98127274215221 60
    endloop
  endfacet
  facet normal 0 0 1
    outer loop
      vertex 66.76753835380077 79.72354287654161 60
      vertex 84.62717077881098 87.4671313688159 60
      vertex 84 87.5 60
    endloop
  endfacet
  facet normal 0 0 1
    outer loop
      vertex 77.92154992371798 63.504111394286156 60
      vertex 81.68060796608387 73.375 60
      vertex 81.43832222609353 73.00191267775699 60
    endloop
  endfacet
  facet normal 0 0 1
    outer loop
      vertex 77.92154992371798 63.504111394286156 60
      vertex 81.88256819498105 73.77136926692785 60
      vertex 81.68060796608387 73.375 60
    endloop
  endfacet
  facet normal 0 0 1
    outer loop
      vertex 85.42705098539591 63.133116625249386 60
      vertex 87 86.69615242630243 60
      vertex 85.2294344753027 63.37715268880129 60
    endloop
  endfacet
  facet normal 0 0 1
    outer loop
      vertex 85.93444280326366 61.99349594116211 60
      vertex 85.98356568813324 61.68334626406431 60
      vertex 87 86.69615242630243 60
    endloop
  endfacet
  facet normal 0 0 1
    outer loop
      vertex 85.93444280326366 61.99349594116211 60
      vertex 87 86.69615242630243 60
      vertex 85.85316954553127 62.29681185632944 60
    endloop
  endfacet
  facet normal 0 0 1
    outer loop
      vertex 85.7406363710761 62.58997079730034 60
      vertex 87 86.69615242630243 60
      vertex 85.59807620942593 62.86976087093353 60
    endloop
  endfacet
  facet normal 0 0 1
    outer loop
      vertex 85.85316954553127 62.29681185632944 60
      vertex 87 86.69615242630243 60
      vertex 85.7406363710761 62.58997079730034 60
    endloop
  endfacet
  facet normal 0 0 1
    outer loop
      vertex 85.59807620942593 62.86976087093353 60
      vertex 87 86.69615242630243 60
      vertex 85.42705098539591 63.133116625249386 60
    endloop
  endfacet
  facet normal 0 0 1
    outer loop
      vertex 77.92154992371798 63.504111394286156 60
      vertex 78.07845007628202 63.504111394286156 60
      vertex 87 86.69615242630243 60
    endloop
  endfacet
  facet normal 0 0 1
    outer loop
      vertex 78.07845007628202 63.504111394286156 60
      vertex 79.17589152604342 63.561625860631466 60
      vertex 87 86.69615242630243 60
    endloop
  endfacet
  facet normal 0 0 1
    outer loop
      vertex 79.17589152604342 63.561625860631466 60
      vertex 79.3319320678711 63.57802638411522 60
      vertex 87 86.69615242630243 60
    endloop
  endfacet
  facet normal 0 0 1
    outer loop
      vertex 79.3319320678711 63.57802638411522 60
      vertex 80.41734971106052 63.749939650297165 60
      vertex 87 86.69615242630243 60
    endloop
  endfacet
  facet normal 0 0 1
    outer loop
      vertex 80.41734971106052 63.749939650297165 60
      vertex 80.5708212479949 63.78256103396416 60
      vertex 87 86.69615242630243 60
    endloop
  endfacet
  facet normal 0 0 1
    outer loop
      vertex 80.5708212479949 63.78256103396416 60
      vertex 81.6323229148984 64.06698954105377 60
      vertex 87 86.69615242630243 60
    endloop
  endfacet
  facet normal 0 0 1
    outer loop
      vertex 81.6323229148984 64.06698954105377 60
      vertex 81.7815439850092 64.11547441035509 60
      vertex 87 86.69615242630243 60
    endloop
  endfacet
  facet normal 0 0 1
    outer loop
      vertex 77.92154992371798 63.504111394286156 60
      vertex 87 86.69615242630243 60
      vertex 81.88256819498105 73.77136926692785 60
    endloop
  endfacet
  facet normal 0 0 1
    outer loop
      vertex 81.92489618808031 64.17050216346979 60
      vertex 82.07294901460409 64.2229304164648 60
      vertex 87 86.69615242630243 60
    endloop
  endfacet
  facet normal 0 0 1
    outer loop
      vertex 81.7815439850092 64.11547441035509 60
      vertex 81.92489618808031 64.17050216346979 60
      vertex 87 86.69615242630243 60
    endloop
  endfacet
  facet normal 0 0 1
    outer loop
      vertex 82.07294901460409 64.2229304164648 60
      vertex 82.37626492977142 64.3042036741972 60
      vertex 87 86.69615242630243 60
    endloop
  endfacet
  facet normal 0 0 1
    outer loop
      vertex 82.37626492977142 64.3042036741972 60
      vertex 82.68641460686922 64.35332655906677 60
      vertex 87 86.69615242630243 60
    endloop
  endfacet
  facet normal 0 0 1
    outer loop
      vertex 82.68641460686922 64.35332655906677 60
      vertex 83 64.36976087093353 60
      vertex 87 86.69615242630243 60
    endloop
  endfacet
  facet normal 0 0 1
    outer loop
      vertex 83.92705098539591 64.2229304164648 60
      vertex 87 86.69615242630243 60
      vertex 83.62373507022858 64.3042036741972 60
    endloop
  endfacet
  facet normal 0 0 1
    outer loop
      vertex 83.92705098539591 64.2229304164648 60
      vertex 84.2202099263668 64.11039724200964 60
      vertex 87 86.69615242630243 60
    endloop
  endfacet
  facet normal 0 0 1
    outer loop
      vertex 83 64.36976087093353 60
      vertex 83.31358539313078 64.35332655906677 60
      vertex 87 86.69615242630243 60
    endloop
  endfacet
  facet normal 0 0 1
    outer loop
      vertex 83.31358539313078 64.35332655906677 60
      vertex 83.62373507022858 64.3042036741972 60
      vertex 87 86.69615242630243 60
    endloop
  endfacet
  facet normal 0 0 1
    outer loop
      vertex 84.2202099263668 64.11039724200964 60
      vertex 84.5 63.96783708035946 60
      vertex 87 86.69615242630243 60
    endloop
  endfacet
  facet normal 0 0 1
    outer loop
      vertex 84.5 63.96783708035946 60
      vertex 84.76335575431585 63.79681185632944 60
      vertex 87 86.69615242630243 60
    endloop
  endfacet
  facet normal 0 0 1
    outer loop
      vertex 84.76335575431585 63.79681185632944 60
      vertex 85.00739181786776 63.59919534623623 60
      vertex 87 86.69615242630243 60
    endloop
  endfacet
  facet normal 0 0 1
    outer loop
      vertex 85.00739181786776 63.59919534623623 60
      vertex 85.2294344753027 63.37715268880129 60
      vertex 87 86.69615242630243 60
    endloop
  endfacet
  facet normal 0 0 1
    outer loop
      vertex 85.98356568813324 61.68334626406431 60
      vertex 87 66.40232065320015 60
      vertex 87 86.69615242630243 60
    endloop
  endfacet
  facet normal 0 1 0
    outer loop
      vertex 87 87.5 60
      vertex 94.53465535491705 87.5 48.91768345236778
      vertex 94.06151554733515 87.5 48.63786935061216
    endloop
  endfacet
  facet normal 0 1 0
    outer loop
      vertex 87 87.5 60
      vertex 95.02443119883537 87.5 49.16723670810461
      vertex 94.53465535491705 87.5 48.91768345236778
    endloop
  endfacet
  facet normal 0 1 0
    outer loop
      vertex 87 87.5 60
      vertex 95.52891016751528 87.5 49.38554424792528
      vertex 95.02443119883537 87.5 49.16723670810461
    endloop
  endfacet
  facet normal 0 1 0
    outer loop
      vertex 87 87.5 60
      vertex 96.0461013019085 87.5 49.57174451649189
      vertex 95.52891016751528 87.5 49.38554424792528
    endloop
  endfacet
  facet normal 0 1 0
    outer loop
      vertex 87 87.5 60
      vertex 96.57396348565817 87.5 49.72510266304016
      vertex 96.0461013019085 87.5 49.57174451649189
    endloop
  endfacet
  facet normal 0 0 1
    outer loop
      vertex 87 86.69615242630243 60
      vertex 76.68667777390647 79.5419901942544 60
      vertex 77.11637531402452 79.65712730311867 60
    endloop
  endfacet
  facet normal 0 0 1
    outer loop
      vertex 87 86.69615242630243 60
      vertex 77.11637531402452 79.65712730311867 60
      vertex 77.55575403111247 79.72671805531516 60
    endloop
  endfacet
  facet normal 0 0 1
    outer loop
      vertex 87 86.69615242630243 60
      vertex 78.44424596888753 79.72671805531516 60
      vertex 78.88362468597548 79.65712730311867 60
    endloop
  endfacet
  facet normal 0 0 1
    outer loop
      vertex 87 86.69615242630243 60
      vertex 78.88362468597548 79.65712730311867 60
      vertex 79.31332222609353 79.5419901942544 60
    endloop
  endfacet
  facet normal 0 0 1
    outer loop
      vertex 87 86.69615242630243 60
      vertex 79.31332222609353 79.5419901942544 60
      vertex 79.72863073307215 79.38256819498105 60
    endloop
  endfacet
  facet normal 0 0 1
    outer loop
      vertex 87 86.69615242630243 60
      vertex 80.125 79.18060796608387 60
      vertex 80.49808732224301 78.93832222609353 60
    endloop
  endfacet
  facet normal 0 0 1
    outer loop
      vertex 87 86.69615242630243 60
      vertex 79.72863073307215 79.38256819498105 60
      vertex 80.125 79.18060796608387 60
    endloop
  endfacet
  facet normal 0 0 1
    outer loop
      vertex 87 86.69615242630243 60
      vertex 80.84380507702515 78.65836550827892 60
      vertex 81.15836550827892 78.34380507702515 60
    endloop
  endfacet
  facet normal 0 0 1
    outer loop
      vertex 87 86.69615242630243 60
      vertex 81.43832222609353 77.99808732224301 60
      vertex 81.68060796608387 77.625 60
    endloop
  endfacet
  facet normal 0 0 1
    outer loop
      vertex 87 86.69615242630243 60
      vertex 81.15836550827892 78.34380507702515 60
      vertex 81.43832222609353 77.99808732224301 60
    endloop
  endfacet
  facet normal 0 0 1
    outer loop
      vertex 87 86.69615242630243 60
      vertex 80.49808732224301 78.93832222609353 60
      vertex 80.84380507702515 78.65836550827892 60
    endloop
  endfacet
  facet normal 0 0 1
    outer loop
      vertex 87 86.69615242630243 60
      vertex 82.0419901942544 74.18667777390647 60
      vertex 81.88256819498105 73.77136926692785 60
    endloop
  endfacet
  facet normal 0 0 1
    outer loop
      vertex 87 86.69615242630243 60
      vertex 82.15712730311867 74.61637531402452 60
      vertex 82.0419901942544 74.18667777390647 60
    endloop
  endfacet
  facet normal 0 0 1
    outer loop
      vertex 87 86.69615242630243 60
      vertex 82.22671805531516 75.05575403111247 60
      vertex 82.15712730311867 74.61637531402452 60
    endloop
  endfacet
  facet normal 0 0 1
    outer loop
      vertex 87 86.69615242630243 60
      vertex 82.25 75.5 60
      vertex 82.22671805531516 75.05575403111247 60
    endloop
  endfacet
  facet normal 0 0 1
    outer loop
      vertex 87 86.69615242630243 60
      vertex 82.22671805531516 75.94424596888753 60
      vertex 82.25 75.5 60
    endloop
  endfacet
  facet normal 0 0 1
    outer loop
      vertex 87 86.69615242630243 60
      vertex 82.15712730311867 76.38362468597548 60
      vertex 82.22671805531516 75.94424596888753 60
    endloop
  endfacet
  facet normal 0 0 1
    outer loop
      vertex 87 86.69615242630243 60
      vertex 82.0419901942544 76.81332222609353 60
      vertex 82.15712730311867 76.38362468597548 60
    endloop
  endfacet
  facet normal 0 0 1
    outer loop
      vertex 87 86.69615242630243 60
      vertex 81.88256819498105 77.22863073307215 60
      vertex 82.0419901942544 76.81332222609353 60
    endloop
  endfacet
  facet normal 0 0 1
    outer loop
      vertex 87 86.69615242630243 60
      vertex 81.68060796608387 77.625 60
      vertex 81.88256819498105 77.22863073307215 60
    endloop
  endfacet
  facet normal 0 0 1
    outer loop
      vertex 87 86.69615242630243 60
      vertex 77.55575403111247 79.72671805531516 60
      vertex 78 79.75 60
    endloop
  endfacet
  facet normal 0 0 1
    outer loop
      vertex 87 86.69615242630243 60
      vertex 78 79.75 60
      vertex 78.44424596888753 79.72671805531516 60
    endloop
  endfacet
  facet normal 0 1 0
    outer loop
      vertex 107.5 87.5 41.25
      vertex 107.48273387551308 87.5 41.7994170486927
      vertex 119.5 87.5 56
    endloop
  endfacet
  facet normal 0 1 0
    outer loop
      vertex 107.48273387551308 87.5 41.7994170486927
      vertex 107.43100363761187 87.5 42.34666579216719
      vertex 119.5 87.5 56
    endloop
  endfacet
  facet normal 0 1 0
    outer loop
      vertex 107.22510266304016 87.5 43.42603651434183
      vertex 107.07174451649189 87.5 43.95389869809151
      vertex 119.5 87.5 56
    endloop
  endfacet
  facet normal 0 1 0
    outer loop
      vertex 107.43100363761187 87.5 42.34666579216719
      vertex 107.34501344710588 87.5 42.8895865008235
      vertex 119.5 87.5 56
    endloop
  endfacet
  facet normal 0 1 0
    outer loop
      vertex 107.34501344710588 87.5 42.8895865008235
      vertex 107.22510266304016 87.5 43.42603651434183
      vertex 119.5 87.5 56
    endloop
  endfacet
  facet normal 0 1 0
    outer loop
      vertex 107.07174451649189 87.5 43.95389869809151
      vertex 106.88554424792528 87.5 44.47108983248472
      vertex 119.5 87.5 56
    endloop
  endfacet
  facet normal 0 1 0
    outer loop
      vertex 106.88554424792528 87.5 44.47108983248472
      vertex 106.66723670810461 87.5 44.97556880116463
      vertex 119.5 87.5 56
    endloop
  endfacet
  facet normal 0 1 0
    outer loop
      vertex 106.66723670810461 87.5 44.97556880116463
      vertex 106.41768345236778 87.5 45.46534464508295
      vertex 119.5 87.5 56
    endloop
  endfacet
  facet normal 0 1 0
    outer loop
      vertex 106.13786935061216 87.5 45.93848445266485
      vertex 119.5 87.5 56
      vertex 106.41768345236778 87.5 45.46534464508295
    endloop
  endfacet
  facet normal 0 1 0
    outer loop
      vertex 106.13786935061216 87.5 45.93848445266485
      vertex 105.8288986980915 87.5 46.39312095940113
      vertex 119.5 87.5 56
    endloop
  endfacet
  facet normal 0 1 0
    outer loop
      vertex 105.8288986980915 87.5 46.39312095940113
      vertex 105.49199087172747 87.5 46.827459909021854
      vertex 119.5 87.5 56
    endloop
  endfacet
  facet normal 0 1 0
    outer loop
      vertex 105.49199087172747 87.5 46.827459909021854
      vertex 105.12847548723221 87.5 47.23978717625141
      vertex 115.5 87.5 60
    endloop
  endfacet
  facet normal 0 1 0
    outer loop
      vertex 104.32745990902185 87.5 47.99199087172747
      vertex 103.89312095940113 87.5 48.32889869809151
      vertex 115.5 87.5 60
    endloop
  endfacet
  facet normal 0 1 0
    outer loop
      vertex 103.89312095940113 87.5 48.32889869809151
      vertex 103.43848445266485 87.5 48.63786935061216
      vertex 115.5 87.5 60
    endloop
  endfacet
  facet normal 0 1 0
    outer loop
      vertex 104.73978717625141 87.5 47.62847548723221
      vertex 115.5 87.5 60
      vertex 105.12847548723221 87.5 47.23978717625141
    endloop
  endfacet
  facet normal 0 1 0
    outer loop
      vertex 104.73978717625141 87.5 47.62847548723221
      vertex 104.32745990902185 87.5 47.99199087172747
      vertex 115.5 87.5 60
    endloop
  endfacet
  facet normal 0 1 0
    outer loop
      vertex 87 87.5 60
      vertex 97.1104134991765 87.5 49.845013447105885
      vertex 96.57396348565817 87.5 49.72510266304016
    endloop
  endfacet
  facet normal 0 1 0
    outer loop
      vertex 87 87.5 60
      vertex 97.65333420783281 87.5 49.931003637611866
      vertex 97.1104134991765 87.5 49.845013447105885
    endloop
  endfacet
  facet normal 0 1 0
    outer loop
      vertex 87 87.5 60
      vertex 98.2005829513073 87.5 49.98273387551308
      vertex 97.65333420783281 87.5 49.931003637611866
    endloop
  endfacet
  facet normal 0 1 0
    outer loop
      vertex 87 87.5 60
      vertex 98.75 87.5 50
      vertex 98.2005829513073 87.5 49.98273387551308
    endloop
  endfacet
  facet normal 0 1 0
    outer loop
      vertex 87 87.5 60
      vertex 99.2994170486927 87.5 49.98273387551308
      vertex 98.75 87.5 50
    endloop
  endfacet
  facet normal 0 1 0
    outer loop
      vertex 87 87.5 60
      vertex 99.84666579216719 87.5 49.931003637611866
      vertex 99.2994170486927 87.5 49.98273387551308
    endloop
  endfacet
  facet normal 0 1 0
    outer loop
      vertex 87 87.5 60
      vertex 100.3895865008235 87.5 49.845013447105885
      vertex 99.84666579216719 87.5 49.931003637611866
    endloop
  endfacet
  facet normal 0 1 0
    outer loop
      vertex 87 87.5 60
      vertex 100.92603651434183 87.5 49.72510266304016
      vertex 100.3895865008235 87.5 49.845013447105885
    endloop
  endfacet
  facet normal 0 1 0
    outer loop
      vertex 101.4538986980915 87.5 49.57174451649189
      vertex 100.92603651434183 87.5 49.72510266304016
      vertex 115.5 87.5 60
    endloop
  endfacet
  facet normal 0 1 0
    outer loop
      vertex 101.4538986980915 87.5 49.57174451649189
      vertex 115.5 87.5 60
      vertex 101.97108983248472 87.5 49.38554424792528
    endloop
  endfacet
  facet normal 0 0 1
    outer loop
      vertex 87 86.69615242630243 60
      vertex 115.5 87.5 60
      vertex 87 87.5 60
    endloop
  endfacet
  facet normal 0 1 0
    outer loop
      vertex 87 87.5 60
      vertex 115.5 87.5 60
      vertex 100.92603651434183 87.5 49.72510266304016
    endloop
  endfacet
  facet normal 0 1 0
    outer loop
      vertex 102.96534464508295 87.5 48.91768345236778
      vertex 102.47556880116463 87.5 49.16723670810461
      vertex 115.5 87.5 60
    endloop
  endfacet
  facet normal 0 1 0
    outer loop
      vertex 102.47556880116463 87.5 49.16723670810461
      vertex 101.97108983248472 87.5 49.38554424792528
      vertex 115.5 87.5 60
    endloop
  endfacet
  facet normal 0 1 0
    outer loop
      vertex 103.43848445266485 87.5 48.63786935061216
      vertex 102.96534464508295 87.5 48.91768345236778
      vertex 115.5 87.5 60
    endloop
  endfacet
  facet normal 0 1 0
    outer loop
      vertex 105.49199087172747 87.5 46.827459909021854
      vertex 115.5 87.5 60
      vertex 119.5 87.5 56
    endloop
  endfacet
endsolid OpenSCAD_Model
