solid OpenSCAD_Model
  facet normal -0.7771459589704364 -0.6293203941204519 0
    outer loop
      vertex -88.85410196334124 -85.02671151608229 0
      vertex -88.45886895060539 -85.51478363573551 0
      vertex -88.85410196334124 -85.02671151608229 2
    endloop
  endfacet
  facet normal -0.5446390406067345 -0.8386705643141267 0
    outer loop
      vertex -87.52671151608229 -86.35410196334124 0
      vertex -87 -86.69615242630243 0
      vertex -87.52671151608229 -86.35410196334124 2
    endloop
  endfacet
  facet normal -0.7071067811865475 -0.7071067811865475 0
    outer loop
      vertex -88.45886895060539 -85.51478363573551 0
      vertex -88.01478363573551 -85.95886895060539 0
      vertex -88.45886895060539 -85.51478363573551 2
    endloop
  endfacet
  facet normal -0.6293203941204519 -0.7771459589704364 0
    outer loop
      vertex -87.52671151608229 -86.35410196334124 0
      vertex -88.01478363573551 -85.95886895060539 2
      vertex -88.01478363573551 -85.95886895060539 0
    endloop
  endfacet
  facet normal -0.8386705643141267 -0.5446390406067345 0
    outer loop
      vertex -88.85410196334124 -85.02671151608229 0
      vertex -88.85410196334124 -85.02671151608229 2
      vertex -89.19615242630243 -84.5 2
    endloop
  endfacet
  facet normal -0.6293203941204519 -0.7771459589704364 0
    outer loop
      vertex -87.52671151608229 -86.35410196334124 0
      vertex -87.52671151608229 -86.35410196334124 2
      vertex -88.01478363573551 -85.95886895060539 2
    endloop
  endfacet
  facet normal -0.7071067811865475 -0.7071067811865475 0
    outer loop
      vertex -88.01478363573551 -85.95886895060539 0
      vertex -88.01478363573551 -85.95886895060539 2
      vertex -88.45886895060539 -85.51478363573551 2
    endloop
  endfacet
  facet normal -0.7771459589704364 -0.6293203941204519 0
    outer loop
      vertex -88.45886895060539 -85.51478363573551 0
      vertex -88.45886895060539 -85.51478363573551 2
      vertex -88.85410196334124 -85.02671151608229 2
    endloop
  endfacet
  facet normal -0.8910065283221497 -0.4539904916265432 0
    outer loop
      vertex -89.48127274215221 -83.94041986018419 0
      vertex -89.19615242630243 -84.5 0
      vertex -89.48127274215221 -83.94041986018419 2
    endloop
  endfacet
  facet normal -0.9335804250773434 -0.35836795324415743 0
    outer loop
      vertex -89.48127274215221 -83.94041986018419 0
      vertex -89.70633909851313 -83.35410196334124 2
      vertex -89.70633909851313 -83.35410196334124 0
    endloop
  endfacet
  facet normal -0.8386705643141267 -0.5446390406067345 0
    outer loop
      vertex -88.85410196334124 -85.02671151608229 0
      vertex -89.19615242630243 -84.5 2
      vertex -89.19615242630243 -84.5 0
    endloop
  endfacet
  facet normal -0.9659258251084867 -0.25881904950851087 0
    outer loop
      vertex -89.70633909851313 -83.35410196334124 0
      vertex -89.86888560652733 -82.74747014790773 2
      vertex -89.86888560652733 -82.74747014790773 0
    endloop
  endfacet
  facet normal -0.9876883421006547 -0.15643445553477123 0
    outer loop
      vertex -89.86888560652733 -82.74747014790773 0
      vertex -89.9671313688159 -82.12717077881098 2
      vertex -89.9671313688159 -82.12717077881098 0
    endloop
  endfacet
  facet normal -0.9335804250773434 -0.35836795324415743 0
    outer loop
      vertex -89.48127274215221 -83.94041986018419 0
      vertex -89.48127274215221 -83.94041986018419 2
      vertex -89.70633909851313 -83.35410196334124 2
    endloop
  endfacet
  facet normal -0.8910065283221497 -0.4539904916265432 0
    outer loop
      vertex -89.19615242630243 -84.5 0
      vertex -89.19615242630243 -84.5 2
      vertex -89.48127274215221 -83.94041986018419 2
    endloop
  endfacet
  facet normal -0.9659258251084867 -0.25881904950851087 0
    outer loop
      vertex -89.70633909851313 -83.35410196334124 0
      vertex -89.70633909851313 -83.35410196334124 2
      vertex -89.86888560652733 -82.74747014790773 2
    endloop
  endfacet
  facet normal -0.9876883421006547 -0.15643445553477123 0
    outer loop
      vertex -89.86888560652733 -82.74747014790773 0
      vertex -89.86888560652733 -82.74747014790773 2
      vertex -89.9671313688159 -82.12717077881098 2
    endloop
  endfacet
  facet normal -0.4539904916265432 -0.8910065283221497 0
    outer loop
      vertex -87 -86.69615242630243 0
      vertex -86.44041986018419 -86.98127274215221 0
      vertex -87 -86.69615242630243 2
    endloop
  endfacet
  facet normal -0.35836795324415743 -0.9335804250773434 0
    outer loop
      vertex -86.44041986018419 -86.98127274215221 0
      vertex -85.85410196334124 -87.20633909851313 0
      vertex -86.44041986018419 -86.98127274215221 2
    endloop
  endfacet
  facet normal -0.25881904950851087 -0.9659258251084867 0
    outer loop
      vertex -85.85410196334124 -87.20633909851313 0
      vertex -85.24747014790773 -87.36888560652733 0
      vertex -85.85410196334124 -87.20633909851313 2
    endloop
  endfacet
  facet normal -0.15643445553477123 -0.9876883421006547 0
    outer loop
      vertex -85.24747014790773 -87.36888560652733 0
      vertex -84.62717077881098 -87.4671313688159 0
      vertex -85.24747014790773 -87.36888560652733 2
    endloop
  endfacet
  facet normal -0.052335961698072614 -0.9986295344686826 0
    outer loop
      vertex -84.62717077881098 -87.4671313688159 0
      vertex -84 -87.5 0
      vertex -84.62717077881098 -87.4671313688159 2
    endloop
  endfacet
  facet normal -0.4539904916265432 -0.8910065283221497 0
    outer loop
      vertex -86.44041986018419 -86.98127274215221 0
      vertex -86.44041986018419 -86.98127274215221 2
      vertex -87 -86.69615242630243 2
    endloop
  endfacet
  facet normal -0.5446390406067345 -0.8386705643141267 0
    outer loop
      vertex -87 -86.69615242630243 0
      vertex -87 -86.69615242630243 2
      vertex -87.52671151608229 -86.35410196334124 2
    endloop
  endfacet
  facet normal -0.35836795324415743 -0.9335804250773434 0
    outer loop
      vertex -85.85410196334124 -87.20633909851313 0
      vertex -85.85410196334124 -87.20633909851313 2
      vertex -86.44041986018419 -86.98127274215221 2
    endloop
  endfacet
  facet normal -0.25881904950851087 -0.9659258251084867 0
    outer loop
      vertex -85.24747014790773 -87.36888560652733 0
      vertex -85.24747014790773 -87.36888560652733 2
      vertex -85.85410196334124 -87.20633909851313 2
    endloop
  endfacet
  facet normal -0.15643445553477123 -0.9876883421006547 0
    outer loop
      vertex -84.62717077881098 -87.4671313688159 0
      vertex -84.62717077881098 -87.4671313688159 2
      vertex -85.24747014790773 -87.36888560652733 2
    endloop
  endfacet
  facet normal -0.9986295344686826 -0.052335961698072614 0
    outer loop
      vertex -89.9671313688159 -82.12717077881098 0
      vertex -90 -81.5 2
      vertex -90 -81.5 0
    endloop
  endfacet
  facet normal 0 0 -1
    outer loop
      vertex -89.86888560652733 -82.74747014790773 0
      vertex -89.9671313688159 -82.12717077881098 0
      vertex -82.22671805531516 -75.94424596888753 0
    endloop
  endfacet
  facet normal 0 0 -1
    outer loop
      vertex -89.9671313688159 -82.12717077881098 0
      vertex -90 -81.5 0
      vertex -82.25 -75.5 0
    endloop
  endfacet
  facet normal -0.9986295344686826 -0.052335961698072614 0
    outer loop
      vertex -89.9671313688159 -82.12717077881098 0
      vertex -89.9671313688159 -82.12717077881098 2
      vertex -90 -81.5 2
    endloop
  endfacet
  facet normal 0 0 -1
    outer loop
      vertex -89.86888560652733 -82.74747014790773 0
      vertex -81.88256819498105 -77.22863073307215 0
      vertex -81.68060796608387 -77.625 0
    endloop
  endfacet
  facet normal 0 0 -1
    outer loop
      vertex -89.86888560652733 -82.74747014790773 0
      vertex -82.0419901942544 -76.81332222609353 0
      vertex -81.88256819498105 -77.22863073307215 0
    endloop
  endfacet
  facet normal 0 0 -1
    outer loop
      vertex -89.86888560652733 -82.74747014790773 0
      vertex -82.15712730311867 -76.38362468597548 0
      vertex -82.0419901942544 -76.81332222609353 0
    endloop
  endfacet
  facet normal 0 0 -1
    outer loop
      vertex -89.86888560652733 -82.74747014790773 0
      vertex -82.22671805531516 -75.94424596888753 0
      vertex -82.15712730311867 -76.38362468597548 0
    endloop
  endfacet
  facet normal 0 0 -1
    outer loop
      vertex -89.9671313688159 -82.12717077881098 0
      vertex -82.25 -75.5 0
      vertex -82.22671805531516 -75.94424596888753 0
    endloop
  endfacet
  facet normal 0 0 -1
    outer loop
      vertex -90 -81.5 0
      vertex -82.22671805531516 -75.05575403111247 0
      vertex -82.25 -75.5 0
    endloop
  endfacet
  facet normal 0 0 -1
    outer loop
      vertex -90 -81.5 0
      vertex -82.15712730311867 -74.61637531402452 0
      vertex -82.22671805531516 -75.05575403111247 0
    endloop
  endfacet
  facet normal -0.052335961698072614 -0.9986295344686826 0
    outer loop
      vertex -84.62717077881098 -87.4671313688159 2
      vertex -84 -87.5 0
      vertex -84 -87.5 2
    endloop
  endfacet
  facet normal 0 0 -1
    outer loop
      vertex -89.86888560652733 -82.74747014790773 0
      vertex -80.84380507702515 -78.65836550827892 0
      vertex -80.49808732224301 -78.93832222609353 0
    endloop
  endfacet
  facet normal 0 0 -1
    outer loop
      vertex -89.86888560652733 -82.74747014790773 0
      vertex -81.43832222609353 -77.99808732224301 0
      vertex -81.15836550827892 -78.34380507702515 0
    endloop
  endfacet
  facet normal 0 0 -1
    outer loop
      vertex -89.86888560652733 -82.74747014790773 0
      vertex -81.68060796608387 -77.625 0
      vertex -81.43832222609353 -77.99808732224301 0
    endloop
  endfacet
  facet normal 0 0 -1
    outer loop
      vertex -89.86888560652733 -82.74747014790773 0
      vertex -81.15836550827892 -78.34380507702515 0
      vertex -80.84380507702515 -78.65836550827892 0
    endloop
  endfacet
  facet normal 0 0 -1
    outer loop
      vertex -89.86888560652733 -82.74747014790773 0
      vertex -80.49808732224301 -78.93832222609353 0
      vertex -80.125 -79.18060796608387 0
    endloop
  endfacet
  facet normal 0 0 -1
    outer loop
      vertex -89.86888560652733 -82.74747014790773 0
      vertex -80.125 -79.18060796608387 0
      vertex -79.72863073307215 -79.38256819498105 0
    endloop
  endfacet
  facet normal 0 0 -1
    outer loop
      vertex -89.86888560652733 -82.74747014790773 0
      vertex -79.72863073307215 -79.38256819498105 0
      vertex -79.31332222609353 -79.5419901942544 0
    endloop
  endfacet
  facet normal 0 0 -1
    outer loop
      vertex -89.86888560652733 -82.74747014790773 0
      vertex -78.88362468597548 -79.65712730311867 0
      vertex -78.44424596888753 -79.72671805531516 0
    endloop
  endfacet
  facet normal 0 0 -1
    outer loop
      vertex -89.86888560652733 -82.74747014790773 0
      vertex -78.44424596888753 -79.72671805531516 0
      vertex -78 -79.75 0
    endloop
  endfacet
  facet normal 0 0 -1
    outer loop
      vertex -89.86888560652733 -82.74747014790773 0
      vertex -79.31332222609353 -79.5419901942544 0
      vertex -78.88362468597548 -79.65712730311867 0
    endloop
  endfacet
  facet normal -0.7771459589704364 -0.6293203941204519 0
    outer loop
      vertex -88.85410196334124 -85.02671151608229 2
      vertex -88.45886895060539 -85.51478363573551 2
      vertex -88.85410196334124 -85.02671151608229 60
    endloop
  endfacet
  facet normal -0.5446390406067345 -0.8386705643141267 0
    outer loop
      vertex -87.52671151608229 -86.35410196334124 2
      vertex -87 -86.69615242630243 2
      vertex -87.52671151608229 -86.35410196334124 60
    endloop
  endfacet
  facet normal -0.7071067811865476 -0.7071067811865476 0
    outer loop
      vertex -88.45886895060539 -85.51478363573551 2
      vertex -88.01478363573551 -85.95886895060539 2
      vertex -88.45886895060539 -85.51478363573551 60
    endloop
  endfacet
  facet normal -0.6293203941204519 -0.7771459589704364 0
    outer loop
      vertex -87.52671151608229 -86.35410196334124 2
      vertex -88.01478363573551 -85.95886895060539 60
      vertex -88.01478363573551 -85.95886895060539 2
    endloop
  endfacet
  facet normal -0.8910065283221495 -0.4539904916265432 0
    outer loop
      vertex -89.48127274215221 -83.94041986018419 2
      vertex -89.19615242630243 -84.5 2
      vertex -89.48127274215221 -83.94041986018419 60
    endloop
  endfacet
  facet normal -0.9335804250773435 -0.3583679532441575 0
    outer loop
      vertex -89.48127274215221 -83.94041986018419 2
      vertex -89.70633909851313 -83.35410196334124 60
      vertex -89.70633909851313 -83.35410196334124 2
    endloop
  endfacet
  facet normal -0.8386705643141267 -0.5446390406067345 0
    outer loop
      vertex -88.85410196334124 -85.02671151608229 2
      vertex -89.19615242630243 -84.5 60
      vertex -89.19615242630243 -84.5 2
    endloop
  endfacet
  facet normal -0.9659258251084867 -0.25881904950851087 0
    outer loop
      vertex -89.70633909851313 -83.35410196334124 2
      vertex -89.86888560652733 -82.74747014790773 60
      vertex -89.86888560652733 -82.74747014790773 2
    endloop
  endfacet
  facet normal -0.9876883421006546 -0.15643445553477123 0
    outer loop
      vertex -89.86888560652733 -82.74747014790773 2
      vertex -89.9671313688159 -82.12717077881098 60
      vertex -89.9671313688159 -82.12717077881098 2
    endloop
  endfacet
  facet normal -0.4539904916265432 -0.8910065283221495 0
    outer loop
      vertex -87 -86.69615242630243 2
      vertex -86.44041986018419 -86.98127274215221 2
      vertex -87 -86.69615242630243 60
    endloop
  endfacet
  facet normal -0.3583679532441575 -0.9335804250773435 0
    outer loop
      vertex -86.44041986018419 -86.98127274215221 2
      vertex -85.85410196334124 -87.20633909851313 2
      vertex -86.44041986018419 -86.98127274215221 60
    endloop
  endfacet
  facet normal -0.25881904950851087 -0.9659258251084867 0
    outer loop
      vertex -85.85410196334124 -87.20633909851313 2
      vertex -85.24747014790773 -87.36888560652733 2
      vertex -85.85410196334124 -87.20633909851313 60
    endloop
  endfacet
  facet normal -0.15643445553477123 -0.9876883421006546 0
    outer loop
      vertex -85.24747014790773 -87.36888560652733 2
      vertex -84.62717077881098 -87.4671313688159 2
      vertex -85.24747014790773 -87.36888560652733 60
    endloop
  endfacet
  facet normal -0.05233596169807261 -0.9986295344686825 0
    outer loop
      vertex -84.62717077881098 -87.4671313688159 2
      vertex -84 -87.5 2
      vertex -84.62717077881098 -87.4671313688159 60
    endloop
  endfacet
  facet normal -0.9986295344686825 -0.05233596169807261 0
    outer loop
      vertex -89.9671313688159 -82.12717077881098 2
      vertex -90 -81.5 60
      vertex -90 -81.5 2
    endloop
  endfacet
  facet normal 0.8386705679454243 0.5446390350150269 0
    outer loop
      vertex -81.68060796608387 -77.625 57.8
      vertex -81.43832222609353 -77.99808732224301 0
      vertex -81.68060796608387 -77.625 0
    endloop
  endfacet
  facet normal 0.8910065241883779 0.453990499739527 0
    outer loop
      vertex -81.88256819498105 -77.22863073307215 57.8
      vertex -81.68060796608387 -77.625 0
      vertex -81.88256819498105 -77.22863073307215 0
    endloop
  endfacet
  facet normal 0.9335804264972004 0.3583679495453039 0
    outer loop
      vertex -82.0419901942544 -76.81332222609353 57.8
      vertex -81.88256819498105 -77.22863073307215 0
      vertex -82.0419901942544 -76.81332222609353 0
    endloop
  endfacet
  facet normal 0.3583679495453039 0.9335804264972004 0
    outer loop
      vertex -79.72863073307215 -79.38256819498105 57.8
      vertex -79.31332222609353 -79.5419901942544 0
      vertex -79.72863073307215 -79.38256819498105 0
    endloop
  endfacet
  facet normal 0.2588190451025243 0.9659258262890674 0
    outer loop
      vertex -79.31332222609353 -79.5419901942544 57.8
      vertex -78.88362468597548 -79.65712730311867 0
      vertex -79.31332222609353 -79.5419901942544 0
    endloop
  endfacet
  facet normal 0.7771459614569629 0.629320391049847 0
    outer loop
      vertex -81.43832222609353 -77.99808732224301 57.8
      vertex -81.15836550827892 -78.34380507702515 0
      vertex -81.43832222609353 -77.99808732224301 0
    endloop
  endfacet
  facet normal 0.7071067811865475 0.7071067811865475 0
    outer loop
      vertex -81.15836550827892 -78.34380507702515 57.8
      vertex -80.84380507702515 -78.65836550827892 0
      vertex -81.15836550827892 -78.34380507702515 0
    endloop
  endfacet
  facet normal 0.629320391049847 0.7771459614569629 0
    outer loop
      vertex -80.84380507702515 -78.65836550827892 57.8
      vertex -80.49808732224301 -78.93832222609353 0
      vertex -80.84380507702515 -78.65836550827892 0
    endloop
  endfacet
  facet normal 0.5446390350150269 0.8386705679454243 0
    outer loop
      vertex -80.49808732224301 -78.93832222609353 57.8
      vertex -80.125 -79.18060796608387 0
      vertex -80.49808732224301 -78.93832222609353 0
    endloop
  endfacet
  facet normal 0.453990499739527 0.8910065241883779 0
    outer loop
      vertex -80.125 -79.18060796608387 57.8
      vertex -79.72863073307215 -79.38256819498105 0
      vertex -80.125 -79.18060796608387 0
    endloop
  endfacet
  facet normal 0.9659258262890674 0.2588190451025243 0
    outer loop
      vertex -82.15712730311867 -76.38362468597548 57.8
      vertex -82.0419901942544 -76.81332222609353 0
      vertex -82.15712730311867 -76.38362468597548 0
    endloop
  endfacet
  facet normal 0.9876883405951369 0.15643446504023623 0
    outer loop
      vertex -82.22671805531516 -75.94424596888753 57.8
      vertex -82.15712730311867 -76.38362468597548 0
      vertex -82.22671805531516 -75.94424596888753 0
    endloop
  endfacet
  facet normal 0.9986295347545737 0.05233595624294645 0
    outer loop
      vertex -82.25 -75.5 57.8
      vertex -82.22671805531516 -75.94424596888753 0
      vertex -82.25 -75.5 0
    endloop
  endfacet
  facet normal 0.9986295347545737 -0.05233595624294645 0
    outer loop
      vertex -82.22671805531516 -75.05575403111247 57.8
      vertex -82.25 -75.5 0
      vertex -82.22671805531516 -75.05575403111247 0
    endloop
  endfacet
  facet normal 0.9876883405951369 -0.15643446504023623 0
    outer loop
      vertex -82.15712730311867 -74.61637531402452 57.8
      vertex -82.22671805531516 -75.05575403111247 0
      vertex -82.15712730311867 -74.61637531402452 0
    endloop
  endfacet
  facet normal 0.9659258262890674 -0.2588190451025243 0
    outer loop
      vertex -82.0419901942544 -74.18667777390647 57.8
      vertex -82.15712730311867 -74.61637531402452 0
      vertex -82.0419901942544 -74.18667777390647 0
    endloop
  endfacet
  facet normal 0.9335804264972004 -0.3583679495453039 0
    outer loop
      vertex -81.88256819498105 -73.77136926692785 57.8
      vertex -82.0419901942544 -74.18667777390647 0
      vertex -81.88256819498105 -73.77136926692785 0
    endloop
  endfacet
  facet normal 0.8910065241883779 -0.453990499739527 0
    outer loop
      vertex -81.68060796608387 -73.375 57.8
      vertex -81.88256819498105 -73.77136926692785 0
      vertex -81.68060796608387 -73.375 0
    endloop
  endfacet
  facet normal 0.8386705679454243 -0.5446390350150269 0
    outer loop
      vertex -81.43832222609353 -73.00191267775699 57.8
      vertex -81.68060796608387 -73.375 0
      vertex -81.43832222609353 -73.00191267775699 0
    endloop
  endfacet
  facet normal 0.7771459614569629 -0.629320391049847 0
    outer loop
      vertex -81.15836550827892 -72.65619492297485 57.8
      vertex -81.43832222609353 -73.00191267775699 0
      vertex -81.15836550827892 -72.65619492297485 0
    endloop
  endfacet
  facet normal 0.7071067811865475 -0.7071067811865475 0
    outer loop
      vertex -80.84380507702515 -72.34163449172108 57.8
      vertex -81.15836550827892 -72.65619492297485 0
      vertex -80.84380507702515 -72.34163449172108 0
    endloop
  endfacet
  facet normal 0.629320391049847 -0.7771459614569629 0
    outer loop
      vertex -80.49808732224301 -72.06167777390647 57.8
      vertex -80.84380507702515 -72.34163449172108 0
      vertex -80.49808732224301 -72.06167777390647 0
    endloop
  endfacet
  facet normal 0.5446390350150269 -0.8386705679454243 0
    outer loop
      vertex -80.125 -71.81939203391613 57.8
      vertex -80.49808732224301 -72.06167777390647 0
      vertex -80.125 -71.81939203391613 0
    endloop
  endfacet
  facet normal 0.453990499739527 -0.8910065241883779 0
    outer loop
      vertex -79.72863073307215 -71.61743180501895 57.8
      vertex -80.125 -71.81939203391613 0
      vertex -79.72863073307215 -71.61743180501895 0
    endloop
  endfacet
  facet normal 0.3583679495453039 -0.9335804264972004 0
    outer loop
      vertex -79.31332222609353 -71.4580098057456 57.8
      vertex -79.72863073307215 -71.61743180501895 0
      vertex -79.31332222609353 -71.4580098057456 0
    endloop
  endfacet
  facet normal 0.2588190451025243 -0.9659258262890674 0
    outer loop
      vertex -78.88362468597548 -71.34287269688133 57.8
      vertex -79.31332222609353 -71.4580098057456 0
      vertex -78.88362468597548 -71.34287269688133 0
    endloop
  endfacet
  facet normal 0.15643446504023623 0.9876883405951369 0
    outer loop
      vertex -78.88362468597548 -79.65712730311867 57.8
      vertex -78.44424596888753 -79.72671805531516 0
      vertex -78.88362468597548 -79.65712730311867 0
    endloop
  endfacet
  facet normal 0.05233595624294645 0.9986295347545737 0
    outer loop
      vertex -78.44424596888753 -79.72671805531516 57.8
      vertex -78 -79.75 0
      vertex -78.44424596888753 -79.72671805531516 0
    endloop
  endfacet
  facet normal -0.05233595624294645 0.9986295347545737 0
    outer loop
      vertex -78 -79.75 57.8
      vertex -77.55575403111247 -79.72671805531516 0
      vertex -78 -79.75 0
    endloop
  endfacet
  facet normal -0.15643446504023623 0.9876883405951369 0
    outer loop
      vertex -77.55575403111247 -79.72671805531516 57.8
      vertex -77.11637531402452 -79.65712730311867 0
      vertex -77.55575403111247 -79.72671805531516 0
    endloop
  endfacet
  facet normal -0.2588190451025243 0.9659258262890674 0
    outer loop
      vertex -77.11637531402452 -79.65712730311867 57.8
      vertex -76.68667777390647 -79.5419901942544 0
      vertex -77.11637531402452 -79.65712730311867 0
    endloop
  endfacet
  facet normal -0.3583679495453039 0.9335804264972004 0
    outer loop
      vertex -76.68667777390647 -79.5419901942544 57.8
      vertex -76.27136926692785 -79.38256819498105 0
      vertex -76.68667777390647 -79.5419901942544 0
    endloop
  endfacet
  facet normal -0.453990499739527 0.8910065241883779 0
    outer loop
      vertex -76.27136926692785 -79.38256819498105 57.8
      vertex -75.875 -79.18060796608387 0
      vertex -76.27136926692785 -79.38256819498105 0
    endloop
  endfacet
  facet normal -0.5446390350150269 0.8386705679454243 0
    outer loop
      vertex -75.875 -79.18060796608387 57.8
      vertex -75.50191267775699 -78.93832222609353 0
      vertex -75.875 -79.18060796608387 0
    endloop
  endfacet
  facet normal -0.629320391049847 0.7771459614569629 0
    outer loop
      vertex -75.50191267775699 -78.93832222609353 57.8
      vertex -75.15619492297485 -78.65836550827892 0
      vertex -75.50191267775699 -78.93832222609353 0
    endloop
  endfacet
  facet normal -0.7071067811865475 0.7071067811865475 0
    outer loop
      vertex -75.15619492297485 -78.65836550827892 57.8
      vertex -74.84163449172108 -78.34380507702515 0
      vertex -75.15619492297485 -78.65836550827892 0
    endloop
  endfacet
  facet normal -0.7771459614569629 0.629320391049847 0
    outer loop
      vertex -74.84163449172108 -78.34380507702515 57.8
      vertex -74.56167777390647 -77.99808732224301 0
      vertex -74.84163449172108 -78.34380507702515 0
    endloop
  endfacet
  facet normal -0.8386705679454243 0.5446390350150269 0
    outer loop
      vertex -74.56167777390647 -77.99808732224301 57.8
      vertex -74.31939203391613 -77.625 0
      vertex -74.56167777390647 -77.99808732224301 0
    endloop
  endfacet
  facet normal -0.8910065241883779 0.453990499739527 0
    outer loop
      vertex -74.31939203391613 -77.625 57.8
      vertex -74.11743180501895 -77.22863073307215 0
      vertex -74.31939203391613 -77.625 0
    endloop
  endfacet
  facet normal -0.9335804264972004 0.3583679495453039 0
    outer loop
      vertex -74.11743180501895 -77.22863073307215 57.8
      vertex -73.9580098057456 -76.81332222609353 0
      vertex -74.11743180501895 -77.22863073307215 0
    endloop
  endfacet
  facet normal -0.9659258262890674 0.2588190451025243 0
    outer loop
      vertex -73.9580098057456 -76.81332222609353 57.8
      vertex -73.84287269688133 -76.38362468597548 0
      vertex -73.9580098057456 -76.81332222609353 0
    endloop
  endfacet
  facet normal 0.15643446504023623 -0.9876883405951369 0
    outer loop
      vertex -78.44424596888753 -71.27328194468484 57.8
      vertex -78.88362468597548 -71.34287269688133 0
      vertex -78.44424596888753 -71.27328194468484 0
    endloop
  endfacet
  facet normal 0.05233595624294645 -0.9986295347545737 0
    outer loop
      vertex -78 -71.25 57.8
      vertex -78.44424596888753 -71.27328194468484 0
      vertex -78 -71.25 0
    endloop
  endfacet
  facet normal -0.05233595624294645 -0.9986295347545737 0
    outer loop
      vertex -77.55575403111247 -71.27328194468484 57.8
      vertex -78 -71.25 0
      vertex -77.55575403111247 -71.27328194468484 0
    endloop
  endfacet
  facet normal -0.15643446504023623 -0.9876883405951369 0
    outer loop
      vertex -77.11637531402452 -71.34287269688133 57.8
      vertex -77.55575403111247 -71.27328194468484 0
      vertex -77.11637531402452 -71.34287269688133 0
    endloop
  endfacet
  facet normal -0.2588190451025243 -0.9659258262890674 0
    outer loop
      vertex -76.68667777390647 -71.4580098057456 57.8
      vertex -77.11637531402452 -71.34287269688133 0
      vertex -76.68667777390647 -71.4580098057456 0
    endloop
  endfacet
  facet normal -0.3583679495453039 -0.9335804264972004 0
    outer loop
      vertex -76.27136926692785 -71.61743180501895 57.8
      vertex -76.68667777390647 -71.4580098057456 0
      vertex -76.27136926692785 -71.61743180501895 0
    endloop
  endfacet
  facet normal -0.453990499739527 -0.8910065241883779 0
    outer loop
      vertex -75.875 -71.81939203391613 57.8
      vertex -76.27136926692785 -71.61743180501895 0
      vertex -75.875 -71.81939203391613 0
    endloop
  endfacet
  facet normal -0.9876883405951369 0.15643446504023623 0
    outer loop
      vertex -73.84287269688133 -76.38362468597548 57.8
      vertex -73.77328194468484 -75.94424596888753 0
      vertex -73.84287269688133 -76.38362468597548 0
    endloop
  endfacet
  facet normal -0.9986295347545737 0.05233595624294645 0
    outer loop
      vertex -73.77328194468484 -75.94424596888753 57.8
      vertex -73.75 -75.5 0
      vertex -73.77328194468484 -75.94424596888753 0
    endloop
  endfacet
  facet normal -0.9986295347545737 -0.05233595624294645 0
    outer loop
      vertex -73.75 -75.5 57.8
      vertex -73.77328194468484 -75.05575403111247 0
      vertex -73.75 -75.5 0
    endloop
  endfacet
  facet normal -0.9659258262890674 -0.2588190451025243 0
    outer loop
      vertex -73.84287269688133 -74.61637531402452 57.8
      vertex -73.9580098057456 -74.18667777390647 0
      vertex -73.84287269688133 -74.61637531402452 0
    endloop
  endfacet
  facet normal -0.9335804264972004 -0.3583679495453039 0
    outer loop
      vertex -73.9580098057456 -74.18667777390647 57.8
      vertex -74.11743180501895 -73.77136926692785 0
      vertex -73.9580098057456 -74.18667777390647 0
    endloop
  endfacet
  facet normal -0.9876883405951369 -0.15643446504023623 0
    outer loop
      vertex -73.77328194468484 -75.05575403111247 57.8
      vertex -73.84287269688133 -74.61637531402452 0
      vertex -73.77328194468484 -75.05575403111247 0
    endloop
  endfacet
  facet normal -0.7071067811865475 -0.7071067811865475 0
    outer loop
      vertex -74.84163449172108 -72.65619492297485 57.8
      vertex -75.15619492297485 -72.34163449172108 0
      vertex -74.84163449172108 -72.65619492297485 0
    endloop
  endfacet
  facet normal -0.7771459614569629 -0.629320391049847 0
    outer loop
      vertex -74.56167777390647 -73.00191267775699 57.8
      vertex -74.84163449172108 -72.65619492297485 0
      vertex -74.56167777390647 -73.00191267775699 0
    endloop
  endfacet
  facet normal -0.5446390350150269 -0.8386705679454243 0
    outer loop
      vertex -75.50191267775699 -72.06167777390647 57.8
      vertex -75.875 -71.81939203391613 0
      vertex -75.50191267775699 -72.06167777390647 0
    endloop
  endfacet
  facet normal -0.629320391049847 -0.7771459614569629 0
    outer loop
      vertex -75.15619492297485 -72.34163449172108 57.8
      vertex -75.50191267775699 -72.06167777390647 0
      vertex -75.15619492297485 -72.34163449172108 0
    endloop
  endfacet
  facet normal -0.8910065241883779 -0.453990499739527 0
    outer loop
      vertex -74.11743180501895 -73.77136926692785 57.8
      vertex -74.31939203391613 -73.375 0
      vertex -74.11743180501895 -73.77136926692785 0
    endloop
  endfacet
  facet normal -0.8386705679454243 -0.5446390350150269 0
    outer loop
      vertex -74.31939203391613 -73.375 57.8
      vertex -74.56167777390647 -73.00191267775699 0
      vertex -74.31939203391613 -73.375 0
    endloop
  endfacet
  facet normal 0.5877852764175114 0.8090169768470806 0
    outer loop
      vertex -70.88552622497082 -65.8412339836359 2
      vertex -71.01246091723442 -65.74901052564383 2
      vertex -71.01246091723442 -65.74901052564383 60
    endloop
  endfacet
  facet normal 0.6293203872485708 0.7771459645351759 0
    outer loop
      vertex -70.88552622497082 -65.8412339836359 2
      vertex -70.88552622497082 -65.8412339836359 60
      vertex -70.03148353099823 -66.53282411396503 2
    endloop
  endfacet
  facet normal 0.8090169768470806 0.5877852764175114 0
    outer loop
      vertex -68.3412339836359 -68.38552622497082 2
      vertex -68.3412339836359 -68.38552622497082 60
      vertex -68.24901052564383 -68.51246091723442 2
    endloop
  endfacet
  facet normal 0.866025407724629 0.4999999931753902 0
    outer loop
      vertex -67.57203072309494 -69.56999537348747 2
      vertex -67.65048070251942 -69.43411602079868 2
      vertex -67.65048070251942 -69.43411602079868 60
    endloop
  endfacet
  facet normal 0.8386705677124385 0.5446390353737932 0
    outer loop
      vertex -68.24901052564383 -68.51246091723442 2
      vertex -68.24901052564383 -68.51246091723442 60
      vertex -67.65048070251942 -69.43411602079868 2
    endloop
  endfacet
  facet normal 0.7431448226754975 0.6691306094706797 0
    outer loop
      vertex -69.13781078904867 -67.41488401591778 2
      vertex -69.13781078904867 -67.41488401591778 60
      vertex -69.03282410651445 -67.53148353844881 2
    endloop
  endfacet
  facet normal 0.6691306042468929 0.7431448273790162 0
    outer loop
      vertex -70.03148353099823 -66.53282411396503 2
      vertex -70.03148353099823 -66.53282411396503 60
      vertex -69.91488402336836 -66.63781078159809 2
    endloop
  endfacet
  facet normal 0.7071067811865476 0.7071067811865476 0
    outer loop
      vertex -69.13781078904867 -67.41488401591778 2
      vertex -69.91488402336836 -66.63781078159809 2
      vertex -69.91488402336836 -66.63781078159809 60
    endloop
  endfacet
  facet normal 0.777145965165893 0.6293203864697001 0
    outer loop
      vertex -68.3412339836359 -68.38552622497082 2
      vertex -69.03282410651445 -67.53148353844881 2
      vertex -69.03282410651445 -67.53148353844881 60
    endloop
  endfacet
  facet normal 0.8386705716328138 0.5446390293369446 0
    outer loop
      vertex -85.42705098539591 -63.133116625249386 2
      vertex -85.59807620942593 -62.86976087093353 2
      vertex -85.59807620942593 -62.86976087093353 60
    endloop
  endfacet
  facet normal 0.7071067811865476 0.7071067811865476 0
    outer loop
      vertex -85.2294344753027 -63.37715268880129 2
      vertex -85.2294344753027 -63.37715268880129 60
      vertex -85.00739181786776 -63.59919534623623 2
    endloop
  endfacet
  facet normal 0.7771459578667895 0.629320395483342 0
    outer loop
      vertex -85.2294344753027 -63.37715268880129 2
      vertex -85.42705098539591 -63.133116625249386 2
      vertex -85.42705098539591 -63.133116625249386 60
    endloop
  endfacet
  facet normal 0.629320395483342 0.7771459578667895 0
    outer loop
      vertex -85.00739181786776 -63.59919534623623 2
      vertex -85.00739181786776 -63.59919534623623 60
      vertex -84.76335575431585 -63.79681185632944 2
    endloop
  endfacet
  facet normal 0.45399049624595805 0.8910065259684402 0
    outer loop
      vertex -84.5 -63.96783708035946 2
      vertex -84.5 -63.96783708035946 60
      vertex -84.2202099263668 -64.11039724200964 2
    endloop
  endfacet
  facet normal 0.5446390293369446 0.8386705716328138 0
    outer loop
      vertex -84.76335575431585 -63.79681185632944 2
      vertex -84.76335575431585 -63.79681185632944 60
      vertex -84.5 -63.96783708035946 2
    endloop
  endfacet
  facet normal 0.9335804259992488 0.358367950842512 0
    outer loop
      vertex -85.85316954553127 -62.29681185632944 2
      vertex -85.85316954553127 -62.29681185632944 60
      vertex -85.7406363710761 -62.58997079730034 2
    endloop
  endfacet
  facet normal 0.9659258237320325 0.25881905464550803 0
    outer loop
      vertex -85.85316954553127 -62.29681185632944 2
      vertex -85.93444280326366 -61.99349594116211 2
      vertex -85.93444280326366 -61.99349594116211 60
    endloop
  endfacet
  facet normal 0.987688339687025 0.15643447077382908 0
    outer loop
      vertex -85.93444280326366 -61.99349594116211 2
      vertex -85.98356568813324 -61.68334626406431 2
      vertex -85.98356568813324 -61.68334626406431 60
    endloop
  endfacet
  facet normal 0.998629535121208 0.052335949247149044 0
    outer loop
      vertex -85.98356568813324 -61.68334626406431 2
      vertex -86 -61.36976087093353 2
      vertex -86 -61.36976087093353 60
    endloop
  endfacet
  facet normal 0.8910065259684402 0.45399049624595805 0
    outer loop
      vertex -85.7406363710761 -62.58997079730034 2
      vertex -85.7406363710761 -62.58997079730034 60
      vertex -85.59807620942593 -62.86976087093353 2
    endloop
  endfacet
  facet normal 0.15643447077382908 0.987688339687025 0
    outer loop
      vertex -83.62373507022858 -64.3042036741972 2
      vertex -83.62373507022858 -64.3042036741972 60
      vertex -83.31358539313078 -64.35332655906677 2
    endloop
  endfacet
  facet normal 0.052335949247149044 0.998629535121208 0
    outer loop
      vertex -83.31358539313078 -64.35332655906677 2
      vertex -83.31358539313078 -64.35332655906677 60
      vertex -83 -64.36976087093353 2
    endloop
  endfacet
  facet normal 0.358367950842512 0.9335804259992488 0
    outer loop
      vertex -84.2202099263668 -64.11039724200964 2
      vertex -84.2202099263668 -64.11039724200964 60
      vertex -83.92705098539591 -64.2229304164648 2
    endloop
  endfacet
  facet normal 0.25881905464550803 0.9659258237320325 0
    outer loop
      vertex -83.62373507022858 -64.3042036741972 2
      vertex -83.92705098539591 -64.2229304164648 2
      vertex -83.92705098539591 -64.2229304164648 60
    endloop
  endfacet
  facet normal -0.052335949247149044 0.998629535121208 0
    outer loop
      vertex -83 -64.36976087093353 2
      vertex -83 -64.36976087093353 60
      vertex -82.68641460686922 -64.35332655906677 2
    endloop
  endfacet
  facet normal -0.15643447077382908 0.987688339687025 0
    outer loop
      vertex -82.68641460686922 -64.35332655906677 2
      vertex -82.68641460686922 -64.35332655906677 60
      vertex -82.37626492977142 -64.3042036741972 2
    endloop
  endfacet
  facet normal -0.25881905464550803 0.9659258237320325 0
    outer loop
      vertex -82.37626492977142 -64.3042036741972 2
      vertex -82.37626492977142 -64.3042036741972 60
      vertex -82.07294901460409 -64.2229304164648 2
    endloop
  endfacet
  facet normal -0.33380684456549964 0.9426414962864854 0
    outer loop
      vertex -82.07294901460409 -64.2229304164648 2
      vertex -82.07294901460409 -64.2229304164648 60
      vertex -81.92489618808031 -64.17050216346979 2
    endloop
  endfacet
  facet normal -0.3583679382646259 0.933580430827447 0
    outer loop
      vertex -81.92489618808031 -64.17050216346979 2
      vertex -81.92489618808031 -64.17050216346979 60
      vertex -81.7815439850092 -64.11547441035509 2
    endloop
  endfacet
  facet normal -0.3090170204861316 0.9510565078111152 0
    outer loop
      vertex -81.7815439850092 -64.11547441035509 2
      vertex -81.7815439850092 -64.11547441035509 60
      vertex -81.6323229148984 -64.06698954105377 2
    endloop
  endfacet
  facet normal -0.25881903888655244 0.9659258279546319 0
    outer loop
      vertex -81.6323229148984 -64.06698954105377 2
      vertex -81.6323229148984 -64.06698954105377 60
      vertex -80.5708212479949 -63.78256103396416 2
    endloop
  endfacet
  facet normal -0.20791169973303814 0.9781475988388045 0
    outer loop
      vertex -80.5708212479949 -63.78256103396416 2
      vertex -80.5708212479949 -63.78256103396416 60
      vertex -80.41734971106052 -63.749939650297165 2
    endloop
  endfacet
  facet normal -0.15643446525950055 0.9876883405604088 0
    outer loop
      vertex -80.41734971106052 -63.749939650297165 2
      vertex -80.41734971106052 -63.749939650297165 60
      vertex -79.3319320678711 -63.57802638411522 2
    endloop
  endfacet
  facet normal -0.10452847376048861 0.9945218942654319 0
    outer loop
      vertex -79.3319320678711 -63.57802638411522 2
      vertex -79.3319320678711 -63.57802638411522 60
      vertex -79.17589152604342 -63.561625860631466 2
    endloop
  endfacet
  facet normal -0.052335953584199485 0.9986295348939128 0
    outer loop
      vertex -79.17589152604342 -63.561625860631466 2
      vertex -79.17589152604342 -63.561625860631466 60
      vertex -78.07845007628202 -63.504111394286156 2
    endloop
  endfacet
  facet normal 0 1 0
    outer loop
      vertex -78.07845007628202 -63.504111394286156 2
      vertex -78.07845007628202 -63.504111394286156 60
      vertex -77.92154992371798 -63.504111394286156 2
    endloop
  endfacet
  facet normal 0.05233595213809724 0.9986295349696998 0
    outer loop
      vertex -77.92154992371798 -63.504111394286156 2
      vertex -77.92154992371798 -63.504111394286156 60
      vertex -76.8241085857153 -63.561625853180885 2
    endloop
  endfacet
  facet normal 0.1045284566956052 0.9945218960590235 0
    outer loop
      vertex -76.66806780546904 -63.57802639901638 2
      vertex -76.8241085857153 -63.561625853180885 2
      vertex -76.8241085857153 -63.561625853180885 60
    endloop
  endfacet
  facet normal 0.15643446879228512 0.9876883400008707 0
    outer loop
      vertex -76.66806780546904 -63.57802639901638 2
      vertex -76.66806780546904 -63.57802639901638 60
      vertex -75.5826502814889 -63.749939650297165 2
    endloop
  endfacet
  facet normal 0.20791169973303814 0.9781475988388045 0
    outer loop
      vertex -75.5826502814889 -63.749939650297165 2
      vertex -75.5826502814889 -63.749939650297165 60
      vertex -75.42917874455452 -63.78256103396416 2
    endloop
  endfacet
  facet normal 0.2588190418222672 0.9659258271680096 0
    outer loop
      vertex -75.42917874455452 -63.78256103396416 2
      vertex -75.42917874455452 -63.78256103396416 60
      vertex -74.36767706274986 -64.06698954850435 2
    endloop
  endfacet
  facet normal 0.4067366344303633 0.9135454614917974 0
    outer loop
      vertex -73.19250015169382 -64.50930196791887 2
      vertex -73.19250015169382 -64.50930196791887 60
      vertex -73.04916489869356 -64.57311893254519 2
    endloop
  endfacet
  facet normal 0.309016988237967 0.9510565182891794 0
    outer loop
      vertex -74.36767706274986 -64.06698954850435 2
      vertex -74.36767706274986 -64.06698954850435 60
      vertex -74.21845606714487 -64.11547438800335 2
    endloop
  endfacet
  facet normal 0.35836795148206757 0.9335804257537463 0
    outer loop
      vertex -73.19250015169382 -64.50930196791887 2
      vertex -74.21845606714487 -64.11547438800335 2
      vertex -74.21845606714487 -64.11547438800335 60
    endloop
  endfacet
  facet normal 0.45399049835820615 0.891006524892196 0
    outer loop
      vertex -73.04916489869356 -64.57311893254519 2
      vertex -73.04916489869356 -64.57311893254519 60
      vertex -72.06999537348747 -65.07203072309494 2
    endloop
  endfacet
  facet normal 0.4999999931753902 0.866025407724629 0
    outer loop
      vertex -71.93411602079868 -65.15048070251942 2
      vertex -72.06999537348747 -65.07203072309494 2
      vertex -72.06999537348747 -65.07203072309494 60
    endloop
  endfacet
  facet normal 0.5446390353737932 0.8386705677124385 0
    outer loop
      vertex -71.01246091723442 -65.74901052564383 2
      vertex -71.93411602079868 -65.15048070251942 2
      vertex -71.93411602079868 -65.15048070251942 60
    endloop
  endfacet
  facet normal 0.7431448177612163 0.669130614928542 0
    outer loop
      vertex -66.20119874179363 -82.3879611864686 2
      vertex -66.20119874179363 -82.3879611864686 60
      vertex -65.99108120054007 -82.62132035195827 2
    endloop
  endfacet
  facet normal 0.809016993965044 0.5877852528566571 0
    outer loop
      vertex -66.20119874179363 -82.3879611864686 2
      vertex -66.3857725635171 -82.13391711562872 2
      vertex -66.3857725635171 -82.13391711562872 60
    endloop
  endfacet
  facet normal 0.4999999859045104 0.8660254119224732 0
    outer loop
      vertex -65.50367796421051 -83.0160117149353 2
      vertex -65.50367796421051 -83.0160117149353 60
      vertex -65.23173235356808 -83.17301958054304 2
    endloop
  endfacet
  facet normal 0.5877852528566571 0.809016993965044 0
    outer loop
      vertex -65.75772203505039 -82.83143789321184 2
      vertex -65.75772203505039 -82.83143789321184 60
      vertex -65.50367796421051 -83.0160117149353 2
    endloop
  endfacet
  facet normal 0.669130614928542 0.7431448177612163 0
    outer loop
      vertex -65.75772203505039 -82.83143789321184 2
      vertex -65.99108120054007 -82.62132035195827 2
      vertex -65.99108120054007 -82.62132035195827 60
    endloop
  endfacet
  facet normal 0.40673663936662624 0.9135454592940316 0
    outer loop
      vertex -65.23173235356808 -83.17301958054304 2
      vertex -65.23173235356808 -83.17301958054304 60
      vertex -64.94486470520496 -83.30074128508568 2
    endloop
  endfacet
  facet normal 0.3090169921374998 0.9510565170221443 0
    outer loop
      vertex -64.94486470520496 -83.30074128508568 2
      vertex -64.94486470520496 -83.30074128508568 60
      vertex -64.64621799439192 -83.39777748286724 2
    endloop
  endfacet
  facet normal 0.20791167136554337 0.9781476048685016 0
    outer loop
      vertex -64.33906424790621 -83.46306502074003 2
      vertex -64.64621799439192 -83.39777748286724 2
      vertex -64.64621799439192 -83.39777748286724 60
    endloop
  endfacet
  facet normal 0.10452847116952206 0.9945218945377534 0
    outer loop
      vertex -64.33906424790621 -83.46306502074003 2
      vertex -64.33906424790621 -83.46306502074003 60
      vertex -64.02676872164011 -83.49588860571384 2
    endloop
  endfacet
  facet normal 0.02617694208405647 0.9996573251385336 0
    outer loop
      vertex -64.02676872164011 -83.49588860571384 2
      vertex -64.02676872164011 -83.49588860571384 60
      vertex -63.86976087093353 -83.5 2
    endloop
  endfacet
  facet normal 0.9781475990175839 0.20791169889194822 0
    outer loop
      vertex -66.83282589167356 -80.96930341422558 2
      vertex -66.83282589167356 -80.96930341422558 60
      vertex -66.7675383463502 -81.27645715326071 2
    endloop
  endfacet
  facet normal 0.9945218945377534 0.10452847116952206 0
    outer loop
      vertex -66.83282589167356 -80.96930341422558 2
      vertex -66.86564947664738 -80.65700788795948 2
      vertex -66.86564947664738 -80.65700788795948 60
    endloop
  endfacet
  facet normal 0.8660253957167849 0.500000013973586 0
    outer loop
      vertex -66.3857725635171 -82.13391711562872 2
      vertex -66.54278043657541 -81.86197151243687 2
      vertex -66.54278043657541 -81.86197151243687 60
    endloop
  endfacet
  facet normal 0.9135454592940316 0.40673663936662624 0
    outer loop
      vertex -66.54278043657541 -81.86197151243687 2
      vertex -66.67050214111805 -81.57510386407375 2
      vertex -66.67050214111805 -81.57510386407375 60
    endloop
  endfacet
  facet normal 0.95105651004902 0.3090170135985689 0
    outer loop
      vertex -66.67050214111805 -81.57510386407375 2
      vertex -66.7675383463502 -81.27645715326071 2
      vertex -66.7675383463502 -81.27645715326071 60
    endloop
  endfacet
  facet normal 1 0 0
    outer loop
      vertex -66.86564947664738 -80.65700788795948 2
      vertex -66.86564947664738 -80.34299214929342 2
      vertex -66.86564947664738 -80.34299214929342 60
    endloop
  endfacet
  facet normal 0.9945218945377534 -0.10452847116952206 0
    outer loop
      vertex -66.86564947664738 -80.34299214929342 2
      vertex -66.83282589167356 -80.03069662302732 2
      vertex -66.83282589167356 -80.03069662302732 60
    endloop
  endfacet
  facet normal 0.9781476048685016 -0.20791167136554337 0
    outer loop
      vertex -66.83282589167356 -80.03069662302732 2
      vertex -66.76753835380077 -79.72354287654161 2
      vertex -66.76753835380077 -79.72354287654161 60
    endloop
  endfacet
  facet normal 0.9510565170221443 -0.3090169921374998 0
    outer loop
      vertex -66.76753835380077 -79.72354287654161 2
      vertex -66.67050215601921 -79.42489616572857 2
      vertex -66.67050215601921 -79.42489616572857 60
    endloop
  endfacet
  facet normal 0.9335804208252607 -0.3583679643212113 0
    outer loop
      vertex -66.67050215601921 -79.42489616572857 2
      vertex -66.61547439545393 -79.28154395520687 2
      vertex -66.61547439545393 -79.28154395520687 60
    endloop
  endfacet
  facet normal 0.9510565224714396 -0.30901697536629286 0
    outer loop
      vertex -66.61547439545393 -79.28154395520687 2
      vertex -66.56698954850435 -79.13232292979956 2
      vertex -66.56698954850435 -79.13232292979956 60
    endloop
  endfacet
  facet normal 0.9659258271680096 -0.2588190418222672 0
    outer loop
      vertex -66.56698954850435 -79.13232292979956 2
      vertex -66.28256103396416 -78.0708212479949 2
      vertex -66.28256103396416 -78.0708212479949 60
    endloop
  endfacet
  facet normal 0.9781475988388045 -0.20791169973303814 0
    outer loop
      vertex -66.28256103396416 -78.0708212479949 2
      vertex -66.24993965029716 -77.91734971106052 2
      vertex -66.24993965029716 -77.91734971106052 60
    endloop
  endfacet
  facet normal 0.9876883400008707 -0.15643446879228512 0
    outer loop
      vertex -66.24993965029716 -77.91734971106052 2
      vertex -66.07802639901638 -76.83193218708038 2
      vertex -66.07802639901638 -76.83193218708038 60
    endloop
  endfacet
  facet normal 0.9945218960590235 -0.1045284566956052 0
    outer loop
      vertex -66.07802639901638 -76.83193218708038 2
      vertex -66.06162585318089 -76.67589140683413 2
      vertex -66.06162585318089 -76.67589140683413 60
    endloop
  endfacet
  facet normal 0.9986295349511297 -0.05233595249243526 0
    outer loop
      vertex -66.06162585318089 -76.67589140683413 2
      vertex -66.00411139428616 -75.57845007628202 2
      vertex -66.00411139428616 -75.57845007628202 60
    endloop
  endfacet
  facet normal 1 0 0
    outer loop
      vertex -66.00411139428616 -75.57845007628202 2
      vertex -66.00411139428616 -75.4215499162674 2
      vertex -66.00411139428616 -75.4215499162674 60
    endloop
  endfacet
  facet normal 0.9986295348939128 0.052335953584199485 0
    outer loop
      vertex -66.00411139428616 -75.4215499162674 2
      vertex -66.06162586063147 -74.324108466506 2
      vertex -66.06162586063147 -74.324108466506 60
    endloop
  endfacet
  facet normal 0.9945218942654319 0.10452847376048861 0
    outer loop
      vertex -66.06162586063147 -74.324108466506 2
      vertex -66.07802638411522 -74.16806792467833 2
      vertex -66.07802638411522 -74.16806792467833 60
    endloop
  endfacet
  facet normal 0.9876883405604088 0.15643446525950055 0
    outer loop
      vertex -66.07802638411522 -74.16806792467833 2
      vertex -66.24993965029716 -73.0826502814889 2
      vertex -66.24993965029716 -73.0826502814889 60
    endloop
  endfacet
  facet normal 0.9781475988388045 0.20791169973303814 0
    outer loop
      vertex -66.28256103396416 -72.92917874455452 2
      vertex -66.28256103396416 -72.92917874455452 60
      vertex -66.24993965029716 -73.0826502814889 2
    endloop
  endfacet
  facet normal 0.9659258279546319 0.25881903888655244 0
    outer loop
      vertex -66.28256103396416 -72.92917874455452 2
      vertex -66.56698954105377 -71.86767707765102 2
      vertex -66.56698954105377 -71.86767707765102 60
    endloop
  endfacet
  facet normal 0.9510565172324066 0.30901699149037953 0
    outer loop
      vertex -66.56698954105377 -71.86767707765102 2
      vertex -66.61547440290451 -71.7184560149908 2
      vertex -66.61547440290451 -71.7184560149908 60
    endloop
  endfacet
  facet normal 0.9335804257759017 0.35836795142435096 0
    outer loop
      vertex -66.61547440290451 -71.7184560149908 2
      vertex -67.00930194556713 -70.6925001963973 2
      vertex -67.00930194556713 -70.6925001963973 60
    endloop
  endfacet
  facet normal 0.913545455693305 0.4067366474539906 0
    outer loop
      vertex -67.00930194556713 -70.6925001963973 2
      vertex -67.07311893254519 -70.54916489869356 2
      vertex -67.07311893254519 -70.54916489869356 60
    endloop
  endfacet
  facet normal 0.891006524892196 0.45399049835820615 0
    outer loop
      vertex -67.57203072309494 -69.56999537348747 2
      vertex -67.57203072309494 -69.56999537348747 60
      vertex -67.07311893254519 -70.54916489869356 2
    endloop
  endfacet
  facet normal -1 0 0
    outer loop
      vertex -90 -81.5 0
      vertex -90 -81.5 2
      vertex -90 81.5 2
    endloop
  endfacet
  facet normal 0 0 -1
    outer loop
      vertex -90 -81.5 0
      vertex -82.25 75.5 0
      vertex -82.15712730311867 -74.61637531402452 0
    endloop
  endfacet
  facet normal 0 0 -1
    outer loop
      vertex -82.15712730311867 -74.61637531402452 0
      vertex -82.0419901942544 74.18667777390647 0
      vertex -82.0419901942544 -74.18667777390647 0
    endloop
  endfacet
  facet normal 0 0 -1
    outer loop
      vertex -82.0419901942544 -74.18667777390647 0
      vertex -81.88256819498105 73.77136926692785 0
      vertex -81.88256819498105 -73.77136926692785 0
    endloop
  endfacet
  facet normal 0 0 -1
    outer loop
      vertex -81.88256819498105 -73.77136926692785 0
      vertex -81.68060796608387 73.375 0
      vertex -81.68060796608387 -73.375 0
    endloop
  endfacet
  facet normal 0 0 -1
    outer loop
      vertex -81.68060796608387 -73.375 0
      vertex -81.43832222609353 73.00191267775699 0
      vertex -81.43832222609353 -73.00191267775699 0
    endloop
  endfacet
  facet normal 0 0 -1
    outer loop
      vertex -81.43832222609353 -73.00191267775699 0
      vertex -81.15836550827892 72.65619492297485 0
      vertex -81.15836550827892 -72.65619492297485 0
    endloop
  endfacet
  facet normal 0 0 -1
    outer loop
      vertex -81.15836550827892 -72.65619492297485 0
      vertex -80.84380507702515 72.34163449172108 0
      vertex -80.84380507702515 -72.34163449172108 0
    endloop
  endfacet
  facet normal 0 0 -1
    outer loop
      vertex -80.84380507702515 -72.34163449172108 0
      vertex -80.49808732224301 72.06167777390647 0
      vertex -80.49808732224301 -72.06167777390647 0
    endloop
  endfacet
  facet normal 0 0 -1
    outer loop
      vertex -80.49808732224301 -72.06167777390647 0
      vertex -80.125 71.81939203391613 0
      vertex -80.125 -71.81939203391613 0
    endloop
  endfacet
  facet normal 0 0 -1
    outer loop
      vertex -80.125 -71.81939203391613 0
      vertex -79.72863073307215 71.61743180501895 0
      vertex -79.72863073307215 -71.61743180501895 0
    endloop
  endfacet
  facet normal 0 0 -1
    outer loop
      vertex -79.72863073307215 -71.61743180501895 0
      vertex -79.31332222609353 71.4580098057456 0
      vertex -79.31332222609353 -71.4580098057456 0
    endloop
  endfacet
  facet normal 0 0 -1
    outer loop
      vertex -79.31332222609353 -71.4580098057456 0
      vertex -78.88362468597548 71.34287269688133 0
      vertex -78.88362468597548 -71.34287269688133 0
    endloop
  endfacet
  facet normal 0 0 1
    outer loop
      vertex -85.85316954553127 -62.29681185632944 2
      vertex -85.7406363710761 -62.58997079730034 2
      vertex -81.78154395520687 64.11547439545393 2
    endloop
  endfacet
  facet normal 0 0 1
    outer loop
      vertex -85.93444280326366 -61.99349594116211 2
      vertex -81.78154395520687 64.11547439545393 2
      vertex -85.98356568813324 -61.68334626406431 2
    endloop
  endfacet
  facet normal 0 0 1
    outer loop
      vertex -85.85316954553127 -62.29681185632944 2
      vertex -81.78154395520687 64.11547439545393 2
      vertex -85.93444280326366 -61.99349594116211 2
    endloop
  endfacet
  facet normal 0 0 1
    outer loop
      vertex -85.98356568813324 -61.68334626406431 2
      vertex -81.78154395520687 64.11547439545393 2
      vertex -86 -61.36976087093353 2
    endloop
  endfacet
  facet normal 0 0 1
    outer loop
      vertex -84.76335575431585 -63.79681185632944 2
      vertex -84.5 -63.96783708035946 2
      vertex -81.78154395520687 64.11547439545393 2
    endloop
  endfacet
  facet normal 0 0 1
    outer loop
      vertex -85.42705098539591 -63.133116625249386 2
      vertex -81.78154395520687 64.11547439545393 2
      vertex -85.59807620942593 -62.86976087093353 2
    endloop
  endfacet
  facet normal 0 0 1
    outer loop
      vertex -85.2294344753027 -63.37715268880129 2
      vertex -81.78154395520687 64.11547439545393 2
      vertex -85.42705098539591 -63.133116625249386 2
    endloop
  endfacet
  facet normal 0 0 1
    outer loop
      vertex -85.00739181786776 -63.59919534623623 2
      vertex -84.76335575431585 -63.79681185632944 2
      vertex -81.78154395520687 64.11547439545393 2
    endloop
  endfacet
  facet normal 0 0 1
    outer loop
      vertex -85.2294344753027 -63.37715268880129 2
      vertex -85.00739181786776 -63.59919534623623 2
      vertex -81.78154395520687 64.11547439545393 2
    endloop
  endfacet
  facet normal 0 0 1
    outer loop
      vertex -84.5 -63.96783708035946 2
      vertex -84.2202099263668 -64.11039724200964 2
      vertex -81.78154395520687 64.11547439545393 2
    endloop
  endfacet
  facet normal 0 0 1
    outer loop
      vertex -84.2202099263668 -64.11039724200964 2
      vertex -83.92705098539591 -64.2229304164648 2
      vertex -81.78154395520687 64.11547439545393 2
    endloop
  endfacet
  facet normal 0 0 1
    outer loop
      vertex -83.62373507022858 -64.3042036741972 2
      vertex -81.78154395520687 64.11547439545393 2
      vertex -83.92705098539591 -64.2229304164648 2
    endloop
  endfacet
  facet normal 0 0 1
    outer loop
      vertex -85.7406363710761 -62.58997079730034 2
      vertex -85.59807620942593 -62.86976087093353 2
      vertex -81.78154395520687 64.11547439545393 2
    endloop
  endfacet
  facet normal 0 0 1
    outer loop
      vertex -83.31358539313078 -64.35332655906677 2
      vertex -83 -64.36976087093353 2
      vertex -81.78154395520687 64.11547439545393 2
    endloop
  endfacet
  facet normal 0 0 1
    outer loop
      vertex -83.62373507022858 -64.3042036741972 2
      vertex -83.31358539313078 -64.35332655906677 2
      vertex -81.78154395520687 64.11547439545393 2
    endloop
  endfacet
  facet normal 0 0 1
    outer loop
      vertex -83 -64.36976087093353 2
      vertex -82.68641460686922 -64.35332655906677 2
      vertex -81.78154395520687 64.11547439545393 2
    endloop
  endfacet
  facet normal 0 0 1
    outer loop
      vertex -82.68641460686922 -64.35332655906677 2
      vertex -82.37626492977142 -64.3042036741972 2
      vertex -81.78154395520687 64.11547439545393 2
    endloop
  endfacet
  facet normal 0 0 1
    outer loop
      vertex -82.07294901460409 -64.2229304164648 2
      vertex -81.92489618808031 -64.17050216346979 2
      vertex -81.78154395520687 64.11547439545393 2
    endloop
  endfacet
  facet normal 0 0 1
    outer loop
      vertex -82.37626492977142 -64.3042036741972 2
      vertex -82.07294901460409 -64.2229304164648 2
      vertex -81.78154395520687 64.11547439545393 2
    endloop
  endfacet
  facet normal 0 0 1
    outer loop
      vertex -81.92489618808031 -64.17050216346979 2
      vertex -81.7815439850092 -64.11547441035509 2
      vertex -81.78154395520687 64.11547439545393 2
    endloop
  endfacet
  facet normal 0 0 1
    outer loop
      vertex -81.7815439850092 -64.11547441035509 2
      vertex -81.6323229148984 -64.06698954105377 2
      vertex -81.78154395520687 64.11547439545393 2
    endloop
  endfacet
  facet normal 0 0 1
    outer loop
      vertex -81.6323229148984 -64.06698954105377 2
      vertex -80.5708212479949 -63.78256103396416 2
      vertex -80.5708212479949 63.78256103396416 2
    endloop
  endfacet
  facet normal 0 0 1
    outer loop
      vertex -80.5708212479949 -63.78256103396416 2
      vertex -80.41734971106052 -63.749939650297165 2
      vertex -80.41734971106052 63.749939650297165 2
    endloop
  endfacet
  facet normal 0 0 1
    outer loop
      vertex -80.41734971106052 -63.749939650297165 2
      vertex -79.3319320678711 -63.57802638411522 2
      vertex -79.33193218708038 63.57802639901638 2
    endloop
  endfacet
  facet normal 0 0 1
    outer loop
      vertex -79.3319320678711 -63.57802638411522 2
      vertex -79.17589152604342 -63.561625860631466 2
      vertex -79.33193218708038 63.57802639901638 2
    endloop
  endfacet
  facet normal 0 0 1
    outer loop
      vertex -79.17589152604342 -63.561625860631466 2
      vertex -78.07845007628202 -63.504111394286156 2
      vertex -79.17589140683413 63.561625853180885 2
    endloop
  endfacet
  facet normal 0 0 1
    outer loop
      vertex -78.07845007628202 -63.504111394286156 2
      vertex -77.92154992371798 -63.504111394286156 2
      vertex -76.824108466506 63.561625860631466 2
    endloop
  endfacet
  facet normal 0 0 1
    outer loop
      vertex -76.66806780546904 -63.57802639901638 2
      vertex -76.824108466506 63.561625860631466 2
      vertex -76.8241085857153 -63.561625853180885 2
    endloop
  endfacet
  facet normal 0 0 1
    outer loop
      vertex -77.92154992371798 -63.504111394286156 2
      vertex -76.8241085857153 -63.561625853180885 2
      vertex -76.824108466506 63.561625860631466 2
    endloop
  endfacet
  facet normal 0 0 1
    outer loop
      vertex -76.66806780546904 -63.57802639901638 2
      vertex -75.5826502814889 -63.749939650297165 2
      vertex -75.5826502814889 63.749939650297165 2
    endloop
  endfacet
  facet normal 0 0 -1
    outer loop
      vertex -86.44041986018419 -86.98127274215221 0
      vertex 87.52671151608229 -86.35410196334124 0
      vertex -85.85410196334124 -87.20633909851313 0
    endloop
  endfacet
  facet normal 0 0 -1
    outer loop
      vertex -87.52671151608229 -86.35410196334124 0
      vertex 88.45886895060539 -85.51478363573551 0
      vertex -87 -86.69615242630243 0
    endloop
  endfacet
  facet normal 0 0 -1
    outer loop
      vertex -87 -86.69615242630243 0
      vertex 88.01478363573551 -85.95886895060539 0
      vertex -86.44041986018419 -86.98127274215221 0
    endloop
  endfacet
  facet normal 0 0 -1
    outer loop
      vertex -87.52671151608229 -86.35410196334124 0
      vertex -88.01478363573551 -85.95886895060539 0
      vertex 88.85410196334124 -85.02671151608229 0
    endloop
  endfacet
  facet normal 0 0 -1
    outer loop
      vertex -88.85410196334124 -85.02671151608229 0
      vertex 89.48127274215221 -83.94041986018419 0
      vertex -88.45886895060539 -85.51478363573551 0
    endloop
  endfacet
  facet normal 0 0 -1
    outer loop
      vertex -88.45886895060539 -85.51478363573551 0
      vertex 89.19615242630243 -84.5 0
      vertex -88.01478363573551 -85.95886895060539 0
    endloop
  endfacet
  facet normal 0 0 -1
    outer loop
      vertex -89.48127274215221 -83.94041986018419 0
      vertex 89.86888560652733 -82.74747014790773 0
      vertex -89.19615242630243 -84.5 0
    endloop
  endfacet
  facet normal 0 0 -1
    outer loop
      vertex -89.48127274215221 -83.94041986018419 0
      vertex -89.70633909851313 -83.35410196334124 0
      vertex 89.9671313688159 -82.12717077881098 0
    endloop
  endfacet
  facet normal 0 0 -1
    outer loop
      vertex -89.70633909851313 -83.35410196334124 0
      vertex -89.86888560652733 -82.74747014790773 0
      vertex 90 -81.5 0
    endloop
  endfacet
  facet normal 0 0 -1
    outer loop
      vertex -88.85410196334124 -85.02671151608229 0
      vertex -89.19615242630243 -84.5 0
      vertex 89.70633909851313 -83.35410196334124 0
    endloop
  endfacet
  facet normal 0 0 -1
    outer loop
      vertex -85.24747014790773 -87.36888560652733 0
      vertex 86.44041986018419 -86.98127274215221 0
      vertex -84.62717077881098 -87.4671313688159 0
    endloop
  endfacet
  facet normal 0 0 -1
    outer loop
      vertex -85.85410196334124 -87.20633909851313 0
      vertex 87 -86.69615242630243 0
      vertex -85.24747014790773 -87.36888560652733 0
    endloop
  endfacet
  facet normal 0 0 -1
    outer loop
      vertex -84.62717077881098 -87.4671313688159 0
      vertex 85.85410196334124 -87.20633909851313 0
      vertex -84 -87.5 0
    endloop
  endfacet
  facet normal 0 -1 0
    outer loop
      vertex -84 -87.5 0
      vertex 84 -87.5 0
      vertex -84 -87.5 2
    endloop
  endfacet
  facet normal 0 0 -1
    outer loop
      vertex -89.86888560652733 -82.74747014790773 0
      vertex -78 -79.75 0
      vertex 90 -81.5 0
    endloop
  endfacet
  facet normal 0 0 -1
    outer loop
      vertex -76.27136926692785 -79.38256819498105 0
      vertex 76.68667777390647 -79.5419901942544 0
      vertex -76.68667777390647 -79.5419901942544 0
    endloop
  endfacet
  facet normal 0 0 -1
    outer loop
      vertex -75.875 -79.18060796608387 0
      vertex 76.27136926692785 -79.38256819498105 0
      vertex -76.27136926692785 -79.38256819498105 0
    endloop
  endfacet
  facet normal 0 0 -1
    outer loop
      vertex -75.50191267775699 -78.93832222609353 0
      vertex 75.875 -79.18060796608387 0
      vertex -75.875 -79.18060796608387 0
    endloop
  endfacet
  facet normal 0 0 -1
    outer loop
      vertex -75.15619492297485 -78.65836550827892 0
      vertex 75.50191267775699 -78.93832222609353 0
      vertex -75.50191267775699 -78.93832222609353 0
    endloop
  endfacet
  facet normal 0 0 -1
    outer loop
      vertex -74.84163449172108 -78.34380507702515 0
      vertex 75.15619492297485 -78.65836550827892 0
      vertex -75.15619492297485 -78.65836550827892 0
    endloop
  endfacet
  facet normal 0 0 -1
    outer loop
      vertex -74.56167777390647 -77.99808732224301 0
      vertex 74.84163449172108 -78.34380507702515 0
      vertex -74.84163449172108 -78.34380507702515 0
    endloop
  endfacet
  facet normal 0 0 -1
    outer loop
      vertex -74.31939203391613 -77.625 0
      vertex 74.56167777390647 -77.99808732224301 0
      vertex -74.56167777390647 -77.99808732224301 0
    endloop
  endfacet
  facet normal 0 0 -1
    outer loop
      vertex -74.11743180501895 -77.22863073307215 0
      vertex 74.31939203391613 -77.625 0
      vertex -74.31939203391613 -77.625 0
    endloop
  endfacet
  facet normal 0 0 -1
    outer loop
      vertex -73.9580098057456 -76.81332222609353 0
      vertex 74.11743180501895 -77.22863073307215 0
      vertex -74.11743180501895 -77.22863073307215 0
    endloop
  endfacet
  facet normal 0 0 -1
    outer loop
      vertex -73.84287269688133 -76.38362468597548 0
      vertex 73.9580098057456 -76.81332222609353 0
      vertex -73.9580098057456 -76.81332222609353 0
    endloop
  endfacet
  facet normal 0 0 -1
    outer loop
      vertex -73.77328194468484 -75.94424596888753 0
      vertex 73.84287269688133 -76.38362468597548 0
      vertex -73.84287269688133 -76.38362468597548 0
    endloop
  endfacet
  facet normal 0 0 -1
    outer loop
      vertex -73.75 -75.5 0
      vertex 73.77328194468484 -75.94424596888753 0
      vertex -73.77328194468484 -75.94424596888753 0
    endloop
  endfacet
  facet normal 0 0 -1
    outer loop
      vertex -73.77328194468484 -75.05575403111247 0
      vertex 73.75 -75.5 0
      vertex -73.75 -75.5 0
    endloop
  endfacet
  facet normal 0 0 -1
    outer loop
      vertex -73.84287269688133 -74.61637531402452 0
      vertex 73.77328194468484 -75.05575403111247 0
      vertex -73.77328194468484 -75.05575403111247 0
    endloop
  endfacet
  facet normal 0 0 -1
    outer loop
      vertex -73.9580098057456 -74.18667777390647 0
      vertex 73.84287269688133 -74.61637531402452 0
      vertex -73.84287269688133 -74.61637531402452 0
    endloop
  endfacet
  facet normal 0 0 -1
    outer loop
      vertex -74.11743180501895 -73.77136926692785 0
      vertex 73.9580098057456 -74.18667777390647 0
      vertex -73.9580098057456 -74.18667777390647 0
    endloop
  endfacet
  facet normal 0 0 1
    outer loop
      vertex -65.23173235356808 -83.17301958054304 2
      vertex -64.94486470520496 -83.30074128508568 2
      vertex 66.29681185632944 -82.26335575431585 2
    endloop
  endfacet
  facet normal 0 0 1
    outer loop
      vertex -64.94486470520496 -83.30074128508568 2
      vertex -64.64621799439192 -83.39777748286724 2
      vertex 66.29681185632944 -82.26335575431585 2
    endloop
  endfacet
  facet normal 0 0 1
    outer loop
      vertex -65.75772203505039 -82.83143789321184 2
      vertex -65.50367796421051 -83.0160117149353 2
      vertex 66.7229304164648 -81.42705098539591 2
    endloop
  endfacet
  facet normal 0 0 1
    outer loop
      vertex -65.75772203505039 -82.83143789321184 2
      vertex 66.7229304164648 -81.42705098539591 2
      vertex -65.99108120054007 -82.62132035195827 2
    endloop
  endfacet
  facet normal 0 0 1
    outer loop
      vertex -65.50367796421051 -83.0160117149353 2
      vertex -65.23173235356808 -83.17301958054304 2
      vertex 66.7229304164648 -81.42705098539591 2
    endloop
  endfacet
  facet normal 0 0 1
    outer loop
      vertex -64.33906424790621 -83.46306502074003 2
      vertex 66.29681185632944 -82.26335575431585 2
      vertex -64.64621799439192 -83.39777748286724 2
    endloop
  endfacet
  facet normal 0 0 1
    outer loop
      vertex -64.33906424790621 -83.46306502074003 2
      vertex -64.02676872164011 -83.49588860571384 2
      vertex 66.29681185632944 -82.26335575431585 2
    endloop
  endfacet
  facet normal 0 0 1
    outer loop
      vertex -64.02676872164011 -83.49588860571384 2
      vertex -63.86976087093353 -83.5 2
      vertex 66.29681185632944 -82.26335575431585 2
    endloop
  endfacet
  facet normal 0 0 -1
    outer loop
      vertex 90 -81.5 0
      vertex -78 -79.75 0
      vertex -77.55575403111247 -79.72671805531516 0
    endloop
  endfacet
  facet normal 0 0 -1
    outer loop
      vertex 90 -81.5 0
      vertex -77.55575403111247 -79.72671805531516 0
      vertex -77.11637531402452 -79.65712730311867 0
    endloop
  endfacet
  facet normal 0 0 -1
    outer loop
      vertex 90 -81.5 0
      vertex -77.11637531402452 -79.65712730311867 0
      vertex -76.68667777390647 -79.5419901942544 0
    endloop
  endfacet
  facet normal 0 0 1
    outer loop
      vertex -66.20119874179363 -82.3879611864686 2
      vertex 67.65048070251942 -69.43411602079868 2
      vertex -66.3857725635171 -82.13391711562872 2
    endloop
  endfacet
  facet normal 0 0 1
    outer loop
      vertex -66.20119874179363 -82.3879611864686 2
      vertex -65.99108120054007 -82.62132035195827 2
      vertex 67.65048070251942 -69.43411602079868 2
    endloop
  endfacet
  facet normal 0 0 1
    outer loop
      vertex -66.54278043657541 -81.86197151243687 2
      vertex 67.65048070251942 -69.43411602079868 2
      vertex -66.67050214111805 -81.57510386407375 2
    endloop
  endfacet
  facet normal 0 0 1
    outer loop
      vertex -66.67050214111805 -81.57510386407375 2
      vertex 67.65048070251942 -69.43411602079868 2
      vertex -66.7675383463502 -81.27645715326071 2
    endloop
  endfacet
  facet normal 0 0 1
    outer loop
      vertex -66.83282589167356 -80.96930341422558 2
      vertex -66.7675383463502 -81.27645715326071 2
      vertex 67.65048070251942 -69.43411602079868 2
    endloop
  endfacet
  facet normal 0 0 1
    outer loop
      vertex -66.83282589167356 -80.96930341422558 2
      vertex 67.65048070251942 -69.43411602079868 2
      vertex -66.86564947664738 -80.65700788795948 2
    endloop
  endfacet
  facet normal 0 0 1
    outer loop
      vertex -66.86564947664738 -80.65700788795948 2
      vertex 67.65048070251942 -69.43411602079868 2
      vertex -66.86564947664738 -80.34299214929342 2
    endloop
  endfacet
  facet normal 0 0 1
    outer loop
      vertex -66.86564947664738 -80.34299214929342 2
      vertex 67.65048070251942 -69.43411602079868 2
      vertex -66.83282589167356 -80.03069662302732 2
    endloop
  endfacet
  facet normal 0 0 1
    outer loop
      vertex -66.3857725635171 -82.13391711562872 2
      vertex 67.65048070251942 -69.43411602079868 2
      vertex -66.54278043657541 -81.86197151243687 2
    endloop
  endfacet
  facet normal 0 0 1
    outer loop
      vertex -66.83282589167356 -80.03069662302732 2
      vertex 67.65048070251942 -69.43411602079868 2
      vertex -66.76753835380077 -79.72354287654161 2
    endloop
  endfacet
  facet normal 0 0 1
    outer loop
      vertex -66.76753835380077 -79.72354287654161 2
      vertex 67.65048070251942 -69.43411602079868 2
      vertex -66.67050215601921 -79.42489616572857 2
    endloop
  endfacet
  facet normal 0 0 1
    outer loop
      vertex -66.67050215601921 -79.42489616572857 2
      vertex 67.65048070251942 -69.43411602079868 2
      vertex -66.61547439545393 -79.28154395520687 2
    endloop
  endfacet
  facet normal 0 0 1
    outer loop
      vertex -66.61547439545393 -79.28154395520687 2
      vertex 67.65048070251942 -69.43411602079868 2
      vertex -66.56698954850435 -79.13232292979956 2
    endloop
  endfacet
  facet normal 0 0 1
    outer loop
      vertex -66.56698954850435 -79.13232292979956 2
      vertex 67.65048070251942 -69.43411602079868 2
      vertex -66.28256103396416 -78.0708212479949 2
    endloop
  endfacet
  facet normal 0 0 1
    outer loop
      vertex -66.28256103396416 -78.0708212479949 2
      vertex 67.65048070251942 -69.43411602079868 2
      vertex -66.24993965029716 -77.91734971106052 2
    endloop
  endfacet
  facet normal 0 0 1
    outer loop
      vertex -66.24993965029716 -77.91734971106052 2
      vertex 67.65048070251942 -69.43411602079868 2
      vertex -66.07802639901638 -76.83193218708038 2
    endloop
  endfacet
  facet normal 0 0 1
    outer loop
      vertex -66.07802639901638 -76.83193218708038 2
      vertex 67.65048070251942 -69.43411602079868 2
      vertex -66.06162585318089 -76.67589140683413 2
    endloop
  endfacet
  facet normal 0 0 1
    outer loop
      vertex -66.06162585318089 -76.67589140683413 2
      vertex 67.65048070251942 -69.43411602079868 2
      vertex -66.00411139428616 -75.57845007628202 2
    endloop
  endfacet
  facet normal 0 0 1
    outer loop
      vertex -66.00411139428616 -75.57845007628202 2
      vertex 67.65048070251942 -69.43411602079868 2
      vertex -66.00411139428616 -75.4215499162674 2
    endloop
  endfacet
  facet normal 0 0 1
    outer loop
      vertex -66.00411139428616 -75.4215499162674 2
      vertex 67.65048070251942 -69.43411602079868 2
      vertex -66.06162586063147 -74.324108466506 2
    endloop
  endfacet
  facet normal 0 0 1
    outer loop
      vertex -66.06162586063147 -74.324108466506 2
      vertex 67.65048070251942 -69.43411602079868 2
      vertex -66.07802638411522 -74.16806792467833 2
    endloop
  endfacet
  facet normal 0 -1 0
    outer loop
      vertex -84 -87.5 2
      vertex 84 -87.5 2
      vertex -84 -87.5 60
    endloop
  endfacet
  facet normal 0 1 0
    outer loop
      vertex -63.86976087093353 -83.5 2
      vertex -63.86976087093353 -83.5 60
      vertex 63.86976087093353 -83.5 2
    endloop
  endfacet
  facet normal 0 0 -1
    outer loop
      vertex -78.88362468597548 -71.34287269688133 0
      vertex 78.44424596888753 71.27328194468484 0
      vertex -78.44424596888753 -71.27328194468484 0
    endloop
  endfacet
  facet normal 0 0 -1
    outer loop
      vertex -78.44424596888753 -71.27328194468484 0
      vertex 78.88362468597548 71.34287269688133 0
      vertex -78 -71.25 0
    endloop
  endfacet
  facet normal 0 0 -1
    outer loop
      vertex 78.88362468597548 71.34287269688133 0
      vertex -77.55575403111247 -71.27328194468484 0
      vertex -78 -71.25 0
    endloop
  endfacet
  facet normal 0 0 -1
    outer loop
      vertex 78.88362468597548 71.34287269688133 0
      vertex -74.31939203391613 -73.375 0
      vertex -74.56167777390647 -73.00191267775699 0
    endloop
  endfacet
  facet normal 0 0 -1
    outer loop
      vertex 78.88362468597548 71.34287269688133 0
      vertex -74.56167777390647 -73.00191267775699 0
      vertex -74.84163449172108 -72.65619492297485 0
    endloop
  endfacet
  facet normal 0 0 -1
    outer loop
      vertex 78.88362468597548 71.34287269688133 0
      vertex -74.11743180501895 -73.77136926692785 0
      vertex -74.31939203391613 -73.375 0
    endloop
  endfacet
  facet normal 0 0 -1
    outer loop
      vertex -77.55575403111247 -71.27328194468484 0
      vertex 78.88362468597548 71.34287269688133 0
      vertex -77.11637531402452 -71.34287269688133 0
    endloop
  endfacet
  facet normal 0 0 -1
    outer loop
      vertex 78.88362468597548 71.34287269688133 0
      vertex -76.68667777390647 -71.4580098057456 0
      vertex -77.11637531402452 -71.34287269688133 0
    endloop
  endfacet
  facet normal 0 0 -1
    outer loop
      vertex 78.88362468597548 71.34287269688133 0
      vertex -76.27136926692785 -71.61743180501895 0
      vertex -76.68667777390647 -71.4580098057456 0
    endloop
  endfacet
  facet normal 0 0 -1
    outer loop
      vertex 78.88362468597548 71.34287269688133 0
      vertex -75.875 -71.81939203391613 0
      vertex -76.27136926692785 -71.61743180501895 0
    endloop
  endfacet
  facet normal 0 0 -1
    outer loop
      vertex 78.88362468597548 71.34287269688133 0
      vertex -75.15619492297485 -72.34163449172108 0
      vertex -75.50191267775699 -72.06167777390647 0
    endloop
  endfacet
  facet normal 0 0 -1
    outer loop
      vertex 78.88362468597548 71.34287269688133 0
      vertex -75.50191267775699 -72.06167777390647 0
      vertex -75.875 -71.81939203391613 0
    endloop
  endfacet
  facet normal 0 0 -1
    outer loop
      vertex 78.88362468597548 71.34287269688133 0
      vertex -74.84163449172108 -72.65619492297485 0
      vertex -75.15619492297485 -72.34163449172108 0
    endloop
  endfacet
  facet normal 0 0 1
    outer loop
      vertex -70.88552622497082 -65.8412339836359 2
      vertex 71.93411602079868 65.15048070251942 2
      vertex -71.01246091723442 -65.74901052564383 2
    endloop
  endfacet
  facet normal 0 0 1
    outer loop
      vertex -70.03148353099823 -66.53282411396503 2
      vertex -69.91488402336836 -66.63781078159809 2
      vertex 71.93411602079868 65.15048070251942 2
    endloop
  endfacet
  facet normal 0 0 1
    outer loop
      vertex -70.88552622497082 -65.8412339836359 2
      vertex -70.03148353099823 -66.53282411396503 2
      vertex 71.93411602079868 65.15048070251942 2
    endloop
  endfacet
  facet normal 0 0 1
    outer loop
      vertex -75.5826502814889 -63.749939650297165 2
      vertex -75.42917874455452 -63.78256103396416 2
      vertex 66.24993965029716 73.0826502814889 2
    endloop
  endfacet
  facet normal 0 0 1
    outer loop
      vertex -73.19250015169382 -64.50930196791887 2
      vertex -73.04916489869356 -64.57311893254519 2
      vertex 67.00930194556713 70.6925001963973 2
    endloop
  endfacet
  facet normal 0 0 1
    outer loop
      vertex -71.93411602079868 -65.15048070251942 2
      vertex 67.57203072309494 69.56999537348747 2
      vertex -72.06999537348747 -65.07203072309494 2
    endloop
  endfacet
  facet normal 0 0 1
    outer loop
      vertex -73.04916489869356 -64.57311893254519 2
      vertex -72.06999537348747 -65.07203072309494 2
      vertex 67.07311893254519 70.54916489869356 2
    endloop
  endfacet
  facet normal 0 0 1
    outer loop
      vertex -75.42917874455452 -63.78256103396416 2
      vertex -74.36767706274986 -64.06698954850435 2
      vertex 66.28256103396416 72.92917874455452 2
    endloop
  endfacet
  facet normal 0 0 1
    outer loop
      vertex -74.36767706274986 -64.06698954850435 2
      vertex -74.21845606714487 -64.11547438800335 2
      vertex 66.56698954105377 71.86767707765102 2
    endloop
  endfacet
  facet normal 0 0 1
    outer loop
      vertex -73.19250015169382 -64.50930196791887 2
      vertex 66.61547440290451 71.7184560149908 2
      vertex -74.21845606714487 -64.11547438800335 2
    endloop
  endfacet
  facet normal 0 0 1
    outer loop
      vertex -71.01246091723442 -65.74901052564383 2
      vertex 71.01246091723442 65.74901052564383 2
      vertex -71.93411602079868 -65.15048070251942 2
    endloop
  endfacet
  facet normal 0 0 1
    outer loop
      vertex -66.28256103396416 -72.92917874455452 2
      vertex -66.24993965029716 -73.0826502814889 2
      vertex 75.42917874455452 63.78256103396416 2
    endloop
  endfacet
  facet normal 0 0 1
    outer loop
      vertex -66.07802638411522 -74.16806792467833 2
      vertex 75.5826502814889 63.749939650297165 2
      vertex -66.24993965029716 -73.0826502814889 2
    endloop
  endfacet
  facet normal 0 0 1
    outer loop
      vertex -67.57203072309494 -69.56999537348747 2
      vertex 71.93411602079868 65.15048070251942 2
      vertex -67.65048070251942 -69.43411602079868 2
    endloop
  endfacet
  facet normal 0 0 1
    outer loop
      vertex -67.57203072309494 -69.56999537348747 2
      vertex -67.07311893254519 -70.54916489869356 2
      vertex 72.06999537348747 65.07203072309494 2
    endloop
  endfacet
  facet normal 0 0 1
    outer loop
      vertex -66.61547440290451 -71.7184560149908 2
      vertex 73.19250015169382 64.50930196791887 2
      vertex -67.00930194556713 -70.6925001963973 2
    endloop
  endfacet
  facet normal 0 0 1
    outer loop
      vertex -67.00930194556713 -70.6925001963973 2
      vertex 73.04916489869356 64.57311893254519 2
      vertex -67.07311893254519 -70.54916489869356 2
    endloop
  endfacet
  facet normal 0 0 1
    outer loop
      vertex -68.3412339836359 -68.38552622497082 2
      vertex 71.93411602079868 65.15048070251942 2
      vertex -69.03282410651445 -67.53148353844881 2
    endloop
  endfacet
  facet normal 0 0 1
    outer loop
      vertex -69.13781078904867 -67.41488401591778 2
      vertex -69.03282410651445 -67.53148353844881 2
      vertex 71.93411602079868 65.15048070251942 2
    endloop
  endfacet
  facet normal 0 0 1
    outer loop
      vertex -68.24901052564383 -68.51246091723442 2
      vertex -67.65048070251942 -69.43411602079868 2
      vertex 71.93411602079868 65.15048070251942 2
    endloop
  endfacet
  facet normal 0 0 1
    outer loop
      vertex -68.3412339836359 -68.38552622497082 2
      vertex -68.24901052564383 -68.51246091723442 2
      vertex 71.93411602079868 65.15048070251942 2
    endloop
  endfacet
  facet normal 0 0 1
    outer loop
      vertex -69.13781078904867 -67.41488401591778 2
      vertex 71.93411602079868 65.15048070251942 2
      vertex -69.91488402336836 -66.63781078159809 2
    endloop
  endfacet
  facet normal 0 0 1
    outer loop
      vertex -66.28256103396416 -72.92917874455452 2
      vertex 74.36767706274986 64.06698954850435 2
      vertex -66.56698954105377 -71.86767707765102 2
    endloop
  endfacet
  facet normal 0 0 1
    outer loop
      vertex -66.56698954105377 -71.86767707765102 2
      vertex 74.21845606714487 64.11547438800335 2
      vertex -66.61547440290451 -71.7184560149908 2
    endloop
  endfacet
  facet normal -0.8386705643141267 -0.5446390406067345 0
    outer loop
      vertex -88.85410196334124 -85.02671151608229 2
      vertex -88.85410196334124 -85.02671151608229 60
      vertex -89.19615242630243 -84.5 60
    endloop
  endfacet
  facet normal -0.6293203941204519 -0.7771459589704364 0
    outer loop
      vertex -87.52671151608229 -86.35410196334124 2
      vertex -87.52671151608229 -86.35410196334124 60
      vertex -88.01478363573551 -85.95886895060539 60
    endloop
  endfacet
  facet normal -0.7071067811865476 -0.7071067811865476 0
    outer loop
      vertex -88.01478363573551 -85.95886895060539 2
      vertex -88.01478363573551 -85.95886895060539 60
      vertex -88.45886895060539 -85.51478363573551 60
    endloop
  endfacet
  facet normal -0.7771459589704364 -0.6293203941204519 0
    outer loop
      vertex -88.45886895060539 -85.51478363573551 2
      vertex -88.45886895060539 -85.51478363573551 60
      vertex -88.85410196334124 -85.02671151608229 60
    endloop
  endfacet
  facet normal -0.9335804250773435 -0.3583679532441575 0
    outer loop
      vertex -89.48127274215221 -83.94041986018419 2
      vertex -89.48127274215221 -83.94041986018419 60
      vertex -89.70633909851313 -83.35410196334124 60
    endloop
  endfacet
  facet normal -0.8910065283221495 -0.4539904916265432 0
    outer loop
      vertex -89.19615242630243 -84.5 2
      vertex -89.19615242630243 -84.5 60
      vertex -89.48127274215221 -83.94041986018419 60
    endloop
  endfacet
  facet normal -0.9659258251084867 -0.25881904950851087 0
    outer loop
      vertex -89.70633909851313 -83.35410196334124 2
      vertex -89.70633909851313 -83.35410196334124 60
      vertex -89.86888560652733 -82.74747014790773 60
    endloop
  endfacet
  facet normal -0.9876883421006546 -0.15643445553477123 0
    outer loop
      vertex -89.86888560652733 -82.74747014790773 2
      vertex -89.86888560652733 -82.74747014790773 60
      vertex -89.9671313688159 -82.12717077881098 60
    endloop
  endfacet
  facet normal -0.4539904916265432 -0.8910065283221495 0
    outer loop
      vertex -86.44041986018419 -86.98127274215221 2
      vertex -86.44041986018419 -86.98127274215221 60
      vertex -87 -86.69615242630243 60
    endloop
  endfacet
  facet normal -0.5446390406067345 -0.8386705643141267 0
    outer loop
      vertex -87 -86.69615242630243 2
      vertex -87 -86.69615242630243 60
      vertex -87.52671151608229 -86.35410196334124 60
    endloop
  endfacet
  facet normal -0.3583679532441575 -0.9335804250773435 0
    outer loop
      vertex -85.85410196334124 -87.20633909851313 2
      vertex -85.85410196334124 -87.20633909851313 60
      vertex -86.44041986018419 -86.98127274215221 60
    endloop
  endfacet
  facet normal -0.25881904950851087 -0.9659258251084867 0
    outer loop
      vertex -85.24747014790773 -87.36888560652733 2
      vertex -85.24747014790773 -87.36888560652733 60
      vertex -85.85410196334124 -87.20633909851313 60
    endloop
  endfacet
  facet normal -0.15643445553477123 -0.9876883421006546 0
    outer loop
      vertex -84.62717077881098 -87.4671313688159 2
      vertex -84.62717077881098 -87.4671313688159 60
      vertex -85.24747014790773 -87.36888560652733 60
    endloop
  endfacet
  facet normal -0.9986295344686825 -0.05233596169807261 0
    outer loop
      vertex -89.9671313688159 -82.12717077881098 2
      vertex -89.9671313688159 -82.12717077881098 60
      vertex -90 -81.5 60
    endloop
  endfacet
  facet normal -0.05233596169807261 -0.9986295344686825 0
    outer loop
      vertex -84 -87.5 2
      vertex -84 -87.5 60
      vertex -84.62717077881098 -87.4671313688159 60
    endloop
  endfacet
  facet normal 0.8910065241883779 0.453990499739527 0
    outer loop
      vertex -81.88256819498105 -77.22863073307215 57.8
      vertex -81.68060796608387 -77.625 57.8
      vertex -81.68060796608387 -77.625 0
    endloop
  endfacet
  facet normal 0.9335804264972004 0.3583679495453039 0
    outer loop
      vertex -81.88256819498105 -77.22863073307215 57.8
      vertex -81.88256819498105 -77.22863073307215 0
      vertex -82.0419901942544 -76.81332222609353 57.8
    endloop
  endfacet
  facet normal 0.9659258262890674 0.2588190451025243 0
    outer loop
      vertex -82.15712730311867 -76.38362468597548 57.8
      vertex -82.0419901942544 -76.81332222609353 57.8
      vertex -82.0419901942544 -76.81332222609353 0
    endloop
  endfacet
  facet normal 0.453990499739527 0.8910065241883779 0
    outer loop
      vertex -80.125 -79.18060796608387 57.8
      vertex -79.72863073307215 -79.38256819498105 57.8
      vertex -79.72863073307215 -79.38256819498105 0
    endloop
  endfacet
  facet normal 0.3583679495453039 0.9335804264972004 0
    outer loop
      vertex -79.72863073307215 -79.38256819498105 57.8
      vertex -79.31332222609353 -79.5419901942544 57.8
      vertex -79.31332222609353 -79.5419901942544 0
    endloop
  endfacet
  facet normal 0.2588190451025243 0.9659258262890674 0
    outer loop
      vertex -79.31332222609353 -79.5419901942544 57.8
      vertex -78.88362468597548 -79.65712730311867 57.8
      vertex -78.88362468597548 -79.65712730311867 0
    endloop
  endfacet
  facet normal 0.7771459614569629 0.629320391049847 0
    outer loop
      vertex -81.43832222609353 -77.99808732224301 57.8
      vertex -81.15836550827892 -78.34380507702515 57.8
      vertex -81.15836550827892 -78.34380507702515 0
    endloop
  endfacet
  facet normal 0.7071067811865475 0.7071067811865475 0
    outer loop
      vertex -80.84380507702515 -78.65836550827892 57.8
      vertex -80.84380507702515 -78.65836550827892 0
      vertex -81.15836550827892 -78.34380507702515 57.8
    endloop
  endfacet
  facet normal 0.629320391049847 0.7771459614569629 0
    outer loop
      vertex -80.84380507702515 -78.65836550827892 57.8
      vertex -80.49808732224301 -78.93832222609353 57.8
      vertex -80.49808732224301 -78.93832222609353 0
    endloop
  endfacet
  facet normal 0.5446390350150269 0.8386705679454243 0
    outer loop
      vertex -80.125 -79.18060796608387 57.8
      vertex -80.125 -79.18060796608387 0
      vertex -80.49808732224301 -78.93832222609353 57.8
    endloop
  endfacet
  facet normal 0.8386705679454243 0.5446390350150269 0
    outer loop
      vertex -81.43832222609353 -77.99808732224301 57.8
      vertex -81.43832222609353 -77.99808732224301 0
      vertex -81.68060796608387 -77.625 57.8
    endloop
  endfacet
  facet normal 0.9876883405951369 0.15643446504023623 0
    outer loop
      vertex -82.15712730311867 -76.38362468597548 57.8
      vertex -82.15712730311867 -76.38362468597548 0
      vertex -82.22671805531516 -75.94424596888753 57.8
    endloop
  endfacet
  facet normal 0.9986295347545737 0.05233595624294645 0
    outer loop
      vertex -82.22671805531516 -75.94424596888753 57.8
      vertex -82.22671805531516 -75.94424596888753 0
      vertex -82.25 -75.5 57.8
    endloop
  endfacet
  facet normal 0.9986295347545737 -0.05233595624294645 0
    outer loop
      vertex -82.25 -75.5 57.8
      vertex -82.25 -75.5 0
      vertex -82.22671805531516 -75.05575403111247 57.8
    endloop
  endfacet
  facet normal 0.9876883405951369 -0.15643446504023623 0
    outer loop
      vertex -82.22671805531516 -75.05575403111247 57.8
      vertex -82.22671805531516 -75.05575403111247 0
      vertex -82.15712730311867 -74.61637531402452 57.8
    endloop
  endfacet
  facet normal 0.9659258262890674 -0.2588190451025243 0
    outer loop
      vertex -82.15712730311867 -74.61637531402452 57.8
      vertex -82.15712730311867 -74.61637531402452 0
      vertex -82.0419901942544 -74.18667777390647 57.8
    endloop
  endfacet
  facet normal 0.9335804264972004 -0.3583679495453039 0
    outer loop
      vertex -82.0419901942544 -74.18667777390647 57.8
      vertex -82.0419901942544 -74.18667777390647 0
      vertex -81.88256819498105 -73.77136926692785 57.8
    endloop
  endfacet
  facet normal 0.8910065241883779 -0.453990499739527 0
    outer loop
      vertex -81.88256819498105 -73.77136926692785 57.8
      vertex -81.88256819498105 -73.77136926692785 0
      vertex -81.68060796608387 -73.375 57.8
    endloop
  endfacet
  facet normal 0.8386705679454243 -0.5446390350150269 0
    outer loop
      vertex -81.68060796608387 -73.375 57.8
      vertex -81.68060796608387 -73.375 0
      vertex -81.43832222609353 -73.00191267775699 57.8
    endloop
  endfacet
  facet normal 0.7771459614569629 -0.629320391049847 0
    outer loop
      vertex -81.43832222609353 -73.00191267775699 57.8
      vertex -81.43832222609353 -73.00191267775699 0
      vertex -81.15836550827892 -72.65619492297485 57.8
    endloop
  endfacet
  facet normal 0.7071067811865475 -0.7071067811865475 0
    outer loop
      vertex -81.15836550827892 -72.65619492297485 57.8
      vertex -81.15836550827892 -72.65619492297485 0
      vertex -80.84380507702515 -72.34163449172108 57.8
    endloop
  endfacet
  facet normal 0.629320391049847 -0.7771459614569629 0
    outer loop
      vertex -80.84380507702515 -72.34163449172108 57.8
      vertex -80.84380507702515 -72.34163449172108 0
      vertex -80.49808732224301 -72.06167777390647 57.8
    endloop
  endfacet
  facet normal 0.5446390350150269 -0.8386705679454243 0
    outer loop
      vertex -80.49808732224301 -72.06167777390647 57.8
      vertex -80.49808732224301 -72.06167777390647 0
      vertex -80.125 -71.81939203391613 57.8
    endloop
  endfacet
  facet normal 0.453990499739527 -0.8910065241883779 0
    outer loop
      vertex -80.125 -71.81939203391613 57.8
      vertex -80.125 -71.81939203391613 0
      vertex -79.72863073307215 -71.61743180501895 57.8
    endloop
  endfacet
  facet normal 0.3583679495453039 -0.9335804264972004 0
    outer loop
      vertex -79.72863073307215 -71.61743180501895 57.8
      vertex -79.72863073307215 -71.61743180501895 0
      vertex -79.31332222609353 -71.4580098057456 57.8
    endloop
  endfacet
  facet normal 0.2588190451025243 -0.9659258262890674 0
    outer loop
      vertex -79.31332222609353 -71.4580098057456 57.8
      vertex -79.31332222609353 -71.4580098057456 0
      vertex -78.88362468597548 -71.34287269688133 57.8
    endloop
  endfacet
  facet normal 0.15643446504023623 0.9876883405951369 0
    outer loop
      vertex -78.44424596888753 -79.72671805531516 57.8
      vertex -78.44424596888753 -79.72671805531516 0
      vertex -78.88362468597548 -79.65712730311867 57.8
    endloop
  endfacet
  facet normal 0.05233595624294645 0.9986295347545737 0
    outer loop
      vertex -78.44424596888753 -79.72671805531516 57.8
      vertex -78 -79.75 57.8
      vertex -78 -79.75 0
    endloop
  endfacet
  facet normal -0.05233595624294645 0.9986295347545737 0
    outer loop
      vertex -78 -79.75 57.8
      vertex -77.55575403111247 -79.72671805531516 57.8
      vertex -77.55575403111247 -79.72671805531516 0
    endloop
  endfacet
  facet normal -0.15643446504023623 0.9876883405951369 0
    outer loop
      vertex -77.55575403111247 -79.72671805531516 57.8
      vertex -77.11637531402452 -79.65712730311867 57.8
      vertex -77.11637531402452 -79.65712730311867 0
    endloop
  endfacet
  facet normal -0.2588190451025243 0.9659258262890674 0
    outer loop
      vertex -77.11637531402452 -79.65712730311867 57.8
      vertex -76.68667777390647 -79.5419901942544 57.8
      vertex -76.68667777390647 -79.5419901942544 0
    endloop
  endfacet
  facet normal -0.3583679495453039 0.9335804264972004 0
    outer loop
      vertex -76.68667777390647 -79.5419901942544 57.8
      vertex -76.27136926692785 -79.38256819498105 57.8
      vertex -76.27136926692785 -79.38256819498105 0
    endloop
  endfacet
  facet normal -0.453990499739527 0.8910065241883779 0
    outer loop
      vertex -76.27136926692785 -79.38256819498105 57.8
      vertex -75.875 -79.18060796608387 57.8
      vertex -75.875 -79.18060796608387 0
    endloop
  endfacet
  facet normal -0.5446390350150269 0.8386705679454243 0
    outer loop
      vertex -75.875 -79.18060796608387 57.8
      vertex -75.50191267775699 -78.93832222609353 57.8
      vertex -75.50191267775699 -78.93832222609353 0
    endloop
  endfacet
  facet normal -0.629320391049847 0.7771459614569629 0
    outer loop
      vertex -75.50191267775699 -78.93832222609353 57.8
      vertex -75.15619492297485 -78.65836550827892 57.8
      vertex -75.15619492297485 -78.65836550827892 0
    endloop
  endfacet
  facet normal -0.7071067811865475 0.7071067811865475 0
    outer loop
      vertex -75.15619492297485 -78.65836550827892 57.8
      vertex -74.84163449172108 -78.34380507702515 57.8
      vertex -74.84163449172108 -78.34380507702515 0
    endloop
  endfacet
  facet normal -0.7771459614569629 0.629320391049847 0
    outer loop
      vertex -74.84163449172108 -78.34380507702515 57.8
      vertex -74.56167777390647 -77.99808732224301 57.8
      vertex -74.56167777390647 -77.99808732224301 0
    endloop
  endfacet
  facet normal -0.8386705679454243 0.5446390350150269 0
    outer loop
      vertex -74.56167777390647 -77.99808732224301 57.8
      vertex -74.31939203391613 -77.625 57.8
      vertex -74.31939203391613 -77.625 0
    endloop
  endfacet
  facet normal -0.8910065241883779 0.453990499739527 0
    outer loop
      vertex -74.31939203391613 -77.625 57.8
      vertex -74.11743180501895 -77.22863073307215 57.8
      vertex -74.11743180501895 -77.22863073307215 0
    endloop
  endfacet
  facet normal -0.9335804264972004 0.3583679495453039 0
    outer loop
      vertex -74.11743180501895 -77.22863073307215 57.8
      vertex -73.9580098057456 -76.81332222609353 57.8
      vertex -73.9580098057456 -76.81332222609353 0
    endloop
  endfacet
  facet normal 0.15643446504023623 -0.9876883405951369 0
    outer loop
      vertex -78.88362468597548 -71.34287269688133 57.8
      vertex -78.88362468597548 -71.34287269688133 0
      vertex -78.44424596888753 -71.27328194468484 57.8
    endloop
  endfacet
  facet normal 0.05233595624294645 -0.9986295347545737 0
    outer loop
      vertex -78.44424596888753 -71.27328194468484 57.8
      vertex -78.44424596888753 -71.27328194468484 0
      vertex -78 -71.25 57.8
    endloop
  endfacet
  facet normal -0.05233595624294645 -0.9986295347545737 0
    outer loop
      vertex -78 -71.25 57.8
      vertex -78 -71.25 0
      vertex -77.55575403111247 -71.27328194468484 57.8
    endloop
  endfacet
  facet normal -0.15643446504023623 -0.9876883405951369 0
    outer loop
      vertex -77.55575403111247 -71.27328194468484 57.8
      vertex -77.55575403111247 -71.27328194468484 0
      vertex -77.11637531402452 -71.34287269688133 57.8
    endloop
  endfacet
  facet normal -0.2588190451025243 -0.9659258262890674 0
    outer loop
      vertex -77.11637531402452 -71.34287269688133 57.8
      vertex -77.11637531402452 -71.34287269688133 0
      vertex -76.68667777390647 -71.4580098057456 57.8
    endloop
  endfacet
  facet normal -0.3583679495453039 -0.9335804264972004 0
    outer loop
      vertex -76.68667777390647 -71.4580098057456 57.8
      vertex -76.68667777390647 -71.4580098057456 0
      vertex -76.27136926692785 -71.61743180501895 57.8
    endloop
  endfacet
  facet normal -0.453990499739527 -0.8910065241883779 0
    outer loop
      vertex -76.27136926692785 -71.61743180501895 57.8
      vertex -76.27136926692785 -71.61743180501895 0
      vertex -75.875 -71.81939203391613 57.8
    endloop
  endfacet
  facet normal -0.9659258262890674 0.2588190451025243 0
    outer loop
      vertex -73.9580098057456 -76.81332222609353 57.8
      vertex -73.84287269688133 -76.38362468597548 57.8
      vertex -73.84287269688133 -76.38362468597548 0
    endloop
  endfacet
  facet normal -0.9876883405951369 0.15643446504023623 0
    outer loop
      vertex -73.84287269688133 -76.38362468597548 57.8
      vertex -73.77328194468484 -75.94424596888753 57.8
      vertex -73.77328194468484 -75.94424596888753 0
    endloop
  endfacet
  facet normal -0.9986295347545737 0.05233595624294645 0
    outer loop
      vertex -73.77328194468484 -75.94424596888753 57.8
      vertex -73.75 -75.5 57.8
      vertex -73.75 -75.5 0
    endloop
  endfacet
  facet normal -0.9986295347545737 -0.05233595624294645 0
    outer loop
      vertex -73.75 -75.5 57.8
      vertex -73.77328194468484 -75.05575403111247 57.8
      vertex -73.77328194468484 -75.05575403111247 0
    endloop
  endfacet
  facet normal -0.9659258262890674 -0.2588190451025243 0
    outer loop
      vertex -73.84287269688133 -74.61637531402452 57.8
      vertex -73.9580098057456 -74.18667777390647 57.8
      vertex -73.9580098057456 -74.18667777390647 0
    endloop
  endfacet
  facet normal -0.9335804264972004 -0.3583679495453039 0
    outer loop
      vertex -74.11743180501895 -73.77136926692785 57.8
      vertex -74.11743180501895 -73.77136926692785 0
      vertex -73.9580098057456 -74.18667777390647 57.8
    endloop
  endfacet
  facet normal -0.9876883405951369 -0.15643446504023623 0
    outer loop
      vertex -73.77328194468484 -75.05575403111247 57.8
      vertex -73.84287269688133 -74.61637531402452 57.8
      vertex -73.84287269688133 -74.61637531402452 0
    endloop
  endfacet
  facet normal -0.7771459614569629 -0.629320391049847 0
    outer loop
      vertex -74.84163449172108 -72.65619492297485 57.8
      vertex -74.84163449172108 -72.65619492297485 0
      vertex -74.56167777390647 -73.00191267775699 57.8
    endloop
  endfacet
  facet normal -0.5446390350150269 -0.8386705679454243 0
    outer loop
      vertex -75.50191267775699 -72.06167777390647 57.8
      vertex -75.875 -71.81939203391613 57.8
      vertex -75.875 -71.81939203391613 0
    endloop
  endfacet
  facet normal -0.629320391049847 -0.7771459614569629 0
    outer loop
      vertex -75.50191267775699 -72.06167777390647 57.8
      vertex -75.50191267775699 -72.06167777390647 0
      vertex -75.15619492297485 -72.34163449172108 57.8
    endloop
  endfacet
  facet normal -0.7071067811865475 -0.7071067811865475 0
    outer loop
      vertex -74.84163449172108 -72.65619492297485 57.8
      vertex -75.15619492297485 -72.34163449172108 57.8
      vertex -75.15619492297485 -72.34163449172108 0
    endloop
  endfacet
  facet normal -0.8910065241883779 -0.453990499739527 0
    outer loop
      vertex -74.11743180501895 -73.77136926692785 57.8
      vertex -74.31939203391613 -73.375 57.8
      vertex -74.31939203391613 -73.375 0
    endloop
  endfacet
  facet normal -0.8386705679454243 -0.5446390350150269 0
    outer loop
      vertex -74.31939203391613 -73.375 57.8
      vertex -74.56167777390647 -73.00191267775699 57.8
      vertex -74.56167777390647 -73.00191267775699 0
    endloop
  endfacet
  facet normal 0.5877852764175114 0.8090169768470806 0
    outer loop
      vertex -70.88552622497082 -65.8412339836359 2
      vertex -71.01246091723442 -65.74901052564383 60
      vertex -70.88552622497082 -65.8412339836359 60
    endloop
  endfacet
  facet normal 0.6293203872485708 0.7771459645351759 0
    outer loop
      vertex -70.03148353099823 -66.53282411396503 2
      vertex -70.88552622497082 -65.8412339836359 60
      vertex -70.03148353099823 -66.53282411396503 60
    endloop
  endfacet
  facet normal 0.8090169768470806 0.5877852764175114 0
    outer loop
      vertex -68.24901052564383 -68.51246091723442 2
      vertex -68.3412339836359 -68.38552622497082 60
      vertex -68.24901052564383 -68.51246091723442 60
    endloop
  endfacet
  facet normal 0.866025407724629 0.4999999931753902 0
    outer loop
      vertex -67.57203072309494 -69.56999537348747 2
      vertex -67.65048070251942 -69.43411602079868 60
      vertex -67.57203072309494 -69.56999537348747 60
    endloop
  endfacet
  facet normal 0.8386705677124385 0.5446390353737932 0
    outer loop
      vertex -67.65048070251942 -69.43411602079868 2
      vertex -68.24901052564383 -68.51246091723442 60
      vertex -67.65048070251942 -69.43411602079868 60
    endloop
  endfacet
  facet normal 0.7071067811865476 0.7071067811865476 0
    outer loop
      vertex -69.13781078904867 -67.41488401591778 2
      vertex -69.91488402336836 -66.63781078159809 60
      vertex -69.13781078904867 -67.41488401591778 60
    endloop
  endfacet
  facet normal 0.7431448226754975 0.6691306094706797 0
    outer loop
      vertex -69.03282410651445 -67.53148353844881 2
      vertex -69.13781078904867 -67.41488401591778 60
      vertex -69.03282410651445 -67.53148353844881 60
    endloop
  endfacet
  facet normal 0.6691306042468929 0.7431448273790162 0
    outer loop
      vertex -69.91488402336836 -66.63781078159809 2
      vertex -70.03148353099823 -66.53282411396503 60
      vertex -69.91488402336836 -66.63781078159809 60
    endloop
  endfacet
  facet normal 0.777145965165893 0.6293203864697001 0
    outer loop
      vertex -68.3412339836359 -68.38552622497082 2
      vertex -69.03282410651445 -67.53148353844881 60
      vertex -68.3412339836359 -68.38552622497082 60
    endloop
  endfacet
  facet normal 0.8386705716328138 0.5446390293369446 0
    outer loop
      vertex -85.42705098539591 -63.133116625249386 2
      vertex -85.59807620942593 -62.86976087093353 60
      vertex -85.42705098539591 -63.133116625249386 60
    endloop
  endfacet
  facet normal 0.7771459578667895 0.629320395483342 0
    outer loop
      vertex -85.2294344753027 -63.37715268880129 2
      vertex -85.42705098539591 -63.133116625249386 60
      vertex -85.2294344753027 -63.37715268880129 60
    endloop
  endfacet
  facet normal 0.7071067811865476 0.7071067811865476 0
    outer loop
      vertex -85.00739181786776 -63.59919534623623 2
      vertex -85.2294344753027 -63.37715268880129 60
      vertex -85.00739181786776 -63.59919534623623 60
    endloop
  endfacet
  facet normal 0.629320395483342 0.7771459578667895 0
    outer loop
      vertex -84.76335575431585 -63.79681185632944 2
      vertex -85.00739181786776 -63.59919534623623 60
      vertex -84.76335575431585 -63.79681185632944 60
    endloop
  endfacet
  facet normal 0.5446390293369446 0.8386705716328138 0
    outer loop
      vertex -84.5 -63.96783708035946 2
      vertex -84.76335575431585 -63.79681185632944 60
      vertex -84.5 -63.96783708035946 60
    endloop
  endfacet
  facet normal 0.9659258237320325 0.25881905464550803 0
    outer loop
      vertex -85.85316954553127 -62.29681185632944 2
      vertex -85.93444280326366 -61.99349594116211 60
      vertex -85.85316954553127 -62.29681185632944 60
    endloop
  endfacet
  facet normal 0.987688339687025 0.15643447077382908 0
    outer loop
      vertex -85.93444280326366 -61.99349594116211 2
      vertex -85.98356568813324 -61.68334626406431 60
      vertex -85.93444280326366 -61.99349594116211 60
    endloop
  endfacet
  facet normal 0.998629535121208 0.052335949247149044 0
    outer loop
      vertex -85.98356568813324 -61.68334626406431 2
      vertex -86 -61.36976087093353 60
      vertex -85.98356568813324 -61.68334626406431 60
    endloop
  endfacet
  facet normal 0.8910065259684402 0.45399049624595805 0
    outer loop
      vertex -85.59807620942593 -62.86976087093353 2
      vertex -85.7406363710761 -62.58997079730034 60
      vertex -85.59807620942593 -62.86976087093353 60
    endloop
  endfacet
  facet normal 0.9335804259992488 0.358367950842512 0
    outer loop
      vertex -85.7406363710761 -62.58997079730034 2
      vertex -85.85316954553127 -62.29681185632944 60
      vertex -85.7406363710761 -62.58997079730034 60
    endloop
  endfacet
  facet normal 0.25881905464550803 0.9659258237320325 0
    outer loop
      vertex -83.62373507022858 -64.3042036741972 2
      vertex -83.92705098539591 -64.2229304164648 60
      vertex -83.62373507022858 -64.3042036741972 60
    endloop
  endfacet
  facet normal 0.15643447077382908 0.987688339687025 0
    outer loop
      vertex -83.31358539313078 -64.35332655906677 2
      vertex -83.62373507022858 -64.3042036741972 60
      vertex -83.31358539313078 -64.35332655906677 60
    endloop
  endfacet
  facet normal 0.052335949247149044 0.998629535121208 0
    outer loop
      vertex -83 -64.36976087093353 2
      vertex -83.31358539313078 -64.35332655906677 60
      vertex -83 -64.36976087093353 60
    endloop
  endfacet
  facet normal 0.45399049624595805 0.8910065259684402 0
    outer loop
      vertex -84.2202099263668 -64.11039724200964 2
      vertex -84.5 -63.96783708035946 60
      vertex -84.2202099263668 -64.11039724200964 60
    endloop
  endfacet
  facet normal 0.358367950842512 0.9335804259992488 0
    outer loop
      vertex -83.92705098539591 -64.2229304164648 2
      vertex -84.2202099263668 -64.11039724200964 60
      vertex -83.92705098539591 -64.2229304164648 60
    endloop
  endfacet
  facet normal -0.052335949247149044 0.998629535121208 0
    outer loop
      vertex -82.68641460686922 -64.35332655906677 2
      vertex -83 -64.36976087093353 60
      vertex -82.68641460686922 -64.35332655906677 60
    endloop
  endfacet
  facet normal -0.15643447077382908 0.987688339687025 0
    outer loop
      vertex -82.37626492977142 -64.3042036741972 2
      vertex -82.68641460686922 -64.35332655906677 60
      vertex -82.37626492977142 -64.3042036741972 60
    endloop
  endfacet
  facet normal -0.25881905464550803 0.9659258237320325 0
    outer loop
      vertex -82.07294901460409 -64.2229304164648 2
      vertex -82.37626492977142 -64.3042036741972 60
      vertex -82.07294901460409 -64.2229304164648 60
    endloop
  endfacet
  facet normal -0.33380684456549964 0.9426414962864854 0
    outer loop
      vertex -81.92489618808031 -64.17050216346979 2
      vertex -82.07294901460409 -64.2229304164648 60
      vertex -81.92489618808031 -64.17050216346979 60
    endloop
  endfacet
  facet normal -0.3583679382646259 0.933580430827447 0
    outer loop
      vertex -81.7815439850092 -64.11547441035509 2
      vertex -81.92489618808031 -64.17050216346979 60
      vertex -81.7815439850092 -64.11547441035509 60
    endloop
  endfacet
  facet normal -0.3090170204861316 0.9510565078111152 0
    outer loop
      vertex -81.6323229148984 -64.06698954105377 2
      vertex -81.7815439850092 -64.11547441035509 60
      vertex -81.6323229148984 -64.06698954105377 60
    endloop
  endfacet
  facet normal -0.25881903888655244 0.9659258279546319 0
    outer loop
      vertex -80.5708212479949 -63.78256103396416 2
      vertex -81.6323229148984 -64.06698954105377 60
      vertex -80.5708212479949 -63.78256103396416 60
    endloop
  endfacet
  facet normal -0.20791169973303814 0.9781475988388045 0
    outer loop
      vertex -80.41734971106052 -63.749939650297165 2
      vertex -80.5708212479949 -63.78256103396416 60
      vertex -80.41734971106052 -63.749939650297165 60
    endloop
  endfacet
  facet normal -0.15643446525950055 0.9876883405604088 0
    outer loop
      vertex -79.3319320678711 -63.57802638411522 2
      vertex -80.41734971106052 -63.749939650297165 60
      vertex -79.3319320678711 -63.57802638411522 60
    endloop
  endfacet
  facet normal -0.10452847376048861 0.9945218942654319 0
    outer loop
      vertex -79.17589152604342 -63.561625860631466 2
      vertex -79.3319320678711 -63.57802638411522 60
      vertex -79.17589152604342 -63.561625860631466 60
    endloop
  endfacet
  facet normal -0.052335953584199485 0.9986295348939128 0
    outer loop
      vertex -78.07845007628202 -63.504111394286156 2
      vertex -79.17589152604342 -63.561625860631466 60
      vertex -78.07845007628202 -63.504111394286156 60
    endloop
  endfacet
  facet normal 0 1 0
    outer loop
      vertex -77.92154992371798 -63.504111394286156 2
      vertex -78.07845007628202 -63.504111394286156 60
      vertex -77.92154992371798 -63.504111394286156 60
    endloop
  endfacet
  facet normal 0.05233595213809724 0.9986295349696998 0
    outer loop
      vertex -76.8241085857153 -63.561625853180885 2
      vertex -77.92154992371798 -63.504111394286156 60
      vertex -76.8241085857153 -63.561625853180885 60
    endloop
  endfacet
  facet normal 0.1045284566956052 0.9945218960590235 0
    outer loop
      vertex -76.66806780546904 -63.57802639901638 2
      vertex -76.8241085857153 -63.561625853180885 60
      vertex -76.66806780546904 -63.57802639901638 60
    endloop
  endfacet
  facet normal 0.15643446879228512 0.9876883400008707 0
    outer loop
      vertex -75.5826502814889 -63.749939650297165 2
      vertex -76.66806780546904 -63.57802639901638 60
      vertex -75.5826502814889 -63.749939650297165 60
    endloop
  endfacet
  facet normal 0.20791169973303814 0.9781475988388045 0
    outer loop
      vertex -75.42917874455452 -63.78256103396416 2
      vertex -75.5826502814889 -63.749939650297165 60
      vertex -75.42917874455452 -63.78256103396416 60
    endloop
  endfacet
  facet normal 0.2588190418222672 0.9659258271680096 0
    outer loop
      vertex -74.36767706274986 -64.06698954850435 2
      vertex -75.42917874455452 -63.78256103396416 60
      vertex -74.36767706274986 -64.06698954850435 60
    endloop
  endfacet
  facet normal 0.35836795148206757 0.9335804257537463 0
    outer loop
      vertex -73.19250015169382 -64.50930196791887 2
      vertex -74.21845606714487 -64.11547438800335 60
      vertex -73.19250015169382 -64.50930196791887 60
    endloop
  endfacet
  facet normal 0.309016988237967 0.9510565182891794 0
    outer loop
      vertex -74.21845606714487 -64.11547438800335 2
      vertex -74.36767706274986 -64.06698954850435 60
      vertex -74.21845606714487 -64.11547438800335 60
    endloop
  endfacet
  facet normal 0.4067366344303633 0.9135454614917974 0
    outer loop
      vertex -73.04916489869356 -64.57311893254519 2
      vertex -73.19250015169382 -64.50930196791887 60
      vertex -73.04916489869356 -64.57311893254519 60
    endloop
  endfacet
  facet normal 0.4999999931753902 0.866025407724629 0
    outer loop
      vertex -71.93411602079868 -65.15048070251942 2
      vertex -72.06999537348747 -65.07203072309494 60
      vertex -71.93411602079868 -65.15048070251942 60
    endloop
  endfacet
  facet normal 0.45399049835820615 0.891006524892196 0
    outer loop
      vertex -72.06999537348747 -65.07203072309494 2
      vertex -73.04916489869356 -64.57311893254519 60
      vertex -72.06999537348747 -65.07203072309494 60
    endloop
  endfacet
  facet normal 0.5446390353737932 0.8386705677124385 0
    outer loop
      vertex -71.01246091723442 -65.74901052564383 2
      vertex -71.93411602079868 -65.15048070251942 60
      vertex -71.01246091723442 -65.74901052564383 60
    endloop
  endfacet
  facet normal 0.8660253957167849 0.500000013973586 0
    outer loop
      vertex -66.3857725635171 -82.13391711562872 2
      vertex -66.54278043657541 -81.86197151243687 60
      vertex -66.3857725635171 -82.13391711562872 60
    endloop
  endfacet
  facet normal 0.809016993965044 0.5877852528566571 0
    outer loop
      vertex -66.20119874179363 -82.3879611864686 2
      vertex -66.3857725635171 -82.13391711562872 60
      vertex -66.20119874179363 -82.3879611864686 60
    endloop
  endfacet
  facet normal 0.669130614928542 0.7431448177612163 0
    outer loop
      vertex -65.75772203505039 -82.83143789321184 2
      vertex -65.99108120054007 -82.62132035195827 60
      vertex -65.75772203505039 -82.83143789321184 60
    endloop
  endfacet
  facet normal 0.5877852528566571 0.809016993965044 0
    outer loop
      vertex -65.50367796421051 -83.0160117149353 2
      vertex -65.75772203505039 -82.83143789321184 60
      vertex -65.50367796421051 -83.0160117149353 60
    endloop
  endfacet
  facet normal 0.7431448177612163 0.669130614928542 0
    outer loop
      vertex -65.99108120054007 -82.62132035195827 2
      vertex -66.20119874179363 -82.3879611864686 60
      vertex -65.99108120054007 -82.62132035195827 60
    endloop
  endfacet
  facet normal 0.4999999859045104 0.8660254119224732 0
    outer loop
      vertex -65.23173235356808 -83.17301958054304 2
      vertex -65.50367796421051 -83.0160117149353 60
      vertex -65.23173235356808 -83.17301958054304 60
    endloop
  endfacet
  facet normal 0.40673663936662624 0.9135454592940316 0
    outer loop
      vertex -64.94486470520496 -83.30074128508568 2
      vertex -65.23173235356808 -83.17301958054304 60
      vertex -64.94486470520496 -83.30074128508568 60
    endloop
  endfacet
  facet normal 0.3090169921374998 0.9510565170221443 0
    outer loop
      vertex -64.64621799439192 -83.39777748286724 2
      vertex -64.94486470520496 -83.30074128508568 60
      vertex -64.64621799439192 -83.39777748286724 60
    endloop
  endfacet
  facet normal 0.20791167136554337 0.9781476048685016 0
    outer loop
      vertex -64.33906424790621 -83.46306502074003 2
      vertex -64.64621799439192 -83.39777748286724 60
      vertex -64.33906424790621 -83.46306502074003 60
    endloop
  endfacet
  facet normal 0.10452847116952206 0.9945218945377534 0
    outer loop
      vertex -64.02676872164011 -83.49588860571384 2
      vertex -64.33906424790621 -83.46306502074003 60
      vertex -64.02676872164011 -83.49588860571384 60
    endloop
  endfacet
  facet normal 0.02617694208405647 0.9996573251385336 0
    outer loop
      vertex -63.86976087093353 -83.5 2
      vertex -64.02676872164011 -83.49588860571384 60
      vertex -63.86976087093353 -83.5 60
    endloop
  endfacet
  facet normal 0.9945218945377534 0.10452847116952206 0
    outer loop
      vertex -66.83282589167356 -80.96930341422558 2
      vertex -66.86564947664738 -80.65700788795948 60
      vertex -66.83282589167356 -80.96930341422558 60
    endloop
  endfacet
  facet normal 0.9135454592940316 0.40673663936662624 0
    outer loop
      vertex -66.54278043657541 -81.86197151243687 2
      vertex -66.67050214111805 -81.57510386407375 60
      vertex -66.54278043657541 -81.86197151243687 60
    endloop
  endfacet
  facet normal 0.95105651004902 0.3090170135985689 0
    outer loop
      vertex -66.67050214111805 -81.57510386407375 2
      vertex -66.7675383463502 -81.27645715326071 60
      vertex -66.67050214111805 -81.57510386407375 60
    endloop
  endfacet
  facet normal 0.9781475990175839 0.20791169889194822 0
    outer loop
      vertex -66.7675383463502 -81.27645715326071 2
      vertex -66.83282589167356 -80.96930341422558 60
      vertex -66.7675383463502 -81.27645715326071 60
    endloop
  endfacet
  facet normal 1 0 0
    outer loop
      vertex -66.86564947664738 -80.65700788795948 2
      vertex -66.86564947664738 -80.34299214929342 60
      vertex -66.86564947664738 -80.65700788795948 60
    endloop
  endfacet
  facet normal 0.9945218945377534 -0.10452847116952206 0
    outer loop
      vertex -66.86564947664738 -80.34299214929342 2
      vertex -66.83282589167356 -80.03069662302732 60
      vertex -66.86564947664738 -80.34299214929342 60
    endloop
  endfacet
  facet normal 0.9781476048685016 -0.20791167136554337 0
    outer loop
      vertex -66.83282589167356 -80.03069662302732 2
      vertex -66.76753835380077 -79.72354287654161 60
      vertex -66.83282589167356 -80.03069662302732 60
    endloop
  endfacet
  facet normal 0.9510565170221443 -0.3090169921374998 0
    outer loop
      vertex -66.76753835380077 -79.72354287654161 2
      vertex -66.67050215601921 -79.42489616572857 60
      vertex -66.76753835380077 -79.72354287654161 60
    endloop
  endfacet
  facet normal 0.9335804208252607 -0.3583679643212113 0
    outer loop
      vertex -66.67050215601921 -79.42489616572857 2
      vertex -66.61547439545393 -79.28154395520687 60
      vertex -66.67050215601921 -79.42489616572857 60
    endloop
  endfacet
  facet normal 0.9510565224714396 -0.30901697536629286 0
    outer loop
      vertex -66.61547439545393 -79.28154395520687 2
      vertex -66.56698954850435 -79.13232292979956 60
      vertex -66.61547439545393 -79.28154395520687 60
    endloop
  endfacet
  facet normal 0.9659258271680096 -0.2588190418222672 0
    outer loop
      vertex -66.56698954850435 -79.13232292979956 2
      vertex -66.28256103396416 -78.0708212479949 60
      vertex -66.56698954850435 -79.13232292979956 60
    endloop
  endfacet
  facet normal 0.9781475988388045 -0.20791169973303814 0
    outer loop
      vertex -66.28256103396416 -78.0708212479949 2
      vertex -66.24993965029716 -77.91734971106052 60
      vertex -66.28256103396416 -78.0708212479949 60
    endloop
  endfacet
  facet normal 0.9876883400008707 -0.15643446879228512 0
    outer loop
      vertex -66.24993965029716 -77.91734971106052 2
      vertex -66.07802639901638 -76.83193218708038 60
      vertex -66.24993965029716 -77.91734971106052 60
    endloop
  endfacet
  facet normal 0.9945218960590235 -0.1045284566956052 0
    outer loop
      vertex -66.07802639901638 -76.83193218708038 2
      vertex -66.06162585318089 -76.67589140683413 60
      vertex -66.07802639901638 -76.83193218708038 60
    endloop
  endfacet
  facet normal 0.9986295349511297 -0.05233595249243526 0
    outer loop
      vertex -66.06162585318089 -76.67589140683413 2
      vertex -66.00411139428616 -75.57845007628202 60
      vertex -66.06162585318089 -76.67589140683413 60
    endloop
  endfacet
  facet normal 1 0 0
    outer loop
      vertex -66.00411139428616 -75.57845007628202 2
      vertex -66.00411139428616 -75.4215499162674 60
      vertex -66.00411139428616 -75.57845007628202 60
    endloop
  endfacet
  facet normal 0.9986295348939128 0.052335953584199485 0
    outer loop
      vertex -66.00411139428616 -75.4215499162674 2
      vertex -66.06162586063147 -74.324108466506 60
      vertex -66.00411139428616 -75.4215499162674 60
    endloop
  endfacet
  facet normal 0.9945218942654319 0.10452847376048861 0
    outer loop
      vertex -66.06162586063147 -74.324108466506 2
      vertex -66.07802638411522 -74.16806792467833 60
      vertex -66.06162586063147 -74.324108466506 60
    endloop
  endfacet
  facet normal 0.9876883405604088 0.15643446525950055 0
    outer loop
      vertex -66.07802638411522 -74.16806792467833 2
      vertex -66.24993965029716 -73.0826502814889 60
      vertex -66.07802638411522 -74.16806792467833 60
    endloop
  endfacet
  facet normal 0.9781475988388045 0.20791169973303814 0
    outer loop
      vertex -66.24993965029716 -73.0826502814889 2
      vertex -66.28256103396416 -72.92917874455452 60
      vertex -66.24993965029716 -73.0826502814889 60
    endloop
  endfacet
  facet normal 0.9659258279546319 0.25881903888655244 0
    outer loop
      vertex -66.28256103396416 -72.92917874455452 2
      vertex -66.56698954105377 -71.86767707765102 60
      vertex -66.28256103396416 -72.92917874455452 60
    endloop
  endfacet
  facet normal 0.9510565172324066 0.30901699149037953 0
    outer loop
      vertex -66.56698954105377 -71.86767707765102 2
      vertex -66.61547440290451 -71.7184560149908 60
      vertex -66.56698954105377 -71.86767707765102 60
    endloop
  endfacet
  facet normal 0.9335804257759017 0.35836795142435096 0
    outer loop
      vertex -66.61547440290451 -71.7184560149908 2
      vertex -67.00930194556713 -70.6925001963973 60
      vertex -66.61547440290451 -71.7184560149908 60
    endloop
  endfacet
  facet normal 0.913545455693305 0.4067366474539906 0
    outer loop
      vertex -67.00930194556713 -70.6925001963973 2
      vertex -67.07311893254519 -70.54916489869356 60
      vertex -67.00930194556713 -70.6925001963973 60
    endloop
  endfacet
  facet normal 0.891006524892196 0.45399049835820615 0
    outer loop
      vertex -67.07311893254519 -70.54916489869356 2
      vertex -67.57203072309494 -69.56999537348747 60
      vertex -67.07311893254519 -70.54916489869356 60
    endloop
  endfacet
  facet normal 0 0 1
    outer loop
      vertex -89.48127274215221 -83.94041986018419 60
      vertex -84.01947308636689 -80.91995791150676 60
      vertex -89.70633909851313 -83.35410196334124 60
    endloop
  endfacet
  facet normal 0 0 1
    outer loop
      vertex -89.48127274215221 -83.94041986018419 60
      vertex -89.19615242630243 -84.5 60
      vertex -83.41995791150676 -81.51947308636689 60
    endloop
  endfacet
  facet normal 0 0 1
    outer loop
      vertex -89.70633909851313 -83.35410196334124 60
      vertex -84.01947308636689 -80.91995791150676 60
      vertex -89.86888560652733 -82.74747014790773 60
    endloop
  endfacet
  facet normal 0 0 1
    outer loop
      vertex -87.52671151608229 -86.35410196334124 60
      vertex -82.05 -82.51480577065395 60
      vertex -88.01478363573551 -85.95886895060539 60
    endloop
  endfacet
  facet normal 0 0 1
    outer loop
      vertex -87.52671151608229 -86.35410196334124 60
      vertex -87 -86.69615242630243 60
      vertex -81.29456680891398 -82.89971820690506 60
    endloop
  endfacet
  facet normal 0 0 1
    outer loop
      vertex -87 -86.69615242630243 60
      vertex -86.44041986018419 -86.98127274215221 60
      vertex -80.50303765443708 -83.20355778199074 60
    endloop
  endfacet
  facet normal 0 0 1
    outer loop
      vertex -88.85410196334124 -85.02671151608229 60
      vertex -88.45886895060539 -85.51478363573551 60
      vertex -82.76106054356903 -82.05303765443708 60
    endloop
  endfacet
  facet normal 0 0 1
    outer loop
      vertex -88.85410196334124 -85.02671151608229 60
      vertex -83.41995791150676 -81.51947308636689 60
      vertex -89.19615242630243 -84.5 60
    endloop
  endfacet
  facet normal 0 0 1
    outer loop
      vertex -88.45886895060539 -85.51478363573551 60
      vertex -88.01478363573551 -85.95886895060539 60
      vertex -82.05 -82.51480577065395 60
    endloop
  endfacet
  facet normal 0 0 1
    outer loop
      vertex -89.48127274215221 -83.94041986018419 60
      vertex -83.41995791150676 -81.51947308636689 60
      vertex -84.01947308636689 -80.91995791150676 60
    endloop
  endfacet
  facet normal 0 0 1
    outer loop
      vertex -88.85410196334124 -85.02671151608229 60
      vertex -82.76106054356903 -82.05303765443708 60
      vertex -83.41995791150676 -81.51947308636689 60
    endloop
  endfacet
  facet normal 0 0 1
    outer loop
      vertex -88.45886895060539 -85.51478363573551 60
      vertex -82.05 -82.51480577065395 60
      vertex -82.76106054356903 -82.05303765443708 60
    endloop
  endfacet
  facet normal 0 0 1
    outer loop
      vertex -85.01480577065395 -79.55 57.8
      vertex -85.01480577065395 -71.45 57.8
      vertex -85.39971820690506 -78.79456680891398 57.8
    endloop
  endfacet
  facet normal 0 0 1
    outer loop
      vertex -85.01480577065395 -79.55 57.8
      vertex -84.55303765443708 -80.26106054356903 57.8
      vertex -84.55303765443708 -70.73893945643097 57.8
    endloop
  endfacet
  facet normal 0 0 1
    outer loop
      vertex -89.86888560652733 -82.74747014790773 60
      vertex -84.55303765443708 -80.26106054356903 60
      vertex -89.9671313688159 -82.12717077881098 60
    endloop
  endfacet
  facet normal 0 0 1
    outer loop
      vertex -89.9671313688159 -82.12717077881098 60
      vertex -84.55303765443708 -80.26106054356903 60
      vertex -90 -81.5 60
    endloop
  endfacet
  facet normal 0 0 1
    outer loop
      vertex -90 -81.5 60
      vertex -85.70355778199074 -78.00303765443708 60
      vertex -85.92299556594382 -77.18408469562385 60
    endloop
  endfacet
  facet normal 0 0 1
    outer loop
      vertex -90 -81.5 60
      vertex -85.92299556594382 -77.18408469562385 60
      vertex -86.05562735248301 -76.34668055246799 60
    endloop
  endfacet
  facet normal 0 0 1
    outer loop
      vertex -90 -81.5 60
      vertex -86.05562735248301 -76.34668055246799 60
      vertex -86.1 -75.5 60
    endloop
  endfacet
  facet normal 0 0 1
    outer loop
      vertex -90 -81.5 60
      vertex -86.1 -75.5 60
      vertex -86.05562735248301 -74.65331944753201 60
    endloop
  endfacet
  facet normal 0 0 1
    outer loop
      vertex -90 -81.5 60
      vertex -86.05562735248301 -74.65331944753201 60
      vertex -85.92299556594382 -73.81591530437615 60
    endloop
  endfacet
  facet normal 0.7771459614569688 0.62932039104984 0
    outer loop
      vertex -84.55303765443708 -80.26106054356903 57.8
      vertex -84.55303765443708 -80.26106054356903 60
      vertex -84.01947308636689 -80.91995791150676 57.8
    endloop
  endfacet
  facet normal 0.8386705679454272 0.5446390350150223 0
    outer loop
      vertex -85.01480577065395 -79.55 57.8
      vertex -85.01480577065395 -79.55 60
      vertex -84.55303765443708 -80.26106054356903 57.8
    endloop
  endfacet
  facet normal 0 0 1
    outer loop
      vertex -89.86888560652733 -82.74747014790773 60
      vertex -84.01947308636689 -80.91995791150676 60
      vertex -84.55303765443708 -80.26106054356903 60
    endloop
  endfacet
  facet normal 0 0 1
    outer loop
      vertex -90 -81.5 60
      vertex -84.55303765443708 -80.26106054356903 60
      vertex -85.01480577065395 -79.55 60
    endloop
  endfacet
  facet normal 0 0 1
    outer loop
      vertex -90 -81.5 60
      vertex -85.39971820690506 -78.79456680891398 60
      vertex -85.70355778199074 -78.00303765443708 60
    endloop
  endfacet
  facet normal 0 0 1
    outer loop
      vertex -90 -81.5 60
      vertex -85.01480577065395 -79.55 60
      vertex -85.39971820690506 -78.79456680891398 60
    endloop
  endfacet
  facet normal 0.891006524188367 0.45399049973954864 0
    outer loop
      vertex -85.01480577065395 -79.55 57.8
      vertex -85.39971820690506 -78.79456680891398 60
      vertex -85.01480577065395 -79.55 60
    endloop
  endfacet
  facet normal 0.8386705679454272 0.5446390350150223 0
    outer loop
      vertex -84.55303765443708 -80.26106054356903 57.8
      vertex -85.01480577065395 -79.55 60
      vertex -84.55303765443708 -80.26106054356903 60
    endloop
  endfacet
  facet normal 0.9659258262890682 0.258819045102521 0
    outer loop
      vertex -85.70355778199074 -78.00303765443708 57.8
      vertex -85.92299556594382 -77.18408469562385 57.8
      vertex -85.92299556594382 -77.18408469562385 60
    endloop
  endfacet
  facet normal 0.9876883405951371 0.1564344650402346 0
    outer loop
      vertex -85.92299556594382 -77.18408469562385 57.8
      vertex -86.05562735248301 -76.34668055246799 57.8
      vertex -86.05562735248301 -76.34668055246799 60
    endloop
  endfacet
  facet normal 0.891006524188367 0.45399049973954864 0
    outer loop
      vertex -85.01480577065395 -79.55 57.8
      vertex -85.39971820690506 -78.79456680891398 57.8
      vertex -85.39971820690506 -78.79456680891398 60
    endloop
  endfacet
  facet normal 0.9335804264972021 0.3583679495452997 0
    outer loop
      vertex -85.39971820690506 -78.79456680891398 57.8
      vertex -85.70355778199074 -78.00303765443708 57.8
      vertex -85.70355778199074 -78.00303765443708 60
    endloop
  endfacet
  facet normal 0.9876883405951371 0.1564344650402346 0
    outer loop
      vertex -85.92299556594382 -77.18408469562385 57.8
      vertex -86.05562735248301 -76.34668055246799 60
      vertex -85.92299556594382 -77.18408469562385 60
    endloop
  endfacet
  facet normal 0.9335804264972021 0.3583679495452997 0
    outer loop
      vertex -85.39971820690506 -78.79456680891398 57.8
      vertex -85.70355778199074 -78.00303765443708 60
      vertex -85.39971820690506 -78.79456680891398 60
    endloop
  endfacet
  facet normal 0.9659258262890682 0.258819045102521 0
    outer loop
      vertex -85.70355778199074 -78.00303765443708 57.8
      vertex -85.92299556594382 -77.18408469562385 60
      vertex -85.70355778199074 -78.00303765443708 60
    endloop
  endfacet
  facet normal 0 0 1
    outer loop
      vertex -79.68408469562385 -83.42299556594382 57.8
      vertex -78.84668055246799 -83.55562735248301 57.8
      vertex -78.88362468597548 -79.65712730311867 57.8
    endloop
  endfacet
  facet normal 0 0 1
    outer loop
      vertex -86.44041986018419 -86.98127274215221 60
      vertex -85.85410196334124 -87.20633909851313 60
      vertex -78.84668055246799 -83.55562735248301 60
    endloop
  endfacet
  facet normal 0 0 1
    outer loop
      vertex -85.85410196334124 -87.20633909851313 60
      vertex -85.24747014790773 -87.36888560652733 60
      vertex -78.84668055246799 -83.55562735248301 60
    endloop
  endfacet
  facet normal 0 0 1
    outer loop
      vertex -85.24747014790773 -87.36888560652733 60
      vertex -84.62717077881098 -87.4671313688159 60
      vertex -76.31591530437615 -83.42299556594382 60
    endloop
  endfacet
  facet normal 0.5446390350150223 0.8386705679454272 0
    outer loop
      vertex -82.76106054356903 -82.05303765443708 57.8
      vertex -82.76106054356903 -82.05303765443708 60
      vertex -82.05 -82.51480577065395 57.8
    endloop
  endfacet
  facet normal 0.45399049973954864 0.891006524188367 0
    outer loop
      vertex -82.05 -82.51480577065395 57.8
      vertex -82.05 -82.51480577065395 60
      vertex -81.29456680891398 -82.89971820690506 57.8
    endloop
  endfacet
  facet normal 0 0 1
    outer loop
      vertex -87.52671151608229 -86.35410196334124 60
      vertex -81.29456680891398 -82.89971820690506 60
      vertex -82.05 -82.51480577065395 60
    endloop
  endfacet
  facet normal 0 0 1
    outer loop
      vertex -87 -86.69615242630243 60
      vertex -80.50303765443708 -83.20355778199074 60
      vertex -81.29456680891398 -82.89971820690506 60
    endloop
  endfacet
  facet normal 0 0 1
    outer loop
      vertex -86.44041986018419 -86.98127274215221 60
      vertex -79.68408469562385 -83.42299556594382 60
      vertex -80.50303765443708 -83.20355778199074 60
    endloop
  endfacet
  facet normal 0 0 1
    outer loop
      vertex -86.44041986018419 -86.98127274215221 60
      vertex -78.84668055246799 -83.55562735248301 60
      vertex -79.68408469562385 -83.42299556594382 60
    endloop
  endfacet
  facet normal 0.5446390350150223 0.8386705679454272 0
    outer loop
      vertex -82.05 -82.51480577065395 57.8
      vertex -82.76106054356903 -82.05303765443708 60
      vertex -82.05 -82.51480577065395 60
    endloop
  endfacet
  facet normal 0 0 1
    outer loop
      vertex -85.24747014790773 -87.36888560652733 60
      vertex -78 -83.6 60
      vertex -78.84668055246799 -83.55562735248301 60
    endloop
  endfacet
  facet normal 0 0 1
    outer loop
      vertex -85.24747014790773 -87.36888560652733 60
      vertex -77.15331944753201 -83.55562735248301 60
      vertex -78 -83.6 60
    endloop
  endfacet
  facet normal 0 0 1
    outer loop
      vertex -85.24747014790773 -87.36888560652733 60
      vertex -76.31591530437615 -83.42299556594382 60
      vertex -77.15331944753201 -83.55562735248301 60
    endloop
  endfacet
  facet normal 0.3583679495452997 0.9335804264972021 0
    outer loop
      vertex -81.29456680891398 -82.89971820690506 57.8
      vertex -81.29456680891398 -82.89971820690506 60
      vertex -80.50303765443708 -83.20355778199074 57.8
    endloop
  endfacet
  facet normal 0.258819045102521 0.9659258262890682 0
    outer loop
      vertex -80.50303765443708 -83.20355778199074 57.8
      vertex -80.50303765443708 -83.20355778199074 60
      vertex -79.68408469562385 -83.42299556594382 57.8
    endloop
  endfacet
  facet normal 0.1564344650402346 0.9876883405951371 0
    outer loop
      vertex -79.68408469562385 -83.42299556594382 57.8
      vertex -79.68408469562385 -83.42299556594382 60
      vertex -78.84668055246799 -83.55562735248301 57.8
    endloop
  endfacet
  facet normal 0.45399049973954864 0.891006524188367 0
    outer loop
      vertex -81.29456680891398 -82.89971820690506 57.8
      vertex -82.05 -82.51480577065395 60
      vertex -81.29456680891398 -82.89971820690506 60
    endloop
  endfacet
  facet normal 0.3583679495452997 0.9335804264972021 0
    outer loop
      vertex -80.50303765443708 -83.20355778199074 57.8
      vertex -81.29456680891398 -82.89971820690506 60
      vertex -80.50303765443708 -83.20355778199074 60
    endloop
  endfacet
  facet normal 0.1564344650402346 0.9876883405951371 0
    outer loop
      vertex -78.84668055246799 -83.55562735248301 57.8
      vertex -79.68408469562385 -83.42299556594382 60
      vertex -78.84668055246799 -83.55562735248301 60
    endloop
  endfacet
  facet normal 0 0 1
    outer loop
      vertex -84.62717077881098 -87.4671313688159 60
      vertex -75.49696234556292 -83.20355778199074 60
      vertex -76.31591530437615 -83.42299556594382 60
    endloop
  endfacet
  facet normal 0.258819045102521 0.9659258262890682 0
    outer loop
      vertex -79.68408469562385 -83.42299556594382 57.8
      vertex -80.50303765443708 -83.20355778199074 60
      vertex -79.68408469562385 -83.42299556594382 60
    endloop
  endfacet
  facet normal 0 0 1
    outer loop
      vertex -82.05 -82.51480577065395 57.8
      vertex -81.29456680891398 -82.89971820690506 57.8
      vertex -81.43832222609353 -77.99808732224301 57.8
    endloop
  endfacet
  facet normal 0 0 1
    outer loop
      vertex -82.76106054356903 -82.05303765443708 57.8
      vertex -82.05 -82.51480577065395 57.8
      vertex -82.15712730311867 -76.38362468597548 57.8
    endloop
  endfacet
  facet normal 0 0 1
    outer loop
      vertex -82.05 -82.51480577065395 57.8
      vertex -81.43832222609353 -77.99808732224301 57.8
      vertex -81.68060796608387 -77.625 57.8
    endloop
  endfacet
  facet normal 0 0 1
    outer loop
      vertex -84.55303765443708 -80.26106054356903 57.8
      vertex -84.01947308636689 -80.91995791150676 57.8
      vertex -84.01947308636689 -70.08004208849324 57.8
    endloop
  endfacet
  facet normal 0 0 1
    outer loop
      vertex -83.41995791150676 -81.51947308636689 57.8
      vertex -83.41995791150676 -69.48052691363311 57.8
      vertex -84.01947308636689 -80.91995791150676 57.8
    endloop
  endfacet
  facet normal 0 0 1
    outer loop
      vertex -83.41995791150676 -81.51947308636689 57.8
      vertex -82.76106054356903 -82.05303765443708 57.8
      vertex -82.76106054356903 -68.94696234556292 57.8
    endloop
  endfacet
  facet normal 0 0 1
    outer loop
      vertex -82.76106054356903 -82.05303765443708 57.8
      vertex -82.15712730311867 -76.38362468597548 57.8
      vertex -82.22671805531516 -75.94424596888753 57.8
    endloop
  endfacet
  facet normal 0 0 1
    outer loop
      vertex -82.05 -82.51480577065395 57.8
      vertex -81.88256819498105 -77.22863073307215 57.8
      vertex -82.0419901942544 -76.81332222609353 57.8
    endloop
  endfacet
  facet normal 0 0 1
    outer loop
      vertex -82.05 -82.51480577065395 57.8
      vertex -81.68060796608387 -77.625 57.8
      vertex -81.88256819498105 -77.22863073307215 57.8
    endloop
  endfacet
  facet normal 0 0 1
    outer loop
      vertex -82.05 -82.51480577065395 57.8
      vertex -82.0419901942544 -76.81332222609353 57.8
      vertex -82.15712730311867 -76.38362468597548 57.8
    endloop
  endfacet
  facet normal 0 0 1
    outer loop
      vertex -82.76106054356903 -82.05303765443708 57.8
      vertex -82.22671805531516 -75.94424596888753 57.8
      vertex -82.25 -75.5 57.8
    endloop
  endfacet
  facet normal 0 0 1
    outer loop
      vertex -82.76106054356903 -82.05303765443708 57.8
      vertex -82.25 -75.5 57.8
      vertex -82.22671805531516 -75.05575403111247 57.8
    endloop
  endfacet
  facet normal 0 0 1
    outer loop
      vertex -81.29456680891398 -82.89971820690506 57.8
      vertex -80.50303765443708 -83.20355778199074 57.8
      vertex -80.84380507702515 -78.65836550827892 57.8
    endloop
  endfacet
  facet normal 0 0 1
    outer loop
      vertex -81.29456680891398 -82.89971820690506 57.8
      vertex -81.15836550827892 -78.34380507702515 57.8
      vertex -81.43832222609353 -77.99808732224301 57.8
    endloop
  endfacet
  facet normal 0 0 1
    outer loop
      vertex -81.29456680891398 -82.89971820690506 57.8
      vertex -80.84380507702515 -78.65836550827892 57.8
      vertex -81.15836550827892 -78.34380507702515 57.8
    endloop
  endfacet
  facet normal 0 0 1
    outer loop
      vertex -80.84380507702515 -78.65836550827892 57.8
      vertex -80.50303765443708 -83.20355778199074 57.8
      vertex -80.49808732224301 -78.93832222609353 57.8
    endloop
  endfacet
  facet normal 0 0 1
    outer loop
      vertex -80.50303765443708 -83.20355778199074 57.8
      vertex -80.125 -79.18060796608387 57.8
      vertex -80.49808732224301 -78.93832222609353 57.8
    endloop
  endfacet
  facet normal 0 0 1
    outer loop
      vertex -80.50303765443708 -83.20355778199074 57.8
      vertex -79.68408469562385 -83.42299556594382 57.8
      vertex -79.72863073307215 -79.38256819498105 57.8
    endloop
  endfacet
  facet normal 0 0 1
    outer loop
      vertex -79.68408469562385 -83.42299556594382 57.8
      vertex -79.31332222609353 -79.5419901942544 57.8
      vertex -79.72863073307215 -79.38256819498105 57.8
    endloop
  endfacet
  facet normal 0 0 1
    outer loop
      vertex -79.68408469562385 -83.42299556594382 57.8
      vertex -78.88362468597548 -79.65712730311867 57.8
      vertex -79.31332222609353 -79.5419901942544 57.8
    endloop
  endfacet
  facet normal 0 0 1
    outer loop
      vertex -80.50303765443708 -83.20355778199074 57.8
      vertex -79.72863073307215 -79.38256819498105 57.8
      vertex -80.125 -79.18060796608387 57.8
    endloop
  endfacet
  facet normal 0.7071067811865476 0.7071067811865476 0
    outer loop
      vertex -83.41995791150676 -81.51947308636689 57.8
      vertex -84.01947308636689 -80.91995791150676 57.8
      vertex -84.01947308636689 -80.91995791150676 60
    endloop
  endfacet
  facet normal 0.62932039104984 0.7771459614569688 0
    outer loop
      vertex -83.41995791150676 -81.51947308636689 57.8
      vertex -83.41995791150676 -81.51947308636689 60
      vertex -82.76106054356903 -82.05303765443708 57.8
    endloop
  endfacet
  facet normal 0.7771459614569688 0.62932039104984 0
    outer loop
      vertex -84.01947308636689 -80.91995791150676 57.8
      vertex -84.55303765443708 -80.26106054356903 60
      vertex -84.01947308636689 -80.91995791150676 60
    endloop
  endfacet
  facet normal 0.62932039104984 0.7771459614569688 0
    outer loop
      vertex -82.76106054356903 -82.05303765443708 57.8
      vertex -83.41995791150676 -81.51947308636689 60
      vertex -82.76106054356903 -82.05303765443708 60
    endloop
  endfacet
  facet normal 0.7071067811865476 0.7071067811865476 0
    outer loop
      vertex -83.41995791150676 -81.51947308636689 57.8
      vertex -84.01947308636689 -80.91995791150676 60
      vertex -83.41995791150676 -81.51947308636689 60
    endloop
  endfacet
  facet normal 0 0 1
    outer loop
      vertex -85.92299556594382 -77.18408469562385 57.8
      vertex -85.92299556594382 -73.81591530437615 57.8
      vertex -86.05562735248301 -76.34668055246799 57.8
    endloop
  endfacet
  facet normal 0 0 1
    outer loop
      vertex -86.05562735248301 -76.34668055246799 57.8
      vertex -86.05562735248301 -74.65331944753201 57.8
      vertex -86.1 -75.5 57.8
    endloop
  endfacet
  facet normal 0 0 1
    outer loop
      vertex -86.05562735248301 -76.34668055246799 57.8
      vertex -85.92299556594382 -73.81591530437615 57.8
      vertex -86.05562735248301 -74.65331944753201 57.8
    endloop
  endfacet
  facet normal 0 0 1
    outer loop
      vertex -85.92299556594382 -77.18408469562385 57.8
      vertex -85.70355778199074 -72.99696234556292 57.8
      vertex -85.92299556594382 -73.81591530437615 57.8
    endloop
  endfacet
  facet normal 0 0 1
    outer loop
      vertex -85.39971820690506 -78.79456680891398 57.8
      vertex -85.39971820690506 -72.20543319108602 57.8
      vertex -85.70355778199074 -78.00303765443708 57.8
    endloop
  endfacet
  facet normal 0 0 1
    outer loop
      vertex -85.70355778199074 -78.00303765443708 57.8
      vertex -85.70355778199074 -72.99696234556292 57.8
      vertex -85.92299556594382 -77.18408469562385 57.8
    endloop
  endfacet
  facet normal 0 0 1
    outer loop
      vertex -85.70355778199074 -78.00303765443708 57.8
      vertex -85.39971820690506 -72.20543319108602 57.8
      vertex -85.70355778199074 -72.99696234556292 57.8
    endloop
  endfacet
  facet normal 0 0 1
    outer loop
      vertex -85.39971820690506 -78.79456680891398 57.8
      vertex -85.01480577065395 -71.45 57.8
      vertex -85.39971820690506 -72.20543319108602 57.8
    endloop
  endfacet
  facet normal 0 0 1
    outer loop
      vertex -85.01480577065395 -79.55 57.8
      vertex -84.55303765443708 -70.73893945643097 57.8
      vertex -85.01480577065395 -71.45 57.8
    endloop
  endfacet
  facet normal 0 0 1
    outer loop
      vertex -84.55303765443708 -80.26106054356903 57.8
      vertex -84.01947308636689 -70.08004208849324 57.8
      vertex -84.55303765443708 -70.73893945643097 57.8
    endloop
  endfacet
  facet normal 0 0 1
    outer loop
      vertex -90 -81.5 60
      vertex -85.92299556594382 -73.81591530437615 60
      vertex -85.70355778199074 -72.99696234556292 60
    endloop
  endfacet
  facet normal 0.9986295347545743 0.0523359562429368 0
    outer loop
      vertex -86.05562735248301 -76.34668055246799 57.8
      vertex -86.1 -75.5 57.8
      vertex -86.1 -75.5 60
    endloop
  endfacet
  facet normal 0.9986295347545743 -0.0523359562429368 0
    outer loop
      vertex -86.1 -75.5 57.8
      vertex -86.05562735248301 -74.65331944753201 57.8
      vertex -86.05562735248301 -74.65331944753201 60
    endloop
  endfacet
  facet normal 0.9876883405951371 -0.1564344650402346 0
    outer loop
      vertex -86.05562735248301 -74.65331944753201 57.8
      vertex -85.92299556594382 -73.81591530437615 57.8
      vertex -85.92299556594382 -73.81591530437615 60
    endloop
  endfacet
  facet normal 0.9986295347545743 0.0523359562429368 0
    outer loop
      vertex -86.05562735248301 -76.34668055246799 57.8
      vertex -86.1 -75.5 60
      vertex -86.05562735248301 -76.34668055246799 60
    endloop
  endfacet
  facet normal 0.9986295347545743 -0.0523359562429368 0
    outer loop
      vertex -86.1 -75.5 57.8
      vertex -86.05562735248301 -74.65331944753201 60
      vertex -86.1 -75.5 60
    endloop
  endfacet
  facet normal 0 0 1
    outer loop
      vertex -90 -81.5 60
      vertex -85.70355778199074 -72.99696234556292 60
      vertex -85.39971820690506 -72.20543319108602 60
    endloop
  endfacet
  facet normal 0.9876883405951371 -0.1564344650402346 0
    outer loop
      vertex -86.05562735248301 -74.65331944753201 57.8
      vertex -85.92299556594382 -73.81591530437615 60
      vertex -86.05562735248301 -74.65331944753201 60
    endloop
  endfacet
  facet normal 0.9659258262890682 -0.258819045102521 0
    outer loop
      vertex -85.92299556594382 -73.81591530437615 57.8
      vertex -85.70355778199074 -72.99696234556292 57.8
      vertex -85.70355778199074 -72.99696234556292 60
    endloop
  endfacet
  facet normal 0.9335804264972021 -0.3583679495452997 0
    outer loop
      vertex -85.70355778199074 -72.99696234556292 57.8
      vertex -85.39971820690506 -72.20543319108602 57.8
      vertex -85.39971820690506 -72.20543319108602 60
    endloop
  endfacet
  facet normal 0.891006524188367 -0.45399049973954864 0
    outer loop
      vertex -85.39971820690506 -72.20543319108602 57.8
      vertex -85.01480577065395 -71.45 57.8
      vertex -85.01480577065395 -71.45 60
    endloop
  endfacet
  facet normal 0.9659258262890682 -0.258819045102521 0
    outer loop
      vertex -85.92299556594382 -73.81591530437615 57.8
      vertex -85.70355778199074 -72.99696234556292 60
      vertex -85.92299556594382 -73.81591530437615 60
    endloop
  endfacet
  facet normal 0.9335804264972021 -0.3583679495452997 0
    outer loop
      vertex -85.70355778199074 -72.99696234556292 57.8
      vertex -85.39971820690506 -72.20543319108602 60
      vertex -85.70355778199074 -72.99696234556292 60
    endloop
  endfacet
  facet normal 0 0 1
    outer loop
      vertex -90 -81.5 60
      vertex -85.39971820690506 -72.20543319108602 60
      vertex -81.6323229148984 -64.06698954105377 60
    endloop
  endfacet
  facet normal 0.891006524188367 -0.45399049973954864 0
    outer loop
      vertex -85.39971820690506 -72.20543319108602 57.8
      vertex -85.01480577065395 -71.45 60
      vertex -85.39971820690506 -72.20543319108602 60
    endloop
  endfacet
  facet normal 0.8386705679454272 -0.5446390350150223 0
    outer loop
      vertex -85.01480577065395 -71.45 57.8
      vertex -84.55303765443708 -70.73893945643097 60
      vertex -85.01480577065395 -71.45 60
    endloop
  endfacet
  facet normal 0 0 1
    outer loop
      vertex -90 -81.5 60
      vertex -85.7406363710761 -62.58997079730034 60
      vertex -85.85316954553127 -62.29681185632944 60
    endloop
  endfacet
  facet normal 0 0 1
    outer loop
      vertex -90 -81.5 60
      vertex -85.85316954553127 -62.29681185632944 60
      vertex -85.93444280326366 -61.99349594116211 60
    endloop
  endfacet
  facet normal 0 0 1
    outer loop
      vertex -90 -81.5 60
      vertex -85.93444280326366 -61.99349594116211 60
      vertex -85.98356568813324 -61.68334626406431 60
    endloop
  endfacet
  facet normal 0 0 1
    outer loop
      vertex -90 -81.5 60
      vertex -85.98356568813324 -61.68334626406431 60
      vertex -86 -61.36976087093353 60
    endloop
  endfacet
  facet normal 0.8386705679454272 -0.5446390350150223 0
    outer loop
      vertex -85.01480577065395 -71.45 57.8
      vertex -84.55303765443708 -70.73893945643097 57.8
      vertex -84.55303765443708 -70.73893945643097 60
    endloop
  endfacet
  facet normal 0 0 1
    outer loop
      vertex -90 -81.5 60
      vertex -84.5 -63.96783708035946 60
      vertex -84.76335575431585 -63.79681185632944 60
    endloop
  endfacet
  facet normal 0 0 1
    outer loop
      vertex -90 -81.5 60
      vertex -84.2202099263668 -64.11039724200964 60
      vertex -84.5 -63.96783708035946 60
    endloop
  endfacet
  facet normal 0 0 1
    outer loop
      vertex -90 -81.5 60
      vertex -83.92705098539591 -64.2229304164648 60
      vertex -84.2202099263668 -64.11039724200964 60
    endloop
  endfacet
  facet normal 0 0 1
    outer loop
      vertex -90 -81.5 60
      vertex -83.62373507022858 -64.3042036741972 60
      vertex -83.92705098539591 -64.2229304164648 60
    endloop
  endfacet
  facet normal 0 0 1
    outer loop
      vertex -90 -81.5 60
      vertex -85.2294344753027 -63.37715268880129 60
      vertex -85.42705098539591 -63.133116625249386 60
    endloop
  endfacet
  facet normal 0 0 1
    outer loop
      vertex -90 -81.5 60
      vertex -85.42705098539591 -63.133116625249386 60
      vertex -85.59807620942593 -62.86976087093353 60
    endloop
  endfacet
  facet normal 0 0 1
    outer loop
      vertex -90 -81.5 60
      vertex -85.00739181786776 -63.59919534623623 60
      vertex -85.2294344753027 -63.37715268880129 60
    endloop
  endfacet
  facet normal 0 0 1
    outer loop
      vertex -90 -81.5 60
      vertex -84.76335575431585 -63.79681185632944 60
      vertex -85.00739181786776 -63.59919534623623 60
    endloop
  endfacet
  facet normal 0 0 1
    outer loop
      vertex -90 -81.5 60
      vertex -85.59807620942593 -62.86976087093353 60
      vertex -85.7406363710761 -62.58997079730034 60
    endloop
  endfacet
  facet normal 0.7771459614569688 -0.62932039104984 0
    outer loop
      vertex -84.55303765443708 -70.73893945643097 57.8
      vertex -84.01947308636689 -70.08004208849324 60
      vertex -84.55303765443708 -70.73893945643097 60
    endloop
  endfacet
  facet normal 0 0 1
    outer loop
      vertex -90 -81.5 60
      vertex -83 -64.36976087093353 60
      vertex -83.31358539313078 -64.35332655906677 60
    endloop
  endfacet
  facet normal 0 0 1
    outer loop
      vertex -90 -81.5 60
      vertex -83.31358539313078 -64.35332655906677 60
      vertex -83.62373507022858 -64.3042036741972 60
    endloop
  endfacet
  facet normal 0 0 1
    outer loop
      vertex -90 -81.5 60
      vertex -82.68641460686922 -64.35332655906677 60
      vertex -83 -64.36976087093353 60
    endloop
  endfacet
  facet normal 0 0 1
    outer loop
      vertex -90 -81.5 60
      vertex -82.37626492977142 -64.3042036741972 60
      vertex -82.68641460686922 -64.35332655906677 60
    endloop
  endfacet
  facet normal 0 0 1
    outer loop
      vertex -90 -81.5 60
      vertex -82.07294901460409 -64.2229304164648 60
      vertex -82.37626492977142 -64.3042036741972 60
    endloop
  endfacet
  facet normal 0 0 1
    outer loop
      vertex -90 -81.5 60
      vertex -81.92489618808031 -64.17050216346979 60
      vertex -82.07294901460409 -64.2229304164648 60
    endloop
  endfacet
  facet normal 0 0 1
    outer loop
      vertex -90 -81.5 60
      vertex -81.7815439850092 -64.11547441035509 60
      vertex -81.92489618808031 -64.17050216346979 60
    endloop
  endfacet
  facet normal 0 0 1
    outer loop
      vertex -90 -81.5 60
      vertex -81.6323229148984 -64.06698954105377 60
      vertex -81.7815439850092 -64.11547441035509 60
    endloop
  endfacet
  facet normal 0 0 1
    outer loop
      vertex -82.76106054356903 -82.05303765443708 57.8
      vertex -82.22671805531516 -75.05575403111247 57.8
      vertex -82.05 -68.48519422934605 57.8
    endloop
  endfacet
  facet normal 0 0 1
    outer loop
      vertex -84.01947308636689 -80.91995791150676 57.8
      vertex -83.41995791150676 -69.48052691363311 57.8
      vertex -84.01947308636689 -70.08004208849324 57.8
    endloop
  endfacet
  facet normal 0 0 1
    outer loop
      vertex -83.41995791150676 -81.51947308636689 57.8
      vertex -82.76106054356903 -68.94696234556292 57.8
      vertex -83.41995791150676 -69.48052691363311 57.8
    endloop
  endfacet
  facet normal 0 0 1
    outer loop
      vertex -82.76106054356903 -82.05303765443708 57.8
      vertex -82.05 -68.48519422934605 57.8
      vertex -82.76106054356903 -68.94696234556292 57.8
    endloop
  endfacet
  facet normal 0 0 1
    outer loop
      vertex -82.22671805531516 -75.05575403111247 57.8
      vertex -82.15712730311867 -74.61637531402452 57.8
      vertex -82.05 -68.48519422934605 57.8
    endloop
  endfacet
  facet normal 0 0 1
    outer loop
      vertex -82.15712730311867 -74.61637531402452 57.8
      vertex -82.0419901942544 -74.18667777390647 57.8
      vertex -82.05 -68.48519422934605 57.8
    endloop
  endfacet
  facet normal 0 0 1
    outer loop
      vertex -82.0419901942544 -74.18667777390647 57.8
      vertex -81.88256819498105 -73.77136926692785 57.8
      vertex -82.05 -68.48519422934605 57.8
    endloop
  endfacet
  facet normal 0 0 1
    outer loop
      vertex -81.88256819498105 -73.77136926692785 57.8
      vertex -81.68060796608387 -73.375 57.8
      vertex -82.05 -68.48519422934605 57.8
    endloop
  endfacet
  facet normal 0 0 1
    outer loop
      vertex -81.68060796608387 -73.375 57.8
      vertex -81.43832222609353 -73.00191267775699 57.8
      vertex -82.05 -68.48519422934605 57.8
    endloop
  endfacet
  facet normal 0 0 1
    outer loop
      vertex -81.43832222609353 -73.00191267775699 57.8
      vertex -81.15836550827892 -72.65619492297485 57.8
      vertex -81.29456680891398 -68.10028179309494 57.8
    endloop
  endfacet
  facet normal 0 0 1
    outer loop
      vertex -81.43832222609353 -73.00191267775699 57.8
      vertex -81.29456680891398 -68.10028179309494 57.8
      vertex -82.05 -68.48519422934605 57.8
    endloop
  endfacet
  facet normal 0 0 1
    outer loop
      vertex -81.15836550827892 -72.65619492297485 57.8
      vertex -80.84380507702515 -72.34163449172108 57.8
      vertex -81.29456680891398 -68.10028179309494 57.8
    endloop
  endfacet
  facet normal 0 0 1
    outer loop
      vertex -80.84380507702515 -72.34163449172108 57.8
      vertex -80.49808732224301 -72.06167777390647 57.8
      vertex -81.29456680891398 -68.10028179309494 57.8
    endloop
  endfacet
  facet normal 0 0 1
    outer loop
      vertex -80.49808732224301 -72.06167777390647 57.8
      vertex -80.125 -71.81939203391613 57.8
      vertex -80.50303765443708 -67.79644221800926 57.8
    endloop
  endfacet
  facet normal 0 0 1
    outer loop
      vertex -81.29456680891398 -68.10028179309494 57.8
      vertex -80.49808732224301 -72.06167777390647 57.8
      vertex -80.50303765443708 -67.79644221800926 57.8
    endloop
  endfacet
  facet normal 0 0 1
    outer loop
      vertex -80.125 -71.81939203391613 57.8
      vertex -79.72863073307215 -71.61743180501895 57.8
      vertex -80.50303765443708 -67.79644221800926 57.8
    endloop
  endfacet
  facet normal 0 0 1
    outer loop
      vertex -79.72863073307215 -71.61743180501895 57.8
      vertex -79.31332222609353 -71.4580098057456 57.8
      vertex -79.68408469562385 -67.57700443405618 57.8
    endloop
  endfacet
  facet normal 0 0 1
    outer loop
      vertex -79.31332222609353 -71.4580098057456 57.8
      vertex -78.88362468597548 -71.34287269688133 57.8
      vertex -79.68408469562385 -67.57700443405618 57.8
    endloop
  endfacet
  facet normal 0 0 1
    outer loop
      vertex -79.72863073307215 -71.61743180501895 57.8
      vertex -79.68408469562385 -67.57700443405618 57.8
      vertex -80.50303765443708 -67.79644221800926 57.8
    endloop
  endfacet
  facet normal 0 0 1
    outer loop
      vertex -78.88362468597548 -71.34287269688133 57.8
      vertex -78.84668055246799 -67.44437264751699 57.8
      vertex -79.68408469562385 -67.57700443405618 57.8
    endloop
  endfacet
  facet normal 0.7771459614569688 -0.62932039104984 0
    outer loop
      vertex -84.55303765443708 -70.73893945643097 57.8
      vertex -84.01947308636689 -70.08004208849324 57.8
      vertex -84.01947308636689 -70.08004208849324 60
    endloop
  endfacet
  facet normal 0.7071067811865476 -0.7071067811865476 0
    outer loop
      vertex -84.01947308636689 -70.08004208849324 57.8
      vertex -83.41995791150676 -69.48052691363311 57.8
      vertex -83.41995791150676 -69.48052691363311 60
    endloop
  endfacet
  facet normal 0.62932039104984 -0.7771459614569688 0
    outer loop
      vertex -83.41995791150676 -69.48052691363311 57.8
      vertex -82.76106054356903 -68.94696234556292 57.8
      vertex -82.76106054356903 -68.94696234556292 60
    endloop
  endfacet
  facet normal 0.5446390350150223 -0.8386705679454272 0
    outer loop
      vertex -82.76106054356903 -68.94696234556292 57.8
      vertex -82.05 -68.48519422934605 57.8
      vertex -82.05 -68.48519422934605 60
    endloop
  endfacet
  facet normal 0.7071067811865476 -0.7071067811865476 0
    outer loop
      vertex -84.01947308636689 -70.08004208849324 57.8
      vertex -83.41995791150676 -69.48052691363311 60
      vertex -84.01947308636689 -70.08004208849324 60
    endloop
  endfacet
  facet normal 0.62932039104984 -0.7771459614569688 0
    outer loop
      vertex -83.41995791150676 -69.48052691363311 57.8
      vertex -82.76106054356903 -68.94696234556292 60
      vertex -83.41995791150676 -69.48052691363311 60
    endloop
  endfacet
  facet normal 0 0 1
    outer loop
      vertex -81.6323229148984 -64.06698954105377 60
      vertex -85.39971820690506 -72.20543319108602 60
      vertex -85.01480577065395 -71.45 60
    endloop
  endfacet
  facet normal 0 0 1
    outer loop
      vertex -81.6323229148984 -64.06698954105377 60
      vertex -85.01480577065395 -71.45 60
      vertex -84.55303765443708 -70.73893945643097 60
    endloop
  endfacet
  facet normal 0.5446390350150223 -0.8386705679454272 0
    outer loop
      vertex -82.76106054356903 -68.94696234556292 57.8
      vertex -82.05 -68.48519422934605 60
      vertex -82.76106054356903 -68.94696234556292 60
    endloop
  endfacet
  facet normal 0 0 1
    outer loop
      vertex -81.6323229148984 -64.06698954105377 60
      vertex -84.55303765443708 -70.73893945643097 60
      vertex -84.01947308636689 -70.08004208849324 60
    endloop
  endfacet
  facet normal 0 0 1
    outer loop
      vertex -81.6323229148984 -64.06698954105377 60
      vertex -84.01947308636689 -70.08004208849324 60
      vertex -83.41995791150676 -69.48052691363311 60
    endloop
  endfacet
  facet normal 0.45399049973954864 -0.891006524188367 0
    outer loop
      vertex -82.05 -68.48519422934605 57.8
      vertex -81.29456680891398 -68.10028179309494 60
      vertex -82.05 -68.48519422934605 60
    endloop
  endfacet
  facet normal 0 0 1
    outer loop
      vertex -80.41734971106052 -63.749939650297165 60
      vertex -83.41995791150676 -69.48052691363311 60
      vertex -82.76106054356903 -68.94696234556292 60
    endloop
  endfacet
  facet normal 0 0 1
    outer loop
      vertex -80.41734971106052 -63.749939650297165 60
      vertex -82.76106054356903 -68.94696234556292 60
      vertex -82.05 -68.48519422934605 60
    endloop
  endfacet
  facet normal 0 0 1
    outer loop
      vertex -81.6323229148984 -64.06698954105377 60
      vertex -83.41995791150676 -69.48052691363311 60
      vertex -80.5708212479949 -63.78256103396416 60
    endloop
  endfacet
  facet normal 0.45399049973954864 -0.891006524188367 0
    outer loop
      vertex -82.05 -68.48519422934605 57.8
      vertex -81.29456680891398 -68.10028179309494 57.8
      vertex -81.29456680891398 -68.10028179309494 60
    endloop
  endfacet
  facet normal 0.3583679495452997 -0.9335804264972021 0
    outer loop
      vertex -81.29456680891398 -68.10028179309494 57.8
      vertex -80.50303765443708 -67.79644221800926 57.8
      vertex -80.50303765443708 -67.79644221800926 60
    endloop
  endfacet
  facet normal 0.258819045102521 -0.9659258262890682 0
    outer loop
      vertex -80.50303765443708 -67.79644221800926 57.8
      vertex -79.68408469562385 -67.57700443405618 57.8
      vertex -79.68408469562385 -67.57700443405618 60
    endloop
  endfacet
  facet normal 0.1564344650402346 -0.9876883405951371 0
    outer loop
      vertex -79.68408469562385 -67.57700443405618 57.8
      vertex -78.84668055246799 -67.44437264751699 57.8
      vertex -78.84668055246799 -67.44437264751699 60
    endloop
  endfacet
  facet normal 0.3583679495452997 -0.9335804264972021 0
    outer loop
      vertex -81.29456680891398 -68.10028179309494 57.8
      vertex -80.50303765443708 -67.79644221800926 60
      vertex -81.29456680891398 -68.10028179309494 60
    endloop
  endfacet
  facet normal 0.258819045102521 -0.9659258262890682 0
    outer loop
      vertex -80.50303765443708 -67.79644221800926 57.8
      vertex -79.68408469562385 -67.57700443405618 60
      vertex -80.50303765443708 -67.79644221800926 60
    endloop
  endfacet
  facet normal 0 0 1
    outer loop
      vertex -80.5708212479949 -63.78256103396416 60
      vertex -83.41995791150676 -69.48052691363311 60
      vertex -80.41734971106052 -63.749939650297165 60
    endloop
  endfacet
  facet normal 0 0 1
    outer loop
      vertex -79.17589152604342 -63.561625860631466 60
      vertex -82.05 -68.48519422934605 60
      vertex -81.29456680891398 -68.10028179309494 60
    endloop
  endfacet
  facet normal 0 0 1
    outer loop
      vertex -79.17589152604342 -63.561625860631466 60
      vertex -81.29456680891398 -68.10028179309494 60
      vertex -80.50303765443708 -67.79644221800926 60
    endloop
  endfacet
  facet normal 0.1564344650402346 -0.9876883405951371 0
    outer loop
      vertex -79.68408469562385 -67.57700443405618 57.8
      vertex -78.84668055246799 -67.44437264751699 60
      vertex -79.68408469562385 -67.57700443405618 60
    endloop
  endfacet
  facet normal 0 0 1
    outer loop
      vertex -77.92154992371798 -63.504111394286156 60
      vertex -80.50303765443708 -67.79644221800926 60
      vertex -79.68408469562385 -67.57700443405618 60
    endloop
  endfacet
  facet normal 0 0 1
    outer loop
      vertex -78.84668055246799 -83.55562735248301 57.8
      vertex -78 -83.6 57.8
      vertex -78 -79.75 57.8
    endloop
  endfacet
  facet normal 0 0 1
    outer loop
      vertex -78 -83.6 57.8
      vertex -77.15331944753201 -83.55562735248301 57.8
      vertex -78 -79.75 57.8
    endloop
  endfacet
  facet normal 0 0 1
    outer loop
      vertex -77.15331944753201 -83.55562735248301 57.8
      vertex -76.31591530437615 -83.42299556594382 57.8
      vertex -77.11637531402452 -79.65712730311867 57.8
    endloop
  endfacet
  facet normal 0 0 1
    outer loop
      vertex -84.62717077881098 -87.4671313688159 60
      vertex -84 -87.5 60
      vertex -66.76753835380077 -79.72354287654161 60
    endloop
  endfacet
  facet normal 0.0523359562429368 0.9986295347545743 0
    outer loop
      vertex -78.84668055246799 -83.55562735248301 57.8
      vertex -78.84668055246799 -83.55562735248301 60
      vertex -78 -83.6 57.8
    endloop
  endfacet
  facet normal -0.0523359562429368 0.9986295347545743 0
    outer loop
      vertex -78 -83.6 57.8
      vertex -78 -83.6 60
      vertex -77.15331944753201 -83.55562735248301 57.8
    endloop
  endfacet
  facet normal -0.1564344650402346 0.9876883405951371 0
    outer loop
      vertex -77.15331944753201 -83.55562735248301 57.8
      vertex -77.15331944753201 -83.55562735248301 60
      vertex -76.31591530437615 -83.42299556594382 57.8
    endloop
  endfacet
  facet normal -0.258819045102521 0.9659258262890682 0
    outer loop
      vertex -76.31591530437615 -83.42299556594382 57.8
      vertex -76.31591530437615 -83.42299556594382 60
      vertex -75.49696234556292 -83.20355778199074 57.8
    endloop
  endfacet
  facet normal 0.0523359562429368 0.9986295347545743 0
    outer loop
      vertex -78 -83.6 57.8
      vertex -78.84668055246799 -83.55562735248301 60
      vertex -78 -83.6 60
    endloop
  endfacet
  facet normal -0.0523359562429368 0.9986295347545743 0
    outer loop
      vertex -77.15331944753201 -83.55562735248301 57.8
      vertex -78 -83.6 60
      vertex -77.15331944753201 -83.55562735248301 60
    endloop
  endfacet
  facet normal 0 0 1
    outer loop
      vertex -84.62717077881098 -87.4671313688159 60
      vertex -74.70543319108602 -82.89971820690506 60
      vertex -75.49696234556292 -83.20355778199074 60
    endloop
  endfacet
  facet normal -0.1564344650402346 0.9876883405951371 0
    outer loop
      vertex -76.31591530437615 -83.42299556594382 57.8
      vertex -77.15331944753201 -83.55562735248301 60
      vertex -76.31591530437615 -83.42299556594382 60
    endloop
  endfacet
  facet normal -0.3583679495452997 0.9335804264972021 0
    outer loop
      vertex -75.49696234556292 -83.20355778199074 57.8
      vertex -75.49696234556292 -83.20355778199074 60
      vertex -74.70543319108602 -82.89971820690506 57.8
    endloop
  endfacet
  facet normal -0.45399049973954864 0.891006524188367 0
    outer loop
      vertex -74.70543319108602 -82.89971820690506 57.8
      vertex -74.70543319108602 -82.89971820690506 60
      vertex -73.95 -82.51480577065395 57.8
    endloop
  endfacet
  facet normal -0.5446390350150223 0.8386705679454272 0
    outer loop
      vertex -73.95 -82.51480577065395 57.8
      vertex -73.95 -82.51480577065395 60
      vertex -73.23893945643097 -82.05303765443708 57.8
    endloop
  endfacet
  facet normal -0.258819045102521 0.9659258262890682 0
    outer loop
      vertex -75.49696234556292 -83.20355778199074 57.8
      vertex -76.31591530437615 -83.42299556594382 60
      vertex -75.49696234556292 -83.20355778199074 60
    endloop
  endfacet
  facet normal -0.3583679495452997 0.9335804264972021 0
    outer loop
      vertex -74.70543319108602 -82.89971820690506 57.8
      vertex -75.49696234556292 -83.20355778199074 60
      vertex -74.70543319108602 -82.89971820690506 60
    endloop
  endfacet
  facet normal 0 0 1
    outer loop
      vertex -84.62717077881098 -87.4671313688159 60
      vertex -66.61547439545393 -79.28154395520687 60
      vertex -74.70543319108602 -82.89971820690506 60
    endloop
  endfacet
  facet normal -0.45399049973954864 0.891006524188367 0
    outer loop
      vertex -73.95 -82.51480577065395 57.8
      vertex -74.70543319108602 -82.89971820690506 60
      vertex -73.95 -82.51480577065395 60
    endloop
  endfacet
  facet normal -0.5446390350150223 0.8386705679454272 0
    outer loop
      vertex -73.23893945643097 -82.05303765443708 57.8
      vertex -73.95 -82.51480577065395 60
      vertex -73.23893945643097 -82.05303765443708 60
    endloop
  endfacet
  facet normal 0 0 1
    outer loop
      vertex -78.84668055246799 -83.55562735248301 57.8
      vertex -78 -79.75 57.8
      vertex -78.44424596888753 -79.72671805531516 57.8
    endloop
  endfacet
  facet normal 0 0 1
    outer loop
      vertex -78.84668055246799 -83.55562735248301 57.8
      vertex -78.44424596888753 -79.72671805531516 57.8
      vertex -78.88362468597548 -79.65712730311867 57.8
    endloop
  endfacet
  facet normal 0 0 1
    outer loop
      vertex -77.15331944753201 -83.55562735248301 57.8
      vertex -77.55575403111247 -79.72671805531516 57.8
      vertex -78 -79.75 57.8
    endloop
  endfacet
  facet normal 0 0 1
    outer loop
      vertex -77.15331944753201 -83.55562735248301 57.8
      vertex -77.11637531402452 -79.65712730311867 57.8
      vertex -77.55575403111247 -79.72671805531516 57.8
    endloop
  endfacet
  facet normal 0 0 1
    outer loop
      vertex -76.31591530437615 -83.42299556594382 57.8
      vertex -76.68667777390647 -79.5419901942544 57.8
      vertex -77.11637531402452 -79.65712730311867 57.8
    endloop
  endfacet
  facet normal 0 0 1
    outer loop
      vertex -76.31591530437615 -83.42299556594382 57.8
      vertex -75.49696234556292 -83.20355778199074 57.8
      vertex -76.27136926692785 -79.38256819498105 57.8
    endloop
  endfacet
  facet normal 0 0 1
    outer loop
      vertex -76.31591530437615 -83.42299556594382 57.8
      vertex -76.27136926692785 -79.38256819498105 57.8
      vertex -76.68667777390647 -79.5419901942544 57.8
    endloop
  endfacet
  facet normal 0 0 1
    outer loop
      vertex -75.49696234556292 -83.20355778199074 57.8
      vertex -74.70543319108602 -82.89971820690506 57.8
      vertex -75.50191267775699 -78.93832222609353 57.8
    endloop
  endfacet
  facet normal 0 0 1
    outer loop
      vertex -75.49696234556292 -83.20355778199074 57.8
      vertex -75.875 -79.18060796608387 57.8
      vertex -76.27136926692785 -79.38256819498105 57.8
    endloop
  endfacet
  facet normal 0 0 1
    outer loop
      vertex -75.49696234556292 -83.20355778199074 57.8
      vertex -75.50191267775699 -78.93832222609353 57.8
      vertex -75.875 -79.18060796608387 57.8
    endloop
  endfacet
  facet normal 0 0 1
    outer loop
      vertex -75.50191267775699 -78.93832222609353 57.8
      vertex -74.70543319108602 -82.89971820690506 57.8
      vertex -75.15619492297485 -78.65836550827892 57.8
    endloop
  endfacet
  facet normal 0 0 1
    outer loop
      vertex -74.70543319108602 -82.89971820690506 57.8
      vertex -74.84163449172108 -78.34380507702515 57.8
      vertex -75.15619492297485 -78.65836550827892 57.8
    endloop
  endfacet
  facet normal 0 0 1
    outer loop
      vertex -74.70543319108602 -82.89971820690506 57.8
      vertex -74.56167777390647 -77.99808732224301 57.8
      vertex -74.84163449172108 -78.34380507702515 57.8
    endloop
  endfacet
  facet normal 0 0 1
    outer loop
      vertex -74.70543319108602 -82.89971820690506 57.8
      vertex -73.95 -82.51480577065395 57.8
      vertex -74.56167777390647 -77.99808732224301 57.8
    endloop
  endfacet
  facet normal 0 0 1
    outer loop
      vertex -73.95 -82.51480577065395 57.8
      vertex -74.31939203391613 -77.625 57.8
      vertex -74.56167777390647 -77.99808732224301 57.8
    endloop
  endfacet
  facet normal 0 0 1
    outer loop
      vertex -73.95 -82.51480577065395 57.8
      vertex -74.11743180501895 -77.22863073307215 57.8
      vertex -74.31939203391613 -77.625 57.8
    endloop
  endfacet
  facet normal 0 0 1
    outer loop
      vertex -73.95 -82.51480577065395 57.8
      vertex -73.9580098057456 -76.81332222609353 57.8
      vertex -74.11743180501895 -77.22863073307215 57.8
    endloop
  endfacet
  facet normal 0 0 1
    outer loop
      vertex -73.95 -82.51480577065395 57.8
      vertex -73.84287269688133 -76.38362468597548 57.8
      vertex -73.9580098057456 -76.81332222609353 57.8
    endloop
  endfacet
  facet normal 0 0 1
    outer loop
      vertex -73.95 -82.51480577065395 57.8
      vertex -73.77328194468484 -75.94424596888753 57.8
      vertex -73.84287269688133 -76.38362468597548 57.8
    endloop
  endfacet
  facet normal 0 0 1
    outer loop
      vertex -73.95 -82.51480577065395 57.8
      vertex -73.23893945643097 -82.05303765443708 57.8
      vertex -73.23893945643097 -68.94696234556292 57.8
    endloop
  endfacet
  facet normal 0 0 1
    outer loop
      vertex -84 -87.5 60
      vertex -64.33906424790621 -83.46306502074003 60
      vertex -64.64621799439192 -83.39777748286724 60
    endloop
  endfacet
  facet normal 0 0 1
    outer loop
      vertex -84 -87.5 60
      vertex -64.02676872164011 -83.49588860571384 60
      vertex -64.33906424790621 -83.46306502074003 60
    endloop
  endfacet
  facet normal 0 0 1
    outer loop
      vertex -84 -87.5 60
      vertex -66.67050214111805 -81.57510386407375 60
      vertex -66.7675383463502 -81.27645715326071 60
    endloop
  endfacet
  facet normal 0 0 1
    outer loop
      vertex -84 -87.5 60
      vertex -65.50367796421051 -83.0160117149353 60
      vertex -65.75772203505039 -82.83143789321184 60
    endloop
  endfacet
  facet normal 0 0 1
    outer loop
      vertex -84 -87.5 60
      vertex -65.75772203505039 -82.83143789321184 60
      vertex -65.99108120054007 -82.62132035195827 60
    endloop
  endfacet
  facet normal 0 0 1
    outer loop
      vertex -84 -87.5 60
      vertex -65.99108120054007 -82.62132035195827 60
      vertex -66.20119874179363 -82.3879611864686 60
    endloop
  endfacet
  facet normal 0 0 1
    outer loop
      vertex -84 -87.5 60
      vertex -66.3857725635171 -82.13391711562872 60
      vertex -66.54278043657541 -81.86197151243687 60
    endloop
  endfacet
  facet normal 0 0 1
    outer loop
      vertex -84 -87.5 60
      vertex -66.20119874179363 -82.3879611864686 60
      vertex -66.3857725635171 -82.13391711562872 60
    endloop
  endfacet
  facet normal 0 0 1
    outer loop
      vertex -84 -87.5 60
      vertex -66.54278043657541 -81.86197151243687 60
      vertex -66.67050214111805 -81.57510386407375 60
    endloop
  endfacet
  facet normal 0 0 1
    outer loop
      vertex -84 -87.5 60
      vertex -66.7675383463502 -81.27645715326071 60
      vertex -66.83282589167356 -80.96930341422558 60
    endloop
  endfacet
  facet normal 0 0 1
    outer loop
      vertex -84 -87.5 60
      vertex -66.83282589167356 -80.96930341422558 60
      vertex -66.86564947664738 -80.65700788795948 60
    endloop
  endfacet
  facet normal 0 0 1
    outer loop
      vertex -84 -87.5 60
      vertex -66.86564947664738 -80.65700788795948 60
      vertex -66.86564947664738 -80.34299214929342 60
    endloop
  endfacet
  facet normal 0 0 1
    outer loop
      vertex -84 -87.5 60
      vertex -66.86564947664738 -80.34299214929342 60
      vertex -66.83282589167356 -80.03069662302732 60
    endloop
  endfacet
  facet normal 0 0 1
    outer loop
      vertex -84 -87.5 60
      vertex -66.83282589167356 -80.03069662302732 60
      vertex -66.76753835380077 -79.72354287654161 60
    endloop
  endfacet
  facet normal 0 0 1
    outer loop
      vertex -84.62717077881098 -87.4671313688159 60
      vertex -66.76753835380077 -79.72354287654161 60
      vertex -66.67050215601921 -79.42489616572857 60
    endloop
  endfacet
  facet normal 0 0 1
    outer loop
      vertex -84.62717077881098 -87.4671313688159 60
      vertex -66.67050215601921 -79.42489616572857 60
      vertex -66.61547439545393 -79.28154395520687 60
    endloop
  endfacet
  facet normal 0 0 1
    outer loop
      vertex -84 -87.5 60
      vertex -65.23173235356808 -83.17301958054304 60
      vertex -65.50367796421051 -83.0160117149353 60
    endloop
  endfacet
  facet normal 0 0 1
    outer loop
      vertex -84 -87.5 60
      vertex -64.94486470520496 -83.30074128508568 60
      vertex -65.23173235356808 -83.17301958054304 60
    endloop
  endfacet
  facet normal 0 0 1
    outer loop
      vertex -84 -87.5 60
      vertex -64.64621799439192 -83.39777748286724 60
      vertex -64.94486470520496 -83.30074128508568 60
    endloop
  endfacet
  facet normal 0 0 1
    outer loop
      vertex -73.23893945643097 -82.05303765443708 57.8
      vertex -72.58004208849324 -81.51947308636689 57.8
      vertex -72.58004208849324 -69.48052691363311 57.8
    endloop
  endfacet
  facet normal 0 0 1
    outer loop
      vertex -72.58004208849324 -81.51947308636689 57.8
      vertex -71.98052691363311 -80.91995791150676 57.8
      vertex -71.98052691363311 -70.08004208849324 57.8
    endloop
  endfacet
  facet normal 0 0 1
    outer loop
      vertex -71.98052691363311 -80.91995791150676 57.8
      vertex -71.44696234556292 -80.26106054356903 57.8
      vertex -71.44696234556292 -70.73893945643097 57.8
    endloop
  endfacet
  facet normal 0 0 1
    outer loop
      vertex -71.44696234556292 -80.26106054356903 57.8
      vertex -70.98519422934605 -79.55 57.8
      vertex -70.98519422934605 -71.45 57.8
    endloop
  endfacet
  facet normal 0 0 1
    outer loop
      vertex -70.98519422934605 -79.55 57.8
      vertex -70.60028179309494 -78.79456680891398 57.8
      vertex -70.60028179309494 -72.20543319108602 57.8
    endloop
  endfacet
  facet normal 0 0 1
    outer loop
      vertex -70.60028179309494 -78.79456680891398 57.8
      vertex -70.29644221800926 -78.00303765443708 57.8
      vertex -70.29644221800926 -72.99696234556292 57.8
    endloop
  endfacet
  facet normal -0.62932039104984 0.7771459614569688 0
    outer loop
      vertex -73.23893945643097 -82.05303765443708 57.8
      vertex -73.23893945643097 -82.05303765443708 60
      vertex -72.58004208849324 -81.51947308636689 57.8
    endloop
  endfacet
  facet normal -0.7071067811865476 0.7071067811865476 0
    outer loop
      vertex -72.58004208849324 -81.51947308636689 57.8
      vertex -72.58004208849324 -81.51947308636689 60
      vertex -71.98052691363311 -80.91995791150676 57.8
    endloop
  endfacet
  facet normal -0.7771459614569688 0.62932039104984 0
    outer loop
      vertex -71.98052691363311 -80.91995791150676 57.8
      vertex -71.98052691363311 -80.91995791150676 60
      vertex -71.44696234556292 -80.26106054356903 57.8
    endloop
  endfacet
  facet normal -0.8386705679454272 0.5446390350150223 0
    outer loop
      vertex -71.44696234556292 -80.26106054356903 57.8
      vertex -71.44696234556292 -80.26106054356903 60
      vertex -70.98519422934605 -79.55 57.8
    endloop
  endfacet
  facet normal -0.891006524188367 0.45399049973954864 0
    outer loop
      vertex -70.98519422934605 -79.55 57.8
      vertex -70.98519422934605 -79.55 60
      vertex -70.60028179309494 -78.79456680891398 57.8
    endloop
  endfacet
  facet normal -0.62932039104984 0.7771459614569688 0
    outer loop
      vertex -72.58004208849324 -81.51947308636689 57.8
      vertex -73.23893945643097 -82.05303765443708 60
      vertex -72.58004208849324 -81.51947308636689 60
    endloop
  endfacet
  facet normal -0.7071067811865476 0.7071067811865476 0
    outer loop
      vertex -71.98052691363311 -80.91995791150676 57.8
      vertex -72.58004208849324 -81.51947308636689 60
      vertex -71.98052691363311 -80.91995791150676 60
    endloop
  endfacet
  facet normal 0 0 1
    outer loop
      vertex -66.56698954850435 -79.13232292979956 60
      vertex -73.95 -82.51480577065395 60
      vertex -74.70543319108602 -82.89971820690506 60
    endloop
  endfacet
  facet normal 0 0 1
    outer loop
      vertex -66.56698954850435 -79.13232292979956 60
      vertex -73.23893945643097 -82.05303765443708 60
      vertex -73.95 -82.51480577065395 60
    endloop
  endfacet
  facet normal 0 0 1
    outer loop
      vertex -66.56698954850435 -79.13232292979956 60
      vertex -72.58004208849324 -81.51947308636689 60
      vertex -73.23893945643097 -82.05303765443708 60
    endloop
  endfacet
  facet normal -0.7771459614569688 0.62932039104984 0
    outer loop
      vertex -71.44696234556292 -80.26106054356903 57.8
      vertex -71.98052691363311 -80.91995791150676 60
      vertex -71.44696234556292 -80.26106054356903 60
    endloop
  endfacet
  facet normal -0.8386705679454272 0.5446390350150223 0
    outer loop
      vertex -70.98519422934605 -79.55 57.8
      vertex -71.44696234556292 -80.26106054356903 60
      vertex -70.98519422934605 -79.55 60
    endloop
  endfacet
  facet normal 0 0 1
    outer loop
      vertex -66.56698954850435 -79.13232292979956 60
      vertex -71.98052691363311 -80.91995791150676 60
      vertex -72.58004208849324 -81.51947308636689 60
    endloop
  endfacet
  facet normal -0.9335804264972021 0.3583679495452997 0
    outer loop
      vertex -70.60028179309494 -78.79456680891398 57.8
      vertex -70.60028179309494 -78.79456680891398 60
      vertex -70.29644221800926 -78.00303765443708 57.8
    endloop
  endfacet
  facet normal -0.891006524188367 0.45399049973954864 0
    outer loop
      vertex -70.60028179309494 -78.79456680891398 57.8
      vertex -70.98519422934605 -79.55 60
      vertex -70.60028179309494 -78.79456680891398 60
    endloop
  endfacet
  facet normal -0.9335804264972021 0.3583679495452997 0
    outer loop
      vertex -70.29644221800926 -78.00303765443708 57.8
      vertex -70.60028179309494 -78.79456680891398 60
      vertex -70.29644221800926 -78.00303765443708 60
    endloop
  endfacet
  facet normal 0 0 1
    outer loop
      vertex -66.24993965029716 -77.91734971106052 60
      vertex -71.44696234556292 -80.26106054356903 60
      vertex -71.98052691363311 -80.91995791150676 60
    endloop
  endfacet
  facet normal 0 0 1
    outer loop
      vertex -66.61547439545393 -79.28154395520687 60
      vertex -66.56698954850435 -79.13232292979956 60
      vertex -74.70543319108602 -82.89971820690506 60
    endloop
  endfacet
  facet normal 0 0 1
    outer loop
      vertex -66.56698954850435 -79.13232292979956 60
      vertex -66.28256103396416 -78.0708212479949 60
      vertex -71.98052691363311 -80.91995791150676 60
    endloop
  endfacet
  facet normal -0.9659258262890682 0.258819045102521 0
    outer loop
      vertex -70.29644221800926 -78.00303765443708 57.8
      vertex -70.29644221800926 -78.00303765443708 60
      vertex -70.07700443405618 -77.18408469562385 57.8
    endloop
  endfacet
  facet normal -0.9876883405951371 0.1564344650402346 0
    outer loop
      vertex -70.07700443405618 -77.18408469562385 57.8
      vertex -70.07700443405618 -77.18408469562385 60
      vertex -69.94437264751699 -76.34668055246799 57.8
    endloop
  endfacet
  facet normal 0 0 1
    outer loop
      vertex -66.24993965029716 -77.91734971106052 60
      vertex -70.98519422934605 -79.55 60
      vertex -71.44696234556292 -80.26106054356903 60
    endloop
  endfacet
  facet normal 0 0 1
    outer loop
      vertex -66.06162585318089 -76.67589140683413 60
      vertex -70.60028179309494 -78.79456680891398 60
      vertex -70.98519422934605 -79.55 60
    endloop
  endfacet
  facet normal -0.9659258262890682 0.258819045102521 0
    outer loop
      vertex -70.07700443405618 -77.18408469562385 57.8
      vertex -70.29644221800926 -78.00303765443708 60
      vertex -70.07700443405618 -77.18408469562385 60
    endloop
  endfacet
  facet normal -0.9876883405951371 0.1564344650402346 0
    outer loop
      vertex -69.94437264751699 -76.34668055246799 57.8
      vertex -70.07700443405618 -77.18408469562385 60
      vertex -69.94437264751699 -76.34668055246799 60
    endloop
  endfacet
  facet normal 0 0 1
    outer loop
      vertex -66.06162585318089 -76.67589140683413 60
      vertex -70.29644221800926 -78.00303765443708 60
      vertex -70.60028179309494 -78.79456680891398 60
    endloop
  endfacet
  facet normal 0 0 1
    outer loop
      vertex -66.28256103396416 -78.0708212479949 60
      vertex -66.24993965029716 -77.91734971106052 60
      vertex -71.98052691363311 -80.91995791150676 60
    endloop
  endfacet
  facet normal 0 0 1
    outer loop
      vertex -66.24993965029716 -77.91734971106052 60
      vertex -66.07802639901638 -76.83193218708038 60
      vertex -70.98519422934605 -79.55 60
    endloop
  endfacet
  facet normal 0 0 1
    outer loop
      vertex -66.00411139428616 -75.57845007628202 60
      vertex -70.07700443405618 -77.18408469562385 60
      vertex -70.29644221800926 -78.00303765443708 60
    endloop
  endfacet
  facet normal 0 0 1
    outer loop
      vertex -66.07802639901638 -76.83193218708038 60
      vertex -66.06162585318089 -76.67589140683413 60
      vertex -70.98519422934605 -79.55 60
    endloop
  endfacet
  facet normal 0 0 1
    outer loop
      vertex -73.95 -82.51480577065395 57.8
      vertex -73.23893945643097 -68.94696234556292 57.8
      vertex -73.77328194468484 -75.94424596888753 57.8
    endloop
  endfacet
  facet normal 0 0 1
    outer loop
      vertex -74.84163449172108 -72.65619492297485 57.8
      vertex -74.56167777390647 -73.00191267775699 57.8
      vertex -74.70543319108602 -68.10028179309494 57.8
    endloop
  endfacet
  facet normal 0 0 1
    outer loop
      vertex -73.77328194468484 -75.94424596888753 57.8
      vertex -73.23893945643097 -68.94696234556292 57.8
      vertex -73.75 -75.5 57.8
    endloop
  endfacet
  facet normal 0 0 1
    outer loop
      vertex -73.75 -75.5 57.8
      vertex -73.23893945643097 -68.94696234556292 57.8
      vertex -73.77328194468484 -75.05575403111247 57.8
    endloop
  endfacet
  facet normal 0 0 1
    outer loop
      vertex -73.77328194468484 -75.05575403111247 57.8
      vertex -73.23893945643097 -68.94696234556292 57.8
      vertex -73.84287269688133 -74.61637531402452 57.8
    endloop
  endfacet
  facet normal 0 0 1
    outer loop
      vertex -74.11743180501895 -73.77136926692785 57.8
      vertex -73.9580098057456 -74.18667777390647 57.8
      vertex -73.95 -68.48519422934605 57.8
    endloop
  endfacet
  facet normal 0 0 1
    outer loop
      vertex -73.84287269688133 -74.61637531402452 57.8
      vertex -73.95 -68.48519422934605 57.8
      vertex -73.9580098057456 -74.18667777390647 57.8
    endloop
  endfacet
  facet normal 0 0 1
    outer loop
      vertex -74.11743180501895 -73.77136926692785 57.8
      vertex -73.95 -68.48519422934605 57.8
      vertex -74.31939203391613 -73.375 57.8
    endloop
  endfacet
  facet normal 0 0 1
    outer loop
      vertex -74.31939203391613 -73.375 57.8
      vertex -73.95 -68.48519422934605 57.8
      vertex -74.56167777390647 -73.00191267775699 57.8
    endloop
  endfacet
  facet normal 0 0 1
    outer loop
      vertex -78.88362468597548 -71.34287269688133 57.8
      vertex -78.44424596888753 -71.27328194468484 57.8
      vertex -78.84668055246799 -67.44437264751699 57.8
    endloop
  endfacet
  facet normal 0 0 1
    outer loop
      vertex -78.44424596888753 -71.27328194468484 57.8
      vertex -78 -71.25 57.8
      vertex -78.84668055246799 -67.44437264751699 57.8
    endloop
  endfacet
  facet normal 0 0 1
    outer loop
      vertex -78 -71.25 57.8
      vertex -77.55575403111247 -71.27328194468484 57.8
      vertex -77.15331944753201 -67.44437264751699 57.8
    endloop
  endfacet
  facet normal 0 0 1
    outer loop
      vertex -78 -71.25 57.8
      vertex -78 -67.4 57.8
      vertex -78.84668055246799 -67.44437264751699 57.8
    endloop
  endfacet
  facet normal 0 0 1
    outer loop
      vertex -78 -71.25 57.8
      vertex -77.15331944753201 -67.44437264751699 57.8
      vertex -78 -67.4 57.8
    endloop
  endfacet
  facet normal 0 0 1
    outer loop
      vertex -77.55575403111247 -71.27328194468484 57.8
      vertex -77.11637531402452 -71.34287269688133 57.8
      vertex -77.15331944753201 -67.44437264751699 57.8
    endloop
  endfacet
  facet normal 0 0 1
    outer loop
      vertex -77.11637531402452 -71.34287269688133 57.8
      vertex -76.68667777390647 -71.4580098057456 57.8
      vertex -76.31591530437615 -67.57700443405618 57.8
    endloop
  endfacet
  facet normal 0 0 1
    outer loop
      vertex -76.68667777390647 -71.4580098057456 57.8
      vertex -76.27136926692785 -71.61743180501895 57.8
      vertex -76.31591530437615 -67.57700443405618 57.8
    endloop
  endfacet
  facet normal 0 0 1
    outer loop
      vertex -77.11637531402452 -71.34287269688133 57.8
      vertex -76.31591530437615 -67.57700443405618 57.8
      vertex -77.15331944753201 -67.44437264751699 57.8
    endloop
  endfacet
  facet normal 0 0 1
    outer loop
      vertex -76.27136926692785 -71.61743180501895 57.8
      vertex -75.49696234556292 -67.79644221800926 57.8
      vertex -76.31591530437615 -67.57700443405618 57.8
    endloop
  endfacet
  facet normal 0 0 1
    outer loop
      vertex -76.27136926692785 -71.61743180501895 57.8
      vertex -75.875 -71.81939203391613 57.8
      vertex -75.49696234556292 -67.79644221800926 57.8
    endloop
  endfacet
  facet normal 0 0 1
    outer loop
      vertex -75.50191267775699 -72.06167777390647 57.8
      vertex -75.49696234556292 -67.79644221800926 57.8
      vertex -75.875 -71.81939203391613 57.8
    endloop
  endfacet
  facet normal 0 0 1
    outer loop
      vertex -75.50191267775699 -72.06167777390647 57.8
      vertex -75.15619492297485 -72.34163449172108 57.8
      vertex -75.49696234556292 -67.79644221800926 57.8
    endloop
  endfacet
  facet normal 0 0 1
    outer loop
      vertex -74.84163449172108 -72.65619492297485 57.8
      vertex -74.70543319108602 -68.10028179309494 57.8
      vertex -75.15619492297485 -72.34163449172108 57.8
    endloop
  endfacet
  facet normal 0 0 1
    outer loop
      vertex -75.49696234556292 -67.79644221800926 57.8
      vertex -75.15619492297485 -72.34163449172108 57.8
      vertex -74.70543319108602 -68.10028179309494 57.8
    endloop
  endfacet
  facet normal 0 0 1
    outer loop
      vertex -74.56167777390647 -73.00191267775699 57.8
      vertex -73.95 -68.48519422934605 57.8
      vertex -74.70543319108602 -68.10028179309494 57.8
    endloop
  endfacet
  facet normal 0 0 1
    outer loop
      vertex -73.84287269688133 -74.61637531402452 57.8
      vertex -73.23893945643097 -68.94696234556292 57.8
      vertex -73.95 -68.48519422934605 57.8
    endloop
  endfacet
  facet normal 0.0523359562429368 -0.9986295347545743 0
    outer loop
      vertex -78.84668055246799 -67.44437264751699 57.8
      vertex -78 -67.4 57.8
      vertex -78 -67.4 60
    endloop
  endfacet
  facet normal -0.0523359562429368 -0.9986295347545743 0
    outer loop
      vertex -78 -67.4 57.8
      vertex -77.15331944753201 -67.44437264751699 57.8
      vertex -77.15331944753201 -67.44437264751699 60
    endloop
  endfacet
  facet normal -0.1564344650402346 -0.9876883405951371 0
    outer loop
      vertex -77.15331944753201 -67.44437264751699 57.8
      vertex -76.31591530437615 -67.57700443405618 57.8
      vertex -76.31591530437615 -67.57700443405618 60
    endloop
  endfacet
  facet normal 0.0523359562429368 -0.9986295347545743 0
    outer loop
      vertex -78.84668055246799 -67.44437264751699 57.8
      vertex -78 -67.4 60
      vertex -78.84668055246799 -67.44437264751699 60
    endloop
  endfacet
  facet normal -0.0523359562429368 -0.9986295347545743 0
    outer loop
      vertex -78 -67.4 57.8
      vertex -77.15331944753201 -67.44437264751699 60
      vertex -78 -67.4 60
    endloop
  endfacet
  facet normal 0 0 1
    outer loop
      vertex -76.8241085857153 -63.561625853180885 60
      vertex -79.68408469562385 -67.57700443405618 60
      vertex -78.84668055246799 -67.44437264751699 60
    endloop
  endfacet
  facet normal 0 0 1
    outer loop
      vertex -76.66806780546904 -63.57802639901638 60
      vertex -78.84668055246799 -67.44437264751699 60
      vertex -78 -67.4 60
    endloop
  endfacet
  facet normal -0.1564344650402346 -0.9876883405951371 0
    outer loop
      vertex -77.15331944753201 -67.44437264751699 57.8
      vertex -76.31591530437615 -67.57700443405618 60
      vertex -77.15331944753201 -67.44437264751699 60
    endloop
  endfacet
  facet normal -0.258819045102521 -0.9659258262890682 0
    outer loop
      vertex -76.31591530437615 -67.57700443405618 57.8
      vertex -75.49696234556292 -67.79644221800926 60
      vertex -76.31591530437615 -67.57700443405618 60
    endloop
  endfacet
  facet normal 0 0 1
    outer loop
      vertex -75.42917874455452 -63.78256103396416 60
      vertex -78 -67.4 60
      vertex -77.15331944753201 -67.44437264751699 60
    endloop
  endfacet
  facet normal -0.5446390350150223 -0.8386705679454272 0
    outer loop
      vertex -73.95 -68.48519422934605 57.8
      vertex -73.23893945643097 -68.94696234556292 57.8
      vertex -73.23893945643097 -68.94696234556292 60
    endloop
  endfacet
  facet normal -0.5446390350150223 -0.8386705679454272 0
    outer loop
      vertex -73.95 -68.48519422934605 57.8
      vertex -73.23893945643097 -68.94696234556292 60
      vertex -73.95 -68.48519422934605 60
    endloop
  endfacet
  facet normal -0.258819045102521 -0.9659258262890682 0
    outer loop
      vertex -76.31591530437615 -67.57700443405618 57.8
      vertex -75.49696234556292 -67.79644221800926 57.8
      vertex -75.49696234556292 -67.79644221800926 60
    endloop
  endfacet
  facet normal -0.3583679495452997 -0.9335804264972021 0
    outer loop
      vertex -75.49696234556292 -67.79644221800926 57.8
      vertex -74.70543319108602 -68.10028179309494 57.8
      vertex -74.70543319108602 -68.10028179309494 60
    endloop
  endfacet
  facet normal -0.45399049973954864 -0.891006524188367 0
    outer loop
      vertex -74.70543319108602 -68.10028179309494 57.8
      vertex -73.95 -68.48519422934605 57.8
      vertex -73.95 -68.48519422934605 60
    endloop
  endfacet
  facet normal -0.3583679495452997 -0.9335804264972021 0
    outer loop
      vertex -75.49696234556292 -67.79644221800926 57.8
      vertex -74.70543319108602 -68.10028179309494 60
      vertex -75.49696234556292 -67.79644221800926 60
    endloop
  endfacet
  facet normal 0 0 1
    outer loop
      vertex -74.21845606714487 -64.11547438800335 60
      vertex -77.15331944753201 -67.44437264751699 60
      vertex -76.31591530437615 -67.57700443405618 60
    endloop
  endfacet
  facet normal 0 0 1
    outer loop
      vertex -74.21845606714487 -64.11547438800335 60
      vertex -76.31591530437615 -67.57700443405618 60
      vertex -75.49696234556292 -67.79644221800926 60
    endloop
  endfacet
  facet normal -0.45399049973954864 -0.891006524188367 0
    outer loop
      vertex -74.70543319108602 -68.10028179309494 57.8
      vertex -73.95 -68.48519422934605 60
      vertex -74.70543319108602 -68.10028179309494 60
    endloop
  endfacet
  facet normal 0 0 1
    outer loop
      vertex -71.93411602079868 -65.15048070251942 60
      vertex -74.70543319108602 -68.10028179309494 60
      vertex -73.95 -68.48519422934605 60
    endloop
  endfacet
  facet normal 0 0 1
    outer loop
      vertex -73.04916489869356 -64.57311893254519 60
      vertex -75.49696234556292 -67.79644221800926 60
      vertex -74.70543319108602 -68.10028179309494 60
    endloop
  endfacet
  facet normal 0 0 1
    outer loop
      vertex -73.19250015169382 -64.50930196791887 60
      vertex -75.49696234556292 -67.79644221800926 60
      vertex -73.04916489869356 -64.57311893254519 60
    endloop
  endfacet
  facet normal 0 0 1
    outer loop
      vertex -73.04916489869356 -64.57311893254519 60
      vertex -74.70543319108602 -68.10028179309494 60
      vertex -72.06999537348747 -65.07203072309494 60
    endloop
  endfacet
  facet normal 0 0 1
    outer loop
      vertex -71.98052691363311 -80.91995791150676 57.8
      vertex -71.44696234556292 -70.73893945643097 57.8
      vertex -71.98052691363311 -70.08004208849324 57.8
    endloop
  endfacet
  facet normal 0 0 1
    outer loop
      vertex -71.44696234556292 -80.26106054356903 57.8
      vertex -70.98519422934605 -71.45 57.8
      vertex -71.44696234556292 -70.73893945643097 57.8
    endloop
  endfacet
  facet normal 0 0 1
    outer loop
      vertex -70.60028179309494 -78.79456680891398 57.8
      vertex -70.29644221800926 -72.99696234556292 57.8
      vertex -70.60028179309494 -72.20543319108602 57.8
    endloop
  endfacet
  facet normal 0 0 1
    outer loop
      vertex -70.98519422934605 -79.55 57.8
      vertex -70.60028179309494 -72.20543319108602 57.8
      vertex -70.98519422934605 -71.45 57.8
    endloop
  endfacet
  facet normal 0 0 1
    outer loop
      vertex -73.23893945643097 -82.05303765443708 57.8
      vertex -72.58004208849324 -69.48052691363311 57.8
      vertex -73.23893945643097 -68.94696234556292 57.8
    endloop
  endfacet
  facet normal 0 0 1
    outer loop
      vertex -72.58004208849324 -81.51947308636689 57.8
      vertex -71.98052691363311 -70.08004208849324 57.8
      vertex -72.58004208849324 -69.48052691363311 57.8
    endloop
  endfacet
  facet normal 0 0 1
    outer loop
      vertex -70.29644221800926 -78.00303765443708 57.8
      vertex -70.07700443405618 -77.18408469562385 57.8
      vertex -70.07700443405618 -73.81591530437615 57.8
    endloop
  endfacet
  facet normal 0 0 1
    outer loop
      vertex -70.07700443405618 -77.18408469562385 57.8
      vertex -69.94437264751699 -76.34668055246799 57.8
      vertex -69.94437264751699 -74.65331944753201 57.8
    endloop
  endfacet
  facet normal 0 0 1
    outer loop
      vertex -70.07700443405618 -77.18408469562385 57.8
      vertex -69.94437264751699 -74.65331944753201 57.8
      vertex -70.07700443405618 -73.81591530437615 57.8
    endloop
  endfacet
  facet normal 0 0 1
    outer loop
      vertex -69.94437264751699 -76.34668055246799 57.8
      vertex -69.9 -75.5 57.8
      vertex -69.94437264751699 -74.65331944753201 57.8
    endloop
  endfacet
  facet normal 0 0 1
    outer loop
      vertex -70.29644221800926 -78.00303765443708 57.8
      vertex -70.07700443405618 -73.81591530437615 57.8
      vertex -70.29644221800926 -72.99696234556292 57.8
    endloop
  endfacet
  facet normal -0.9335804264972021 -0.3583679495452997 0
    outer loop
      vertex -70.29644221800926 -72.99696234556292 57.8
      vertex -70.29644221800926 -72.99696234556292 60
      vertex -70.60028179309494 -72.20543319108602 57.8
    endloop
  endfacet
  facet normal -0.8386705679454272 -0.5446390350150223 0
    outer loop
      vertex -71.44696234556292 -70.73893945643097 57.8
      vertex -70.98519422934605 -71.45 57.8
      vertex -70.98519422934605 -71.45 60
    endloop
  endfacet
  facet normal -0.891006524188367 -0.45399049973954864 0
    outer loop
      vertex -70.60028179309494 -72.20543319108602 57.8
      vertex -70.60028179309494 -72.20543319108602 60
      vertex -70.98519422934605 -71.45 57.8
    endloop
  endfacet
  facet normal -0.9335804264972021 -0.3583679495452997 0
    outer loop
      vertex -70.60028179309494 -72.20543319108602 57.8
      vertex -70.29644221800926 -72.99696234556292 60
      vertex -70.60028179309494 -72.20543319108602 60
    endloop
  endfacet
  facet normal -0.891006524188367 -0.45399049973954864 0
    outer loop
      vertex -70.98519422934605 -71.45 57.8
      vertex -70.60028179309494 -72.20543319108602 60
      vertex -70.98519422934605 -71.45 60
    endloop
  endfacet
  facet normal -0.9986295347545743 0.0523359562429368 0
    outer loop
      vertex -69.94437264751699 -76.34668055246799 57.8
      vertex -69.94437264751699 -76.34668055246799 60
      vertex -69.9 -75.5 57.8
    endloop
  endfacet
  facet normal -0.9986295347545743 -0.0523359562429368 0
    outer loop
      vertex -69.9 -75.5 57.8
      vertex -69.9 -75.5 60
      vertex -69.94437264751699 -74.65331944753201 57.8
    endloop
  endfacet
  facet normal -0.9876883405951371 -0.1564344650402346 0
    outer loop
      vertex -70.07700443405618 -73.81591530437615 57.8
      vertex -69.94437264751699 -74.65331944753201 57.8
      vertex -69.94437264751699 -74.65331944753201 60
    endloop
  endfacet
  facet normal -0.9986295347545743 0.0523359562429368 0
    outer loop
      vertex -69.9 -75.5 57.8
      vertex -69.94437264751699 -76.34668055246799 60
      vertex -69.9 -75.5 60
    endloop
  endfacet
  facet normal -0.9986295347545743 -0.0523359562429368 0
    outer loop
      vertex -69.94437264751699 -74.65331944753201 57.8
      vertex -69.9 -75.5 60
      vertex -69.94437264751699 -74.65331944753201 60
    endloop
  endfacet
  facet normal -0.9876883405951371 -0.1564344650402346 0
    outer loop
      vertex -70.07700443405618 -73.81591530437615 57.8
      vertex -69.94437264751699 -74.65331944753201 60
      vertex -70.07700443405618 -73.81591530437615 60
    endloop
  endfacet
  facet normal 0 0 1
    outer loop
      vertex -66.00411139428616 -75.4215499162674 60
      vertex -69.94437264751699 -76.34668055246799 60
      vertex -70.07700443405618 -77.18408469562385 60
    endloop
  endfacet
  facet normal 0 0 1
    outer loop
      vertex -66.00411139428616 -75.4215499162674 60
      vertex -69.9 -75.5 60
      vertex -69.94437264751699 -76.34668055246799 60
    endloop
  endfacet
  facet normal 0 0 1
    outer loop
      vertex -66.07802638411522 -74.16806792467833 60
      vertex -69.94437264751699 -74.65331944753201 60
      vertex -69.9 -75.5 60
    endloop
  endfacet
  facet normal -0.9659258262890682 -0.258819045102521 0
    outer loop
      vertex -70.07700443405618 -73.81591530437615 57.8
      vertex -70.07700443405618 -73.81591530437615 60
      vertex -70.29644221800926 -72.99696234556292 57.8
    endloop
  endfacet
  facet normal -0.9659258262890682 -0.258819045102521 0
    outer loop
      vertex -70.29644221800926 -72.99696234556292 57.8
      vertex -70.07700443405618 -73.81591530437615 60
      vertex -70.29644221800926 -72.99696234556292 60
    endloop
  endfacet
  facet normal 0 0 1
    outer loop
      vertex -66.61547440290451 -71.7184560149908 60
      vertex -70.29644221800926 -72.99696234556292 60
      vertex -70.07700443405618 -73.81591530437615 60
    endloop
  endfacet
  facet normal 0 0 1
    outer loop
      vertex -67.07311893254519 -70.54916489869356 60
      vertex -70.60028179309494 -72.20543319108602 60
      vertex -70.29644221800926 -72.99696234556292 60
    endloop
  endfacet
  facet normal 0 0 1
    outer loop
      vertex -66.28256103396416 -72.92917874455452 60
      vertex -70.07700443405618 -73.81591530437615 60
      vertex -69.94437264751699 -74.65331944753201 60
    endloop
  endfacet
  facet normal 0 0 1
    outer loop
      vertex -66.28256103396416 -72.92917874455452 60
      vertex -66.56698954105377 -71.86767707765102 60
      vertex -70.07700443405618 -73.81591530437615 60
    endloop
  endfacet
  facet normal 0 0 1
    outer loop
      vertex -66.56698954105377 -71.86767707765102 60
      vertex -66.61547440290451 -71.7184560149908 60
      vertex -70.07700443405618 -73.81591530437615 60
    endloop
  endfacet
  facet normal 0 0 1
    outer loop
      vertex -66.61547440290451 -71.7184560149908 60
      vertex -67.00930194556713 -70.6925001963973 60
      vertex -70.29644221800926 -72.99696234556292 60
    endloop
  endfacet
  facet normal 0 0 1
    outer loop
      vertex -67.00930194556713 -70.6925001963973 60
      vertex -67.07311893254519 -70.54916489869356 60
      vertex -70.29644221800926 -72.99696234556292 60
    endloop
  endfacet
  facet normal -0.7071067811865476 -0.7071067811865476 0
    outer loop
      vertex -71.98052691363311 -70.08004208849324 57.8
      vertex -71.98052691363311 -70.08004208849324 60
      vertex -72.58004208849324 -69.48052691363311 57.8
    endloop
  endfacet
  facet normal -0.62932039104984 -0.7771459614569688 0
    outer loop
      vertex -73.23893945643097 -68.94696234556292 57.8
      vertex -72.58004208849324 -69.48052691363311 57.8
      vertex -72.58004208849324 -69.48052691363311 60
    endloop
  endfacet
  facet normal -0.7771459614569688 -0.62932039104984 0
    outer loop
      vertex -71.44696234556292 -70.73893945643097 57.8
      vertex -71.44696234556292 -70.73893945643097 60
      vertex -71.98052691363311 -70.08004208849324 57.8
    endloop
  endfacet
  facet normal -0.7771459614569688 -0.62932039104984 0
    outer loop
      vertex -71.98052691363311 -70.08004208849324 57.8
      vertex -71.44696234556292 -70.73893945643097 60
      vertex -71.98052691363311 -70.08004208849324 60
    endloop
  endfacet
  facet normal -0.62932039104984 -0.7771459614569688 0
    outer loop
      vertex -73.23893945643097 -68.94696234556292 57.8
      vertex -72.58004208849324 -69.48052691363311 60
      vertex -73.23893945643097 -68.94696234556292 60
    endloop
  endfacet
  facet normal -0.7071067811865476 -0.7071067811865476 0
    outer loop
      vertex -72.58004208849324 -69.48052691363311 57.8
      vertex -71.98052691363311 -70.08004208849324 60
      vertex -72.58004208849324 -69.48052691363311 60
    endloop
  endfacet
  facet normal -0.8386705679454272 -0.5446390350150223 0
    outer loop
      vertex -71.44696234556292 -70.73893945643097 57.8
      vertex -70.98519422934605 -71.45 60
      vertex -71.44696234556292 -70.73893945643097 60
    endloop
  endfacet
  facet normal 0 0 1
    outer loop
      vertex -69.91488402336836 -66.63781078159809 60
      vertex -72.58004208849324 -69.48052691363311 60
      vertex -71.98052691363311 -70.08004208849324 60
    endloop
  endfacet
  facet normal 0 0 1
    outer loop
      vertex -69.03282410651445 -67.53148353844881 60
      vertex -71.98052691363311 -70.08004208849324 60
      vertex -71.44696234556292 -70.73893945643097 60
    endloop
  endfacet
  facet normal 0 0 1
    outer loop
      vertex -70.88552622497082 -65.8412339836359 60
      vertex -73.95 -68.48519422934605 60
      vertex -73.23893945643097 -68.94696234556292 60
    endloop
  endfacet
  facet normal 0 0 1
    outer loop
      vertex -70.03148353099823 -66.53282411396503 60
      vertex -73.23893945643097 -68.94696234556292 60
      vertex -72.58004208849324 -69.48052691363311 60
    endloop
  endfacet
  facet normal 0 0 1
    outer loop
      vertex -71.93411602079868 -65.15048070251942 60
      vertex -72.06999537348747 -65.07203072309494 60
      vertex -74.70543319108602 -68.10028179309494 60
    endloop
  endfacet
  facet normal 0 0 1
    outer loop
      vertex -71.01246091723442 -65.74901052564383 60
      vertex -71.93411602079868 -65.15048070251942 60
      vertex -73.95 -68.48519422934605 60
    endloop
  endfacet
  facet normal 0 0 1
    outer loop
      vertex -70.88552622497082 -65.8412339836359 60
      vertex -71.01246091723442 -65.74901052564383 60
      vertex -73.95 -68.48519422934605 60
    endloop
  endfacet
  facet normal 0 0 1
    outer loop
      vertex -70.88552622497082 -65.8412339836359 60
      vertex -73.23893945643097 -68.94696234556292 60
      vertex -70.03148353099823 -66.53282411396503 60
    endloop
  endfacet
  facet normal 0 0 1
    outer loop
      vertex -69.13781078904867 -67.41488401591778 60
      vertex -69.91488402336836 -66.63781078159809 60
      vertex -71.98052691363311 -70.08004208849324 60
    endloop
  endfacet
  facet normal 0 0 1
    outer loop
      vertex -70.03148353099823 -66.53282411396503 60
      vertex -72.58004208849324 -69.48052691363311 60
      vertex -69.91488402336836 -66.63781078159809 60
    endloop
  endfacet
  facet normal 0 0 1
    outer loop
      vertex -67.57203072309494 -69.56999537348747 60
      vertex -70.98519422934605 -71.45 60
      vertex -70.60028179309494 -72.20543319108602 60
    endloop
  endfacet
  facet normal 0 0 1
    outer loop
      vertex -68.24901052564383 -68.51246091723442 60
      vertex -71.44696234556292 -70.73893945643097 60
      vertex -70.98519422934605 -71.45 60
    endloop
  endfacet
  facet normal 0 0 1
    outer loop
      vertex -68.24901052564383 -68.51246091723442 60
      vertex -70.98519422934605 -71.45 60
      vertex -67.65048070251942 -69.43411602079868 60
    endloop
  endfacet
  facet normal 0 0 1
    outer loop
      vertex -68.24901052564383 -68.51246091723442 60
      vertex -68.3412339836359 -68.38552622497082 60
      vertex -71.44696234556292 -70.73893945643097 60
    endloop
  endfacet
  facet normal 0 0 1
    outer loop
      vertex -68.3412339836359 -68.38552622497082 60
      vertex -69.03282410651445 -67.53148353844881 60
      vertex -71.44696234556292 -70.73893945643097 60
    endloop
  endfacet
  facet normal 0 0 1
    outer loop
      vertex -67.57203072309494 -69.56999537348747 60
      vertex -70.60028179309494 -72.20543319108602 60
      vertex -67.07311893254519 -70.54916489869356 60
    endloop
  endfacet
  facet normal 0 0 1
    outer loop
      vertex -67.57203072309494 -69.56999537348747 60
      vertex -67.65048070251942 -69.43411602079868 60
      vertex -70.98519422934605 -71.45 60
    endloop
  endfacet
  facet normal 0 0 1
    outer loop
      vertex -69.13781078904867 -67.41488401591778 60
      vertex -71.98052691363311 -70.08004208849324 60
      vertex -69.03282410651445 -67.53148353844881 60
    endloop
  endfacet
  facet normal 0 0 1
    outer loop
      vertex -80.41734971106052 -63.749939650297165 60
      vertex -82.05 -68.48519422934605 60
      vertex -79.3319320678711 -63.57802638411522 60
    endloop
  endfacet
  facet normal 0 0 1
    outer loop
      vertex -79.3319320678711 -63.57802638411522 60
      vertex -82.05 -68.48519422934605 60
      vertex -79.17589152604342 -63.561625860631466 60
    endloop
  endfacet
  facet normal 0 0 1
    outer loop
      vertex -79.17589152604342 -63.561625860631466 60
      vertex -80.50303765443708 -67.79644221800926 60
      vertex -78.07845007628202 -63.504111394286156 60
    endloop
  endfacet
  facet normal 0 0 1
    outer loop
      vertex -78.07845007628202 -63.504111394286156 60
      vertex -80.50303765443708 -67.79644221800926 60
      vertex -77.92154992371798 -63.504111394286156 60
    endloop
  endfacet
  facet normal 0 0 1
    outer loop
      vertex -77.92154992371798 -63.504111394286156 60
      vertex -79.68408469562385 -67.57700443405618 60
      vertex -76.8241085857153 -63.561625853180885 60
    endloop
  endfacet
  facet normal 0 0 1
    outer loop
      vertex -76.66806780546904 -63.57802639901638 60
      vertex -76.8241085857153 -63.561625853180885 60
      vertex -78.84668055246799 -67.44437264751699 60
    endloop
  endfacet
  facet normal 0 0 1
    outer loop
      vertex -76.66806780546904 -63.57802639901638 60
      vertex -78 -67.4 60
      vertex -75.5826502814889 -63.749939650297165 60
    endloop
  endfacet
  facet normal 0 0 1
    outer loop
      vertex -75.42917874455452 -63.78256103396416 60
      vertex -75.5826502814889 -63.749939650297165 60
      vertex -78 -67.4 60
    endloop
  endfacet
  facet normal 0 0 1
    outer loop
      vertex -75.42917874455452 -63.78256103396416 60
      vertex -77.15331944753201 -67.44437264751699 60
      vertex -74.36767706274986 -64.06698954850435 60
    endloop
  endfacet
  facet normal 0 0 1
    outer loop
      vertex -74.36767706274986 -64.06698954850435 60
      vertex -77.15331944753201 -67.44437264751699 60
      vertex -74.21845606714487 -64.11547438800335 60
    endloop
  endfacet
  facet normal 0 0 1
    outer loop
      vertex -73.19250015169382 -64.50930196791887 60
      vertex -74.21845606714487 -64.11547438800335 60
      vertex -75.49696234556292 -67.79644221800926 60
    endloop
  endfacet
  facet normal 0 0 1
    outer loop
      vertex -66.06162585318089 -76.67589140683413 60
      vertex -66.00411139428616 -75.57845007628202 60
      vertex -70.29644221800926 -78.00303765443708 60
    endloop
  endfacet
  facet normal 0 0 1
    outer loop
      vertex -66.00411139428616 -75.57845007628202 60
      vertex -66.00411139428616 -75.4215499162674 60
      vertex -70.07700443405618 -77.18408469562385 60
    endloop
  endfacet
  facet normal 0 0 1
    outer loop
      vertex -66.00411139428616 -75.4215499162674 60
      vertex -66.06162586063147 -74.324108466506 60
      vertex -69.9 -75.5 60
    endloop
  endfacet
  facet normal 0 0 1
    outer loop
      vertex -66.06162586063147 -74.324108466506 60
      vertex -66.07802638411522 -74.16806792467833 60
      vertex -69.9 -75.5 60
    endloop
  endfacet
  facet normal 0 0 1
    outer loop
      vertex -66.07802638411522 -74.16806792467833 60
      vertex -66.24993965029716 -73.0826502814889 60
      vertex -69.94437264751699 -74.65331944753201 60
    endloop
  endfacet
  facet normal 0 0 1
    outer loop
      vertex -66.28256103396416 -72.92917874455452 60
      vertex -69.94437264751699 -74.65331944753201 60
      vertex -66.24993965029716 -73.0826502814889 60
    endloop
  endfacet
  facet normal -1 0 0
    outer loop
      vertex -90 -81.5 2
      vertex -90 -81.5 60
      vertex -90 81.5 60
    endloop
  endfacet
  facet normal 1 0 0
    outer loop
      vertex -86 -61.36976087093353 2
      vertex -86 61.36976087093353 60
      vertex -86 -61.36976087093353 60
    endloop
  endfacet
  facet normal 0 0 1
    outer loop
      vertex -90 -81.5 60
      vertex -86 -61.36976087093353 60
      vertex -86 61.36976087093353 60
    endloop
  endfacet
  facet normal 0 0 1
    outer loop
      vertex -84 -87.5 60
      vertex 84 -87.5 60
      vertex -64.02676872164011 -83.49588860571384 60
    endloop
  endfacet
  facet normal 0 0 1
    outer loop
      vertex -64.02676872164011 -83.49588860571384 60
      vertex 84 -87.5 60
      vertex -63.86976087093353 -83.5 60
    endloop
  endfacet
  facet normal 0 0 1
    outer loop
      vertex -86 -61.36976087093353 2
      vertex -85.96306502074003 61.83906424790621 2
      vertex -85.99588860571384 61.52676872164011 2
    endloop
  endfacet
  facet normal 0 0 1
    outer loop
      vertex -86 -61.36976087093353 2
      vertex -85.99588860571384 61.52676872164011 2
      vertex -86 61.36976087093353 2
    endloop
  endfacet
  facet normal 0 0 1
    outer loop
      vertex -86 -61.36976087093353 2
      vertex -85.89777748286724 62.14621799439192 2
      vertex -85.96306502074003 61.83906424790621 2
    endloop
  endfacet
  facet normal 0 0 1
    outer loop
      vertex -86 -61.36976087093353 2
      vertex -85.80074128508568 62.444864705204964 2
      vertex -85.89777748286724 62.14621799439192 2
    endloop
  endfacet
  facet normal 0 0 1
    outer loop
      vertex -86 -61.36976087093353 2
      vertex -85.67301958054304 62.73173235356808 2
      vertex -85.80074128508568 62.444864705204964 2
    endloop
  endfacet
  facet normal 0 0 1
    outer loop
      vertex -86 -61.36976087093353 2
      vertex -85.5160117149353 63.00367796421051 2
      vertex -85.67301958054304 62.73173235356808 2
    endloop
  endfacet
  facet normal 0 0 1
    outer loop
      vertex -86 -61.36976087093353 2
      vertex -85.33143789321184 63.25772203505039 2
      vertex -85.5160117149353 63.00367796421051 2
    endloop
  endfacet
  facet normal 0 0 1
    outer loop
      vertex -86 -61.36976087093353 2
      vertex -85.12132035195827 63.491081200540066 2
      vertex -85.33143789321184 63.25772203505039 2
    endloop
  endfacet
  facet normal 0 0 1
    outer loop
      vertex -81.6323229148984 -64.06698954105377 2
      vertex -81.63232292979956 64.06698954850435 2
      vertex -81.78154395520687 64.11547439545393 2
    endloop
  endfacet
  facet normal 0 0 1
    outer loop
      vertex -81.6323229148984 -64.06698954105377 2
      vertex -80.5708212479949 63.78256103396416 2
      vertex -81.63232292979956 64.06698954850435 2
    endloop
  endfacet
  facet normal 0 0 1
    outer loop
      vertex -80.5708212479949 -63.78256103396416 2
      vertex -80.41734971106052 63.749939650297165 2
      vertex -80.5708212479949 63.78256103396416 2
    endloop
  endfacet
  facet normal 0 0 1
    outer loop
      vertex -80.41734971106052 -63.749939650297165 2
      vertex -79.33193218708038 63.57802639901638 2
      vertex -80.41734971106052 63.749939650297165 2
    endloop
  endfacet
  facet normal 0 0 1
    outer loop
      vertex -79.17589152604342 -63.561625860631466 2
      vertex -79.17589140683413 63.561625853180885 2
      vertex -79.33193218708038 63.57802639901638 2
    endloop
  endfacet
  facet normal 0 0 1
    outer loop
      vertex -78.07845007628202 -63.504111394286156 2
      vertex -78.07845007628202 63.504111394286156 2
      vertex -79.17589140683413 63.561625853180885 2
    endloop
  endfacet
  facet normal 0 0 1
    outer loop
      vertex -78.07845007628202 -63.504111394286156 2
      vertex -77.92154992371798 63.504111394286156 2
      vertex -78.07845007628202 63.504111394286156 2
    endloop
  endfacet
  facet normal 0 0 1
    outer loop
      vertex -78.07845007628202 -63.504111394286156 2
      vertex -76.824108466506 63.561625860631466 2
      vertex -77.92154992371798 63.504111394286156 2
    endloop
  endfacet
  facet normal 0 0 1
    outer loop
      vertex -76.66806780546904 -63.57802639901638 2
      vertex -76.66806792467833 63.57802638411522 2
      vertex -76.824108466506 63.561625860631466 2
    endloop
  endfacet
  facet normal 0 0 1
    outer loop
      vertex -76.66806780546904 -63.57802639901638 2
      vertex -75.5826502814889 63.749939650297165 2
      vertex -76.66806792467833 63.57802638411522 2
    endloop
  endfacet
  facet normal 0 0 1
    outer loop
      vertex -75.5826502814889 -63.749939650297165 2
      vertex -75.42917874455452 63.78256103396416 2
      vertex -75.5826502814889 63.749939650297165 2
    endloop
  endfacet
  facet normal 0 0 1
    outer loop
      vertex -75.5826502814889 -63.749939650297165 2
      vertex -74.36767707765102 64.06698954105377 2
      vertex -75.42917874455452 63.78256103396416 2
    endloop
  endfacet
  facet normal 0 0 1
    outer loop
      vertex -75.5826502814889 -63.749939650297165 2
      vertex -74.2184560149908 64.11547440290451 2
      vertex -74.36767707765102 64.06698954105377 2
    endloop
  endfacet
  facet normal 0 0 1
    outer loop
      vertex -75.5826502814889 -63.749939650297165 2
      vertex -73.1925001963973 64.50930194556713 2
      vertex -74.2184560149908 64.11547440290451 2
    endloop
  endfacet
  facet normal 0 0 1
    outer loop
      vertex -75.5826502814889 -63.749939650297165 2
      vertex -73.04916489869356 64.57311893254519 2
      vertex -73.1925001963973 64.50930194556713 2
    endloop
  endfacet
  facet normal -1 0 0
    outer loop
      vertex -90 -81.5 0
      vertex -90 81.5 2
      vertex -90 81.5 0
    endloop
  endfacet
  facet normal 0 0 -1
    outer loop
      vertex -90 -81.5 0
      vertex -90 81.5 0
      vertex -82.25 75.5 0
    endloop
  endfacet
  facet normal 0 0 1
    outer loop
      vertex -86 -61.36976087093353 2
      vertex -84.8879611864686 63.70119874179363 2
      vertex -85.12132035195827 63.491081200540066 2
    endloop
  endfacet
  facet normal 0 0 1
    outer loop
      vertex -86 -61.36976087093353 2
      vertex -84.63391711562872 63.885772563517094 2
      vertex -84.8879611864686 63.70119874179363 2
    endloop
  endfacet
  facet normal 0 0 1
    outer loop
      vertex -86 -61.36976087093353 2
      vertex -84.36197151243687 64.04278043657541 2
      vertex -84.63391711562872 63.885772563517094 2
    endloop
  endfacet
  facet normal 0 0 1
    outer loop
      vertex -86 -61.36976087093353 2
      vertex -84.07510386407375 64.17050214111805 2
      vertex -84.36197151243687 64.04278043657541 2
    endloop
  endfacet
  facet normal 0 0 1
    outer loop
      vertex -86 -61.36976087093353 2
      vertex -83.77645715326071 64.2675383463502 2
      vertex -84.07510386407375 64.17050214111805 2
    endloop
  endfacet
  facet normal 0 0 1
    outer loop
      vertex -86 -61.36976087093353 2
      vertex -83.46930341422558 64.33282589167356 2
      vertex -83.77645715326071 64.2675383463502 2
    endloop
  endfacet
  facet normal 0 0 -1
    outer loop
      vertex -82.0419901942544 -74.18667777390647 0
      vertex -82.0419901942544 74.18667777390647 0
      vertex -81.88256819498105 73.77136926692785 0
    endloop
  endfacet
  facet normal 0 0 -1
    outer loop
      vertex -81.88256819498105 -73.77136926692785 0
      vertex -81.88256819498105 73.77136926692785 0
      vertex -81.68060796608387 73.375 0
    endloop
  endfacet
  facet normal 0 0 -1
    outer loop
      vertex -81.68060796608387 -73.375 0
      vertex -81.68060796608387 73.375 0
      vertex -81.43832222609353 73.00191267775699 0
    endloop
  endfacet
  facet normal 0 0 -1
    outer loop
      vertex -82.15712730311867 -74.61637531402452 0
      vertex -82.15712730311867 74.61637531402452 0
      vertex -82.0419901942544 74.18667777390647 0
    endloop
  endfacet
  facet normal 0 0 -1
    outer loop
      vertex -82.15712730311867 -74.61637531402452 0
      vertex -82.22671805531516 75.05575403111247 0
      vertex -82.15712730311867 74.61637531402452 0
    endloop
  endfacet
  facet normal 0 0 -1
    outer loop
      vertex -82.15712730311867 -74.61637531402452 0
      vertex -82.25 75.5 0
      vertex -82.22671805531516 75.05575403111247 0
    endloop
  endfacet
  facet normal 0 0 -1
    outer loop
      vertex -81.43832222609353 -73.00191267775699 0
      vertex -81.43832222609353 73.00191267775699 0
      vertex -81.15836550827892 72.65619492297485 0
    endloop
  endfacet
  facet normal 0 0 -1
    outer loop
      vertex -81.15836550827892 -72.65619492297485 0
      vertex -81.15836550827892 72.65619492297485 0
      vertex -80.84380507702515 72.34163449172108 0
    endloop
  endfacet
  facet normal 0 0 -1
    outer loop
      vertex -80.84380507702515 -72.34163449172108 0
      vertex -80.84380507702515 72.34163449172108 0
      vertex -80.49808732224301 72.06167777390647 0
    endloop
  endfacet
  facet normal 0 0 -1
    outer loop
      vertex -80.49808732224301 -72.06167777390647 0
      vertex -80.49808732224301 72.06167777390647 0
      vertex -80.125 71.81939203391613 0
    endloop
  endfacet
  facet normal 0 0 -1
    outer loop
      vertex -80.125 -71.81939203391613 0
      vertex -80.125 71.81939203391613 0
      vertex -79.72863073307215 71.61743180501895 0
    endloop
  endfacet
  facet normal 0 0 -1
    outer loop
      vertex -79.72863073307215 -71.61743180501895 0
      vertex -79.72863073307215 71.61743180501895 0
      vertex -79.31332222609353 71.4580098057456 0
    endloop
  endfacet
  facet normal 0 0 -1
    outer loop
      vertex -79.31332222609353 -71.4580098057456 0
      vertex -79.31332222609353 71.4580098057456 0
      vertex -78.88362468597548 71.34287269688133 0
    endloop
  endfacet
  facet normal 0 0 1
    outer loop
      vertex -86 -61.36976087093353 2
      vertex -83.15700788795948 64.36564947664738 2
      vertex -83.46930341422558 64.33282589167356 2
    endloop
  endfacet
  facet normal 0 0 1
    outer loop
      vertex -86 -61.36976087093353 2
      vertex -82.84299214929342 64.36564947664738 2
      vertex -83.15700788795948 64.36564947664738 2
    endloop
  endfacet
  facet normal 0 0 1
    outer loop
      vertex -86 -61.36976087093353 2
      vertex -82.53069662302732 64.33282589167356 2
      vertex -82.84299214929342 64.36564947664738 2
    endloop
  endfacet
  facet normal 0 0 1
    outer loop
      vertex -86 -61.36976087093353 2
      vertex -82.22354287654161 64.26753835380077 2
      vertex -82.53069662302732 64.33282589167356 2
    endloop
  endfacet
  facet normal 0 0 1
    outer loop
      vertex -86 -61.36976087093353 2
      vertex -81.92489616572857 64.17050215601921 2
      vertex -82.22354287654161 64.26753835380077 2
    endloop
  endfacet
  facet normal 0 0 1
    outer loop
      vertex -86 -61.36976087093353 2
      vertex -81.78154395520687 64.11547439545393 2
      vertex -81.92489616572857 64.17050215601921 2
    endloop
  endfacet
  facet normal 0 0 -1
    outer loop
      vertex -78.88362468597548 -71.34287269688133 0
      vertex -78.88362468597548 71.34287269688133 0
      vertex -78.44424596888753 71.27328194468484 0
    endloop
  endfacet
  facet normal 0 0 -1
    outer loop
      vertex -78.88362468597548 -71.34287269688133 0
      vertex -78.44424596888753 71.27328194468484 0
      vertex -78 71.25 0
    endloop
  endfacet
  facet normal 0 0 -1
    outer loop
      vertex -78.88362468597548 -71.34287269688133 0
      vertex -78 71.25 0
      vertex -77.55575403111247 71.27328194468484 0
    endloop
  endfacet
  facet normal 0 0 1
    outer loop
      vertex -75.5826502814889 -63.749939650297165 2
      vertex -72.06999537348747 65.07203072309494 2
      vertex -73.04916489869356 64.57311893254519 2
    endloop
  endfacet
  facet normal 0 0 1
    outer loop
      vertex -75.5826502814889 -63.749939650297165 2
      vertex -71.93411602079868 65.15048070251942 2
      vertex -72.06999537348747 65.07203072309494 2
    endloop
  endfacet
  facet normal 0 0 1
    outer loop
      vertex -75.5826502814889 -63.749939650297165 2
      vertex -71.01246091723442 65.74901052564383 2
      vertex -71.93411602079868 65.15048070251942 2
    endloop
  endfacet
  facet normal 0 0 1
    outer loop
      vertex -75.5826502814889 -63.749939650297165 2
      vertex -70.88552622497082 65.8412339836359 2
      vertex -71.01246091723442 65.74901052564383 2
    endloop
  endfacet
  facet normal 0 0 1
    outer loop
      vertex -75.5826502814889 -63.749939650297165 2
      vertex -70.03148353844881 66.53282410651445 2
      vertex -70.88552622497082 65.8412339836359 2
    endloop
  endfacet
  facet normal 0 0 1
    outer loop
      vertex -75.5826502814889 -63.749939650297165 2
      vertex -69.91488401591778 66.63781078904867 2
      vertex -70.03148353844881 66.53282410651445 2
    endloop
  endfacet
  facet normal 0 0 1
    outer loop
      vertex -75.5826502814889 -63.749939650297165 2
      vertex -69.13781078159809 67.41488402336836 2
      vertex -69.91488401591778 66.63781078904867 2
    endloop
  endfacet
  facet normal 0 0 1
    outer loop
      vertex -75.5826502814889 -63.749939650297165 2
      vertex -69.03282411396503 67.53148353099823 2
      vertex -69.13781078159809 67.41488402336836 2
    endloop
  endfacet
  facet normal 0 0 1
    outer loop
      vertex -75.5826502814889 -63.749939650297165 2
      vertex -68.3412339836359 68.38552622497082 2
      vertex -69.03282411396503 67.53148353099823 2
    endloop
  endfacet
  facet normal 0 0 1
    outer loop
      vertex -75.5826502814889 -63.749939650297165 2
      vertex -68.24901052564383 68.51246091723442 2
      vertex -68.3412339836359 68.38552622497082 2
    endloop
  endfacet
  facet normal 0 0 1
    outer loop
      vertex -75.5826502814889 -63.749939650297165 2
      vertex -67.65048070251942 69.43411602079868 2
      vertex -68.24901052564383 68.51246091723442 2
    endloop
  endfacet
  facet normal 1 0 0
    outer loop
      vertex -86 -61.36976087093353 2
      vertex -86 61.36976087093353 2
      vertex -86 61.36976087093353 60
    endloop
  endfacet
  facet normal -1 0 0
    outer loop
      vertex -90 -81.5 2
      vertex -90 81.5 60
      vertex -90 81.5 2
    endloop
  endfacet
  facet normal -0.9986295344686826 0.052335961698072614 0
    outer loop
      vertex -90 81.5 0
      vertex -89.9671313688159 82.12717077881098 2
      vertex -89.9671313688159 82.12717077881098 0
    endloop
  endfacet
  facet normal -0.9986295344686826 0.052335961698072614 0
    outer loop
      vertex -90 81.5 0
      vertex -90 81.5 2
      vertex -89.9671313688159 82.12717077881098 2
    endloop
  endfacet
  facet normal 0 0 -1
    outer loop
      vertex -90 81.5 0
      vertex -82.22671805531516 75.94424596888753 0
      vertex -82.25 75.5 0
    endloop
  endfacet
  facet normal 0 0 -1
    outer loop
      vertex -90 81.5 0
      vertex -82.15712730311867 76.38362468597548 0
      vertex -82.22671805531516 75.94424596888753 0
    endloop
  endfacet
  facet normal 0 0 -1
    outer loop
      vertex -90 81.5 0
      vertex -82.0419901942544 76.81332222609353 0
      vertex -82.15712730311867 76.38362468597548 0
    endloop
  endfacet
  facet normal 0 0 -1
    outer loop
      vertex -90 81.5 0
      vertex -81.88256819498105 77.22863073307215 0
      vertex -82.0419901942544 76.81332222609353 0
    endloop
  endfacet
  facet normal 0 0 -1
    outer loop
      vertex -90 81.5 0
      vertex -81.68060796608387 77.625 0
      vertex -81.88256819498105 77.22863073307215 0
    endloop
  endfacet
  facet normal -0.9876883421006547 0.15643445553477123 0
    outer loop
      vertex -89.9671313688159 82.12717077881098 0
      vertex -89.86888560652733 82.74747014790773 2
      vertex -89.86888560652733 82.74747014790773 0
    endloop
  endfacet
  facet normal -0.9659258251084867 0.25881904950851087 0
    outer loop
      vertex -89.86888560652733 82.74747014790773 0
      vertex -89.70633909851313 83.35410196334124 2
      vertex -89.70633909851313 83.35410196334124 0
    endloop
  endfacet
  facet normal -0.9335804250773434 0.35836795324415743 0
    outer loop
      vertex -89.70633909851313 83.35410196334124 0
      vertex -89.48127274215221 83.94041986018419 2
      vertex -89.48127274215221 83.94041986018419 0
    endloop
  endfacet
  facet normal -0.8910065283221497 0.4539904916265432 0
    outer loop
      vertex -89.48127274215221 83.94041986018419 0
      vertex -89.19615242630243 84.5 2
      vertex -89.19615242630243 84.5 0
    endloop
  endfacet
  facet normal -0.9876883421006547 0.15643445553477123 0
    outer loop
      vertex -89.9671313688159 82.12717077881098 0
      vertex -89.9671313688159 82.12717077881098 2
      vertex -89.86888560652733 82.74747014790773 2
    endloop
  endfacet
  facet normal -0.9659258251084867 0.25881904950851087 0
    outer loop
      vertex -89.86888560652733 82.74747014790773 0
      vertex -89.86888560652733 82.74747014790773 2
      vertex -89.70633909851313 83.35410196334124 2
    endloop
  endfacet
  facet normal -0.9335804250773434 0.35836795324415743 0
    outer loop
      vertex -89.70633909851313 83.35410196334124 0
      vertex -89.70633909851313 83.35410196334124 2
      vertex -89.48127274215221 83.94041986018419 2
    endloop
  endfacet
  facet normal -0.8910065283221497 0.4539904916265432 0
    outer loop
      vertex -89.48127274215221 83.94041986018419 0
      vertex -89.48127274215221 83.94041986018419 2
      vertex -89.19615242630243 84.5 2
    endloop
  endfacet
  facet normal -0.8386705643141267 0.5446390406067345 0
    outer loop
      vertex -89.19615242630243 84.5 0
      vertex -89.19615242630243 84.5 2
      vertex -88.85410196334124 85.02671151608229 2
    endloop
  endfacet
  facet normal -0.8386705643141267 0.5446390406067345 0
    outer loop
      vertex -89.19615242630243 84.5 0
      vertex -88.85410196334124 85.02671151608229 2
      vertex -88.85410196334124 85.02671151608229 0
    endloop
  endfacet
  facet normal -0.7771459589704364 0.6293203941204519 0
    outer loop
      vertex -88.85410196334124 85.02671151608229 0
      vertex -88.45886895060539 85.51478363573551 2
      vertex -88.45886895060539 85.51478363573551 0
    endloop
  endfacet
  facet normal -0.7071067811865475 0.7071067811865475 0
    outer loop
      vertex -88.45886895060539 85.51478363573551 0
      vertex -88.01478363573551 85.95886895060539 2
      vertex -88.01478363573551 85.95886895060539 0
    endloop
  endfacet
  facet normal -0.6293203941204519 0.7771459589704364 0
    outer loop
      vertex -88.01478363573551 85.95886895060539 0
      vertex -87.52671151608229 86.35410196334124 2
      vertex -87.52671151608229 86.35410196334124 0
    endloop
  endfacet
  facet normal -0.7771459589704364 0.6293203941204519 0
    outer loop
      vertex -88.85410196334124 85.02671151608229 0
      vertex -88.85410196334124 85.02671151608229 2
      vertex -88.45886895060539 85.51478363573551 2
    endloop
  endfacet
  facet normal -0.7071067811865475 0.7071067811865475 0
    outer loop
      vertex -88.45886895060539 85.51478363573551 0
      vertex -88.45886895060539 85.51478363573551 2
      vertex -88.01478363573551 85.95886895060539 2
    endloop
  endfacet
  facet normal -0.6293203941204519 0.7771459589704364 0
    outer loop
      vertex -88.01478363573551 85.95886895060539 0
      vertex -88.01478363573551 85.95886895060539 2
      vertex -87.52671151608229 86.35410196334124 2
    endloop
  endfacet
  facet normal -0.5446390406067345 0.8386705643141267 0
    outer loop
      vertex -87.52671151608229 86.35410196334124 0
      vertex -87.52671151608229 86.35410196334124 2
      vertex -87 86.69615242630243 2
    endloop
  endfacet
  facet normal -0.5446390406067345 0.8386705643141267 0
    outer loop
      vertex -87.52671151608229 86.35410196334124 0
      vertex -87 86.69615242630243 2
      vertex -87 86.69615242630243 0
    endloop
  endfacet
  facet normal -0.4539904916265432 0.8910065283221497 0
    outer loop
      vertex -87 86.69615242630243 0
      vertex -86.44041986018419 86.98127274215221 2
      vertex -86.44041986018419 86.98127274215221 0
    endloop
  endfacet
  facet normal -0.35836795324415743 0.9335804250773434 0
    outer loop
      vertex -86.44041986018419 86.98127274215221 0
      vertex -85.85410196334124 87.20633909851313 2
      vertex -85.85410196334124 87.20633909851313 0
    endloop
  endfacet
  facet normal 0 0 -1
    outer loop
      vertex -85.24747014790773 87.36888560652733 0
      vertex -84.62717077881098 87.4671313688159 0
      vertex -84 87.5 0
    endloop
  endfacet
  facet normal -0.25881904950851087 0.9659258251084867 0
    outer loop
      vertex -85.85410196334124 87.20633909851313 0
      vertex -85.24747014790773 87.36888560652733 2
      vertex -85.24747014790773 87.36888560652733 0
    endloop
  endfacet
  facet normal -0.15643445553477123 0.9876883421006547 0
    outer loop
      vertex -85.24747014790773 87.36888560652733 0
      vertex -84.62717077881098 87.4671313688159 2
      vertex -84.62717077881098 87.4671313688159 0
    endloop
  endfacet
  facet normal -0.4539904916265432 0.8910065283221497 0
    outer loop
      vertex -87 86.69615242630243 0
      vertex -87 86.69615242630243 2
      vertex -86.44041986018419 86.98127274215221 2
    endloop
  endfacet
  facet normal -0.35836795324415743 0.9335804250773434 0
    outer loop
      vertex -86.44041986018419 86.98127274215221 0
      vertex -86.44041986018419 86.98127274215221 2
      vertex -85.85410196334124 87.20633909851313 2
    endloop
  endfacet
  facet normal -0.25881904950851087 0.9659258251084867 0
    outer loop
      vertex -85.85410196334124 87.20633909851313 0
      vertex -85.85410196334124 87.20633909851313 2
      vertex -85.24747014790773 87.36888560652733 2
    endloop
  endfacet
  facet normal -0.15643445553477123 0.9876883421006547 0
    outer loop
      vertex -85.24747014790773 87.36888560652733 0
      vertex -85.24747014790773 87.36888560652733 2
      vertex -84.62717077881098 87.4671313688159 2
    endloop
  endfacet
  facet normal -0.052335961698072614 0.9986295344686826 0
    outer loop
      vertex -84.62717077881098 87.4671313688159 0
      vertex -84.62717077881098 87.4671313688159 2
      vertex -84 87.5 2
    endloop
  endfacet
  facet normal 0 0 -1
    outer loop
      vertex -90 81.5 0
      vertex -81.43832222609353 77.99808732224301 0
      vertex -81.68060796608387 77.625 0
    endloop
  endfacet
  facet normal 0 0 -1
    outer loop
      vertex -90 81.5 0
      vertex -81.15836550827892 78.34380507702515 0
      vertex -81.43832222609353 77.99808732224301 0
    endloop
  endfacet
  facet normal 0 0 -1
    outer loop
      vertex -90 81.5 0
      vertex -80.84380507702515 78.65836550827892 0
      vertex -81.15836550827892 78.34380507702515 0
    endloop
  endfacet
  facet normal 0 0 -1
    outer loop
      vertex -90 81.5 0
      vertex -80.49808732224301 78.93832222609353 0
      vertex -80.84380507702515 78.65836550827892 0
    endloop
  endfacet
  facet normal 0 0 -1
    outer loop
      vertex -90 81.5 0
      vertex -80.125 79.18060796608387 0
      vertex -80.49808732224301 78.93832222609353 0
    endloop
  endfacet
  facet normal 0 0 -1
    outer loop
      vertex -90 81.5 0
      vertex -79.72863073307215 79.38256819498105 0
      vertex -80.125 79.18060796608387 0
    endloop
  endfacet
  facet normal 0 0 -1
    outer loop
      vertex -90 81.5 0
      vertex -79.31332222609353 79.5419901942544 0
      vertex -79.72863073307215 79.38256819498105 0
    endloop
  endfacet
  facet normal 0 0 -1
    outer loop
      vertex -90 81.5 0
      vertex -78.88362468597548 79.65712730311867 0
      vertex -79.31332222609353 79.5419901942544 0
    endloop
  endfacet
  facet normal 0 0 -1
    outer loop
      vertex -90 81.5 0
      vertex -78.44424596888753 79.72671805531516 0
      vertex -78.88362468597548 79.65712730311867 0
    endloop
  endfacet
  facet normal 0 0 -1
    outer loop
      vertex -90 81.5 0
      vertex -78 79.75 0
      vertex -78.44424596888753 79.72671805531516 0
    endloop
  endfacet
  facet normal -0.052335961698072614 0.9986295344686826 0
    outer loop
      vertex -84.62717077881098 87.4671313688159 0
      vertex -84 87.5 2
      vertex -84 87.5 0
    endloop
  endfacet
  facet normal 0 0 1
    outer loop
      vertex -66.29681185632944 82.26335575431585 2
      vertex -63.86976087093353 83.5 2
      vertex -66.09919534623623 82.50739181786776 2
    endloop
  endfacet
  facet normal 0 0 1
    outer loop
      vertex -66.09919534623623 82.50739181786776 2
      vertex -63.86976087093353 83.5 2
      vertex -65.87715268880129 82.7294344753027 2
    endloop
  endfacet
  facet normal 0 0 1
    outer loop
      vertex -65.87715268880129 82.7294344753027 2
      vertex -63.86976087093353 83.5 2
      vertex -65.63311662524939 82.92705098539591 2
    endloop
  endfacet
  facet normal 0 0 1
    outer loop
      vertex -65.63311662524939 82.92705098539591 2
      vertex -63.86976087093353 83.5 2
      vertex -65.36976087093353 83.09807620942593 2
    endloop
  endfacet
  facet normal 0 0 1
    outer loop
      vertex -65.36976087093353 83.09807620942593 2
      vertex -63.86976087093353 83.5 2
      vertex -65.08997079730034 83.2406363710761 2
    endloop
  endfacet
  facet normal 0 0 1
    outer loop
      vertex -65.08997079730034 83.2406363710761 2
      vertex -63.86976087093353 83.5 2
      vertex -64.79681185632944 83.35316954553127 2
    endloop
  endfacet
  facet normal 0 0 1
    outer loop
      vertex -64.79681185632944 83.35316954553127 2
      vertex -63.86976087093353 83.5 2
      vertex -64.49349594116211 83.43444280326366 2
    endloop
  endfacet
  facet normal 0 0 1
    outer loop
      vertex -64.49349594116211 83.43444280326366 2
      vertex -63.86976087093353 83.5 2
      vertex -64.18334626406431 83.48356568813324 2
    endloop
  endfacet
  facet normal 0.9996573251385336 -0.02617694208405647 0
    outer loop
      vertex -86 61.36976087093353 2
      vertex -85.99588860571384 61.52676872164011 2
      vertex -85.99588860571384 61.52676872164011 60
    endloop
  endfacet
  facet normal 0.9945218945377534 -0.10452847116952206 0
    outer loop
      vertex -85.99588860571384 61.52676872164011 2
      vertex -85.96306502074003 61.83906424790621 2
      vertex -85.96306502074003 61.83906424790621 60
    endloop
  endfacet
  facet normal 0.9781476048685016 -0.20791167136554337 0
    outer loop
      vertex -85.96306502074003 61.83906424790621 2
      vertex -85.89777748286724 62.14621799439192 2
      vertex -85.89777748286724 62.14621799439192 60
    endloop
  endfacet
  facet normal 0.9510565170221443 -0.3090169921374998 0
    outer loop
      vertex -85.89777748286724 62.14621799439192 2
      vertex -85.80074128508568 62.444864705204964 2
      vertex -85.80074128508568 62.444864705204964 60
    endloop
  endfacet
  facet normal 0.9135454592940316 -0.40673663936662624 0
    outer loop
      vertex -85.80074128508568 62.444864705204964 2
      vertex -85.67301958054304 62.73173235356808 2
      vertex -85.67301958054304 62.73173235356808 60
    endloop
  endfacet
  facet normal 0.8660254119224732 -0.4999999859045104 0
    outer loop
      vertex -85.67301958054304 62.73173235356808 2
      vertex -85.5160117149353 63.00367796421051 2
      vertex -85.5160117149353 63.00367796421051 60
    endloop
  endfacet
  facet normal 0.809016993965044 -0.5877852528566571 0
    outer loop
      vertex -85.5160117149353 63.00367796421051 2
      vertex -85.33143789321184 63.25772203505039 2
      vertex -85.33143789321184 63.25772203505039 60
    endloop
  endfacet
  facet normal 0.7431448177612163 -0.669130614928542 0
    outer loop
      vertex -85.33143789321184 63.25772203505039 2
      vertex -85.12132035195827 63.491081200540066 2
      vertex -85.12132035195827 63.491081200540066 60
    endloop
  endfacet
  facet normal 0.669130614928542 -0.7431448177612163 0
    outer loop
      vertex -85.12132035195827 63.491081200540066 2
      vertex -84.8879611864686 63.70119874179363 2
      vertex -84.8879611864686 63.70119874179363 60
    endloop
  endfacet
  facet normal 0.5877852528566571 -0.809016993965044 0
    outer loop
      vertex -84.8879611864686 63.70119874179363 2
      vertex -84.63391711562872 63.885772563517094 2
      vertex -84.63391711562872 63.885772563517094 60
    endloop
  endfacet
  facet normal 0.500000013973586 -0.8660253957167849 0
    outer loop
      vertex -84.63391711562872 63.885772563517094 2
      vertex -84.36197151243687 64.04278043657541 2
      vertex -84.36197151243687 64.04278043657541 60
    endloop
  endfacet
  facet normal 0.40673663936662624 -0.9135454592940316 0
    outer loop
      vertex -84.36197151243687 64.04278043657541 2
      vertex -84.07510386407375 64.17050214111805 2
      vertex -84.07510386407375 64.17050214111805 60
    endloop
  endfacet
  facet normal 0.3090170135985689 -0.95105651004902 0
    outer loop
      vertex -84.07510386407375 64.17050214111805 2
      vertex -83.77645715326071 64.2675383463502 2
      vertex -83.77645715326071 64.2675383463502 60
    endloop
  endfacet
  facet normal 0.20791169889194822 -0.9781475990175839 0
    outer loop
      vertex -83.77645715326071 64.2675383463502 2
      vertex -83.46930341422558 64.33282589167356 2
      vertex -83.46930341422558 64.33282589167356 60
    endloop
  endfacet
  facet normal 0.10452847116952206 -0.9945218945377534 0
    outer loop
      vertex -83.46930341422558 64.33282589167356 2
      vertex -83.15700788795948 64.36564947664738 2
      vertex -83.15700788795948 64.36564947664738 60
    endloop
  endfacet
  facet normal -0.3090169921374998 -0.9510565170221443 0
    outer loop
      vertex -81.92489616572857 64.17050215601921 2
      vertex -81.92489616572857 64.17050215601921 60
      vertex -82.22354287654161 64.26753835380077 2
    endloop
  endfacet
  facet normal -0.3583679643212113 -0.9335804208252607 0
    outer loop
      vertex -81.92489616572857 64.17050215601921 2
      vertex -81.78154395520687 64.11547439545393 2
      vertex -81.78154395520687 64.11547439545393 60
    endloop
  endfacet
  facet normal -0.30901697536629286 -0.9510565224714396 0
    outer loop
      vertex -81.78154395520687 64.11547439545393 2
      vertex -81.63232292979956 64.06698954850435 2
      vertex -81.63232292979956 64.06698954850435 60
    endloop
  endfacet
  facet normal 0 -1 0
    outer loop
      vertex -83.15700788795948 64.36564947664738 2
      vertex -82.84299214929342 64.36564947664738 2
      vertex -82.84299214929342 64.36564947664738 60
    endloop
  endfacet
  facet normal -0.10452847116952206 -0.9945218945377534 0
    outer loop
      vertex -82.84299214929342 64.36564947664738 2
      vertex -82.53069662302732 64.33282589167356 2
      vertex -82.53069662302732 64.33282589167356 60
    endloop
  endfacet
  facet normal -0.20791167136554337 -0.9781476048685016 0
    outer loop
      vertex -82.53069662302732 64.33282589167356 2
      vertex -82.22354287654161 64.26753835380077 2
      vertex -82.22354287654161 64.26753835380077 60
    endloop
  endfacet
  facet normal -0.2588190418222672 -0.9659258271680096 0
    outer loop
      vertex -81.63232292979956 64.06698954850435 2
      vertex -80.5708212479949 63.78256103396416 2
      vertex -80.5708212479949 63.78256103396416 60
    endloop
  endfacet
  facet normal -0.20791169973303814 -0.9781475988388045 0
    outer loop
      vertex -80.5708212479949 63.78256103396416 2
      vertex -80.41734971106052 63.749939650297165 2
      vertex -80.41734971106052 63.749939650297165 60
    endloop
  endfacet
  facet normal -0.15643446879228512 -0.9876883400008707 0
    outer loop
      vertex -80.41734971106052 63.749939650297165 2
      vertex -79.33193218708038 63.57802639901638 2
      vertex -79.33193218708038 63.57802639901638 60
    endloop
  endfacet
  facet normal -0.1045284566956052 -0.9945218960590235 0
    outer loop
      vertex -79.17589140683413 63.561625853180885 2
      vertex -79.17589140683413 63.561625853180885 60
      vertex -79.33193218708038 63.57802639901638 2
    endloop
  endfacet
  facet normal -0.05233595249243526 -0.9986295349511297 0
    outer loop
      vertex -79.17589140683413 63.561625853180885 2
      vertex -78.07845007628202 63.504111394286156 2
      vertex -78.07845007628202 63.504111394286156 60
    endloop
  endfacet
  facet normal 0 -1 0
    outer loop
      vertex -78.07845007628202 63.504111394286156 2
      vertex -77.92154992371798 63.504111394286156 2
      vertex -77.92154992371798 63.504111394286156 60
    endloop
  endfacet
  facet normal 0.0523359532298615 -0.9986295349124829 0
    outer loop
      vertex -77.92154992371798 63.504111394286156 2
      vertex -76.824108466506 63.561625860631466 2
      vertex -76.824108466506 63.561625860631466 60
    endloop
  endfacet
  facet normal 0.10452847376048861 -0.9945218942654319 0
    outer loop
      vertex -76.824108466506 63.561625860631466 2
      vertex -76.66806792467833 63.57802638411522 2
      vertex -76.66806792467833 63.57802638411522 60
    endloop
  endfacet
  facet normal 0.15643446525950055 -0.9876883405604088 0
    outer loop
      vertex -76.66806792467833 63.57802638411522 2
      vertex -75.5826502814889 63.749939650297165 2
      vertex -75.5826502814889 63.749939650297165 60
    endloop
  endfacet
  facet normal 0.20791169973303814 -0.9781475988388045 0
    outer loop
      vertex -75.5826502814889 63.749939650297165 2
      vertex -75.42917874455452 63.78256103396416 2
      vertex -75.42917874455452 63.78256103396416 60
    endloop
  endfacet
  facet normal 0.25881903888655244 -0.9659258279546319 0
    outer loop
      vertex -75.42917874455452 63.78256103396416 2
      vertex -74.36767707765102 64.06698954105377 2
      vertex -74.36767707765102 64.06698954105377 60
    endloop
  endfacet
  facet normal 0.30901699149037953 -0.9510565172324066 0
    outer loop
      vertex -74.36767707765102 64.06698954105377 2
      vertex -74.2184560149908 64.11547440290451 2
      vertex -74.2184560149908 64.11547440290451 60
    endloop
  endfacet
  facet normal 0.35836795142435096 -0.9335804257759017 0
    outer loop
      vertex -74.2184560149908 64.11547440290451 2
      vertex -73.1925001963973 64.50930194556713 2
      vertex -73.1925001963973 64.50930194556713 60
    endloop
  endfacet
  facet normal 0.4067366474539906 -0.913545455693305 0
    outer loop
      vertex -73.1925001963973 64.50930194556713 2
      vertex -73.04916489869356 64.57311893254519 2
      vertex -73.04916489869356 64.57311893254519 60
    endloop
  endfacet
  facet normal 0.45399049835820615 -0.891006524892196 0
    outer loop
      vertex -73.04916489869356 64.57311893254519 2
      vertex -72.06999537348747 65.07203072309494 2
      vertex -72.06999537348747 65.07203072309494 60
    endloop
  endfacet
  facet normal 0.4999999931753902 -0.866025407724629 0
    outer loop
      vertex -72.06999537348747 65.07203072309494 2
      vertex -71.93411602079868 65.15048070251942 2
      vertex -71.93411602079868 65.15048070251942 60
    endloop
  endfacet
  facet normal 0.5446390353737932 -0.8386705677124385 0
    outer loop
      vertex -71.93411602079868 65.15048070251942 2
      vertex -71.01246091723442 65.74901052564383 2
      vertex -71.01246091723442 65.74901052564383 60
    endloop
  endfacet
  facet normal 0.8386705679454243 0.5446390350150269 0
    outer loop
      vertex -81.68060796608387 73.375 57.8
      vertex -81.43832222609353 73.00191267775699 0
      vertex -81.68060796608387 73.375 0
    endloop
  endfacet
  facet normal 0.8910065241883779 0.453990499739527 0
    outer loop
      vertex -81.88256819498105 73.77136926692785 57.8
      vertex -81.68060796608387 73.375 0
      vertex -81.88256819498105 73.77136926692785 0
    endloop
  endfacet
  facet normal 0.9335804264972004 0.3583679495453039 0
    outer loop
      vertex -82.0419901942544 74.18667777390647 57.8
      vertex -81.88256819498105 73.77136926692785 0
      vertex -82.0419901942544 74.18667777390647 0
    endloop
  endfacet
  facet normal 0.9659258262890674 0.2588190451025243 0
    outer loop
      vertex -82.15712730311867 74.61637531402452 57.8
      vertex -82.0419901942544 74.18667777390647 0
      vertex -82.15712730311867 74.61637531402452 0
    endloop
  endfacet
  facet normal 0.9876883405951369 0.15643446504023623 0
    outer loop
      vertex -82.22671805531516 75.05575403111247 57.8
      vertex -82.15712730311867 74.61637531402452 0
      vertex -82.22671805531516 75.05575403111247 0
    endloop
  endfacet
  facet normal 0.9986295347545737 0.05233595624294645 0
    outer loop
      vertex -82.25 75.5 57.8
      vertex -82.22671805531516 75.05575403111247 0
      vertex -82.25 75.5 0
    endloop
  endfacet
  facet normal 0.9986295347545737 -0.05233595624294645 0
    outer loop
      vertex -82.22671805531516 75.94424596888753 57.8
      vertex -82.25 75.5 0
      vertex -82.22671805531516 75.94424596888753 0
    endloop
  endfacet
  facet normal 0.9876883405951369 -0.15643446504023623 0
    outer loop
      vertex -82.15712730311867 76.38362468597548 57.8
      vertex -82.22671805531516 75.94424596888753 0
      vertex -82.15712730311867 76.38362468597548 0
    endloop
  endfacet
  facet normal 0.629320391049847 0.7771459614569629 0
    outer loop
      vertex -80.84380507702515 72.34163449172108 57.8
      vertex -80.49808732224301 72.06167777390647 0
      vertex -80.84380507702515 72.34163449172108 0
    endloop
  endfacet
  facet normal 0.5446390350150269 0.8386705679454243 0
    outer loop
      vertex -80.49808732224301 72.06167777390647 57.8
      vertex -80.125 71.81939203391613 0
      vertex -80.49808732224301 72.06167777390647 0
    endloop
  endfacet
  facet normal 0.7771459614569629 0.629320391049847 0
    outer loop
      vertex -81.43832222609353 73.00191267775699 57.8
      vertex -81.15836550827892 72.65619492297485 0
      vertex -81.43832222609353 73.00191267775699 0
    endloop
  endfacet
  facet normal 0.7071067811865475 0.7071067811865475 0
    outer loop
      vertex -81.15836550827892 72.65619492297485 57.8
      vertex -80.84380507702515 72.34163449172108 0
      vertex -81.15836550827892 72.65619492297485 0
    endloop
  endfacet
  facet normal 0.453990499739527 0.8910065241883779 0
    outer loop
      vertex -80.125 71.81939203391613 57.8
      vertex -79.72863073307215 71.61743180501895 0
      vertex -80.125 71.81939203391613 0
    endloop
  endfacet
  facet normal 0.3583679495453039 0.9335804264972004 0
    outer loop
      vertex -79.72863073307215 71.61743180501895 57.8
      vertex -79.31332222609353 71.4580098057456 0
      vertex -79.72863073307215 71.61743180501895 0
    endloop
  endfacet
  facet normal 0.2588190451025243 0.9659258262890674 0
    outer loop
      vertex -79.31332222609353 71.4580098057456 57.8
      vertex -78.88362468597548 71.34287269688133 0
      vertex -79.31332222609353 71.4580098057456 0
    endloop
  endfacet
  facet normal -0.9986295344686825 0.05233596169807261 0
    outer loop
      vertex -90 81.5 2
      vertex -89.9671313688159 82.12717077881098 60
      vertex -89.9671313688159 82.12717077881098 2
    endloop
  endfacet
  facet normal -0.9876883421006546 0.15643445553477123 0
    outer loop
      vertex -89.9671313688159 82.12717077881098 2
      vertex -89.86888560652733 82.74747014790773 60
      vertex -89.86888560652733 82.74747014790773 2
    endloop
  endfacet
  facet normal -0.9659258251084867 0.25881904950851087 0
    outer loop
      vertex -89.86888560652733 82.74747014790773 2
      vertex -89.70633909851313 83.35410196334124 60
      vertex -89.70633909851313 83.35410196334124 2
    endloop
  endfacet
  facet normal -0.9335804250773435 0.3583679532441575 0
    outer loop
      vertex -89.70633909851313 83.35410196334124 2
      vertex -89.48127274215221 83.94041986018419 60
      vertex -89.48127274215221 83.94041986018419 2
    endloop
  endfacet
  facet normal -0.8910065283221495 0.4539904916265432 0
    outer loop
      vertex -89.48127274215221 83.94041986018419 2
      vertex -89.19615242630243 84.5 60
      vertex -89.19615242630243 84.5 2
    endloop
  endfacet
  facet normal -0.8386705643141267 0.5446390406067345 0
    outer loop
      vertex -89.19615242630243 84.5 2
      vertex -88.85410196334124 85.02671151608229 60
      vertex -88.85410196334124 85.02671151608229 2
    endloop
  endfacet
  facet normal -0.7771459589704364 0.6293203941204519 0
    outer loop
      vertex -88.85410196334124 85.02671151608229 2
      vertex -88.45886895060539 85.51478363573551 60
      vertex -88.45886895060539 85.51478363573551 2
    endloop
  endfacet
  facet normal -0.7071067811865476 0.7071067811865476 0
    outer loop
      vertex -88.45886895060539 85.51478363573551 2
      vertex -88.01478363573551 85.95886895060539 60
      vertex -88.01478363573551 85.95886895060539 2
    endloop
  endfacet
  facet normal -0.6293203941204519 0.7771459589704364 0
    outer loop
      vertex -88.01478363573551 85.95886895060539 2
      vertex -87.52671151608229 86.35410196334124 60
      vertex -87.52671151608229 86.35410196334124 2
    endloop
  endfacet
  facet normal -0.5446390406067345 0.8386705643141267 0
    outer loop
      vertex -87.52671151608229 86.35410196334124 2
      vertex -87 86.69615242630243 60
      vertex -87 86.69615242630243 2
    endloop
  endfacet
  facet normal -0.4539904916265432 0.8910065283221495 0
    outer loop
      vertex -87 86.69615242630243 2
      vertex -86.44041986018419 86.98127274215221 60
      vertex -86.44041986018419 86.98127274215221 2
    endloop
  endfacet
  facet normal -0.3583679532441575 0.9335804250773435 0
    outer loop
      vertex -86.44041986018419 86.98127274215221 2
      vertex -85.85410196334124 87.20633909851313 60
      vertex -85.85410196334124 87.20633909851313 2
    endloop
  endfacet
  facet normal -0.25881904950851087 0.9659258251084867 0
    outer loop
      vertex -85.85410196334124 87.20633909851313 2
      vertex -85.24747014790773 87.36888560652733 60
      vertex -85.24747014790773 87.36888560652733 2
    endloop
  endfacet
  facet normal -0.15643445553477123 0.9876883421006546 0
    outer loop
      vertex -85.24747014790773 87.36888560652733 2
      vertex -84.62717077881098 87.4671313688159 60
      vertex -84.62717077881098 87.4671313688159 2
    endloop
  endfacet
  facet normal 0.9659258262890674 -0.2588190451025243 0
    outer loop
      vertex -82.0419901942544 76.81332222609353 57.8
      vertex -82.15712730311867 76.38362468597548 0
      vertex -82.0419901942544 76.81332222609353 0
    endloop
  endfacet
  facet normal 0.9335804264972004 -0.3583679495453039 0
    outer loop
      vertex -81.88256819498105 77.22863073307215 57.8
      vertex -82.0419901942544 76.81332222609353 0
      vertex -81.88256819498105 77.22863073307215 0
    endloop
  endfacet
  facet normal 0.8910065241883779 -0.453990499739527 0
    outer loop
      vertex -81.68060796608387 77.625 57.8
      vertex -81.88256819498105 77.22863073307215 0
      vertex -81.68060796608387 77.625 0
    endloop
  endfacet
  facet normal 0.8386705679454243 -0.5446390350150269 0
    outer loop
      vertex -81.43832222609353 77.99808732224301 57.8
      vertex -81.68060796608387 77.625 0
      vertex -81.43832222609353 77.99808732224301 0
    endloop
  endfacet
  facet normal 0.7771459614569629 -0.629320391049847 0
    outer loop
      vertex -81.15836550827892 78.34380507702515 57.8
      vertex -81.43832222609353 77.99808732224301 0
      vertex -81.15836550827892 78.34380507702515 0
    endloop
  endfacet
  facet normal 0.7071067811865475 -0.7071067811865475 0
    outer loop
      vertex -80.84380507702515 78.65836550827892 57.8
      vertex -81.15836550827892 78.34380507702515 0
      vertex -80.84380507702515 78.65836550827892 0
    endloop
  endfacet
  facet normal 0.629320391049847 -0.7771459614569629 0
    outer loop
      vertex -80.49808732224301 78.93832222609353 57.8
      vertex -80.84380507702515 78.65836550827892 0
      vertex -80.49808732224301 78.93832222609353 0
    endloop
  endfacet
  facet normal 0.5446390350150269 -0.8386705679454243 0
    outer loop
      vertex -80.125 79.18060796608387 57.8
      vertex -80.49808732224301 78.93832222609353 0
      vertex -80.125 79.18060796608387 0
    endloop
  endfacet
  facet normal 0.453990499739527 -0.8910065241883779 0
    outer loop
      vertex -79.72863073307215 79.38256819498105 57.8
      vertex -80.125 79.18060796608387 0
      vertex -79.72863073307215 79.38256819498105 0
    endloop
  endfacet
  facet normal 0.3583679495453039 -0.9335804264972004 0
    outer loop
      vertex -79.31332222609353 79.5419901942544 57.8
      vertex -79.72863073307215 79.38256819498105 0
      vertex -79.31332222609353 79.5419901942544 0
    endloop
  endfacet
  facet normal 0.2588190451025243 -0.9659258262890674 0
    outer loop
      vertex -78.88362468597548 79.65712730311867 57.8
      vertex -79.31332222609353 79.5419901942544 0
      vertex -78.88362468597548 79.65712730311867 0
    endloop
  endfacet
  facet normal -0.05233596169807261 0.9986295344686825 0
    outer loop
      vertex -84.62717077881098 87.4671313688159 2
      vertex -84 87.5 60
      vertex -84 87.5 2
    endloop
  endfacet
  facet normal 0.15643446504023623 0.9876883405951369 0
    outer loop
      vertex -78.88362468597548 71.34287269688133 57.8
      vertex -78.44424596888753 71.27328194468484 0
      vertex -78.88362468597548 71.34287269688133 0
    endloop
  endfacet
  facet normal 0.05233595624294645 0.9986295347545737 0
    outer loop
      vertex -78.44424596888753 71.27328194468484 57.8
      vertex -78 71.25 0
      vertex -78.44424596888753 71.27328194468484 0
    endloop
  endfacet
  facet normal -0.05233595624294645 0.9986295347545737 0
    outer loop
      vertex -78 71.25 57.8
      vertex -77.55575403111247 71.27328194468484 0
      vertex -78 71.25 0
    endloop
  endfacet
  facet normal -0.15643446504023623 0.9876883405951369 0
    outer loop
      vertex -77.55575403111247 71.27328194468484 57.8
      vertex -77.11637531402452 71.34287269688133 0
      vertex -77.55575403111247 71.27328194468484 0
    endloop
  endfacet
  facet normal -0.2588190451025243 0.9659258262890674 0
    outer loop
      vertex -77.11637531402452 71.34287269688133 57.8
      vertex -76.68667777390647 71.4580098057456 0
      vertex -77.11637531402452 71.34287269688133 0
    endloop
  endfacet
  facet normal -0.3583679495453039 0.9335804264972004 0
    outer loop
      vertex -76.68667777390647 71.4580098057456 57.8
      vertex -76.27136926692785 71.61743180501895 0
      vertex -76.68667777390647 71.4580098057456 0
    endloop
  endfacet
  facet normal -0.453990499739527 0.8910065241883779 0
    outer loop
      vertex -76.27136926692785 71.61743180501895 57.8
      vertex -75.875 71.81939203391613 0
      vertex -76.27136926692785 71.61743180501895 0
    endloop
  endfacet
  facet normal -0.5446390350150269 0.8386705679454243 0
    outer loop
      vertex -75.875 71.81939203391613 57.8
      vertex -75.50191267775699 72.06167777390647 0
      vertex -75.875 71.81939203391613 0
    endloop
  endfacet
  facet normal -0.629320391049847 0.7771459614569629 0
    outer loop
      vertex -75.50191267775699 72.06167777390647 57.8
      vertex -75.15619492297485 72.34163449172108 0
      vertex -75.50191267775699 72.06167777390647 0
    endloop
  endfacet
  facet normal -0.7071067811865475 0.7071067811865475 0
    outer loop
      vertex -75.15619492297485 72.34163449172108 57.8
      vertex -74.84163449172108 72.65619492297485 0
      vertex -75.15619492297485 72.34163449172108 0
    endloop
  endfacet
  facet normal -0.7771459614569629 0.629320391049847 0
    outer loop
      vertex -74.84163449172108 72.65619492297485 57.8
      vertex -74.56167777390647 73.00191267775699 0
      vertex -74.84163449172108 72.65619492297485 0
    endloop
  endfacet
  facet normal -0.8386705679454243 0.5446390350150269 0
    outer loop
      vertex -74.56167777390647 73.00191267775699 57.8
      vertex -74.31939203391613 73.375 0
      vertex -74.56167777390647 73.00191267775699 0
    endloop
  endfacet
  facet normal -0.8910065241883779 0.453990499739527 0
    outer loop
      vertex -74.31939203391613 73.375 57.8
      vertex -74.11743180501895 73.77136926692785 0
      vertex -74.31939203391613 73.375 0
    endloop
  endfacet
  facet normal -0.9335804264972004 0.3583679495453039 0
    outer loop
      vertex -74.11743180501895 73.77136926692785 57.8
      vertex -73.9580098057456 74.18667777390647 0
      vertex -74.11743180501895 73.77136926692785 0
    endloop
  endfacet
  facet normal -0.9659258262890674 0.2588190451025243 0
    outer loop
      vertex -73.9580098057456 74.18667777390647 57.8
      vertex -73.84287269688133 74.61637531402452 0
      vertex -73.9580098057456 74.18667777390647 0
    endloop
  endfacet
  facet normal -0.9876883405951369 0.15643446504023623 0
    outer loop
      vertex -73.84287269688133 74.61637531402452 57.8
      vertex -73.77328194468484 75.05575403111247 0
      vertex -73.84287269688133 74.61637531402452 0
    endloop
  endfacet
  facet normal -0.9659258262890674 -0.2588190451025243 0
    outer loop
      vertex -73.84287269688133 76.38362468597548 57.8
      vertex -73.9580098057456 76.81332222609353 0
      vertex -73.84287269688133 76.38362468597548 0
    endloop
  endfacet
  facet normal -0.9986295347545737 0.05233595624294645 0
    outer loop
      vertex -73.77328194468484 75.05575403111247 57.8
      vertex -73.75 75.5 0
      vertex -73.77328194468484 75.05575403111247 0
    endloop
  endfacet
  facet normal -0.9986295347545737 -0.05233595624294645 0
    outer loop
      vertex -73.75 75.5 57.8
      vertex -73.77328194468484 75.94424596888753 0
      vertex -73.75 75.5 0
    endloop
  endfacet
  facet normal -0.9876883405951369 -0.15643446504023623 0
    outer loop
      vertex -73.77328194468484 75.94424596888753 57.8
      vertex -73.84287269688133 76.38362468597548 0
      vertex -73.77328194468484 75.94424596888753 0
    endloop
  endfacet
  facet normal 0.5877852764175114 -0.8090169768470806 0
    outer loop
      vertex -71.01246091723442 65.74901052564383 2
      vertex -70.88552622497082 65.8412339836359 2
      vertex -70.88552622497082 65.8412339836359 60
    endloop
  endfacet
  facet normal 0.6293203864697001 -0.777145965165893 0
    outer loop
      vertex -70.88552622497082 65.8412339836359 2
      vertex -70.03148353844881 66.53282410651445 2
      vertex -70.03148353844881 66.53282410651445 60
    endloop
  endfacet
  facet normal 0.6691306094706797 -0.7431448226754975 0
    outer loop
      vertex -70.03148353844881 66.53282410651445 2
      vertex -69.91488401591778 66.63781078904867 2
      vertex -69.91488401591778 66.63781078904867 60
    endloop
  endfacet
  facet normal 0.7071067811865476 -0.7071067811865476 0
    outer loop
      vertex -69.91488401591778 66.63781078904867 2
      vertex -69.13781078159809 67.41488402336836 2
      vertex -69.13781078159809 67.41488402336836 60
    endloop
  endfacet
  facet normal 0.7431448273790162 -0.6691306042468929 0
    outer loop
      vertex -69.13781078159809 67.41488402336836 2
      vertex -69.03282411396503 67.53148353099823 2
      vertex -69.03282411396503 67.53148353099823 60
    endloop
  endfacet
  facet normal 0.7771459645351759 -0.6293203872485708 0
    outer loop
      vertex -69.03282411396503 67.53148353099823 2
      vertex -68.3412339836359 68.38552622497082 2
      vertex -68.3412339836359 68.38552622497082 60
    endloop
  endfacet
  facet normal 0.8090169768470806 -0.5877852764175114 0
    outer loop
      vertex -68.3412339836359 68.38552622497082 2
      vertex -68.24901052564383 68.51246091723442 2
      vertex -68.24901052564383 68.51246091723442 60
    endloop
  endfacet
  facet normal 0.8386705677124385 -0.5446390353737932 0
    outer loop
      vertex -68.24901052564383 68.51246091723442 2
      vertex -67.65048070251942 69.43411602079868 2
      vertex -67.65048070251942 69.43411602079868 60
    endloop
  endfacet
  facet normal 0.866025407724629 -0.4999999931753902 0
    outer loop
      vertex -67.65048070251942 69.43411602079868 2
      vertex -67.57203072309494 69.56999537348747 2
      vertex -67.57203072309494 69.56999537348747 60
    endloop
  endfacet
  facet normal -0.453990499739527 -0.8910065241883779 0
    outer loop
      vertex -75.875 79.18060796608387 57.8
      vertex -76.27136926692785 79.38256819498105 0
      vertex -75.875 79.18060796608387 0
    endloop
  endfacet
  facet normal 0.15643446504023623 -0.9876883405951369 0
    outer loop
      vertex -78.44424596888753 79.72671805531516 57.8
      vertex -78.88362468597548 79.65712730311867 0
      vertex -78.44424596888753 79.72671805531516 0
    endloop
  endfacet
  facet normal 0.05233595624294645 -0.9986295347545737 0
    outer loop
      vertex -78 79.75 57.8
      vertex -78.44424596888753 79.72671805531516 0
      vertex -78 79.75 0
    endloop
  endfacet
  facet normal -0.05233595624294645 -0.9986295347545737 0
    outer loop
      vertex -77.55575403111247 79.72671805531516 57.8
      vertex -78 79.75 0
      vertex -77.55575403111247 79.72671805531516 0
    endloop
  endfacet
  facet normal -0.15643446504023623 -0.9876883405951369 0
    outer loop
      vertex -77.11637531402452 79.65712730311867 57.8
      vertex -77.55575403111247 79.72671805531516 0
      vertex -77.11637531402452 79.65712730311867 0
    endloop
  endfacet
  facet normal -0.2588190451025243 -0.9659258262890674 0
    outer loop
      vertex -76.68667777390647 79.5419901942544 57.8
      vertex -77.11637531402452 79.65712730311867 0
      vertex -76.68667777390647 79.5419901942544 0
    endloop
  endfacet
  facet normal -0.3583679495453039 -0.9335804264972004 0
    outer loop
      vertex -76.27136926692785 79.38256819498105 57.8
      vertex -76.68667777390647 79.5419901942544 0
      vertex -76.27136926692785 79.38256819498105 0
    endloop
  endfacet
  facet normal -0.5446390350150269 -0.8386705679454243 0
    outer loop
      vertex -75.50191267775699 78.93832222609353 57.8
      vertex -75.875 79.18060796608387 0
      vertex -75.50191267775699 78.93832222609353 0
    endloop
  endfacet
  facet normal -0.629320391049847 -0.7771459614569629 0
    outer loop
      vertex -75.15619492297485 78.65836550827892 57.8
      vertex -75.50191267775699 78.93832222609353 0
      vertex -75.15619492297485 78.65836550827892 0
    endloop
  endfacet
  facet normal -0.7071067811865475 -0.7071067811865475 0
    outer loop
      vertex -74.84163449172108 78.34380507702515 57.8
      vertex -75.15619492297485 78.65836550827892 0
      vertex -74.84163449172108 78.34380507702515 0
    endloop
  endfacet
  facet normal -0.7771459614569629 -0.629320391049847 0
    outer loop
      vertex -74.56167777390647 77.99808732224301 57.8
      vertex -74.84163449172108 78.34380507702515 0
      vertex -74.56167777390647 77.99808732224301 0
    endloop
  endfacet
  facet normal -0.9335804264972004 -0.3583679495453039 0
    outer loop
      vertex -73.9580098057456 76.81332222609353 57.8
      vertex -74.11743180501895 77.22863073307215 0
      vertex -73.9580098057456 76.81332222609353 0
    endloop
  endfacet
  facet normal -0.8910065241883779 -0.453990499739527 0
    outer loop
      vertex -74.11743180501895 77.22863073307215 57.8
      vertex -74.31939203391613 77.625 0
      vertex -74.11743180501895 77.22863073307215 0
    endloop
  endfacet
  facet normal -0.8386705679454243 -0.5446390350150269 0
    outer loop
      vertex -74.31939203391613 77.625 57.8
      vertex -74.56167777390647 77.99808732224301 0
      vertex -74.31939203391613 77.625 0
    endloop
  endfacet
  facet normal 0.891006524892196 -0.45399049835820615 0
    outer loop
      vertex -67.57203072309494 69.56999537348747 2
      vertex -67.07311893254519 70.54916489869356 2
      vertex -67.07311893254519 70.54916489869356 60
    endloop
  endfacet
  facet normal 0.9135454614917974 -0.4067366344303633 0
    outer loop
      vertex -67.07311893254519 70.54916489869356 2
      vertex -67.00930196791887 70.69250015169382 2
      vertex -67.00930196791887 70.69250015169382 60
    endloop
  endfacet
  facet normal 0.9335804257537463 -0.35836795148206757 0
    outer loop
      vertex -67.00930196791887 70.69250015169382 2
      vertex -66.61547438800335 71.71845606714487 2
      vertex -66.61547438800335 71.71845606714487 60
    endloop
  endfacet
  facet normal 0.9510565182891794 -0.309016988237967 0
    outer loop
      vertex -66.61547438800335 71.71845606714487 2
      vertex -66.56698954850435 71.86767706274986 2
      vertex -66.56698954850435 71.86767706274986 60
    endloop
  endfacet
  facet normal 0.9659258271680096 -0.2588190418222672 0
    outer loop
      vertex -66.56698954850435 71.86767706274986 2
      vertex -66.28256103396416 72.92917874455452 2
      vertex -66.28256103396416 72.92917874455452 60
    endloop
  endfacet
  facet normal 0.9781475988388045 -0.20791169973303814 0
    outer loop
      vertex -66.28256103396416 72.92917874455452 2
      vertex -66.24993965029716 73.0826502814889 2
      vertex -66.24993965029716 73.0826502814889 60
    endloop
  endfacet
  facet normal 0.9876883400008707 -0.15643446879228512 0
    outer loop
      vertex -66.24993965029716 73.0826502814889 2
      vertex -66.07802639901638 74.16806780546904 2
      vertex -66.07802639901638 74.16806780546904 60
    endloop
  endfacet
  facet normal 0.9945218960590235 -0.1045284566956052 0
    outer loop
      vertex -66.07802639901638 74.16806780546904 2
      vertex -66.06162585318089 74.3241085857153 2
      vertex -66.06162585318089 74.3241085857153 60
    endloop
  endfacet
  facet normal 0.9986295349511297 -0.05233595249243526 0
    outer loop
      vertex -66.06162585318089 74.3241085857153 2
      vertex -66.00411139428616 75.4215499162674 2
      vertex -66.00411139428616 75.4215499162674 60
    endloop
  endfacet
  facet normal 1 0 0
    outer loop
      vertex -66.00411139428616 75.4215499162674 2
      vertex -66.00411139428616 75.57845007628202 2
      vertex -66.00411139428616 75.57845007628202 60
    endloop
  endfacet
  facet normal 0.9986295348939128 0.052335953584199485 0
    outer loop
      vertex -66.00411139428616 75.57845007628202 2
      vertex -66.06162586063147 76.67589152604342 2
      vertex -66.06162586063147 76.67589152604342 60
    endloop
  endfacet
  facet normal 0.9876883405604088 0.15643446525950055 0
    outer loop
      vertex -66.24993965029716 77.91734971106052 2
      vertex -66.24993965029716 77.91734971106052 60
      vertex -66.07802638411522 76.8319320678711 2
    endloop
  endfacet
  facet normal 0.9781475988388045 0.20791169973303814 0
    outer loop
      vertex -66.24993965029716 77.91734971106052 2
      vertex -66.28256103396416 78.0708212479949 2
      vertex -66.28256103396416 78.0708212479949 60
    endloop
  endfacet
  facet normal 0.9659258279546319 0.25881903888655244 0
    outer loop
      vertex -66.28256103396416 78.0708212479949 2
      vertex -66.56698954105377 79.1323229148984 2
      vertex -66.56698954105377 79.1323229148984 60
    endloop
  endfacet
  facet normal 0.9510565078111152 0.3090170204861316 0
    outer loop
      vertex -66.56698954105377 79.1323229148984 2
      vertex -66.61547441035509 79.2815439850092 2
      vertex -66.61547441035509 79.2815439850092 60
    endloop
  endfacet
  facet normal 0.9945218942654319 0.10452847376048861 0
    outer loop
      vertex -66.06162586063147 76.67589152604342 2
      vertex -66.07802638411522 76.8319320678711 2
      vertex -66.07802638411522 76.8319320678711 60
    endloop
  endfacet
  facet normal 0.987688339687025 0.15643447077382908 0
    outer loop
      vertex -66.8042036741972 79.87626492977142 2
      vertex -66.85332655906677 80.18641460686922 2
      vertex -66.85332655906677 80.18641460686922 60
    endloop
  endfacet
  facet normal 0.998629535121208 0.052335949247149044 0
    outer loop
      vertex -66.85332655906677 80.18641460686922 2
      vertex -66.86976087093353 80.5 2
      vertex -66.86976087093353 80.5 60
    endloop
  endfacet
  facet normal 0.933580430827447 0.3583679382646259 0
    outer loop
      vertex -66.61547441035509 79.2815439850092 2
      vertex -66.67050216346979 79.42489618808031 2
      vertex -66.67050216346979 79.42489618808031 60
    endloop
  endfacet
  facet normal 0.9426414962864854 0.33380684456549964 0
    outer loop
      vertex -66.67050216346979 79.42489618808031 2
      vertex -66.7229304164648 79.57294901460409 2
      vertex -66.7229304164648 79.57294901460409 60
    endloop
  endfacet
  facet normal 0.9659258237320325 0.25881905464550803 0
    outer loop
      vertex -66.8042036741972 79.87626492977142 2
      vertex -66.8042036741972 79.87626492977142 60
      vertex -66.7229304164648 79.57294901460409 2
    endloop
  endfacet
  facet normal 0.998629535121208 -0.052335949247149044 0
    outer loop
      vertex -66.86976087093353 80.5 2
      vertex -66.85332655906677 80.81358539313078 2
      vertex -66.85332655906677 80.81358539313078 60
    endloop
  endfacet
  facet normal 0.987688339687025 -0.15643447077382908 0
    outer loop
      vertex -66.85332655906677 80.81358539313078 2
      vertex -66.8042036741972 81.12373507022858 2
      vertex -66.8042036741972 81.12373507022858 60
    endloop
  endfacet
  facet normal 0.9659258237320325 -0.25881905464550803 0
    outer loop
      vertex -66.8042036741972 81.12373507022858 2
      vertex -66.7229304164648 81.42705098539591 2
      vertex -66.7229304164648 81.42705098539591 60
    endloop
  endfacet
  facet normal 0.9335804259992488 -0.358367950842512 0
    outer loop
      vertex -66.7229304164648 81.42705098539591 2
      vertex -66.61039724200964 81.7202099263668 2
      vertex -66.61039724200964 81.7202099263668 60
    endloop
  endfacet
  facet normal 0.8910065259684402 -0.45399049624595805 0
    outer loop
      vertex -66.61039724200964 81.7202099263668 2
      vertex -66.46783708035946 82 2
      vertex -66.46783708035946 82 60
    endloop
  endfacet
  facet normal 0.8386705716328138 -0.5446390293369446 0
    outer loop
      vertex -66.46783708035946 82 2
      vertex -66.29681185632944 82.26335575431585 2
      vertex -66.29681185632944 82.26335575431585 60
    endloop
  endfacet
  facet normal 0.7771459578667895 -0.629320395483342 0
    outer loop
      vertex -66.29681185632944 82.26335575431585 2
      vertex -66.09919534623623 82.50739181786776 2
      vertex -66.09919534623623 82.50739181786776 60
    endloop
  endfacet
  facet normal 0.7071067811865476 -0.7071067811865476 0
    outer loop
      vertex -66.09919534623623 82.50739181786776 2
      vertex -65.87715268880129 82.7294344753027 2
      vertex -65.87715268880129 82.7294344753027 60
    endloop
  endfacet
  facet normal 0.629320395483342 -0.7771459578667895 0
    outer loop
      vertex -65.87715268880129 82.7294344753027 2
      vertex -65.63311662524939 82.92705098539591 2
      vertex -65.63311662524939 82.92705098539591 60
    endloop
  endfacet
  facet normal 0.5446390293369446 -0.8386705716328138 0
    outer loop
      vertex -65.63311662524939 82.92705098539591 2
      vertex -65.36976087093353 83.09807620942593 2
      vertex -65.36976087093353 83.09807620942593 60
    endloop
  endfacet
  facet normal 0.45399049624595805 -0.8910065259684402 0
    outer loop
      vertex -65.36976087093353 83.09807620942593 2
      vertex -65.08997079730034 83.2406363710761 2
      vertex -65.08997079730034 83.2406363710761 60
    endloop
  endfacet
  facet normal 0.358367950842512 -0.9335804259992488 0
    outer loop
      vertex -65.08997079730034 83.2406363710761 2
      vertex -64.79681185632944 83.35316954553127 2
      vertex -64.79681185632944 83.35316954553127 60
    endloop
  endfacet
  facet normal 0.25881905464550803 -0.9659258237320325 0
    outer loop
      vertex -64.79681185632944 83.35316954553127 2
      vertex -64.49349594116211 83.43444280326366 2
      vertex -64.49349594116211 83.43444280326366 60
    endloop
  endfacet
  facet normal 0.15643447077382908 -0.987688339687025 0
    outer loop
      vertex -64.49349594116211 83.43444280326366 2
      vertex -64.18334626406431 83.48356568813324 2
      vertex -64.18334626406431 83.48356568813324 60
    endloop
  endfacet
  facet normal 0.052335949247149044 -0.998629535121208 0
    outer loop
      vertex -64.18334626406431 83.48356568813324 2
      vertex -63.86976087093353 83.5 2
      vertex -63.86976087093353 83.5 60
    endloop
  endfacet
  facet normal 0 0 -1
    outer loop
      vertex -78.88362468597548 -71.34287269688133 0
      vertex -77.55575403111247 71.27328194468484 0
      vertex 74.31939203391613 73.375 0
    endloop
  endfacet
  facet normal 0 0 1
    outer loop
      vertex -75.5826502814889 -63.749939650297165 2
      vertex 66.07802638411522 74.16806792467833 2
      vertex -67.65048070251942 69.43411602079868 2
    endloop
  endfacet
  facet normal 0 0 -1
    outer loop
      vertex -77.11637531402452 71.34287269688133 0
      vertex 74.31939203391613 73.375 0
      vertex -77.55575403111247 71.27328194468484 0
    endloop
  endfacet
  facet normal 0 0 -1
    outer loop
      vertex -76.68667777390647 71.4580098057456 0
      vertex 74.31939203391613 73.375 0
      vertex -77.11637531402452 71.34287269688133 0
    endloop
  endfacet
  facet normal 0 0 -1
    outer loop
      vertex -76.27136926692785 71.61743180501895 0
      vertex 74.31939203391613 73.375 0
      vertex -76.68667777390647 71.4580098057456 0
    endloop
  endfacet
  facet normal 0 0 -1
    outer loop
      vertex -75.875 71.81939203391613 0
      vertex 74.31939203391613 73.375 0
      vertex -76.27136926692785 71.61743180501895 0
    endloop
  endfacet
  facet normal 0 0 -1
    outer loop
      vertex -75.50191267775699 72.06167777390647 0
      vertex 74.31939203391613 73.375 0
      vertex -75.875 71.81939203391613 0
    endloop
  endfacet
  facet normal 0 0 -1
    outer loop
      vertex -75.15619492297485 72.34163449172108 0
      vertex 74.31939203391613 73.375 0
      vertex -75.50191267775699 72.06167777390647 0
    endloop
  endfacet
  facet normal 0 0 -1
    outer loop
      vertex -74.84163449172108 72.65619492297485 0
      vertex 74.31939203391613 73.375 0
      vertex -75.15619492297485 72.34163449172108 0
    endloop
  endfacet
  facet normal 0 0 -1
    outer loop
      vertex -74.56167777390647 73.00191267775699 0
      vertex 74.31939203391613 73.375 0
      vertex -74.84163449172108 72.65619492297485 0
    endloop
  endfacet
  facet normal 0 0 -1
    outer loop
      vertex -74.31939203391613 73.375 0
      vertex 74.31939203391613 73.375 0
      vertex -74.56167777390647 73.00191267775699 0
    endloop
  endfacet
  facet normal 0 0 -1
    outer loop
      vertex -74.11743180501895 73.77136926692785 0
      vertex 74.31939203391613 73.375 0
      vertex -74.31939203391613 73.375 0
    endloop
  endfacet
  facet normal 0 0 -1
    outer loop
      vertex -73.9580098057456 74.18667777390647 0
      vertex 74.11743180501895 73.77136926692785 0
      vertex -74.11743180501895 73.77136926692785 0
    endloop
  endfacet
  facet normal 0 0 -1
    outer loop
      vertex -73.84287269688133 74.61637531402452 0
      vertex 73.9580098057456 74.18667777390647 0
      vertex -73.9580098057456 74.18667777390647 0
    endloop
  endfacet
  facet normal 0 0 -1
    outer loop
      vertex -73.77328194468484 75.05575403111247 0
      vertex 73.84287269688133 74.61637531402452 0
      vertex -73.84287269688133 74.61637531402452 0
    endloop
  endfacet
  facet normal 0 0 -1
    outer loop
      vertex -73.84287269688133 76.38362468597548 0
      vertex 73.77328194468484 75.94424596888753 0
      vertex -73.77328194468484 75.94424596888753 0
    endloop
  endfacet
  facet normal 0 0 -1
    outer loop
      vertex -73.9580098057456 76.81332222609353 0
      vertex 73.84287269688133 76.38362468597548 0
      vertex -73.84287269688133 76.38362468597548 0
    endloop
  endfacet
  facet normal 0 0 -1
    outer loop
      vertex -73.75 75.5 0
      vertex 73.77328194468484 75.05575403111247 0
      vertex -73.77328194468484 75.05575403111247 0
    endloop
  endfacet
  facet normal 0 0 -1
    outer loop
      vertex -73.77328194468484 75.94424596888753 0
      vertex 73.75 75.5 0
      vertex -73.75 75.5 0
    endloop
  endfacet
  facet normal 0 0 1
    outer loop
      vertex -67.65048070251942 69.43411602079868 2
      vertex 65.99108120054007 82.62132035195827 2
      vertex -67.57203072309494 69.56999537348747 2
    endloop
  endfacet
  facet normal 0 0 1
    outer loop
      vertex -67.57203072309494 69.56999537348747 2
      vertex 65.99108120054007 82.62132035195827 2
      vertex -67.07311893254519 70.54916489869356 2
    endloop
  endfacet
  facet normal 0 0 1
    outer loop
      vertex -67.07311893254519 70.54916489869356 2
      vertex 65.99108120054007 82.62132035195827 2
      vertex -67.00930196791887 70.69250015169382 2
    endloop
  endfacet
  facet normal 0 0 1
    outer loop
      vertex -67.00930196791887 70.69250015169382 2
      vertex 65.99108120054007 82.62132035195827 2
      vertex -66.61547438800335 71.71845606714487 2
    endloop
  endfacet
  facet normal 0 0 -1
    outer loop
      vertex -90 81.5 0
      vertex 76.68667777390647 79.5419901942544 0
      vertex -78 79.75 0
    endloop
  endfacet
  facet normal 0 0 -1
    outer loop
      vertex -90 81.5 0
      vertex -89.9671313688159 82.12717077881098 0
      vertex 89.70633909851313 83.35410196334124 0
    endloop
  endfacet
  facet normal 0 0 -1
    outer loop
      vertex -89.9671313688159 82.12717077881098 0
      vertex -89.86888560652733 82.74747014790773 0
      vertex 89.48127274215221 83.94041986018419 0
    endloop
  endfacet
  facet normal 0 0 -1
    outer loop
      vertex -89.86888560652733 82.74747014790773 0
      vertex -89.70633909851313 83.35410196334124 0
      vertex 89.19615242630243 84.5 0
    endloop
  endfacet
  facet normal 0 0 -1
    outer loop
      vertex -89.70633909851313 83.35410196334124 0
      vertex -89.48127274215221 83.94041986018419 0
      vertex 88.85410196334124 85.02671151608229 0
    endloop
  endfacet
  facet normal 0 0 -1
    outer loop
      vertex -89.48127274215221 83.94041986018419 0
      vertex -89.19615242630243 84.5 0
      vertex 88.45886895060539 85.51478363573551 0
    endloop
  endfacet
  facet normal 0 0 -1
    outer loop
      vertex -89.19615242630243 84.5 0
      vertex -88.85410196334124 85.02671151608229 0
      vertex 88.01478363573551 85.95886895060539 0
    endloop
  endfacet
  facet normal 0 0 -1
    outer loop
      vertex -88.85410196334124 85.02671151608229 0
      vertex -88.45886895060539 85.51478363573551 0
      vertex 87.52671151608229 86.35410196334124 0
    endloop
  endfacet
  facet normal 0 0 -1
    outer loop
      vertex -88.45886895060539 85.51478363573551 0
      vertex -88.01478363573551 85.95886895060539 0
      vertex 87 86.69615242630243 0
    endloop
  endfacet
  facet normal 0 0 -1
    outer loop
      vertex -88.01478363573551 85.95886895060539 0
      vertex -87.52671151608229 86.35410196334124 0
      vertex 86.44041986018419 86.98127274215221 0
    endloop
  endfacet
  facet normal 0 0 -1
    outer loop
      vertex -87.52671151608229 86.35410196334124 0
      vertex -87 86.69615242630243 0
      vertex 85.85410196334124 87.20633909851313 0
    endloop
  endfacet
  facet normal 0 0 -1
    outer loop
      vertex -87 86.69615242630243 0
      vertex -86.44041986018419 86.98127274215221 0
      vertex 85.24747014790773 87.36888560652733 0
    endloop
  endfacet
  facet normal 0 0 -1
    outer loop
      vertex -86.44041986018419 86.98127274215221 0
      vertex -85.85410196334124 87.20633909851313 0
      vertex 84.62717077881098 87.4671313688159 0
    endloop
  endfacet
  facet normal 0 0 -1
    outer loop
      vertex -85.85410196334124 87.20633909851313 0
      vertex -85.24747014790773 87.36888560652733 0
      vertex 84 87.5 0
    endloop
  endfacet
  facet normal 0 0 -1
    outer loop
      vertex -85.24747014790773 87.36888560652733 0
      vertex -84 87.5 0
      vertex 84 87.5 0
    endloop
  endfacet
  facet normal 0 0 -1
    outer loop
      vertex -76.27136926692785 79.38256819498105 0
      vertex 75.875 79.18060796608387 0
      vertex -75.875 79.18060796608387 0
    endloop
  endfacet
  facet normal 0 0 -1
    outer loop
      vertex -78 79.75 0
      vertex 76.68667777390647 79.5419901942544 0
      vertex -77.55575403111247 79.72671805531516 0
    endloop
  endfacet
  facet normal 0 0 -1
    outer loop
      vertex -77.11637531402452 79.65712730311867 0
      vertex 76.68667777390647 79.5419901942544 0
      vertex -76.68667777390647 79.5419901942544 0
    endloop
  endfacet
  facet normal 0 0 -1
    outer loop
      vertex -77.55575403111247 79.72671805531516 0
      vertex 76.68667777390647 79.5419901942544 0
      vertex -77.11637531402452 79.65712730311867 0
    endloop
  endfacet
  facet normal 0 0 -1
    outer loop
      vertex -76.68667777390647 79.5419901942544 0
      vertex 76.27136926692785 79.38256819498105 0
      vertex -76.27136926692785 79.38256819498105 0
    endloop
  endfacet
  facet normal 0 0 -1
    outer loop
      vertex -74.11743180501895 77.22863073307215 0
      vertex 73.9580098057456 76.81332222609353 0
      vertex -73.9580098057456 76.81332222609353 0
    endloop
  endfacet
  facet normal 0 0 -1
    outer loop
      vertex -74.31939203391613 77.625 0
      vertex 74.11743180501895 77.22863073307215 0
      vertex -74.11743180501895 77.22863073307215 0
    endloop
  endfacet
  facet normal 0 0 -1
    outer loop
      vertex -74.56167777390647 77.99808732224301 0
      vertex 74.31939203391613 77.625 0
      vertex -74.31939203391613 77.625 0
    endloop
  endfacet
  facet normal 0 0 -1
    outer loop
      vertex -75.15619492297485 78.65836550827892 0
      vertex 74.84163449172108 78.34380507702515 0
      vertex -74.84163449172108 78.34380507702515 0
    endloop
  endfacet
  facet normal 0 0 -1
    outer loop
      vertex -74.84163449172108 78.34380507702515 0
      vertex 74.56167777390647 77.99808732224301 0
      vertex -74.56167777390647 77.99808732224301 0
    endloop
  endfacet
  facet normal 0 0 -1
    outer loop
      vertex -75.50191267775699 78.93832222609353 0
      vertex 75.15619492297485 78.65836550827892 0
      vertex -75.15619492297485 78.65836550827892 0
    endloop
  endfacet
  facet normal 0 0 -1
    outer loop
      vertex -75.875 79.18060796608387 0
      vertex 75.50191267775699 78.93832222609353 0
      vertex -75.50191267775699 78.93832222609353 0
    endloop
  endfacet
  facet normal 0 0 1
    outer loop
      vertex -66.8042036741972 79.87626492977142 2
      vertex -66.7229304164648 79.57294901460409 2
      vertex 65.99108120054007 82.62132035195827 2
    endloop
  endfacet
  facet normal 0 0 1
    outer loop
      vertex -66.8042036741972 79.87626492977142 2
      vertex 65.99108120054007 82.62132035195827 2
      vertex -66.85332655906677 80.18641460686922 2
    endloop
  endfacet
  facet normal 0 0 1
    outer loop
      vertex -66.85332655906677 80.18641460686922 2
      vertex 65.99108120054007 82.62132035195827 2
      vertex -66.86976087093353 80.5 2
    endloop
  endfacet
  facet normal 0 0 1
    outer loop
      vertex -66.86976087093353 80.5 2
      vertex 65.99108120054007 82.62132035195827 2
      vertex -66.85332655906677 80.81358539313078 2
    endloop
  endfacet
  facet normal 0 0 1
    outer loop
      vertex -66.85332655906677 80.81358539313078 2
      vertex 65.99108120054007 82.62132035195827 2
      vertex -66.8042036741972 81.12373507022858 2
    endloop
  endfacet
  facet normal 0 0 1
    outer loop
      vertex -66.8042036741972 81.12373507022858 2
      vertex 65.99108120054007 82.62132035195827 2
      vertex -66.7229304164648 81.42705098539591 2
    endloop
  endfacet
  facet normal 0 1 0
    outer loop
      vertex -84 87.5 0
      vertex -84 87.5 2
      vertex 84 87.5 2
    endloop
  endfacet
  facet normal 0 0 1
    outer loop
      vertex -66.7229304164648 81.42705098539591 2
      vertex 65.23173235356808 83.17301958054304 2
      vertex -66.61039724200964 81.7202099263668 2
    endloop
  endfacet
  facet normal 0 0 1
    outer loop
      vertex -66.61039724200964 81.7202099263668 2
      vertex 65.23173235356808 83.17301958054304 2
      vertex -66.46783708035946 82 2
    endloop
  endfacet
  facet normal 0 0 1
    outer loop
      vertex -66.46783708035946 82 2
      vertex 65.23173235356808 83.17301958054304 2
      vertex -66.29681185632944 82.26335575431585 2
    endloop
  endfacet
  facet normal 0 0 1
    outer loop
      vertex -66.61547438800335 71.71845606714487 2
      vertex 65.99108120054007 82.62132035195827 2
      vertex -66.56698954850435 71.86767706274986 2
    endloop
  endfacet
  facet normal 0 0 1
    outer loop
      vertex -66.56698954850435 71.86767706274986 2
      vertex 65.99108120054007 82.62132035195827 2
      vertex -66.28256103396416 72.92917874455452 2
    endloop
  endfacet
  facet normal 0 0 1
    outer loop
      vertex -66.28256103396416 72.92917874455452 2
      vertex 65.99108120054007 82.62132035195827 2
      vertex -66.24993965029716 73.0826502814889 2
    endloop
  endfacet
  facet normal 0 0 1
    outer loop
      vertex -66.24993965029716 73.0826502814889 2
      vertex 65.99108120054007 82.62132035195827 2
      vertex -66.07802639901638 74.16806780546904 2
    endloop
  endfacet
  facet normal 0 0 1
    outer loop
      vertex -66.07802639901638 74.16806780546904 2
      vertex 65.99108120054007 82.62132035195827 2
      vertex -66.06162585318089 74.3241085857153 2
    endloop
  endfacet
  facet normal 0 0 1
    outer loop
      vertex -66.06162585318089 74.3241085857153 2
      vertex 65.99108120054007 82.62132035195827 2
      vertex -66.00411139428616 75.4215499162674 2
    endloop
  endfacet
  facet normal 0 0 1
    outer loop
      vertex -66.00411139428616 75.4215499162674 2
      vertex 65.99108120054007 82.62132035195827 2
      vertex -66.00411139428616 75.57845007628202 2
    endloop
  endfacet
  facet normal 0 0 1
    outer loop
      vertex -66.00411139428616 75.57845007628202 2
      vertex 65.99108120054007 82.62132035195827 2
      vertex -66.06162586063147 76.67589152604342 2
    endloop
  endfacet
  facet normal 0 0 1
    outer loop
      vertex -66.06162586063147 76.67589152604342 2
      vertex 65.99108120054007 82.62132035195827 2
      vertex -66.07802638411522 76.8319320678711 2
    endloop
  endfacet
  facet normal 0 0 1
    outer loop
      vertex -66.24993965029716 77.91734971106052 2
      vertex -66.07802638411522 76.8319320678711 2
      vertex 65.99108120054007 82.62132035195827 2
    endloop
  endfacet
  facet normal 0 0 1
    outer loop
      vertex -66.24993965029716 77.91734971106052 2
      vertex 65.99108120054007 82.62132035195827 2
      vertex -66.28256103396416 78.0708212479949 2
    endloop
  endfacet
  facet normal 0 0 1
    outer loop
      vertex -66.28256103396416 78.0708212479949 2
      vertex 65.99108120054007 82.62132035195827 2
      vertex -66.56698954105377 79.1323229148984 2
    endloop
  endfacet
  facet normal 0 0 1
    outer loop
      vertex -66.61547441035509 79.2815439850092 2
      vertex 65.99108120054007 82.62132035195827 2
      vertex -66.67050216346979 79.42489618808031 2
    endloop
  endfacet
  facet normal 0 0 1
    outer loop
      vertex -66.56698954105377 79.1323229148984 2
      vertex 65.99108120054007 82.62132035195827 2
      vertex -66.61547441035509 79.2815439850092 2
    endloop
  endfacet
  facet normal 0 0 1
    outer loop
      vertex -66.67050216346979 79.42489618808031 2
      vertex 65.99108120054007 82.62132035195827 2
      vertex -66.7229304164648 79.57294901460409 2
    endloop
  endfacet
  facet normal 0 0 1
    outer loop
      vertex -66.29681185632944 82.26335575431585 2
      vertex 63.86976087093353 83.5 2
      vertex -63.86976087093353 83.5 2
    endloop
  endfacet
  facet normal 0 0 1
    outer loop
      vertex -90 -81.5 60
      vertex -86 61.36976087093353 60
      vertex -85.99588860571384 61.52676872164011 60
    endloop
  endfacet
  facet normal 0 0 1
    outer loop
      vertex -90 -81.5 60
      vertex -85.99588860571384 61.52676872164011 60
      vertex -90 81.5 60
    endloop
  endfacet
  facet normal 0.9996573251385336 -0.02617694208405647 0
    outer loop
      vertex -86 61.36976087093353 2
      vertex -85.99588860571384 61.52676872164011 60
      vertex -86 61.36976087093353 60
    endloop
  endfacet
  facet normal 0.9945218945377534 -0.10452847116952206 0
    outer loop
      vertex -85.99588860571384 61.52676872164011 2
      vertex -85.96306502074003 61.83906424790621 60
      vertex -85.99588860571384 61.52676872164011 60
    endloop
  endfacet
  facet normal 0.9781476048685016 -0.20791167136554337 0
    outer loop
      vertex -85.96306502074003 61.83906424790621 2
      vertex -85.89777748286724 62.14621799439192 60
      vertex -85.96306502074003 61.83906424790621 60
    endloop
  endfacet
  facet normal 0.9510565170221443 -0.3090169921374998 0
    outer loop
      vertex -85.89777748286724 62.14621799439192 2
      vertex -85.80074128508568 62.444864705204964 60
      vertex -85.89777748286724 62.14621799439192 60
    endloop
  endfacet
  facet normal 0.9135454592940316 -0.40673663936662624 0
    outer loop
      vertex -85.80074128508568 62.444864705204964 2
      vertex -85.67301958054304 62.73173235356808 60
      vertex -85.80074128508568 62.444864705204964 60
    endloop
  endfacet
  facet normal 0.8660254119224732 -0.4999999859045104 0
    outer loop
      vertex -85.67301958054304 62.73173235356808 2
      vertex -85.5160117149353 63.00367796421051 60
      vertex -85.67301958054304 62.73173235356808 60
    endloop
  endfacet
  facet normal 0.809016993965044 -0.5877852528566571 0
    outer loop
      vertex -85.5160117149353 63.00367796421051 2
      vertex -85.33143789321184 63.25772203505039 60
      vertex -85.5160117149353 63.00367796421051 60
    endloop
  endfacet
  facet normal 0.7431448177612163 -0.669130614928542 0
    outer loop
      vertex -85.33143789321184 63.25772203505039 2
      vertex -85.12132035195827 63.491081200540066 60
      vertex -85.33143789321184 63.25772203505039 60
    endloop
  endfacet
  facet normal 0.669130614928542 -0.7431448177612163 0
    outer loop
      vertex -85.12132035195827 63.491081200540066 2
      vertex -84.8879611864686 63.70119874179363 60
      vertex -85.12132035195827 63.491081200540066 60
    endloop
  endfacet
  facet normal 0.5877852528566571 -0.809016993965044 0
    outer loop
      vertex -84.8879611864686 63.70119874179363 2
      vertex -84.63391711562872 63.885772563517094 60
      vertex -84.8879611864686 63.70119874179363 60
    endloop
  endfacet
  facet normal 0.500000013973586 -0.8660253957167849 0
    outer loop
      vertex -84.63391711562872 63.885772563517094 2
      vertex -84.36197151243687 64.04278043657541 60
      vertex -84.63391711562872 63.885772563517094 60
    endloop
  endfacet
  facet normal 0.40673663936662624 -0.9135454592940316 0
    outer loop
      vertex -84.36197151243687 64.04278043657541 2
      vertex -84.07510386407375 64.17050214111805 60
      vertex -84.36197151243687 64.04278043657541 60
    endloop
  endfacet
  facet normal 0.3090170135985689 -0.95105651004902 0
    outer loop
      vertex -84.07510386407375 64.17050214111805 2
      vertex -83.77645715326071 64.2675383463502 60
      vertex -84.07510386407375 64.17050214111805 60
    endloop
  endfacet
  facet normal 0.20791169889194822 -0.9781475990175839 0
    outer loop
      vertex -83.77645715326071 64.2675383463502 2
      vertex -83.46930341422558 64.33282589167356 60
      vertex -83.77645715326071 64.2675383463502 60
    endloop
  endfacet
  facet normal 0.10452847116952206 -0.9945218945377534 0
    outer loop
      vertex -83.46930341422558 64.33282589167356 2
      vertex -83.15700788795948 64.36564947664738 60
      vertex -83.46930341422558 64.33282589167356 60
    endloop
  endfacet
  facet normal 0 -1 0
    outer loop
      vertex -83.15700788795948 64.36564947664738 2
      vertex -82.84299214929342 64.36564947664738 60
      vertex -83.15700788795948 64.36564947664738 60
    endloop
  endfacet
  facet normal -0.3090169921374998 -0.9510565170221443 0
    outer loop
      vertex -82.22354287654161 64.26753835380077 2
      vertex -81.92489616572857 64.17050215601921 60
      vertex -82.22354287654161 64.26753835380077 60
    endloop
  endfacet
  facet normal -0.3583679643212113 -0.9335804208252607 0
    outer loop
      vertex -81.92489616572857 64.17050215601921 2
      vertex -81.78154395520687 64.11547439545393 60
      vertex -81.92489616572857 64.17050215601921 60
    endloop
  endfacet
  facet normal -0.30901697536629286 -0.9510565224714396 0
    outer loop
      vertex -81.78154395520687 64.11547439545393 2
      vertex -81.63232292979956 64.06698954850435 60
      vertex -81.78154395520687 64.11547439545393 60
    endloop
  endfacet
  facet normal -0.10452847116952206 -0.9945218945377534 0
    outer loop
      vertex -82.84299214929342 64.36564947664738 2
      vertex -82.53069662302732 64.33282589167356 60
      vertex -82.84299214929342 64.36564947664738 60
    endloop
  endfacet
  facet normal -0.20791167136554337 -0.9781476048685016 0
    outer loop
      vertex -82.53069662302732 64.33282589167356 2
      vertex -82.22354287654161 64.26753835380077 60
      vertex -82.53069662302732 64.33282589167356 60
    endloop
  endfacet
  facet normal -0.2588190418222672 -0.9659258271680096 0
    outer loop
      vertex -81.63232292979956 64.06698954850435 2
      vertex -80.5708212479949 63.78256103396416 60
      vertex -81.63232292979956 64.06698954850435 60
    endloop
  endfacet
  facet normal -0.20791169973303814 -0.9781475988388045 0
    outer loop
      vertex -80.5708212479949 63.78256103396416 2
      vertex -80.41734971106052 63.749939650297165 60
      vertex -80.5708212479949 63.78256103396416 60
    endloop
  endfacet
  facet normal -0.15643446879228512 -0.9876883400008707 0
    outer loop
      vertex -80.41734971106052 63.749939650297165 2
      vertex -79.33193218708038 63.57802639901638 60
      vertex -80.41734971106052 63.749939650297165 60
    endloop
  endfacet
  facet normal -0.1045284566956052 -0.9945218960590235 0
    outer loop
      vertex -79.33193218708038 63.57802639901638 2
      vertex -79.17589140683413 63.561625853180885 60
      vertex -79.33193218708038 63.57802639901638 60
    endloop
  endfacet
  facet normal -0.05233595249243526 -0.9986295349511297 0
    outer loop
      vertex -79.17589140683413 63.561625853180885 2
      vertex -78.07845007628202 63.504111394286156 60
      vertex -79.17589140683413 63.561625853180885 60
    endloop
  endfacet
  facet normal 0 -1 0
    outer loop
      vertex -78.07845007628202 63.504111394286156 2
      vertex -77.92154992371798 63.504111394286156 60
      vertex -78.07845007628202 63.504111394286156 60
    endloop
  endfacet
  facet normal 0.0523359532298615 -0.9986295349124829 0
    outer loop
      vertex -77.92154992371798 63.504111394286156 2
      vertex -76.824108466506 63.561625860631466 60
      vertex -77.92154992371798 63.504111394286156 60
    endloop
  endfacet
  facet normal 0.10452847376048861 -0.9945218942654319 0
    outer loop
      vertex -76.824108466506 63.561625860631466 2
      vertex -76.66806792467833 63.57802638411522 60
      vertex -76.824108466506 63.561625860631466 60
    endloop
  endfacet
  facet normal 0.15643446525950055 -0.9876883405604088 0
    outer loop
      vertex -76.66806792467833 63.57802638411522 2
      vertex -75.5826502814889 63.749939650297165 60
      vertex -76.66806792467833 63.57802638411522 60
    endloop
  endfacet
  facet normal 0.20791169973303814 -0.9781475988388045 0
    outer loop
      vertex -75.5826502814889 63.749939650297165 2
      vertex -75.42917874455452 63.78256103396416 60
      vertex -75.5826502814889 63.749939650297165 60
    endloop
  endfacet
  facet normal 0.25881903888655244 -0.9659258279546319 0
    outer loop
      vertex -75.42917874455452 63.78256103396416 2
      vertex -74.36767707765102 64.06698954105377 60
      vertex -75.42917874455452 63.78256103396416 60
    endloop
  endfacet
  facet normal 0.30901699149037953 -0.9510565172324066 0
    outer loop
      vertex -74.36767707765102 64.06698954105377 2
      vertex -74.2184560149908 64.11547440290451 60
      vertex -74.36767707765102 64.06698954105377 60
    endloop
  endfacet
  facet normal 0.35836795142435096 -0.9335804257759017 0
    outer loop
      vertex -74.2184560149908 64.11547440290451 2
      vertex -73.1925001963973 64.50930194556713 60
      vertex -74.2184560149908 64.11547440290451 60
    endloop
  endfacet
  facet normal 0.4067366474539906 -0.913545455693305 0
    outer loop
      vertex -73.1925001963973 64.50930194556713 2
      vertex -73.04916489869356 64.57311893254519 60
      vertex -73.1925001963973 64.50930194556713 60
    endloop
  endfacet
  facet normal 0.45399049835820615 -0.891006524892196 0
    outer loop
      vertex -73.04916489869356 64.57311893254519 2
      vertex -72.06999537348747 65.07203072309494 60
      vertex -73.04916489869356 64.57311893254519 60
    endloop
  endfacet
  facet normal 0.4999999931753902 -0.866025407724629 0
    outer loop
      vertex -72.06999537348747 65.07203072309494 2
      vertex -71.93411602079868 65.15048070251942 60
      vertex -72.06999537348747 65.07203072309494 60
    endloop
  endfacet
  facet normal 0.5446390353737932 -0.8386705677124385 0
    outer loop
      vertex -71.93411602079868 65.15048070251942 2
      vertex -71.01246091723442 65.74901052564383 60
      vertex -71.93411602079868 65.15048070251942 60
    endloop
  endfacet
  facet normal 0.8910065241883779 0.453990499739527 0
    outer loop
      vertex -81.88256819498105 73.77136926692785 57.8
      vertex -81.68060796608387 73.375 57.8
      vertex -81.68060796608387 73.375 0
    endloop
  endfacet
  facet normal 0.9335804264972004 0.3583679495453039 0
    outer loop
      vertex -81.88256819498105 73.77136926692785 57.8
      vertex -81.88256819498105 73.77136926692785 0
      vertex -82.0419901942544 74.18667777390647 57.8
    endloop
  endfacet
  facet normal 0.9659258262890674 0.2588190451025243 0
    outer loop
      vertex -82.15712730311867 74.61637531402452 57.8
      vertex -82.0419901942544 74.18667777390647 57.8
      vertex -82.0419901942544 74.18667777390647 0
    endloop
  endfacet
  facet normal 0.9876883405951369 0.15643446504023623 0
    outer loop
      vertex -82.15712730311867 74.61637531402452 57.8
      vertex -82.15712730311867 74.61637531402452 0
      vertex -82.22671805531516 75.05575403111247 57.8
    endloop
  endfacet
  facet normal 0.9986295347545737 0.05233595624294645 0
    outer loop
      vertex -82.22671805531516 75.05575403111247 57.8
      vertex -82.22671805531516 75.05575403111247 0
      vertex -82.25 75.5 57.8
    endloop
  endfacet
  facet normal 0.9986295347545737 -0.05233595624294645 0
    outer loop
      vertex -82.25 75.5 57.8
      vertex -82.25 75.5 0
      vertex -82.22671805531516 75.94424596888753 57.8
    endloop
  endfacet
  facet normal 0.9876883405951369 -0.15643446504023623 0
    outer loop
      vertex -82.22671805531516 75.94424596888753 57.8
      vertex -82.22671805531516 75.94424596888753 0
      vertex -82.15712730311867 76.38362468597548 57.8
    endloop
  endfacet
  facet normal 0.9659258262890674 -0.2588190451025243 0
    outer loop
      vertex -82.15712730311867 76.38362468597548 57.8
      vertex -82.15712730311867 76.38362468597548 0
      vertex -82.0419901942544 76.81332222609353 57.8
    endloop
  endfacet
  facet normal 0.7071067811865475 0.7071067811865475 0
    outer loop
      vertex -80.84380507702515 72.34163449172108 57.8
      vertex -80.84380507702515 72.34163449172108 0
      vertex -81.15836550827892 72.65619492297485 57.8
    endloop
  endfacet
  facet normal 0.629320391049847 0.7771459614569629 0
    outer loop
      vertex -80.84380507702515 72.34163449172108 57.8
      vertex -80.49808732224301 72.06167777390647 57.8
      vertex -80.49808732224301 72.06167777390647 0
    endloop
  endfacet
  facet normal 0.5446390350150269 0.8386705679454243 0
    outer loop
      vertex -80.125 71.81939203391613 57.8
      vertex -80.125 71.81939203391613 0
      vertex -80.49808732224301 72.06167777390647 57.8
    endloop
  endfacet
  facet normal 0.7771459614569629 0.629320391049847 0
    outer loop
      vertex -81.43832222609353 73.00191267775699 57.8
      vertex -81.15836550827892 72.65619492297485 57.8
      vertex -81.15836550827892 72.65619492297485 0
    endloop
  endfacet
  facet normal 0.8386705679454243 0.5446390350150269 0
    outer loop
      vertex -81.43832222609353 73.00191267775699 57.8
      vertex -81.43832222609353 73.00191267775699 0
      vertex -81.68060796608387 73.375 57.8
    endloop
  endfacet
  facet normal 0.453990499739527 0.8910065241883779 0
    outer loop
      vertex -80.125 71.81939203391613 57.8
      vertex -79.72863073307215 71.61743180501895 57.8
      vertex -79.72863073307215 71.61743180501895 0
    endloop
  endfacet
  facet normal 0.3583679495453039 0.9335804264972004 0
    outer loop
      vertex -79.72863073307215 71.61743180501895 57.8
      vertex -79.31332222609353 71.4580098057456 57.8
      vertex -79.31332222609353 71.4580098057456 0
    endloop
  endfacet
  facet normal 0.2588190451025243 0.9659258262890674 0
    outer loop
      vertex -79.31332222609353 71.4580098057456 57.8
      vertex -78.88362468597548 71.34287269688133 57.8
      vertex -78.88362468597548 71.34287269688133 0
    endloop
  endfacet
  facet normal -0.9986295344686825 0.05233596169807261 0
    outer loop
      vertex -90 81.5 2
      vertex -90 81.5 60
      vertex -89.9671313688159 82.12717077881098 60
    endloop
  endfacet
  facet normal -0.9876883421006546 0.15643445553477123 0
    outer loop
      vertex -89.9671313688159 82.12717077881098 2
      vertex -89.9671313688159 82.12717077881098 60
      vertex -89.86888560652733 82.74747014790773 60
    endloop
  endfacet
  facet normal -0.9659258251084867 0.25881904950851087 0
    outer loop
      vertex -89.86888560652733 82.74747014790773 2
      vertex -89.86888560652733 82.74747014790773 60
      vertex -89.70633909851313 83.35410196334124 60
    endloop
  endfacet
  facet normal -0.9335804250773435 0.3583679532441575 0
    outer loop
      vertex -89.70633909851313 83.35410196334124 2
      vertex -89.70633909851313 83.35410196334124 60
      vertex -89.48127274215221 83.94041986018419 60
    endloop
  endfacet
  facet normal -0.8910065283221495 0.4539904916265432 0
    outer loop
      vertex -89.48127274215221 83.94041986018419 2
      vertex -89.48127274215221 83.94041986018419 60
      vertex -89.19615242630243 84.5 60
    endloop
  endfacet
  facet normal -0.8386705643141267 0.5446390406067345 0
    outer loop
      vertex -89.19615242630243 84.5 2
      vertex -89.19615242630243 84.5 60
      vertex -88.85410196334124 85.02671151608229 60
    endloop
  endfacet
  facet normal -0.7771459589704364 0.6293203941204519 0
    outer loop
      vertex -88.85410196334124 85.02671151608229 2
      vertex -88.85410196334124 85.02671151608229 60
      vertex -88.45886895060539 85.51478363573551 60
    endloop
  endfacet
  facet normal -0.7071067811865476 0.7071067811865476 0
    outer loop
      vertex -88.45886895060539 85.51478363573551 2
      vertex -88.45886895060539 85.51478363573551 60
      vertex -88.01478363573551 85.95886895060539 60
    endloop
  endfacet
  facet normal -0.6293203941204519 0.7771459589704364 0
    outer loop
      vertex -88.01478363573551 85.95886895060539 2
      vertex -88.01478363573551 85.95886895060539 60
      vertex -87.52671151608229 86.35410196334124 60
    endloop
  endfacet
  facet normal -0.5446390406067345 0.8386705643141267 0
    outer loop
      vertex -87.52671151608229 86.35410196334124 2
      vertex -87.52671151608229 86.35410196334124 60
      vertex -87 86.69615242630243 60
    endloop
  endfacet
  facet normal -0.4539904916265432 0.8910065283221495 0
    outer loop
      vertex -87 86.69615242630243 2
      vertex -87 86.69615242630243 60
      vertex -86.44041986018419 86.98127274215221 60
    endloop
  endfacet
  facet normal -0.3583679532441575 0.9335804250773435 0
    outer loop
      vertex -86.44041986018419 86.98127274215221 2
      vertex -86.44041986018419 86.98127274215221 60
      vertex -85.85410196334124 87.20633909851313 60
    endloop
  endfacet
  facet normal -0.25881904950851087 0.9659258251084867 0
    outer loop
      vertex -85.85410196334124 87.20633909851313 2
      vertex -85.85410196334124 87.20633909851313 60
      vertex -85.24747014790773 87.36888560652733 60
    endloop
  endfacet
  facet normal -0.15643445553477123 0.9876883421006546 0
    outer loop
      vertex -85.24747014790773 87.36888560652733 2
      vertex -85.24747014790773 87.36888560652733 60
      vertex -84.62717077881098 87.4671313688159 60
    endloop
  endfacet
  facet normal -0.05233596169807261 0.9986295344686825 0
    outer loop
      vertex -84.62717077881098 87.4671313688159 2
      vertex -84.62717077881098 87.4671313688159 60
      vertex -84 87.5 60
    endloop
  endfacet
  facet normal 0.9335804264972004 -0.3583679495453039 0
    outer loop
      vertex -82.0419901942544 76.81332222609353 57.8
      vertex -82.0419901942544 76.81332222609353 0
      vertex -81.88256819498105 77.22863073307215 57.8
    endloop
  endfacet
  facet normal 0.8910065241883779 -0.453990499739527 0
    outer loop
      vertex -81.88256819498105 77.22863073307215 57.8
      vertex -81.88256819498105 77.22863073307215 0
      vertex -81.68060796608387 77.625 57.8
    endloop
  endfacet
  facet normal 0.8386705679454243 -0.5446390350150269 0
    outer loop
      vertex -81.68060796608387 77.625 57.8
      vertex -81.68060796608387 77.625 0
      vertex -81.43832222609353 77.99808732224301 57.8
    endloop
  endfacet
  facet normal 0.7771459614569629 -0.629320391049847 0
    outer loop
      vertex -81.43832222609353 77.99808732224301 57.8
      vertex -81.43832222609353 77.99808732224301 0
      vertex -81.15836550827892 78.34380507702515 57.8
    endloop
  endfacet
  facet normal 0.7071067811865475 -0.7071067811865475 0
    outer loop
      vertex -81.15836550827892 78.34380507702515 57.8
      vertex -81.15836550827892 78.34380507702515 0
      vertex -80.84380507702515 78.65836550827892 57.8
    endloop
  endfacet
  facet normal 0.629320391049847 -0.7771459614569629 0
    outer loop
      vertex -80.84380507702515 78.65836550827892 57.8
      vertex -80.84380507702515 78.65836550827892 0
      vertex -80.49808732224301 78.93832222609353 57.8
    endloop
  endfacet
  facet normal 0.5446390350150269 -0.8386705679454243 0
    outer loop
      vertex -80.49808732224301 78.93832222609353 57.8
      vertex -80.49808732224301 78.93832222609353 0
      vertex -80.125 79.18060796608387 57.8
    endloop
  endfacet
  facet normal 0.453990499739527 -0.8910065241883779 0
    outer loop
      vertex -80.125 79.18060796608387 57.8
      vertex -80.125 79.18060796608387 0
      vertex -79.72863073307215 79.38256819498105 57.8
    endloop
  endfacet
  facet normal 0.3583679495453039 -0.9335804264972004 0
    outer loop
      vertex -79.72863073307215 79.38256819498105 57.8
      vertex -79.72863073307215 79.38256819498105 0
      vertex -79.31332222609353 79.5419901942544 57.8
    endloop
  endfacet
  facet normal 0.2588190451025243 -0.9659258262890674 0
    outer loop
      vertex -79.31332222609353 79.5419901942544 57.8
      vertex -79.31332222609353 79.5419901942544 0
      vertex -78.88362468597548 79.65712730311867 57.8
    endloop
  endfacet
  facet normal 0.15643446504023623 0.9876883405951369 0
    outer loop
      vertex -78.88362468597548 71.34287269688133 57.8
      vertex -78.44424596888753 71.27328194468484 57.8
      vertex -78.44424596888753 71.27328194468484 0
    endloop
  endfacet
  facet normal 0.05233595624294645 0.9986295347545737 0
    outer loop
      vertex -78.44424596888753 71.27328194468484 57.8
      vertex -78 71.25 57.8
      vertex -78 71.25 0
    endloop
  endfacet
  facet normal -0.05233595624294645 0.9986295347545737 0
    outer loop
      vertex -78 71.25 57.8
      vertex -77.55575403111247 71.27328194468484 57.8
      vertex -77.55575403111247 71.27328194468484 0
    endloop
  endfacet
  facet normal -0.15643446504023623 0.9876883405951369 0
    outer loop
      vertex -77.55575403111247 71.27328194468484 57.8
      vertex -77.11637531402452 71.34287269688133 57.8
      vertex -77.11637531402452 71.34287269688133 0
    endloop
  endfacet
  facet normal -0.2588190451025243 0.9659258262890674 0
    outer loop
      vertex -77.11637531402452 71.34287269688133 57.8
      vertex -76.68667777390647 71.4580098057456 57.8
      vertex -76.68667777390647 71.4580098057456 0
    endloop
  endfacet
  facet normal -0.3583679495453039 0.9335804264972004 0
    outer loop
      vertex -76.68667777390647 71.4580098057456 57.8
      vertex -76.27136926692785 71.61743180501895 57.8
      vertex -76.27136926692785 71.61743180501895 0
    endloop
  endfacet
  facet normal -0.453990499739527 0.8910065241883779 0
    outer loop
      vertex -76.27136926692785 71.61743180501895 57.8
      vertex -75.875 71.81939203391613 57.8
      vertex -75.875 71.81939203391613 0
    endloop
  endfacet
  facet normal -0.5446390350150269 0.8386705679454243 0
    outer loop
      vertex -75.875 71.81939203391613 57.8
      vertex -75.50191267775699 72.06167777390647 57.8
      vertex -75.50191267775699 72.06167777390647 0
    endloop
  endfacet
  facet normal -0.629320391049847 0.7771459614569629 0
    outer loop
      vertex -75.50191267775699 72.06167777390647 57.8
      vertex -75.15619492297485 72.34163449172108 57.8
      vertex -75.15619492297485 72.34163449172108 0
    endloop
  endfacet
  facet normal -0.7071067811865475 0.7071067811865475 0
    outer loop
      vertex -75.15619492297485 72.34163449172108 57.8
      vertex -74.84163449172108 72.65619492297485 57.8
      vertex -74.84163449172108 72.65619492297485 0
    endloop
  endfacet
  facet normal -0.7771459614569629 0.629320391049847 0
    outer loop
      vertex -74.84163449172108 72.65619492297485 57.8
      vertex -74.56167777390647 73.00191267775699 57.8
      vertex -74.56167777390647 73.00191267775699 0
    endloop
  endfacet
  facet normal -0.8386705679454243 0.5446390350150269 0
    outer loop
      vertex -74.56167777390647 73.00191267775699 57.8
      vertex -74.31939203391613 73.375 57.8
      vertex -74.31939203391613 73.375 0
    endloop
  endfacet
  facet normal -0.8910065241883779 0.453990499739527 0
    outer loop
      vertex -74.31939203391613 73.375 57.8
      vertex -74.11743180501895 73.77136926692785 57.8
      vertex -74.11743180501895 73.77136926692785 0
    endloop
  endfacet
  facet normal -0.9335804264972004 0.3583679495453039 0
    outer loop
      vertex -74.11743180501895 73.77136926692785 57.8
      vertex -73.9580098057456 74.18667777390647 57.8
      vertex -73.9580098057456 74.18667777390647 0
    endloop
  endfacet
  facet normal -0.9659258262890674 0.2588190451025243 0
    outer loop
      vertex -73.9580098057456 74.18667777390647 57.8
      vertex -73.84287269688133 74.61637531402452 57.8
      vertex -73.84287269688133 74.61637531402452 0
    endloop
  endfacet
  facet normal -0.9876883405951369 0.15643446504023623 0
    outer loop
      vertex -73.84287269688133 74.61637531402452 57.8
      vertex -73.77328194468484 75.05575403111247 57.8
      vertex -73.77328194468484 75.05575403111247 0
    endloop
  endfacet
  facet normal -0.9986295347545737 0.05233595624294645 0
    outer loop
      vertex -73.77328194468484 75.05575403111247 57.8
      vertex -73.75 75.5 57.8
      vertex -73.75 75.5 0
    endloop
  endfacet
  facet normal -0.9986295347545737 -0.05233595624294645 0
    outer loop
      vertex -73.75 75.5 57.8
      vertex -73.77328194468484 75.94424596888753 57.8
      vertex -73.77328194468484 75.94424596888753 0
    endloop
  endfacet
  facet normal -0.9876883405951369 -0.15643446504023623 0
    outer loop
      vertex -73.77328194468484 75.94424596888753 57.8
      vertex -73.84287269688133 76.38362468597548 57.8
      vertex -73.84287269688133 76.38362468597548 0
    endloop
  endfacet
  facet normal 0.5877852764175114 -0.8090169768470806 0
    outer loop
      vertex -71.01246091723442 65.74901052564383 2
      vertex -70.88552622497082 65.8412339836359 60
      vertex -71.01246091723442 65.74901052564383 60
    endloop
  endfacet
  facet normal 0.6293203864697001 -0.777145965165893 0
    outer loop
      vertex -70.88552622497082 65.8412339836359 2
      vertex -70.03148353844881 66.53282410651445 60
      vertex -70.88552622497082 65.8412339836359 60
    endloop
  endfacet
  facet normal 0.6691306094706797 -0.7431448226754975 0
    outer loop
      vertex -70.03148353844881 66.53282410651445 2
      vertex -69.91488401591778 66.63781078904867 60
      vertex -70.03148353844881 66.53282410651445 60
    endloop
  endfacet
  facet normal 0.7071067811865476 -0.7071067811865476 0
    outer loop
      vertex -69.91488401591778 66.63781078904867 2
      vertex -69.13781078159809 67.41488402336836 60
      vertex -69.91488401591778 66.63781078904867 60
    endloop
  endfacet
  facet normal 0.7431448273790162 -0.6691306042468929 0
    outer loop
      vertex -69.13781078159809 67.41488402336836 2
      vertex -69.03282411396503 67.53148353099823 60
      vertex -69.13781078159809 67.41488402336836 60
    endloop
  endfacet
  facet normal 0.7771459645351759 -0.6293203872485708 0
    outer loop
      vertex -69.03282411396503 67.53148353099823 2
      vertex -68.3412339836359 68.38552622497082 60
      vertex -69.03282411396503 67.53148353099823 60
    endloop
  endfacet
  facet normal 0.8090169768470806 -0.5877852764175114 0
    outer loop
      vertex -68.3412339836359 68.38552622497082 2
      vertex -68.24901052564383 68.51246091723442 60
      vertex -68.3412339836359 68.38552622497082 60
    endloop
  endfacet
  facet normal 0.8386705677124385 -0.5446390353737932 0
    outer loop
      vertex -68.24901052564383 68.51246091723442 2
      vertex -67.65048070251942 69.43411602079868 60
      vertex -68.24901052564383 68.51246091723442 60
    endloop
  endfacet
  facet normal 0.866025407724629 -0.4999999931753902 0
    outer loop
      vertex -67.65048070251942 69.43411602079868 2
      vertex -67.57203072309494 69.56999537348747 60
      vertex -67.65048070251942 69.43411602079868 60
    endloop
  endfacet
  facet normal 0.15643446504023623 -0.9876883405951369 0
    outer loop
      vertex -78.88362468597548 79.65712730311867 57.8
      vertex -78.88362468597548 79.65712730311867 0
      vertex -78.44424596888753 79.72671805531516 57.8
    endloop
  endfacet
  facet normal 0.05233595624294645 -0.9986295347545737 0
    outer loop
      vertex -78.44424596888753 79.72671805531516 57.8
      vertex -78.44424596888753 79.72671805531516 0
      vertex -78 79.75 57.8
    endloop
  endfacet
  facet normal -0.05233595624294645 -0.9986295347545737 0
    outer loop
      vertex -78 79.75 57.8
      vertex -78 79.75 0
      vertex -77.55575403111247 79.72671805531516 57.8
    endloop
  endfacet
  facet normal -0.15643446504023623 -0.9876883405951369 0
    outer loop
      vertex -77.11637531402452 79.65712730311867 57.8
      vertex -77.55575403111247 79.72671805531516 57.8
      vertex -77.55575403111247 79.72671805531516 0
    endloop
  endfacet
  facet normal -0.2588190451025243 -0.9659258262890674 0
    outer loop
      vertex -77.11637531402452 79.65712730311867 57.8
      vertex -77.11637531402452 79.65712730311867 0
      vertex -76.68667777390647 79.5419901942544 57.8
    endloop
  endfacet
  facet normal -0.3583679495453039 -0.9335804264972004 0
    outer loop
      vertex -76.68667777390647 79.5419901942544 57.8
      vertex -76.68667777390647 79.5419901942544 0
      vertex -76.27136926692785 79.38256819498105 57.8
    endloop
  endfacet
  facet normal -0.453990499739527 -0.8910065241883779 0
    outer loop
      vertex -76.27136926692785 79.38256819498105 57.8
      vertex -76.27136926692785 79.38256819498105 0
      vertex -75.875 79.18060796608387 57.8
    endloop
  endfacet
  facet normal -0.5446390350150269 -0.8386705679454243 0
    outer loop
      vertex -75.50191267775699 78.93832222609353 57.8
      vertex -75.875 79.18060796608387 57.8
      vertex -75.875 79.18060796608387 0
    endloop
  endfacet
  facet normal -0.629320391049847 -0.7771459614569629 0
    outer loop
      vertex -75.50191267775699 78.93832222609353 57.8
      vertex -75.50191267775699 78.93832222609353 0
      vertex -75.15619492297485 78.65836550827892 57.8
    endloop
  endfacet
  facet normal -0.7071067811865475 -0.7071067811865475 0
    outer loop
      vertex -74.84163449172108 78.34380507702515 57.8
      vertex -75.15619492297485 78.65836550827892 57.8
      vertex -75.15619492297485 78.65836550827892 0
    endloop
  endfacet
  facet normal -0.7771459614569629 -0.629320391049847 0
    outer loop
      vertex -74.84163449172108 78.34380507702515 57.8
      vertex -74.84163449172108 78.34380507702515 0
      vertex -74.56167777390647 77.99808732224301 57.8
    endloop
  endfacet
  facet normal -0.9659258262890674 -0.2588190451025243 0
    outer loop
      vertex -73.84287269688133 76.38362468597548 57.8
      vertex -73.9580098057456 76.81332222609353 57.8
      vertex -73.9580098057456 76.81332222609353 0
    endloop
  endfacet
  facet normal -0.9335804264972004 -0.3583679495453039 0
    outer loop
      vertex -74.11743180501895 77.22863073307215 57.8
      vertex -74.11743180501895 77.22863073307215 0
      vertex -73.9580098057456 76.81332222609353 57.8
    endloop
  endfacet
  facet normal -0.8910065241883779 -0.453990499739527 0
    outer loop
      vertex -74.11743180501895 77.22863073307215 57.8
      vertex -74.31939203391613 77.625 57.8
      vertex -74.31939203391613 77.625 0
    endloop
  endfacet
  facet normal -0.8386705679454243 -0.5446390350150269 0
    outer loop
      vertex -74.31939203391613 77.625 57.8
      vertex -74.56167777390647 77.99808732224301 57.8
      vertex -74.56167777390647 77.99808732224301 0
    endloop
  endfacet
  facet normal 0.891006524892196 -0.45399049835820615 0
    outer loop
      vertex -67.57203072309494 69.56999537348747 2
      vertex -67.07311893254519 70.54916489869356 60
      vertex -67.57203072309494 69.56999537348747 60
    endloop
  endfacet
  facet normal 0.9135454614917974 -0.4067366344303633 0
    outer loop
      vertex -67.07311893254519 70.54916489869356 2
      vertex -67.00930196791887 70.69250015169382 60
      vertex -67.07311893254519 70.54916489869356 60
    endloop
  endfacet
  facet normal 0.9335804257537463 -0.35836795148206757 0
    outer loop
      vertex -67.00930196791887 70.69250015169382 2
      vertex -66.61547438800335 71.71845606714487 60
      vertex -67.00930196791887 70.69250015169382 60
    endloop
  endfacet
  facet normal 0.9510565182891794 -0.309016988237967 0
    outer loop
      vertex -66.61547438800335 71.71845606714487 2
      vertex -66.56698954850435 71.86767706274986 60
      vertex -66.61547438800335 71.71845606714487 60
    endloop
  endfacet
  facet normal 0.9659258271680096 -0.2588190418222672 0
    outer loop
      vertex -66.56698954850435 71.86767706274986 2
      vertex -66.28256103396416 72.92917874455452 60
      vertex -66.56698954850435 71.86767706274986 60
    endloop
  endfacet
  facet normal 0.9781475988388045 -0.20791169973303814 0
    outer loop
      vertex -66.28256103396416 72.92917874455452 2
      vertex -66.24993965029716 73.0826502814889 60
      vertex -66.28256103396416 72.92917874455452 60
    endloop
  endfacet
  facet normal 0.9876883400008707 -0.15643446879228512 0
    outer loop
      vertex -66.24993965029716 73.0826502814889 2
      vertex -66.07802639901638 74.16806780546904 60
      vertex -66.24993965029716 73.0826502814889 60
    endloop
  endfacet
  facet normal 0.9945218960590235 -0.1045284566956052 0
    outer loop
      vertex -66.07802639901638 74.16806780546904 2
      vertex -66.06162585318089 74.3241085857153 60
      vertex -66.07802639901638 74.16806780546904 60
    endloop
  endfacet
  facet normal 0.9986295349511297 -0.05233595249243526 0
    outer loop
      vertex -66.06162585318089 74.3241085857153 2
      vertex -66.00411139428616 75.4215499162674 60
      vertex -66.06162585318089 74.3241085857153 60
    endloop
  endfacet
  facet normal 1 0 0
    outer loop
      vertex -66.00411139428616 75.4215499162674 2
      vertex -66.00411139428616 75.57845007628202 60
      vertex -66.00411139428616 75.4215499162674 60
    endloop
  endfacet
  facet normal 0.9986295348939128 0.052335953584199485 0
    outer loop
      vertex -66.00411139428616 75.57845007628202 2
      vertex -66.06162586063147 76.67589152604342 60
      vertex -66.00411139428616 75.57845007628202 60
    endloop
  endfacet
  facet normal 0.9876883405604088 0.15643446525950055 0
    outer loop
      vertex -66.07802638411522 76.8319320678711 2
      vertex -66.24993965029716 77.91734971106052 60
      vertex -66.07802638411522 76.8319320678711 60
    endloop
  endfacet
  facet normal 0.9781475988388045 0.20791169973303814 0
    outer loop
      vertex -66.24993965029716 77.91734971106052 2
      vertex -66.28256103396416 78.0708212479949 60
      vertex -66.24993965029716 77.91734971106052 60
    endloop
  endfacet
  facet normal 0.9659258279546319 0.25881903888655244 0
    outer loop
      vertex -66.28256103396416 78.0708212479949 2
      vertex -66.56698954105377 79.1323229148984 60
      vertex -66.28256103396416 78.0708212479949 60
    endloop
  endfacet
  facet normal 0.9510565078111152 0.3090170204861316 0
    outer loop
      vertex -66.56698954105377 79.1323229148984 2
      vertex -66.61547441035509 79.2815439850092 60
      vertex -66.56698954105377 79.1323229148984 60
    endloop
  endfacet
  facet normal 0.9945218942654319 0.10452847376048861 0
    outer loop
      vertex -66.06162586063147 76.67589152604342 2
      vertex -66.07802638411522 76.8319320678711 60
      vertex -66.06162586063147 76.67589152604342 60
    endloop
  endfacet
  facet normal 0.987688339687025 0.15643447077382908 0
    outer loop
      vertex -66.8042036741972 79.87626492977142 2
      vertex -66.85332655906677 80.18641460686922 60
      vertex -66.8042036741972 79.87626492977142 60
    endloop
  endfacet
  facet normal 0.998629535121208 0.052335949247149044 0
    outer loop
      vertex -66.85332655906677 80.18641460686922 2
      vertex -66.86976087093353 80.5 60
      vertex -66.85332655906677 80.18641460686922 60
    endloop
  endfacet
  facet normal 0.998629535121208 -0.052335949247149044 0
    outer loop
      vertex -66.86976087093353 80.5 2
      vertex -66.85332655906677 80.81358539313078 60
      vertex -66.86976087093353 80.5 60
    endloop
  endfacet
  facet normal 0.933580430827447 0.3583679382646259 0
    outer loop
      vertex -66.61547441035509 79.2815439850092 2
      vertex -66.67050216346979 79.42489618808031 60
      vertex -66.61547441035509 79.2815439850092 60
    endloop
  endfacet
  facet normal 0.9426414962864854 0.33380684456549964 0
    outer loop
      vertex -66.67050216346979 79.42489618808031 2
      vertex -66.7229304164648 79.57294901460409 60
      vertex -66.67050216346979 79.42489618808031 60
    endloop
  endfacet
  facet normal 0.9659258237320325 0.25881905464550803 0
    outer loop
      vertex -66.7229304164648 79.57294901460409 2
      vertex -66.8042036741972 79.87626492977142 60
      vertex -66.7229304164648 79.57294901460409 60
    endloop
  endfacet
  facet normal 0.987688339687025 -0.15643447077382908 0
    outer loop
      vertex -66.85332655906677 80.81358539313078 2
      vertex -66.8042036741972 81.12373507022858 60
      vertex -66.85332655906677 80.81358539313078 60
    endloop
  endfacet
  facet normal 0.9659258237320325 -0.25881905464550803 0
    outer loop
      vertex -66.8042036741972 81.12373507022858 2
      vertex -66.7229304164648 81.42705098539591 60
      vertex -66.8042036741972 81.12373507022858 60
    endloop
  endfacet
  facet normal 0.9335804259992488 -0.358367950842512 0
    outer loop
      vertex -66.7229304164648 81.42705098539591 2
      vertex -66.61039724200964 81.7202099263668 60
      vertex -66.7229304164648 81.42705098539591 60
    endloop
  endfacet
  facet normal 0.8910065259684402 -0.45399049624595805 0
    outer loop
      vertex -66.61039724200964 81.7202099263668 2
      vertex -66.46783708035946 82 60
      vertex -66.61039724200964 81.7202099263668 60
    endloop
  endfacet
  facet normal 0.8386705716328138 -0.5446390293369446 0
    outer loop
      vertex -66.46783708035946 82 2
      vertex -66.29681185632944 82.26335575431585 60
      vertex -66.46783708035946 82 60
    endloop
  endfacet
  facet normal 0.7771459578667895 -0.629320395483342 0
    outer loop
      vertex -66.29681185632944 82.26335575431585 2
      vertex -66.09919534623623 82.50739181786776 60
      vertex -66.29681185632944 82.26335575431585 60
    endloop
  endfacet
  facet normal 0.7071067811865476 -0.7071067811865476 0
    outer loop
      vertex -66.09919534623623 82.50739181786776 2
      vertex -65.87715268880129 82.7294344753027 60
      vertex -66.09919534623623 82.50739181786776 60
    endloop
  endfacet
  facet normal 0.629320395483342 -0.7771459578667895 0
    outer loop
      vertex -65.87715268880129 82.7294344753027 2
      vertex -65.63311662524939 82.92705098539591 60
      vertex -65.87715268880129 82.7294344753027 60
    endloop
  endfacet
  facet normal 0.5446390293369446 -0.8386705716328138 0
    outer loop
      vertex -65.63311662524939 82.92705098539591 2
      vertex -65.36976087093353 83.09807620942593 60
      vertex -65.63311662524939 82.92705098539591 60
    endloop
  endfacet
  facet normal 0.45399049624595805 -0.8910065259684402 0
    outer loop
      vertex -65.36976087093353 83.09807620942593 2
      vertex -65.08997079730034 83.2406363710761 60
      vertex -65.36976087093353 83.09807620942593 60
    endloop
  endfacet
  facet normal 0.358367950842512 -0.9335804259992488 0
    outer loop
      vertex -65.08997079730034 83.2406363710761 2
      vertex -64.79681185632944 83.35316954553127 60
      vertex -65.08997079730034 83.2406363710761 60
    endloop
  endfacet
  facet normal 0.25881905464550803 -0.9659258237320325 0
    outer loop
      vertex -64.79681185632944 83.35316954553127 2
      vertex -64.49349594116211 83.43444280326366 60
      vertex -64.79681185632944 83.35316954553127 60
    endloop
  endfacet
  facet normal 0.15643447077382908 -0.987688339687025 0
    outer loop
      vertex -64.49349594116211 83.43444280326366 2
      vertex -64.18334626406431 83.48356568813324 60
      vertex -64.49349594116211 83.43444280326366 60
    endloop
  endfacet
  facet normal 0.052335949247149044 -0.998629535121208 0
    outer loop
      vertex -64.18334626406431 83.48356568813324 2
      vertex -63.86976087093353 83.5 60
      vertex -64.18334626406431 83.48356568813324 60
    endloop
  endfacet
  facet normal 0 0 1
    outer loop
      vertex -80.41734971106052 63.749939650297165 60
      vertex -79.33193218708038 63.57802639901638 60
      vertex -82.05 68.48519422934605 60
    endloop
  endfacet
  facet normal 0 0 1
    outer loop
      vertex -79.17589140683413 63.561625853180885 60
      vertex -82.05 68.48519422934605 60
      vertex -79.33193218708038 63.57802639901638 60
    endloop
  endfacet
  facet normal 0 0 1
    outer loop
      vertex -79.17589140683413 63.561625853180885 60
      vertex -78.07845007628202 63.504111394286156 60
      vertex -80.50303765443708 67.79644221800926 60
    endloop
  endfacet
  facet normal 0 0 1
    outer loop
      vertex -78.07845007628202 63.504111394286156 60
      vertex -77.92154992371798 63.504111394286156 60
      vertex -79.68408469562385 67.57700443405618 60
    endloop
  endfacet
  facet normal 0 0 1
    outer loop
      vertex -77.92154992371798 63.504111394286156 60
      vertex -76.824108466506 63.561625860631466 60
      vertex -78 67.4 60
    endloop
  endfacet
  facet normal 0 0 1
    outer loop
      vertex -76.824108466506 63.561625860631466 60
      vertex -76.66806792467833 63.57802638411522 60
      vertex -78 67.4 60
    endloop
  endfacet
  facet normal 0 0 1
    outer loop
      vertex -76.66806792467833 63.57802638411522 60
      vertex -75.5826502814889 63.749939650297165 60
      vertex -77.15331944753201 67.44437264751699 60
    endloop
  endfacet
  facet normal 0 0 1
    outer loop
      vertex -75.5826502814889 63.749939650297165 60
      vertex -75.42917874455452 63.78256103396416 60
      vertex -77.15331944753201 67.44437264751699 60
    endloop
  endfacet
  facet normal 0 0 1
    outer loop
      vertex -75.42917874455452 63.78256103396416 60
      vertex -74.36767707765102 64.06698954105377 60
      vertex -76.31591530437615 67.57700443405618 60
    endloop
  endfacet
  facet normal 0 0 1
    outer loop
      vertex -74.36767707765102 64.06698954105377 60
      vertex -74.2184560149908 64.11547440290451 60
      vertex -76.31591530437615 67.57700443405618 60
    endloop
  endfacet
  facet normal 0 0 1
    outer loop
      vertex -74.2184560149908 64.11547440290451 60
      vertex -73.1925001963973 64.50930194556713 60
      vertex -75.49696234556292 67.79644221800926 60
    endloop
  endfacet
  facet normal 0 0 1
    outer loop
      vertex -85.99588860571384 61.52676872164011 60
      vertex -85.96306502074003 61.83906424790621 60
      vertex -90 81.5 60
    endloop
  endfacet
  facet normal 0 0 1
    outer loop
      vertex -85.96306502074003 61.83906424790621 60
      vertex -85.89777748286724 62.14621799439192 60
      vertex -90 81.5 60
    endloop
  endfacet
  facet normal 0 0 1
    outer loop
      vertex -85.89777748286724 62.14621799439192 60
      vertex -85.80074128508568 62.444864705204964 60
      vertex -90 81.5 60
    endloop
  endfacet
  facet normal 0.7771459614569688 0.62932039104984 0
    outer loop
      vertex -84.01947308636689 70.08004208849324 57.8
      vertex -84.55303765443708 70.73893945643097 57.8
      vertex -84.55303765443708 70.73893945643097 60
    endloop
  endfacet
  facet normal 0 0 1
    outer loop
      vertex -85.80074128508568 62.444864705204964 60
      vertex -85.67301958054304 62.73173235356808 60
      vertex -90 81.5 60
    endloop
  endfacet
  facet normal 0 0 1
    outer loop
      vertex -85.67301958054304 62.73173235356808 60
      vertex -85.5160117149353 63.00367796421051 60
      vertex -90 81.5 60
    endloop
  endfacet
  facet normal 0 0 1
    outer loop
      vertex -85.5160117149353 63.00367796421051 60
      vertex -85.33143789321184 63.25772203505039 60
      vertex -90 81.5 60
    endloop
  endfacet
  facet normal 0 0 1
    outer loop
      vertex -85.33143789321184 63.25772203505039 60
      vertex -85.12132035195827 63.491081200540066 60
      vertex -90 81.5 60
    endloop
  endfacet
  facet normal 0 0 1
    outer loop
      vertex -85.12132035195827 63.491081200540066 60
      vertex -84.8879611864686 63.70119874179363 60
      vertex -90 81.5 60
    endloop
  endfacet
  facet normal 0 0 1
    outer loop
      vertex -84.8879611864686 63.70119874179363 60
      vertex -84.63391711562872 63.885772563517094 60
      vertex -90 81.5 60
    endloop
  endfacet
  facet normal 0 0 1
    outer loop
      vertex -84.63391711562872 63.885772563517094 60
      vertex -84.36197151243687 64.04278043657541 60
      vertex -90 81.5 60
    endloop
  endfacet
  facet normal 0 0 1
    outer loop
      vertex -84.36197151243687 64.04278043657541 60
      vertex -84.07510386407375 64.17050214111805 60
      vertex -90 81.5 60
    endloop
  endfacet
  facet normal 0 0 1
    outer loop
      vertex -84.07510386407375 64.17050214111805 60
      vertex -83.77645715326071 64.2675383463502 60
      vertex -90 81.5 60
    endloop
  endfacet
  facet normal 0.8386705679454272 0.5446390350150223 0
    outer loop
      vertex -84.55303765443708 70.73893945643097 57.8
      vertex -85.01480577065395 71.45 60
      vertex -84.55303765443708 70.73893945643097 60
    endloop
  endfacet
  facet normal 0 0 1
    outer loop
      vertex -83.77645715326071 64.2675383463502 60
      vertex -83.46930341422558 64.33282589167356 60
      vertex -90 81.5 60
    endloop
  endfacet
  facet normal 0 0 1
    outer loop
      vertex -83.46930341422558 64.33282589167356 60
      vertex -83.15700788795948 64.36564947664738 60
      vertex -90 81.5 60
    endloop
  endfacet
  facet normal 0 0 1
    outer loop
      vertex -82.84299214929342 64.36564947664738 60
      vertex -82.53069662302732 64.33282589167356 60
      vertex -90 81.5 60
    endloop
  endfacet
  facet normal 0 0 1
    outer loop
      vertex -83.15700788795948 64.36564947664738 60
      vertex -82.84299214929342 64.36564947664738 60
      vertex -90 81.5 60
    endloop
  endfacet
  facet normal 0 0 1
    outer loop
      vertex -82.53069662302732 64.33282589167356 60
      vertex -82.22354287654161 64.26753835380077 60
      vertex -90 81.5 60
    endloop
  endfacet
  facet normal 0 0 1
    outer loop
      vertex -81.92489616572857 64.17050215601921 60
      vertex -81.78154395520687 64.11547439545393 60
      vertex -89.9671313688159 82.12717077881098 60
    endloop
  endfacet
  facet normal 0 0 1
    outer loop
      vertex -81.92489616572857 64.17050215601921 60
      vertex -89.9671313688159 82.12717077881098 60
      vertex -82.22354287654161 64.26753835380077 60
    endloop
  endfacet
  facet normal 0 0 1
    outer loop
      vertex -85.92299556594382 73.81591530437615 57.8
      vertex -85.92299556594382 77.18408469562385 57.8
      vertex -86.05562735248301 74.65331944753201 57.8
    endloop
  endfacet
  facet normal 0 0 1
    outer loop
      vertex -86.05562735248301 74.65331944753201 57.8
      vertex -86.05562735248301 76.34668055246799 57.8
      vertex -86.1 75.5 57.8
    endloop
  endfacet
  facet normal 0 0 1
    outer loop
      vertex -86.05562735248301 74.65331944753201 57.8
      vertex -85.92299556594382 77.18408469562385 57.8
      vertex -86.05562735248301 76.34668055246799 57.8
    endloop
  endfacet
  facet normal 0 0 1
    outer loop
      vertex -85.92299556594382 73.81591530437615 57.8
      vertex -85.70355778199074 78.00303765443708 57.8
      vertex -85.92299556594382 77.18408469562385 57.8
    endloop
  endfacet
  facet normal 0 0 1
    outer loop
      vertex -85.01480577065395 71.45 57.8
      vertex -85.01480577065395 79.55 57.8
      vertex -85.39971820690506 72.20543319108602 57.8
    endloop
  endfacet
  facet normal 0 0 1
    outer loop
      vertex -85.70355778199074 72.99696234556292 57.8
      vertex -85.39971820690506 72.20543319108602 57.8
      vertex -85.39971820690506 78.79456680891398 57.8
    endloop
  endfacet
  facet normal 0 0 1
    outer loop
      vertex -85.70355778199074 72.99696234556292 57.8
      vertex -85.70355778199074 78.00303765443708 57.8
      vertex -85.92299556594382 73.81591530437615 57.8
    endloop
  endfacet
  facet normal 0 0 1
    outer loop
      vertex -85.01480577065395 71.45 57.8
      vertex -84.55303765443708 70.73893945643097 57.8
      vertex -84.55303765443708 80.26106054356903 57.8
    endloop
  endfacet
  facet normal 0 0 1
    outer loop
      vertex -82.22354287654161 64.26753835380077 60
      vertex -89.9671313688159 82.12717077881098 60
      vertex -90 81.5 60
    endloop
  endfacet
  facet normal 0 0 1
    outer loop
      vertex -89.9671313688159 82.12717077881098 60
      vertex -85.70355778199074 72.99696234556292 60
      vertex -85.92299556594382 73.81591530437615 60
    endloop
  endfacet
  facet normal 0.9659258262890682 0.258819045102521 0
    outer loop
      vertex -85.70355778199074 72.99696234556292 57.8
      vertex -85.92299556594382 73.81591530437615 57.8
      vertex -85.92299556594382 73.81591530437615 60
    endloop
  endfacet
  facet normal 0.891006524188367 0.45399049973954864 0
    outer loop
      vertex -85.01480577065395 71.45 57.8
      vertex -85.39971820690506 72.20543319108602 57.8
      vertex -85.39971820690506 72.20543319108602 60
    endloop
  endfacet
  facet normal 0.8386705679454272 0.5446390350150223 0
    outer loop
      vertex -85.01480577065395 71.45 57.8
      vertex -85.01480577065395 71.45 60
      vertex -84.55303765443708 70.73893945643097 57.8
    endloop
  endfacet
  facet normal 0.9335804264972021 0.3583679495452997 0
    outer loop
      vertex -85.70355778199074 72.99696234556292 57.8
      vertex -85.70355778199074 72.99696234556292 60
      vertex -85.39971820690506 72.20543319108602 57.8
    endloop
  endfacet
  facet normal 0.891006524188367 0.45399049973954864 0
    outer loop
      vertex -85.01480577065395 71.45 57.8
      vertex -85.39971820690506 72.20543319108602 60
      vertex -85.01480577065395 71.45 60
    endloop
  endfacet
  facet normal 0.9335804264972021 0.3583679495452997 0
    outer loop
      vertex -85.39971820690506 72.20543319108602 57.8
      vertex -85.70355778199074 72.99696234556292 60
      vertex -85.39971820690506 72.20543319108602 60
    endloop
  endfacet
  facet normal 0.9659258262890682 0.258819045102521 0
    outer loop
      vertex -85.70355778199074 72.99696234556292 57.8
      vertex -85.92299556594382 73.81591530437615 60
      vertex -85.70355778199074 72.99696234556292 60
    endloop
  endfacet
  facet normal 0 0 1
    outer loop
      vertex -81.78154395520687 64.11547439545393 60
      vertex -85.39971820690506 72.20543319108602 60
      vertex -89.9671313688159 82.12717077881098 60
    endloop
  endfacet
  facet normal 0.9876883405951371 0.1564344650402346 0
    outer loop
      vertex -85.92299556594382 73.81591530437615 57.8
      vertex -86.05562735248301 74.65331944753201 57.8
      vertex -86.05562735248301 74.65331944753201 60
    endloop
  endfacet
  facet normal 0.9986295347545743 0.0523359562429368 0
    outer loop
      vertex -86.05562735248301 74.65331944753201 57.8
      vertex -86.1 75.5 57.8
      vertex -86.1 75.5 60
    endloop
  endfacet
  facet normal 0.9986295347545743 -0.0523359562429368 0
    outer loop
      vertex -86.1 75.5 57.8
      vertex -86.05562735248301 76.34668055246799 57.8
      vertex -86.05562735248301 76.34668055246799 60
    endloop
  endfacet
  facet normal 0.9876883405951371 0.1564344650402346 0
    outer loop
      vertex -85.92299556594382 73.81591530437615 57.8
      vertex -86.05562735248301 74.65331944753201 60
      vertex -85.92299556594382 73.81591530437615 60
    endloop
  endfacet
  facet normal 0.9986295347545743 0.0523359562429368 0
    outer loop
      vertex -86.05562735248301 74.65331944753201 57.8
      vertex -86.1 75.5 60
      vertex -86.05562735248301 74.65331944753201 60
    endloop
  endfacet
  facet normal 0.9986295347545743 -0.0523359562429368 0
    outer loop
      vertex -86.1 75.5 57.8
      vertex -86.05562735248301 76.34668055246799 60
      vertex -86.1 75.5 60
    endloop
  endfacet
  facet normal 0 0 1
    outer loop
      vertex -89.9671313688159 82.12717077881098 60
      vertex -85.39971820690506 72.20543319108602 60
      vertex -85.70355778199074 72.99696234556292 60
    endloop
  endfacet
  facet normal 0 0 1
    outer loop
      vertex -82.76106054356903 68.94696234556292 57.8
      vertex -82.05 68.48519422934605 57.8
      vertex -82.15712730311867 74.61637531402452 57.8
    endloop
  endfacet
  facet normal 0 0 1
    outer loop
      vertex -82.05 68.48519422934605 57.8
      vertex -81.29456680891398 68.10028179309494 57.8
      vertex -81.43832222609353 73.00191267775699 57.8
    endloop
  endfacet
  facet normal 0 0 1
    outer loop
      vertex -81.29456680891398 68.10028179309494 57.8
      vertex -80.50303765443708 67.79644221800926 57.8
      vertex -80.84380507702515 72.34163449172108 57.8
    endloop
  endfacet
  facet normal 0 0 1
    outer loop
      vertex -81.29456680891398 68.10028179309494 57.8
      vertex -80.84380507702515 72.34163449172108 57.8
      vertex -81.15836550827892 72.65619492297485 57.8
    endloop
  endfacet
  facet normal 0 0 1
    outer loop
      vertex -80.84380507702515 72.34163449172108 57.8
      vertex -80.50303765443708 67.79644221800926 57.8
      vertex -80.49808732224301 72.06167777390647 57.8
    endloop
  endfacet
  facet normal 0 0 1
    outer loop
      vertex -80.50303765443708 67.79644221800926 57.8
      vertex -80.125 71.81939203391613 57.8
      vertex -80.49808732224301 72.06167777390647 57.8
    endloop
  endfacet
  facet normal 0 0 1
    outer loop
      vertex -80.50303765443708 67.79644221800926 57.8
      vertex -79.68408469562385 67.57700443405618 57.8
      vertex -79.72863073307215 71.61743180501895 57.8
    endloop
  endfacet
  facet normal 0 0 1
    outer loop
      vertex -79.68408469562385 67.57700443405618 57.8
      vertex -78.84668055246799 67.44437264751699 57.8
      vertex -78.88362468597548 71.34287269688133 57.8
    endloop
  endfacet
  facet normal 0 0 1
    outer loop
      vertex -79.68408469562385 67.57700443405618 57.8
      vertex -79.31332222609353 71.4580098057456 57.8
      vertex -79.72863073307215 71.61743180501895 57.8
    endloop
  endfacet
  facet normal 0 0 1
    outer loop
      vertex -80.50303765443708 67.79644221800926 57.8
      vertex -79.72863073307215 71.61743180501895 57.8
      vertex -80.125 71.81939203391613 57.8
    endloop
  endfacet
  facet normal 0 0 1
    outer loop
      vertex -79.68408469562385 67.57700443405618 57.8
      vertex -78.88362468597548 71.34287269688133 57.8
      vertex -79.31332222609353 71.4580098057456 57.8
    endloop
  endfacet
  facet normal 0.45399049973954864 0.891006524188367 0
    outer loop
      vertex -82.05 68.48519422934605 57.8
      vertex -82.05 68.48519422934605 60
      vertex -81.29456680891398 68.10028179309494 57.8
    endloop
  endfacet
  facet normal 0 0 1
    outer loop
      vertex -81.63232292979956 64.06698954850435 60
      vertex -84.01947308636689 70.08004208849324 60
      vertex -84.55303765443708 70.73893945643097 60
    endloop
  endfacet
  facet normal 0 0 1
    outer loop
      vertex -81.63232292979956 64.06698954850435 60
      vertex -83.41995791150676 69.48052691363311 60
      vertex -84.01947308636689 70.08004208849324 60
    endloop
  endfacet
  facet normal 0 0 1
    outer loop
      vertex -81.78154395520687 64.11547439545393 60
      vertex -81.63232292979956 64.06698954850435 60
      vertex -85.39971820690506 72.20543319108602 60
    endloop
  endfacet
  facet normal 0 0 1
    outer loop
      vertex -81.63232292979956 64.06698954850435 60
      vertex -80.5708212479949 63.78256103396416 60
      vertex -83.41995791150676 69.48052691363311 60
    endloop
  endfacet
  facet normal 0 0 1
    outer loop
      vertex -80.41734971106052 63.749939650297165 60
      vertex -82.76106054356903 68.94696234556292 60
      vertex -83.41995791150676 69.48052691363311 60
    endloop
  endfacet
  facet normal 0 0 1
    outer loop
      vertex -80.41734971106052 63.749939650297165 60
      vertex -82.05 68.48519422934605 60
      vertex -82.76106054356903 68.94696234556292 60
    endloop
  endfacet
  facet normal 0.62932039104984 0.7771459614569688 0
    outer loop
      vertex -83.41995791150676 69.48052691363311 57.8
      vertex -83.41995791150676 69.48052691363311 60
      vertex -82.76106054356903 68.94696234556292 57.8
    endloop
  endfacet
  facet normal 0.7071067811865476 0.7071067811865476 0
    outer loop
      vertex -83.41995791150676 69.48052691363311 57.8
      vertex -84.01947308636689 70.08004208849324 57.8
      vertex -84.01947308636689 70.08004208849324 60
    endloop
  endfacet
  facet normal 0.5446390350150223 0.8386705679454272 0
    outer loop
      vertex -82.76106054356903 68.94696234556292 57.8
      vertex -82.76106054356903 68.94696234556292 60
      vertex -82.05 68.48519422934605 57.8
    endloop
  endfacet
  facet normal 0.7071067811865476 0.7071067811865476 0
    outer loop
      vertex -83.41995791150676 69.48052691363311 57.8
      vertex -84.01947308636689 70.08004208849324 60
      vertex -83.41995791150676 69.48052691363311 60
    endloop
  endfacet
  facet normal 0.62932039104984 0.7771459614569688 0
    outer loop
      vertex -82.76106054356903 68.94696234556292 57.8
      vertex -83.41995791150676 69.48052691363311 60
      vertex -82.76106054356903 68.94696234556292 60
    endloop
  endfacet
  facet normal 0 0 1
    outer loop
      vertex -81.63232292979956 64.06698954850435 60
      vertex -84.55303765443708 70.73893945643097 60
      vertex -85.01480577065395 71.45 60
    endloop
  endfacet
  facet normal 0 0 1
    outer loop
      vertex -81.63232292979956 64.06698954850435 60
      vertex -85.01480577065395 71.45 60
      vertex -85.39971820690506 72.20543319108602 60
    endloop
  endfacet
  facet normal 0.7771459614569688 0.62932039104984 0
    outer loop
      vertex -84.01947308636689 70.08004208849324 57.8
      vertex -84.55303765443708 70.73893945643097 60
      vertex -84.01947308636689 70.08004208849324 60
    endloop
  endfacet
  facet normal 0.5446390350150223 0.8386705679454272 0
    outer loop
      vertex -82.05 68.48519422934605 57.8
      vertex -82.76106054356903 68.94696234556292 60
      vertex -82.05 68.48519422934605 60
    endloop
  endfacet
  facet normal 0.3583679495452997 0.9335804264972021 0
    outer loop
      vertex -81.29456680891398 68.10028179309494 57.8
      vertex -81.29456680891398 68.10028179309494 60
      vertex -80.50303765443708 67.79644221800926 57.8
    endloop
  endfacet
  facet normal 0.258819045102521 0.9659258262890682 0
    outer loop
      vertex -80.50303765443708 67.79644221800926 57.8
      vertex -80.50303765443708 67.79644221800926 60
      vertex -79.68408469562385 67.57700443405618 57.8
    endloop
  endfacet
  facet normal 0.1564344650402346 0.9876883405951371 0
    outer loop
      vertex -79.68408469562385 67.57700443405618 57.8
      vertex -79.68408469562385 67.57700443405618 60
      vertex -78.84668055246799 67.44437264751699 57.8
    endloop
  endfacet
  facet normal 0 0 1
    outer loop
      vertex -80.5708212479949 63.78256103396416 60
      vertex -80.41734971106052 63.749939650297165 60
      vertex -83.41995791150676 69.48052691363311 60
    endloop
  endfacet
  facet normal 0 0 1
    outer loop
      vertex -79.17589140683413 63.561625853180885 60
      vertex -81.29456680891398 68.10028179309494 60
      vertex -82.05 68.48519422934605 60
    endloop
  endfacet
  facet normal 0 0 1
    outer loop
      vertex -79.17589140683413 63.561625853180885 60
      vertex -80.50303765443708 67.79644221800926 60
      vertex -81.29456680891398 68.10028179309494 60
    endloop
  endfacet
  facet normal 0.45399049973954864 0.891006524188367 0
    outer loop
      vertex -81.29456680891398 68.10028179309494 57.8
      vertex -82.05 68.48519422934605 60
      vertex -81.29456680891398 68.10028179309494 60
    endloop
  endfacet
  facet normal 0.3583679495452997 0.9335804264972021 0
    outer loop
      vertex -80.50303765443708 67.79644221800926 57.8
      vertex -81.29456680891398 68.10028179309494 60
      vertex -80.50303765443708 67.79644221800926 60
    endloop
  endfacet
  facet normal 0 0 1
    outer loop
      vertex -78.07845007628202 63.504111394286156 60
      vertex -79.68408469562385 67.57700443405618 60
      vertex -80.50303765443708 67.79644221800926 60
    endloop
  endfacet
  facet normal 0 0 1
    outer loop
      vertex -77.92154992371798 63.504111394286156 60
      vertex -78.84668055246799 67.44437264751699 60
      vertex -79.68408469562385 67.57700443405618 60
    endloop
  endfacet
  facet normal 0.258819045102521 0.9659258262890682 0
    outer loop
      vertex -79.68408469562385 67.57700443405618 57.8
      vertex -80.50303765443708 67.79644221800926 60
      vertex -79.68408469562385 67.57700443405618 60
    endloop
  endfacet
  facet normal 0.1564344650402346 0.9876883405951371 0
    outer loop
      vertex -78.84668055246799 67.44437264751699 57.8
      vertex -79.68408469562385 67.57700443405618 60
      vertex -78.84668055246799 67.44437264751699 60
    endloop
  endfacet
  facet normal 0 0 1
    outer loop
      vertex -83.41995791150676 69.48052691363311 57.8
      vertex -83.41995791150676 81.51947308636689 57.8
      vertex -84.01947308636689 70.08004208849324 57.8
    endloop
  endfacet
  facet normal 0 0 1
    outer loop
      vertex -83.41995791150676 69.48052691363311 57.8
      vertex -82.76106054356903 68.94696234556292 57.8
      vertex -82.76106054356903 82.05303765443708 57.8
    endloop
  endfacet
  facet normal 0 0 1
    outer loop
      vertex -82.05 68.48519422934605 57.8
      vertex -81.43832222609353 73.00191267775699 57.8
      vertex -81.68060796608387 73.375 57.8
    endloop
  endfacet
  facet normal 0 0 1
    outer loop
      vertex -82.05 68.48519422934605 57.8
      vertex -81.88256819498105 73.77136926692785 57.8
      vertex -82.0419901942544 74.18667777390647 57.8
    endloop
  endfacet
  facet normal 0 0 1
    outer loop
      vertex -82.05 68.48519422934605 57.8
      vertex -82.0419901942544 74.18667777390647 57.8
      vertex -82.15712730311867 74.61637531402452 57.8
    endloop
  endfacet
  facet normal 0 0 1
    outer loop
      vertex -82.05 68.48519422934605 57.8
      vertex -81.68060796608387 73.375 57.8
      vertex -81.88256819498105 73.77136926692785 57.8
    endloop
  endfacet
  facet normal 0 0 1
    outer loop
      vertex -82.76106054356903 68.94696234556292 57.8
      vertex -82.15712730311867 74.61637531402452 57.8
      vertex -82.22671805531516 75.05575403111247 57.8
    endloop
  endfacet
  facet normal 0 0 1
    outer loop
      vertex -82.76106054356903 68.94696234556292 57.8
      vertex -82.22671805531516 75.05575403111247 57.8
      vertex -82.25 75.5 57.8
    endloop
  endfacet
  facet normal 0 0 1
    outer loop
      vertex -82.76106054356903 68.94696234556292 57.8
      vertex -82.25 75.5 57.8
      vertex -82.22671805531516 75.94424596888753 57.8
    endloop
  endfacet
  facet normal 0 0 1
    outer loop
      vertex -84.01947308636689 70.08004208849324 57.8
      vertex -84.01947308636689 80.91995791150676 57.8
      vertex -84.55303765443708 70.73893945643097 57.8
    endloop
  endfacet
  facet normal 0 0 1
    outer loop
      vertex -82.76106054356903 68.94696234556292 57.8
      vertex -82.22671805531516 75.94424596888753 57.8
      vertex -82.05 82.51480577065395 57.8
    endloop
  endfacet
  facet normal 0 0 1
    outer loop
      vertex -81.29456680891398 68.10028179309494 57.8
      vertex -81.15836550827892 72.65619492297485 57.8
      vertex -81.43832222609353 73.00191267775699 57.8
    endloop
  endfacet
  facet normal 0 0 1
    outer loop
      vertex -85.70355778199074 72.99696234556292 57.8
      vertex -85.39971820690506 78.79456680891398 57.8
      vertex -85.70355778199074 78.00303765443708 57.8
    endloop
  endfacet
  facet normal 0 0 1
    outer loop
      vertex -85.39971820690506 72.20543319108602 57.8
      vertex -85.01480577065395 79.55 57.8
      vertex -85.39971820690506 78.79456680891398 57.8
    endloop
  endfacet
  facet normal 0 0 1
    outer loop
      vertex -85.01480577065395 71.45 57.8
      vertex -84.55303765443708 80.26106054356903 57.8
      vertex -85.01480577065395 79.55 57.8
    endloop
  endfacet
  facet normal 0 0 1
    outer loop
      vertex -84.55303765443708 70.73893945643097 57.8
      vertex -84.01947308636689 80.91995791150676 57.8
      vertex -84.55303765443708 80.26106054356903 57.8
    endloop
  endfacet
  facet normal 0 0 1
    outer loop
      vertex -89.86888560652733 82.74747014790773 60
      vertex -85.92299556594382 73.81591530437615 60
      vertex -86.05562735248301 74.65331944753201 60
    endloop
  endfacet
  facet normal 0 0 1
    outer loop
      vertex -89.86888560652733 82.74747014790773 60
      vertex -86.05562735248301 74.65331944753201 60
      vertex -86.1 75.5 60
    endloop
  endfacet
  facet normal 0 0 1
    outer loop
      vertex -89.86888560652733 82.74747014790773 60
      vertex -86.1 75.5 60
      vertex -86.05562735248301 76.34668055246799 60
    endloop
  endfacet
  facet normal 0 0 1
    outer loop
      vertex -89.9671313688159 82.12717077881098 60
      vertex -85.92299556594382 73.81591530437615 60
      vertex -89.86888560652733 82.74747014790773 60
    endloop
  endfacet
  facet normal 0 0 1
    outer loop
      vertex -89.86888560652733 82.74747014790773 60
      vertex -86.05562735248301 76.34668055246799 60
      vertex -89.70633909851313 83.35410196334124 60
    endloop
  endfacet
  facet normal 0 0 1
    outer loop
      vertex -89.70633909851313 83.35410196334124 60
      vertex -86.05562735248301 76.34668055246799 60
      vertex -89.48127274215221 83.94041986018419 60
    endloop
  endfacet
  facet normal 0.9876883405951371 -0.1564344650402346 0
    outer loop
      vertex -86.05562735248301 76.34668055246799 57.8
      vertex -85.92299556594382 77.18408469562385 57.8
      vertex -85.92299556594382 77.18408469562385 60
    endloop
  endfacet
  facet normal 0.9659258262890682 -0.258819045102521 0
    outer loop
      vertex -85.92299556594382 77.18408469562385 57.8
      vertex -85.70355778199074 78.00303765443708 57.8
      vertex -85.70355778199074 78.00303765443708 60
    endloop
  endfacet
  facet normal 0.9335804264972021 -0.3583679495452997 0
    outer loop
      vertex -85.70355778199074 78.00303765443708 57.8
      vertex -85.39971820690506 78.79456680891398 57.8
      vertex -85.39971820690506 78.79456680891398 60
    endloop
  endfacet
  facet normal 0.9876883405951371 -0.1564344650402346 0
    outer loop
      vertex -86.05562735248301 76.34668055246799 57.8
      vertex -85.92299556594382 77.18408469562385 60
      vertex -86.05562735248301 76.34668055246799 60
    endloop
  endfacet
  facet normal 0.9659258262890682 -0.258819045102521 0
    outer loop
      vertex -85.92299556594382 77.18408469562385 57.8
      vertex -85.70355778199074 78.00303765443708 60
      vertex -85.92299556594382 77.18408469562385 60
    endloop
  endfacet
  facet normal 0 0 1
    outer loop
      vertex -89.48127274215221 83.94041986018419 60
      vertex -86.05562735248301 76.34668055246799 60
      vertex -85.92299556594382 77.18408469562385 60
    endloop
  endfacet
  facet normal 0.9335804264972021 -0.3583679495452997 0
    outer loop
      vertex -85.70355778199074 78.00303765443708 57.8
      vertex -85.39971820690506 78.79456680891398 60
      vertex -85.70355778199074 78.00303765443708 60
    endloop
  endfacet
  facet normal 0.891006524188367 -0.45399049973954864 0
    outer loop
      vertex -85.39971820690506 78.79456680891398 57.8
      vertex -85.01480577065395 79.55 60
      vertex -85.39971820690506 78.79456680891398 60
    endloop
  endfacet
  facet normal 0.891006524188367 -0.45399049973954864 0
    outer loop
      vertex -85.39971820690506 78.79456680891398 57.8
      vertex -85.01480577065395 79.55 57.8
      vertex -85.01480577065395 79.55 60
    endloop
  endfacet
  facet normal 0.8386705679454272 -0.5446390350150223 0
    outer loop
      vertex -85.01480577065395 79.55 57.8
      vertex -84.55303765443708 80.26106054356903 57.8
      vertex -84.55303765443708 80.26106054356903 60
    endloop
  endfacet
  facet normal 0 0 1
    outer loop
      vertex -89.48127274215221 83.94041986018419 60
      vertex -85.92299556594382 77.18408469562385 60
      vertex -85.70355778199074 78.00303765443708 60
    endloop
  endfacet
  facet normal 0 0 1
    outer loop
      vertex -89.19615242630243 84.5 60
      vertex -85.70355778199074 78.00303765443708 60
      vertex -85.39971820690506 78.79456680891398 60
    endloop
  endfacet
  facet normal 0 0 1
    outer loop
      vertex -88.85410196334124 85.02671151608229 60
      vertex -85.39971820690506 78.79456680891398 60
      vertex -85.01480577065395 79.55 60
    endloop
  endfacet
  facet normal 0 0 1
    outer loop
      vertex -88.01478363573551 85.95886895060539 60
      vertex -85.01480577065395 79.55 60
      vertex -84.55303765443708 80.26106054356903 60
    endloop
  endfacet
  facet normal 0.8386705679454272 -0.5446390350150223 0
    outer loop
      vertex -85.01480577065395 79.55 57.8
      vertex -84.55303765443708 80.26106054356903 60
      vertex -85.01480577065395 79.55 60
    endloop
  endfacet
  facet normal 0.7771459614569688 -0.62932039104984 0
    outer loop
      vertex -84.55303765443708 80.26106054356903 57.8
      vertex -84.01947308636689 80.91995791150676 60
      vertex -84.55303765443708 80.26106054356903 60
    endloop
  endfacet
  facet normal 0 0 1
    outer loop
      vertex -89.48127274215221 83.94041986018419 60
      vertex -85.70355778199074 78.00303765443708 60
      vertex -89.19615242630243 84.5 60
    endloop
  endfacet
  facet normal 0 0 1
    outer loop
      vertex -89.19615242630243 84.5 60
      vertex -85.39971820690506 78.79456680891398 60
      vertex -88.85410196334124 85.02671151608229 60
    endloop
  endfacet
  facet normal 0 0 1
    outer loop
      vertex -88.85410196334124 85.02671151608229 60
      vertex -85.01480577065395 79.55 60
      vertex -88.45886895060539 85.51478363573551 60
    endloop
  endfacet
  facet normal 0 0 1
    outer loop
      vertex -88.45886895060539 85.51478363573551 60
      vertex -85.01480577065395 79.55 60
      vertex -88.01478363573551 85.95886895060539 60
    endloop
  endfacet
  facet normal 0 0 1
    outer loop
      vertex -88.01478363573551 85.95886895060539 60
      vertex -84.55303765443708 80.26106054356903 60
      vertex -87.52671151608229 86.35410196334124 60
    endloop
  endfacet
  facet normal 0 0 1
    outer loop
      vertex -87.52671151608229 86.35410196334124 60
      vertex -84.01947308636689 80.91995791150676 60
      vertex -87 86.69615242630243 60
    endloop
  endfacet
  facet normal 0 0 1
    outer loop
      vertex -87.52671151608229 86.35410196334124 60
      vertex -84.55303765443708 80.26106054356903 60
      vertex -84.01947308636689 80.91995791150676 60
    endloop
  endfacet
  facet normal 0 0 1
    outer loop
      vertex -86.44041986018419 86.98127274215221 60
      vertex -84.01947308636689 80.91995791150676 60
      vertex -83.41995791150676 81.51947308636689 60
    endloop
  endfacet
  facet normal 0 0 1
    outer loop
      vertex -87 86.69615242630243 60
      vertex -84.01947308636689 80.91995791150676 60
      vertex -86.44041986018419 86.98127274215221 60
    endloop
  endfacet
  facet normal 0 0 1
    outer loop
      vertex -86.44041986018419 86.98127274215221 60
      vertex -83.41995791150676 81.51947308636689 60
      vertex -85.85410196334124 87.20633909851313 60
    endloop
  endfacet
  facet normal 0 0 1
    outer loop
      vertex -85.85410196334124 87.20633909851313 60
      vertex -83.41995791150676 81.51947308636689 60
      vertex -85.24747014790773 87.36888560652733 60
    endloop
  endfacet
  facet normal 0 0 1
    outer loop
      vertex -84.01947308636689 70.08004208849324 57.8
      vertex -83.41995791150676 81.51947308636689 57.8
      vertex -84.01947308636689 80.91995791150676 57.8
    endloop
  endfacet
  facet normal 0 0 1
    outer loop
      vertex -83.41995791150676 69.48052691363311 57.8
      vertex -82.76106054356903 82.05303765443708 57.8
      vertex -83.41995791150676 81.51947308636689 57.8
    endloop
  endfacet
  facet normal 0 0 1
    outer loop
      vertex -82.76106054356903 68.94696234556292 57.8
      vertex -82.05 82.51480577065395 57.8
      vertex -82.76106054356903 82.05303765443708 57.8
    endloop
  endfacet
  facet normal 0 0 1
    outer loop
      vertex -82.22671805531516 75.94424596888753 57.8
      vertex -82.15712730311867 76.38362468597548 57.8
      vertex -82.05 82.51480577065395 57.8
    endloop
  endfacet
  facet normal 0 0 1
    outer loop
      vertex -82.15712730311867 76.38362468597548 57.8
      vertex -82.0419901942544 76.81332222609353 57.8
      vertex -82.05 82.51480577065395 57.8
    endloop
  endfacet
  facet normal 0 0 1
    outer loop
      vertex -82.0419901942544 76.81332222609353 57.8
      vertex -81.88256819498105 77.22863073307215 57.8
      vertex -82.05 82.51480577065395 57.8
    endloop
  endfacet
  facet normal 0 0 1
    outer loop
      vertex -81.88256819498105 77.22863073307215 57.8
      vertex -81.68060796608387 77.625 57.8
      vertex -82.05 82.51480577065395 57.8
    endloop
  endfacet
  facet normal 0 0 1
    outer loop
      vertex -81.68060796608387 77.625 57.8
      vertex -81.43832222609353 77.99808732224301 57.8
      vertex -82.05 82.51480577065395 57.8
    endloop
  endfacet
  facet normal 0 0 1
    outer loop
      vertex -81.43832222609353 77.99808732224301 57.8
      vertex -81.29456680891398 82.89971820690506 57.8
      vertex -82.05 82.51480577065395 57.8
    endloop
  endfacet
  facet normal 0 0 1
    outer loop
      vertex -81.43832222609353 77.99808732224301 57.8
      vertex -81.15836550827892 78.34380507702515 57.8
      vertex -81.29456680891398 82.89971820690506 57.8
    endloop
  endfacet
  facet normal 0 0 1
    outer loop
      vertex -81.15836550827892 78.34380507702515 57.8
      vertex -80.84380507702515 78.65836550827892 57.8
      vertex -81.29456680891398 82.89971820690506 57.8
    endloop
  endfacet
  facet normal 0 0 1
    outer loop
      vertex -80.84380507702515 78.65836550827892 57.8
      vertex -80.49808732224301 78.93832222609353 57.8
      vertex -81.29456680891398 82.89971820690506 57.8
    endloop
  endfacet
  facet normal 0 0 1
    outer loop
      vertex -80.49808732224301 78.93832222609353 57.8
      vertex -80.125 79.18060796608387 57.8
      vertex -80.50303765443708 83.20355778199074 57.8
    endloop
  endfacet
  facet normal 0 0 1
    outer loop
      vertex -81.29456680891398 82.89971820690506 57.8
      vertex -80.49808732224301 78.93832222609353 57.8
      vertex -80.50303765443708 83.20355778199074 57.8
    endloop
  endfacet
  facet normal 0 0 1
    outer loop
      vertex -80.125 79.18060796608387 57.8
      vertex -79.72863073307215 79.38256819498105 57.8
      vertex -80.50303765443708 83.20355778199074 57.8
    endloop
  endfacet
  facet normal 0 0 1
    outer loop
      vertex -79.72863073307215 79.38256819498105 57.8
      vertex -79.31332222609353 79.5419901942544 57.8
      vertex -79.68408469562385 83.42299556594382 57.8
    endloop
  endfacet
  facet normal 0 0 1
    outer loop
      vertex -79.72863073307215 79.38256819498105 57.8
      vertex -79.68408469562385 83.42299556594382 57.8
      vertex -80.50303765443708 83.20355778199074 57.8
    endloop
  endfacet
  facet normal 0 0 1
    outer loop
      vertex -79.31332222609353 79.5419901942544 57.8
      vertex -78.88362468597548 79.65712730311867 57.8
      vertex -79.68408469562385 83.42299556594382 57.8
    endloop
  endfacet
  facet normal 0.7771459614569688 -0.62932039104984 0
    outer loop
      vertex -84.55303765443708 80.26106054356903 57.8
      vertex -84.01947308636689 80.91995791150676 57.8
      vertex -84.01947308636689 80.91995791150676 60
    endloop
  endfacet
  facet normal 0.7071067811865476 -0.7071067811865476 0
    outer loop
      vertex -84.01947308636689 80.91995791150676 57.8
      vertex -83.41995791150676 81.51947308636689 57.8
      vertex -83.41995791150676 81.51947308636689 60
    endloop
  endfacet
  facet normal 0.62932039104984 -0.7771459614569688 0
    outer loop
      vertex -83.41995791150676 81.51947308636689 57.8
      vertex -82.76106054356903 82.05303765443708 57.8
      vertex -82.76106054356903 82.05303765443708 60
    endloop
  endfacet
  facet normal 0.7071067811865476 -0.7071067811865476 0
    outer loop
      vertex -84.01947308636689 80.91995791150676 57.8
      vertex -83.41995791150676 81.51947308636689 60
      vertex -84.01947308636689 80.91995791150676 60
    endloop
  endfacet
  facet normal 0.62932039104984 -0.7771459614569688 0
    outer loop
      vertex -83.41995791150676 81.51947308636689 57.8
      vertex -82.76106054356903 82.05303765443708 60
      vertex -83.41995791150676 81.51947308636689 60
    endloop
  endfacet
  facet normal 0 0 1
    outer loop
      vertex -78.88362468597548 79.65712730311867 57.8
      vertex -78.84668055246799 83.55562735248301 57.8
      vertex -79.68408469562385 83.42299556594382 57.8
    endloop
  endfacet
  facet normal 0.5446390350150223 -0.8386705679454272 0
    outer loop
      vertex -82.76106054356903 82.05303765443708 57.8
      vertex -82.05 82.51480577065395 57.8
      vertex -82.05 82.51480577065395 60
    endloop
  endfacet
  facet normal 0 0 1
    outer loop
      vertex -85.24747014790773 87.36888560652733 60
      vertex -83.41995791150676 81.51947308636689 60
      vertex -82.76106054356903 82.05303765443708 60
    endloop
  endfacet
  facet normal 0.5446390350150223 -0.8386705679454272 0
    outer loop
      vertex -82.76106054356903 82.05303765443708 57.8
      vertex -82.05 82.51480577065395 60
      vertex -82.76106054356903 82.05303765443708 60
    endloop
  endfacet
  facet normal 0.45399049973954864 -0.891006524188367 0
    outer loop
      vertex -82.05 82.51480577065395 57.8
      vertex -81.29456680891398 82.89971820690506 60
      vertex -82.05 82.51480577065395 60
    endloop
  endfacet
  facet normal 0 0 1
    outer loop
      vertex -84 87.5 60
      vertex -82.76106054356903 82.05303765443708 60
      vertex -82.05 82.51480577065395 60
    endloop
  endfacet
  facet normal 0 0 1
    outer loop
      vertex -84 87.5 60
      vertex -82.05 82.51480577065395 60
      vertex -81.29456680891398 82.89971820690506 60
    endloop
  endfacet
  facet normal 0 0 1
    outer loop
      vertex -84 87.5 60
      vertex -81.29456680891398 82.89971820690506 60
      vertex -80.50303765443708 83.20355778199074 60
    endloop
  endfacet
  facet normal 0 0 1
    outer loop
      vertex -85.24747014790773 87.36888560652733 60
      vertex -82.76106054356903 82.05303765443708 60
      vertex -84.62717077881098 87.4671313688159 60
    endloop
  endfacet
  facet normal 0 0 1
    outer loop
      vertex -84.62717077881098 87.4671313688159 60
      vertex -82.76106054356903 82.05303765443708 60
      vertex -84 87.5 60
    endloop
  endfacet
  facet normal 0.45399049973954864 -0.891006524188367 0
    outer loop
      vertex -82.05 82.51480577065395 57.8
      vertex -81.29456680891398 82.89971820690506 57.8
      vertex -81.29456680891398 82.89971820690506 60
    endloop
  endfacet
  facet normal 0.3583679495452997 -0.9335804264972021 0
    outer loop
      vertex -81.29456680891398 82.89971820690506 57.8
      vertex -80.50303765443708 83.20355778199074 57.8
      vertex -80.50303765443708 83.20355778199074 60
    endloop
  endfacet
  facet normal 0.258819045102521 -0.9659258262890682 0
    outer loop
      vertex -80.50303765443708 83.20355778199074 57.8
      vertex -79.68408469562385 83.42299556594382 57.8
      vertex -79.68408469562385 83.42299556594382 60
    endloop
  endfacet
  facet normal 0.1564344650402346 -0.9876883405951371 0
    outer loop
      vertex -79.68408469562385 83.42299556594382 57.8
      vertex -78.84668055246799 83.55562735248301 57.8
      vertex -78.84668055246799 83.55562735248301 60
    endloop
  endfacet
  facet normal 0.3583679495452997 -0.9335804264972021 0
    outer loop
      vertex -81.29456680891398 82.89971820690506 57.8
      vertex -80.50303765443708 83.20355778199074 60
      vertex -81.29456680891398 82.89971820690506 60
    endloop
  endfacet
  facet normal 0.258819045102521 -0.9659258262890682 0
    outer loop
      vertex -80.50303765443708 83.20355778199074 57.8
      vertex -79.68408469562385 83.42299556594382 60
      vertex -80.50303765443708 83.20355778199074 60
    endloop
  endfacet
  facet normal 0 0 1
    outer loop
      vertex -84 87.5 60
      vertex -80.50303765443708 83.20355778199074 60
      vertex -79.68408469562385 83.42299556594382 60
    endloop
  endfacet
  facet normal 0.1564344650402346 -0.9876883405951371 0
    outer loop
      vertex -79.68408469562385 83.42299556594382 57.8
      vertex -78.84668055246799 83.55562735248301 60
      vertex -79.68408469562385 83.42299556594382 60
    endloop
  endfacet
  facet normal 0 0 1
    outer loop
      vertex -84 87.5 60
      vertex -79.68408469562385 83.42299556594382 60
      vertex -78.84668055246799 83.55562735248301 60
    endloop
  endfacet
  facet normal 0 0 1
    outer loop
      vertex -84 87.5 60
      vertex -78.84668055246799 83.55562735248301 60
      vertex -78 83.6 60
    endloop
  endfacet
  facet normal 0 0 1
    outer loop
      vertex -84 87.5 60
      vertex -78 83.6 60
      vertex -77.15331944753201 83.55562735248301 60
    endloop
  endfacet
  facet normal 0 0 1
    outer loop
      vertex -84 87.5 60
      vertex -77.15331944753201 83.55562735248301 60
      vertex -76.31591530437615 83.42299556594382 60
    endloop
  endfacet
  facet normal 0 0 1
    outer loop
      vertex -78.84668055246799 67.44437264751699 57.8
      vertex -78 67.4 57.8
      vertex -78 71.25 57.8
    endloop
  endfacet
  facet normal 0 0 1
    outer loop
      vertex -78 67.4 57.8
      vertex -77.15331944753201 67.44437264751699 57.8
      vertex -78 71.25 57.8
    endloop
  endfacet
  facet normal 0 0 1
    outer loop
      vertex -78.84668055246799 67.44437264751699 57.8
      vertex -78.44424596888753 71.27328194468484 57.8
      vertex -78.88362468597548 71.34287269688133 57.8
    endloop
  endfacet
  facet normal 0 0 1
    outer loop
      vertex -78.84668055246799 67.44437264751699 57.8
      vertex -78 71.25 57.8
      vertex -78.44424596888753 71.27328194468484 57.8
    endloop
  endfacet
  facet normal 0 0 1
    outer loop
      vertex -77.15331944753201 67.44437264751699 57.8
      vertex -77.55575403111247 71.27328194468484 57.8
      vertex -78 71.25 57.8
    endloop
  endfacet
  facet normal 0 0 1
    outer loop
      vertex -77.15331944753201 67.44437264751699 57.8
      vertex -76.31591530437615 67.57700443405618 57.8
      vertex -77.11637531402452 71.34287269688133 57.8
    endloop
  endfacet
  facet normal 0 0 1
    outer loop
      vertex -76.31591530437615 67.57700443405618 57.8
      vertex -75.49696234556292 67.79644221800926 57.8
      vertex -76.27136926692785 71.61743180501895 57.8
    endloop
  endfacet
  facet normal 0 0 1
    outer loop
      vertex -77.15331944753201 67.44437264751699 57.8
      vertex -77.11637531402452 71.34287269688133 57.8
      vertex -77.55575403111247 71.27328194468484 57.8
    endloop
  endfacet
  facet normal 0 0 1
    outer loop
      vertex -76.31591530437615 67.57700443405618 57.8
      vertex -76.68667777390647 71.4580098057456 57.8
      vertex -77.11637531402452 71.34287269688133 57.8
    endloop
  endfacet
  facet normal 0 0 1
    outer loop
      vertex -76.31591530437615 67.57700443405618 57.8
      vertex -76.27136926692785 71.61743180501895 57.8
      vertex -76.68667777390647 71.4580098057456 57.8
    endloop
  endfacet
  facet normal 0 0 1
    outer loop
      vertex -75.49696234556292 67.79644221800926 57.8
      vertex -74.70543319108602 68.10028179309494 57.8
      vertex -75.50191267775699 72.06167777390647 57.8
    endloop
  endfacet
  facet normal 0 0 1
    outer loop
      vertex -75.49696234556292 67.79644221800926 57.8
      vertex -75.875 71.81939203391613 57.8
      vertex -76.27136926692785 71.61743180501895 57.8
    endloop
  endfacet
  facet normal 0 0 1
    outer loop
      vertex -75.49696234556292 67.79644221800926 57.8
      vertex -75.50191267775699 72.06167777390647 57.8
      vertex -75.875 71.81939203391613 57.8
    endloop
  endfacet
  facet normal 0 0 1
    outer loop
      vertex -75.50191267775699 72.06167777390647 57.8
      vertex -74.70543319108602 68.10028179309494 57.8
      vertex -75.15619492297485 72.34163449172108 57.8
    endloop
  endfacet
  facet normal 0 0 1
    outer loop
      vertex -74.70543319108602 68.10028179309494 57.8
      vertex -74.84163449172108 72.65619492297485 57.8
      vertex -75.15619492297485 72.34163449172108 57.8
    endloop
  endfacet
  facet normal 0 0 1
    outer loop
      vertex -74.70543319108602 68.10028179309494 57.8
      vertex -73.95 68.48519422934605 57.8
      vertex -74.56167777390647 73.00191267775699 57.8
    endloop
  endfacet
  facet normal 0.0523359562429368 0.9986295347545743 0
    outer loop
      vertex -78.84668055246799 67.44437264751699 57.8
      vertex -78.84668055246799 67.44437264751699 60
      vertex -78 67.4 57.8
    endloop
  endfacet
  facet normal -0.0523359562429368 0.9986295347545743 0
    outer loop
      vertex -78 67.4 57.8
      vertex -78 67.4 60
      vertex -77.15331944753201 67.44437264751699 57.8
    endloop
  endfacet
  facet normal -0.1564344650402346 0.9876883405951371 0
    outer loop
      vertex -77.15331944753201 67.44437264751699 57.8
      vertex -77.15331944753201 67.44437264751699 60
      vertex -76.31591530437615 67.57700443405618 57.8
    endloop
  endfacet
  facet normal -0.258819045102521 0.9659258262890682 0
    outer loop
      vertex -76.31591530437615 67.57700443405618 57.8
      vertex -76.31591530437615 67.57700443405618 60
      vertex -75.49696234556292 67.79644221800926 57.8
    endloop
  endfacet
  facet normal 0 0 1
    outer loop
      vertex -77.92154992371798 63.504111394286156 60
      vertex -78 67.4 60
      vertex -78.84668055246799 67.44437264751699 60
    endloop
  endfacet
  facet normal 0.0523359562429368 0.9986295347545743 0
    outer loop
      vertex -78 67.4 57.8
      vertex -78.84668055246799 67.44437264751699 60
      vertex -78 67.4 60
    endloop
  endfacet
  facet normal -0.0523359562429368 0.9986295347545743 0
    outer loop
      vertex -77.15331944753201 67.44437264751699 57.8
      vertex -78 67.4 60
      vertex -77.15331944753201 67.44437264751699 60
    endloop
  endfacet
  facet normal 0 0 1
    outer loop
      vertex -76.66806792467833 63.57802638411522 60
      vertex -77.15331944753201 67.44437264751699 60
      vertex -78 67.4 60
    endloop
  endfacet
  facet normal 0 0 1
    outer loop
      vertex -75.42917874455452 63.78256103396416 60
      vertex -76.31591530437615 67.57700443405618 60
      vertex -77.15331944753201 67.44437264751699 60
    endloop
  endfacet
  facet normal -0.1564344650402346 0.9876883405951371 0
    outer loop
      vertex -76.31591530437615 67.57700443405618 57.8
      vertex -77.15331944753201 67.44437264751699 60
      vertex -76.31591530437615 67.57700443405618 60
    endloop
  endfacet
  facet normal -0.3583679495452997 0.9335804264972021 0
    outer loop
      vertex -75.49696234556292 67.79644221800926 57.8
      vertex -75.49696234556292 67.79644221800926 60
      vertex -74.70543319108602 68.10028179309494 57.8
    endloop
  endfacet
  facet normal -0.45399049973954864 0.891006524188367 0
    outer loop
      vertex -74.70543319108602 68.10028179309494 57.8
      vertex -74.70543319108602 68.10028179309494 60
      vertex -73.95 68.48519422934605 57.8
    endloop
  endfacet
  facet normal 0 0 1
    outer loop
      vertex -74.2184560149908 64.11547440290451 60
      vertex -75.49696234556292 67.79644221800926 60
      vertex -76.31591530437615 67.57700443405618 60
    endloop
  endfacet
  facet normal -0.258819045102521 0.9659258262890682 0
    outer loop
      vertex -75.49696234556292 67.79644221800926 57.8
      vertex -76.31591530437615 67.57700443405618 60
      vertex -75.49696234556292 67.79644221800926 60
    endloop
  endfacet
  facet normal -0.3583679495452997 0.9335804264972021 0
    outer loop
      vertex -74.70543319108602 68.10028179309494 57.8
      vertex -75.49696234556292 67.79644221800926 60
      vertex -74.70543319108602 68.10028179309494 60
    endloop
  endfacet
  facet normal 0 0 1
    outer loop
      vertex -73.1925001963973 64.50930194556713 60
      vertex -73.04916489869356 64.57311893254519 60
      vertex -75.49696234556292 67.79644221800926 60
    endloop
  endfacet
  facet normal 0 0 1
    outer loop
      vertex -73.04916489869356 64.57311893254519 60
      vertex -74.70543319108602 68.10028179309494 60
      vertex -75.49696234556292 67.79644221800926 60
    endloop
  endfacet
  facet normal 0 0 1
    outer loop
      vertex -73.04916489869356 64.57311893254519 60
      vertex -72.06999537348747 65.07203072309494 60
      vertex -74.70543319108602 68.10028179309494 60
    endloop
  endfacet
  facet normal -0.45399049973954864 0.891006524188367 0
    outer loop
      vertex -73.95 68.48519422934605 57.8
      vertex -74.70543319108602 68.10028179309494 60
      vertex -73.95 68.48519422934605 60
    endloop
  endfacet
  facet normal 0 0 1
    outer loop
      vertex -72.06999537348747 65.07203072309494 60
      vertex -73.95 68.48519422934605 60
      vertex -74.70543319108602 68.10028179309494 60
    endloop
  endfacet
  facet normal -0.5446390350150223 0.8386705679454272 0
    outer loop
      vertex -73.95 68.48519422934605 57.8
      vertex -73.95 68.48519422934605 60
      vertex -73.23893945643097 68.94696234556292 57.8
    endloop
  endfacet
  facet normal -0.5446390350150223 0.8386705679454272 0
    outer loop
      vertex -73.23893945643097 68.94696234556292 57.8
      vertex -73.95 68.48519422934605 60
      vertex -73.23893945643097 68.94696234556292 60
    endloop
  endfacet
  facet normal 0 0 1
    outer loop
      vertex -74.70543319108602 68.10028179309494 57.8
      vertex -74.56167777390647 73.00191267775699 57.8
      vertex -74.84163449172108 72.65619492297485 57.8
    endloop
  endfacet
  facet normal 0 0 1
    outer loop
      vertex -73.95 68.48519422934605 57.8
      vertex -74.31939203391613 73.375 57.8
      vertex -74.56167777390647 73.00191267775699 57.8
    endloop
  endfacet
  facet normal 0 0 1
    outer loop
      vertex -73.95 68.48519422934605 57.8
      vertex -74.11743180501895 73.77136926692785 57.8
      vertex -74.31939203391613 73.375 57.8
    endloop
  endfacet
  facet normal 0 0 1
    outer loop
      vertex -73.95 68.48519422934605 57.8
      vertex -73.9580098057456 74.18667777390647 57.8
      vertex -74.11743180501895 73.77136926692785 57.8
    endloop
  endfacet
  facet normal 0 0 1
    outer loop
      vertex -73.95 68.48519422934605 57.8
      vertex -73.84287269688133 74.61637531402452 57.8
      vertex -73.9580098057456 74.18667777390647 57.8
    endloop
  endfacet
  facet normal 0 0 1
    outer loop
      vertex -73.95 68.48519422934605 57.8
      vertex -73.77328194468484 75.05575403111247 57.8
      vertex -73.84287269688133 74.61637531402452 57.8
    endloop
  endfacet
  facet normal 0 0 1
    outer loop
      vertex -73.95 68.48519422934605 57.8
      vertex -73.23893945643097 68.94696234556292 57.8
      vertex -73.23893945643097 82.05303765443708 57.8
    endloop
  endfacet
  facet normal 0 0 1
    outer loop
      vertex -73.95 68.48519422934605 57.8
      vertex -73.23893945643097 82.05303765443708 57.8
      vertex -73.77328194468484 75.05575403111247 57.8
    endloop
  endfacet
  facet normal 0 0 1
    outer loop
      vertex -72.06999537348747 65.07203072309494 60
      vertex -71.93411602079868 65.15048070251942 60
      vertex -73.95 68.48519422934605 60
    endloop
  endfacet
  facet normal 0 0 1
    outer loop
      vertex -71.93411602079868 65.15048070251942 60
      vertex -71.01246091723442 65.74901052564383 60
      vertex -73.95 68.48519422934605 60
    endloop
  endfacet
  facet normal 0 0 1
    outer loop
      vertex -71.01246091723442 65.74901052564383 60
      vertex -73.23893945643097 68.94696234556292 60
      vertex -73.95 68.48519422934605 60
    endloop
  endfacet
  facet normal 0 0 1
    outer loop
      vertex -70.03148353844881 66.53282410651445 60
      vertex -72.58004208849324 69.48052691363311 60
      vertex -73.23893945643097 68.94696234556292 60
    endloop
  endfacet
  facet normal 0 0 1
    outer loop
      vertex -71.01246091723442 65.74901052564383 60
      vertex -70.88552622497082 65.8412339836359 60
      vertex -73.23893945643097 68.94696234556292 60
    endloop
  endfacet
  facet normal 0 0 1
    outer loop
      vertex -70.88552622497082 65.8412339836359 60
      vertex -70.03148353844881 66.53282410651445 60
      vertex -73.23893945643097 68.94696234556292 60
    endloop
  endfacet
  facet normal 0 0 1
    outer loop
      vertex -70.03148353844881 66.53282410651445 60
      vertex -69.91488401591778 66.63781078904867 60
      vertex -72.58004208849324 69.48052691363311 60
    endloop
  endfacet
  facet normal 0 0 1
    outer loop
      vertex -69.91488401591778 66.63781078904867 60
      vertex -69.13781078159809 67.41488402336836 60
      vertex -72.58004208849324 69.48052691363311 60
    endloop
  endfacet
  facet normal -0.62932039104984 0.7771459614569688 0
    outer loop
      vertex -73.23893945643097 68.94696234556292 57.8
      vertex -73.23893945643097 68.94696234556292 60
      vertex -72.58004208849324 69.48052691363311 57.8
    endloop
  endfacet
  facet normal -0.7071067811865476 0.7071067811865476 0
    outer loop
      vertex -72.58004208849324 69.48052691363311 57.8
      vertex -72.58004208849324 69.48052691363311 60
      vertex -71.98052691363311 70.08004208849324 57.8
    endloop
  endfacet
  facet normal -0.7771459614569688 0.62932039104984 0
    outer loop
      vertex -71.98052691363311 70.08004208849324 57.8
      vertex -71.98052691363311 70.08004208849324 60
      vertex -71.44696234556292 70.73893945643097 57.8
    endloop
  endfacet
  facet normal -0.8386705679454272 0.5446390350150223 0
    outer loop
      vertex -71.44696234556292 70.73893945643097 57.8
      vertex -71.44696234556292 70.73893945643097 60
      vertex -70.98519422934605 71.45 57.8
    endloop
  endfacet
  facet normal -0.62932039104984 0.7771459614569688 0
    outer loop
      vertex -72.58004208849324 69.48052691363311 57.8
      vertex -73.23893945643097 68.94696234556292 60
      vertex -72.58004208849324 69.48052691363311 60
    endloop
  endfacet
  facet normal -0.7071067811865476 0.7071067811865476 0
    outer loop
      vertex -71.98052691363311 70.08004208849324 57.8
      vertex -72.58004208849324 69.48052691363311 60
      vertex -71.98052691363311 70.08004208849324 60
    endloop
  endfacet
  facet normal 0 0 1
    outer loop
      vertex -69.13781078159809 67.41488402336836 60
      vertex -71.98052691363311 70.08004208849324 60
      vertex -72.58004208849324 69.48052691363311 60
    endloop
  endfacet
  facet normal 0 0 1
    outer loop
      vertex -69.03282411396503 67.53148353099823 60
      vertex -71.44696234556292 70.73893945643097 60
      vertex -71.98052691363311 70.08004208849324 60
    endloop
  endfacet
  facet normal -0.7771459614569688 0.62932039104984 0
    outer loop
      vertex -71.44696234556292 70.73893945643097 57.8
      vertex -71.98052691363311 70.08004208849324 60
      vertex -71.44696234556292 70.73893945643097 60
    endloop
  endfacet
  facet normal 0 0 1
    outer loop
      vertex -69.13781078159809 67.41488402336836 60
      vertex -69.03282411396503 67.53148353099823 60
      vertex -71.98052691363311 70.08004208849324 60
    endloop
  endfacet
  facet normal 0 0 1
    outer loop
      vertex -69.03282411396503 67.53148353099823 60
      vertex -68.3412339836359 68.38552622497082 60
      vertex -71.44696234556292 70.73893945643097 60
    endloop
  endfacet
  facet normal 0 0 1
    outer loop
      vertex -68.3412339836359 68.38552622497082 60
      vertex -68.24901052564383 68.51246091723442 60
      vertex -70.98519422934605 71.45 60
    endloop
  endfacet
  facet normal 0 0 1
    outer loop
      vertex -68.3412339836359 68.38552622497082 60
      vertex -70.98519422934605 71.45 60
      vertex -71.44696234556292 70.73893945643097 60
    endloop
  endfacet
  facet normal 0 0 1
    outer loop
      vertex -67.65048070251942 69.43411602079868 60
      vertex -70.60028179309494 72.20543319108602 60
      vertex -70.98519422934605 71.45 60
    endloop
  endfacet
  facet normal 0 0 1
    outer loop
      vertex -68.24901052564383 68.51246091723442 60
      vertex -67.65048070251942 69.43411602079868 60
      vertex -70.98519422934605 71.45 60
    endloop
  endfacet
  facet normal 0 0 1
    outer loop
      vertex -67.65048070251942 69.43411602079868 60
      vertex -67.57203072309494 69.56999537348747 60
      vertex -70.60028179309494 72.20543319108602 60
    endloop
  endfacet
  facet normal 0 0 1
    outer loop
      vertex -67.57203072309494 69.56999537348747 60
      vertex -67.07311893254519 70.54916489869356 60
      vertex -70.60028179309494 72.20543319108602 60
    endloop
  endfacet
  facet normal 0 0 1
    outer loop
      vertex -73.23893945643097 68.94696234556292 57.8
      vertex -72.58004208849324 69.48052691363311 57.8
      vertex -72.58004208849324 81.51947308636689 57.8
    endloop
  endfacet
  facet normal 0 0 1
    outer loop
      vertex -72.58004208849324 69.48052691363311 57.8
      vertex -71.98052691363311 70.08004208849324 57.8
      vertex -71.98052691363311 80.91995791150676 57.8
    endloop
  endfacet
  facet normal 0 0 1
    outer loop
      vertex -71.98052691363311 70.08004208849324 57.8
      vertex -71.44696234556292 70.73893945643097 57.8
      vertex -71.44696234556292 80.26106054356903 57.8
    endloop
  endfacet
  facet normal 0 0 1
    outer loop
      vertex -71.44696234556292 70.73893945643097 57.8
      vertex -70.98519422934605 71.45 57.8
      vertex -70.98519422934605 79.55 57.8
    endloop
  endfacet
  facet normal 0 0 1
    outer loop
      vertex -70.98519422934605 71.45 57.8
      vertex -70.60028179309494 72.20543319108602 57.8
      vertex -70.60028179309494 78.79456680891398 57.8
    endloop
  endfacet
  facet normal 0 0 1
    outer loop
      vertex -70.60028179309494 72.20543319108602 57.8
      vertex -70.29644221800926 72.99696234556292 57.8
      vertex -70.29644221800926 78.00303765443708 57.8
    endloop
  endfacet
  facet normal 0 0 1
    outer loop
      vertex -70.60028179309494 72.20543319108602 57.8
      vertex -70.29644221800926 78.00303765443708 57.8
      vertex -70.60028179309494 78.79456680891398 57.8
    endloop
  endfacet
  facet normal 0 0 1
    outer loop
      vertex -70.29644221800926 72.99696234556292 57.8
      vertex -70.07700443405618 73.81591530437615 57.8
      vertex -70.07700443405618 77.18408469562385 57.8
    endloop
  endfacet
  facet normal 0 0 1
    outer loop
      vertex -70.07700443405618 73.81591530437615 57.8
      vertex -69.94437264751699 74.65331944753201 57.8
      vertex -69.94437264751699 76.34668055246799 57.8
    endloop
  endfacet
  facet normal 0 0 1
    outer loop
      vertex -70.07700443405618 73.81591530437615 57.8
      vertex -69.94437264751699 76.34668055246799 57.8
      vertex -70.07700443405618 77.18408469562385 57.8
    endloop
  endfacet
  facet normal 0 0 1
    outer loop
      vertex -69.94437264751699 74.65331944753201 57.8
      vertex -69.9 75.5 57.8
      vertex -69.94437264751699 76.34668055246799 57.8
    endloop
  endfacet
  facet normal 0 0 1
    outer loop
      vertex -70.29644221800926 72.99696234556292 57.8
      vertex -70.07700443405618 77.18408469562385 57.8
      vertex -70.29644221800926 78.00303765443708 57.8
    endloop
  endfacet
  facet normal -0.891006524188367 0.45399049973954864 0
    outer loop
      vertex -70.98519422934605 71.45 57.8
      vertex -70.98519422934605 71.45 60
      vertex -70.60028179309494 72.20543319108602 57.8
    endloop
  endfacet
  facet normal -0.9335804264972021 0.3583679495452997 0
    outer loop
      vertex -70.60028179309494 72.20543319108602 57.8
      vertex -70.60028179309494 72.20543319108602 60
      vertex -70.29644221800926 72.99696234556292 57.8
    endloop
  endfacet
  facet normal -0.8386705679454272 0.5446390350150223 0
    outer loop
      vertex -70.98519422934605 71.45 57.8
      vertex -71.44696234556292 70.73893945643097 60
      vertex -70.98519422934605 71.45 60
    endloop
  endfacet
  facet normal -0.891006524188367 0.45399049973954864 0
    outer loop
      vertex -70.60028179309494 72.20543319108602 57.8
      vertex -70.98519422934605 71.45 60
      vertex -70.60028179309494 72.20543319108602 60
    endloop
  endfacet
  facet normal -0.9335804264972021 0.3583679495452997 0
    outer loop
      vertex -70.29644221800926 72.99696234556292 57.8
      vertex -70.60028179309494 72.20543319108602 60
      vertex -70.29644221800926 72.99696234556292 60
    endloop
  endfacet
  facet normal -0.9659258262890682 0.258819045102521 0
    outer loop
      vertex -70.29644221800926 72.99696234556292 57.8
      vertex -70.29644221800926 72.99696234556292 60
      vertex -70.07700443405618 73.81591530437615 57.8
    endloop
  endfacet
  facet normal 0 0 1
    outer loop
      vertex -67.07311893254519 70.54916489869356 60
      vertex -70.29644221800926 72.99696234556292 60
      vertex -70.60028179309494 72.20543319108602 60
    endloop
  endfacet
  facet normal -0.9659258262890682 0.258819045102521 0
    outer loop
      vertex -70.07700443405618 73.81591530437615 57.8
      vertex -70.29644221800926 72.99696234556292 60
      vertex -70.07700443405618 73.81591530437615 60
    endloop
  endfacet
  facet normal 0 0 1
    outer loop
      vertex -66.61547438800335 71.71845606714487 60
      vertex -70.07700443405618 73.81591530437615 60
      vertex -70.29644221800926 72.99696234556292 60
    endloop
  endfacet
  facet normal 0 0 1
    outer loop
      vertex -67.07311893254519 70.54916489869356 60
      vertex -67.00930196791887 70.69250015169382 60
      vertex -70.29644221800926 72.99696234556292 60
    endloop
  endfacet
  facet normal 0 0 1
    outer loop
      vertex -67.00930196791887 70.69250015169382 60
      vertex -66.61547438800335 71.71845606714487 60
      vertex -70.29644221800926 72.99696234556292 60
    endloop
  endfacet
  facet normal 0 0 1
    outer loop
      vertex -66.61547438800335 71.71845606714487 60
      vertex -69.94437264751699 74.65331944753201 60
      vertex -70.07700443405618 73.81591530437615 60
    endloop
  endfacet
  facet normal 0 0 1
    outer loop
      vertex -66.61547438800335 71.71845606714487 60
      vertex -66.56698954850435 71.86767706274986 60
      vertex -69.94437264751699 74.65331944753201 60
    endloop
  endfacet
  facet normal 0 0 1
    outer loop
      vertex -66.56698954850435 71.86767706274986 60
      vertex -66.28256103396416 72.92917874455452 60
      vertex -69.94437264751699 74.65331944753201 60
    endloop
  endfacet
  facet normal -0.9876883405951371 0.1564344650402346 0
    outer loop
      vertex -70.07700443405618 73.81591530437615 57.8
      vertex -70.07700443405618 73.81591530437615 60
      vertex -69.94437264751699 74.65331944753201 57.8
    endloop
  endfacet
  facet normal -0.9986295347545743 0.0523359562429368 0
    outer loop
      vertex -69.94437264751699 74.65331944753201 57.8
      vertex -69.94437264751699 74.65331944753201 60
      vertex -69.9 75.5 57.8
    endloop
  endfacet
  facet normal -0.9986295347545743 -0.0523359562429368 0
    outer loop
      vertex -69.9 75.5 57.8
      vertex -69.9 75.5 60
      vertex -69.94437264751699 76.34668055246799 57.8
    endloop
  endfacet
  facet normal -0.9876883405951371 0.1564344650402346 0
    outer loop
      vertex -69.94437264751699 74.65331944753201 57.8
      vertex -70.07700443405618 73.81591530437615 60
      vertex -69.94437264751699 74.65331944753201 60
    endloop
  endfacet
  facet normal -0.9986295347545743 0.0523359562429368 0
    outer loop
      vertex -69.9 75.5 57.8
      vertex -69.94437264751699 74.65331944753201 60
      vertex -69.9 75.5 60
    endloop
  endfacet
  facet normal -0.9986295347545743 -0.0523359562429368 0
    outer loop
      vertex -69.94437264751699 76.34668055246799 57.8
      vertex -69.9 75.5 60
      vertex -69.94437264751699 76.34668055246799 60
    endloop
  endfacet
  facet normal 0 0 1
    outer loop
      vertex -66.28256103396416 72.92917874455452 60
      vertex -69.9 75.5 60
      vertex -69.94437264751699 74.65331944753201 60
    endloop
  endfacet
  facet normal 0 0 1
    outer loop
      vertex -66.07802639901638 74.16806780546904 60
      vertex -69.94437264751699 76.34668055246799 60
      vertex -69.9 75.5 60
    endloop
  endfacet
  facet normal 0 0 1
    outer loop
      vertex -66.06162585318089 74.3241085857153 60
      vertex -70.07700443405618 77.18408469562385 60
      vertex -69.94437264751699 76.34668055246799 60
    endloop
  endfacet
  facet normal 0 0 1
    outer loop
      vertex -78.88362468597548 79.65712730311867 57.8
      vertex -78.44424596888753 79.72671805531516 57.8
      vertex -78.84668055246799 83.55562735248301 57.8
    endloop
  endfacet
  facet normal 0 0 1
    outer loop
      vertex -78.44424596888753 79.72671805531516 57.8
      vertex -78 79.75 57.8
      vertex -78.84668055246799 83.55562735248301 57.8
    endloop
  endfacet
  facet normal 0 0 1
    outer loop
      vertex -78 79.75 57.8
      vertex -77.55575403111247 79.72671805531516 57.8
      vertex -77.15331944753201 83.55562735248301 57.8
    endloop
  endfacet
  facet normal 0 0 1
    outer loop
      vertex -77.11637531402452 79.65712730311867 57.8
      vertex -77.15331944753201 83.55562735248301 57.8
      vertex -77.55575403111247 79.72671805531516 57.8
    endloop
  endfacet
  facet normal 0 0 1
    outer loop
      vertex -77.11637531402452 79.65712730311867 57.8
      vertex -76.68667777390647 79.5419901942544 57.8
      vertex -76.31591530437615 83.42299556594382 57.8
    endloop
  endfacet
  facet normal 0 0 1
    outer loop
      vertex -76.68667777390647 79.5419901942544 57.8
      vertex -76.27136926692785 79.38256819498105 57.8
      vertex -76.31591530437615 83.42299556594382 57.8
    endloop
  endfacet
  facet normal 0 0 1
    outer loop
      vertex -76.27136926692785 79.38256819498105 57.8
      vertex -75.49696234556292 83.20355778199074 57.8
      vertex -76.31591530437615 83.42299556594382 57.8
    endloop
  endfacet
  facet normal 0 0 1
    outer loop
      vertex -73.77328194468484 75.05575403111247 57.8
      vertex -73.23893945643097 82.05303765443708 57.8
      vertex -73.75 75.5 57.8
    endloop
  endfacet
  facet normal 0 0 1
    outer loop
      vertex -73.75 75.5 57.8
      vertex -73.23893945643097 82.05303765443708 57.8
      vertex -73.77328194468484 75.94424596888753 57.8
    endloop
  endfacet
  facet normal 0 0 1
    outer loop
      vertex -73.84287269688133 76.38362468597548 57.8
      vertex -73.95 82.51480577065395 57.8
      vertex -73.9580098057456 76.81332222609353 57.8
    endloop
  endfacet
  facet normal 0 0 1
    outer loop
      vertex -74.11743180501895 77.22863073307215 57.8
      vertex -73.9580098057456 76.81332222609353 57.8
      vertex -73.95 82.51480577065395 57.8
    endloop
  endfacet
  facet normal 0 0 1
    outer loop
      vertex -74.11743180501895 77.22863073307215 57.8
      vertex -73.95 82.51480577065395 57.8
      vertex -74.31939203391613 77.625 57.8
    endloop
  endfacet
  facet normal 0 0 1
    outer loop
      vertex -73.77328194468484 75.94424596888753 57.8
      vertex -73.23893945643097 82.05303765443708 57.8
      vertex -73.84287269688133 76.38362468597548 57.8
    endloop
  endfacet
  facet normal 0 0 1
    outer loop
      vertex -76.27136926692785 79.38256819498105 57.8
      vertex -75.875 79.18060796608387 57.8
      vertex -75.49696234556292 83.20355778199074 57.8
    endloop
  endfacet
  facet normal 0 0 1
    outer loop
      vertex -75.50191267775699 78.93832222609353 57.8
      vertex -75.49696234556292 83.20355778199074 57.8
      vertex -75.875 79.18060796608387 57.8
    endloop
  endfacet
  facet normal 0 0 1
    outer loop
      vertex -75.50191267775699 78.93832222609353 57.8
      vertex -75.15619492297485 78.65836550827892 57.8
      vertex -75.49696234556292 83.20355778199074 57.8
    endloop
  endfacet
  facet normal 0 0 1
    outer loop
      vertex -74.84163449172108 78.34380507702515 57.8
      vertex -74.70543319108602 82.89971820690506 57.8
      vertex -75.15619492297485 78.65836550827892 57.8
    endloop
  endfacet
  facet normal 0 0 1
    outer loop
      vertex -74.84163449172108 78.34380507702515 57.8
      vertex -74.56167777390647 77.99808732224301 57.8
      vertex -74.70543319108602 82.89971820690506 57.8
    endloop
  endfacet
  facet normal 0 0 1
    outer loop
      vertex -75.49696234556292 83.20355778199074 57.8
      vertex -75.15619492297485 78.65836550827892 57.8
      vertex -74.70543319108602 82.89971820690506 57.8
    endloop
  endfacet
  facet normal 0 0 1
    outer loop
      vertex -74.31939203391613 77.625 57.8
      vertex -73.95 82.51480577065395 57.8
      vertex -74.56167777390647 77.99808732224301 57.8
    endloop
  endfacet
  facet normal 0 0 1
    outer loop
      vertex -73.84287269688133 76.38362468597548 57.8
      vertex -73.23893945643097 82.05303765443708 57.8
      vertex -73.95 82.51480577065395 57.8
    endloop
  endfacet
  facet normal 0 0 1
    outer loop
      vertex -74.56167777390647 77.99808732224301 57.8
      vertex -73.95 82.51480577065395 57.8
      vertex -74.70543319108602 82.89971820690506 57.8
    endloop
  endfacet
  facet normal 0 0 1
    outer loop
      vertex -78.84668055246799 83.55562735248301 57.8
      vertex -78 79.75 57.8
      vertex -78 83.6 57.8
    endloop
  endfacet
  facet normal 0 0 1
    outer loop
      vertex -78 79.75 57.8
      vertex -77.15331944753201 83.55562735248301 57.8
      vertex -78 83.6 57.8
    endloop
  endfacet
  facet normal 0 0 1
    outer loop
      vertex -77.11637531402452 79.65712730311867 57.8
      vertex -76.31591530437615 83.42299556594382 57.8
      vertex -77.15331944753201 83.55562735248301 57.8
    endloop
  endfacet
  facet normal 0.0523359562429368 -0.9986295347545743 0
    outer loop
      vertex -78.84668055246799 83.55562735248301 57.8
      vertex -78 83.6 57.8
      vertex -78 83.6 60
    endloop
  endfacet
  facet normal -0.0523359562429368 -0.9986295347545743 0
    outer loop
      vertex -78 83.6 57.8
      vertex -77.15331944753201 83.55562735248301 57.8
      vertex -77.15331944753201 83.55562735248301 60
    endloop
  endfacet
  facet normal -0.1564344650402346 -0.9876883405951371 0
    outer loop
      vertex -77.15331944753201 83.55562735248301 57.8
      vertex -76.31591530437615 83.42299556594382 57.8
      vertex -76.31591530437615 83.42299556594382 60
    endloop
  endfacet
  facet normal 0.0523359562429368 -0.9986295347545743 0
    outer loop
      vertex -78.84668055246799 83.55562735248301 57.8
      vertex -78 83.6 60
      vertex -78.84668055246799 83.55562735248301 60
    endloop
  endfacet
  facet normal -0.0523359562429368 -0.9986295347545743 0
    outer loop
      vertex -78 83.6 57.8
      vertex -77.15331944753201 83.55562735248301 60
      vertex -78 83.6 60
    endloop
  endfacet
  facet normal 0 0 1
    outer loop
      vertex -84 87.5 60
      vertex -76.31591530437615 83.42299556594382 60
      vertex -75.49696234556292 83.20355778199074 60
    endloop
  endfacet
  facet normal 0 0 1
    outer loop
      vertex -84 87.5 60
      vertex -75.49696234556292 83.20355778199074 60
      vertex -74.70543319108602 82.89971820690506 60
    endloop
  endfacet
  facet normal -0.258819045102521 -0.9659258262890682 0
    outer loop
      vertex -76.31591530437615 83.42299556594382 57.8
      vertex -75.49696234556292 83.20355778199074 60
      vertex -76.31591530437615 83.42299556594382 60
    endloop
  endfacet
  facet normal -0.1564344650402346 -0.9876883405951371 0
    outer loop
      vertex -77.15331944753201 83.55562735248301 57.8
      vertex -76.31591530437615 83.42299556594382 60
      vertex -77.15331944753201 83.55562735248301 60
    endloop
  endfacet
  facet normal -0.258819045102521 -0.9659258262890682 0
    outer loop
      vertex -76.31591530437615 83.42299556594382 57.8
      vertex -75.49696234556292 83.20355778199074 57.8
      vertex -75.49696234556292 83.20355778199074 60
    endloop
  endfacet
  facet normal -0.3583679495452997 -0.9335804264972021 0
    outer loop
      vertex -75.49696234556292 83.20355778199074 57.8
      vertex -74.70543319108602 82.89971820690506 57.8
      vertex -74.70543319108602 82.89971820690506 60
    endloop
  endfacet
  facet normal -0.45399049973954864 -0.891006524188367 0
    outer loop
      vertex -74.70543319108602 82.89971820690506 57.8
      vertex -73.95 82.51480577065395 57.8
      vertex -73.95 82.51480577065395 60
    endloop
  endfacet
  facet normal -0.5446390350150223 -0.8386705679454272 0
    outer loop
      vertex -73.23893945643097 82.05303765443708 57.8
      vertex -73.23893945643097 82.05303765443708 60
      vertex -73.95 82.51480577065395 57.8
    endloop
  endfacet
  facet normal -0.3583679495452997 -0.9335804264972021 0
    outer loop
      vertex -75.49696234556292 83.20355778199074 57.8
      vertex -74.70543319108602 82.89971820690506 60
      vertex -75.49696234556292 83.20355778199074 60
    endloop
  endfacet
  facet normal 0 0 1
    outer loop
      vertex -84 87.5 60
      vertex -74.70543319108602 82.89971820690506 60
      vertex -66.56698954105377 79.1323229148984 60
    endloop
  endfacet
  facet normal -0.45399049973954864 -0.891006524188367 0
    outer loop
      vertex -74.70543319108602 82.89971820690506 57.8
      vertex -73.95 82.51480577065395 60
      vertex -74.70543319108602 82.89971820690506 60
    endloop
  endfacet
  facet normal -0.5446390350150223 -0.8386705679454272 0
    outer loop
      vertex -73.95 82.51480577065395 57.8
      vertex -73.23893945643097 82.05303765443708 60
      vertex -73.95 82.51480577065395 60
    endloop
  endfacet
  facet normal 0 0 1
    outer loop
      vertex -73.23893945643097 68.94696234556292 57.8
      vertex -72.58004208849324 81.51947308636689 57.8
      vertex -73.23893945643097 82.05303765443708 57.8
    endloop
  endfacet
  facet normal 0 0 1
    outer loop
      vertex -71.98052691363311 70.08004208849324 57.8
      vertex -71.44696234556292 80.26106054356903 57.8
      vertex -71.98052691363311 80.91995791150676 57.8
    endloop
  endfacet
  facet normal 0 0 1
    outer loop
      vertex -72.58004208849324 69.48052691363311 57.8
      vertex -71.98052691363311 80.91995791150676 57.8
      vertex -72.58004208849324 81.51947308636689 57.8
    endloop
  endfacet
  facet normal 0 0 1
    outer loop
      vertex -71.44696234556292 70.73893945643097 57.8
      vertex -70.98519422934605 79.55 57.8
      vertex -71.44696234556292 80.26106054356903 57.8
    endloop
  endfacet
  facet normal 0 0 1
    outer loop
      vertex -70.98519422934605 71.45 57.8
      vertex -70.60028179309494 78.79456680891398 57.8
      vertex -70.98519422934605 79.55 57.8
    endloop
  endfacet
  facet normal -0.9335804264972021 -0.3583679495452997 0
    outer loop
      vertex -70.29644221800926 78.00303765443708 57.8
      vertex -70.29644221800926 78.00303765443708 60
      vertex -70.60028179309494 78.79456680891398 57.8
    endloop
  endfacet
  facet normal -0.891006524188367 -0.45399049973954864 0
    outer loop
      vertex -70.98519422934605 79.55 57.8
      vertex -70.60028179309494 78.79456680891398 57.8
      vertex -70.60028179309494 78.79456680891398 60
    endloop
  endfacet
  facet normal -0.9335804264972021 -0.3583679495452997 0
    outer loop
      vertex -70.60028179309494 78.79456680891398 57.8
      vertex -70.29644221800926 78.00303765443708 60
      vertex -70.60028179309494 78.79456680891398 60
    endloop
  endfacet
  facet normal -0.62932039104984 -0.7771459614569688 0
    outer loop
      vertex -73.23893945643097 82.05303765443708 57.8
      vertex -72.58004208849324 81.51947308636689 57.8
      vertex -72.58004208849324 81.51947308636689 60
    endloop
  endfacet
  facet normal -0.7071067811865476 -0.7071067811865476 0
    outer loop
      vertex -71.98052691363311 80.91995791150676 57.8
      vertex -71.98052691363311 80.91995791150676 60
      vertex -72.58004208849324 81.51947308636689 57.8
    endloop
  endfacet
  facet normal -0.8386705679454272 -0.5446390350150223 0
    outer loop
      vertex -71.44696234556292 80.26106054356903 57.8
      vertex -70.98519422934605 79.55 57.8
      vertex -70.98519422934605 79.55 60
    endloop
  endfacet
  facet normal -0.7771459614569688 -0.62932039104984 0
    outer loop
      vertex -71.98052691363311 80.91995791150676 57.8
      vertex -71.44696234556292 80.26106054356903 57.8
      vertex -71.44696234556292 80.26106054356903 60
    endloop
  endfacet
  facet normal -0.62932039104984 -0.7771459614569688 0
    outer loop
      vertex -73.23893945643097 82.05303765443708 57.8
      vertex -72.58004208849324 81.51947308636689 60
      vertex -73.23893945643097 82.05303765443708 60
    endloop
  endfacet
  facet normal -0.7071067811865476 -0.7071067811865476 0
    outer loop
      vertex -72.58004208849324 81.51947308636689 57.8
      vertex -71.98052691363311 80.91995791150676 60
      vertex -72.58004208849324 81.51947308636689 60
    endloop
  endfacet
  facet normal -0.7771459614569688 -0.62932039104984 0
    outer loop
      vertex -71.98052691363311 80.91995791150676 57.8
      vertex -71.44696234556292 80.26106054356903 60
      vertex -71.98052691363311 80.91995791150676 60
    endloop
  endfacet
  facet normal 0 0 1
    outer loop
      vertex -84 87.5 60
      vertex -66.56698954105377 79.1323229148984 60
      vertex -66.61547441035509 79.2815439850092 60
    endloop
  endfacet
  facet normal 0 0 1
    outer loop
      vertex -66.56698954105377 79.1323229148984 60
      vertex -74.70543319108602 82.89971820690506 60
      vertex -73.95 82.51480577065395 60
    endloop
  endfacet
  facet normal -0.8386705679454272 -0.5446390350150223 0
    outer loop
      vertex -71.44696234556292 80.26106054356903 57.8
      vertex -70.98519422934605 79.55 60
      vertex -71.44696234556292 80.26106054356903 60
    endloop
  endfacet
  facet normal -0.891006524188367 -0.45399049973954864 0
    outer loop
      vertex -70.98519422934605 79.55 57.8
      vertex -70.60028179309494 78.79456680891398 60
      vertex -70.98519422934605 79.55 60
    endloop
  endfacet
  facet normal 0 0 1
    outer loop
      vertex -66.56698954105377 79.1323229148984 60
      vertex -72.58004208849324 81.51947308636689 60
      vertex -71.98052691363311 80.91995791150676 60
    endloop
  endfacet
  facet normal 0 0 1
    outer loop
      vertex -66.56698954105377 79.1323229148984 60
      vertex -73.95 82.51480577065395 60
      vertex -73.23893945643097 82.05303765443708 60
    endloop
  endfacet
  facet normal 0 0 1
    outer loop
      vertex -66.56698954105377 79.1323229148984 60
      vertex -73.23893945643097 82.05303765443708 60
      vertex -72.58004208849324 81.51947308636689 60
    endloop
  endfacet
  facet normal -0.9876883405951371 -0.1564344650402346 0
    outer loop
      vertex -70.07700443405618 77.18408469562385 57.8
      vertex -69.94437264751699 76.34668055246799 57.8
      vertex -69.94437264751699 76.34668055246799 60
    endloop
  endfacet
  facet normal -0.9659258262890682 -0.258819045102521 0
    outer loop
      vertex -70.07700443405618 77.18408469562385 57.8
      vertex -70.07700443405618 77.18408469562385 60
      vertex -70.29644221800926 78.00303765443708 57.8
    endloop
  endfacet
  facet normal -0.9876883405951371 -0.1564344650402346 0
    outer loop
      vertex -70.07700443405618 77.18408469562385 57.8
      vertex -69.94437264751699 76.34668055246799 60
      vertex -70.07700443405618 77.18408469562385 60
    endloop
  endfacet
  facet normal -0.9659258262890682 -0.258819045102521 0
    outer loop
      vertex -70.29644221800926 78.00303765443708 57.8
      vertex -70.07700443405618 77.18408469562385 60
      vertex -70.29644221800926 78.00303765443708 60
    endloop
  endfacet
  facet normal 0 0 1
    outer loop
      vertex -66.06162586063147 76.67589152604342 60
      vertex -70.60028179309494 78.79456680891398 60
      vertex -70.29644221800926 78.00303765443708 60
    endloop
  endfacet
  facet normal 0 0 1
    outer loop
      vertex -66.06162586063147 76.67589152604342 60
      vertex -70.98519422934605 79.55 60
      vertex -70.60028179309494 78.79456680891398 60
    endloop
  endfacet
  facet normal 0 0 1
    outer loop
      vertex -66.24993965029716 77.91734971106052 60
      vertex -71.44696234556292 80.26106054356903 60
      vertex -70.98519422934605 79.55 60
    endloop
  endfacet
  facet normal 0 0 1
    outer loop
      vertex -66.00411139428616 75.4215499162674 60
      vertex -70.29644221800926 78.00303765443708 60
      vertex -70.07700443405618 77.18408469562385 60
    endloop
  endfacet
  facet normal 0 0 1
    outer loop
      vertex -66.06162586063147 76.67589152604342 60
      vertex -66.07802638411522 76.8319320678711 60
      vertex -70.98519422934605 79.55 60
    endloop
  endfacet
  facet normal 0 0 1
    outer loop
      vertex -66.24993965029716 77.91734971106052 60
      vertex -70.98519422934605 79.55 60
      vertex -66.07802638411522 76.8319320678711 60
    endloop
  endfacet
  facet normal 0 0 1
    outer loop
      vertex -66.24993965029716 77.91734971106052 60
      vertex -66.28256103396416 78.0708212479949 60
      vertex -71.98052691363311 80.91995791150676 60
    endloop
  endfacet
  facet normal 0 0 1
    outer loop
      vertex -66.24993965029716 77.91734971106052 60
      vertex -71.98052691363311 80.91995791150676 60
      vertex -71.44696234556292 80.26106054356903 60
    endloop
  endfacet
  facet normal 0 0 1
    outer loop
      vertex -66.28256103396416 78.0708212479949 60
      vertex -66.56698954105377 79.1323229148984 60
      vertex -71.98052691363311 80.91995791150676 60
    endloop
  endfacet
  facet normal 0 0 1
    outer loop
      vertex -84 87.5 60
      vertex -66.67050216346979 79.42489618808031 60
      vertex -66.7229304164648 79.57294901460409 60
    endloop
  endfacet
  facet normal 0 0 1
    outer loop
      vertex -84 87.5 60
      vertex -66.61547441035509 79.2815439850092 60
      vertex -66.67050216346979 79.42489618808031 60
    endloop
  endfacet
  facet normal 0 0 1
    outer loop
      vertex -84 87.5 60
      vertex -66.7229304164648 79.57294901460409 60
      vertex -66.8042036741972 79.87626492977142 60
    endloop
  endfacet
  facet normal 0 0 1
    outer loop
      vertex -84 87.5 60
      vertex -66.8042036741972 79.87626492977142 60
      vertex -66.85332655906677 80.18641460686922 60
    endloop
  endfacet
  facet normal 0 0 1
    outer loop
      vertex -84 87.5 60
      vertex -66.85332655906677 80.18641460686922 60
      vertex -66.86976087093353 80.5 60
    endloop
  endfacet
  facet normal 0 0 1
    outer loop
      vertex -84 87.5 60
      vertex -66.86976087093353 80.5 60
      vertex -66.85332655906677 80.81358539313078 60
    endloop
  endfacet
  facet normal 0 0 1
    outer loop
      vertex -84 87.5 60
      vertex -66.85332655906677 80.81358539313078 60
      vertex -66.8042036741972 81.12373507022858 60
    endloop
  endfacet
  facet normal 0 0 1
    outer loop
      vertex -84 87.5 60
      vertex -66.8042036741972 81.12373507022858 60
      vertex -66.7229304164648 81.42705098539591 60
    endloop
  endfacet
  facet normal 0 0 1
    outer loop
      vertex -84 87.5 60
      vertex -66.7229304164648 81.42705098539591 60
      vertex -66.61039724200964 81.7202099263668 60
    endloop
  endfacet
  facet normal 0 0 1
    outer loop
      vertex -84 87.5 60
      vertex -66.61039724200964 81.7202099263668 60
      vertex -66.46783708035946 82 60
    endloop
  endfacet
  facet normal 0 0 1
    outer loop
      vertex -84 87.5 60
      vertex -66.46783708035946 82 60
      vertex -66.29681185632944 82.26335575431585 60
    endloop
  endfacet
  facet normal 0 0 1
    outer loop
      vertex -84 87.5 60
      vertex -66.29681185632944 82.26335575431585 60
      vertex -66.09919534623623 82.50739181786776 60
    endloop
  endfacet
  facet normal 0 0 1
    outer loop
      vertex -84 87.5 60
      vertex -66.09919534623623 82.50739181786776 60
      vertex -65.87715268880129 82.7294344753027 60
    endloop
  endfacet
  facet normal 0 0 1
    outer loop
      vertex -84 87.5 60
      vertex -65.87715268880129 82.7294344753027 60
      vertex -65.63311662524939 82.92705098539591 60
    endloop
  endfacet
  facet normal 0 0 1
    outer loop
      vertex -84 87.5 60
      vertex -65.63311662524939 82.92705098539591 60
      vertex -65.36976087093353 83.09807620942593 60
    endloop
  endfacet
  facet normal 0 0 1
    outer loop
      vertex -84 87.5 60
      vertex -65.36976087093353 83.09807620942593 60
      vertex -65.08997079730034 83.2406363710761 60
    endloop
  endfacet
  facet normal 0 0 1
    outer loop
      vertex -84 87.5 60
      vertex -65.08997079730034 83.2406363710761 60
      vertex -64.79681185632944 83.35316954553127 60
    endloop
  endfacet
  facet normal 0 0 1
    outer loop
      vertex -84 87.5 60
      vertex -64.79681185632944 83.35316954553127 60
      vertex -64.49349594116211 83.43444280326366 60
    endloop
  endfacet
  facet normal 0 0 1
    outer loop
      vertex -84 87.5 60
      vertex -64.49349594116211 83.43444280326366 60
      vertex -64.18334626406431 83.48356568813324 60
    endloop
  endfacet
  facet normal 0 0 1
    outer loop
      vertex -84 87.5 60
      vertex -64.18334626406431 83.48356568813324 60
      vertex -63.86976087093353 83.5 60
    endloop
  endfacet
  facet normal 0 0 1
    outer loop
      vertex -66.28256103396416 72.92917874455452 60
      vertex -66.24993965029716 73.0826502814889 60
      vertex -69.9 75.5 60
    endloop
  endfacet
  facet normal 0 0 1
    outer loop
      vertex -66.24993965029716 73.0826502814889 60
      vertex -66.07802639901638 74.16806780546904 60
      vertex -69.9 75.5 60
    endloop
  endfacet
  facet normal 0 0 1
    outer loop
      vertex -66.07802639901638 74.16806780546904 60
      vertex -66.06162585318089 74.3241085857153 60
      vertex -69.94437264751699 76.34668055246799 60
    endloop
  endfacet
  facet normal 0 0 1
    outer loop
      vertex -66.06162585318089 74.3241085857153 60
      vertex -66.00411139428616 75.4215499162674 60
      vertex -70.07700443405618 77.18408469562385 60
    endloop
  endfacet
  facet normal 0 0 1
    outer loop
      vertex -66.00411139428616 75.4215499162674 60
      vertex -66.00411139428616 75.57845007628202 60
      vertex -70.29644221800926 78.00303765443708 60
    endloop
  endfacet
  facet normal 0 0 1
    outer loop
      vertex -66.00411139428616 75.57845007628202 60
      vertex -66.06162586063147 76.67589152604342 60
      vertex -70.29644221800926 78.00303765443708 60
    endloop
  endfacet
  facet normal 0 1 0
    outer loop
      vertex -84 87.5 2
      vertex -84 87.5 60
      vertex 84 87.5 60
    endloop
  endfacet
  facet normal 0 -1 0
    outer loop
      vertex -63.86976087093353 83.5 2
      vertex 63.86976087093353 83.5 60
      vertex -63.86976087093353 83.5 60
    endloop
  endfacet
  facet normal 0 0 1
    outer loop
      vertex -84 87.5 60
      vertex -63.86976087093353 83.5 60
      vertex 63.86976087093353 83.5 60
    endloop
  endfacet
  facet normal 0 0 1
    outer loop
      vertex -63.86976087093353 -83.5 2
      vertex 63.86976087093353 -83.5 2
      vertex 66.29681185632944 -82.26335575431585 2
    endloop
  endfacet
  facet normal 0 0 1
    outer loop
      vertex -65.99108120054007 -82.62132035195827 2
      vertex 66.7229304164648 -79.57294901460409 2
      vertex 66.67050216346979 -79.42489618808031 2
    endloop
  endfacet
  facet normal 0 0 1
    outer loop
      vertex -65.99108120054007 -82.62132035195827 2
      vertex 66.67050216346979 -79.42489618808031 2
      vertex 66.61547441035509 -79.2815439850092 2
    endloop
  endfacet
  facet normal 0 0 1
    outer loop
      vertex -65.99108120054007 -82.62132035195827 2
      vertex 66.61547441035509 -79.2815439850092 2
      vertex 66.56698954105377 -79.1323229148984 2
    endloop
  endfacet
  facet normal 0 0 1
    outer loop
      vertex -65.99108120054007 -82.62132035195827 2
      vertex 66.56698954105377 -79.1323229148984 2
      vertex 66.28256103396416 -78.0708212479949 2
    endloop
  endfacet
  facet normal 0 0 1
    outer loop
      vertex -65.99108120054007 -82.62132035195827 2
      vertex 66.28256103396416 -78.0708212479949 2
      vertex 66.24993965029716 -77.91734971106052 2
    endloop
  endfacet
  facet normal 0 0 1
    outer loop
      vertex -65.99108120054007 -82.62132035195827 2
      vertex 66.24993965029716 -77.91734971106052 2
      vertex 66.07802638411522 -76.8319320678711 2
    endloop
  endfacet
  facet normal 0 0 1
    outer loop
      vertex -65.99108120054007 -82.62132035195827 2
      vertex 66.07802638411522 -76.8319320678711 2
      vertex 66.06162586063147 -76.67589152604342 2
    endloop
  endfacet
  facet normal 0 0 1
    outer loop
      vertex -65.99108120054007 -82.62132035195827 2
      vertex 66.06162586063147 -76.67589152604342 2
      vertex 66.00411139428616 -75.57845007628202 2
    endloop
  endfacet
  facet normal 0 0 1
    outer loop
      vertex -65.99108120054007 -82.62132035195827 2
      vertex 66.00411139428616 -75.57845007628202 2
      vertex 66.00411139428616 -75.4215499162674 2
    endloop
  endfacet
  facet normal 0 0 1
    outer loop
      vertex -65.99108120054007 -82.62132035195827 2
      vertex 66.00411139428616 -75.4215499162674 2
      vertex 66.06162585318089 -74.3241085857153 2
    endloop
  endfacet
  facet normal 0 0 1
    outer loop
      vertex -65.99108120054007 -82.62132035195827 2
      vertex 66.06162585318089 -74.3241085857153 2
      vertex 66.07802639901638 -74.16806780546904 2
    endloop
  endfacet
  facet normal 0 0 1
    outer loop
      vertex -65.99108120054007 -82.62132035195827 2
      vertex 66.07802639901638 -74.16806780546904 2
      vertex 66.24993965029716 -73.0826502814889 2
    endloop
  endfacet
  facet normal 0 0 1
    outer loop
      vertex -65.99108120054007 -82.62132035195827 2
      vertex 66.24993965029716 -73.0826502814889 2
      vertex 66.28256103396416 -72.92917874455452 2
    endloop
  endfacet
  facet normal 0 0 1
    outer loop
      vertex -65.99108120054007 -82.62132035195827 2
      vertex 66.28256103396416 -72.92917874455452 2
      vertex 66.56698954850435 -71.86767706274986 2
    endloop
  endfacet
  facet normal 0 0 1
    outer loop
      vertex -65.99108120054007 -82.62132035195827 2
      vertex 66.56698954850435 -71.86767706274986 2
      vertex 66.61547438800335 -71.71845606714487 2
    endloop
  endfacet
  facet normal 0 -1 0
    outer loop
      vertex -84 -87.5 2
      vertex 84 -87.5 0
      vertex 84 -87.5 2
    endloop
  endfacet
  facet normal 0 0 1
    outer loop
      vertex -65.23173235356808 -83.17301958054304 2
      vertex 66.29681185632944 -82.26335575431585 2
      vertex 66.46783708035946 -82 2
    endloop
  endfacet
  facet normal 0 0 1
    outer loop
      vertex -65.23173235356808 -83.17301958054304 2
      vertex 66.46783708035946 -82 2
      vertex 66.61039724200964 -81.7202099263668 2
    endloop
  endfacet
  facet normal 0 0 1
    outer loop
      vertex -65.23173235356808 -83.17301958054304 2
      vertex 66.61039724200964 -81.7202099263668 2
      vertex 66.7229304164648 -81.42705098539591 2
    endloop
  endfacet
  facet normal 0 0 -1
    outer loop
      vertex -75.50191267775699 -78.93832222609353 0
      vertex 75.50191267775699 -78.93832222609353 0
      vertex 75.875 -79.18060796608387 0
    endloop
  endfacet
  facet normal 0 0 -1
    outer loop
      vertex -75.15619492297485 -78.65836550827892 0
      vertex 75.15619492297485 -78.65836550827892 0
      vertex 75.50191267775699 -78.93832222609353 0
    endloop
  endfacet
  facet normal 0 0 -1
    outer loop
      vertex -74.56167777390647 -77.99808732224301 0
      vertex 74.56167777390647 -77.99808732224301 0
      vertex 74.84163449172108 -78.34380507702515 0
    endloop
  endfacet
  facet normal 0 0 -1
    outer loop
      vertex -74.84163449172108 -78.34380507702515 0
      vertex 74.84163449172108 -78.34380507702515 0
      vertex 75.15619492297485 -78.65836550827892 0
    endloop
  endfacet
  facet normal 0 0 -1
    outer loop
      vertex -74.31939203391613 -77.625 0
      vertex 74.31939203391613 -77.625 0
      vertex 74.56167777390647 -77.99808732224301 0
    endloop
  endfacet
  facet normal 0 0 -1
    outer loop
      vertex -74.11743180501895 -77.22863073307215 0
      vertex 74.11743180501895 -77.22863073307215 0
      vertex 74.31939203391613 -77.625 0
    endloop
  endfacet
  facet normal 0 0 -1
    outer loop
      vertex -73.9580098057456 -76.81332222609353 0
      vertex 73.9580098057456 -76.81332222609353 0
      vertex 74.11743180501895 -77.22863073307215 0
    endloop
  endfacet
  facet normal 0 0 -1
    outer loop
      vertex -76.27136926692785 -79.38256819498105 0
      vertex 76.27136926692785 -79.38256819498105 0
      vertex 76.68667777390647 -79.5419901942544 0
    endloop
  endfacet
  facet normal 0 0 -1
    outer loop
      vertex -76.68667777390647 -79.5419901942544 0
      vertex 77.11637531402452 -79.65712730311867 0
      vertex 77.55575403111247 -79.72671805531516 0
    endloop
  endfacet
  facet normal 0 0 -1
    outer loop
      vertex -76.68667777390647 -79.5419901942544 0
      vertex 76.68667777390647 -79.5419901942544 0
      vertex 77.11637531402452 -79.65712730311867 0
    endloop
  endfacet
  facet normal 0 0 -1
    outer loop
      vertex -76.68667777390647 -79.5419901942544 0
      vertex 77.55575403111247 -79.72671805531516 0
      vertex 78 -79.75 0
    endloop
  endfacet
  facet normal 0 0 -1
    outer loop
      vertex -75.875 -79.18060796608387 0
      vertex 75.875 -79.18060796608387 0
      vertex 76.27136926692785 -79.38256819498105 0
    endloop
  endfacet
  facet normal 0 0 1
    outer loop
      vertex -65.99108120054007 -82.62132035195827 2
      vertex 66.7229304164648 -81.42705098539591 2
      vertex 66.8042036741972 -81.12373507022858 2
    endloop
  endfacet
  facet normal 0 0 1
    outer loop
      vertex -65.99108120054007 -82.62132035195827 2
      vertex 66.8042036741972 -81.12373507022858 2
      vertex 66.85332655906677 -80.81358539313078 2
    endloop
  endfacet
  facet normal 0 0 1
    outer loop
      vertex -65.99108120054007 -82.62132035195827 2
      vertex 66.85332655906677 -80.81358539313078 2
      vertex 66.86976087093353 -80.5 2
    endloop
  endfacet
  facet normal 0 0 1
    outer loop
      vertex -65.99108120054007 -82.62132035195827 2
      vertex 66.86976087093353 -80.5 2
      vertex 66.85332655906677 -80.18641460686922 2
    endloop
  endfacet
  facet normal 0 0 1
    outer loop
      vertex -65.99108120054007 -82.62132035195827 2
      vertex 66.85332655906677 -80.18641460686922 2
      vertex 66.8042036741972 -79.87626492977142 2
    endloop
  endfacet
  facet normal 0 0 1
    outer loop
      vertex -65.99108120054007 -82.62132035195827 2
      vertex 66.8042036741972 -79.87626492977142 2
      vertex 66.7229304164648 -79.57294901460409 2
    endloop
  endfacet
  facet normal 0 0 -1
    outer loop
      vertex -84 -87.5 0
      vertex 85.24747014790773 -87.36888560652733 0
      vertex 84 -87.5 0
    endloop
  endfacet
  facet normal 0 0 -1
    outer loop
      vertex -84 -87.5 0
      vertex 85.85410196334124 -87.20633909851313 0
      vertex 85.24747014790773 -87.36888560652733 0
    endloop
  endfacet
  facet normal 0 0 -1
    outer loop
      vertex -84.62717077881098 -87.4671313688159 0
      vertex 86.44041986018419 -86.98127274215221 0
      vertex 85.85410196334124 -87.20633909851313 0
    endloop
  endfacet
  facet normal 0 0 -1
    outer loop
      vertex -85.24747014790773 -87.36888560652733 0
      vertex 87 -86.69615242630243 0
      vertex 86.44041986018419 -86.98127274215221 0
    endloop
  endfacet
  facet normal 0 0 -1
    outer loop
      vertex -85.85410196334124 -87.20633909851313 0
      vertex 87.52671151608229 -86.35410196334124 0
      vertex 87 -86.69615242630243 0
    endloop
  endfacet
  facet normal 0 0 -1
    outer loop
      vertex -86.44041986018419 -86.98127274215221 0
      vertex 88.01478363573551 -85.95886895060539 0
      vertex 87.52671151608229 -86.35410196334124 0
    endloop
  endfacet
  facet normal 0 0 -1
    outer loop
      vertex -87 -86.69615242630243 0
      vertex 88.45886895060539 -85.51478363573551 0
      vertex 88.01478363573551 -85.95886895060539 0
    endloop
  endfacet
  facet normal 0 0 -1
    outer loop
      vertex -87.52671151608229 -86.35410196334124 0
      vertex 88.85410196334124 -85.02671151608229 0
      vertex 88.45886895060539 -85.51478363573551 0
    endloop
  endfacet
  facet normal 0 0 -1
    outer loop
      vertex -88.01478363573551 -85.95886895060539 0
      vertex 89.19615242630243 -84.5 0
      vertex 88.85410196334124 -85.02671151608229 0
    endloop
  endfacet
  facet normal 0 0 -1
    outer loop
      vertex -88.45886895060539 -85.51478363573551 0
      vertex 89.48127274215221 -83.94041986018419 0
      vertex 89.19615242630243 -84.5 0
    endloop
  endfacet
  facet normal 0 0 -1
    outer loop
      vertex -88.85410196334124 -85.02671151608229 0
      vertex 89.70633909851313 -83.35410196334124 0
      vertex 89.48127274215221 -83.94041986018419 0
    endloop
  endfacet
  facet normal 0 0 -1
    outer loop
      vertex -89.19615242630243 -84.5 0
      vertex 89.86888560652733 -82.74747014790773 0
      vertex 89.70633909851313 -83.35410196334124 0
    endloop
  endfacet
  facet normal 0 0 -1
    outer loop
      vertex -89.48127274215221 -83.94041986018419 0
      vertex 89.9671313688159 -82.12717077881098 0
      vertex 89.86888560652733 -82.74747014790773 0
    endloop
  endfacet
  facet normal 0 0 -1
    outer loop
      vertex -89.70633909851313 -83.35410196334124 0
      vertex 90 -81.5 0
      vertex 89.9671313688159 -82.12717077881098 0
    endloop
  endfacet
  facet normal 0 0 -1
    outer loop
      vertex 90 -81.5 0
      vertex -76.68667777390647 -79.5419901942544 0
      vertex 78 -79.75 0
    endloop
  endfacet
  facet normal 0 0 -1
    outer loop
      vertex -73.75 -75.5 0
      vertex 73.75 -75.5 0
      vertex 73.77328194468484 -75.94424596888753 0
    endloop
  endfacet
  facet normal 0 0 -1
    outer loop
      vertex -73.77328194468484 -75.05575403111247 0
      vertex 73.77328194468484 -75.05575403111247 0
      vertex 73.75 -75.5 0
    endloop
  endfacet
  facet normal 0 0 -1
    outer loop
      vertex -73.84287269688133 -76.38362468597548 0
      vertex 73.84287269688133 -76.38362468597548 0
      vertex 73.9580098057456 -76.81332222609353 0
    endloop
  endfacet
  facet normal 0 0 -1
    outer loop
      vertex -73.77328194468484 -75.94424596888753 0
      vertex 73.77328194468484 -75.94424596888753 0
      vertex 73.84287269688133 -76.38362468597548 0
    endloop
  endfacet
  facet normal 0 0 -1
    outer loop
      vertex -73.84287269688133 -74.61637531402452 0
      vertex 73.84287269688133 -74.61637531402452 0
      vertex 73.77328194468484 -75.05575403111247 0
    endloop
  endfacet
  facet normal 0 0 -1
    outer loop
      vertex -73.9580098057456 -74.18667777390647 0
      vertex 73.9580098057456 -74.18667777390647 0
      vertex 73.84287269688133 -74.61637531402452 0
    endloop
  endfacet
  facet normal 0 0 -1
    outer loop
      vertex -74.11743180501895 -73.77136926692785 0
      vertex 74.11743180501895 -73.77136926692785 0
      vertex 73.9580098057456 -74.18667777390647 0
    endloop
  endfacet
  facet normal 0 0 1
    outer loop
      vertex -65.99108120054007 -82.62132035195827 2
      vertex 66.61547438800335 -71.71845606714487 2
      vertex 67.00930196791887 -70.69250015169382 2
    endloop
  endfacet
  facet normal 0 0 1
    outer loop
      vertex -65.99108120054007 -82.62132035195827 2
      vertex 67.00930196791887 -70.69250015169382 2
      vertex 67.07311893254519 -70.54916489869356 2
    endloop
  endfacet
  facet normal 0 0 1
    outer loop
      vertex -65.99108120054007 -82.62132035195827 2
      vertex 67.07311893254519 -70.54916489869356 2
      vertex 67.57203072309494 -69.56999537348747 2
    endloop
  endfacet
  facet normal 0 0 1
    outer loop
      vertex -65.99108120054007 -82.62132035195827 2
      vertex 67.57203072309494 -69.56999537348747 2
      vertex 67.65048070251942 -69.43411602079868 2
    endloop
  endfacet
  facet normal 0 0 -1
    outer loop
      vertex 78.88362468597548 71.34287269688133 0
      vertex 74.11743180501895 -73.77136926692785 0
      vertex -74.11743180501895 -73.77136926692785 0
    endloop
  endfacet
  facet normal 0 0 1
    outer loop
      vertex -66.07802638411522 -74.16806792467833 2
      vertex 67.65048070251942 -69.43411602079868 2
      vertex 75.5826502814889 63.749939650297165 2
    endloop
  endfacet
  facet normal 0 0 1
    outer loop
      vertex 63.86976087093353 -83.5 2
      vertex 64.18334626406431 -83.48356568813324 2
      vertex 64.49349594116211 -83.43444280326366 2
    endloop
  endfacet
  facet normal 0 0 1
    outer loop
      vertex 63.86976087093353 -83.5 2
      vertex 64.49349594116211 -83.43444280326366 2
      vertex 64.79681185632944 -83.35316954553127 2
    endloop
  endfacet
  facet normal 0 0 1
    outer loop
      vertex 63.86976087093353 -83.5 2
      vertex 64.79681185632944 -83.35316954553127 2
      vertex 65.08997079730034 -83.2406363710761 2
    endloop
  endfacet
  facet normal 0 0 1
    outer loop
      vertex 63.86976087093353 -83.5 2
      vertex 65.08997079730034 -83.2406363710761 2
      vertex 65.36976087093353 -83.09807620942593 2
    endloop
  endfacet
  facet normal 0 0 1
    outer loop
      vertex 63.86976087093353 -83.5 2
      vertex 65.36976087093353 -83.09807620942593 2
      vertex 65.63311662524939 -82.92705098539591 2
    endloop
  endfacet
  facet normal 0 0 1
    outer loop
      vertex 63.86976087093353 -83.5 2
      vertex 65.63311662524939 -82.92705098539591 2
      vertex 65.87715268880129 -82.7294344753027 2
    endloop
  endfacet
  facet normal 0 0 1
    outer loop
      vertex 63.86976087093353 -83.5 2
      vertex 65.87715268880129 -82.7294344753027 2
      vertex 66.09919534623623 -82.50739181786776 2
    endloop
  endfacet
  facet normal 0 0 1
    outer loop
      vertex 63.86976087093353 -83.5 2
      vertex 66.09919534623623 -82.50739181786776 2
      vertex 66.29681185632944 -82.26335575431585 2
    endloop
  endfacet
  facet normal 0.052335961698072614 -0.9986295344686826 0
    outer loop
      vertex 84 -87.5 0
      vertex 84.62717077881098 -87.4671313688159 0
      vertex 84 -87.5 2
    endloop
  endfacet
  facet normal 0 0 -1
    outer loop
      vertex 90 -81.5 0
      vertex 78 -79.75 0
      vertex 78.44424596888753 -79.72671805531516 0
    endloop
  endfacet
  facet normal 0 0 -1
    outer loop
      vertex 90 -81.5 0
      vertex 78.44424596888753 -79.72671805531516 0
      vertex 78.88362468597548 -79.65712730311867 0
    endloop
  endfacet
  facet normal 0 0 -1
    outer loop
      vertex 90 -81.5 0
      vertex 78.88362468597548 -79.65712730311867 0
      vertex 79.31332222609353 -79.5419901942544 0
    endloop
  endfacet
  facet normal 0 0 -1
    outer loop
      vertex 90 -81.5 0
      vertex 79.31332222609353 -79.5419901942544 0
      vertex 79.72863073307215 -79.38256819498105 0
    endloop
  endfacet
  facet normal 0 0 -1
    outer loop
      vertex 90 -81.5 0
      vertex 79.72863073307215 -79.38256819498105 0
      vertex 80.125 -79.18060796608387 0
    endloop
  endfacet
  facet normal 0 0 -1
    outer loop
      vertex 90 -81.5 0
      vertex 80.125 -79.18060796608387 0
      vertex 80.49808732224301 -78.93832222609353 0
    endloop
  endfacet
  facet normal 0 0 -1
    outer loop
      vertex 90 -81.5 0
      vertex 80.49808732224301 -78.93832222609353 0
      vertex 80.84380507702515 -78.65836550827892 0
    endloop
  endfacet
  facet normal 0 0 -1
    outer loop
      vertex 90 -81.5 0
      vertex 80.84380507702515 -78.65836550827892 0
      vertex 81.15836550827892 -78.34380507702515 0
    endloop
  endfacet
  facet normal 0 0 -1
    outer loop
      vertex 90 -81.5 0
      vertex 81.15836550827892 -78.34380507702515 0
      vertex 81.43832222609353 -77.99808732224301 0
    endloop
  endfacet
  facet normal 0 0 -1
    outer loop
      vertex 90 -81.5 0
      vertex 81.43832222609353 -77.99808732224301 0
      vertex 81.68060796608387 -77.625 0
    endloop
  endfacet
  facet normal 0 0 -1
    outer loop
      vertex 84 -87.5 0
      vertex 85.24747014790773 -87.36888560652733 0
      vertex 84.62717077881098 -87.4671313688159 0
    endloop
  endfacet
  facet normal 0.15643445553477123 -0.9876883421006547 0
    outer loop
      vertex 84.62717077881098 -87.4671313688159 0
      vertex 85.24747014790773 -87.36888560652733 0
      vertex 84.62717077881098 -87.4671313688159 2
    endloop
  endfacet
  facet normal 0.25881904950851087 -0.9659258251084867 0
    outer loop
      vertex 85.24747014790773 -87.36888560652733 0
      vertex 85.85410196334124 -87.20633909851313 0
      vertex 85.24747014790773 -87.36888560652733 2
    endloop
  endfacet
  facet normal 0.35836795324415743 -0.9335804250773434 0
    outer loop
      vertex 85.85410196334124 -87.20633909851313 0
      vertex 86.44041986018419 -86.98127274215221 0
      vertex 85.85410196334124 -87.20633909851313 2
    endloop
  endfacet
  facet normal 0.4539904916265432 -0.8910065283221497 0
    outer loop
      vertex 86.44041986018419 -86.98127274215221 0
      vertex 87 -86.69615242630243 0
      vertex 86.44041986018419 -86.98127274215221 2
    endloop
  endfacet
  facet normal 0.5446390406067345 -0.8386705643141267 0
    outer loop
      vertex 87 -86.69615242630243 0
      vertex 87.52671151608229 -86.35410196334124 0
      vertex 87 -86.69615242630243 2
    endloop
  endfacet
  facet normal 0.052335961698072614 -0.9986295344686826 0
    outer loop
      vertex 84 -87.5 2
      vertex 84.62717077881098 -87.4671313688159 0
      vertex 84.62717077881098 -87.4671313688159 2
    endloop
  endfacet
  facet normal 0.15643445553477123 -0.9876883421006547 0
    outer loop
      vertex 85.24747014790773 -87.36888560652733 0
      vertex 85.24747014790773 -87.36888560652733 2
      vertex 84.62717077881098 -87.4671313688159 2
    endloop
  endfacet
  facet normal 0.25881904950851087 -0.9659258251084867 0
    outer loop
      vertex 85.85410196334124 -87.20633909851313 0
      vertex 85.85410196334124 -87.20633909851313 2
      vertex 85.24747014790773 -87.36888560652733 2
    endloop
  endfacet
  facet normal 0.35836795324415743 -0.9335804250773434 0
    outer loop
      vertex 86.44041986018419 -86.98127274215221 0
      vertex 86.44041986018419 -86.98127274215221 2
      vertex 85.85410196334124 -87.20633909851313 2
    endloop
  endfacet
  facet normal 0.4539904916265432 -0.8910065283221497 0
    outer loop
      vertex 87 -86.69615242630243 0
      vertex 87 -86.69615242630243 2
      vertex 86.44041986018419 -86.98127274215221 2
    endloop
  endfacet
  facet normal 0.6293203941204519 -0.7771459589704364 0
    outer loop
      vertex 87.52671151608229 -86.35410196334124 0
      vertex 88.01478363573551 -85.95886895060539 0
      vertex 87.52671151608229 -86.35410196334124 2
    endloop
  endfacet
  facet normal 0.7071067811865475 -0.7071067811865475 0
    outer loop
      vertex 88.01478363573551 -85.95886895060539 0
      vertex 88.45886895060539 -85.51478363573551 0
      vertex 88.01478363573551 -85.95886895060539 2
    endloop
  endfacet
  facet normal 0.7771459589704364 -0.6293203941204519 0
    outer loop
      vertex 88.45886895060539 -85.51478363573551 0
      vertex 88.85410196334124 -85.02671151608229 0
      vertex 88.45886895060539 -85.51478363573551 2
    endloop
  endfacet
  facet normal 0.8386705643141267 -0.5446390406067345 0
    outer loop
      vertex 88.85410196334124 -85.02671151608229 0
      vertex 89.19615242630243 -84.5 0
      vertex 88.85410196334124 -85.02671151608229 2
    endloop
  endfacet
  facet normal 0.5446390406067345 -0.8386705643141267 0
    outer loop
      vertex 87.52671151608229 -86.35410196334124 0
      vertex 87.52671151608229 -86.35410196334124 2
      vertex 87 -86.69615242630243 2
    endloop
  endfacet
  facet normal 0.6293203941204519 -0.7771459589704364 0
    outer loop
      vertex 88.01478363573551 -85.95886895060539 0
      vertex 88.01478363573551 -85.95886895060539 2
      vertex 87.52671151608229 -86.35410196334124 2
    endloop
  endfacet
  facet normal 0.7071067811865475 -0.7071067811865475 0
    outer loop
      vertex 88.45886895060539 -85.51478363573551 0
      vertex 88.45886895060539 -85.51478363573551 2
      vertex 88.01478363573551 -85.95886895060539 2
    endloop
  endfacet
  facet normal 0.7771459589704364 -0.6293203941204519 0
    outer loop
      vertex 88.85410196334124 -85.02671151608229 0
      vertex 88.85410196334124 -85.02671151608229 2
      vertex 88.45886895060539 -85.51478363573551 2
    endloop
  endfacet
  facet normal 0.8910065283221497 -0.4539904916265432 0
    outer loop
      vertex 89.19615242630243 -84.5 0
      vertex 89.48127274215221 -83.94041986018419 0
      vertex 89.19615242630243 -84.5 2
    endloop
  endfacet
  facet normal 0.9335804250773434 -0.35836795324415743 0
    outer loop
      vertex 89.48127274215221 -83.94041986018419 0
      vertex 89.70633909851313 -83.35410196334124 0
      vertex 89.48127274215221 -83.94041986018419 2
    endloop
  endfacet
  facet normal 0.9659258251084867 -0.25881904950851087 0
    outer loop
      vertex 89.70633909851313 -83.35410196334124 0
      vertex 89.86888560652733 -82.74747014790773 0
      vertex 89.70633909851313 -83.35410196334124 2
    endloop
  endfacet
  facet normal 0.9876883421006547 -0.15643445553477123 0
    outer loop
      vertex 89.86888560652733 -82.74747014790773 0
      vertex 89.9671313688159 -82.12717077881098 0
      vertex 89.86888560652733 -82.74747014790773 2
    endloop
  endfacet
  facet normal 0.8386705643141267 -0.5446390406067345 0
    outer loop
      vertex 89.19615242630243 -84.5 0
      vertex 89.19615242630243 -84.5 2
      vertex 88.85410196334124 -85.02671151608229 2
    endloop
  endfacet
  facet normal 0.8910065283221497 -0.4539904916265432 0
    outer loop
      vertex 89.48127274215221 -83.94041986018419 0
      vertex 89.48127274215221 -83.94041986018419 2
      vertex 89.19615242630243 -84.5 2
    endloop
  endfacet
  facet normal 0.9335804250773434 -0.35836795324415743 0
    outer loop
      vertex 89.70633909851313 -83.35410196334124 0
      vertex 89.70633909851313 -83.35410196334124 2
      vertex 89.48127274215221 -83.94041986018419 2
    endloop
  endfacet
  facet normal 0.9659258251084867 -0.25881904950851087 0
    outer loop
      vertex 89.86888560652733 -82.74747014790773 0
      vertex 89.86888560652733 -82.74747014790773 2
      vertex 89.70633909851313 -83.35410196334124 2
    endloop
  endfacet
  facet normal 0.9876883421006547 -0.15643445553477123 0
    outer loop
      vertex 89.9671313688159 -82.12717077881098 0
      vertex 89.9671313688159 -82.12717077881098 2
      vertex 89.86888560652733 -82.74747014790773 2
    endloop
  endfacet
  facet normal 0 0 -1
    outer loop
      vertex 90 -81.5 0
      vertex 81.68060796608387 -77.625 0
      vertex 81.88256819498105 -77.22863073307215 0
    endloop
  endfacet
  facet normal 0 0 -1
    outer loop
      vertex 90 -81.5 0
      vertex 81.88256819498105 -77.22863073307215 0
      vertex 82.0419901942544 -76.81332222609353 0
    endloop
  endfacet
  facet normal 0 0 -1
    outer loop
      vertex 90 -81.5 0
      vertex 82.0419901942544 -76.81332222609353 0
      vertex 82.15712730311867 -76.38362468597548 0
    endloop
  endfacet
  facet normal 0 0 -1
    outer loop
      vertex 90 -81.5 0
      vertex 82.15712730311867 -76.38362468597548 0
      vertex 82.22671805531516 -75.94424596888753 0
    endloop
  endfacet
  facet normal 0 0 -1
    outer loop
      vertex 90 -81.5 0
      vertex 82.22671805531516 -75.94424596888753 0
      vertex 82.25 -75.5 0
    endloop
  endfacet
  facet normal 0 0 -1
    outer loop
      vertex 90 -81.5 0
      vertex 82.25 -75.5 0
      vertex 82.22671805531516 -75.05575403111247 0
    endloop
  endfacet
  facet normal 0 0 -1
    outer loop
      vertex 90 -81.5 0
      vertex 82.22671805531516 -75.05575403111247 0
      vertex 82.15712730311867 -74.61637531402452 0
    endloop
  endfacet
  facet normal 0 0 -1
    outer loop
      vertex 90 -81.5 0
      vertex 82.15712730311867 -74.61637531402452 0
      vertex 82.0419901942544 -74.18667777390647 0
    endloop
  endfacet
  facet normal 0.9986295344686826 -0.052335961698072614 0
    outer loop
      vertex 89.9671313688159 -82.12717077881098 0
      vertex 90 -81.5 0
      vertex 89.9671313688159 -82.12717077881098 2
    endloop
  endfacet
  facet normal 0.9986295344686826 -0.052335961698072614 0
    outer loop
      vertex 89.9671313688159 -82.12717077881098 2
      vertex 90 -81.5 0
      vertex 90 -81.5 2
    endloop
  endfacet
  facet normal 0 0 -1
    outer loop
      vertex 90 -81.5 0
      vertex 81.68060796608387 -73.375 0
      vertex 81.43832222609353 -73.00191267775699 0
    endloop
  endfacet
  facet normal 0 0 -1
    outer loop
      vertex 90 -81.5 0
      vertex 81.43832222609353 -73.00191267775699 0
      vertex 81.15836550827892 -72.65619492297485 0
    endloop
  endfacet
  facet normal 0 0 -1
    outer loop
      vertex 90 -81.5 0
      vertex 82.0419901942544 -74.18667777390647 0
      vertex 81.88256819498105 -73.77136926692785 0
    endloop
  endfacet
  facet normal 0 0 -1
    outer loop
      vertex 90 -81.5 0
      vertex 81.88256819498105 -73.77136926692785 0
      vertex 81.68060796608387 -73.375 0
    endloop
  endfacet
  facet normal -0.052335949247149044 0.998629535121208 0
    outer loop
      vertex 63.86976087093353 -83.5 2
      vertex 63.86976087093353 -83.5 60
      vertex 64.18334626406431 -83.48356568813324 2
    endloop
  endfacet
  facet normal -0.15643447077382908 0.987688339687025 0
    outer loop
      vertex 64.18334626406431 -83.48356568813324 2
      vertex 64.18334626406431 -83.48356568813324 60
      vertex 64.49349594116211 -83.43444280326366 2
    endloop
  endfacet
  facet normal -0.25881905464550803 0.9659258237320325 0
    outer loop
      vertex 64.49349594116211 -83.43444280326366 2
      vertex 64.49349594116211 -83.43444280326366 60
      vertex 64.79681185632944 -83.35316954553127 2
    endloop
  endfacet
  facet normal -0.358367950842512 0.9335804259992488 0
    outer loop
      vertex 64.79681185632944 -83.35316954553127 2
      vertex 64.79681185632944 -83.35316954553127 60
      vertex 65.08997079730034 -83.2406363710761 2
    endloop
  endfacet
  facet normal -0.45399049624595805 0.8910065259684402 0
    outer loop
      vertex 65.08997079730034 -83.2406363710761 2
      vertex 65.08997079730034 -83.2406363710761 60
      vertex 65.36976087093353 -83.09807620942593 2
    endloop
  endfacet
  facet normal -0.5446390293369446 0.8386705716328138 0
    outer loop
      vertex 65.36976087093353 -83.09807620942593 2
      vertex 65.36976087093353 -83.09807620942593 60
      vertex 65.63311662524939 -82.92705098539591 2
    endloop
  endfacet
  facet normal -0.629320395483342 0.7771459578667895 0
    outer loop
      vertex 65.63311662524939 -82.92705098539591 2
      vertex 65.63311662524939 -82.92705098539591 60
      vertex 65.87715268880129 -82.7294344753027 2
    endloop
  endfacet
  facet normal -0.7071067811865476 0.7071067811865476 0
    outer loop
      vertex 65.87715268880129 -82.7294344753027 2
      vertex 65.87715268880129 -82.7294344753027 60
      vertex 66.09919534623623 -82.50739181786776 2
    endloop
  endfacet
  facet normal -0.7771459578667895 0.629320395483342 0
    outer loop
      vertex 66.09919534623623 -82.50739181786776 2
      vertex 66.09919534623623 -82.50739181786776 60
      vertex 66.29681185632944 -82.26335575431585 2
    endloop
  endfacet
  facet normal -0.8386705716328138 0.5446390293369446 0
    outer loop
      vertex 66.29681185632944 -82.26335575431585 2
      vertex 66.29681185632944 -82.26335575431585 60
      vertex 66.46783708035946 -82 2
    endloop
  endfacet
  facet normal -0.8910065259684402 0.45399049624595805 0
    outer loop
      vertex 66.46783708035946 -82 2
      vertex 66.46783708035946 -82 60
      vertex 66.61039724200964 -81.7202099263668 2
    endloop
  endfacet
  facet normal -0.9335804259992488 0.358367950842512 0
    outer loop
      vertex 66.61039724200964 -81.7202099263668 2
      vertex 66.61039724200964 -81.7202099263668 60
      vertex 66.7229304164648 -81.42705098539591 2
    endloop
  endfacet
  facet normal -0.9659258237320325 0.25881905464550803 0
    outer loop
      vertex 66.7229304164648 -81.42705098539591 2
      vertex 66.7229304164648 -81.42705098539591 60
      vertex 66.8042036741972 -81.12373507022858 2
    endloop
  endfacet
  facet normal -0.987688339687025 0.15643447077382908 0
    outer loop
      vertex 66.8042036741972 -81.12373507022858 2
      vertex 66.8042036741972 -81.12373507022858 60
      vertex 66.85332655906677 -80.81358539313078 2
    endloop
  endfacet
  facet normal -0.998629535121208 0.052335949247149044 0
    outer loop
      vertex 66.85332655906677 -80.81358539313078 2
      vertex 66.85332655906677 -80.81358539313078 60
      vertex 66.86976087093353 -80.5 2
    endloop
  endfacet
  facet normal -0.9659258237320325 -0.25881905464550803 0
    outer loop
      vertex 66.7229304164648 -79.57294901460409 2
      vertex 66.8042036741972 -79.87626492977142 2
      vertex 66.8042036741972 -79.87626492977142 60
    endloop
  endfacet
  facet normal -0.9426414962864854 -0.33380684456549964 0
    outer loop
      vertex 66.7229304164648 -79.57294901460409 2
      vertex 66.7229304164648 -79.57294901460409 60
      vertex 66.67050216346979 -79.42489618808031 2
    endloop
  endfacet
  facet normal -0.933580430827447 -0.3583679382646259 0
    outer loop
      vertex 66.67050216346979 -79.42489618808031 2
      vertex 66.67050216346979 -79.42489618808031 60
      vertex 66.61547441035509 -79.2815439850092 2
    endloop
  endfacet
  facet normal -0.998629535121208 -0.052335949247149044 0
    outer loop
      vertex 66.86976087093353 -80.5 2
      vertex 66.86976087093353 -80.5 60
      vertex 66.85332655906677 -80.18641460686922 2
    endloop
  endfacet
  facet normal -0.987688339687025 -0.15643447077382908 0
    outer loop
      vertex 66.85332655906677 -80.18641460686922 2
      vertex 66.85332655906677 -80.18641460686922 60
      vertex 66.8042036741972 -79.87626492977142 2
    endloop
  endfacet
  facet normal -0.9945218942654319 -0.10452847376048861 0
    outer loop
      vertex 66.07802638411522 -76.8319320678711 2
      vertex 66.07802638411522 -76.8319320678711 60
      vertex 66.06162586063147 -76.67589152604342 2
    endloop
  endfacet
  facet normal -0.9510565078111152 -0.3090170204861316 0
    outer loop
      vertex 66.61547441035509 -79.2815439850092 2
      vertex 66.61547441035509 -79.2815439850092 60
      vertex 66.56698954105377 -79.1323229148984 2
    endloop
  endfacet
  facet normal -0.9659258279546319 -0.25881903888655244 0
    outer loop
      vertex 66.56698954105377 -79.1323229148984 2
      vertex 66.56698954105377 -79.1323229148984 60
      vertex 66.28256103396416 -78.0708212479949 2
    endloop
  endfacet
  facet normal -0.9781475988388045 -0.20791169973303814 0
    outer loop
      vertex 66.28256103396416 -78.0708212479949 2
      vertex 66.28256103396416 -78.0708212479949 60
      vertex 66.24993965029716 -77.91734971106052 2
    endloop
  endfacet
  facet normal -0.9876883405604088 -0.15643446525950055 0
    outer loop
      vertex 66.07802638411522 -76.8319320678711 2
      vertex 66.24993965029716 -77.91734971106052 2
      vertex 66.24993965029716 -77.91734971106052 60
    endloop
  endfacet
  facet normal -0.9986295348939128 -0.052335953584199485 0
    outer loop
      vertex 66.06162586063147 -76.67589152604342 2
      vertex 66.06162586063147 -76.67589152604342 60
      vertex 66.00411139428616 -75.57845007628202 2
    endloop
  endfacet
  facet normal -1 0 0
    outer loop
      vertex 66.00411139428616 -75.57845007628202 2
      vertex 66.00411139428616 -75.57845007628202 60
      vertex 66.00411139428616 -75.4215499162674 2
    endloop
  endfacet
  facet normal -0.9986295349511297 0.05233595249243526 0
    outer loop
      vertex 66.00411139428616 -75.4215499162674 2
      vertex 66.00411139428616 -75.4215499162674 60
      vertex 66.06162585318089 -74.3241085857153 2
    endloop
  endfacet
  facet normal -0.9945218960590235 0.1045284566956052 0
    outer loop
      vertex 66.06162585318089 -74.3241085857153 2
      vertex 66.06162585318089 -74.3241085857153 60
      vertex 66.07802639901638 -74.16806780546904 2
    endloop
  endfacet
  facet normal -0.9876883400008707 0.15643446879228512 0
    outer loop
      vertex 66.07802639901638 -74.16806780546904 2
      vertex 66.07802639901638 -74.16806780546904 60
      vertex 66.24993965029716 -73.0826502814889 2
    endloop
  endfacet
  facet normal -0.9781475988388045 0.20791169973303814 0
    outer loop
      vertex 66.24993965029716 -73.0826502814889 2
      vertex 66.24993965029716 -73.0826502814889 60
      vertex 66.28256103396416 -72.92917874455452 2
    endloop
  endfacet
  facet normal -0.9659258271680096 0.2588190418222672 0
    outer loop
      vertex 66.28256103396416 -72.92917874455452 2
      vertex 66.28256103396416 -72.92917874455452 60
      vertex 66.56698954850435 -71.86767706274986 2
    endloop
  endfacet
  facet normal -0.9510565182891794 0.309016988237967 0
    outer loop
      vertex 66.56698954850435 -71.86767706274986 2
      vertex 66.56698954850435 -71.86767706274986 60
      vertex 66.61547438800335 -71.71845606714487 2
    endloop
  endfacet
  facet normal -0.9335804257537463 0.35836795148206757 0
    outer loop
      vertex 66.61547438800335 -71.71845606714487 2
      vertex 66.61547438800335 -71.71845606714487 60
      vertex 67.00930196791887 -70.69250015169382 2
    endloop
  endfacet
  facet normal -0.9135454614917974 0.4067366344303633 0
    outer loop
      vertex 67.00930196791887 -70.69250015169382 2
      vertex 67.00930196791887 -70.69250015169382 60
      vertex 67.07311893254519 -70.54916489869356 2
    endloop
  endfacet
  facet normal -0.891006524892196 0.45399049835820615 0
    outer loop
      vertex 67.07311893254519 -70.54916489869356 2
      vertex 67.07311893254519 -70.54916489869356 60
      vertex 67.57203072309494 -69.56999537348747 2
    endloop
  endfacet
  facet normal 0.8386705679454243 0.5446390350150269 0
    outer loop
      vertex 74.31939203391613 -77.625 57.8
      vertex 74.56167777390647 -77.99808732224301 0
      vertex 74.31939203391613 -77.625 0
    endloop
  endfacet
  facet normal 0.8910065241883779 0.453990499739527 0
    outer loop
      vertex 74.11743180501895 -77.22863073307215 57.8
      vertex 74.31939203391613 -77.625 0
      vertex 74.11743180501895 -77.22863073307215 0
    endloop
  endfacet
  facet normal 0.9335804264972004 0.3583679495453039 0
    outer loop
      vertex 73.9580098057456 -76.81332222609353 57.8
      vertex 74.11743180501895 -77.22863073307215 0
      vertex 73.9580098057456 -76.81332222609353 0
    endloop
  endfacet
  facet normal 0.7771459614569629 0.629320391049847 0
    outer loop
      vertex 74.56167777390647 -77.99808732224301 57.8
      vertex 74.84163449172108 -78.34380507702515 0
      vertex 74.56167777390647 -77.99808732224301 0
    endloop
  endfacet
  facet normal 0.7071067811865475 0.7071067811865475 0
    outer loop
      vertex 74.84163449172108 -78.34380507702515 57.8
      vertex 75.15619492297485 -78.65836550827892 0
      vertex 74.84163449172108 -78.34380507702515 0
    endloop
  endfacet
  facet normal 0.629320391049847 0.7771459614569629 0
    outer loop
      vertex 75.15619492297485 -78.65836550827892 57.8
      vertex 75.50191267775699 -78.93832222609353 0
      vertex 75.15619492297485 -78.65836550827892 0
    endloop
  endfacet
  facet normal 0.5446390350150269 0.8386705679454243 0
    outer loop
      vertex 75.50191267775699 -78.93832222609353 57.8
      vertex 75.875 -79.18060796608387 0
      vertex 75.50191267775699 -78.93832222609353 0
    endloop
  endfacet
  facet normal 0.3583679495453039 0.9335804264972004 0
    outer loop
      vertex 76.27136926692785 -79.38256819498105 57.8
      vertex 76.68667777390647 -79.5419901942544 0
      vertex 76.27136926692785 -79.38256819498105 0
    endloop
  endfacet
  facet normal 0.2588190451025243 0.9659258262890674 0
    outer loop
      vertex 76.68667777390647 -79.5419901942544 57.8
      vertex 77.11637531402452 -79.65712730311867 0
      vertex 76.68667777390647 -79.5419901942544 0
    endloop
  endfacet
  facet normal 0.15643446504023623 0.9876883405951369 0
    outer loop
      vertex 77.11637531402452 -79.65712730311867 57.8
      vertex 77.55575403111247 -79.72671805531516 0
      vertex 77.11637531402452 -79.65712730311867 0
    endloop
  endfacet
  facet normal 0.05233595624294645 0.9986295347545737 0
    outer loop
      vertex 77.55575403111247 -79.72671805531516 57.8
      vertex 78 -79.75 0
      vertex 77.55575403111247 -79.72671805531516 0
    endloop
  endfacet
  facet normal -0.05233595624294645 0.9986295347545737 0
    outer loop
      vertex 78 -79.75 57.8
      vertex 78.44424596888753 -79.72671805531516 0
      vertex 78 -79.75 0
    endloop
  endfacet
  facet normal -0.15643446504023623 0.9876883405951369 0
    outer loop
      vertex 78.44424596888753 -79.72671805531516 57.8
      vertex 78.88362468597548 -79.65712730311867 0
      vertex 78.44424596888753 -79.72671805531516 0
    endloop
  endfacet
  facet normal 0.453990499739527 0.8910065241883779 0
    outer loop
      vertex 75.875 -79.18060796608387 57.8
      vertex 76.27136926692785 -79.38256819498105 0
      vertex 75.875 -79.18060796608387 0
    endloop
  endfacet
  facet normal -0.866025407724629 0.4999999931753902 0
    outer loop
      vertex 67.57203072309494 -69.56999537348747 2
      vertex 67.57203072309494 -69.56999537348747 60
      vertex 67.65048070251942 -69.43411602079868 2
    endloop
  endfacet
  facet normal -0.8386705677124385 0.5446390353737932 0
    outer loop
      vertex 67.65048070251942 -69.43411602079868 2
      vertex 67.65048070251942 -69.43411602079868 60
      vertex 68.24901052564383 -68.51246091723442 2
    endloop
  endfacet
  facet normal -0.8090169768470806 0.5877852764175114 0
    outer loop
      vertex 68.24901052564383 -68.51246091723442 2
      vertex 68.24901052564383 -68.51246091723442 60
      vertex 68.3412339836359 -68.38552622497082 2
    endloop
  endfacet
  facet normal -0.7771459645351759 0.6293203872485708 0
    outer loop
      vertex 68.3412339836359 -68.38552622497082 2
      vertex 68.3412339836359 -68.38552622497082 60
      vertex 69.03282411396503 -67.53148353099823 2
    endloop
  endfacet
  facet normal -0.7431448273790162 0.6691306042468929 0
    outer loop
      vertex 69.03282411396503 -67.53148353099823 2
      vertex 69.03282411396503 -67.53148353099823 60
      vertex 69.13781078159809 -67.41488402336836 2
    endloop
  endfacet
  facet normal -0.7071067811865476 0.7071067811865476 0
    outer loop
      vertex 69.13781078159809 -67.41488402336836 2
      vertex 69.13781078159809 -67.41488402336836 60
      vertex 69.91488401591778 -66.63781078904867 2
    endloop
  endfacet
  facet normal -0.6691306094706797 0.7431448226754975 0
    outer loop
      vertex 69.91488401591778 -66.63781078904867 2
      vertex 69.91488401591778 -66.63781078904867 60
      vertex 70.03148353844881 -66.53282410651445 2
    endloop
  endfacet
  facet normal -0.6293203864697001 0.777145965165893 0
    outer loop
      vertex 70.03148353844881 -66.53282410651445 2
      vertex 70.03148353844881 -66.53282410651445 60
      vertex 70.88552622497082 -65.8412339836359 2
    endloop
  endfacet
  facet normal -0.5877852764175114 0.8090169768470806 0
    outer loop
      vertex 70.88552622497082 -65.8412339836359 2
      vertex 70.88552622497082 -65.8412339836359 60
      vertex 71.01246091723442 -65.74901052564383 2
    endloop
  endfacet
  facet normal 0.9876883405951369 0.15643446504023623 0
    outer loop
      vertex 73.77328194468484 -75.94424596888753 57.8
      vertex 73.84287269688133 -76.38362468597548 0
      vertex 73.77328194468484 -75.94424596888753 0
    endloop
  endfacet
  facet normal 0.9986295347545737 0.05233595624294645 0
    outer loop
      vertex 73.75 -75.5 57.8
      vertex 73.77328194468484 -75.94424596888753 0
      vertex 73.75 -75.5 0
    endloop
  endfacet
  facet normal 0.9986295347545737 -0.05233595624294645 0
    outer loop
      vertex 73.77328194468484 -75.05575403111247 57.8
      vertex 73.75 -75.5 0
      vertex 73.77328194468484 -75.05575403111247 0
    endloop
  endfacet
  facet normal 0.9659258262890674 0.2588190451025243 0
    outer loop
      vertex 73.84287269688133 -76.38362468597548 57.8
      vertex 73.9580098057456 -76.81332222609353 0
      vertex 73.84287269688133 -76.38362468597548 0
    endloop
  endfacet
  facet normal 0.9876883405951369 -0.15643446504023623 0
    outer loop
      vertex 73.84287269688133 -74.61637531402452 57.8
      vertex 73.77328194468484 -75.05575403111247 0
      vertex 73.84287269688133 -74.61637531402452 0
    endloop
  endfacet
  facet normal 0.9659258262890674 -0.2588190451025243 0
    outer loop
      vertex 73.9580098057456 -74.18667777390647 57.8
      vertex 73.84287269688133 -74.61637531402452 0
      vertex 73.9580098057456 -74.18667777390647 0
    endloop
  endfacet
  facet normal 0.9335804264972004 -0.3583679495453039 0
    outer loop
      vertex 74.11743180501895 -73.77136926692785 57.8
      vertex 73.9580098057456 -74.18667777390647 0
      vertex 74.11743180501895 -73.77136926692785 0
    endloop
  endfacet
  facet normal 0.8910065241883779 -0.453990499739527 0
    outer loop
      vertex 74.31939203391613 -73.375 57.8
      vertex 74.11743180501895 -73.77136926692785 0
      vertex 74.31939203391613 -73.375 0
    endloop
  endfacet
  facet normal 0.8386705679454243 -0.5446390350150269 0
    outer loop
      vertex 74.56167777390647 -73.00191267775699 57.8
      vertex 74.31939203391613 -73.375 0
      vertex 74.56167777390647 -73.00191267775699 0
    endloop
  endfacet
  facet normal 0.7771459614569629 -0.629320391049847 0
    outer loop
      vertex 74.84163449172108 -72.65619492297485 57.8
      vertex 74.56167777390647 -73.00191267775699 0
      vertex 74.84163449172108 -72.65619492297485 0
    endloop
  endfacet
  facet normal 0.7071067811865475 -0.7071067811865475 0
    outer loop
      vertex 75.15619492297485 -72.34163449172108 57.8
      vertex 74.84163449172108 -72.65619492297485 0
      vertex 75.15619492297485 -72.34163449172108 0
    endloop
  endfacet
  facet normal 0.629320391049847 -0.7771459614569629 0
    outer loop
      vertex 75.50191267775699 -72.06167777390647 57.8
      vertex 75.15619492297485 -72.34163449172108 0
      vertex 75.50191267775699 -72.06167777390647 0
    endloop
  endfacet
  facet normal 0.5446390350150269 -0.8386705679454243 0
    outer loop
      vertex 75.875 -71.81939203391613 57.8
      vertex 75.50191267775699 -72.06167777390647 0
      vertex 75.875 -71.81939203391613 0
    endloop
  endfacet
  facet normal 0.453990499739527 -0.8910065241883779 0
    outer loop
      vertex 76.27136926692785 -71.61743180501895 57.8
      vertex 75.875 -71.81939203391613 0
      vertex 76.27136926692785 -71.61743180501895 0
    endloop
  endfacet
  facet normal 0.3583679495453039 -0.9335804264972004 0
    outer loop
      vertex 76.68667777390647 -71.4580098057456 57.8
      vertex 76.27136926692785 -71.61743180501895 0
      vertex 76.68667777390647 -71.4580098057456 0
    endloop
  endfacet
  facet normal 0.2588190451025243 -0.9659258262890674 0
    outer loop
      vertex 77.11637531402452 -71.34287269688133 57.8
      vertex 76.68667777390647 -71.4580098057456 0
      vertex 77.11637531402452 -71.34287269688133 0
    endloop
  endfacet
  facet normal 0.15643446504023623 -0.9876883405951369 0
    outer loop
      vertex 77.55575403111247 -71.27328194468484 57.8
      vertex 77.11637531402452 -71.34287269688133 0
      vertex 77.55575403111247 -71.27328194468484 0
    endloop
  endfacet
  facet normal 0.05233595624294645 -0.9986295347545737 0
    outer loop
      vertex 78 -71.25 57.8
      vertex 77.55575403111247 -71.27328194468484 0
      vertex 78 -71.25 0
    endloop
  endfacet
  facet normal -0.05233595624294645 -0.9986295347545737 0
    outer loop
      vertex 78.44424596888753 -71.27328194468484 57.8
      vertex 78 -71.25 0
      vertex 78.44424596888753 -71.27328194468484 0
    endloop
  endfacet
  facet normal -0.15643446504023623 -0.9876883405951369 0
    outer loop
      vertex 78.88362468597548 -71.34287269688133 57.8
      vertex 78.44424596888753 -71.27328194468484 0
      vertex 78.88362468597548 -71.34287269688133 0
    endloop
  endfacet
  facet normal 0.05233596169807261 -0.9986295344686825 0
    outer loop
      vertex 84 -87.5 2
      vertex 84.62717077881098 -87.4671313688159 2
      vertex 84 -87.5 60
    endloop
  endfacet
  facet normal -0.2588190451025243 0.9659258262890674 0
    outer loop
      vertex 78.88362468597548 -79.65712730311867 57.8
      vertex 79.31332222609353 -79.5419901942544 0
      vertex 78.88362468597548 -79.65712730311867 0
    endloop
  endfacet
  facet normal -0.3583679495453039 0.9335804264972004 0
    outer loop
      vertex 79.31332222609353 -79.5419901942544 57.8
      vertex 79.72863073307215 -79.38256819498105 0
      vertex 79.31332222609353 -79.5419901942544 0
    endloop
  endfacet
  facet normal -0.453990499739527 0.8910065241883779 0
    outer loop
      vertex 79.72863073307215 -79.38256819498105 57.8
      vertex 80.125 -79.18060796608387 0
      vertex 79.72863073307215 -79.38256819498105 0
    endloop
  endfacet
  facet normal -0.5446390350150269 0.8386705679454243 0
    outer loop
      vertex 80.125 -79.18060796608387 57.8
      vertex 80.49808732224301 -78.93832222609353 0
      vertex 80.125 -79.18060796608387 0
    endloop
  endfacet
  facet normal -0.629320391049847 0.7771459614569629 0
    outer loop
      vertex 80.49808732224301 -78.93832222609353 57.8
      vertex 80.84380507702515 -78.65836550827892 0
      vertex 80.49808732224301 -78.93832222609353 0
    endloop
  endfacet
  facet normal -0.7071067811865475 0.7071067811865475 0
    outer loop
      vertex 80.84380507702515 -78.65836550827892 57.8
      vertex 81.15836550827892 -78.34380507702515 0
      vertex 80.84380507702515 -78.65836550827892 0
    endloop
  endfacet
  facet normal -0.7771459614569629 0.629320391049847 0
    outer loop
      vertex 81.15836550827892 -78.34380507702515 57.8
      vertex 81.43832222609353 -77.99808732224301 0
      vertex 81.15836550827892 -78.34380507702515 0
    endloop
  endfacet
  facet normal -0.8386705679454243 0.5446390350150269 0
    outer loop
      vertex 81.43832222609353 -77.99808732224301 57.8
      vertex 81.68060796608387 -77.625 0
      vertex 81.43832222609353 -77.99808732224301 0
    endloop
  endfacet
  facet normal -0.8910065241883779 0.453990499739527 0
    outer loop
      vertex 81.68060796608387 -77.625 57.8
      vertex 81.88256819498105 -77.22863073307215 0
      vertex 81.68060796608387 -77.625 0
    endloop
  endfacet
  facet normal -0.9335804264972004 0.3583679495453039 0
    outer loop
      vertex 81.88256819498105 -77.22863073307215 57.8
      vertex 82.0419901942544 -76.81332222609353 0
      vertex 81.88256819498105 -77.22863073307215 0
    endloop
  endfacet
  facet normal -0.9659258262890674 0.2588190451025243 0
    outer loop
      vertex 82.0419901942544 -76.81332222609353 57.8
      vertex 82.15712730311867 -76.38362468597548 0
      vertex 82.0419901942544 -76.81332222609353 0
    endloop
  endfacet
  facet normal 0.15643445553477123 -0.9876883421006546 0
    outer loop
      vertex 84.62717077881098 -87.4671313688159 2
      vertex 85.24747014790773 -87.36888560652733 2
      vertex 84.62717077881098 -87.4671313688159 60
    endloop
  endfacet
  facet normal 0.25881904950851087 -0.9659258251084867 0
    outer loop
      vertex 85.24747014790773 -87.36888560652733 2
      vertex 85.85410196334124 -87.20633909851313 2
      vertex 85.24747014790773 -87.36888560652733 60
    endloop
  endfacet
  facet normal 0.3583679532441575 -0.9335804250773435 0
    outer loop
      vertex 85.85410196334124 -87.20633909851313 2
      vertex 86.44041986018419 -86.98127274215221 2
      vertex 85.85410196334124 -87.20633909851313 60
    endloop
  endfacet
  facet normal 0.4539904916265432 -0.8910065283221495 0
    outer loop
      vertex 86.44041986018419 -86.98127274215221 2
      vertex 87 -86.69615242630243 2
      vertex 86.44041986018419 -86.98127274215221 60
    endloop
  endfacet
  facet normal 0.5446390406067345 -0.8386705643141267 0
    outer loop
      vertex 87 -86.69615242630243 2
      vertex 87.52671151608229 -86.35410196334124 2
      vertex 87 -86.69615242630243 60
    endloop
  endfacet
  facet normal 0.6293203941204519 -0.7771459589704364 0
    outer loop
      vertex 87.52671151608229 -86.35410196334124 2
      vertex 88.01478363573551 -85.95886895060539 2
      vertex 87.52671151608229 -86.35410196334124 60
    endloop
  endfacet
  facet normal 0.7071067811865476 -0.7071067811865476 0
    outer loop
      vertex 88.01478363573551 -85.95886895060539 2
      vertex 88.45886895060539 -85.51478363573551 2
      vertex 88.01478363573551 -85.95886895060539 60
    endloop
  endfacet
  facet normal 0.7771459589704364 -0.6293203941204519 0
    outer loop
      vertex 88.45886895060539 -85.51478363573551 2
      vertex 88.85410196334124 -85.02671151608229 2
      vertex 88.45886895060539 -85.51478363573551 60
    endloop
  endfacet
  facet normal 0.8386705643141267 -0.5446390406067345 0
    outer loop
      vertex 88.85410196334124 -85.02671151608229 2
      vertex 89.19615242630243 -84.5 2
      vertex 88.85410196334124 -85.02671151608229 60
    endloop
  endfacet
  facet normal 0.8910065283221495 -0.4539904916265432 0
    outer loop
      vertex 89.19615242630243 -84.5 2
      vertex 89.48127274215221 -83.94041986018419 2
      vertex 89.19615242630243 -84.5 60
    endloop
  endfacet
  facet normal 0.9335804250773435 -0.3583679532441575 0
    outer loop
      vertex 89.48127274215221 -83.94041986018419 2
      vertex 89.70633909851313 -83.35410196334124 2
      vertex 89.48127274215221 -83.94041986018419 60
    endloop
  endfacet
  facet normal 0.9659258251084867 -0.25881904950851087 0
    outer loop
      vertex 89.70633909851313 -83.35410196334124 2
      vertex 89.86888560652733 -82.74747014790773 2
      vertex 89.70633909851313 -83.35410196334124 60
    endloop
  endfacet
  facet normal 0.9876883421006546 -0.15643445553477123 0
    outer loop
      vertex 89.86888560652733 -82.74747014790773 2
      vertex 89.9671313688159 -82.12717077881098 2
      vertex 89.86888560652733 -82.74747014790773 60
    endloop
  endfacet
  facet normal 0.9986295344686825 -0.05233596169807261 0
    outer loop
      vertex 89.9671313688159 -82.12717077881098 2
      vertex 90 -81.5 2
      vertex 89.9671313688159 -82.12717077881098 60
    endloop
  endfacet
  facet normal -0.2588190451025243 -0.9659258262890674 0
    outer loop
      vertex 79.31332222609353 -71.4580098057456 57.8
      vertex 78.88362468597548 -71.34287269688133 0
      vertex 79.31332222609353 -71.4580098057456 0
    endloop
  endfacet
  facet normal -0.3583679495453039 -0.9335804264972004 0
    outer loop
      vertex 79.72863073307215 -71.61743180501895 57.8
      vertex 79.31332222609353 -71.4580098057456 0
      vertex 79.72863073307215 -71.61743180501895 0
    endloop
  endfacet
  facet normal -0.453990499739527 -0.8910065241883779 0
    outer loop
      vertex 80.125 -71.81939203391613 57.8
      vertex 79.72863073307215 -71.61743180501895 0
      vertex 80.125 -71.81939203391613 0
    endloop
  endfacet
  facet normal -0.7071067811865475 -0.7071067811865475 0
    outer loop
      vertex 81.15836550827892 -72.65619492297485 57.8
      vertex 80.84380507702515 -72.34163449172108 0
      vertex 81.15836550827892 -72.65619492297485 0
    endloop
  endfacet
  facet normal -0.7771459614569629 -0.629320391049847 0
    outer loop
      vertex 81.43832222609353 -73.00191267775699 57.8
      vertex 81.15836550827892 -72.65619492297485 0
      vertex 81.43832222609353 -73.00191267775699 0
    endloop
  endfacet
  facet normal -0.5446390350150269 -0.8386705679454243 0
    outer loop
      vertex 80.49808732224301 -72.06167777390647 57.8
      vertex 80.125 -71.81939203391613 0
      vertex 80.49808732224301 -72.06167777390647 0
    endloop
  endfacet
  facet normal -0.629320391049847 -0.7771459614569629 0
    outer loop
      vertex 80.84380507702515 -72.34163449172108 57.8
      vertex 80.49808732224301 -72.06167777390647 0
      vertex 80.84380507702515 -72.34163449172108 0
    endloop
  endfacet
  facet normal -0.9876883405951369 0.15643446504023623 0
    outer loop
      vertex 82.15712730311867 -76.38362468597548 57.8
      vertex 82.22671805531516 -75.94424596888753 0
      vertex 82.15712730311867 -76.38362468597548 0
    endloop
  endfacet
  facet normal -0.9986295347545737 0.05233595624294645 0
    outer loop
      vertex 82.22671805531516 -75.94424596888753 57.8
      vertex 82.25 -75.5 0
      vertex 82.22671805531516 -75.94424596888753 0
    endloop
  endfacet
  facet normal -0.9986295347545737 -0.05233595624294645 0
    outer loop
      vertex 82.25 -75.5 57.8
      vertex 82.22671805531516 -75.05575403111247 0
      vertex 82.25 -75.5 0
    endloop
  endfacet
  facet normal -0.9876883405951369 -0.15643446504023623 0
    outer loop
      vertex 82.22671805531516 -75.05575403111247 57.8
      vertex 82.15712730311867 -74.61637531402452 0
      vertex 82.22671805531516 -75.05575403111247 0
    endloop
  endfacet
  facet normal -0.9659258262890674 -0.2588190451025243 0
    outer loop
      vertex 82.15712730311867 -74.61637531402452 57.8
      vertex 82.0419901942544 -74.18667777390647 0
      vertex 82.15712730311867 -74.61637531402452 0
    endloop
  endfacet
  facet normal -0.9335804264972004 -0.3583679495453039 0
    outer loop
      vertex 82.0419901942544 -74.18667777390647 57.8
      vertex 81.88256819498105 -73.77136926692785 0
      vertex 82.0419901942544 -74.18667777390647 0
    endloop
  endfacet
  facet normal -0.8910065241883779 -0.453990499739527 0
    outer loop
      vertex 81.88256819498105 -73.77136926692785 57.8
      vertex 81.68060796608387 -73.375 0
      vertex 81.88256819498105 -73.77136926692785 0
    endloop
  endfacet
  facet normal -0.8386705679454243 -0.5446390350150269 0
    outer loop
      vertex 81.68060796608387 -73.375 57.8
      vertex 81.43832222609353 -73.00191267775699 0
      vertex 81.68060796608387 -73.375 0
    endloop
  endfacet
  facet normal -0.5446390353737932 0.8386705677124385 0
    outer loop
      vertex 71.01246091723442 -65.74901052564383 2
      vertex 71.01246091723442 -65.74901052564383 60
      vertex 71.93411602079868 -65.15048070251942 2
    endloop
  endfacet
  facet normal -0.4999999931753902 0.866025407724629 0
    outer loop
      vertex 71.93411602079868 -65.15048070251942 2
      vertex 71.93411602079868 -65.15048070251942 60
      vertex 72.06999537348747 -65.07203072309494 2
    endloop
  endfacet
  facet normal -0.45399049835820615 0.891006524892196 0
    outer loop
      vertex 72.06999537348747 -65.07203072309494 2
      vertex 72.06999537348747 -65.07203072309494 60
      vertex 73.04916489869356 -64.57311893254519 2
    endloop
  endfacet
  facet normal -0.4067366474539906 0.913545455693305 0
    outer loop
      vertex 73.04916489869356 -64.57311893254519 2
      vertex 73.04916489869356 -64.57311893254519 60
      vertex 73.1925001963973 -64.50930194556713 2
    endloop
  endfacet
  facet normal -0.35836795142435096 0.9335804257759017 0
    outer loop
      vertex 73.1925001963973 -64.50930194556713 2
      vertex 73.1925001963973 -64.50930194556713 60
      vertex 74.2184560149908 -64.11547440290451 2
    endloop
  endfacet
  facet normal -0.30901699149037953 0.9510565172324066 0
    outer loop
      vertex 74.2184560149908 -64.11547440290451 2
      vertex 74.2184560149908 -64.11547440290451 60
      vertex 74.36767707765102 -64.06698954105377 2
    endloop
  endfacet
  facet normal -0.25881903888655244 0.9659258279546319 0
    outer loop
      vertex 74.36767707765102 -64.06698954105377 2
      vertex 74.36767707765102 -64.06698954105377 60
      vertex 75.42917874455452 -63.78256103396416 2
    endloop
  endfacet
  facet normal -0.20791169973303814 0.9781475988388045 0
    outer loop
      vertex 75.42917874455452 -63.78256103396416 2
      vertex 75.42917874455452 -63.78256103396416 60
      vertex 75.5826502814889 -63.749939650297165 2
    endloop
  endfacet
  facet normal -0.15643446525950055 0.9876883405604088 0
    outer loop
      vertex 75.5826502814889 -63.749939650297165 2
      vertex 75.5826502814889 -63.749939650297165 60
      vertex 76.66806792467833 -63.57802638411522 2
    endloop
  endfacet
  facet normal -0.10452847376048861 0.9945218942654319 0
    outer loop
      vertex 76.66806792467833 -63.57802638411522 2
      vertex 76.66806792467833 -63.57802638411522 60
      vertex 76.824108466506 -63.561625860631466 2
    endloop
  endfacet
  facet normal -0.0523359532298615 0.9986295349124829 0
    outer loop
      vertex 76.824108466506 -63.561625860631466 2
      vertex 76.824108466506 -63.561625860631466 60
      vertex 77.92154992371798 -63.504111394286156 2
    endloop
  endfacet
  facet normal 0 1 0
    outer loop
      vertex 77.92154992371798 -63.504111394286156 2
      vertex 77.92154992371798 -63.504111394286156 60
      vertex 78.07845007628202 -63.504111394286156 2
    endloop
  endfacet
  facet normal 0.05233595249243526 0.9986295349511297 0
    outer loop
      vertex 78.07845007628202 -63.504111394286156 2
      vertex 78.07845007628202 -63.504111394286156 60
      vertex 79.17589140683413 -63.561625853180885 2
    endloop
  endfacet
  facet normal 0.1045284566956052 0.9945218960590235 0
    outer loop
      vertex 79.33193218708038 -63.57802639901638 2
      vertex 79.17589140683413 -63.561625853180885 2
      vertex 79.17589140683413 -63.561625853180885 60
    endloop
  endfacet
  facet normal 0.15643446879228512 0.9876883400008707 0
    outer loop
      vertex 79.33193218708038 -63.57802639901638 2
      vertex 79.33193218708038 -63.57802639901638 60
      vertex 80.41734971106052 -63.749939650297165 2
    endloop
  endfacet
  facet normal 0.20791169973303814 0.9781475988388045 0
    outer loop
      vertex 80.41734971106052 -63.749939650297165 2
      vertex 80.41734971106052 -63.749939650297165 60
      vertex 80.5708212479949 -63.78256103396416 2
    endloop
  endfacet
  facet normal 0.2588190418222672 0.9659258271680096 0
    outer loop
      vertex 80.5708212479949 -63.78256103396416 2
      vertex 80.5708212479949 -63.78256103396416 60
      vertex 81.63232292979956 -64.06698954850435 2
    endloop
  endfacet
  facet normal 0.20791167136554337 0.9781476048685016 0
    outer loop
      vertex 82.22354287654161 -64.26753835380077 2
      vertex 82.22354287654161 -64.26753835380077 60
      vertex 82.53069662302732 -64.33282589167356 2
    endloop
  endfacet
  facet normal 0.10452847116952206 0.9945218945377534 0
    outer loop
      vertex 82.53069662302732 -64.33282589167356 2
      vertex 82.53069662302732 -64.33282589167356 60
      vertex 82.84299214929342 -64.36564947664738 2
    endloop
  endfacet
  facet normal 0 1 0
    outer loop
      vertex 82.84299214929342 -64.36564947664738 2
      vertex 82.84299214929342 -64.36564947664738 60
      vertex 83.15700788795948 -64.36564947664738 2
    endloop
  endfacet
  facet normal 0.30901697536629286 0.9510565224714396 0
    outer loop
      vertex 81.63232292979956 -64.06698954850435 2
      vertex 81.63232292979956 -64.06698954850435 60
      vertex 81.78154395520687 -64.11547439545393 2
    endloop
  endfacet
  facet normal 0.3583679643212113 0.9335804208252607 0
    outer loop
      vertex 81.78154395520687 -64.11547439545393 2
      vertex 81.78154395520687 -64.11547439545393 60
      vertex 81.92489616572857 -64.17050215601921 2
    endloop
  endfacet
  facet normal 0.3090169921374998 0.9510565170221443 0
    outer loop
      vertex 82.22354287654161 -64.26753835380077 2
      vertex 81.92489616572857 -64.17050215601921 2
      vertex 81.92489616572857 -64.17050215601921 60
    endloop
  endfacet
  facet normal -0.10452847116952206 0.9945218945377534 0
    outer loop
      vertex 83.15700788795948 -64.36564947664738 2
      vertex 83.15700788795948 -64.36564947664738 60
      vertex 83.46930341422558 -64.33282589167356 2
    endloop
  endfacet
  facet normal -0.20791169889194822 0.9781475990175839 0
    outer loop
      vertex 83.46930341422558 -64.33282589167356 2
      vertex 83.46930341422558 -64.33282589167356 60
      vertex 83.77645715326071 -64.2675383463502 2
    endloop
  endfacet
  facet normal -0.3090170135985689 0.95105651004902 0
    outer loop
      vertex 83.77645715326071 -64.2675383463502 2
      vertex 83.77645715326071 -64.2675383463502 60
      vertex 84.07510386407375 -64.17050214111805 2
    endloop
  endfacet
  facet normal -0.40673663936662624 0.9135454592940316 0
    outer loop
      vertex 84.07510386407375 -64.17050214111805 2
      vertex 84.07510386407375 -64.17050214111805 60
      vertex 84.36197151243687 -64.04278043657541 2
    endloop
  endfacet
  facet normal -0.500000013973586 0.8660253957167849 0
    outer loop
      vertex 84.36197151243687 -64.04278043657541 2
      vertex 84.36197151243687 -64.04278043657541 60
      vertex 84.63391711562872 -63.885772563517094 2
    endloop
  endfacet
  facet normal -0.5877852528566571 0.809016993965044 0
    outer loop
      vertex 84.63391711562872 -63.885772563517094 2
      vertex 84.63391711562872 -63.885772563517094 60
      vertex 84.8879611864686 -63.70119874179363 2
    endloop
  endfacet
  facet normal -0.669130614928542 0.7431448177612163 0
    outer loop
      vertex 84.8879611864686 -63.70119874179363 2
      vertex 84.8879611864686 -63.70119874179363 60
      vertex 85.12132035195827 -63.491081200540066 2
    endloop
  endfacet
  facet normal -0.7431448177612163 0.669130614928542 0
    outer loop
      vertex 85.12132035195827 -63.491081200540066 2
      vertex 85.12132035195827 -63.491081200540066 60
      vertex 85.33143789321184 -63.25772203505039 2
    endloop
  endfacet
  facet normal -0.809016993965044 0.5877852528566571 0
    outer loop
      vertex 85.33143789321184 -63.25772203505039 2
      vertex 85.33143789321184 -63.25772203505039 60
      vertex 85.5160117149353 -63.00367796421051 2
    endloop
  endfacet
  facet normal -0.8660254119224732 0.4999999859045104 0
    outer loop
      vertex 85.5160117149353 -63.00367796421051 2
      vertex 85.5160117149353 -63.00367796421051 60
      vertex 85.67301958054304 -62.73173235356808 2
    endloop
  endfacet
  facet normal -0.9135454592940316 0.40673663936662624 0
    outer loop
      vertex 85.67301958054304 -62.73173235356808 2
      vertex 85.67301958054304 -62.73173235356808 60
      vertex 85.80074128508568 -62.444864705204964 2
    endloop
  endfacet
  facet normal -0.9510565170221443 0.3090169921374998 0
    outer loop
      vertex 85.80074128508568 -62.444864705204964 2
      vertex 85.80074128508568 -62.444864705204964 60
      vertex 85.89777748286724 -62.14621799439192 2
    endloop
  endfacet
  facet normal -0.9781476048685016 0.20791167136554337 0
    outer loop
      vertex 85.89777748286724 -62.14621799439192 2
      vertex 85.89777748286724 -62.14621799439192 60
      vertex 85.96306502074003 -61.83906424790621 2
    endloop
  endfacet
  facet normal -0.9945218945377534 0.10452847116952206 0
    outer loop
      vertex 85.96306502074003 -61.83906424790621 2
      vertex 85.96306502074003 -61.83906424790621 60
      vertex 85.99588860571384 -61.52676872164011 2
    endloop
  endfacet
  facet normal -0.9996573251385336 0.02617694208405647 0
    outer loop
      vertex 85.99588860571384 -61.52676872164011 2
      vertex 85.99588860571384 -61.52676872164011 60
      vertex 86 -61.36976087093353 2
    endloop
  endfacet
  facet normal 0 0 1
    outer loop
      vertex 67.65048070251942 -69.43411602079868 2
      vertex 68.24901052564383 -68.51246091723442 2
      vertex 75.5826502814889 63.749939650297165 2
    endloop
  endfacet
  facet normal 0 0 1
    outer loop
      vertex 68.24901052564383 -68.51246091723442 2
      vertex 68.3412339836359 -68.38552622497082 2
      vertex 75.5826502814889 63.749939650297165 2
    endloop
  endfacet
  facet normal 0 0 1
    outer loop
      vertex 68.3412339836359 -68.38552622497082 2
      vertex 69.03282411396503 -67.53148353099823 2
      vertex 75.5826502814889 63.749939650297165 2
    endloop
  endfacet
  facet normal 0 0 1
    outer loop
      vertex 69.03282411396503 -67.53148353099823 2
      vertex 69.13781078159809 -67.41488402336836 2
      vertex 75.5826502814889 63.749939650297165 2
    endloop
  endfacet
  facet normal 0 0 1
    outer loop
      vertex 69.13781078159809 -67.41488402336836 2
      vertex 69.91488401591778 -66.63781078904867 2
      vertex 75.5826502814889 63.749939650297165 2
    endloop
  endfacet
  facet normal 0 0 1
    outer loop
      vertex 69.91488401591778 -66.63781078904867 2
      vertex 70.03148353844881 -66.53282410651445 2
      vertex 75.5826502814889 63.749939650297165 2
    endloop
  endfacet
  facet normal 0 0 1
    outer loop
      vertex 70.03148353844881 -66.53282410651445 2
      vertex 70.88552622497082 -65.8412339836359 2
      vertex 75.5826502814889 63.749939650297165 2
    endloop
  endfacet
  facet normal 0 0 1
    outer loop
      vertex 70.88552622497082 -65.8412339836359 2
      vertex 71.01246091723442 -65.74901052564383 2
      vertex 75.5826502814889 63.749939650297165 2
    endloop
  endfacet
  facet normal 0 0 1
    outer loop
      vertex 71.01246091723442 -65.74901052564383 2
      vertex 71.93411602079868 -65.15048070251942 2
      vertex 75.5826502814889 63.749939650297165 2
    endloop
  endfacet
  facet normal 0 0 -1
    outer loop
      vertex 78.88362468597548 71.34287269688133 0
      vertex 74.31939203391613 -73.375 0
      vertex 74.11743180501895 -73.77136926692785 0
    endloop
  endfacet
  facet normal 0 0 -1
    outer loop
      vertex 78.88362468597548 71.34287269688133 0
      vertex 74.56167777390647 -73.00191267775699 0
      vertex 74.31939203391613 -73.375 0
    endloop
  endfacet
  facet normal 0 0 -1
    outer loop
      vertex 78.88362468597548 71.34287269688133 0
      vertex 74.84163449172108 -72.65619492297485 0
      vertex 74.56167777390647 -73.00191267775699 0
    endloop
  endfacet
  facet normal 0 0 -1
    outer loop
      vertex 78.88362468597548 71.34287269688133 0
      vertex 75.15619492297485 -72.34163449172108 0
      vertex 74.84163449172108 -72.65619492297485 0
    endloop
  endfacet
  facet normal 0 0 -1
    outer loop
      vertex 78.88362468597548 71.34287269688133 0
      vertex 75.50191267775699 -72.06167777390647 0
      vertex 75.15619492297485 -72.34163449172108 0
    endloop
  endfacet
  facet normal 0 0 -1
    outer loop
      vertex 78.88362468597548 71.34287269688133 0
      vertex 75.875 -71.81939203391613 0
      vertex 75.50191267775699 -72.06167777390647 0
    endloop
  endfacet
  facet normal 0 0 -1
    outer loop
      vertex 78.88362468597548 71.34287269688133 0
      vertex 76.27136926692785 -71.61743180501895 0
      vertex 75.875 -71.81939203391613 0
    endloop
  endfacet
  facet normal 0 0 -1
    outer loop
      vertex 78.88362468597548 71.34287269688133 0
      vertex 76.68667777390647 -71.4580098057456 0
      vertex 76.27136926692785 -71.61743180501895 0
    endloop
  endfacet
  facet normal 0 0 -1
    outer loop
      vertex 78.88362468597548 71.34287269688133 0
      vertex 77.11637531402452 -71.34287269688133 0
      vertex 76.68667777390647 -71.4580098057456 0
    endloop
  endfacet
  facet normal 0 0 -1
    outer loop
      vertex 78.88362468597548 71.34287269688133 0
      vertex 77.55575403111247 -71.27328194468484 0
      vertex 77.11637531402452 -71.34287269688133 0
    endloop
  endfacet
  facet normal 0 0 -1
    outer loop
      vertex 78.88362468597548 71.34287269688133 0
      vertex 78 -71.25 0
      vertex 77.55575403111247 -71.27328194468484 0
    endloop
  endfacet
  facet normal 0 0 -1
    outer loop
      vertex 78.88362468597548 71.34287269688133 0
      vertex 78.44424596888753 -71.27328194468484 0
      vertex 78 -71.25 0
    endloop
  endfacet
  facet normal 0 0 -1
    outer loop
      vertex 78.88362468597548 71.34287269688133 0
      vertex 78.88362468597548 -71.34287269688133 0
      vertex 78.44424596888753 -71.27328194468484 0
    endloop
  endfacet
  facet normal 0 0 1
    outer loop
      vertex 71.93411602079868 -65.15048070251942 2
      vertex 72.06999537348747 -65.07203072309494 2
      vertex 75.5826502814889 63.749939650297165 2
    endloop
  endfacet
  facet normal 0 0 1
    outer loop
      vertex 72.06999537348747 -65.07203072309494 2
      vertex 73.04916489869356 -64.57311893254519 2
      vertex 75.5826502814889 63.749939650297165 2
    endloop
  endfacet
  facet normal 0 0 -1
    outer loop
      vertex 90 -81.5 0
      vertex 81.15836550827892 -72.65619492297485 0
      vertex 78.88362468597548 71.34287269688133 0
    endloop
  endfacet
  facet normal 0 0 -1
    outer loop
      vertex 78.88362468597548 71.34287269688133 0
      vertex 79.31332222609353 -71.4580098057456 0
      vertex 78.88362468597548 -71.34287269688133 0
    endloop
  endfacet
  facet normal 0 0 -1
    outer loop
      vertex 78.88362468597548 71.34287269688133 0
      vertex 79.72863073307215 -71.61743180501895 0
      vertex 79.31332222609353 -71.4580098057456 0
    endloop
  endfacet
  facet normal 0 0 -1
    outer loop
      vertex 78.88362468597548 71.34287269688133 0
      vertex 80.125 -71.81939203391613 0
      vertex 79.72863073307215 -71.61743180501895 0
    endloop
  endfacet
  facet normal 0 0 -1
    outer loop
      vertex 78.88362468597548 71.34287269688133 0
      vertex 80.84380507702515 -72.34163449172108 0
      vertex 80.49808732224301 -72.06167777390647 0
    endloop
  endfacet
  facet normal 0 0 -1
    outer loop
      vertex 78.88362468597548 71.34287269688133 0
      vertex 80.49808732224301 -72.06167777390647 0
      vertex 80.125 -71.81939203391613 0
    endloop
  endfacet
  facet normal 0 0 -1
    outer loop
      vertex 78.88362468597548 71.34287269688133 0
      vertex 81.15836550827892 -72.65619492297485 0
      vertex 80.84380507702515 -72.34163449172108 0
    endloop
  endfacet
  facet normal 0 0 1
    outer loop
      vertex 81.78154395520687 -64.11547439545393 2
      vertex 81.92489616572857 -64.17050215601921 2
      vertex 86 61.36976087093353 2
    endloop
  endfacet
  facet normal 0 0 1
    outer loop
      vertex 82.22354287654161 -64.26753835380077 2
      vertex 86 61.36976087093353 2
      vertex 81.92489616572857 -64.17050215601921 2
    endloop
  endfacet
  facet normal 0 0 1
    outer loop
      vertex 82.22354287654161 -64.26753835380077 2
      vertex 82.53069662302732 -64.33282589167356 2
      vertex 86 61.36976087093353 2
    endloop
  endfacet
  facet normal 0 0 1
    outer loop
      vertex 82.53069662302732 -64.33282589167356 2
      vertex 82.84299214929342 -64.36564947664738 2
      vertex 86 61.36976087093353 2
    endloop
  endfacet
  facet normal 0 0 1
    outer loop
      vertex 82.84299214929342 -64.36564947664738 2
      vertex 83.15700788795948 -64.36564947664738 2
      vertex 86 61.36976087093353 2
    endloop
  endfacet
  facet normal 0 0 1
    outer loop
      vertex 83.15700788795948 -64.36564947664738 2
      vertex 83.46930341422558 -64.33282589167356 2
      vertex 86 61.36976087093353 2
    endloop
  endfacet
  facet normal 1 0 0
    outer loop
      vertex 90 -81.5 0
      vertex 90 81.5 0
      vertex 90 -81.5 2
    endloop
  endfacet
  facet normal 0 0 1
    outer loop
      vertex 83.46930341422558 -64.33282589167356 2
      vertex 83.77645715326071 -64.2675383463502 2
      vertex 86 61.36976087093353 2
    endloop
  endfacet
  facet normal 0 0 1
    outer loop
      vertex 83.77645715326071 -64.2675383463502 2
      vertex 84.07510386407375 -64.17050214111805 2
      vertex 86 61.36976087093353 2
    endloop
  endfacet
  facet normal 0 0 1
    outer loop
      vertex 84.07510386407375 -64.17050214111805 2
      vertex 84.36197151243687 -64.04278043657541 2
      vertex 86 61.36976087093353 2
    endloop
  endfacet
  facet normal 0 0 1
    outer loop
      vertex 84.36197151243687 -64.04278043657541 2
      vertex 84.63391711562872 -63.885772563517094 2
      vertex 86 61.36976087093353 2
    endloop
  endfacet
  facet normal 0 0 1
    outer loop
      vertex 84.63391711562872 -63.885772563517094 2
      vertex 84.8879611864686 -63.70119874179363 2
      vertex 86 61.36976087093353 2
    endloop
  endfacet
  facet normal 0 0 1
    outer loop
      vertex 84.8879611864686 -63.70119874179363 2
      vertex 85.12132035195827 -63.491081200540066 2
      vertex 86 61.36976087093353 2
    endloop
  endfacet
  facet normal 0 0 1
    outer loop
      vertex 73.04916489869356 -64.57311893254519 2
      vertex 73.1925001963973 -64.50930194556713 2
      vertex 75.5826502814889 63.749939650297165 2
    endloop
  endfacet
  facet normal 0 0 1
    outer loop
      vertex 73.1925001963973 -64.50930194556713 2
      vertex 74.2184560149908 -64.11547440290451 2
      vertex 75.5826502814889 63.749939650297165 2
    endloop
  endfacet
  facet normal 0 0 1
    outer loop
      vertex 74.2184560149908 -64.11547440290451 2
      vertex 74.36767707765102 -64.06698954105377 2
      vertex 75.5826502814889 63.749939650297165 2
    endloop
  endfacet
  facet normal 0 0 1
    outer loop
      vertex 74.36767707765102 -64.06698954105377 2
      vertex 75.42917874455452 -63.78256103396416 2
      vertex 75.5826502814889 63.749939650297165 2
    endloop
  endfacet
  facet normal 0 0 1
    outer loop
      vertex 75.42917874455452 -63.78256103396416 2
      vertex 75.5826502814889 -63.749939650297165 2
      vertex 75.5826502814889 63.749939650297165 2
    endloop
  endfacet
  facet normal 0 0 1
    outer loop
      vertex 75.5826502814889 -63.749939650297165 2
      vertex 76.66806792467833 -63.57802638411522 2
      vertex 76.66806780546904 63.57802639901638 2
    endloop
  endfacet
  facet normal 0 0 1
    outer loop
      vertex 76.66806792467833 -63.57802638411522 2
      vertex 76.824108466506 -63.561625860631466 2
      vertex 76.66806780546904 63.57802639901638 2
    endloop
  endfacet
  facet normal 0 0 1
    outer loop
      vertex 76.824108466506 -63.561625860631466 2
      vertex 77.92154992371798 -63.504111394286156 2
      vertex 78.07845007628202 63.504111394286156 2
    endloop
  endfacet
  facet normal 0 0 1
    outer loop
      vertex 77.92154992371798 -63.504111394286156 2
      vertex 78.07845007628202 -63.504111394286156 2
      vertex 78.07845007628202 63.504111394286156 2
    endloop
  endfacet
  facet normal 0 0 1
    outer loop
      vertex 78.07845007628202 -63.504111394286156 2
      vertex 79.17589140683413 -63.561625853180885 2
      vertex 78.07845007628202 63.504111394286156 2
    endloop
  endfacet
  facet normal 0 0 1
    outer loop
      vertex 79.33193218708038 -63.57802639901638 2
      vertex 79.17589152604342 63.561625860631466 2
      vertex 79.17589140683413 -63.561625853180885 2
    endloop
  endfacet
  facet normal 0 0 1
    outer loop
      vertex 79.33193218708038 -63.57802639901638 2
      vertex 80.41734971106052 -63.749939650297165 2
      vertex 80.41734971106052 63.749939650297165 2
    endloop
  endfacet
  facet normal 0 0 1
    outer loop
      vertex 80.41734971106052 -63.749939650297165 2
      vertex 80.5708212479949 -63.78256103396416 2
      vertex 80.5708212479949 63.78256103396416 2
    endloop
  endfacet
  facet normal 0 0 1
    outer loop
      vertex 80.5708212479949 -63.78256103396416 2
      vertex 81.63232292979956 -64.06698954850435 2
      vertex 81.6323229148984 64.06698954105377 2
    endloop
  endfacet
  facet normal 0 0 1
    outer loop
      vertex 81.63232292979956 -64.06698954850435 2
      vertex 81.78154395520687 -64.11547439545393 2
      vertex 81.6323229148984 64.06698954105377 2
    endloop
  endfacet
  facet normal 0 0 1
    outer loop
      vertex 85.12132035195827 -63.491081200540066 2
      vertex 85.33143789321184 -63.25772203505039 2
      vertex 86 61.36976087093353 2
    endloop
  endfacet
  facet normal 0 0 1
    outer loop
      vertex 85.33143789321184 -63.25772203505039 2
      vertex 85.5160117149353 -63.00367796421051 2
      vertex 86 61.36976087093353 2
    endloop
  endfacet
  facet normal 0 0 1
    outer loop
      vertex 85.5160117149353 -63.00367796421051 2
      vertex 85.67301958054304 -62.73173235356808 2
      vertex 86 61.36976087093353 2
    endloop
  endfacet
  facet normal 0 0 1
    outer loop
      vertex 85.67301958054304 -62.73173235356808 2
      vertex 85.80074128508568 -62.444864705204964 2
      vertex 86 61.36976087093353 2
    endloop
  endfacet
  facet normal 0 0 1
    outer loop
      vertex 85.80074128508568 -62.444864705204964 2
      vertex 85.89777748286724 -62.14621799439192 2
      vertex 86 61.36976087093353 2
    endloop
  endfacet
  facet normal 0 0 1
    outer loop
      vertex 85.89777748286724 -62.14621799439192 2
      vertex 85.96306502074003 -61.83906424790621 2
      vertex 86 61.36976087093353 2
    endloop
  endfacet
  facet normal 0 0 1
    outer loop
      vertex 85.96306502074003 -61.83906424790621 2
      vertex 85.99588860571384 -61.52676872164011 2
      vertex 86 61.36976087093353 2
    endloop
  endfacet
  facet normal 0 0 1
    outer loop
      vertex 85.99588860571384 -61.52676872164011 2
      vertex 86 -61.36976087093353 2
      vertex 86 61.36976087093353 2
    endloop
  endfacet
  facet normal 1 0 0
    outer loop
      vertex 90 -81.5 2
      vertex 90 81.5 2
      vertex 90 -81.5 60
    endloop
  endfacet
  facet normal -1 0 0
    outer loop
      vertex 86 -61.36976087093353 2
      vertex 86 -61.36976087093353 60
      vertex 86 61.36976087093353 2
    endloop
  endfacet
  facet normal 0 1 0
    outer loop
      vertex -63.86976087093353 -83.5 60
      vertex 63.86976087093353 -83.5 60
      vertex 63.86976087093353 -83.5 2
    endloop
  endfacet
  facet normal 0 -1 0
    outer loop
      vertex -84 -87.5 60
      vertex 84 -87.5 2
      vertex 84 -87.5 60
    endloop
  endfacet
  facet normal 0 0 1
    outer loop
      vertex -63.86976087093353 -83.5 60
      vertex 84 -87.5 60
      vertex 63.86976087093353 -83.5 60
    endloop
  endfacet
  facet normal -0.052335949247149044 0.998629535121208 0
    outer loop
      vertex 64.18334626406431 -83.48356568813324 2
      vertex 63.86976087093353 -83.5 60
      vertex 64.18334626406431 -83.48356568813324 60
    endloop
  endfacet
  facet normal -0.15643447077382908 0.987688339687025 0
    outer loop
      vertex 64.49349594116211 -83.43444280326366 2
      vertex 64.18334626406431 -83.48356568813324 60
      vertex 64.49349594116211 -83.43444280326366 60
    endloop
  endfacet
  facet normal -0.25881905464550803 0.9659258237320325 0
    outer loop
      vertex 64.79681185632944 -83.35316954553127 2
      vertex 64.49349594116211 -83.43444280326366 60
      vertex 64.79681185632944 -83.35316954553127 60
    endloop
  endfacet
  facet normal -0.358367950842512 0.9335804259992488 0
    outer loop
      vertex 65.08997079730034 -83.2406363710761 2
      vertex 64.79681185632944 -83.35316954553127 60
      vertex 65.08997079730034 -83.2406363710761 60
    endloop
  endfacet
  facet normal -0.45399049624595805 0.8910065259684402 0
    outer loop
      vertex 65.36976087093353 -83.09807620942593 2
      vertex 65.08997079730034 -83.2406363710761 60
      vertex 65.36976087093353 -83.09807620942593 60
    endloop
  endfacet
  facet normal -0.5446390293369446 0.8386705716328138 0
    outer loop
      vertex 65.63311662524939 -82.92705098539591 2
      vertex 65.36976087093353 -83.09807620942593 60
      vertex 65.63311662524939 -82.92705098539591 60
    endloop
  endfacet
  facet normal -0.629320395483342 0.7771459578667895 0
    outer loop
      vertex 65.87715268880129 -82.7294344753027 2
      vertex 65.63311662524939 -82.92705098539591 60
      vertex 65.87715268880129 -82.7294344753027 60
    endloop
  endfacet
  facet normal -0.7071067811865476 0.7071067811865476 0
    outer loop
      vertex 66.09919534623623 -82.50739181786776 2
      vertex 65.87715268880129 -82.7294344753027 60
      vertex 66.09919534623623 -82.50739181786776 60
    endloop
  endfacet
  facet normal -0.7771459578667895 0.629320395483342 0
    outer loop
      vertex 66.29681185632944 -82.26335575431585 2
      vertex 66.09919534623623 -82.50739181786776 60
      vertex 66.29681185632944 -82.26335575431585 60
    endloop
  endfacet
  facet normal -0.8386705716328138 0.5446390293369446 0
    outer loop
      vertex 66.46783708035946 -82 2
      vertex 66.29681185632944 -82.26335575431585 60
      vertex 66.46783708035946 -82 60
    endloop
  endfacet
  facet normal -0.8910065259684402 0.45399049624595805 0
    outer loop
      vertex 66.61039724200964 -81.7202099263668 2
      vertex 66.46783708035946 -82 60
      vertex 66.61039724200964 -81.7202099263668 60
    endloop
  endfacet
  facet normal -0.9335804259992488 0.358367950842512 0
    outer loop
      vertex 66.7229304164648 -81.42705098539591 2
      vertex 66.61039724200964 -81.7202099263668 60
      vertex 66.7229304164648 -81.42705098539591 60
    endloop
  endfacet
  facet normal -0.9659258237320325 0.25881905464550803 0
    outer loop
      vertex 66.8042036741972 -81.12373507022858 2
      vertex 66.7229304164648 -81.42705098539591 60
      vertex 66.8042036741972 -81.12373507022858 60
    endloop
  endfacet
  facet normal -0.987688339687025 0.15643447077382908 0
    outer loop
      vertex 66.85332655906677 -80.81358539313078 2
      vertex 66.8042036741972 -81.12373507022858 60
      vertex 66.85332655906677 -80.81358539313078 60
    endloop
  endfacet
  facet normal -0.9659258237320325 -0.25881905464550803 0
    outer loop
      vertex 66.7229304164648 -79.57294901460409 2
      vertex 66.8042036741972 -79.87626492977142 60
      vertex 66.7229304164648 -79.57294901460409 60
    endloop
  endfacet
  facet normal -0.9426414962864854 -0.33380684456549964 0
    outer loop
      vertex 66.67050216346979 -79.42489618808031 2
      vertex 66.7229304164648 -79.57294901460409 60
      vertex 66.67050216346979 -79.42489618808031 60
    endloop
  endfacet
  facet normal -0.933580430827447 -0.3583679382646259 0
    outer loop
      vertex 66.61547441035509 -79.2815439850092 2
      vertex 66.67050216346979 -79.42489618808031 60
      vertex 66.61547441035509 -79.2815439850092 60
    endloop
  endfacet
  facet normal -0.998629535121208 0.052335949247149044 0
    outer loop
      vertex 66.86976087093353 -80.5 2
      vertex 66.85332655906677 -80.81358539313078 60
      vertex 66.86976087093353 -80.5 60
    endloop
  endfacet
  facet normal -0.998629535121208 -0.052335949247149044 0
    outer loop
      vertex 66.85332655906677 -80.18641460686922 2
      vertex 66.86976087093353 -80.5 60
      vertex 66.85332655906677 -80.18641460686922 60
    endloop
  endfacet
  facet normal -0.987688339687025 -0.15643447077382908 0
    outer loop
      vertex 66.8042036741972 -79.87626492977142 2
      vertex 66.85332655906677 -80.18641460686922 60
      vertex 66.8042036741972 -79.87626492977142 60
    endloop
  endfacet
  facet normal -0.9945218942654319 -0.10452847376048861 0
    outer loop
      vertex 66.06162586063147 -76.67589152604342 2
      vertex 66.07802638411522 -76.8319320678711 60
      vertex 66.06162586063147 -76.67589152604342 60
    endloop
  endfacet
  facet normal -0.9510565078111152 -0.3090170204861316 0
    outer loop
      vertex 66.56698954105377 -79.1323229148984 2
      vertex 66.61547441035509 -79.2815439850092 60
      vertex 66.56698954105377 -79.1323229148984 60
    endloop
  endfacet
  facet normal -0.9659258279546319 -0.25881903888655244 0
    outer loop
      vertex 66.28256103396416 -78.0708212479949 2
      vertex 66.56698954105377 -79.1323229148984 60
      vertex 66.28256103396416 -78.0708212479949 60
    endloop
  endfacet
  facet normal -0.9781475988388045 -0.20791169973303814 0
    outer loop
      vertex 66.24993965029716 -77.91734971106052 2
      vertex 66.28256103396416 -78.0708212479949 60
      vertex 66.24993965029716 -77.91734971106052 60
    endloop
  endfacet
  facet normal -0.9876883405604088 -0.15643446525950055 0
    outer loop
      vertex 66.07802638411522 -76.8319320678711 2
      vertex 66.24993965029716 -77.91734971106052 60
      vertex 66.07802638411522 -76.8319320678711 60
    endloop
  endfacet
  facet normal -0.9986295348939128 -0.052335953584199485 0
    outer loop
      vertex 66.00411139428616 -75.57845007628202 2
      vertex 66.06162586063147 -76.67589152604342 60
      vertex 66.00411139428616 -75.57845007628202 60
    endloop
  endfacet
  facet normal -1 0 0
    outer loop
      vertex 66.00411139428616 -75.4215499162674 2
      vertex 66.00411139428616 -75.57845007628202 60
      vertex 66.00411139428616 -75.4215499162674 60
    endloop
  endfacet
  facet normal -0.9986295349511297 0.05233595249243526 0
    outer loop
      vertex 66.06162585318089 -74.3241085857153 2
      vertex 66.00411139428616 -75.4215499162674 60
      vertex 66.06162585318089 -74.3241085857153 60
    endloop
  endfacet
  facet normal -0.9945218960590235 0.1045284566956052 0
    outer loop
      vertex 66.07802639901638 -74.16806780546904 2
      vertex 66.06162585318089 -74.3241085857153 60
      vertex 66.07802639901638 -74.16806780546904 60
    endloop
  endfacet
  facet normal -0.9876883400008707 0.15643446879228512 0
    outer loop
      vertex 66.24993965029716 -73.0826502814889 2
      vertex 66.07802639901638 -74.16806780546904 60
      vertex 66.24993965029716 -73.0826502814889 60
    endloop
  endfacet
  facet normal -0.9781475988388045 0.20791169973303814 0
    outer loop
      vertex 66.28256103396416 -72.92917874455452 2
      vertex 66.24993965029716 -73.0826502814889 60
      vertex 66.28256103396416 -72.92917874455452 60
    endloop
  endfacet
  facet normal -0.9659258271680096 0.2588190418222672 0
    outer loop
      vertex 66.56698954850435 -71.86767706274986 2
      vertex 66.28256103396416 -72.92917874455452 60
      vertex 66.56698954850435 -71.86767706274986 60
    endloop
  endfacet
  facet normal -0.9510565182891794 0.309016988237967 0
    outer loop
      vertex 66.61547438800335 -71.71845606714487 2
      vertex 66.56698954850435 -71.86767706274986 60
      vertex 66.61547438800335 -71.71845606714487 60
    endloop
  endfacet
  facet normal -0.9335804257537463 0.35836795148206757 0
    outer loop
      vertex 67.00930196791887 -70.69250015169382 2
      vertex 66.61547438800335 -71.71845606714487 60
      vertex 67.00930196791887 -70.69250015169382 60
    endloop
  endfacet
  facet normal -0.9135454614917974 0.4067366344303633 0
    outer loop
      vertex 67.07311893254519 -70.54916489869356 2
      vertex 67.00930196791887 -70.69250015169382 60
      vertex 67.07311893254519 -70.54916489869356 60
    endloop
  endfacet
  facet normal -0.891006524892196 0.45399049835820615 0
    outer loop
      vertex 67.57203072309494 -69.56999537348747 2
      vertex 67.07311893254519 -70.54916489869356 60
      vertex 67.57203072309494 -69.56999537348747 60
    endloop
  endfacet
  facet normal 0.8386705679454243 0.5446390350150269 0
    outer loop
      vertex 74.56167777390647 -77.99808732224301 57.8
      vertex 74.56167777390647 -77.99808732224301 0
      vertex 74.31939203391613 -77.625 57.8
    endloop
  endfacet
  facet normal 0.8910065241883779 0.453990499739527 0
    outer loop
      vertex 74.31939203391613 -77.625 57.8
      vertex 74.31939203391613 -77.625 0
      vertex 74.11743180501895 -77.22863073307215 57.8
    endloop
  endfacet
  facet normal 0.9335804264972004 0.3583679495453039 0
    outer loop
      vertex 73.9580098057456 -76.81332222609353 57.8
      vertex 74.11743180501895 -77.22863073307215 57.8
      vertex 74.11743180501895 -77.22863073307215 0
    endloop
  endfacet
  facet normal 0.9659258262890674 0.2588190451025243 0
    outer loop
      vertex 73.9580098057456 -76.81332222609353 57.8
      vertex 73.9580098057456 -76.81332222609353 0
      vertex 73.84287269688133 -76.38362468597548 57.8
    endloop
  endfacet
  facet normal 0.7771459614569629 0.629320391049847 0
    outer loop
      vertex 74.56167777390647 -77.99808732224301 57.8
      vertex 74.84163449172108 -78.34380507702515 57.8
      vertex 74.84163449172108 -78.34380507702515 0
    endloop
  endfacet
  facet normal 0.7071067811865475 0.7071067811865475 0
    outer loop
      vertex 75.15619492297485 -78.65836550827892 57.8
      vertex 75.15619492297485 -78.65836550827892 0
      vertex 74.84163449172108 -78.34380507702515 57.8
    endloop
  endfacet
  facet normal 0.629320391049847 0.7771459614569629 0
    outer loop
      vertex 75.15619492297485 -78.65836550827892 57.8
      vertex 75.50191267775699 -78.93832222609353 57.8
      vertex 75.50191267775699 -78.93832222609353 0
    endloop
  endfacet
  facet normal 0.5446390350150269 0.8386705679454243 0
    outer loop
      vertex 75.875 -79.18060796608387 57.8
      vertex 75.875 -79.18060796608387 0
      vertex 75.50191267775699 -78.93832222609353 57.8
    endloop
  endfacet
  facet normal 0.453990499739527 0.8910065241883779 0
    outer loop
      vertex 75.875 -79.18060796608387 57.8
      vertex 76.27136926692785 -79.38256819498105 57.8
      vertex 76.27136926692785 -79.38256819498105 0
    endloop
  endfacet
  facet normal 0.3583679495453039 0.9335804264972004 0
    outer loop
      vertex 76.27136926692785 -79.38256819498105 57.8
      vertex 76.68667777390647 -79.5419901942544 57.8
      vertex 76.68667777390647 -79.5419901942544 0
    endloop
  endfacet
  facet normal 0.2588190451025243 0.9659258262890674 0
    outer loop
      vertex 76.68667777390647 -79.5419901942544 57.8
      vertex 77.11637531402452 -79.65712730311867 57.8
      vertex 77.11637531402452 -79.65712730311867 0
    endloop
  endfacet
  facet normal 0.15643446504023623 0.9876883405951369 0
    outer loop
      vertex 77.55575403111247 -79.72671805531516 57.8
      vertex 77.55575403111247 -79.72671805531516 0
      vertex 77.11637531402452 -79.65712730311867 57.8
    endloop
  endfacet
  facet normal 0.05233595624294645 0.9986295347545737 0
    outer loop
      vertex 77.55575403111247 -79.72671805531516 57.8
      vertex 78 -79.75 57.8
      vertex 78 -79.75 0
    endloop
  endfacet
  facet normal -0.05233595624294645 0.9986295347545737 0
    outer loop
      vertex 78 -79.75 57.8
      vertex 78.44424596888753 -79.72671805531516 57.8
      vertex 78.44424596888753 -79.72671805531516 0
    endloop
  endfacet
  facet normal -0.15643446504023623 0.9876883405951369 0
    outer loop
      vertex 78.44424596888753 -79.72671805531516 57.8
      vertex 78.88362468597548 -79.65712730311867 57.8
      vertex 78.88362468597548 -79.65712730311867 0
    endloop
  endfacet
  facet normal -0.866025407724629 0.4999999931753902 0
    outer loop
      vertex 67.65048070251942 -69.43411602079868 2
      vertex 67.57203072309494 -69.56999537348747 60
      vertex 67.65048070251942 -69.43411602079868 60
    endloop
  endfacet
  facet normal -0.8386705677124385 0.5446390353737932 0
    outer loop
      vertex 68.24901052564383 -68.51246091723442 2
      vertex 67.65048070251942 -69.43411602079868 60
      vertex 68.24901052564383 -68.51246091723442 60
    endloop
  endfacet
  facet normal -0.8090169768470806 0.5877852764175114 0
    outer loop
      vertex 68.3412339836359 -68.38552622497082 2
      vertex 68.24901052564383 -68.51246091723442 60
      vertex 68.3412339836359 -68.38552622497082 60
    endloop
  endfacet
  facet normal -0.7771459645351759 0.6293203872485708 0
    outer loop
      vertex 69.03282411396503 -67.53148353099823 2
      vertex 68.3412339836359 -68.38552622497082 60
      vertex 69.03282411396503 -67.53148353099823 60
    endloop
  endfacet
  facet normal -0.7431448273790162 0.6691306042468929 0
    outer loop
      vertex 69.13781078159809 -67.41488402336836 2
      vertex 69.03282411396503 -67.53148353099823 60
      vertex 69.13781078159809 -67.41488402336836 60
    endloop
  endfacet
  facet normal -0.7071067811865476 0.7071067811865476 0
    outer loop
      vertex 69.91488401591778 -66.63781078904867 2
      vertex 69.13781078159809 -67.41488402336836 60
      vertex 69.91488401591778 -66.63781078904867 60
    endloop
  endfacet
  facet normal -0.6691306094706797 0.7431448226754975 0
    outer loop
      vertex 70.03148353844881 -66.53282410651445 2
      vertex 69.91488401591778 -66.63781078904867 60
      vertex 70.03148353844881 -66.53282410651445 60
    endloop
  endfacet
  facet normal -0.6293203864697001 0.777145965165893 0
    outer loop
      vertex 70.88552622497082 -65.8412339836359 2
      vertex 70.03148353844881 -66.53282410651445 60
      vertex 70.88552622497082 -65.8412339836359 60
    endloop
  endfacet
  facet normal -0.5877852764175114 0.8090169768470806 0
    outer loop
      vertex 71.01246091723442 -65.74901052564383 2
      vertex 70.88552622497082 -65.8412339836359 60
      vertex 71.01246091723442 -65.74901052564383 60
    endloop
  endfacet
  facet normal 0.9876883405951369 0.15643446504023623 0
    outer loop
      vertex 73.84287269688133 -76.38362468597548 57.8
      vertex 73.84287269688133 -76.38362468597548 0
      vertex 73.77328194468484 -75.94424596888753 57.8
    endloop
  endfacet
  facet normal 0.9986295347545737 0.05233595624294645 0
    outer loop
      vertex 73.77328194468484 -75.94424596888753 57.8
      vertex 73.77328194468484 -75.94424596888753 0
      vertex 73.75 -75.5 57.8
    endloop
  endfacet
  facet normal 0.9986295347545737 -0.05233595624294645 0
    outer loop
      vertex 73.75 -75.5 57.8
      vertex 73.75 -75.5 0
      vertex 73.77328194468484 -75.05575403111247 57.8
    endloop
  endfacet
  facet normal 0.9876883405951369 -0.15643446504023623 0
    outer loop
      vertex 73.77328194468484 -75.05575403111247 57.8
      vertex 73.77328194468484 -75.05575403111247 0
      vertex 73.84287269688133 -74.61637531402452 57.8
    endloop
  endfacet
  facet normal 0.9659258262890674 -0.2588190451025243 0
    outer loop
      vertex 73.84287269688133 -74.61637531402452 57.8
      vertex 73.84287269688133 -74.61637531402452 0
      vertex 73.9580098057456 -74.18667777390647 57.8
    endloop
  endfacet
  facet normal 0.9335804264972004 -0.3583679495453039 0
    outer loop
      vertex 73.9580098057456 -74.18667777390647 57.8
      vertex 73.9580098057456 -74.18667777390647 0
      vertex 74.11743180501895 -73.77136926692785 57.8
    endloop
  endfacet
  facet normal 0.8910065241883779 -0.453990499739527 0
    outer loop
      vertex 74.11743180501895 -73.77136926692785 57.8
      vertex 74.11743180501895 -73.77136926692785 0
      vertex 74.31939203391613 -73.375 57.8
    endloop
  endfacet
  facet normal 0.8386705679454243 -0.5446390350150269 0
    outer loop
      vertex 74.31939203391613 -73.375 57.8
      vertex 74.31939203391613 -73.375 0
      vertex 74.56167777390647 -73.00191267775699 57.8
    endloop
  endfacet
  facet normal 0.7771459614569629 -0.629320391049847 0
    outer loop
      vertex 74.56167777390647 -73.00191267775699 57.8
      vertex 74.56167777390647 -73.00191267775699 0
      vertex 74.84163449172108 -72.65619492297485 57.8
    endloop
  endfacet
  facet normal 0.7071067811865475 -0.7071067811865475 0
    outer loop
      vertex 74.84163449172108 -72.65619492297485 57.8
      vertex 74.84163449172108 -72.65619492297485 0
      vertex 75.15619492297485 -72.34163449172108 57.8
    endloop
  endfacet
  facet normal 0.629320391049847 -0.7771459614569629 0
    outer loop
      vertex 75.15619492297485 -72.34163449172108 57.8
      vertex 75.15619492297485 -72.34163449172108 0
      vertex 75.50191267775699 -72.06167777390647 57.8
    endloop
  endfacet
  facet normal 0.5446390350150269 -0.8386705679454243 0
    outer loop
      vertex 75.50191267775699 -72.06167777390647 57.8
      vertex 75.50191267775699 -72.06167777390647 0
      vertex 75.875 -71.81939203391613 57.8
    endloop
  endfacet
  facet normal 0.453990499739527 -0.8910065241883779 0
    outer loop
      vertex 75.875 -71.81939203391613 57.8
      vertex 75.875 -71.81939203391613 0
      vertex 76.27136926692785 -71.61743180501895 57.8
    endloop
  endfacet
  facet normal 0.3583679495453039 -0.9335804264972004 0
    outer loop
      vertex 76.27136926692785 -71.61743180501895 57.8
      vertex 76.27136926692785 -71.61743180501895 0
      vertex 76.68667777390647 -71.4580098057456 57.8
    endloop
  endfacet
  facet normal 0.2588190451025243 -0.9659258262890674 0
    outer loop
      vertex 76.68667777390647 -71.4580098057456 57.8
      vertex 76.68667777390647 -71.4580098057456 0
      vertex 77.11637531402452 -71.34287269688133 57.8
    endloop
  endfacet
  facet normal 0.15643446504023623 -0.9876883405951369 0
    outer loop
      vertex 77.11637531402452 -71.34287269688133 57.8
      vertex 77.11637531402452 -71.34287269688133 0
      vertex 77.55575403111247 -71.27328194468484 57.8
    endloop
  endfacet
  facet normal 0.05233595624294645 -0.9986295347545737 0
    outer loop
      vertex 77.55575403111247 -71.27328194468484 57.8
      vertex 77.55575403111247 -71.27328194468484 0
      vertex 78 -71.25 57.8
    endloop
  endfacet
  facet normal -0.05233595624294645 -0.9986295347545737 0
    outer loop
      vertex 78 -71.25 57.8
      vertex 78 -71.25 0
      vertex 78.44424596888753 -71.27328194468484 57.8
    endloop
  endfacet
  facet normal -0.15643446504023623 -0.9876883405951369 0
    outer loop
      vertex 78.44424596888753 -71.27328194468484 57.8
      vertex 78.44424596888753 -71.27328194468484 0
      vertex 78.88362468597548 -71.34287269688133 57.8
    endloop
  endfacet
  facet normal -0.2588190451025243 0.9659258262890674 0
    outer loop
      vertex 78.88362468597548 -79.65712730311867 57.8
      vertex 79.31332222609353 -79.5419901942544 57.8
      vertex 79.31332222609353 -79.5419901942544 0
    endloop
  endfacet
  facet normal -0.3583679495453039 0.9335804264972004 0
    outer loop
      vertex 79.31332222609353 -79.5419901942544 57.8
      vertex 79.72863073307215 -79.38256819498105 57.8
      vertex 79.72863073307215 -79.38256819498105 0
    endloop
  endfacet
  facet normal -0.453990499739527 0.8910065241883779 0
    outer loop
      vertex 79.72863073307215 -79.38256819498105 57.8
      vertex 80.125 -79.18060796608387 57.8
      vertex 80.125 -79.18060796608387 0
    endloop
  endfacet
  facet normal -0.5446390350150269 0.8386705679454243 0
    outer loop
      vertex 80.125 -79.18060796608387 57.8
      vertex 80.49808732224301 -78.93832222609353 57.8
      vertex 80.49808732224301 -78.93832222609353 0
    endloop
  endfacet
  facet normal -0.629320391049847 0.7771459614569629 0
    outer loop
      vertex 80.49808732224301 -78.93832222609353 57.8
      vertex 80.84380507702515 -78.65836550827892 57.8
      vertex 80.84380507702515 -78.65836550827892 0
    endloop
  endfacet
  facet normal -0.7071067811865475 0.7071067811865475 0
    outer loop
      vertex 80.84380507702515 -78.65836550827892 57.8
      vertex 81.15836550827892 -78.34380507702515 57.8
      vertex 81.15836550827892 -78.34380507702515 0
    endloop
  endfacet
  facet normal -0.7771459614569629 0.629320391049847 0
    outer loop
      vertex 81.15836550827892 -78.34380507702515 57.8
      vertex 81.43832222609353 -77.99808732224301 57.8
      vertex 81.43832222609353 -77.99808732224301 0
    endloop
  endfacet
  facet normal -0.8386705679454243 0.5446390350150269 0
    outer loop
      vertex 81.43832222609353 -77.99808732224301 57.8
      vertex 81.68060796608387 -77.625 57.8
      vertex 81.68060796608387 -77.625 0
    endloop
  endfacet
  facet normal -0.8910065241883779 0.453990499739527 0
    outer loop
      vertex 81.68060796608387 -77.625 57.8
      vertex 81.88256819498105 -77.22863073307215 57.8
      vertex 81.88256819498105 -77.22863073307215 0
    endloop
  endfacet
  facet normal -0.9335804264972004 0.3583679495453039 0
    outer loop
      vertex 81.88256819498105 -77.22863073307215 57.8
      vertex 82.0419901942544 -76.81332222609353 57.8
      vertex 82.0419901942544 -76.81332222609353 0
    endloop
  endfacet
  facet normal 0.05233596169807261 -0.9986295344686825 0
    outer loop
      vertex 84.62717077881098 -87.4671313688159 2
      vertex 84.62717077881098 -87.4671313688159 60
      vertex 84 -87.5 60
    endloop
  endfacet
  facet normal 0.15643445553477123 -0.9876883421006546 0
    outer loop
      vertex 85.24747014790773 -87.36888560652733 2
      vertex 85.24747014790773 -87.36888560652733 60
      vertex 84.62717077881098 -87.4671313688159 60
    endloop
  endfacet
  facet normal 0.25881904950851087 -0.9659258251084867 0
    outer loop
      vertex 85.85410196334124 -87.20633909851313 2
      vertex 85.85410196334124 -87.20633909851313 60
      vertex 85.24747014790773 -87.36888560652733 60
    endloop
  endfacet
  facet normal 0.3583679532441575 -0.9335804250773435 0
    outer loop
      vertex 86.44041986018419 -86.98127274215221 2
      vertex 86.44041986018419 -86.98127274215221 60
      vertex 85.85410196334124 -87.20633909851313 60
    endloop
  endfacet
  facet normal 0.4539904916265432 -0.8910065283221495 0
    outer loop
      vertex 87 -86.69615242630243 2
      vertex 87 -86.69615242630243 60
      vertex 86.44041986018419 -86.98127274215221 60
    endloop
  endfacet
  facet normal 0.5446390406067345 -0.8386705643141267 0
    outer loop
      vertex 87.52671151608229 -86.35410196334124 2
      vertex 87.52671151608229 -86.35410196334124 60
      vertex 87 -86.69615242630243 60
    endloop
  endfacet
  facet normal 0.6293203941204519 -0.7771459589704364 0
    outer loop
      vertex 88.01478363573551 -85.95886895060539 2
      vertex 88.01478363573551 -85.95886895060539 60
      vertex 87.52671151608229 -86.35410196334124 60
    endloop
  endfacet
  facet normal 0.7071067811865476 -0.7071067811865476 0
    outer loop
      vertex 88.45886895060539 -85.51478363573551 2
      vertex 88.45886895060539 -85.51478363573551 60
      vertex 88.01478363573551 -85.95886895060539 60
    endloop
  endfacet
  facet normal 0.7771459589704364 -0.6293203941204519 0
    outer loop
      vertex 88.85410196334124 -85.02671151608229 2
      vertex 88.85410196334124 -85.02671151608229 60
      vertex 88.45886895060539 -85.51478363573551 60
    endloop
  endfacet
  facet normal 0.8386705643141267 -0.5446390406067345 0
    outer loop
      vertex 89.19615242630243 -84.5 2
      vertex 89.19615242630243 -84.5 60
      vertex 88.85410196334124 -85.02671151608229 60
    endloop
  endfacet
  facet normal 0.8910065283221495 -0.4539904916265432 0
    outer loop
      vertex 89.48127274215221 -83.94041986018419 2
      vertex 89.48127274215221 -83.94041986018419 60
      vertex 89.19615242630243 -84.5 60
    endloop
  endfacet
  facet normal 0.9335804250773435 -0.3583679532441575 0
    outer loop
      vertex 89.70633909851313 -83.35410196334124 2
      vertex 89.70633909851313 -83.35410196334124 60
      vertex 89.48127274215221 -83.94041986018419 60
    endloop
  endfacet
  facet normal 0.9659258251084867 -0.25881904950851087 0
    outer loop
      vertex 89.86888560652733 -82.74747014790773 2
      vertex 89.86888560652733 -82.74747014790773 60
      vertex 89.70633909851313 -83.35410196334124 60
    endloop
  endfacet
  facet normal 0.9876883421006546 -0.15643445553477123 0
    outer loop
      vertex 89.9671313688159 -82.12717077881098 2
      vertex 89.9671313688159 -82.12717077881098 60
      vertex 89.86888560652733 -82.74747014790773 60
    endloop
  endfacet
  facet normal 0.9986295344686825 -0.05233596169807261 0
    outer loop
      vertex 90 -81.5 2
      vertex 90 -81.5 60
      vertex 89.9671313688159 -82.12717077881098 60
    endloop
  endfacet
  facet normal -0.2588190451025243 -0.9659258262890674 0
    outer loop
      vertex 78.88362468597548 -71.34287269688133 57.8
      vertex 78.88362468597548 -71.34287269688133 0
      vertex 79.31332222609353 -71.4580098057456 57.8
    endloop
  endfacet
  facet normal -0.3583679495453039 -0.9335804264972004 0
    outer loop
      vertex 79.31332222609353 -71.4580098057456 57.8
      vertex 79.31332222609353 -71.4580098057456 0
      vertex 79.72863073307215 -71.61743180501895 57.8
    endloop
  endfacet
  facet normal -0.453990499739527 -0.8910065241883779 0
    outer loop
      vertex 79.72863073307215 -71.61743180501895 57.8
      vertex 79.72863073307215 -71.61743180501895 0
      vertex 80.125 -71.81939203391613 57.8
    endloop
  endfacet
  facet normal -0.8386705679454243 -0.5446390350150269 0
    outer loop
      vertex 81.68060796608387 -73.375 57.8
      vertex 81.43832222609353 -73.00191267775699 57.8
      vertex 81.43832222609353 -73.00191267775699 0
    endloop
  endfacet
  facet normal -0.7771459614569629 -0.629320391049847 0
    outer loop
      vertex 81.15836550827892 -72.65619492297485 57.8
      vertex 81.15836550827892 -72.65619492297485 0
      vertex 81.43832222609353 -73.00191267775699 57.8
    endloop
  endfacet
  facet normal -0.5446390350150269 -0.8386705679454243 0
    outer loop
      vertex 80.49808732224301 -72.06167777390647 57.8
      vertex 80.125 -71.81939203391613 57.8
      vertex 80.125 -71.81939203391613 0
    endloop
  endfacet
  facet normal -0.629320391049847 -0.7771459614569629 0
    outer loop
      vertex 80.49808732224301 -72.06167777390647 57.8
      vertex 80.49808732224301 -72.06167777390647 0
      vertex 80.84380507702515 -72.34163449172108 57.8
    endloop
  endfacet
  facet normal -0.7071067811865475 -0.7071067811865475 0
    outer loop
      vertex 81.15836550827892 -72.65619492297485 57.8
      vertex 80.84380507702515 -72.34163449172108 57.8
      vertex 80.84380507702515 -72.34163449172108 0
    endloop
  endfacet
  facet normal -0.9659258262890674 0.2588190451025243 0
    outer loop
      vertex 82.0419901942544 -76.81332222609353 57.8
      vertex 82.15712730311867 -76.38362468597548 57.8
      vertex 82.15712730311867 -76.38362468597548 0
    endloop
  endfacet
  facet normal -0.9876883405951369 0.15643446504023623 0
    outer loop
      vertex 82.15712730311867 -76.38362468597548 57.8
      vertex 82.22671805531516 -75.94424596888753 57.8
      vertex 82.22671805531516 -75.94424596888753 0
    endloop
  endfacet
  facet normal -0.9986295347545737 0.05233595624294645 0
    outer loop
      vertex 82.22671805531516 -75.94424596888753 57.8
      vertex 82.25 -75.5 57.8
      vertex 82.25 -75.5 0
    endloop
  endfacet
  facet normal -0.9986295347545737 -0.05233595624294645 0
    outer loop
      vertex 82.25 -75.5 57.8
      vertex 82.22671805531516 -75.05575403111247 57.8
      vertex 82.22671805531516 -75.05575403111247 0
    endloop
  endfacet
  facet normal -0.9876883405951369 -0.15643446504023623 0
    outer loop
      vertex 82.22671805531516 -75.05575403111247 57.8
      vertex 82.15712730311867 -74.61637531402452 57.8
      vertex 82.15712730311867 -74.61637531402452 0
    endloop
  endfacet
  facet normal -0.9659258262890674 -0.2588190451025243 0
    outer loop
      vertex 82.0419901942544 -74.18667777390647 57.8
      vertex 82.0419901942544 -74.18667777390647 0
      vertex 82.15712730311867 -74.61637531402452 57.8
    endloop
  endfacet
  facet normal -0.9335804264972004 -0.3583679495453039 0
    outer loop
      vertex 82.0419901942544 -74.18667777390647 57.8
      vertex 81.88256819498105 -73.77136926692785 57.8
      vertex 81.88256819498105 -73.77136926692785 0
    endloop
  endfacet
  facet normal -0.8910065241883779 -0.453990499739527 0
    outer loop
      vertex 81.68060796608387 -73.375 57.8
      vertex 81.68060796608387 -73.375 0
      vertex 81.88256819498105 -73.77136926692785 57.8
    endloop
  endfacet
  facet normal -0.5446390353737932 0.8386705677124385 0
    outer loop
      vertex 71.93411602079868 -65.15048070251942 2
      vertex 71.01246091723442 -65.74901052564383 60
      vertex 71.93411602079868 -65.15048070251942 60
    endloop
  endfacet
  facet normal -0.4999999931753902 0.866025407724629 0
    outer loop
      vertex 72.06999537348747 -65.07203072309494 2
      vertex 71.93411602079868 -65.15048070251942 60
      vertex 72.06999537348747 -65.07203072309494 60
    endloop
  endfacet
  facet normal -0.45399049835820615 0.891006524892196 0
    outer loop
      vertex 73.04916489869356 -64.57311893254519 2
      vertex 72.06999537348747 -65.07203072309494 60
      vertex 73.04916489869356 -64.57311893254519 60
    endloop
  endfacet
  facet normal -0.4067366474539906 0.913545455693305 0
    outer loop
      vertex 73.1925001963973 -64.50930194556713 2
      vertex 73.04916489869356 -64.57311893254519 60
      vertex 73.1925001963973 -64.50930194556713 60
    endloop
  endfacet
  facet normal -0.35836795142435096 0.9335804257759017 0
    outer loop
      vertex 74.2184560149908 -64.11547440290451 2
      vertex 73.1925001963973 -64.50930194556713 60
      vertex 74.2184560149908 -64.11547440290451 60
    endloop
  endfacet
  facet normal -0.30901699149037953 0.9510565172324066 0
    outer loop
      vertex 74.36767707765102 -64.06698954105377 2
      vertex 74.2184560149908 -64.11547440290451 60
      vertex 74.36767707765102 -64.06698954105377 60
    endloop
  endfacet
  facet normal -0.25881903888655244 0.9659258279546319 0
    outer loop
      vertex 75.42917874455452 -63.78256103396416 2
      vertex 74.36767707765102 -64.06698954105377 60
      vertex 75.42917874455452 -63.78256103396416 60
    endloop
  endfacet
  facet normal -0.20791169973303814 0.9781475988388045 0
    outer loop
      vertex 75.5826502814889 -63.749939650297165 2
      vertex 75.42917874455452 -63.78256103396416 60
      vertex 75.5826502814889 -63.749939650297165 60
    endloop
  endfacet
  facet normal -0.15643446525950055 0.9876883405604088 0
    outer loop
      vertex 76.66806792467833 -63.57802638411522 2
      vertex 75.5826502814889 -63.749939650297165 60
      vertex 76.66806792467833 -63.57802638411522 60
    endloop
  endfacet
  facet normal -0.10452847376048861 0.9945218942654319 0
    outer loop
      vertex 76.824108466506 -63.561625860631466 2
      vertex 76.66806792467833 -63.57802638411522 60
      vertex 76.824108466506 -63.561625860631466 60
    endloop
  endfacet
  facet normal -0.0523359532298615 0.9986295349124829 0
    outer loop
      vertex 77.92154992371798 -63.504111394286156 2
      vertex 76.824108466506 -63.561625860631466 60
      vertex 77.92154992371798 -63.504111394286156 60
    endloop
  endfacet
  facet normal 0 1 0
    outer loop
      vertex 78.07845007628202 -63.504111394286156 2
      vertex 77.92154992371798 -63.504111394286156 60
      vertex 78.07845007628202 -63.504111394286156 60
    endloop
  endfacet
  facet normal 0.05233595249243526 0.9986295349511297 0
    outer loop
      vertex 79.17589140683413 -63.561625853180885 2
      vertex 78.07845007628202 -63.504111394286156 60
      vertex 79.17589140683413 -63.561625853180885 60
    endloop
  endfacet
  facet normal 0.1045284566956052 0.9945218960590235 0
    outer loop
      vertex 79.33193218708038 -63.57802639901638 2
      vertex 79.17589140683413 -63.561625853180885 60
      vertex 79.33193218708038 -63.57802639901638 60
    endloop
  endfacet
  facet normal 0.15643446879228512 0.9876883400008707 0
    outer loop
      vertex 80.41734971106052 -63.749939650297165 2
      vertex 79.33193218708038 -63.57802639901638 60
      vertex 80.41734971106052 -63.749939650297165 60
    endloop
  endfacet
  facet normal 0.20791169973303814 0.9781475988388045 0
    outer loop
      vertex 80.5708212479949 -63.78256103396416 2
      vertex 80.41734971106052 -63.749939650297165 60
      vertex 80.5708212479949 -63.78256103396416 60
    endloop
  endfacet
  facet normal 0.2588190418222672 0.9659258271680096 0
    outer loop
      vertex 81.63232292979956 -64.06698954850435 2
      vertex 80.5708212479949 -63.78256103396416 60
      vertex 81.63232292979956 -64.06698954850435 60
    endloop
  endfacet
  facet normal 0.20791167136554337 0.9781476048685016 0
    outer loop
      vertex 82.53069662302732 -64.33282589167356 2
      vertex 82.22354287654161 -64.26753835380077 60
      vertex 82.53069662302732 -64.33282589167356 60
    endloop
  endfacet
  facet normal 0.10452847116952206 0.9945218945377534 0
    outer loop
      vertex 82.84299214929342 -64.36564947664738 2
      vertex 82.53069662302732 -64.33282589167356 60
      vertex 82.84299214929342 -64.36564947664738 60
    endloop
  endfacet
  facet normal 0.30901697536629286 0.9510565224714396 0
    outer loop
      vertex 81.78154395520687 -64.11547439545393 2
      vertex 81.63232292979956 -64.06698954850435 60
      vertex 81.78154395520687 -64.11547439545393 60
    endloop
  endfacet
  facet normal 0.3583679643212113 0.9335804208252607 0
    outer loop
      vertex 81.92489616572857 -64.17050215601921 2
      vertex 81.78154395520687 -64.11547439545393 60
      vertex 81.92489616572857 -64.17050215601921 60
    endloop
  endfacet
  facet normal 0.3090169921374998 0.9510565170221443 0
    outer loop
      vertex 82.22354287654161 -64.26753835380077 2
      vertex 81.92489616572857 -64.17050215601921 60
      vertex 82.22354287654161 -64.26753835380077 60
    endloop
  endfacet
  facet normal 0 1 0
    outer loop
      vertex 83.15700788795948 -64.36564947664738 2
      vertex 82.84299214929342 -64.36564947664738 60
      vertex 83.15700788795948 -64.36564947664738 60
    endloop
  endfacet
  facet normal -0.10452847116952206 0.9945218945377534 0
    outer loop
      vertex 83.46930341422558 -64.33282589167356 2
      vertex 83.15700788795948 -64.36564947664738 60
      vertex 83.46930341422558 -64.33282589167356 60
    endloop
  endfacet
  facet normal -0.20791169889194822 0.9781475990175839 0
    outer loop
      vertex 83.77645715326071 -64.2675383463502 2
      vertex 83.46930341422558 -64.33282589167356 60
      vertex 83.77645715326071 -64.2675383463502 60
    endloop
  endfacet
  facet normal -0.3090170135985689 0.95105651004902 0
    outer loop
      vertex 84.07510386407375 -64.17050214111805 2
      vertex 83.77645715326071 -64.2675383463502 60
      vertex 84.07510386407375 -64.17050214111805 60
    endloop
  endfacet
  facet normal -0.40673663936662624 0.9135454592940316 0
    outer loop
      vertex 84.36197151243687 -64.04278043657541 2
      vertex 84.07510386407375 -64.17050214111805 60
      vertex 84.36197151243687 -64.04278043657541 60
    endloop
  endfacet
  facet normal -0.500000013973586 0.8660253957167849 0
    outer loop
      vertex 84.63391711562872 -63.885772563517094 2
      vertex 84.36197151243687 -64.04278043657541 60
      vertex 84.63391711562872 -63.885772563517094 60
    endloop
  endfacet
  facet normal -0.5877852528566571 0.809016993965044 0
    outer loop
      vertex 84.8879611864686 -63.70119874179363 2
      vertex 84.63391711562872 -63.885772563517094 60
      vertex 84.8879611864686 -63.70119874179363 60
    endloop
  endfacet
  facet normal -0.669130614928542 0.7431448177612163 0
    outer loop
      vertex 85.12132035195827 -63.491081200540066 2
      vertex 84.8879611864686 -63.70119874179363 60
      vertex 85.12132035195827 -63.491081200540066 60
    endloop
  endfacet
  facet normal -0.7431448177612163 0.669130614928542 0
    outer loop
      vertex 85.33143789321184 -63.25772203505039 2
      vertex 85.12132035195827 -63.491081200540066 60
      vertex 85.33143789321184 -63.25772203505039 60
    endloop
  endfacet
  facet normal -0.809016993965044 0.5877852528566571 0
    outer loop
      vertex 85.5160117149353 -63.00367796421051 2
      vertex 85.33143789321184 -63.25772203505039 60
      vertex 85.5160117149353 -63.00367796421051 60
    endloop
  endfacet
  facet normal -0.8660254119224732 0.4999999859045104 0
    outer loop
      vertex 85.67301958054304 -62.73173235356808 2
      vertex 85.5160117149353 -63.00367796421051 60
      vertex 85.67301958054304 -62.73173235356808 60
    endloop
  endfacet
  facet normal -0.9135454592940316 0.40673663936662624 0
    outer loop
      vertex 85.80074128508568 -62.444864705204964 2
      vertex 85.67301958054304 -62.73173235356808 60
      vertex 85.80074128508568 -62.444864705204964 60
    endloop
  endfacet
  facet normal -0.9510565170221443 0.3090169921374998 0
    outer loop
      vertex 85.89777748286724 -62.14621799439192 2
      vertex 85.80074128508568 -62.444864705204964 60
      vertex 85.89777748286724 -62.14621799439192 60
    endloop
  endfacet
  facet normal -0.9781476048685016 0.20791167136554337 0
    outer loop
      vertex 85.96306502074003 -61.83906424790621 2
      vertex 85.89777748286724 -62.14621799439192 60
      vertex 85.96306502074003 -61.83906424790621 60
    endloop
  endfacet
  facet normal -0.9945218945377534 0.10452847116952206 0
    outer loop
      vertex 85.99588860571384 -61.52676872164011 2
      vertex 85.96306502074003 -61.83906424790621 60
      vertex 85.99588860571384 -61.52676872164011 60
    endloop
  endfacet
  facet normal -0.9996573251385336 0.02617694208405647 0
    outer loop
      vertex 86 -61.36976087093353 2
      vertex 85.99588860571384 -61.52676872164011 60
      vertex 86 -61.36976087093353 60
    endloop
  endfacet
  facet normal 0 0 1
    outer loop
      vertex 66.06162586063147 -76.67589152604342 60
      vertex 70.07700443405618 -77.18408469562385 60
      vertex 66.00411139428616 -75.57845007628202 60
    endloop
  endfacet
  facet normal 0 0 1
    outer loop
      vertex 66.00411139428616 -75.57845007628202 60
      vertex 69.94437264751699 -76.34668055246799 60
      vertex 66.00411139428616 -75.4215499162674 60
    endloop
  endfacet
  facet normal 0 0 1
    outer loop
      vertex 66.00411139428616 -75.4215499162674 60
      vertex 69.94437264751699 -74.65331944753201 60
      vertex 66.06162585318089 -74.3241085857153 60
    endloop
  endfacet
  facet normal 0 0 1
    outer loop
      vertex 66.06162585318089 -74.3241085857153 60
      vertex 69.94437264751699 -74.65331944753201 60
      vertex 66.07802639901638 -74.16806780546904 60
    endloop
  endfacet
  facet normal 0 0 1
    outer loop
      vertex 66.07802639901638 -74.16806780546904 60
      vertex 70.07700443405618 -73.81591530437615 60
      vertex 66.24993965029716 -73.0826502814889 60
    endloop
  endfacet
  facet normal 0 0 1
    outer loop
      vertex 63.86976087093353 -83.5 60
      vertex 84 -87.5 60
      vertex 64.18334626406431 -83.48356568813324 60
    endloop
  endfacet
  facet normal 0 0 1
    outer loop
      vertex 64.18334626406431 -83.48356568813324 60
      vertex 84 -87.5 60
      vertex 64.49349594116211 -83.43444280326366 60
    endloop
  endfacet
  facet normal 0 0 1
    outer loop
      vertex 64.49349594116211 -83.43444280326366 60
      vertex 84 -87.5 60
      vertex 64.79681185632944 -83.35316954553127 60
    endloop
  endfacet
  facet normal 0 0 1
    outer loop
      vertex 64.79681185632944 -83.35316954553127 60
      vertex 84 -87.5 60
      vertex 65.08997079730034 -83.2406363710761 60
    endloop
  endfacet
  facet normal 0 0 1
    outer loop
      vertex 65.08997079730034 -83.2406363710761 60
      vertex 84 -87.5 60
      vertex 65.36976087093353 -83.09807620942593 60
    endloop
  endfacet
  facet normal 0 0 1
    outer loop
      vertex 65.36976087093353 -83.09807620942593 60
      vertex 84 -87.5 60
      vertex 65.63311662524939 -82.92705098539591 60
    endloop
  endfacet
  facet normal 0 0 1
    outer loop
      vertex 65.63311662524939 -82.92705098539591 60
      vertex 84 -87.5 60
      vertex 65.87715268880129 -82.7294344753027 60
    endloop
  endfacet
  facet normal 0 0 1
    outer loop
      vertex 65.87715268880129 -82.7294344753027 60
      vertex 84 -87.5 60
      vertex 66.09919534623623 -82.50739181786776 60
    endloop
  endfacet
  facet normal 0 0 1
    outer loop
      vertex 66.09919534623623 -82.50739181786776 60
      vertex 84 -87.5 60
      vertex 66.29681185632944 -82.26335575431585 60
    endloop
  endfacet
  facet normal 0 0 1
    outer loop
      vertex 66.29681185632944 -82.26335575431585 60
      vertex 84 -87.5 60
      vertex 66.46783708035946 -82 60
    endloop
  endfacet
  facet normal 0 0 1
    outer loop
      vertex 66.46783708035946 -82 60
      vertex 84 -87.5 60
      vertex 66.61039724200964 -81.7202099263668 60
    endloop
  endfacet
  facet normal 0 0 1
    outer loop
      vertex 66.61039724200964 -81.7202099263668 60
      vertex 84 -87.5 60
      vertex 66.7229304164648 -81.42705098539591 60
    endloop
  endfacet
  facet normal 0 0 1
    outer loop
      vertex 66.7229304164648 -81.42705098539591 60
      vertex 84 -87.5 60
      vertex 66.8042036741972 -81.12373507022858 60
    endloop
  endfacet
  facet normal 0 0 1
    outer loop
      vertex 66.8042036741972 -81.12373507022858 60
      vertex 84 -87.5 60
      vertex 66.85332655906677 -80.81358539313078 60
    endloop
  endfacet
  facet normal 0 0 1
    outer loop
      vertex 66.85332655906677 -80.81358539313078 60
      vertex 84 -87.5 60
      vertex 66.86976087093353 -80.5 60
    endloop
  endfacet
  facet normal 0 0 1
    outer loop
      vertex 66.86976087093353 -80.5 60
      vertex 84 -87.5 60
      vertex 66.85332655906677 -80.18641460686922 60
    endloop
  endfacet
  facet normal 0 0 1
    outer loop
      vertex 66.85332655906677 -80.18641460686922 60
      vertex 84 -87.5 60
      vertex 66.8042036741972 -79.87626492977142 60
    endloop
  endfacet
  facet normal 0 0 1
    outer loop
      vertex 66.7229304164648 -79.57294901460409 60
      vertex 66.8042036741972 -79.87626492977142 60
      vertex 84.62717077881098 -87.4671313688159 60
    endloop
  endfacet
  facet normal 0 0 1
    outer loop
      vertex 66.67050216346979 -79.42489618808031 60
      vertex 84.62717077881098 -87.4671313688159 60
      vertex 66.61547441035509 -79.2815439850092 60
    endloop
  endfacet
  facet normal 0 0 1
    outer loop
      vertex 66.7229304164648 -79.57294901460409 60
      vertex 84.62717077881098 -87.4671313688159 60
      vertex 66.67050216346979 -79.42489618808031 60
    endloop
  endfacet
  facet normal 0 0 1
    outer loop
      vertex 70.60028179309494 -78.79456680891398 57.8
      vertex 70.98519422934605 -79.55 57.8
      vertex 70.98519422934605 -71.45 57.8
    endloop
  endfacet
  facet normal 0 0 1
    outer loop
      vertex 70.98519422934605 -79.55 57.8
      vertex 71.44696234556292 -80.26106054356903 57.8
      vertex 71.44696234556292 -70.73893945643097 57.8
    endloop
  endfacet
  facet normal 0 0 1
    outer loop
      vertex 72.58004208849324 -81.51947308636689 57.8
      vertex 72.58004208849324 -69.48052691363311 57.8
      vertex 71.98052691363311 -80.91995791150676 57.8
    endloop
  endfacet
  facet normal 0 0 1
    outer loop
      vertex 71.44696234556292 -80.26106054356903 57.8
      vertex 71.98052691363311 -80.91995791150676 57.8
      vertex 71.98052691363311 -70.08004208849324 57.8
    endloop
  endfacet
  facet normal 0 0 1
    outer loop
      vertex 72.58004208849324 -81.51947308636689 57.8
      vertex 73.23893945643097 -82.05303765443708 57.8
      vertex 73.23893945643097 -68.94696234556292 57.8
    endloop
  endfacet
  facet normal 0 0 1
    outer loop
      vertex 66.56698954105377 -79.1323229148984 60
      vertex 66.61547441035509 -79.2815439850092 60
      vertex 73.95 -82.51480577065395 60
    endloop
  endfacet
  facet normal 0 0 1
    outer loop
      vertex 66.56698954105377 -79.1323229148984 60
      vertex 71.98052691363311 -80.91995791150676 60
      vertex 71.44696234556292 -80.26106054356903 60
    endloop
  endfacet
  facet normal 0.9659258262890682 0.258819045102521 0
    outer loop
      vertex 70.29644221800926 -78.00303765443708 57.8
      vertex 70.07700443405618 -77.18408469562385 57.8
      vertex 70.07700443405618 -77.18408469562385 60
    endloop
  endfacet
  facet normal 0.9876883405951371 0.1564344650402346 0
    outer loop
      vertex 69.94437264751699 -76.34668055246799 57.8
      vertex 69.94437264751699 -76.34668055246799 60
      vertex 70.07700443405618 -77.18408469562385 57.8
    endloop
  endfacet
  facet normal 0 0 1
    outer loop
      vertex 66.56698954105377 -79.1323229148984 60
      vertex 71.44696234556292 -80.26106054356903 60
      vertex 66.28256103396416 -78.0708212479949 60
    endloop
  endfacet
  facet normal 0 0 1
    outer loop
      vertex 66.28256103396416 -78.0708212479949 60
      vertex 71.44696234556292 -80.26106054356903 60
      vertex 66.24993965029716 -77.91734971106052 60
    endloop
  endfacet
  facet normal 0 0 1
    outer loop
      vertex 66.07802638411522 -76.8319320678711 60
      vertex 66.24993965029716 -77.91734971106052 60
      vertex 70.60028179309494 -78.79456680891398 60
    endloop
  endfacet
  facet normal 0 0 1
    outer loop
      vertex 66.07802638411522 -76.8319320678711 60
      vertex 70.60028179309494 -78.79456680891398 60
      vertex 66.06162586063147 -76.67589152604342 60
    endloop
  endfacet
  facet normal 0 0 1
    outer loop
      vertex 66.06162586063147 -76.67589152604342 60
      vertex 70.29644221800926 -78.00303765443708 60
      vertex 70.07700443405618 -77.18408469562385 60
    endloop
  endfacet
  facet normal 0 0 1
    outer loop
      vertex 66.24993965029716 -77.91734971106052 60
      vertex 71.44696234556292 -80.26106054356903 60
      vertex 70.98519422934605 -79.55 60
    endloop
  endfacet
  facet normal 0 0 1
    outer loop
      vertex 66.24993965029716 -77.91734971106052 60
      vertex 70.98519422934605 -79.55 60
      vertex 70.60028179309494 -78.79456680891398 60
    endloop
  endfacet
  facet normal 0.9659258262890682 0.258819045102521 0
    outer loop
      vertex 70.29644221800926 -78.00303765443708 57.8
      vertex 70.07700443405618 -77.18408469562385 60
      vertex 70.29644221800926 -78.00303765443708 60
    endloop
  endfacet
  facet normal 0.9876883405951371 0.1564344650402346 0
    outer loop
      vertex 70.07700443405618 -77.18408469562385 57.8
      vertex 69.94437264751699 -76.34668055246799 60
      vertex 70.07700443405618 -77.18408469562385 60
    endloop
  endfacet
  facet normal 0 0 1
    outer loop
      vertex 66.06162586063147 -76.67589152604342 60
      vertex 70.60028179309494 -78.79456680891398 60
      vertex 70.29644221800926 -78.00303765443708 60
    endloop
  endfacet
  facet normal 0.7771459614569688 0.62932039104984 0
    outer loop
      vertex 71.44696234556292 -80.26106054356903 57.8
      vertex 71.44696234556292 -80.26106054356903 60
      vertex 71.98052691363311 -80.91995791150676 57.8
    endloop
  endfacet
  facet normal 0.8386705679454272 0.5446390350150223 0
    outer loop
      vertex 70.98519422934605 -79.55 57.8
      vertex 70.98519422934605 -79.55 60
      vertex 71.44696234556292 -80.26106054356903 57.8
    endloop
  endfacet
  facet normal 0.7071067811865476 0.7071067811865476 0
    outer loop
      vertex 72.58004208849324 -81.51947308636689 57.8
      vertex 71.98052691363311 -80.91995791150676 57.8
      vertex 71.98052691363311 -80.91995791150676 60
    endloop
  endfacet
  facet normal 0.62932039104984 0.7771459614569688 0
    outer loop
      vertex 72.58004208849324 -81.51947308636689 57.8
      vertex 72.58004208849324 -81.51947308636689 60
      vertex 73.23893945643097 -82.05303765443708 57.8
    endloop
  endfacet
  facet normal 0 0 1
    outer loop
      vertex 66.56698954105377 -79.1323229148984 60
      vertex 73.23893945643097 -82.05303765443708 60
      vertex 72.58004208849324 -81.51947308636689 60
    endloop
  endfacet
  facet normal 0 0 1
    outer loop
      vertex 66.56698954105377 -79.1323229148984 60
      vertex 73.95 -82.51480577065395 60
      vertex 73.23893945643097 -82.05303765443708 60
    endloop
  endfacet
  facet normal 0.891006524188367 0.45399049973954864 0
    outer loop
      vertex 70.98519422934605 -79.55 57.8
      vertex 70.60028179309494 -78.79456680891398 60
      vertex 70.98519422934605 -79.55 60
    endloop
  endfacet
  facet normal 0.8386705679454272 0.5446390350150223 0
    outer loop
      vertex 71.44696234556292 -80.26106054356903 57.8
      vertex 70.98519422934605 -79.55 60
      vertex 71.44696234556292 -80.26106054356903 60
    endloop
  endfacet
  facet normal 0 0 1
    outer loop
      vertex 66.56698954105377 -79.1323229148984 60
      vertex 72.58004208849324 -81.51947308636689 60
      vertex 71.98052691363311 -80.91995791150676 60
    endloop
  endfacet
  facet normal 0.7771459614569688 0.62932039104984 0
    outer loop
      vertex 71.98052691363311 -80.91995791150676 57.8
      vertex 71.44696234556292 -80.26106054356903 60
      vertex 71.98052691363311 -80.91995791150676 60
    endloop
  endfacet
  facet normal 0.7071067811865476 0.7071067811865476 0
    outer loop
      vertex 72.58004208849324 -81.51947308636689 57.8
      vertex 71.98052691363311 -80.91995791150676 60
      vertex 72.58004208849324 -81.51947308636689 60
    endloop
  endfacet
  facet normal 0.62932039104984 0.7771459614569688 0
    outer loop
      vertex 73.23893945643097 -82.05303765443708 57.8
      vertex 72.58004208849324 -81.51947308636689 60
      vertex 73.23893945643097 -82.05303765443708 60
    endloop
  endfacet
  facet normal 0 0 1
    outer loop
      vertex 66.61547441035509 -79.2815439850092 60
      vertex 74.70543319108602 -82.89971820690506 60
      vertex 73.95 -82.51480577065395 60
    endloop
  endfacet
  facet normal 0.891006524188367 0.45399049973954864 0
    outer loop
      vertex 70.60028179309494 -78.79456680891398 57.8
      vertex 70.60028179309494 -78.79456680891398 60
      vertex 70.98519422934605 -79.55 57.8
    endloop
  endfacet
  facet normal 0.9335804264972021 0.3583679495452997 0
    outer loop
      vertex 70.60028179309494 -78.79456680891398 57.8
      vertex 70.29644221800926 -78.00303765443708 57.8
      vertex 70.29644221800926 -78.00303765443708 60
    endloop
  endfacet
  facet normal 0.9335804264972021 0.3583679495452997 0
    outer loop
      vertex 70.60028179309494 -78.79456680891398 57.8
      vertex 70.29644221800926 -78.00303765443708 60
      vertex 70.60028179309494 -78.79456680891398 60
    endloop
  endfacet
  facet normal 0 0 1
    outer loop
      vertex 76.31591530437615 -83.42299556594382 57.8
      vertex 77.15331944753201 -83.55562735248301 57.8
      vertex 77.11637531402452 -79.65712730311867 57.8
    endloop
  endfacet
  facet normal 0 0 1
    outer loop
      vertex 77.15331944753201 -83.55562735248301 57.8
      vertex 78 -83.6 57.8
      vertex 78 -79.75 57.8
    endloop
  endfacet
  facet normal 0 0 1
    outer loop
      vertex 78 -83.6 57.8
      vertex 78.84668055246799 -83.55562735248301 57.8
      vertex 78 -79.75 57.8
    endloop
  endfacet
  facet normal 0.5446390350150223 0.8386705679454272 0
    outer loop
      vertex 73.95 -82.51480577065395 57.8
      vertex 73.23893945643097 -82.05303765443708 57.8
      vertex 73.23893945643097 -82.05303765443708 60
    endloop
  endfacet
  facet normal 0.45399049973954864 0.891006524188367 0
    outer loop
      vertex 73.95 -82.51480577065395 57.8
      vertex 73.95 -82.51480577065395 60
      vertex 74.70543319108602 -82.89971820690506 57.8
    endloop
  endfacet
  facet normal 0.3583679495452997 0.9335804264972021 0
    outer loop
      vertex 74.70543319108602 -82.89971820690506 57.8
      vertex 74.70543319108602 -82.89971820690506 60
      vertex 75.49696234556292 -83.20355778199074 57.8
    endloop
  endfacet
  facet normal 0.258819045102521 0.9659258262890682 0
    outer loop
      vertex 75.49696234556292 -83.20355778199074 57.8
      vertex 75.49696234556292 -83.20355778199074 60
      vertex 76.31591530437615 -83.42299556594382 57.8
    endloop
  endfacet
  facet normal 0.5446390350150223 0.8386705679454272 0
    outer loop
      vertex 73.95 -82.51480577065395 57.8
      vertex 73.23893945643097 -82.05303765443708 60
      vertex 73.95 -82.51480577065395 60
    endloop
  endfacet
  facet normal 0.45399049973954864 0.891006524188367 0
    outer loop
      vertex 74.70543319108602 -82.89971820690506 57.8
      vertex 73.95 -82.51480577065395 60
      vertex 74.70543319108602 -82.89971820690506 60
    endloop
  endfacet
  facet normal 0.3583679495452997 0.9335804264972021 0
    outer loop
      vertex 75.49696234556292 -83.20355778199074 57.8
      vertex 74.70543319108602 -82.89971820690506 60
      vertex 75.49696234556292 -83.20355778199074 60
    endloop
  endfacet
  facet normal 0 0 1
    outer loop
      vertex 66.61547441035509 -79.2815439850092 60
      vertex 84.62717077881098 -87.4671313688159 60
      vertex 74.70543319108602 -82.89971820690506 60
    endloop
  endfacet
  facet normal 0 0 1
    outer loop
      vertex 66.8042036741972 -79.87626492977142 60
      vertex 84 -87.5 60
      vertex 84.62717077881098 -87.4671313688159 60
    endloop
  endfacet
  facet normal 0.1564344650402346 0.9876883405951371 0
    outer loop
      vertex 76.31591530437615 -83.42299556594382 57.8
      vertex 76.31591530437615 -83.42299556594382 60
      vertex 77.15331944753201 -83.55562735248301 57.8
    endloop
  endfacet
  facet normal 0.0523359562429368 0.9986295347545743 0
    outer loop
      vertex 77.15331944753201 -83.55562735248301 57.8
      vertex 77.15331944753201 -83.55562735248301 60
      vertex 78 -83.6 57.8
    endloop
  endfacet
  facet normal -0.0523359562429368 0.9986295347545743 0
    outer loop
      vertex 78 -83.6 57.8
      vertex 78 -83.6 60
      vertex 78.84668055246799 -83.55562735248301 57.8
    endloop
  endfacet
  facet normal 0.1564344650402346 0.9876883405951371 0
    outer loop
      vertex 77.15331944753201 -83.55562735248301 57.8
      vertex 76.31591530437615 -83.42299556594382 60
      vertex 77.15331944753201 -83.55562735248301 60
    endloop
  endfacet
  facet normal 0.258819045102521 0.9659258262890682 0
    outer loop
      vertex 76.31591530437615 -83.42299556594382 57.8
      vertex 75.49696234556292 -83.20355778199074 60
      vertex 76.31591530437615 -83.42299556594382 60
    endloop
  endfacet
  facet normal 0.0523359562429368 0.9986295347545743 0
    outer loop
      vertex 78 -83.6 57.8
      vertex 77.15331944753201 -83.55562735248301 60
      vertex 78 -83.6 60
    endloop
  endfacet
  facet normal -0.0523359562429368 0.9986295347545743 0
    outer loop
      vertex 78.84668055246799 -83.55562735248301 57.8
      vertex 78 -83.6 60
      vertex 78.84668055246799 -83.55562735248301 60
    endloop
  endfacet
  facet normal 0 0 1
    outer loop
      vertex 84.62717077881098 -87.4671313688159 60
      vertex 75.49696234556292 -83.20355778199074 60
      vertex 74.70543319108602 -82.89971820690506 60
    endloop
  endfacet
  facet normal 0 0 1
    outer loop
      vertex 73.95 -82.51480577065395 57.8
      vertex 74.70543319108602 -82.89971820690506 57.8
      vertex 74.56167777390647 -77.99808732224301 57.8
    endloop
  endfacet
  facet normal 0 0 1
    outer loop
      vertex 73.95 -82.51480577065395 57.8
      vertex 73.84287269688133 -76.38362468597548 57.8
      vertex 73.23893945643097 -82.05303765443708 57.8
    endloop
  endfacet
  facet normal 0 0 1
    outer loop
      vertex 73.95 -82.51480577065395 57.8
      vertex 74.56167777390647 -77.99808732224301 57.8
      vertex 74.31939203391613 -77.625 57.8
    endloop
  endfacet
  facet normal 0 0 1
    outer loop
      vertex 74.70543319108602 -82.89971820690506 57.8
      vertex 75.49696234556292 -83.20355778199074 57.8
      vertex 75.15619492297485 -78.65836550827892 57.8
    endloop
  endfacet
  facet normal 0 0 1
    outer loop
      vertex 74.70543319108602 -82.89971820690506 57.8
      vertex 74.84163449172108 -78.34380507702515 57.8
      vertex 74.56167777390647 -77.99808732224301 57.8
    endloop
  endfacet
  facet normal 0 0 1
    outer loop
      vertex 74.70543319108602 -82.89971820690506 57.8
      vertex 75.15619492297485 -78.65836550827892 57.8
      vertex 74.84163449172108 -78.34380507702515 57.8
    endloop
  endfacet
  facet normal 0 0 1
    outer loop
      vertex 75.15619492297485 -78.65836550827892 57.8
      vertex 75.49696234556292 -83.20355778199074 57.8
      vertex 75.50191267775699 -78.93832222609353 57.8
    endloop
  endfacet
  facet normal 0 0 1
    outer loop
      vertex 75.49696234556292 -83.20355778199074 57.8
      vertex 75.875 -79.18060796608387 57.8
      vertex 75.50191267775699 -78.93832222609353 57.8
    endloop
  endfacet
  facet normal 0 0 1
    outer loop
      vertex 75.49696234556292 -83.20355778199074 57.8
      vertex 76.27136926692785 -79.38256819498105 57.8
      vertex 75.875 -79.18060796608387 57.8
    endloop
  endfacet
  facet normal 0 0 1
    outer loop
      vertex 73.23893945643097 -82.05303765443708 57.8
      vertex 73.84287269688133 -76.38362468597548 57.8
      vertex 73.77328194468484 -75.94424596888753 57.8
    endloop
  endfacet
  facet normal 0 0 1
    outer loop
      vertex 73.95 -82.51480577065395 57.8
      vertex 74.31939203391613 -77.625 57.8
      vertex 74.11743180501895 -77.22863073307215 57.8
    endloop
  endfacet
  facet normal 0 0 1
    outer loop
      vertex 73.95 -82.51480577065395 57.8
      vertex 74.11743180501895 -77.22863073307215 57.8
      vertex 73.9580098057456 -76.81332222609353 57.8
    endloop
  endfacet
  facet normal 0 0 1
    outer loop
      vertex 73.95 -82.51480577065395 57.8
      vertex 73.9580098057456 -76.81332222609353 57.8
      vertex 73.84287269688133 -76.38362468597548 57.8
    endloop
  endfacet
  facet normal 0 0 1
    outer loop
      vertex 73.23893945643097 -82.05303765443708 57.8
      vertex 73.77328194468484 -75.94424596888753 57.8
      vertex 73.75 -75.5 57.8
    endloop
  endfacet
  facet normal 0 0 1
    outer loop
      vertex 73.23893945643097 -82.05303765443708 57.8
      vertex 73.75 -75.5 57.8
      vertex 73.77328194468484 -75.05575403111247 57.8
    endloop
  endfacet
  facet normal 0 0 1
    outer loop
      vertex 75.49696234556292 -83.20355778199074 57.8
      vertex 76.31591530437615 -83.42299556594382 57.8
      vertex 76.27136926692785 -79.38256819498105 57.8
    endloop
  endfacet
  facet normal 0 0 1
    outer loop
      vertex 76.31591530437615 -83.42299556594382 57.8
      vertex 76.68667777390647 -79.5419901942544 57.8
      vertex 76.27136926692785 -79.38256819498105 57.8
    endloop
  endfacet
  facet normal 0 0 1
    outer loop
      vertex 76.31591530437615 -83.42299556594382 57.8
      vertex 77.11637531402452 -79.65712730311867 57.8
      vertex 76.68667777390647 -79.5419901942544 57.8
    endloop
  endfacet
  facet normal 0 0 1
    outer loop
      vertex 77.15331944753201 -83.55562735248301 57.8
      vertex 77.55575403111247 -79.72671805531516 57.8
      vertex 77.11637531402452 -79.65712730311867 57.8
    endloop
  endfacet
  facet normal 0 0 1
    outer loop
      vertex 77.15331944753201 -83.55562735248301 57.8
      vertex 78 -79.75 57.8
      vertex 77.55575403111247 -79.72671805531516 57.8
    endloop
  endfacet
  facet normal 0 0 1
    outer loop
      vertex 78 -79.75 57.8
      vertex 78.84668055246799 -83.55562735248301 57.8
      vertex 78.44424596888753 -79.72671805531516 57.8
    endloop
  endfacet
  facet normal 0 0 1
    outer loop
      vertex 78.84668055246799 -83.55562735248301 57.8
      vertex 78.88362468597548 -79.65712730311867 57.8
      vertex 78.44424596888753 -79.72671805531516 57.8
    endloop
  endfacet
  facet normal 0 0 1
    outer loop
      vertex 70.29644221800926 -78.00303765443708 57.8
      vertex 70.29644221800926 -72.99696234556292 57.8
      vertex 70.07700443405618 -77.18408469562385 57.8
    endloop
  endfacet
  facet normal 0 0 1
    outer loop
      vertex 69.94437264751699 -76.34668055246799 57.8
      vertex 69.94437264751699 -74.65331944753201 57.8
      vertex 69.9 -75.5 57.8
    endloop
  endfacet
  facet normal 0 0 1
    outer loop
      vertex 69.94437264751699 -76.34668055246799 57.8
      vertex 70.07700443405618 -77.18408469562385 57.8
      vertex 70.07700443405618 -73.81591530437615 57.8
    endloop
  endfacet
  facet normal 0 0 1
    outer loop
      vertex 69.94437264751699 -76.34668055246799 57.8
      vertex 70.07700443405618 -73.81591530437615 57.8
      vertex 69.94437264751699 -74.65331944753201 57.8
    endloop
  endfacet
  facet normal 0 0 1
    outer loop
      vertex 70.07700443405618 -77.18408469562385 57.8
      vertex 70.29644221800926 -72.99696234556292 57.8
      vertex 70.07700443405618 -73.81591530437615 57.8
    endloop
  endfacet
  facet normal 0 0 1
    outer loop
      vertex 70.60028179309494 -78.79456680891398 57.8
      vertex 70.60028179309494 -72.20543319108602 57.8
      vertex 70.29644221800926 -78.00303765443708 57.8
    endloop
  endfacet
  facet normal 0 0 1
    outer loop
      vertex 70.29644221800926 -78.00303765443708 57.8
      vertex 70.60028179309494 -72.20543319108602 57.8
      vertex 70.29644221800926 -72.99696234556292 57.8
    endloop
  endfacet
  facet normal 0 0 1
    outer loop
      vertex 70.60028179309494 -78.79456680891398 57.8
      vertex 70.98519422934605 -71.45 57.8
      vertex 70.60028179309494 -72.20543319108602 57.8
    endloop
  endfacet
  facet normal 0 0 1
    outer loop
      vertex 70.98519422934605 -79.55 57.8
      vertex 71.44696234556292 -70.73893945643097 57.8
      vertex 70.98519422934605 -71.45 57.8
    endloop
  endfacet
  facet normal 0 0 1
    outer loop
      vertex 71.44696234556292 -80.26106054356903 57.8
      vertex 71.98052691363311 -70.08004208849324 57.8
      vertex 71.44696234556292 -70.73893945643097 57.8
    endloop
  endfacet
  facet normal 0 0 1
    outer loop
      vertex 71.98052691363311 -80.91995791150676 57.8
      vertex 72.58004208849324 -69.48052691363311 57.8
      vertex 71.98052691363311 -70.08004208849324 57.8
    endloop
  endfacet
  facet normal 0 0 1
    outer loop
      vertex 72.58004208849324 -81.51947308636689 57.8
      vertex 73.23893945643097 -68.94696234556292 57.8
      vertex 72.58004208849324 -69.48052691363311 57.8
    endloop
  endfacet
  facet normal 0.9986295347545743 0.0523359562429368 0
    outer loop
      vertex 69.94437264751699 -76.34668055246799 57.8
      vertex 69.9 -75.5 57.8
      vertex 69.9 -75.5 60
    endloop
  endfacet
  facet normal 0.9986295347545743 -0.0523359562429368 0
    outer loop
      vertex 69.9 -75.5 57.8
      vertex 69.94437264751699 -74.65331944753201 57.8
      vertex 69.94437264751699 -74.65331944753201 60
    endloop
  endfacet
  facet normal 0.9876883405951371 -0.1564344650402346 0
    outer loop
      vertex 69.94437264751699 -74.65331944753201 57.8
      vertex 70.07700443405618 -73.81591530437615 57.8
      vertex 70.07700443405618 -73.81591530437615 60
    endloop
  endfacet
  facet normal 0 0 1
    outer loop
      vertex 66.00411139428616 -75.57845007628202 60
      vertex 70.07700443405618 -77.18408469562385 60
      vertex 69.94437264751699 -76.34668055246799 60
    endloop
  endfacet
  facet normal 0 0 1
    outer loop
      vertex 66.00411139428616 -75.4215499162674 60
      vertex 69.94437264751699 -76.34668055246799 60
      vertex 69.9 -75.5 60
    endloop
  endfacet
  facet normal 0 0 1
    outer loop
      vertex 66.00411139428616 -75.4215499162674 60
      vertex 69.9 -75.5 60
      vertex 69.94437264751699 -74.65331944753201 60
    endloop
  endfacet
  facet normal 0 0 1
    outer loop
      vertex 66.07802639901638 -74.16806780546904 60
      vertex 69.94437264751699 -74.65331944753201 60
      vertex 70.07700443405618 -73.81591530437615 60
    endloop
  endfacet
  facet normal 0.9986295347545743 0.0523359562429368 0
    outer loop
      vertex 69.94437264751699 -76.34668055246799 57.8
      vertex 69.9 -75.5 60
      vertex 69.94437264751699 -76.34668055246799 60
    endloop
  endfacet
  facet normal 0.9986295347545743 -0.0523359562429368 0
    outer loop
      vertex 69.9 -75.5 57.8
      vertex 69.94437264751699 -74.65331944753201 60
      vertex 69.9 -75.5 60
    endloop
  endfacet
  facet normal 0.9876883405951371 -0.1564344650402346 0
    outer loop
      vertex 69.94437264751699 -74.65331944753201 57.8
      vertex 70.07700443405618 -73.81591530437615 60
      vertex 69.94437264751699 -74.65331944753201 60
    endloop
  endfacet
  facet normal 0.9659258262890682 -0.258819045102521 0
    outer loop
      vertex 70.07700443405618 -73.81591530437615 57.8
      vertex 70.29644221800926 -72.99696234556292 57.8
      vertex 70.29644221800926 -72.99696234556292 60
    endloop
  endfacet
  facet normal 0 0 1
    outer loop
      vertex 66.24993965029716 -73.0826502814889 60
      vertex 70.07700443405618 -73.81591530437615 60
      vertex 66.28256103396416 -72.92917874455452 60
    endloop
  endfacet
  facet normal 0 0 1
    outer loop
      vertex 66.28256103396416 -72.92917874455452 60
      vertex 70.29644221800926 -72.99696234556292 60
      vertex 66.56698954850435 -71.86767706274986 60
    endloop
  endfacet
  facet normal 0 0 1
    outer loop
      vertex 66.28256103396416 -72.92917874455452 60
      vertex 70.07700443405618 -73.81591530437615 60
      vertex 70.29644221800926 -72.99696234556292 60
    endloop
  endfacet
  facet normal 0 0 1
    outer loop
      vertex 66.56698954850435 -71.86767706274986 60
      vertex 70.29644221800926 -72.99696234556292 60
      vertex 66.61547438800335 -71.71845606714487 60
    endloop
  endfacet
  facet normal 0 0 1
    outer loop
      vertex 66.61547438800335 -71.71845606714487 60
      vertex 70.60028179309494 -72.20543319108602 60
      vertex 67.00930196791887 -70.69250015169382 60
    endloop
  endfacet
  facet normal 0 0 1
    outer loop
      vertex 67.00930196791887 -70.69250015169382 60
      vertex 70.60028179309494 -72.20543319108602 60
      vertex 67.07311893254519 -70.54916489869356 60
    endloop
  endfacet
  facet normal 0.9659258262890682 -0.258819045102521 0
    outer loop
      vertex 70.07700443405618 -73.81591530437615 57.8
      vertex 70.29644221800926 -72.99696234556292 60
      vertex 70.07700443405618 -73.81591530437615 60
    endloop
  endfacet
  facet normal 0 0 1
    outer loop
      vertex 66.61547438800335 -71.71845606714487 60
      vertex 70.29644221800926 -72.99696234556292 60
      vertex 70.60028179309494 -72.20543319108602 60
    endloop
  endfacet
  facet normal 0 0 1
    outer loop
      vertex 67.07311893254519 -70.54916489869356 60
      vertex 70.60028179309494 -72.20543319108602 60
      vertex 70.98519422934605 -71.45 60
    endloop
  endfacet
  facet normal 0.9335804264972021 -0.3583679495452997 0
    outer loop
      vertex 70.29644221800926 -72.99696234556292 57.8
      vertex 70.60028179309494 -72.20543319108602 57.8
      vertex 70.60028179309494 -72.20543319108602 60
    endloop
  endfacet
  facet normal 0.891006524188367 -0.45399049973954864 0
    outer loop
      vertex 70.60028179309494 -72.20543319108602 57.8
      vertex 70.98519422934605 -71.45 57.8
      vertex 70.98519422934605 -71.45 60
    endloop
  endfacet
  facet normal 0.9335804264972021 -0.3583679495452997 0
    outer loop
      vertex 70.29644221800926 -72.99696234556292 57.8
      vertex 70.60028179309494 -72.20543319108602 60
      vertex 70.29644221800926 -72.99696234556292 60
    endloop
  endfacet
  facet normal 0.891006524188367 -0.45399049973954864 0
    outer loop
      vertex 70.60028179309494 -72.20543319108602 57.8
      vertex 70.98519422934605 -71.45 60
      vertex 70.60028179309494 -72.20543319108602 60
    endloop
  endfacet
  facet normal 0.8386705679454272 -0.5446390350150223 0
    outer loop
      vertex 70.98519422934605 -71.45 57.8
      vertex 71.44696234556292 -70.73893945643097 60
      vertex 70.98519422934605 -71.45 60
    endloop
  endfacet
  facet normal 0 0 1
    outer loop
      vertex 67.07311893254519 -70.54916489869356 60
      vertex 70.98519422934605 -71.45 60
      vertex 67.57203072309494 -69.56999537348747 60
    endloop
  endfacet
  facet normal 0 0 1
    outer loop
      vertex 67.57203072309494 -69.56999537348747 60
      vertex 71.44696234556292 -70.73893945643097 60
      vertex 67.65048070251942 -69.43411602079868 60
    endloop
  endfacet
  facet normal 0 0 1
    outer loop
      vertex 67.57203072309494 -69.56999537348747 60
      vertex 70.98519422934605 -71.45 60
      vertex 71.44696234556292 -70.73893945643097 60
    endloop
  endfacet
  facet normal 0 0 1
    outer loop
      vertex 67.65048070251942 -69.43411602079868 60
      vertex 71.44696234556292 -70.73893945643097 60
      vertex 68.24901052564383 -68.51246091723442 60
    endloop
  endfacet
  facet normal 0 0 1
    outer loop
      vertex 68.3412339836359 -68.38552622497082 60
      vertex 68.24901052564383 -68.51246091723442 60
      vertex 71.98052691363311 -70.08004208849324 60
    endloop
  endfacet
  facet normal 0 0 1
    outer loop
      vertex 68.3412339836359 -68.38552622497082 60
      vertex 71.98052691363311 -70.08004208849324 60
      vertex 69.03282411396503 -67.53148353099823 60
    endloop
  endfacet
  facet normal 0 0 1
    outer loop
      vertex 69.03282411396503 -67.53148353099823 60
      vertex 72.58004208849324 -69.48052691363311 60
      vertex 69.13781078159809 -67.41488402336836 60
    endloop
  endfacet
  facet normal 0.8386705679454272 -0.5446390350150223 0
    outer loop
      vertex 70.98519422934605 -71.45 57.8
      vertex 71.44696234556292 -70.73893945643097 57.8
      vertex 71.44696234556292 -70.73893945643097 60
    endloop
  endfacet
  facet normal 0.7771459614569688 -0.62932039104984 0
    outer loop
      vertex 71.44696234556292 -70.73893945643097 57.8
      vertex 71.98052691363311 -70.08004208849324 57.8
      vertex 71.98052691363311 -70.08004208849324 60
    endloop
  endfacet
  facet normal 0.7071067811865476 -0.7071067811865476 0
    outer loop
      vertex 71.98052691363311 -70.08004208849324 57.8
      vertex 72.58004208849324 -69.48052691363311 57.8
      vertex 72.58004208849324 -69.48052691363311 60
    endloop
  endfacet
  facet normal 0.62932039104984 -0.7771459614569688 0
    outer loop
      vertex 72.58004208849324 -69.48052691363311 57.8
      vertex 73.23893945643097 -68.94696234556292 57.8
      vertex 73.23893945643097 -68.94696234556292 60
    endloop
  endfacet
  facet normal 0.7771459614569688 -0.62932039104984 0
    outer loop
      vertex 71.44696234556292 -70.73893945643097 57.8
      vertex 71.98052691363311 -70.08004208849324 60
      vertex 71.44696234556292 -70.73893945643097 60
    endloop
  endfacet
  facet normal 0 0 1
    outer loop
      vertex 68.24901052564383 -68.51246091723442 60
      vertex 71.44696234556292 -70.73893945643097 60
      vertex 71.98052691363311 -70.08004208849324 60
    endloop
  endfacet
  facet normal 0 0 1
    outer loop
      vertex 69.03282411396503 -67.53148353099823 60
      vertex 71.98052691363311 -70.08004208849324 60
      vertex 72.58004208849324 -69.48052691363311 60
    endloop
  endfacet
  facet normal 0.7071067811865476 -0.7071067811865476 0
    outer loop
      vertex 71.98052691363311 -70.08004208849324 57.8
      vertex 72.58004208849324 -69.48052691363311 60
      vertex 71.98052691363311 -70.08004208849324 60
    endloop
  endfacet
  facet normal 0.62932039104984 -0.7771459614569688 0
    outer loop
      vertex 72.58004208849324 -69.48052691363311 57.8
      vertex 73.23893945643097 -68.94696234556292 60
      vertex 72.58004208849324 -69.48052691363311 60
    endloop
  endfacet
  facet normal 0 0 1
    outer loop
      vertex 69.13781078159809 -67.41488402336836 60
      vertex 72.58004208849324 -69.48052691363311 60
      vertex 69.91488401591778 -66.63781078904867 60
    endloop
  endfacet
  facet normal 0 0 1
    outer loop
      vertex 69.91488401591778 -66.63781078904867 60
      vertex 73.23893945643097 -68.94696234556292 60
      vertex 70.03148353844881 -66.53282410651445 60
    endloop
  endfacet
  facet normal 0 0 1
    outer loop
      vertex 70.03148353844881 -66.53282410651445 60
      vertex 73.95 -68.48519422934605 60
      vertex 70.88552622497082 -65.8412339836359 60
    endloop
  endfacet
  facet normal 0 0 1
    outer loop
      vertex 69.91488401591778 -66.63781078904867 60
      vertex 72.58004208849324 -69.48052691363311 60
      vertex 73.23893945643097 -68.94696234556292 60
    endloop
  endfacet
  facet normal 0 0 1
    outer loop
      vertex 70.03148353844881 -66.53282410651445 60
      vertex 73.23893945643097 -68.94696234556292 60
      vertex 73.95 -68.48519422934605 60
    endloop
  endfacet
  facet normal 0 0 1
    outer loop
      vertex 70.88552622497082 -65.8412339836359 60
      vertex 74.70543319108602 -68.10028179309494 60
      vertex 71.01246091723442 -65.74901052564383 60
    endloop
  endfacet
  facet normal 0 0 1
    outer loop
      vertex 71.01246091723442 -65.74901052564383 60
      vertex 74.70543319108602 -68.10028179309494 60
      vertex 71.93411602079868 -65.15048070251942 60
    endloop
  endfacet
  facet normal 0 0 1
    outer loop
      vertex 73.23893945643097 -82.05303765443708 57.8
      vertex 73.77328194468484 -75.05575403111247 57.8
      vertex 73.95 -68.48519422934605 57.8
    endloop
  endfacet
  facet normal 0 0 1
    outer loop
      vertex 73.23893945643097 -82.05303765443708 57.8
      vertex 73.95 -68.48519422934605 57.8
      vertex 73.23893945643097 -68.94696234556292 57.8
    endloop
  endfacet
  facet normal 0 0 1
    outer loop
      vertex 73.77328194468484 -75.05575403111247 57.8
      vertex 73.84287269688133 -74.61637531402452 57.8
      vertex 73.95 -68.48519422934605 57.8
    endloop
  endfacet
  facet normal 0 0 1
    outer loop
      vertex 73.84287269688133 -74.61637531402452 57.8
      vertex 73.9580098057456 -74.18667777390647 57.8
      vertex 73.95 -68.48519422934605 57.8
    endloop
  endfacet
  facet normal 0 0 1
    outer loop
      vertex 73.9580098057456 -74.18667777390647 57.8
      vertex 74.11743180501895 -73.77136926692785 57.8
      vertex 73.95 -68.48519422934605 57.8
    endloop
  endfacet
  facet normal 0 0 1
    outer loop
      vertex 74.11743180501895 -73.77136926692785 57.8
      vertex 74.31939203391613 -73.375 57.8
      vertex 73.95 -68.48519422934605 57.8
    endloop
  endfacet
  facet normal 0 0 1
    outer loop
      vertex 74.31939203391613 -73.375 57.8
      vertex 74.56167777390647 -73.00191267775699 57.8
      vertex 73.95 -68.48519422934605 57.8
    endloop
  endfacet
  facet normal 0 0 1
    outer loop
      vertex 74.56167777390647 -73.00191267775699 57.8
      vertex 74.84163449172108 -72.65619492297485 57.8
      vertex 74.70543319108602 -68.10028179309494 57.8
    endloop
  endfacet
  facet normal 0 0 1
    outer loop
      vertex 74.56167777390647 -73.00191267775699 57.8
      vertex 74.70543319108602 -68.10028179309494 57.8
      vertex 73.95 -68.48519422934605 57.8
    endloop
  endfacet
  facet normal 0 0 1
    outer loop
      vertex 74.84163449172108 -72.65619492297485 57.8
      vertex 75.15619492297485 -72.34163449172108 57.8
      vertex 74.70543319108602 -68.10028179309494 57.8
    endloop
  endfacet
  facet normal 0 0 1
    outer loop
      vertex 75.15619492297485 -72.34163449172108 57.8
      vertex 75.50191267775699 -72.06167777390647 57.8
      vertex 74.70543319108602 -68.10028179309494 57.8
    endloop
  endfacet
  facet normal 0 0 1
    outer loop
      vertex 75.50191267775699 -72.06167777390647 57.8
      vertex 75.875 -71.81939203391613 57.8
      vertex 75.49696234556292 -67.79644221800926 57.8
    endloop
  endfacet
  facet normal 0 0 1
    outer loop
      vertex 75.875 -71.81939203391613 57.8
      vertex 76.27136926692785 -71.61743180501895 57.8
      vertex 75.49696234556292 -67.79644221800926 57.8
    endloop
  endfacet
  facet normal 0 0 1
    outer loop
      vertex 74.70543319108602 -68.10028179309494 57.8
      vertex 75.50191267775699 -72.06167777390647 57.8
      vertex 75.49696234556292 -67.79644221800926 57.8
    endloop
  endfacet
  facet normal 0 0 1
    outer loop
      vertex 76.27136926692785 -71.61743180501895 57.8
      vertex 76.68667777390647 -71.4580098057456 57.8
      vertex 76.31591530437615 -67.57700443405618 57.8
    endloop
  endfacet
  facet normal 0 0 1
    outer loop
      vertex 76.68667777390647 -71.4580098057456 57.8
      vertex 77.11637531402452 -71.34287269688133 57.8
      vertex 76.31591530437615 -67.57700443405618 57.8
    endloop
  endfacet
  facet normal 0 0 1
    outer loop
      vertex 77.11637531402452 -71.34287269688133 57.8
      vertex 77.55575403111247 -71.27328194468484 57.8
      vertex 77.15331944753201 -67.44437264751699 57.8
    endloop
  endfacet
  facet normal 0 0 1
    outer loop
      vertex 76.27136926692785 -71.61743180501895 57.8
      vertex 76.31591530437615 -67.57700443405618 57.8
      vertex 75.49696234556292 -67.79644221800926 57.8
    endloop
  endfacet
  facet normal 0 0 1
    outer loop
      vertex 77.11637531402452 -71.34287269688133 57.8
      vertex 77.15331944753201 -67.44437264751699 57.8
      vertex 76.31591530437615 -67.57700443405618 57.8
    endloop
  endfacet
  facet normal 0 0 1
    outer loop
      vertex 77.55575403111247 -71.27328194468484 57.8
      vertex 78 -71.25 57.8
      vertex 77.15331944753201 -67.44437264751699 57.8
    endloop
  endfacet
  facet normal 0 0 1
    outer loop
      vertex 78 -71.25 57.8
      vertex 78.44424596888753 -71.27328194468484 57.8
      vertex 78.84668055246799 -67.44437264751699 57.8
    endloop
  endfacet
  facet normal 0 0 1
    outer loop
      vertex 78.44424596888753 -71.27328194468484 57.8
      vertex 78.88362468597548 -71.34287269688133 57.8
      vertex 78.84668055246799 -67.44437264751699 57.8
    endloop
  endfacet
  facet normal 0 0 1
    outer loop
      vertex 78 -71.25 57.8
      vertex 78 -67.4 57.8
      vertex 77.15331944753201 -67.44437264751699 57.8
    endloop
  endfacet
  facet normal 0 0 1
    outer loop
      vertex 78 -71.25 57.8
      vertex 78.84668055246799 -67.44437264751699 57.8
      vertex 78 -67.4 57.8
    endloop
  endfacet
  facet normal 0.5446390350150223 -0.8386705679454272 0
    outer loop
      vertex 73.23893945643097 -68.94696234556292 57.8
      vertex 73.95 -68.48519422934605 57.8
      vertex 73.95 -68.48519422934605 60
    endloop
  endfacet
  facet normal 0.5446390350150223 -0.8386705679454272 0
    outer loop
      vertex 73.23893945643097 -68.94696234556292 57.8
      vertex 73.95 -68.48519422934605 60
      vertex 73.23893945643097 -68.94696234556292 60
    endloop
  endfacet
  facet normal 0.45399049973954864 -0.891006524188367 0
    outer loop
      vertex 73.95 -68.48519422934605 57.8
      vertex 74.70543319108602 -68.10028179309494 57.8
      vertex 74.70543319108602 -68.10028179309494 60
    endloop
  endfacet
  facet normal 0.3583679495452997 -0.9335804264972021 0
    outer loop
      vertex 74.70543319108602 -68.10028179309494 57.8
      vertex 75.49696234556292 -67.79644221800926 57.8
      vertex 75.49696234556292 -67.79644221800926 60
    endloop
  endfacet
  facet normal 0.45399049973954864 -0.891006524188367 0
    outer loop
      vertex 73.95 -68.48519422934605 57.8
      vertex 74.70543319108602 -68.10028179309494 60
      vertex 73.95 -68.48519422934605 60
    endloop
  endfacet
  facet normal 0 0 1
    outer loop
      vertex 70.88552622497082 -65.8412339836359 60
      vertex 73.95 -68.48519422934605 60
      vertex 74.70543319108602 -68.10028179309494 60
    endloop
  endfacet
  facet normal 0 0 1
    outer loop
      vertex 71.93411602079868 -65.15048070251942 60
      vertex 74.70543319108602 -68.10028179309494 60
      vertex 75.49696234556292 -67.79644221800926 60
    endloop
  endfacet
  facet normal 0 0 1
    outer loop
      vertex 71.93411602079868 -65.15048070251942 60
      vertex 75.49696234556292 -67.79644221800926 60
      vertex 72.06999537348747 -65.07203072309494 60
    endloop
  endfacet
  facet normal 0 0 1
    outer loop
      vertex 72.06999537348747 -65.07203072309494 60
      vertex 75.49696234556292 -67.79644221800926 60
      vertex 73.04916489869356 -64.57311893254519 60
    endloop
  endfacet
  facet normal 0.3583679495452997 -0.9335804264972021 0
    outer loop
      vertex 74.70543319108602 -68.10028179309494 57.8
      vertex 75.49696234556292 -67.79644221800926 60
      vertex 74.70543319108602 -68.10028179309494 60
    endloop
  endfacet
  facet normal 0.258819045102521 -0.9659258262890682 0
    outer loop
      vertex 75.49696234556292 -67.79644221800926 57.8
      vertex 76.31591530437615 -67.57700443405618 60
      vertex 75.49696234556292 -67.79644221800926 60
    endloop
  endfacet
  facet normal 0 0 1
    outer loop
      vertex 73.04916489869356 -64.57311893254519 60
      vertex 75.49696234556292 -67.79644221800926 60
      vertex 76.31591530437615 -67.57700443405618 60
    endloop
  endfacet
  facet normal 0 0 1
    outer loop
      vertex 74.2184560149908 -64.11547440290451 60
      vertex 76.31591530437615 -67.57700443405618 60
      vertex 77.15331944753201 -67.44437264751699 60
    endloop
  endfacet
  facet normal 0.258819045102521 -0.9659258262890682 0
    outer loop
      vertex 75.49696234556292 -67.79644221800926 57.8
      vertex 76.31591530437615 -67.57700443405618 57.8
      vertex 76.31591530437615 -67.57700443405618 60
    endloop
  endfacet
  facet normal 0.1564344650402346 -0.9876883405951371 0
    outer loop
      vertex 76.31591530437615 -67.57700443405618 57.8
      vertex 77.15331944753201 -67.44437264751699 57.8
      vertex 77.15331944753201 -67.44437264751699 60
    endloop
  endfacet
  facet normal 0.0523359562429368 -0.9986295347545743 0
    outer loop
      vertex 77.15331944753201 -67.44437264751699 57.8
      vertex 78 -67.4 57.8
      vertex 78 -67.4 60
    endloop
  endfacet
  facet normal -0.0523359562429368 -0.9986295347545743 0
    outer loop
      vertex 78 -67.4 57.8
      vertex 78.84668055246799 -67.44437264751699 57.8
      vertex 78.84668055246799 -67.44437264751699 60
    endloop
  endfacet
  facet normal 0.1564344650402346 -0.9876883405951371 0
    outer loop
      vertex 76.31591530437615 -67.57700443405618 57.8
      vertex 77.15331944753201 -67.44437264751699 60
      vertex 76.31591530437615 -67.57700443405618 60
    endloop
  endfacet
  facet normal 0 0 1
    outer loop
      vertex 74.2184560149908 -64.11547440290451 60
      vertex 77.15331944753201 -67.44437264751699 60
      vertex 78 -67.4 60
    endloop
  endfacet
  facet normal 0.0523359562429368 -0.9986295347545743 0
    outer loop
      vertex 77.15331944753201 -67.44437264751699 57.8
      vertex 78 -67.4 60
      vertex 77.15331944753201 -67.44437264751699 60
    endloop
  endfacet
  facet normal -0.0523359562429368 -0.9986295347545743 0
    outer loop
      vertex 78 -67.4 57.8
      vertex 78.84668055246799 -67.44437264751699 60
      vertex 78 -67.4 60
    endloop
  endfacet
  facet normal 0 0 1
    outer loop
      vertex 75.42917874455452 -63.78256103396416 60
      vertex 78 -67.4 60
      vertex 78.84668055246799 -67.44437264751699 60
    endloop
  endfacet
  facet normal 0 0 1
    outer loop
      vertex 76.66806792467833 -63.57802638411522 60
      vertex 78.84668055246799 -67.44437264751699 60
      vertex 79.68408469562385 -67.57700443405618 60
    endloop
  endfacet
  facet normal 0 0 1
    outer loop
      vertex 78.84668055246799 -83.55562735248301 57.8
      vertex 79.68408469562385 -83.42299556594382 57.8
      vertex 78.88362468597548 -79.65712730311867 57.8
    endloop
  endfacet
  facet normal 0 0 1
    outer loop
      vertex 85.24747014790773 -87.36888560652733 60
      vertex 77.15331944753201 -83.55562735248301 60
      vertex 76.31591530437615 -83.42299556594382 60
    endloop
  endfacet
  facet normal 0 0 1
    outer loop
      vertex 85.24747014790773 -87.36888560652733 60
      vertex 78 -83.6 60
      vertex 77.15331944753201 -83.55562735248301 60
    endloop
  endfacet
  facet normal -0.1564344650402346 0.9876883405951371 0
    outer loop
      vertex 78.84668055246799 -83.55562735248301 57.8
      vertex 78.84668055246799 -83.55562735248301 60
      vertex 79.68408469562385 -83.42299556594382 57.8
    endloop
  endfacet
  facet normal -0.258819045102521 0.9659258262890682 0
    outer loop
      vertex 79.68408469562385 -83.42299556594382 57.8
      vertex 79.68408469562385 -83.42299556594382 60
      vertex 80.50303765443708 -83.20355778199074 57.8
    endloop
  endfacet
  facet normal -0.3583679495452997 0.9335804264972021 0
    outer loop
      vertex 80.50303765443708 -83.20355778199074 57.8
      vertex 80.50303765443708 -83.20355778199074 60
      vertex 81.29456680891398 -82.89971820690506 57.8
    endloop
  endfacet
  facet normal -0.45399049973954864 0.891006524188367 0
    outer loop
      vertex 81.29456680891398 -82.89971820690506 57.8
      vertex 81.29456680891398 -82.89971820690506 60
      vertex 82.05 -82.51480577065395 57.8
    endloop
  endfacet
  facet normal -0.1564344650402346 0.9876883405951371 0
    outer loop
      vertex 79.68408469562385 -83.42299556594382 57.8
      vertex 78.84668055246799 -83.55562735248301 60
      vertex 79.68408469562385 -83.42299556594382 60
    endloop
  endfacet
  facet normal 0 0 1
    outer loop
      vertex 85.24747014790773 -87.36888560652733 60
      vertex 76.31591530437615 -83.42299556594382 60
      vertex 75.49696234556292 -83.20355778199074 60
    endloop
  endfacet
  facet normal 0 0 1
    outer loop
      vertex 86.44041986018419 -86.98127274215221 60
      vertex 78.84668055246799 -83.55562735248301 60
      vertex 78 -83.6 60
    endloop
  endfacet
  facet normal -0.258819045102521 0.9659258262890682 0
    outer loop
      vertex 80.50303765443708 -83.20355778199074 57.8
      vertex 79.68408469562385 -83.42299556594382 60
      vertex 80.50303765443708 -83.20355778199074 60
    endloop
  endfacet
  facet normal -0.3583679495452997 0.9335804264972021 0
    outer loop
      vertex 81.29456680891398 -82.89971820690506 57.8
      vertex 80.50303765443708 -83.20355778199074 60
      vertex 81.29456680891398 -82.89971820690506 60
    endloop
  endfacet
  facet normal 0 0 1
    outer loop
      vertex 84.62717077881098 -87.4671313688159 60
      vertex 85.24747014790773 -87.36888560652733 60
      vertex 75.49696234556292 -83.20355778199074 60
    endloop
  endfacet
  facet normal 0 0 1
    outer loop
      vertex 85.24747014790773 -87.36888560652733 60
      vertex 85.85410196334124 -87.20633909851313 60
      vertex 78 -83.6 60
    endloop
  endfacet
  facet normal 0 0 1
    outer loop
      vertex 85.85410196334124 -87.20633909851313 60
      vertex 86.44041986018419 -86.98127274215221 60
      vertex 78 -83.6 60
    endloop
  endfacet
  facet normal 0 0 1
    outer loop
      vertex 86.44041986018419 -86.98127274215221 60
      vertex 87 -86.69615242630243 60
      vertex 79.68408469562385 -83.42299556594382 60
    endloop
  endfacet
  facet normal -0.5446390350150223 0.8386705679454272 0
    outer loop
      vertex 82.05 -82.51480577065395 57.8
      vertex 82.05 -82.51480577065395 60
      vertex 82.76106054356903 -82.05303765443708 57.8
    endloop
  endfacet
  facet normal 0 0 1
    outer loop
      vertex 86.44041986018419 -86.98127274215221 60
      vertex 79.68408469562385 -83.42299556594382 60
      vertex 78.84668055246799 -83.55562735248301 60
    endloop
  endfacet
  facet normal 0 0 1
    outer loop
      vertex 87 -86.69615242630243 60
      vertex 80.50303765443708 -83.20355778199074 60
      vertex 79.68408469562385 -83.42299556594382 60
    endloop
  endfacet
  facet normal -0.45399049973954864 0.891006524188367 0
    outer loop
      vertex 82.05 -82.51480577065395 57.8
      vertex 81.29456680891398 -82.89971820690506 60
      vertex 82.05 -82.51480577065395 60
    endloop
  endfacet
  facet normal -0.5446390350150223 0.8386705679454272 0
    outer loop
      vertex 82.76106054356903 -82.05303765443708 57.8
      vertex 82.05 -82.51480577065395 60
      vertex 82.76106054356903 -82.05303765443708 60
    endloop
  endfacet
  facet normal 0 0 1
    outer loop
      vertex 87.52671151608229 -86.35410196334124 60
      vertex 81.29456680891398 -82.89971820690506 60
      vertex 80.50303765443708 -83.20355778199074 60
    endloop
  endfacet
  facet normal 0 0 1
    outer loop
      vertex 88.45886895060539 -85.51478363573551 60
      vertex 82.05 -82.51480577065395 60
      vertex 81.29456680891398 -82.89971820690506 60
    endloop
  endfacet
  facet normal 0 0 1
    outer loop
      vertex 79.68408469562385 -83.42299556594382 57.8
      vertex 79.31332222609353 -79.5419901942544 57.8
      vertex 78.88362468597548 -79.65712730311867 57.8
    endloop
  endfacet
  facet normal 0 0 1
    outer loop
      vertex 79.68408469562385 -83.42299556594382 57.8
      vertex 80.50303765443708 -83.20355778199074 57.8
      vertex 79.72863073307215 -79.38256819498105 57.8
    endloop
  endfacet
  facet normal 0 0 1
    outer loop
      vertex 79.68408469562385 -83.42299556594382 57.8
      vertex 79.72863073307215 -79.38256819498105 57.8
      vertex 79.31332222609353 -79.5419901942544 57.8
    endloop
  endfacet
  facet normal 0 0 1
    outer loop
      vertex 80.50303765443708 -83.20355778199074 57.8
      vertex 80.125 -79.18060796608387 57.8
      vertex 79.72863073307215 -79.38256819498105 57.8
    endloop
  endfacet
  facet normal 0 0 1
    outer loop
      vertex 80.50303765443708 -83.20355778199074 57.8
      vertex 81.29456680891398 -82.89971820690506 57.8
      vertex 80.49808732224301 -78.93832222609353 57.8
    endloop
  endfacet
  facet normal 0 0 1
    outer loop
      vertex 80.50303765443708 -83.20355778199074 57.8
      vertex 80.49808732224301 -78.93832222609353 57.8
      vertex 80.125 -79.18060796608387 57.8
    endloop
  endfacet
  facet normal 0 0 1
    outer loop
      vertex 80.49808732224301 -78.93832222609353 57.8
      vertex 81.29456680891398 -82.89971820690506 57.8
      vertex 80.84380507702515 -78.65836550827892 57.8
    endloop
  endfacet
  facet normal 0 0 1
    outer loop
      vertex 81.29456680891398 -82.89971820690506 57.8
      vertex 81.15836550827892 -78.34380507702515 57.8
      vertex 80.84380507702515 -78.65836550827892 57.8
    endloop
  endfacet
  facet normal 0 0 1
    outer loop
      vertex 81.29456680891398 -82.89971820690506 57.8
      vertex 81.43832222609353 -77.99808732224301 57.8
      vertex 81.15836550827892 -78.34380507702515 57.8
    endloop
  endfacet
  facet normal 0 0 1
    outer loop
      vertex 81.29456680891398 -82.89971820690506 57.8
      vertex 82.05 -82.51480577065395 57.8
      vertex 81.43832222609353 -77.99808732224301 57.8
    endloop
  endfacet
  facet normal 0 0 1
    outer loop
      vertex 82.05 -82.51480577065395 57.8
      vertex 81.68060796608387 -77.625 57.8
      vertex 81.43832222609353 -77.99808732224301 57.8
    endloop
  endfacet
  facet normal 0 0 1
    outer loop
      vertex 82.05 -82.51480577065395 57.8
      vertex 81.88256819498105 -77.22863073307215 57.8
      vertex 81.68060796608387 -77.625 57.8
    endloop
  endfacet
  facet normal 0 0 1
    outer loop
      vertex 82.05 -82.51480577065395 57.8
      vertex 82.0419901942544 -76.81332222609353 57.8
      vertex 81.88256819498105 -77.22863073307215 57.8
    endloop
  endfacet
  facet normal 0 0 1
    outer loop
      vertex 82.05 -82.51480577065395 57.8
      vertex 82.15712730311867 -76.38362468597548 57.8
      vertex 82.0419901942544 -76.81332222609353 57.8
    endloop
  endfacet
  facet normal 0 0 1
    outer loop
      vertex 82.05 -82.51480577065395 57.8
      vertex 82.22671805531516 -75.94424596888753 57.8
      vertex 82.15712730311867 -76.38362468597548 57.8
    endloop
  endfacet
  facet normal 0 0 1
    outer loop
      vertex 82.05 -82.51480577065395 57.8
      vertex 82.76106054356903 -82.05303765443708 57.8
      vertex 82.76106054356903 -68.94696234556292 57.8
    endloop
  endfacet
  facet normal 0 0 1
    outer loop
      vertex 82.76106054356903 -82.05303765443708 57.8
      vertex 83.41995791150676 -81.51947308636689 57.8
      vertex 83.41995791150676 -69.48052691363311 57.8
    endloop
  endfacet
  facet normal 0 0 1
    outer loop
      vertex 83.41995791150676 -81.51947308636689 57.8
      vertex 84.01947308636689 -80.91995791150676 57.8
      vertex 84.01947308636689 -70.08004208849324 57.8
    endloop
  endfacet
  facet normal -0.62932039104984 0.7771459614569688 0
    outer loop
      vertex 82.76106054356903 -82.05303765443708 57.8
      vertex 82.76106054356903 -82.05303765443708 60
      vertex 83.41995791150676 -81.51947308636689 57.8
    endloop
  endfacet
  facet normal -0.7071067811865476 0.7071067811865476 0
    outer loop
      vertex 83.41995791150676 -81.51947308636689 57.8
      vertex 83.41995791150676 -81.51947308636689 60
      vertex 84.01947308636689 -80.91995791150676 57.8
    endloop
  endfacet
  facet normal -0.7771459614569688 0.62932039104984 0
    outer loop
      vertex 84.01947308636689 -80.91995791150676 57.8
      vertex 84.01947308636689 -80.91995791150676 60
      vertex 84.55303765443708 -80.26106054356903 57.8
    endloop
  endfacet
  facet normal -0.62932039104984 0.7771459614569688 0
    outer loop
      vertex 83.41995791150676 -81.51947308636689 57.8
      vertex 82.76106054356903 -82.05303765443708 60
      vertex 83.41995791150676 -81.51947308636689 60
    endloop
  endfacet
  facet normal -0.7071067811865476 0.7071067811865476 0
    outer loop
      vertex 84.01947308636689 -80.91995791150676 57.8
      vertex 83.41995791150676 -81.51947308636689 60
      vertex 84.01947308636689 -80.91995791150676 60
    endloop
  endfacet
  facet normal 0 0 1
    outer loop
      vertex 87 -86.69615242630243 60
      vertex 87.52671151608229 -86.35410196334124 60
      vertex 80.50303765443708 -83.20355778199074 60
    endloop
  endfacet
  facet normal 0 0 1
    outer loop
      vertex 87.52671151608229 -86.35410196334124 60
      vertex 88.01478363573551 -85.95886895060539 60
      vertex 81.29456680891398 -82.89971820690506 60
    endloop
  endfacet
  facet normal 0 0 1
    outer loop
      vertex 88.01478363573551 -85.95886895060539 60
      vertex 88.45886895060539 -85.51478363573551 60
      vertex 81.29456680891398 -82.89971820690506 60
    endloop
  endfacet
  facet normal 0 0 1
    outer loop
      vertex 88.85410196334124 -85.02671151608229 60
      vertex 82.76106054356903 -82.05303765443708 60
      vertex 82.05 -82.51480577065395 60
    endloop
  endfacet
  facet normal 0 0 1
    outer loop
      vertex 89.48127274215221 -83.94041986018419 60
      vertex 83.41995791150676 -81.51947308636689 60
      vertex 82.76106054356903 -82.05303765443708 60
    endloop
  endfacet
  facet normal 0 0 1
    outer loop
      vertex 88.45886895060539 -85.51478363573551 60
      vertex 88.85410196334124 -85.02671151608229 60
      vertex 82.05 -82.51480577065395 60
    endloop
  endfacet
  facet normal 0 0 1
    outer loop
      vertex 88.85410196334124 -85.02671151608229 60
      vertex 89.19615242630243 -84.5 60
      vertex 82.76106054356903 -82.05303765443708 60
    endloop
  endfacet
  facet normal 0 0 1
    outer loop
      vertex 89.19615242630243 -84.5 60
      vertex 89.48127274215221 -83.94041986018419 60
      vertex 82.76106054356903 -82.05303765443708 60
    endloop
  endfacet
  facet normal 0 0 1
    outer loop
      vertex 89.48127274215221 -83.94041986018419 60
      vertex 89.70633909851313 -83.35410196334124 60
      vertex 83.41995791150676 -81.51947308636689 60
    endloop
  endfacet
  facet normal 0 0 1
    outer loop
      vertex 89.70633909851313 -83.35410196334124 60
      vertex 89.86888560652733 -82.74747014790773 60
      vertex 83.41995791150676 -81.51947308636689 60
    endloop
  endfacet
  facet normal 0 0 1
    outer loop
      vertex 84.01947308636689 -80.91995791150676 57.8
      vertex 84.55303765443708 -80.26106054356903 57.8
      vertex 84.55303765443708 -70.73893945643097 57.8
    endloop
  endfacet
  facet normal 0 0 1
    outer loop
      vertex 84.55303765443708 -80.26106054356903 57.8
      vertex 85.01480577065395 -79.55 57.8
      vertex 85.01480577065395 -71.45 57.8
    endloop
  endfacet
  facet normal 0 0 1
    outer loop
      vertex 85.01480577065395 -79.55 57.8
      vertex 85.39971820690506 -78.79456680891398 57.8
      vertex 85.39971820690506 -72.20543319108602 57.8
    endloop
  endfacet
  facet normal 0 0 1
    outer loop
      vertex 85.39971820690506 -78.79456680891398 57.8
      vertex 85.70355778199074 -78.00303765443708 57.8
      vertex 85.70355778199074 -72.99696234556292 57.8
    endloop
  endfacet
  facet normal -0.8386705679454272 0.5446390350150223 0
    outer loop
      vertex 84.55303765443708 -80.26106054356903 57.8
      vertex 84.55303765443708 -80.26106054356903 60
      vertex 85.01480577065395 -79.55 57.8
    endloop
  endfacet
  facet normal -0.891006524188367 0.45399049973954864 0
    outer loop
      vertex 85.01480577065395 -79.55 57.8
      vertex 85.01480577065395 -79.55 60
      vertex 85.39971820690506 -78.79456680891398 57.8
    endloop
  endfacet
  facet normal 0 0 1
    outer loop
      vertex 89.86888560652733 -82.74747014790773 60
      vertex 84.01947308636689 -80.91995791150676 60
      vertex 83.41995791150676 -81.51947308636689 60
    endloop
  endfacet
  facet normal -0.7771459614569688 0.62932039104984 0
    outer loop
      vertex 84.55303765443708 -80.26106054356903 57.8
      vertex 84.01947308636689 -80.91995791150676 60
      vertex 84.55303765443708 -80.26106054356903 60
    endloop
  endfacet
  facet normal -0.8386705679454272 0.5446390350150223 0
    outer loop
      vertex 85.01480577065395 -79.55 57.8
      vertex 84.55303765443708 -80.26106054356903 60
      vertex 85.01480577065395 -79.55 60
    endloop
  endfacet
  facet normal 0 0 1
    outer loop
      vertex 89.9671313688159 -82.12717077881098 60
      vertex 84.55303765443708 -80.26106054356903 60
      vertex 84.01947308636689 -80.91995791150676 60
    endloop
  endfacet
  facet normal 0 0 1
    outer loop
      vertex 90 -81.5 60
      vertex 85.01480577065395 -79.55 60
      vertex 84.55303765443708 -80.26106054356903 60
    endloop
  endfacet
  facet normal 0 0 1
    outer loop
      vertex 90 -81.5 60
      vertex 85.39971820690506 -78.79456680891398 60
      vertex 85.01480577065395 -79.55 60
    endloop
  endfacet
  facet normal 0 0 1
    outer loop
      vertex 90 -81.5 60
      vertex 85.70355778199074 -78.00303765443708 60
      vertex 85.39971820690506 -78.79456680891398 60
    endloop
  endfacet
  facet normal -0.9335804264972021 0.3583679495452997 0
    outer loop
      vertex 85.39971820690506 -78.79456680891398 57.8
      vertex 85.39971820690506 -78.79456680891398 60
      vertex 85.70355778199074 -78.00303765443708 57.8
    endloop
  endfacet
  facet normal -0.9659258262890682 0.258819045102521 0
    outer loop
      vertex 85.70355778199074 -78.00303765443708 57.8
      vertex 85.70355778199074 -78.00303765443708 60
      vertex 85.92299556594382 -77.18408469562385 57.8
    endloop
  endfacet
  facet normal -0.9876883405951371 0.1564344650402346 0
    outer loop
      vertex 85.92299556594382 -77.18408469562385 57.8
      vertex 85.92299556594382 -77.18408469562385 60
      vertex 86.05562735248301 -76.34668055246799 57.8
    endloop
  endfacet
  facet normal -0.891006524188367 0.45399049973954864 0
    outer loop
      vertex 85.39971820690506 -78.79456680891398 57.8
      vertex 85.01480577065395 -79.55 60
      vertex 85.39971820690506 -78.79456680891398 60
    endloop
  endfacet
  facet normal -0.9335804264972021 0.3583679495452997 0
    outer loop
      vertex 85.70355778199074 -78.00303765443708 57.8
      vertex 85.39971820690506 -78.79456680891398 60
      vertex 85.70355778199074 -78.00303765443708 60
    endloop
  endfacet
  facet normal -0.9659258262890682 0.258819045102521 0
    outer loop
      vertex 85.92299556594382 -77.18408469562385 57.8
      vertex 85.70355778199074 -78.00303765443708 60
      vertex 85.92299556594382 -77.18408469562385 60
    endloop
  endfacet
  facet normal -0.9876883405951371 0.1564344650402346 0
    outer loop
      vertex 86.05562735248301 -76.34668055246799 57.8
      vertex 85.92299556594382 -77.18408469562385 60
      vertex 86.05562735248301 -76.34668055246799 60
    endloop
  endfacet
  facet normal 0 0 1
    outer loop
      vertex 89.86888560652733 -82.74747014790773 60
      vertex 89.9671313688159 -82.12717077881098 60
      vertex 84.01947308636689 -80.91995791150676 60
    endloop
  endfacet
  facet normal 0 0 1
    outer loop
      vertex 89.9671313688159 -82.12717077881098 60
      vertex 90 -81.5 60
      vertex 84.55303765443708 -80.26106054356903 60
    endloop
  endfacet
  facet normal 0 0 1
    outer loop
      vertex 90 -81.5 60
      vertex 85.92299556594382 -77.18408469562385 60
      vertex 85.70355778199074 -78.00303765443708 60
    endloop
  endfacet
  facet normal 0 0 1
    outer loop
      vertex 90 -81.5 60
      vertex 86.05562735248301 -76.34668055246799 60
      vertex 85.92299556594382 -77.18408469562385 60
    endloop
  endfacet
  facet normal 0 0 1
    outer loop
      vertex 90 -81.5 60
      vertex 86.1 -75.5 60
      vertex 86.05562735248301 -76.34668055246799 60
    endloop
  endfacet
  facet normal 0 0 1
    outer loop
      vertex 90 -81.5 60
      vertex 86.05562735248301 -74.65331944753201 60
      vertex 86.1 -75.5 60
    endloop
  endfacet
  facet normal 0 0 1
    outer loop
      vertex 90 -81.5 60
      vertex 85.92299556594382 -73.81591530437615 60
      vertex 86.05562735248301 -74.65331944753201 60
    endloop
  endfacet
  facet normal 0 0 1
    outer loop
      vertex 81.15836550827892 -72.65619492297485 57.8
      vertex 81.43832222609353 -73.00191267775699 57.8
      vertex 81.29456680891398 -68.10028179309494 57.8
    endloop
  endfacet
  facet normal 0 0 1
    outer loop
      vertex 82.05 -82.51480577065395 57.8
      vertex 82.76106054356903 -68.94696234556292 57.8
      vertex 82.22671805531516 -75.94424596888753 57.8
    endloop
  endfacet
  facet normal 0 0 1
    outer loop
      vertex 84.01947308636689 -80.91995791150676 57.8
      vertex 84.55303765443708 -70.73893945643097 57.8
      vertex 84.01947308636689 -70.08004208849324 57.8
    endloop
  endfacet
  facet normal 0 0 1
    outer loop
      vertex 82.22671805531516 -75.94424596888753 57.8
      vertex 82.76106054356903 -68.94696234556292 57.8
      vertex 82.25 -75.5 57.8
    endloop
  endfacet
  facet normal 0 0 1
    outer loop
      vertex 82.25 -75.5 57.8
      vertex 82.76106054356903 -68.94696234556292 57.8
      vertex 82.22671805531516 -75.05575403111247 57.8
    endloop
  endfacet
  facet normal 0 0 1
    outer loop
      vertex 82.22671805531516 -75.05575403111247 57.8
      vertex 82.76106054356903 -68.94696234556292 57.8
      vertex 82.15712730311867 -74.61637531402452 57.8
    endloop
  endfacet
  facet normal 0 0 1
    outer loop
      vertex 81.68060796608387 -73.375 57.8
      vertex 81.88256819498105 -73.77136926692785 57.8
      vertex 82.05 -68.48519422934605 57.8
    endloop
  endfacet
  facet normal 0 0 1
    outer loop
      vertex 82.0419901942544 -74.18667777390647 57.8
      vertex 82.15712730311867 -74.61637531402452 57.8
      vertex 82.05 -68.48519422934605 57.8
    endloop
  endfacet
  facet normal 0 0 1
    outer loop
      vertex 82.0419901942544 -74.18667777390647 57.8
      vertex 82.05 -68.48519422934605 57.8
      vertex 81.88256819498105 -73.77136926692785 57.8
    endloop
  endfacet
  facet normal 0 0 1
    outer loop
      vertex 81.68060796608387 -73.375 57.8
      vertex 82.05 -68.48519422934605 57.8
      vertex 81.43832222609353 -73.00191267775699 57.8
    endloop
  endfacet
  facet normal 0 0 1
    outer loop
      vertex 82.76106054356903 -82.05303765443708 57.8
      vertex 83.41995791150676 -69.48052691363311 57.8
      vertex 82.76106054356903 -68.94696234556292 57.8
    endloop
  endfacet
  facet normal 0 0 1
    outer loop
      vertex 83.41995791150676 -81.51947308636689 57.8
      vertex 84.01947308636689 -70.08004208849324 57.8
      vertex 83.41995791150676 -69.48052691363311 57.8
    endloop
  endfacet
  facet normal 0 0 1
    outer loop
      vertex 78.88362468597548 -71.34287269688133 57.8
      vertex 79.31332222609353 -71.4580098057456 57.8
      vertex 79.68408469562385 -67.57700443405618 57.8
    endloop
  endfacet
  facet normal 0 0 1
    outer loop
      vertex 79.72863073307215 -71.61743180501895 57.8
      vertex 80.125 -71.81939203391613 57.8
      vertex 80.50303765443708 -67.79644221800926 57.8
    endloop
  endfacet
  facet normal 0 0 1
    outer loop
      vertex 79.31332222609353 -71.4580098057456 57.8
      vertex 79.72863073307215 -71.61743180501895 57.8
      vertex 79.68408469562385 -67.57700443405618 57.8
    endloop
  endfacet
  facet normal 0 0 1
    outer loop
      vertex 78.88362468597548 -71.34287269688133 57.8
      vertex 79.68408469562385 -67.57700443405618 57.8
      vertex 78.84668055246799 -67.44437264751699 57.8
    endloop
  endfacet
  facet normal 0 0 1
    outer loop
      vertex 79.72863073307215 -71.61743180501895 57.8
      vertex 80.50303765443708 -67.79644221800926 57.8
      vertex 79.68408469562385 -67.57700443405618 57.8
    endloop
  endfacet
  facet normal 0 0 1
    outer loop
      vertex 80.49808732224301 -72.06167777390647 57.8
      vertex 80.50303765443708 -67.79644221800926 57.8
      vertex 80.125 -71.81939203391613 57.8
    endloop
  endfacet
  facet normal 0 0 1
    outer loop
      vertex 80.49808732224301 -72.06167777390647 57.8
      vertex 80.84380507702515 -72.34163449172108 57.8
      vertex 80.50303765443708 -67.79644221800926 57.8
    endloop
  endfacet
  facet normal 0 0 1
    outer loop
      vertex 81.15836550827892 -72.65619492297485 57.8
      vertex 81.29456680891398 -68.10028179309494 57.8
      vertex 80.84380507702515 -72.34163449172108 57.8
    endloop
  endfacet
  facet normal 0 0 1
    outer loop
      vertex 80.50303765443708 -67.79644221800926 57.8
      vertex 80.84380507702515 -72.34163449172108 57.8
      vertex 81.29456680891398 -68.10028179309494 57.8
    endloop
  endfacet
  facet normal 0 0 1
    outer loop
      vertex 81.43832222609353 -73.00191267775699 57.8
      vertex 82.05 -68.48519422934605 57.8
      vertex 81.29456680891398 -68.10028179309494 57.8
    endloop
  endfacet
  facet normal 0 0 1
    outer loop
      vertex 82.15712730311867 -74.61637531402452 57.8
      vertex 82.76106054356903 -68.94696234556292 57.8
      vertex 82.05 -68.48519422934605 57.8
    endloop
  endfacet
  facet normal -0.1564344650402346 -0.9876883405951371 0
    outer loop
      vertex 78.84668055246799 -67.44437264751699 57.8
      vertex 79.68408469562385 -67.57700443405618 57.8
      vertex 79.68408469562385 -67.57700443405618 60
    endloop
  endfacet
  facet normal -0.258819045102521 -0.9659258262890682 0
    outer loop
      vertex 79.68408469562385 -67.57700443405618 57.8
      vertex 80.50303765443708 -67.79644221800926 57.8
      vertex 80.50303765443708 -67.79644221800926 60
    endloop
  endfacet
  facet normal -0.3583679495452997 -0.9335804264972021 0
    outer loop
      vertex 80.50303765443708 -67.79644221800926 57.8
      vertex 81.29456680891398 -68.10028179309494 57.8
      vertex 81.29456680891398 -68.10028179309494 60
    endloop
  endfacet
  facet normal -0.1564344650402346 -0.9876883405951371 0
    outer loop
      vertex 78.84668055246799 -67.44437264751699 57.8
      vertex 79.68408469562385 -67.57700443405618 60
      vertex 78.84668055246799 -67.44437264751699 60
    endloop
  endfacet
  facet normal -0.258819045102521 -0.9659258262890682 0
    outer loop
      vertex 79.68408469562385 -67.57700443405618 57.8
      vertex 80.50303765443708 -67.79644221800926 60
      vertex 79.68408469562385 -67.57700443405618 60
    endloop
  endfacet
  facet normal 0 0 1
    outer loop
      vertex 76.824108466506 -63.561625860631466 60
      vertex 79.68408469562385 -67.57700443405618 60
      vertex 80.50303765443708 -67.79644221800926 60
    endloop
  endfacet
  facet normal 0 0 1
    outer loop
      vertex 77.92154992371798 -63.504111394286156 60
      vertex 80.50303765443708 -67.79644221800926 60
      vertex 81.29456680891398 -68.10028179309494 60
    endloop
  endfacet
  facet normal -0.3583679495452997 -0.9335804264972021 0
    outer loop
      vertex 80.50303765443708 -67.79644221800926 57.8
      vertex 81.29456680891398 -68.10028179309494 60
      vertex 80.50303765443708 -67.79644221800926 60
    endloop
  endfacet
  facet normal -0.45399049973954864 -0.891006524188367 0
    outer loop
      vertex 81.29456680891398 -68.10028179309494 57.8
      vertex 82.05 -68.48519422934605 60
      vertex 81.29456680891398 -68.10028179309494 60
    endloop
  endfacet
  facet normal 0 0 1
    outer loop
      vertex 79.17589140683413 -63.561625853180885 60
      vertex 82.05 -68.48519422934605 60
      vertex 82.76106054356903 -68.94696234556292 60
    endloop
  endfacet
  facet normal 0 0 1
    outer loop
      vertex 79.17589140683413 -63.561625853180885 60
      vertex 81.29456680891398 -68.10028179309494 60
      vertex 82.05 -68.48519422934605 60
    endloop
  endfacet
  facet normal -0.5446390350150223 -0.8386705679454272 0
    outer loop
      vertex 82.05 -68.48519422934605 57.8
      vertex 82.76106054356903 -68.94696234556292 57.8
      vertex 82.76106054356903 -68.94696234556292 60
    endloop
  endfacet
  facet normal -0.7071067811865476 -0.7071067811865476 0
    outer loop
      vertex 84.01947308636689 -70.08004208849324 57.8
      vertex 84.01947308636689 -70.08004208849324 60
      vertex 83.41995791150676 -69.48052691363311 57.8
    endloop
  endfacet
  facet normal -0.62932039104984 -0.7771459614569688 0
    outer loop
      vertex 82.76106054356903 -68.94696234556292 57.8
      vertex 83.41995791150676 -69.48052691363311 57.8
      vertex 83.41995791150676 -69.48052691363311 60
    endloop
  endfacet
  facet normal -0.5446390350150223 -0.8386705679454272 0
    outer loop
      vertex 82.05 -68.48519422934605 57.8
      vertex 82.76106054356903 -68.94696234556292 60
      vertex 82.05 -68.48519422934605 60
    endloop
  endfacet
  facet normal -0.7771459614569688 -0.62932039104984 0
    outer loop
      vertex 84.01947308636689 -70.08004208849324 57.8
      vertex 84.55303765443708 -70.73893945643097 60
      vertex 84.01947308636689 -70.08004208849324 60
    endloop
  endfacet
  facet normal -0.62932039104984 -0.7771459614569688 0
    outer loop
      vertex 82.76106054356903 -68.94696234556292 57.8
      vertex 83.41995791150676 -69.48052691363311 60
      vertex 82.76106054356903 -68.94696234556292 60
    endloop
  endfacet
  facet normal -0.7071067811865476 -0.7071067811865476 0
    outer loop
      vertex 83.41995791150676 -69.48052691363311 57.8
      vertex 84.01947308636689 -70.08004208849324 60
      vertex 83.41995791150676 -69.48052691363311 60
    endloop
  endfacet
  facet normal 0 0 1
    outer loop
      vertex 81.63232292979956 -64.06698954850435 60
      vertex 85.01480577065395 -71.45 60
      vertex 85.39971820690506 -72.20543319108602 60
    endloop
  endfacet
  facet normal 0 0 1
    outer loop
      vertex 81.63232292979956 -64.06698954850435 60
      vertex 84.55303765443708 -70.73893945643097 60
      vertex 85.01480577065395 -71.45 60
    endloop
  endfacet
  facet normal -0.45399049973954864 -0.891006524188367 0
    outer loop
      vertex 81.29456680891398 -68.10028179309494 57.8
      vertex 82.05 -68.48519422934605 57.8
      vertex 82.05 -68.48519422934605 60
    endloop
  endfacet
  facet normal 0 0 1
    outer loop
      vertex 80.41734971106052 -63.749939650297165 60
      vertex 82.76106054356903 -68.94696234556292 60
      vertex 83.41995791150676 -69.48052691363311 60
    endloop
  endfacet
  facet normal 0 0 1
    outer loop
      vertex 80.41734971106052 -63.749939650297165 60
      vertex 83.41995791150676 -69.48052691363311 60
      vertex 84.01947308636689 -70.08004208849324 60
    endloop
  endfacet
  facet normal 0 0 1
    outer loop
      vertex 80.41734971106052 -63.749939650297165 60
      vertex 84.01947308636689 -70.08004208849324 60
      vertex 80.5708212479949 -63.78256103396416 60
    endloop
  endfacet
  facet normal 0 0 1
    outer loop
      vertex 80.5708212479949 -63.78256103396416 60
      vertex 84.01947308636689 -70.08004208849324 60
      vertex 81.63232292979956 -64.06698954850435 60
    endloop
  endfacet
  facet normal 0 0 1
    outer loop
      vertex 81.63232292979956 -64.06698954850435 60
      vertex 84.01947308636689 -70.08004208849324 60
      vertex 84.55303765443708 -70.73893945643097 60
    endloop
  endfacet
  facet normal 0 0 1
    outer loop
      vertex 84.55303765443708 -80.26106054356903 57.8
      vertex 85.01480577065395 -71.45 57.8
      vertex 84.55303765443708 -70.73893945643097 57.8
    endloop
  endfacet
  facet normal 0 0 1
    outer loop
      vertex 85.70355778199074 -78.00303765443708 57.8
      vertex 85.92299556594382 -73.81591530437615 57.8
      vertex 85.70355778199074 -72.99696234556292 57.8
    endloop
  endfacet
  facet normal 0 0 1
    outer loop
      vertex 85.39971820690506 -78.79456680891398 57.8
      vertex 85.70355778199074 -72.99696234556292 57.8
      vertex 85.39971820690506 -72.20543319108602 57.8
    endloop
  endfacet
  facet normal 0 0 1
    outer loop
      vertex 85.01480577065395 -79.55 57.8
      vertex 85.39971820690506 -72.20543319108602 57.8
      vertex 85.01480577065395 -71.45 57.8
    endloop
  endfacet
  facet normal 0 0 1
    outer loop
      vertex 85.70355778199074 -78.00303765443708 57.8
      vertex 85.92299556594382 -77.18408469562385 57.8
      vertex 85.92299556594382 -73.81591530437615 57.8
    endloop
  endfacet
  facet normal 0 0 1
    outer loop
      vertex 85.92299556594382 -77.18408469562385 57.8
      vertex 86.05562735248301 -76.34668055246799 57.8
      vertex 86.05562735248301 -74.65331944753201 57.8
    endloop
  endfacet
  facet normal 0 0 1
    outer loop
      vertex 86.05562735248301 -76.34668055246799 57.8
      vertex 86.1 -75.5 57.8
      vertex 86.05562735248301 -74.65331944753201 57.8
    endloop
  endfacet
  facet normal 0 0 1
    outer loop
      vertex 85.92299556594382 -77.18408469562385 57.8
      vertex 86.05562735248301 -74.65331944753201 57.8
      vertex 85.92299556594382 -73.81591530437615 57.8
    endloop
  endfacet
  facet normal -0.9986295347545743 0.0523359562429368 0
    outer loop
      vertex 86.05562735248301 -76.34668055246799 57.8
      vertex 86.05562735248301 -76.34668055246799 60
      vertex 86.1 -75.5 57.8
    endloop
  endfacet
  facet normal -0.9986295347545743 -0.0523359562429368 0
    outer loop
      vertex 86.1 -75.5 57.8
      vertex 86.1 -75.5 60
      vertex 86.05562735248301 -74.65331944753201 57.8
    endloop
  endfacet
  facet normal -0.9876883405951371 -0.1564344650402346 0
    outer loop
      vertex 86.05562735248301 -74.65331944753201 57.8
      vertex 86.05562735248301 -74.65331944753201 60
      vertex 85.92299556594382 -73.81591530437615 57.8
    endloop
  endfacet
  facet normal -0.9986295347545743 0.0523359562429368 0
    outer loop
      vertex 86.1 -75.5 57.8
      vertex 86.05562735248301 -76.34668055246799 60
      vertex 86.1 -75.5 60
    endloop
  endfacet
  facet normal 0 0 1
    outer loop
      vertex 90 -81.5 60
      vertex 85.39971820690506 -72.20543319108602 60
      vertex 85.70355778199074 -72.99696234556292 60
    endloop
  endfacet
  facet normal -0.9986295347545743 -0.0523359562429368 0
    outer loop
      vertex 86.05562735248301 -74.65331944753201 57.8
      vertex 86.1 -75.5 60
      vertex 86.05562735248301 -74.65331944753201 60
    endloop
  endfacet
  facet normal -0.9876883405951371 -0.1564344650402346 0
    outer loop
      vertex 85.92299556594382 -73.81591530437615 57.8
      vertex 86.05562735248301 -74.65331944753201 60
      vertex 85.92299556594382 -73.81591530437615 60
    endloop
  endfacet
  facet normal -0.9335804264972021 -0.3583679495452997 0
    outer loop
      vertex 85.39971820690506 -72.20543319108602 57.8
      vertex 85.70355778199074 -72.99696234556292 57.8
      vertex 85.70355778199074 -72.99696234556292 60
    endloop
  endfacet
  facet normal -0.8386705679454272 -0.5446390350150223 0
    outer loop
      vertex 84.55303765443708 -70.73893945643097 57.8
      vertex 85.01480577065395 -71.45 57.8
      vertex 85.01480577065395 -71.45 60
    endloop
  endfacet
  facet normal -0.891006524188367 -0.45399049973954864 0
    outer loop
      vertex 85.39971820690506 -72.20543319108602 57.8
      vertex 85.39971820690506 -72.20543319108602 60
      vertex 85.01480577065395 -71.45 57.8
    endloop
  endfacet
  facet normal -0.9659258262890682 -0.258819045102521 0
    outer loop
      vertex 85.92299556594382 -73.81591530437615 57.8
      vertex 85.92299556594382 -73.81591530437615 60
      vertex 85.70355778199074 -72.99696234556292 57.8
    endloop
  endfacet
  facet normal -0.9659258262890682 -0.258819045102521 0
    outer loop
      vertex 85.70355778199074 -72.99696234556292 57.8
      vertex 85.92299556594382 -73.81591530437615 60
      vertex 85.70355778199074 -72.99696234556292 60
    endloop
  endfacet
  facet normal -0.9335804264972021 -0.3583679495452997 0
    outer loop
      vertex 85.39971820690506 -72.20543319108602 57.8
      vertex 85.70355778199074 -72.99696234556292 60
      vertex 85.39971820690506 -72.20543319108602 60
    endloop
  endfacet
  facet normal 0 0 1
    outer loop
      vertex 90 -81.5 60
      vertex 81.63232292979956 -64.06698954850435 60
      vertex 85.39971820690506 -72.20543319108602 60
    endloop
  endfacet
  facet normal -0.891006524188367 -0.45399049973954864 0
    outer loop
      vertex 85.01480577065395 -71.45 57.8
      vertex 85.39971820690506 -72.20543319108602 60
      vertex 85.01480577065395 -71.45 60
    endloop
  endfacet
  facet normal 0 0 1
    outer loop
      vertex 90 -81.5 60
      vertex 85.70355778199074 -72.99696234556292 60
      vertex 85.92299556594382 -73.81591530437615 60
    endloop
  endfacet
  facet normal -0.7771459614569688 -0.62932039104984 0
    outer loop
      vertex 84.55303765443708 -70.73893945643097 57.8
      vertex 84.55303765443708 -70.73893945643097 60
      vertex 84.01947308636689 -70.08004208849324 57.8
    endloop
  endfacet
  facet normal -0.8386705679454272 -0.5446390350150223 0
    outer loop
      vertex 84.55303765443708 -70.73893945643097 57.8
      vertex 85.01480577065395 -71.45 60
      vertex 84.55303765443708 -70.73893945643097 60
    endloop
  endfacet
  facet normal 0 0 1
    outer loop
      vertex 90 -81.5 60
      vertex 81.78154395520687 -64.11547439545393 60
      vertex 81.63232292979956 -64.06698954850435 60
    endloop
  endfacet
  facet normal 0 0 1
    outer loop
      vertex 90 -81.5 60
      vertex 82.22354287654161 -64.26753835380077 60
      vertex 81.92489616572857 -64.17050215601921 60
    endloop
  endfacet
  facet normal 0 0 1
    outer loop
      vertex 90 -81.5 60
      vertex 81.92489616572857 -64.17050215601921 60
      vertex 81.78154395520687 -64.11547439545393 60
    endloop
  endfacet
  facet normal 0 0 1
    outer loop
      vertex 90 -81.5 60
      vertex 82.53069662302732 -64.33282589167356 60
      vertex 82.22354287654161 -64.26753835380077 60
    endloop
  endfacet
  facet normal 0 0 1
    outer loop
      vertex 90 -81.5 60
      vertex 83.15700788795948 -64.36564947664738 60
      vertex 82.84299214929342 -64.36564947664738 60
    endloop
  endfacet
  facet normal 0 0 1
    outer loop
      vertex 90 -81.5 60
      vertex 82.84299214929342 -64.36564947664738 60
      vertex 82.53069662302732 -64.33282589167356 60
    endloop
  endfacet
  facet normal 0 0 1
    outer loop
      vertex 90 -81.5 60
      vertex 83.46930341422558 -64.33282589167356 60
      vertex 83.15700788795948 -64.36564947664738 60
    endloop
  endfacet
  facet normal 0 0 1
    outer loop
      vertex 90 -81.5 60
      vertex 83.77645715326071 -64.2675383463502 60
      vertex 83.46930341422558 -64.33282589167356 60
    endloop
  endfacet
  facet normal 0 0 1
    outer loop
      vertex 90 -81.5 60
      vertex 84.07510386407375 -64.17050214111805 60
      vertex 83.77645715326071 -64.2675383463502 60
    endloop
  endfacet
  facet normal 0 0 1
    outer loop
      vertex 90 -81.5 60
      vertex 84.36197151243687 -64.04278043657541 60
      vertex 84.07510386407375 -64.17050214111805 60
    endloop
  endfacet
  facet normal 0 0 1
    outer loop
      vertex 90 -81.5 60
      vertex 84.63391711562872 -63.885772563517094 60
      vertex 84.36197151243687 -64.04278043657541 60
    endloop
  endfacet
  facet normal 0 0 1
    outer loop
      vertex 90 -81.5 60
      vertex 84.8879611864686 -63.70119874179363 60
      vertex 84.63391711562872 -63.885772563517094 60
    endloop
  endfacet
  facet normal 0 0 1
    outer loop
      vertex 90 -81.5 60
      vertex 85.12132035195827 -63.491081200540066 60
      vertex 84.8879611864686 -63.70119874179363 60
    endloop
  endfacet
  facet normal 0 0 1
    outer loop
      vertex 90 -81.5 60
      vertex 85.33143789321184 -63.25772203505039 60
      vertex 85.12132035195827 -63.491081200540066 60
    endloop
  endfacet
  facet normal 0 0 1
    outer loop
      vertex 90 -81.5 60
      vertex 85.5160117149353 -63.00367796421051 60
      vertex 85.33143789321184 -63.25772203505039 60
    endloop
  endfacet
  facet normal 0 0 1
    outer loop
      vertex 90 -81.5 60
      vertex 85.67301958054304 -62.73173235356808 60
      vertex 85.5160117149353 -63.00367796421051 60
    endloop
  endfacet
  facet normal 0 0 1
    outer loop
      vertex 90 -81.5 60
      vertex 85.80074128508568 -62.444864705204964 60
      vertex 85.67301958054304 -62.73173235356808 60
    endloop
  endfacet
  facet normal 0 0 1
    outer loop
      vertex 90 -81.5 60
      vertex 85.89777748286724 -62.14621799439192 60
      vertex 85.80074128508568 -62.444864705204964 60
    endloop
  endfacet
  facet normal 0 0 1
    outer loop
      vertex 90 -81.5 60
      vertex 85.96306502074003 -61.83906424790621 60
      vertex 85.89777748286724 -62.14621799439192 60
    endloop
  endfacet
  facet normal 0 0 1
    outer loop
      vertex 90 -81.5 60
      vertex 85.99588860571384 -61.52676872164011 60
      vertex 85.96306502074003 -61.83906424790621 60
    endloop
  endfacet
  facet normal 0 0 1
    outer loop
      vertex 90 -81.5 60
      vertex 86 -61.36976087093353 60
      vertex 85.99588860571384 -61.52676872164011 60
    endloop
  endfacet
  facet normal 0 0 1
    outer loop
      vertex 73.04916489869356 -64.57311893254519 60
      vertex 76.31591530437615 -67.57700443405618 60
      vertex 73.1925001963973 -64.50930194556713 60
    endloop
  endfacet
  facet normal 0 0 1
    outer loop
      vertex 73.1925001963973 -64.50930194556713 60
      vertex 76.31591530437615 -67.57700443405618 60
      vertex 74.2184560149908 -64.11547440290451 60
    endloop
  endfacet
  facet normal 0 0 1
    outer loop
      vertex 74.2184560149908 -64.11547440290451 60
      vertex 78 -67.4 60
      vertex 74.36767707765102 -64.06698954105377 60
    endloop
  endfacet
  facet normal 0 0 1
    outer loop
      vertex 74.36767707765102 -64.06698954105377 60
      vertex 78 -67.4 60
      vertex 75.42917874455452 -63.78256103396416 60
    endloop
  endfacet
  facet normal 0 0 1
    outer loop
      vertex 75.5826502814889 -63.749939650297165 60
      vertex 75.42917874455452 -63.78256103396416 60
      vertex 78.84668055246799 -67.44437264751699 60
    endloop
  endfacet
  facet normal 0 0 1
    outer loop
      vertex 75.5826502814889 -63.749939650297165 60
      vertex 78.84668055246799 -67.44437264751699 60
      vertex 76.66806792467833 -63.57802638411522 60
    endloop
  endfacet
  facet normal 0 0 1
    outer loop
      vertex 76.66806792467833 -63.57802638411522 60
      vertex 79.68408469562385 -67.57700443405618 60
      vertex 76.824108466506 -63.561625860631466 60
    endloop
  endfacet
  facet normal 0 0 1
    outer loop
      vertex 76.824108466506 -63.561625860631466 60
      vertex 80.50303765443708 -67.79644221800926 60
      vertex 77.92154992371798 -63.504111394286156 60
    endloop
  endfacet
  facet normal 0 0 1
    outer loop
      vertex 77.92154992371798 -63.504111394286156 60
      vertex 81.29456680891398 -68.10028179309494 60
      vertex 78.07845007628202 -63.504111394286156 60
    endloop
  endfacet
  facet normal 0 0 1
    outer loop
      vertex 78.07845007628202 -63.504111394286156 60
      vertex 81.29456680891398 -68.10028179309494 60
      vertex 79.17589140683413 -63.561625853180885 60
    endloop
  endfacet
  facet normal 0 0 1
    outer loop
      vertex 79.33193218708038 -63.57802639901638 60
      vertex 79.17589140683413 -63.561625853180885 60
      vertex 82.76106054356903 -68.94696234556292 60
    endloop
  endfacet
  facet normal 0 0 1
    outer loop
      vertex 79.33193218708038 -63.57802639901638 60
      vertex 82.76106054356903 -68.94696234556292 60
      vertex 80.41734971106052 -63.749939650297165 60
    endloop
  endfacet
  facet normal 0 0 1
    outer loop
      vertex 90 -81.5 60
      vertex 86 61.36976087093353 60
      vertex 86 -61.36976087093353 60
    endloop
  endfacet
  facet normal 0 0 1
    outer loop
      vertex -74.21845606714487 -64.11547438800335 2
      vertex 66.61547440290451 71.7184560149908 2
      vertex 66.56698954105377 71.86767707765102 2
    endloop
  endfacet
  facet normal 0 0 1
    outer loop
      vertex -74.36767706274986 -64.06698954850435 2
      vertex 66.56698954105377 71.86767707765102 2
      vertex 66.28256103396416 72.92917874455452 2
    endloop
  endfacet
  facet normal 0 0 1
    outer loop
      vertex -71.93411602079868 -65.15048070251942 2
      vertex 69.91488402336836 66.63781078159809 2
      vertex 69.13781078904867 67.41488401591778 2
    endloop
  endfacet
  facet normal 0 0 1
    outer loop
      vertex -71.93411602079868 -65.15048070251942 2
      vertex 68.3412339836359 68.38552622497082 2
      vertex 68.24901052564383 68.51246091723442 2
    endloop
  endfacet
  facet normal 0 0 1
    outer loop
      vertex -71.93411602079868 -65.15048070251942 2
      vertex 68.24901052564383 68.51246091723442 2
      vertex 67.65048070251942 69.43411602079868 2
    endloop
  endfacet
  facet normal 0 0 1
    outer loop
      vertex -71.93411602079868 -65.15048070251942 2
      vertex 69.13781078904867 67.41488401591778 2
      vertex 69.03282410651445 67.53148353844881 2
    endloop
  endfacet
  facet normal 0 0 1
    outer loop
      vertex -71.93411602079868 -65.15048070251942 2
      vertex 69.03282410651445 67.53148353844881 2
      vertex 68.3412339836359 68.38552622497082 2
    endloop
  endfacet
  facet normal 0 0 1
    outer loop
      vertex -73.04916489869356 -64.57311893254519 2
      vertex 67.07311893254519 70.54916489869356 2
      vertex 67.00930194556713 70.6925001963973 2
    endloop
  endfacet
  facet normal 0 0 1
    outer loop
      vertex -73.19250015169382 -64.50930196791887 2
      vertex 67.00930194556713 70.6925001963973 2
      vertex 66.61547440290451 71.7184560149908 2
    endloop
  endfacet
  facet normal 0 0 1
    outer loop
      vertex -72.06999537348747 -65.07203072309494 2
      vertex 67.57203072309494 69.56999537348747 2
      vertex 67.07311893254519 70.54916489869356 2
    endloop
  endfacet
  facet normal 0 0 1
    outer loop
      vertex -71.93411602079868 -65.15048070251942 2
      vertex 67.65048070251942 69.43411602079868 2
      vertex 67.57203072309494 69.56999537348747 2
    endloop
  endfacet
  facet normal 0 0 1
    outer loop
      vertex -75.5826502814889 -63.749939650297165 2
      vertex 66.24993965029716 73.0826502814889 2
      vertex 66.07802638411522 74.16806792467833 2
    endloop
  endfacet
  facet normal 0 0 1
    outer loop
      vertex -75.42917874455452 -63.78256103396416 2
      vertex 66.28256103396416 72.92917874455452 2
      vertex 66.24993965029716 73.0826502814889 2
    endloop
  endfacet
  facet normal 0 0 1
    outer loop
      vertex -71.01246091723442 -65.74901052564383 2
      vertex 71.93411602079868 65.15048070251942 2
      vertex 71.01246091723442 65.74901052564383 2
    endloop
  endfacet
  facet normal 0 0 1
    outer loop
      vertex -66.61547440290451 -71.7184560149908 2
      vertex 74.21845606714487 64.11547438800335 2
      vertex 73.19250015169382 64.50930196791887 2
    endloop
  endfacet
  facet normal 0 0 1
    outer loop
      vertex -66.56698954105377 -71.86767707765102 2
      vertex 74.36767706274986 64.06698954850435 2
      vertex 74.21845606714487 64.11547438800335 2
    endloop
  endfacet
  facet normal 0 0 1
    outer loop
      vertex -66.28256103396416 -72.92917874455452 2
      vertex 75.42917874455452 63.78256103396416 2
      vertex 74.36767706274986 64.06698954850435 2
    endloop
  endfacet
  facet normal 0 0 1
    outer loop
      vertex -67.07311893254519 -70.54916489869356 2
      vertex 73.04916489869356 64.57311893254519 2
      vertex 72.06999537348747 65.07203072309494 2
    endloop
  endfacet
  facet normal 0 0 1
    outer loop
      vertex -67.57203072309494 -69.56999537348747 2
      vertex 72.06999537348747 65.07203072309494 2
      vertex 71.93411602079868 65.15048070251942 2
    endloop
  endfacet
  facet normal 0 0 1
    outer loop
      vertex -67.00930194556713 -70.6925001963973 2
      vertex 73.19250015169382 64.50930196791887 2
      vertex 73.04916489869356 64.57311893254519 2
    endloop
  endfacet
  facet normal 0 0 1
    outer loop
      vertex -66.24993965029716 -73.0826502814889 2
      vertex 75.5826502814889 63.749939650297165 2
      vertex 75.42917874455452 63.78256103396416 2
    endloop
  endfacet
  facet normal 0 0 -1
    outer loop
      vertex -78.88362468597548 -71.34287269688133 0
      vertex 74.84163449172108 72.65619492297485 0
      vertex 75.15619492297485 72.34163449172108 0
    endloop
  endfacet
  facet normal 0 0 -1
    outer loop
      vertex -78.88362468597548 -71.34287269688133 0
      vertex 75.50191267775699 72.06167777390647 0
      vertex 75.875 71.81939203391613 0
    endloop
  endfacet
  facet normal 0 0 -1
    outer loop
      vertex -78.88362468597548 -71.34287269688133 0
      vertex 75.15619492297485 72.34163449172108 0
      vertex 75.50191267775699 72.06167777390647 0
    endloop
  endfacet
  facet normal 0 0 -1
    outer loop
      vertex -78.88362468597548 -71.34287269688133 0
      vertex 75.875 71.81939203391613 0
      vertex 76.27136926692785 71.61743180501895 0
    endloop
  endfacet
  facet normal 0 0 -1
    outer loop
      vertex -78.88362468597548 -71.34287269688133 0
      vertex 76.27136926692785 71.61743180501895 0
      vertex 76.68667777390647 71.4580098057456 0
    endloop
  endfacet
  facet normal 0 0 -1
    outer loop
      vertex -78.88362468597548 -71.34287269688133 0
      vertex 76.68667777390647 71.4580098057456 0
      vertex 77.11637531402452 71.34287269688133 0
    endloop
  endfacet
  facet normal 0 0 -1
    outer loop
      vertex -78.88362468597548 -71.34287269688133 0
      vertex 77.11637531402452 71.34287269688133 0
      vertex 77.55575403111247 71.27328194468484 0
    endloop
  endfacet
  facet normal 0 0 -1
    outer loop
      vertex -78.88362468597548 -71.34287269688133 0
      vertex 74.56167777390647 73.00191267775699 0
      vertex 74.84163449172108 72.65619492297485 0
    endloop
  endfacet
  facet normal 0 0 -1
    outer loop
      vertex -78.88362468597548 -71.34287269688133 0
      vertex 74.31939203391613 73.375 0
      vertex 74.56167777390647 73.00191267775699 0
    endloop
  endfacet
  facet normal 0 0 -1
    outer loop
      vertex -78.88362468597548 -71.34287269688133 0
      vertex 77.55575403111247 71.27328194468484 0
      vertex 78 71.25 0
    endloop
  endfacet
  facet normal 0 0 -1
    outer loop
      vertex -78.88362468597548 -71.34287269688133 0
      vertex 78 71.25 0
      vertex 78.44424596888753 71.27328194468484 0
    endloop
  endfacet
  facet normal 0 0 -1
    outer loop
      vertex -78.44424596888753 -71.27328194468484 0
      vertex 78.44424596888753 71.27328194468484 0
      vertex 78.88362468597548 71.34287269688133 0
    endloop
  endfacet
  facet normal 0 0 1
    outer loop
      vertex -71.93411602079868 -65.15048070251942 2
      vertex 70.88552622497082 65.8412339836359 2
      vertex 70.03148353099823 66.53282411396503 2
    endloop
  endfacet
  facet normal 0 0 1
    outer loop
      vertex -71.93411602079868 -65.15048070251942 2
      vertex 70.03148353099823 66.53282411396503 2
      vertex 69.91488402336836 66.63781078159809 2
    endloop
  endfacet
  facet normal 0 0 1
    outer loop
      vertex -71.93411602079868 -65.15048070251942 2
      vertex 71.01246091723442 65.74901052564383 2
      vertex 70.88552622497082 65.8412339836359 2
    endloop
  endfacet
  facet normal 0 0 1
    outer loop
      vertex -67.65048070251942 69.43411602079868 2
      vertex 66.07802638411522 74.16806792467833 2
      vertex 66.06162586063147 74.324108466506 2
    endloop
  endfacet
  facet normal 0 0 1
    outer loop
      vertex -67.65048070251942 69.43411602079868 2
      vertex 66.06162586063147 74.324108466506 2
      vertex 66.00411139428616 75.4215499162674 2
    endloop
  endfacet
  facet normal 0 0 1
    outer loop
      vertex -67.65048070251942 69.43411602079868 2
      vertex 66.00411139428616 75.4215499162674 2
      vertex 66.00411139428616 75.57845007628202 2
    endloop
  endfacet
  facet normal 0 0 1
    outer loop
      vertex -67.65048070251942 69.43411602079868 2
      vertex 66.00411139428616 75.57845007628202 2
      vertex 66.06162585318089 76.67589140683413 2
    endloop
  endfacet
  facet normal 0 0 1
    outer loop
      vertex -67.65048070251942 69.43411602079868 2
      vertex 66.06162585318089 76.67589140683413 2
      vertex 66.07802639901638 76.83193218708038 2
    endloop
  endfacet
  facet normal 0 0 1
    outer loop
      vertex -67.65048070251942 69.43411602079868 2
      vertex 66.07802639901638 76.83193218708038 2
      vertex 66.24993965029716 77.91734971106052 2
    endloop
  endfacet
  facet normal 0 0 1
    outer loop
      vertex -67.65048070251942 69.43411602079868 2
      vertex 66.24993965029716 77.91734971106052 2
      vertex 66.28256103396416 78.0708212479949 2
    endloop
  endfacet
  facet normal 0 0 1
    outer loop
      vertex -67.65048070251942 69.43411602079868 2
      vertex 66.28256103396416 78.0708212479949 2
      vertex 66.56698954850435 79.13232292979956 2
    endloop
  endfacet
  facet normal 0 0 1
    outer loop
      vertex -67.65048070251942 69.43411602079868 2
      vertex 66.61547439545393 79.28154395520687 2
      vertex 66.67050215601921 79.42489616572857 2
    endloop
  endfacet
  facet normal 0 0 1
    outer loop
      vertex -67.65048070251942 69.43411602079868 2
      vertex 66.56698954850435 79.13232292979956 2
      vertex 66.61547439545393 79.28154395520687 2
    endloop
  endfacet
  facet normal 0 0 1
    outer loop
      vertex -67.65048070251942 69.43411602079868 2
      vertex 66.67050215601921 79.42489616572857 2
      vertex 66.76753835380077 79.72354287654161 2
    endloop
  endfacet
  facet normal 0 0 1
    outer loop
      vertex -67.65048070251942 69.43411602079868 2
      vertex 66.76753835380077 79.72354287654161 2
      vertex 66.83282589167356 80.03069662302732 2
    endloop
  endfacet
  facet normal 0 0 -1
    outer loop
      vertex -90 81.5 0
      vertex 77.11637531402452 79.65712730311867 0
      vertex 76.68667777390647 79.5419901942544 0
    endloop
  endfacet
  facet normal 0 0 -1
    outer loop
      vertex -90 81.5 0
      vertex 77.55575403111247 79.72671805531516 0
      vertex 77.11637531402452 79.65712730311867 0
    endloop
  endfacet
  facet normal 0 0 -1
    outer loop
      vertex -90 81.5 0
      vertex 78 79.75 0
      vertex 77.55575403111247 79.72671805531516 0
    endloop
  endfacet
  facet normal 0 0 1
    outer loop
      vertex -67.65048070251942 69.43411602079868 2
      vertex 66.54278043657541 81.86197151243687 2
      vertex 66.3857725635171 82.13391711562872 2
    endloop
  endfacet
  facet normal 0 0 1
    outer loop
      vertex -67.65048070251942 69.43411602079868 2
      vertex 66.83282589167356 80.03069662302732 2
      vertex 66.86564947664738 80.34299214929342 2
    endloop
  endfacet
  facet normal 0 0 1
    outer loop
      vertex -67.65048070251942 69.43411602079868 2
      vertex 66.86564947664738 80.34299214929342 2
      vertex 66.86564947664738 80.65700788795948 2
    endloop
  endfacet
  facet normal 0 0 1
    outer loop
      vertex -67.65048070251942 69.43411602079868 2
      vertex 66.86564947664738 80.65700788795948 2
      vertex 66.83282589167356 80.96930341422558 2
    endloop
  endfacet
  facet normal 0 0 1
    outer loop
      vertex -67.65048070251942 69.43411602079868 2
      vertex 66.83282589167356 80.96930341422558 2
      vertex 66.7675383463502 81.27645715326071 2
    endloop
  endfacet
  facet normal 0 0 1
    outer loop
      vertex -67.65048070251942 69.43411602079868 2
      vertex 66.7675383463502 81.27645715326071 2
      vertex 66.67050214111805 81.57510386407375 2
    endloop
  endfacet
  facet normal 0 0 1
    outer loop
      vertex -67.65048070251942 69.43411602079868 2
      vertex 66.67050214111805 81.57510386407375 2
      vertex 66.54278043657541 81.86197151243687 2
    endloop
  endfacet
  facet normal 0 0 1
    outer loop
      vertex -67.65048070251942 69.43411602079868 2
      vertex 66.20119874179363 82.3879611864686 2
      vertex 65.99108120054007 82.62132035195827 2
    endloop
  endfacet
  facet normal 0 0 1
    outer loop
      vertex -67.65048070251942 69.43411602079868 2
      vertex 66.3857725635171 82.13391711562872 2
      vertex 66.20119874179363 82.3879611864686 2
    endloop
  endfacet
  facet normal 0 0 1
    outer loop
      vertex -66.29681185632944 82.26335575431585 2
      vertex 64.02676872164011 83.49588860571384 2
      vertex 63.86976087093353 83.5 2
    endloop
  endfacet
  facet normal 0 0 1
    outer loop
      vertex -66.29681185632944 82.26335575431585 2
      vertex 64.33906424790621 83.46306502074003 2
      vertex 64.02676872164011 83.49588860571384 2
    endloop
  endfacet
  facet normal 0 0 1
    outer loop
      vertex -66.29681185632944 82.26335575431585 2
      vertex 64.64621799439192 83.39777748286724 2
      vertex 64.33906424790621 83.46306502074003 2
    endloop
  endfacet
  facet normal 0 0 1
    outer loop
      vertex -66.7229304164648 81.42705098539591 2
      vertex 65.50367796421051 83.0160117149353 2
      vertex 65.23173235356808 83.17301958054304 2
    endloop
  endfacet
  facet normal 0 0 1
    outer loop
      vertex -66.7229304164648 81.42705098539591 2
      vertex 65.99108120054007 82.62132035195827 2
      vertex 65.75772203505039 82.83143789321184 2
    endloop
  endfacet
  facet normal 0 0 1
    outer loop
      vertex -66.7229304164648 81.42705098539591 2
      vertex 65.75772203505039 82.83143789321184 2
      vertex 65.50367796421051 83.0160117149353 2
    endloop
  endfacet
  facet normal 0 0 1
    outer loop
      vertex -66.29681185632944 82.26335575431585 2
      vertex 64.94486470520496 83.30074128508568 2
      vertex 64.64621799439192 83.39777748286724 2
    endloop
  endfacet
  facet normal 0 0 1
    outer loop
      vertex -66.29681185632944 82.26335575431585 2
      vertex 65.23173235356808 83.17301958054304 2
      vertex 64.94486470520496 83.30074128508568 2
    endloop
  endfacet
  facet normal 0 0 -1
    outer loop
      vertex -74.11743180501895 73.77136926692785 0
      vertex 74.11743180501895 73.77136926692785 0
      vertex 74.31939203391613 73.375 0
    endloop
  endfacet
  facet normal 0 0 -1
    outer loop
      vertex -73.9580098057456 74.18667777390647 0
      vertex 73.9580098057456 74.18667777390647 0
      vertex 74.11743180501895 73.77136926692785 0
    endloop
  endfacet
  facet normal 0 0 -1
    outer loop
      vertex -73.84287269688133 74.61637531402452 0
      vertex 73.84287269688133 74.61637531402452 0
      vertex 73.9580098057456 74.18667777390647 0
    endloop
  endfacet
  facet normal 0 0 -1
    outer loop
      vertex -73.77328194468484 75.05575403111247 0
      vertex 73.77328194468484 75.05575403111247 0
      vertex 73.84287269688133 74.61637531402452 0
    endloop
  endfacet
  facet normal 0 0 -1
    outer loop
      vertex -73.75 75.5 0
      vertex 73.75 75.5 0
      vertex 73.77328194468484 75.05575403111247 0
    endloop
  endfacet
  facet normal 0 0 -1
    outer loop
      vertex -73.77328194468484 75.94424596888753 0
      vertex 73.77328194468484 75.94424596888753 0
      vertex 73.75 75.5 0
    endloop
  endfacet
  facet normal 0 0 -1
    outer loop
      vertex -73.84287269688133 76.38362468597548 0
      vertex 73.84287269688133 76.38362468597548 0
      vertex 73.77328194468484 75.94424596888753 0
    endloop
  endfacet
  facet normal 0 0 -1
    outer loop
      vertex -73.9580098057456 76.81332222609353 0
      vertex 73.9580098057456 76.81332222609353 0
      vertex 73.84287269688133 76.38362468597548 0
    endloop
  endfacet
  facet normal 0 0 -1
    outer loop
      vertex -74.11743180501895 77.22863073307215 0
      vertex 74.11743180501895 77.22863073307215 0
      vertex 73.9580098057456 76.81332222609353 0
    endloop
  endfacet
  facet normal 0 0 -1
    outer loop
      vertex -74.31939203391613 77.625 0
      vertex 74.31939203391613 77.625 0
      vertex 74.11743180501895 77.22863073307215 0
    endloop
  endfacet
  facet normal 0 0 -1
    outer loop
      vertex -74.56167777390647 77.99808732224301 0
      vertex 74.56167777390647 77.99808732224301 0
      vertex 74.31939203391613 77.625 0
    endloop
  endfacet
  facet normal 0 0 -1
    outer loop
      vertex -74.84163449172108 78.34380507702515 0
      vertex 74.84163449172108 78.34380507702515 0
      vertex 74.56167777390647 77.99808732224301 0
    endloop
  endfacet
  facet normal 0 0 -1
    outer loop
      vertex -75.15619492297485 78.65836550827892 0
      vertex 75.15619492297485 78.65836550827892 0
      vertex 74.84163449172108 78.34380507702515 0
    endloop
  endfacet
  facet normal 0 0 -1
    outer loop
      vertex -75.50191267775699 78.93832222609353 0
      vertex 75.50191267775699 78.93832222609353 0
      vertex 75.15619492297485 78.65836550827892 0
    endloop
  endfacet
  facet normal 0 0 -1
    outer loop
      vertex -75.875 79.18060796608387 0
      vertex 75.875 79.18060796608387 0
      vertex 75.50191267775699 78.93832222609353 0
    endloop
  endfacet
  facet normal 0 0 -1
    outer loop
      vertex -76.27136926692785 79.38256819498105 0
      vertex 76.27136926692785 79.38256819498105 0
      vertex 75.875 79.18060796608387 0
    endloop
  endfacet
  facet normal 0 0 -1
    outer loop
      vertex -76.68667777390647 79.5419901942544 0
      vertex 76.68667777390647 79.5419901942544 0
      vertex 76.27136926692785 79.38256819498105 0
    endloop
  endfacet
  facet normal 0 0 -1
    outer loop
      vertex -90 81.5 0
      vertex 89.86888560652733 82.74747014790773 0
      vertex 78 79.75 0
    endloop
  endfacet
  facet normal 0 0 -1
    outer loop
      vertex -85.85410196334124 87.20633909851313 0
      vertex 84 87.5 0
      vertex 84.62717077881098 87.4671313688159 0
    endloop
  endfacet
  facet normal 0 0 -1
    outer loop
      vertex -87 86.69615242630243 0
      vertex 85.24747014790773 87.36888560652733 0
      vertex 85.85410196334124 87.20633909851313 0
    endloop
  endfacet
  facet normal 0 0 -1
    outer loop
      vertex -86.44041986018419 86.98127274215221 0
      vertex 84.62717077881098 87.4671313688159 0
      vertex 85.24747014790773 87.36888560652733 0
    endloop
  endfacet
  facet normal 0 1 0
    outer loop
      vertex -84 87.5 0
      vertex 84 87.5 2
      vertex 84 87.5 0
    endloop
  endfacet
  facet normal 0 0 -1
    outer loop
      vertex -89.70633909851313 83.35410196334124 0
      vertex 88.85410196334124 85.02671151608229 0
      vertex 89.19615242630243 84.5 0
    endloop
  endfacet
  facet normal 0 0 -1
    outer loop
      vertex -90 81.5 0
      vertex 89.70633909851313 83.35410196334124 0
      vertex 89.86888560652733 82.74747014790773 0
    endloop
  endfacet
  facet normal 0 0 -1
    outer loop
      vertex -89.9671313688159 82.12717077881098 0
      vertex 89.48127274215221 83.94041986018419 0
      vertex 89.70633909851313 83.35410196334124 0
    endloop
  endfacet
  facet normal 0 0 -1
    outer loop
      vertex -89.86888560652733 82.74747014790773 0
      vertex 89.19615242630243 84.5 0
      vertex 89.48127274215221 83.94041986018419 0
    endloop
  endfacet
  facet normal 0 0 -1
    outer loop
      vertex -89.19615242630243 84.5 0
      vertex 88.01478363573551 85.95886895060539 0
      vertex 88.45886895060539 85.51478363573551 0
    endloop
  endfacet
  facet normal 0 0 -1
    outer loop
      vertex -89.48127274215221 83.94041986018419 0
      vertex 88.45886895060539 85.51478363573551 0
      vertex 88.85410196334124 85.02671151608229 0
    endloop
  endfacet
  facet normal 0 0 -1
    outer loop
      vertex -88.85410196334124 85.02671151608229 0
      vertex 87.52671151608229 86.35410196334124 0
      vertex 88.01478363573551 85.95886895060539 0
    endloop
  endfacet
  facet normal 0 0 -1
    outer loop
      vertex -88.01478363573551 85.95886895060539 0
      vertex 86.44041986018419 86.98127274215221 0
      vertex 87 86.69615242630243 0
    endloop
  endfacet
  facet normal 0 0 -1
    outer loop
      vertex -88.45886895060539 85.51478363573551 0
      vertex 87 86.69615242630243 0
      vertex 87.52671151608229 86.35410196334124 0
    endloop
  endfacet
  facet normal 0 0 -1
    outer loop
      vertex -87.52671151608229 86.35410196334124 0
      vertex 85.85410196334124 87.20633909851313 0
      vertex 86.44041986018419 86.98127274215221 0
    endloop
  endfacet
  facet normal 0 -1 0
    outer loop
      vertex -63.86976087093353 83.5 2
      vertex 63.86976087093353 83.5 2
      vertex 63.86976087093353 83.5 60
    endloop
  endfacet
  facet normal 0 1 0
    outer loop
      vertex -84 87.5 2
      vertex 84 87.5 60
      vertex 84 87.5 2
    endloop
  endfacet
  facet normal 0 0 1
    outer loop
      vertex 75.5826502814889 -63.749939650297165 2
      vertex 76.66806780546904 63.57802639901638 2
      vertex 75.5826502814889 63.749939650297165 2
    endloop
  endfacet
  facet normal 0 0 1
    outer loop
      vertex 76.824108466506 -63.561625860631466 2
      vertex 77.92154992371798 63.504111394286156 2
      vertex 76.8241085857153 63.561625853180885 2
    endloop
  endfacet
  facet normal 0 0 1
    outer loop
      vertex 76.824108466506 -63.561625860631466 2
      vertex 76.8241085857153 63.561625853180885 2
      vertex 76.66806780546904 63.57802639901638 2
    endloop
  endfacet
  facet normal 0 0 1
    outer loop
      vertex 76.824108466506 -63.561625860631466 2
      vertex 78.07845007628202 63.504111394286156 2
      vertex 77.92154992371798 63.504111394286156 2
    endloop
  endfacet
  facet normal 0 0 -1
    outer loop
      vertex 90 -81.5 0
      vertex 78.88362468597548 71.34287269688133 0
      vertex 79.31332222609353 71.4580098057456 0
    endloop
  endfacet
  facet normal 0 0 -1
    outer loop
      vertex 90 -81.5 0
      vertex 79.31332222609353 71.4580098057456 0
      vertex 79.72863073307215 71.61743180501895 0
    endloop
  endfacet
  facet normal 0 0 -1
    outer loop
      vertex 90 -81.5 0
      vertex 79.72863073307215 71.61743180501895 0
      vertex 80.125 71.81939203391613 0
    endloop
  endfacet
  facet normal 0 0 -1
    outer loop
      vertex 90 -81.5 0
      vertex 80.125 71.81939203391613 0
      vertex 80.49808732224301 72.06167777390647 0
    endloop
  endfacet
  facet normal 0 0 -1
    outer loop
      vertex 90 -81.5 0
      vertex 80.49808732224301 72.06167777390647 0
      vertex 80.84380507702515 72.34163449172108 0
    endloop
  endfacet
  facet normal 0 0 -1
    outer loop
      vertex 90 -81.5 0
      vertex 80.84380507702515 72.34163449172108 0
      vertex 81.15836550827892 72.65619492297485 0
    endloop
  endfacet
  facet normal 0 0 -1
    outer loop
      vertex 90 -81.5 0
      vertex 81.15836550827892 72.65619492297485 0
      vertex 81.43832222609353 73.00191267775699 0
    endloop
  endfacet
  facet normal 0 0 -1
    outer loop
      vertex 90 -81.5 0
      vertex 81.43832222609353 73.00191267775699 0
      vertex 81.68060796608387 73.375 0
    endloop
  endfacet
  facet normal 0 0 1
    outer loop
      vertex 79.17589140683413 -63.561625853180885 2
      vertex 79.17589152604342 63.561625860631466 2
      vertex 78.07845007628202 63.504111394286156 2
    endloop
  endfacet
  facet normal 0 0 1
    outer loop
      vertex 79.33193218708038 -63.57802639901638 2
      vertex 79.3319320678711 63.57802638411522 2
      vertex 79.17589152604342 63.561625860631466 2
    endloop
  endfacet
  facet normal 0 0 1
    outer loop
      vertex 79.33193218708038 -63.57802639901638 2
      vertex 80.41734971106052 63.749939650297165 2
      vertex 79.3319320678711 63.57802638411522 2
    endloop
  endfacet
  facet normal 0 0 1
    outer loop
      vertex 80.41734971106052 -63.749939650297165 2
      vertex 80.5708212479949 63.78256103396416 2
      vertex 80.41734971106052 63.749939650297165 2
    endloop
  endfacet
  facet normal 0 0 1
    outer loop
      vertex 80.5708212479949 -63.78256103396416 2
      vertex 81.6323229148984 64.06698954105377 2
      vertex 80.5708212479949 63.78256103396416 2
    endloop
  endfacet
  facet normal 0 0 1
    outer loop
      vertex 81.78154395520687 -64.11547439545393 2
      vertex 81.7815439850092 64.11547441035509 2
      vertex 81.6323229148984 64.06698954105377 2
    endloop
  endfacet
  facet normal 0 0 1
    outer loop
      vertex 81.78154395520687 -64.11547439545393 2
      vertex 81.92489618808031 64.17050216346979 2
      vertex 81.7815439850092 64.11547441035509 2
    endloop
  endfacet
  facet normal 0 0 1
    outer loop
      vertex 81.78154395520687 -64.11547439545393 2
      vertex 82.07294901460409 64.2229304164648 2
      vertex 81.92489618808031 64.17050216346979 2
    endloop
  endfacet
  facet normal 0 0 1
    outer loop
      vertex 81.78154395520687 -64.11547439545393 2
      vertex 82.37626492977142 64.3042036741972 2
      vertex 82.07294901460409 64.2229304164648 2
    endloop
  endfacet
  facet normal 0 0 1
    outer loop
      vertex 81.78154395520687 -64.11547439545393 2
      vertex 82.68641460686922 64.35332655906677 2
      vertex 82.37626492977142 64.3042036741972 2
    endloop
  endfacet
  facet normal 0 0 1
    outer loop
      vertex 81.78154395520687 -64.11547439545393 2
      vertex 83 64.36976087093353 2
      vertex 82.68641460686922 64.35332655906677 2
    endloop
  endfacet
  facet normal 0 0 1
    outer loop
      vertex 81.78154395520687 -64.11547439545393 2
      vertex 83.62373507022858 64.3042036741972 2
      vertex 83.31358539313078 64.35332655906677 2
    endloop
  endfacet
  facet normal 0 0 1
    outer loop
      vertex 81.78154395520687 -64.11547439545393 2
      vertex 83.31358539313078 64.35332655906677 2
      vertex 83 64.36976087093353 2
    endloop
  endfacet
  facet normal 0 0 1
    outer loop
      vertex 81.78154395520687 -64.11547439545393 2
      vertex 85.7406363710761 62.58997079730034 2
      vertex 85.59807620942593 62.86976087093353 2
    endloop
  endfacet
  facet normal 0 0 1
    outer loop
      vertex 81.78154395520687 -64.11547439545393 2
      vertex 83.92705098539591 64.2229304164648 2
      vertex 83.62373507022858 64.3042036741972 2
    endloop
  endfacet
  facet normal 0 0 1
    outer loop
      vertex 81.78154395520687 -64.11547439545393 2
      vertex 84.2202099263668 64.11039724200964 2
      vertex 83.92705098539591 64.2229304164648 2
    endloop
  endfacet
  facet normal 0 0 1
    outer loop
      vertex 81.78154395520687 -64.11547439545393 2
      vertex 84.5 63.96783708035946 2
      vertex 84.2202099263668 64.11039724200964 2
    endloop
  endfacet
  facet normal 0 0 1
    outer loop
      vertex 81.78154395520687 -64.11547439545393 2
      vertex 85.2294344753027 63.37715268880129 2
      vertex 85.00739181786776 63.59919534623623 2
    endloop
  endfacet
  facet normal 0 0 1
    outer loop
      vertex 81.78154395520687 -64.11547439545393 2
      vertex 85.00739181786776 63.59919534623623 2
      vertex 84.76335575431585 63.79681185632944 2
    endloop
  endfacet
  facet normal 0 0 1
    outer loop
      vertex 81.78154395520687 -64.11547439545393 2
      vertex 85.42705098539591 63.133116625249386 2
      vertex 85.2294344753027 63.37715268880129 2
    endloop
  endfacet
  facet normal 0 0 1
    outer loop
      vertex 81.78154395520687 -64.11547439545393 2
      vertex 85.59807620942593 62.86976087093353 2
      vertex 85.42705098539591 63.133116625249386 2
    endloop
  endfacet
  facet normal 0 0 1
    outer loop
      vertex 81.78154395520687 -64.11547439545393 2
      vertex 84.76335575431585 63.79681185632944 2
      vertex 84.5 63.96783708035946 2
    endloop
  endfacet
  facet normal 0 0 1
    outer loop
      vertex 81.78154395520687 -64.11547439545393 2
      vertex 86 61.36976087093353 2
      vertex 85.98356568813324 61.68334626406431 2
    endloop
  endfacet
  facet normal 0 0 1
    outer loop
      vertex 81.78154395520687 -64.11547439545393 2
      vertex 85.93444280326366 61.99349594116211 2
      vertex 85.85316954553127 62.29681185632944 2
    endloop
  endfacet
  facet normal 0 0 1
    outer loop
      vertex 81.78154395520687 -64.11547439545393 2
      vertex 85.98356568813324 61.68334626406431 2
      vertex 85.93444280326366 61.99349594116211 2
    endloop
  endfacet
  facet normal 0 0 1
    outer loop
      vertex 81.78154395520687 -64.11547439545393 2
      vertex 85.85316954553127 62.29681185632944 2
      vertex 85.7406363710761 62.58997079730034 2
    endloop
  endfacet
  facet normal 0 0 -1
    outer loop
      vertex 90 -81.5 0
      vertex 81.68060796608387 73.375 0
      vertex 81.88256819498105 73.77136926692785 0
    endloop
  endfacet
  facet normal 0 0 -1
    outer loop
      vertex 90 -81.5 0
      vertex 81.88256819498105 73.77136926692785 0
      vertex 82.0419901942544 74.18667777390647 0
    endloop
  endfacet
  facet normal 0 0 -1
    outer loop
      vertex 90 -81.5 0
      vertex 82.0419901942544 74.18667777390647 0
      vertex 82.15712730311867 74.61637531402452 0
    endloop
  endfacet
  facet normal 0 0 -1
    outer loop
      vertex 90 -81.5 0
      vertex 82.15712730311867 74.61637531402452 0
      vertex 90 81.5 0
    endloop
  endfacet
  facet normal 1 0 0
    outer loop
      vertex 90 -81.5 2
      vertex 90 81.5 0
      vertex 90 81.5 2
    endloop
  endfacet
  facet normal 0 0 -1
    outer loop
      vertex 89.86888560652733 82.74747014790773 0
      vertex 79.31332222609353 79.5419901942544 0
      vertex 78.88362468597548 79.65712730311867 0
    endloop
  endfacet
  facet normal 0 0 -1
    outer loop
      vertex 89.86888560652733 82.74747014790773 0
      vertex 78.44424596888753 79.72671805531516 0
      vertex 78 79.75 0
    endloop
  endfacet
  facet normal 0 0 -1
    outer loop
      vertex 89.86888560652733 82.74747014790773 0
      vertex 78.88362468597548 79.65712730311867 0
      vertex 78.44424596888753 79.72671805531516 0
    endloop
  endfacet
  facet normal 0 0 -1
    outer loop
      vertex 89.86888560652733 82.74747014790773 0
      vertex 79.72863073307215 79.38256819498105 0
      vertex 79.31332222609353 79.5419901942544 0
    endloop
  endfacet
  facet normal 0 0 -1
    outer loop
      vertex 89.86888560652733 82.74747014790773 0
      vertex 80.125 79.18060796608387 0
      vertex 79.72863073307215 79.38256819498105 0
    endloop
  endfacet
  facet normal 0 0 -1
    outer loop
      vertex 89.86888560652733 82.74747014790773 0
      vertex 80.49808732224301 78.93832222609353 0
      vertex 80.125 79.18060796608387 0
    endloop
  endfacet
  facet normal 0 0 -1
    outer loop
      vertex 89.86888560652733 82.74747014790773 0
      vertex 81.15836550827892 78.34380507702515 0
      vertex 80.84380507702515 78.65836550827892 0
    endloop
  endfacet
  facet normal 0 0 -1
    outer loop
      vertex 89.86888560652733 82.74747014790773 0
      vertex 81.68060796608387 77.625 0
      vertex 81.43832222609353 77.99808732224301 0
    endloop
  endfacet
  facet normal 0 0 -1
    outer loop
      vertex 89.86888560652733 82.74747014790773 0
      vertex 81.43832222609353 77.99808732224301 0
      vertex 81.15836550827892 78.34380507702515 0
    endloop
  endfacet
  facet normal 0 0 -1
    outer loop
      vertex 89.86888560652733 82.74747014790773 0
      vertex 80.84380507702515 78.65836550827892 0
      vertex 80.49808732224301 78.93832222609353 0
    endloop
  endfacet
  facet normal 0.052335961698072614 0.9986295344686826 0
    outer loop
      vertex 84 87.5 0
      vertex 84 87.5 2
      vertex 84.62717077881098 87.4671313688159 2
    endloop
  endfacet
  facet normal 0 0 -1
    outer loop
      vertex 90 81.5 0
      vertex 82.15712730311867 74.61637531402452 0
      vertex 82.22671805531516 75.05575403111247 0
    endloop
  endfacet
  facet normal 0 0 -1
    outer loop
      vertex 90 81.5 0
      vertex 82.22671805531516 75.05575403111247 0
      vertex 82.25 75.5 0
    endloop
  endfacet
  facet normal 0 0 -1
    outer loop
      vertex 89.9671313688159 82.12717077881098 0
      vertex 82.25 75.5 0
      vertex 82.22671805531516 75.94424596888753 0
    endloop
  endfacet
  facet normal 0 0 -1
    outer loop
      vertex 89.86888560652733 82.74747014790773 0
      vertex 82.22671805531516 75.94424596888753 0
      vertex 82.15712730311867 76.38362468597548 0
    endloop
  endfacet
  facet normal 0 0 -1
    outer loop
      vertex 89.86888560652733 82.74747014790773 0
      vertex 82.15712730311867 76.38362468597548 0
      vertex 82.0419901942544 76.81332222609353 0
    endloop
  endfacet
  facet normal 0 0 -1
    outer loop
      vertex 89.86888560652733 82.74747014790773 0
      vertex 82.0419901942544 76.81332222609353 0
      vertex 81.88256819498105 77.22863073307215 0
    endloop
  endfacet
  facet normal 0 0 -1
    outer loop
      vertex 89.86888560652733 82.74747014790773 0
      vertex 81.88256819498105 77.22863073307215 0
      vertex 81.68060796608387 77.625 0
    endloop
  endfacet
  facet normal 0 0 -1
    outer loop
      vertex 90 81.5 0
      vertex 82.25 75.5 0
      vertex 89.9671313688159 82.12717077881098 0
    endloop
  endfacet
  facet normal 0 0 -1
    outer loop
      vertex 89.9671313688159 82.12717077881098 0
      vertex 82.22671805531516 75.94424596888753 0
      vertex 89.86888560652733 82.74747014790773 0
    endloop
  endfacet
  facet normal 0.9986295344686826 0.052335961698072614 0
    outer loop
      vertex 90 81.5 0
      vertex 89.9671313688159 82.12717077881098 0
      vertex 90 81.5 2
    endloop
  endfacet
  facet normal 0.9986295344686826 0.052335961698072614 0
    outer loop
      vertex 90 81.5 2
      vertex 89.9671313688159 82.12717077881098 0
      vertex 89.9671313688159 82.12717077881098 2
    endloop
  endfacet
  facet normal 0.052335961698072614 0.9986295344686826 0
    outer loop
      vertex 84 87.5 0
      vertex 84.62717077881098 87.4671313688159 2
      vertex 84.62717077881098 87.4671313688159 0
    endloop
  endfacet
  facet normal 0.15643445553477123 0.9876883421006547 0
    outer loop
      vertex 84.62717077881098 87.4671313688159 0
      vertex 85.24747014790773 87.36888560652733 2
      vertex 85.24747014790773 87.36888560652733 0
    endloop
  endfacet
  facet normal 0.25881904950851087 0.9659258251084867 0
    outer loop
      vertex 85.24747014790773 87.36888560652733 0
      vertex 85.85410196334124 87.20633909851313 2
      vertex 85.85410196334124 87.20633909851313 0
    endloop
  endfacet
  facet normal 0.35836795324415743 0.9335804250773434 0
    outer loop
      vertex 85.85410196334124 87.20633909851313 0
      vertex 86.44041986018419 86.98127274215221 2
      vertex 86.44041986018419 86.98127274215221 0
    endloop
  endfacet
  facet normal 0.4539904916265432 0.8910065283221497 0
    outer loop
      vertex 86.44041986018419 86.98127274215221 0
      vertex 87 86.69615242630243 2
      vertex 87 86.69615242630243 0
    endloop
  endfacet
  facet normal 0.15643445553477123 0.9876883421006547 0
    outer loop
      vertex 84.62717077881098 87.4671313688159 0
      vertex 84.62717077881098 87.4671313688159 2
      vertex 85.24747014790773 87.36888560652733 2
    endloop
  endfacet
  facet normal 0.25881904950851087 0.9659258251084867 0
    outer loop
      vertex 85.24747014790773 87.36888560652733 0
      vertex 85.24747014790773 87.36888560652733 2
      vertex 85.85410196334124 87.20633909851313 2
    endloop
  endfacet
  facet normal 0.35836795324415743 0.9335804250773434 0
    outer loop
      vertex 85.85410196334124 87.20633909851313 0
      vertex 85.85410196334124 87.20633909851313 2
      vertex 86.44041986018419 86.98127274215221 2
    endloop
  endfacet
  facet normal 0.5446390406067345 0.8386705643141267 0
    outer loop
      vertex 87 86.69615242630243 0
      vertex 87 86.69615242630243 2
      vertex 87.52671151608229 86.35410196334124 2
    endloop
  endfacet
  facet normal 0.4539904916265432 0.8910065283221497 0
    outer loop
      vertex 86.44041986018419 86.98127274215221 0
      vertex 86.44041986018419 86.98127274215221 2
      vertex 87 86.69615242630243 2
    endloop
  endfacet
  facet normal 0.9876883421006547 0.15643445553477123 0
    outer loop
      vertex 89.9671313688159 82.12717077881098 0
      vertex 89.86888560652733 82.74747014790773 0
      vertex 89.9671313688159 82.12717077881098 2
    endloop
  endfacet
  facet normal 0.9659258251084867 0.25881904950851087 0
    outer loop
      vertex 89.86888560652733 82.74747014790773 0
      vertex 89.70633909851313 83.35410196334124 0
      vertex 89.86888560652733 82.74747014790773 2
    endloop
  endfacet
  facet normal 0.8386705643141267 0.5446390406067345 0
    outer loop
      vertex 89.19615242630243 84.5 0
      vertex 88.85410196334124 85.02671151608229 0
      vertex 89.19615242630243 84.5 2
    endloop
  endfacet
  facet normal 0.9335804250773434 0.35836795324415743 0
    outer loop
      vertex 89.70633909851313 83.35410196334124 0
      vertex 89.48127274215221 83.94041986018419 0
      vertex 89.70633909851313 83.35410196334124 2
    endloop
  endfacet
  facet normal 0.8910065283221497 0.4539904916265432 0
    outer loop
      vertex 89.19615242630243 84.5 0
      vertex 89.48127274215221 83.94041986018419 2
      vertex 89.48127274215221 83.94041986018419 0
    endloop
  endfacet
  facet normal 0.9876883421006547 0.15643445553477123 0
    outer loop
      vertex 89.86888560652733 82.74747014790773 0
      vertex 89.86888560652733 82.74747014790773 2
      vertex 89.9671313688159 82.12717077881098 2
    endloop
  endfacet
  facet normal 0.9659258251084867 0.25881904950851087 0
    outer loop
      vertex 89.70633909851313 83.35410196334124 0
      vertex 89.70633909851313 83.35410196334124 2
      vertex 89.86888560652733 82.74747014790773 2
    endloop
  endfacet
  facet normal 0.8910065283221497 0.4539904916265432 0
    outer loop
      vertex 89.19615242630243 84.5 0
      vertex 89.19615242630243 84.5 2
      vertex 89.48127274215221 83.94041986018419 2
    endloop
  endfacet
  facet normal 0.9335804250773434 0.35836795324415743 0
    outer loop
      vertex 89.48127274215221 83.94041986018419 0
      vertex 89.48127274215221 83.94041986018419 2
      vertex 89.70633909851313 83.35410196334124 2
    endloop
  endfacet
  facet normal 0.6293203941204519 0.7771459589704364 0
    outer loop
      vertex 88.01478363573551 85.95886895060539 0
      vertex 87.52671151608229 86.35410196334124 0
      vertex 88.01478363573551 85.95886895060539 2
    endloop
  endfacet
  facet normal 0.7071067811865475 0.7071067811865475 0
    outer loop
      vertex 88.01478363573551 85.95886895060539 0
      vertex 88.45886895060539 85.51478363573551 2
      vertex 88.45886895060539 85.51478363573551 0
    endloop
  endfacet
  facet normal 0.5446390406067345 0.8386705643141267 0
    outer loop
      vertex 87 86.69615242630243 0
      vertex 87.52671151608229 86.35410196334124 2
      vertex 87.52671151608229 86.35410196334124 0
    endloop
  endfacet
  facet normal 0.7771459589704364 0.6293203941204519 0
    outer loop
      vertex 88.45886895060539 85.51478363573551 0
      vertex 88.85410196334124 85.02671151608229 2
      vertex 88.85410196334124 85.02671151608229 0
    endloop
  endfacet
  facet normal 0.7771459589704364 0.6293203941204519 0
    outer loop
      vertex 88.45886895060539 85.51478363573551 0
      vertex 88.45886895060539 85.51478363573551 2
      vertex 88.85410196334124 85.02671151608229 2
    endloop
  endfacet
  facet normal 0.7071067811865475 0.7071067811865475 0
    outer loop
      vertex 88.01478363573551 85.95886895060539 0
      vertex 88.01478363573551 85.95886895060539 2
      vertex 88.45886895060539 85.51478363573551 2
    endloop
  endfacet
  facet normal 0.6293203941204519 0.7771459589704364 0
    outer loop
      vertex 87.52671151608229 86.35410196334124 0
      vertex 87.52671151608229 86.35410196334124 2
      vertex 88.01478363573551 85.95886895060539 2
    endloop
  endfacet
  facet normal 0.8386705643141267 0.5446390406067345 0
    outer loop
      vertex 88.85410196334124 85.02671151608229 0
      vertex 88.85410196334124 85.02671151608229 2
      vertex 89.19615242630243 84.5 2
    endloop
  endfacet
  facet normal -0.891006524892196 -0.45399049835820615 0
    outer loop
      vertex 67.07311893254519 70.54916489869356 2
      vertex 67.57203072309494 69.56999537348747 2
      vertex 67.57203072309494 69.56999537348747 60
    endloop
  endfacet
  facet normal -0.913545455693305 -0.4067366474539906 0
    outer loop
      vertex 67.07311893254519 70.54916489869356 2
      vertex 67.07311893254519 70.54916489869356 60
      vertex 67.00930194556713 70.6925001963973 2
    endloop
  endfacet
  facet normal -0.9335804257759017 -0.35836795142435096 0
    outer loop
      vertex 67.00930194556713 70.6925001963973 2
      vertex 67.00930194556713 70.6925001963973 60
      vertex 66.61547440290451 71.7184560149908 2
    endloop
  endfacet
  facet normal -0.9510565172324066 -0.30901699149037953 0
    outer loop
      vertex 66.61547440290451 71.7184560149908 2
      vertex 66.61547440290451 71.7184560149908 60
      vertex 66.56698954105377 71.86767707765102 2
    endloop
  endfacet
  facet normal -0.9659258279546319 -0.25881903888655244 0
    outer loop
      vertex 66.56698954105377 71.86767707765102 2
      vertex 66.56698954105377 71.86767707765102 60
      vertex 66.28256103396416 72.92917874455452 2
    endloop
  endfacet
  facet normal -0.9781475988388045 -0.20791169973303814 0
    outer loop
      vertex 66.24993965029716 73.0826502814889 2
      vertex 66.28256103396416 72.92917874455452 2
      vertex 66.28256103396416 72.92917874455452 60
    endloop
  endfacet
  facet normal -0.9876883405604088 -0.15643446525950055 0
    outer loop
      vertex 66.24993965029716 73.0826502814889 2
      vertex 66.24993965029716 73.0826502814889 60
      vertex 66.07802638411522 74.16806792467833 2
    endloop
  endfacet
  facet normal -0.9945218942654319 -0.10452847376048861 0
    outer loop
      vertex 66.07802638411522 74.16806792467833 2
      vertex 66.07802638411522 74.16806792467833 60
      vertex 66.06162586063147 74.324108466506 2
    endloop
  endfacet
  facet normal -0.9986295348939128 -0.052335953584199485 0
    outer loop
      vertex 66.06162586063147 74.324108466506 2
      vertex 66.06162586063147 74.324108466506 60
      vertex 66.00411139428616 75.4215499162674 2
    endloop
  endfacet
  facet normal -1 0 0
    outer loop
      vertex 66.00411139428616 75.4215499162674 2
      vertex 66.00411139428616 75.4215499162674 60
      vertex 66.00411139428616 75.57845007628202 2
    endloop
  endfacet
  facet normal -0.9986295349511297 0.05233595249243526 0
    outer loop
      vertex 66.00411139428616 75.57845007628202 2
      vertex 66.00411139428616 75.57845007628202 60
      vertex 66.06162585318089 76.67589140683413 2
    endloop
  endfacet
  facet normal -0.9945218960590235 0.1045284566956052 0
    outer loop
      vertex 66.06162585318089 76.67589140683413 2
      vertex 66.06162585318089 76.67589140683413 60
      vertex 66.07802639901638 76.83193218708038 2
    endloop
  endfacet
  facet normal -0.9876883400008707 0.15643446879228512 0
    outer loop
      vertex 66.07802639901638 76.83193218708038 2
      vertex 66.07802639901638 76.83193218708038 60
      vertex 66.24993965029716 77.91734971106052 2
    endloop
  endfacet
  facet normal -0.9781475988388045 0.20791169973303814 0
    outer loop
      vertex 66.24993965029716 77.91734971106052 2
      vertex 66.24993965029716 77.91734971106052 60
      vertex 66.28256103396416 78.0708212479949 2
    endloop
  endfacet
  facet normal -0.9659258271680096 0.2588190418222672 0
    outer loop
      vertex 66.28256103396416 78.0708212479949 2
      vertex 66.28256103396416 78.0708212479949 60
      vertex 66.56698954850435 79.13232292979956 2
    endloop
  endfacet
  facet normal -0.9510565224714396 0.30901697536629286 0
    outer loop
      vertex 66.56698954850435 79.13232292979956 2
      vertex 66.56698954850435 79.13232292979956 60
      vertex 66.61547439545393 79.28154395520687 2
    endloop
  endfacet
  facet normal -0.9335804208252607 0.3583679643212113 0
    outer loop
      vertex 66.61547439545393 79.28154395520687 2
      vertex 66.61547439545393 79.28154395520687 60
      vertex 66.67050215601921 79.42489616572857 2
    endloop
  endfacet
  facet normal -0.9510565170221443 0.3090169921374998 0
    outer loop
      vertex 66.67050215601921 79.42489616572857 2
      vertex 66.67050215601921 79.42489616572857 60
      vertex 66.76753835380077 79.72354287654161 2
    endloop
  endfacet
  facet normal -0.9781476048685016 0.20791167136554337 0
    outer loop
      vertex 66.76753835380077 79.72354287654161 2
      vertex 66.76753835380077 79.72354287654161 60
      vertex 66.83282589167356 80.03069662302732 2
    endloop
  endfacet
  facet normal -0.9945218945377534 0.10452847116952206 0
    outer loop
      vertex 66.83282589167356 80.03069662302732 2
      vertex 66.83282589167356 80.03069662302732 60
      vertex 66.86564947664738 80.34299214929342 2
    endloop
  endfacet
  facet normal -1 0 0
    outer loop
      vertex 66.86564947664738 80.34299214929342 2
      vertex 66.86564947664738 80.34299214929342 60
      vertex 66.86564947664738 80.65700788795948 2
    endloop
  endfacet
  facet normal -0.95105651004902 -0.3090170135985689 0
    outer loop
      vertex 66.7675383463502 81.27645715326071 2
      vertex 66.7675383463502 81.27645715326071 60
      vertex 66.67050214111805 81.57510386407375 2
    endloop
  endfacet
  facet normal -0.9135454592940316 -0.40673663936662624 0
    outer loop
      vertex 66.67050214111805 81.57510386407375 2
      vertex 66.67050214111805 81.57510386407375 60
      vertex 66.54278043657541 81.86197151243687 2
    endloop
  endfacet
  facet normal -0.8660253957167849 -0.500000013973586 0
    outer loop
      vertex 66.54278043657541 81.86197151243687 2
      vertex 66.54278043657541 81.86197151243687 60
      vertex 66.3857725635171 82.13391711562872 2
    endloop
  endfacet
  facet normal -0.9945218945377534 -0.10452847116952206 0
    outer loop
      vertex 66.86564947664738 80.65700788795948 2
      vertex 66.86564947664738 80.65700788795948 60
      vertex 66.83282589167356 80.96930341422558 2
    endloop
  endfacet
  facet normal -0.9781475990175839 -0.20791169889194822 0
    outer loop
      vertex 66.7675383463502 81.27645715326071 2
      vertex 66.83282589167356 80.96930341422558 2
      vertex 66.83282589167356 80.96930341422558 60
    endloop
  endfacet
  facet normal -0.02617694208405647 -0.9996573251385336 0
    outer loop
      vertex 63.86976087093353 83.5 2
      vertex 64.02676872164011 83.49588860571384 2
      vertex 64.02676872164011 83.49588860571384 60
    endloop
  endfacet
  facet normal -0.10452847116952206 -0.9945218945377534 0
    outer loop
      vertex 64.02676872164011 83.49588860571384 2
      vertex 64.33906424790621 83.46306502074003 2
      vertex 64.33906424790621 83.46306502074003 60
    endloop
  endfacet
  facet normal -0.20791167136554337 -0.9781476048685016 0
    outer loop
      vertex 64.64621799439192 83.39777748286724 2
      vertex 64.64621799439192 83.39777748286724 60
      vertex 64.33906424790621 83.46306502074003 2
    endloop
  endfacet
  facet normal -0.3090169921374998 -0.9510565170221443 0
    outer loop
      vertex 64.64621799439192 83.39777748286724 2
      vertex 64.94486470520496 83.30074128508568 2
      vertex 64.94486470520496 83.30074128508568 60
    endloop
  endfacet
  facet normal -0.40673663936662624 -0.9135454592940316 0
    outer loop
      vertex 64.94486470520496 83.30074128508568 2
      vertex 65.23173235356808 83.17301958054304 2
      vertex 65.23173235356808 83.17301958054304 60
    endloop
  endfacet
  facet normal -0.669130614928542 -0.7431448177612163 0
    outer loop
      vertex 65.99108120054007 82.62132035195827 2
      vertex 65.99108120054007 82.62132035195827 60
      vertex 65.75772203505039 82.83143789321184 2
    endloop
  endfacet
  facet normal -0.5877852528566571 -0.809016993965044 0
    outer loop
      vertex 65.50367796421051 83.0160117149353 2
      vertex 65.75772203505039 82.83143789321184 2
      vertex 65.75772203505039 82.83143789321184 60
    endloop
  endfacet
  facet normal -0.4999999859045104 -0.8660254119224732 0
    outer loop
      vertex 65.23173235356808 83.17301958054304 2
      vertex 65.50367796421051 83.0160117149353 2
      vertex 65.50367796421051 83.0160117149353 60
    endloop
  endfacet
  facet normal -0.809016993965044 -0.5877852528566571 0
    outer loop
      vertex 66.3857725635171 82.13391711562872 2
      vertex 66.3857725635171 82.13391711562872 60
      vertex 66.20119874179363 82.3879611864686 2
    endloop
  endfacet
  facet normal -0.7431448177612163 -0.669130614928542 0
    outer loop
      vertex 65.99108120054007 82.62132035195827 2
      vertex 66.20119874179363 82.3879611864686 2
      vertex 66.20119874179363 82.3879611864686 60
    endloop
  endfacet
  facet normal -0.5446390353737932 -0.8386705677124385 0
    outer loop
      vertex 71.93411602079868 65.15048070251942 2
      vertex 71.93411602079868 65.15048070251942 60
      vertex 71.01246091723442 65.74901052564383 2
    endloop
  endfacet
  facet normal -0.4999999931753902 -0.866025407724629 0
    outer loop
      vertex 72.06999537348747 65.07203072309494 2
      vertex 72.06999537348747 65.07203072309494 60
      vertex 71.93411602079868 65.15048070251942 2
    endloop
  endfacet
  facet normal -0.45399049835820615 -0.891006524892196 0
    outer loop
      vertex 72.06999537348747 65.07203072309494 2
      vertex 73.04916489869356 64.57311893254519 2
      vertex 73.04916489869356 64.57311893254519 60
    endloop
  endfacet
  facet normal -0.35836795148206757 -0.9335804257537463 0
    outer loop
      vertex 74.21845606714487 64.11547438800335 2
      vertex 74.21845606714487 64.11547438800335 60
      vertex 73.19250015169382 64.50930196791887 2
    endloop
  endfacet
  facet normal -0.309016988237967 -0.9510565182891794 0
    outer loop
      vertex 74.21845606714487 64.11547438800335 2
      vertex 74.36767706274986 64.06698954850435 2
      vertex 74.36767706274986 64.06698954850435 60
    endloop
  endfacet
  facet normal -0.4067366344303633 -0.9135454614917974 0
    outer loop
      vertex 73.04916489869356 64.57311893254519 2
      vertex 73.19250015169382 64.50930196791887 2
      vertex 73.19250015169382 64.50930196791887 60
    endloop
  endfacet
  facet normal -0.2588190418222672 -0.9659258271680096 0
    outer loop
      vertex 74.36767706274986 64.06698954850435 2
      vertex 75.42917874455452 63.78256103396416 2
      vertex 75.42917874455452 63.78256103396416 60
    endloop
  endfacet
  facet normal -0.20791169973303814 -0.9781475988388045 0
    outer loop
      vertex 75.42917874455452 63.78256103396416 2
      vertex 75.5826502814889 63.749939650297165 2
      vertex 75.5826502814889 63.749939650297165 60
    endloop
  endfacet
  facet normal -0.15643446879228512 -0.9876883400008707 0
    outer loop
      vertex 75.5826502814889 63.749939650297165 2
      vertex 76.66806780546904 63.57802639901638 2
      vertex 76.66806780546904 63.57802639901638 60
    endloop
  endfacet
  facet normal -0.1045284566956052 -0.9945218960590235 0
    outer loop
      vertex 76.8241085857153 63.561625853180885 2
      vertex 76.8241085857153 63.561625853180885 60
      vertex 76.66806780546904 63.57802639901638 2
    endloop
  endfacet
  facet normal -0.05233595213809724 -0.9986295349696998 0
    outer loop
      vertex 76.8241085857153 63.561625853180885 2
      vertex 77.92154992371798 63.504111394286156 2
      vertex 77.92154992371798 63.504111394286156 60
    endloop
  endfacet
  facet normal 0 -1 0
    outer loop
      vertex 77.92154992371798 63.504111394286156 2
      vertex 78.07845007628202 63.504111394286156 2
      vertex 78.07845007628202 63.504111394286156 60
    endloop
  endfacet
  facet normal 0.052335953584199485 -0.9986295348939128 0
    outer loop
      vertex 78.07845007628202 63.504111394286156 2
      vertex 79.17589152604342 63.561625860631466 2
      vertex 79.17589152604342 63.561625860631466 60
    endloop
  endfacet
  facet normal 0.10452847376048861 -0.9945218942654319 0
    outer loop
      vertex 79.17589152604342 63.561625860631466 2
      vertex 79.3319320678711 63.57802638411522 2
      vertex 79.3319320678711 63.57802638411522 60
    endloop
  endfacet
  facet normal 0.15643446525950055 -0.9876883405604088 0
    outer loop
      vertex 79.3319320678711 63.57802638411522 2
      vertex 80.41734971106052 63.749939650297165 2
      vertex 80.41734971106052 63.749939650297165 60
    endloop
  endfacet
  facet normal 0.20791169973303814 -0.9781475988388045 0
    outer loop
      vertex 80.41734971106052 63.749939650297165 2
      vertex 80.5708212479949 63.78256103396416 2
      vertex 80.5708212479949 63.78256103396416 60
    endloop
  endfacet
  facet normal 0.25881903888655244 -0.9659258279546319 0
    outer loop
      vertex 80.5708212479949 63.78256103396416 2
      vertex 81.6323229148984 64.06698954105377 2
      vertex 81.6323229148984 64.06698954105377 60
    endloop
  endfacet
  facet normal 0.3090170204861316 -0.9510565078111152 0
    outer loop
      vertex 81.6323229148984 64.06698954105377 2
      vertex 81.7815439850092 64.11547441035509 2
      vertex 81.7815439850092 64.11547441035509 60
    endloop
  endfacet
  facet normal 0.3583679382646259 -0.933580430827447 0
    outer loop
      vertex 81.7815439850092 64.11547441035509 2
      vertex 81.92489618808031 64.17050216346979 2
      vertex 81.92489618808031 64.17050216346979 60
    endloop
  endfacet
  facet normal 0.33380684456549964 -0.9426414962864854 0
    outer loop
      vertex 81.92489618808031 64.17050216346979 2
      vertex 82.07294901460409 64.2229304164648 2
      vertex 82.07294901460409 64.2229304164648 60
    endloop
  endfacet
  facet normal 0.25881905464550803 -0.9659258237320325 0
    outer loop
      vertex 82.07294901460409 64.2229304164648 2
      vertex 82.37626492977142 64.3042036741972 2
      vertex 82.37626492977142 64.3042036741972 60
    endloop
  endfacet
  facet normal 0.15643447077382908 -0.987688339687025 0
    outer loop
      vertex 82.37626492977142 64.3042036741972 2
      vertex 82.68641460686922 64.35332655906677 2
      vertex 82.68641460686922 64.35332655906677 60
    endloop
  endfacet
  facet normal 0.052335949247149044 -0.998629535121208 0
    outer loop
      vertex 82.68641460686922 64.35332655906677 2
      vertex 83 64.36976087093353 2
      vertex 83 64.36976087093353 60
    endloop
  endfacet
  facet normal -0.25881905464550803 -0.9659258237320325 0
    outer loop
      vertex 83.92705098539591 64.2229304164648 2
      vertex 83.92705098539591 64.2229304164648 60
      vertex 83.62373507022858 64.3042036741972 2
    endloop
  endfacet
  facet normal -0.358367950842512 -0.9335804259992488 0
    outer loop
      vertex 83.92705098539591 64.2229304164648 2
      vertex 84.2202099263668 64.11039724200964 2
      vertex 84.2202099263668 64.11039724200964 60
    endloop
  endfacet
  facet normal -0.052335949247149044 -0.998629535121208 0
    outer loop
      vertex 83 64.36976087093353 2
      vertex 83.31358539313078 64.35332655906677 2
      vertex 83.31358539313078 64.35332655906677 60
    endloop
  endfacet
  facet normal -0.15643447077382908 -0.987688339687025 0
    outer loop
      vertex 83.31358539313078 64.35332655906677 2
      vertex 83.62373507022858 64.3042036741972 2
      vertex 83.62373507022858 64.3042036741972 60
    endloop
  endfacet
  facet normal -0.8910065259684402 -0.45399049624595805 0
    outer loop
      vertex 85.59807620942593 62.86976087093353 2
      vertex 85.7406363710761 62.58997079730034 2
      vertex 85.7406363710761 62.58997079730034 60
    endloop
  endfacet
  facet normal -0.998629535121208 -0.052335949247149044 0
    outer loop
      vertex 86 61.36976087093353 2
      vertex 86 61.36976087093353 60
      vertex 85.98356568813324 61.68334626406431 2
    endloop
  endfacet
  facet normal -0.987688339687025 -0.15643447077382908 0
    outer loop
      vertex 85.98356568813324 61.68334626406431 2
      vertex 85.98356568813324 61.68334626406431 60
      vertex 85.93444280326366 61.99349594116211 2
    endloop
  endfacet
  facet normal -0.9659258237320325 -0.25881905464550803 0
    outer loop
      vertex 85.93444280326366 61.99349594116211 2
      vertex 85.93444280326366 61.99349594116211 60
      vertex 85.85316954553127 62.29681185632944 2
    endloop
  endfacet
  facet normal -0.9335804259992488 -0.358367950842512 0
    outer loop
      vertex 85.7406363710761 62.58997079730034 2
      vertex 85.85316954553127 62.29681185632944 2
      vertex 85.85316954553127 62.29681185632944 60
    endloop
  endfacet
  facet normal -0.5446390293369446 -0.8386705716328138 0
    outer loop
      vertex 84.5 63.96783708035946 2
      vertex 84.76335575431585 63.79681185632944 2
      vertex 84.76335575431585 63.79681185632944 60
    endloop
  endfacet
  facet normal -0.45399049624595805 -0.8910065259684402 0
    outer loop
      vertex 84.2202099263668 64.11039724200964 2
      vertex 84.5 63.96783708035946 2
      vertex 84.5 63.96783708035946 60
    endloop
  endfacet
  facet normal -0.629320395483342 -0.7771459578667895 0
    outer loop
      vertex 84.76335575431585 63.79681185632944 2
      vertex 85.00739181786776 63.59919534623623 2
      vertex 85.00739181786776 63.59919534623623 60
    endloop
  endfacet
  facet normal -0.7771459578667895 -0.629320395483342 0
    outer loop
      vertex 85.42705098539591 63.133116625249386 2
      vertex 85.42705098539591 63.133116625249386 60
      vertex 85.2294344753027 63.37715268880129 2
    endloop
  endfacet
  facet normal -0.7071067811865476 -0.7071067811865476 0
    outer loop
      vertex 85.00739181786776 63.59919534623623 2
      vertex 85.2294344753027 63.37715268880129 2
      vertex 85.2294344753027 63.37715268880129 60
    endloop
  endfacet
  facet normal -0.8386705716328138 -0.5446390293369446 0
    outer loop
      vertex 85.59807620942593 62.86976087093353 2
      vertex 85.59807620942593 62.86976087093353 60
      vertex 85.42705098539591 63.133116625249386 2
    endloop
  endfacet
  facet normal -0.777145965165893 -0.6293203864697001 0
    outer loop
      vertex 69.03282410651445 67.53148353844881 2
      vertex 69.03282410651445 67.53148353844881 60
      vertex 68.3412339836359 68.38552622497082 2
    endloop
  endfacet
  facet normal -0.7071067811865476 -0.7071067811865476 0
    outer loop
      vertex 69.91488402336836 66.63781078159809 2
      vertex 69.91488402336836 66.63781078159809 60
      vertex 69.13781078904867 67.41488401591778 2
    endloop
  endfacet
  facet normal -0.6691306042468929 -0.7431448273790162 0
    outer loop
      vertex 69.91488402336836 66.63781078159809 2
      vertex 70.03148353099823 66.53282411396503 2
      vertex 70.03148353099823 66.53282411396503 60
    endloop
  endfacet
  facet normal -0.7431448226754975 -0.6691306094706797 0
    outer loop
      vertex 69.03282410651445 67.53148353844881 2
      vertex 69.13781078904867 67.41488401591778 2
      vertex 69.13781078904867 67.41488401591778 60
    endloop
  endfacet
  facet normal -0.8386705677124385 -0.5446390353737932 0
    outer loop
      vertex 67.65048070251942 69.43411602079868 2
      vertex 68.24901052564383 68.51246091723442 2
      vertex 68.24901052564383 68.51246091723442 60
    endloop
  endfacet
  facet normal -0.866025407724629 -0.4999999931753902 0
    outer loop
      vertex 67.65048070251942 69.43411602079868 2
      vertex 67.65048070251942 69.43411602079868 60
      vertex 67.57203072309494 69.56999537348747 2
    endloop
  endfacet
  facet normal -0.8090169768470806 -0.5877852764175114 0
    outer loop
      vertex 68.24901052564383 68.51246091723442 2
      vertex 68.3412339836359 68.38552622497082 2
      vertex 68.3412339836359 68.38552622497082 60
    endloop
  endfacet
  facet normal -0.6293203872485708 -0.7771459645351759 0
    outer loop
      vertex 70.03148353099823 66.53282411396503 2
      vertex 70.88552622497082 65.8412339836359 2
      vertex 70.88552622497082 65.8412339836359 60
    endloop
  endfacet
  facet normal -0.5877852764175114 -0.8090169768470806 0
    outer loop
      vertex 71.01246091723442 65.74901052564383 2
      vertex 71.01246091723442 65.74901052564383 60
      vertex 70.88552622497082 65.8412339836359 2
    endloop
  endfacet
  facet normal 0.8386705679454243 0.5446390350150269 0
    outer loop
      vertex 74.31939203391613 73.375 57.8
      vertex 74.56167777390647 73.00191267775699 0
      vertex 74.31939203391613 73.375 0
    endloop
  endfacet
  facet normal 0.8910065241883779 0.453990499739527 0
    outer loop
      vertex 74.11743180501895 73.77136926692785 57.8
      vertex 74.31939203391613 73.375 0
      vertex 74.11743180501895 73.77136926692785 0
    endloop
  endfacet
  facet normal 0.629320391049847 0.7771459614569629 0
    outer loop
      vertex 75.15619492297485 72.34163449172108 57.8
      vertex 75.50191267775699 72.06167777390647 0
      vertex 75.15619492297485 72.34163449172108 0
    endloop
  endfacet
  facet normal 0.5446390350150269 0.8386705679454243 0
    outer loop
      vertex 75.50191267775699 72.06167777390647 57.8
      vertex 75.875 71.81939203391613 0
      vertex 75.50191267775699 72.06167777390647 0
    endloop
  endfacet
  facet normal 0.7771459614569629 0.629320391049847 0
    outer loop
      vertex 74.56167777390647 73.00191267775699 57.8
      vertex 74.84163449172108 72.65619492297485 0
      vertex 74.56167777390647 73.00191267775699 0
    endloop
  endfacet
  facet normal 0.7071067811865475 0.7071067811865475 0
    outer loop
      vertex 74.84163449172108 72.65619492297485 57.8
      vertex 75.15619492297485 72.34163449172108 0
      vertex 74.84163449172108 72.65619492297485 0
    endloop
  endfacet
  facet normal 0.9876883405951369 0.15643446504023623 0
    outer loop
      vertex 73.77328194468484 75.05575403111247 57.8
      vertex 73.84287269688133 74.61637531402452 0
      vertex 73.77328194468484 75.05575403111247 0
    endloop
  endfacet
  facet normal 0.9335804264972004 0.3583679495453039 0
    outer loop
      vertex 73.9580098057456 74.18667777390647 57.8
      vertex 74.11743180501895 73.77136926692785 0
      vertex 73.9580098057456 74.18667777390647 0
    endloop
  endfacet
  facet normal 0.9659258262890674 0.2588190451025243 0
    outer loop
      vertex 73.84287269688133 74.61637531402452 57.8
      vertex 73.9580098057456 74.18667777390647 0
      vertex 73.84287269688133 74.61637531402452 0
    endloop
  endfacet
  facet normal 0.9986295347545737 0.05233595624294645 0
    outer loop
      vertex 73.75 75.5 57.8
      vertex 73.77328194468484 75.05575403111247 0
      vertex 73.75 75.5 0
    endloop
  endfacet
  facet normal 0.9986295347545737 -0.05233595624294645 0
    outer loop
      vertex 73.77328194468484 75.94424596888753 57.8
      vertex 73.75 75.5 0
      vertex 73.77328194468484 75.94424596888753 0
    endloop
  endfacet
  facet normal 0.9876883405951369 -0.15643446504023623 0
    outer loop
      vertex 73.84287269688133 76.38362468597548 57.8
      vertex 73.77328194468484 75.94424596888753 0
      vertex 73.84287269688133 76.38362468597548 0
    endloop
  endfacet
  facet normal 0.453990499739527 0.8910065241883779 0
    outer loop
      vertex 75.875 71.81939203391613 57.8
      vertex 76.27136926692785 71.61743180501895 0
      vertex 75.875 71.81939203391613 0
    endloop
  endfacet
  facet normal 0.3583679495453039 0.9335804264972004 0
    outer loop
      vertex 76.27136926692785 71.61743180501895 57.8
      vertex 76.68667777390647 71.4580098057456 0
      vertex 76.27136926692785 71.61743180501895 0
    endloop
  endfacet
  facet normal 0.2588190451025243 0.9659258262890674 0
    outer loop
      vertex 76.68667777390647 71.4580098057456 57.8
      vertex 77.11637531402452 71.34287269688133 0
      vertex 76.68667777390647 71.4580098057456 0
    endloop
  endfacet
  facet normal 0.15643446504023623 0.9876883405951369 0
    outer loop
      vertex 77.11637531402452 71.34287269688133 57.8
      vertex 77.55575403111247 71.27328194468484 0
      vertex 77.11637531402452 71.34287269688133 0
    endloop
  endfacet
  facet normal 0.05233595624294645 0.9986295347545737 0
    outer loop
      vertex 77.55575403111247 71.27328194468484 57.8
      vertex 78 71.25 0
      vertex 77.55575403111247 71.27328194468484 0
    endloop
  endfacet
  facet normal -0.05233595624294645 0.9986295347545737 0
    outer loop
      vertex 78 71.25 57.8
      vertex 78.44424596888753 71.27328194468484 0
      vertex 78 71.25 0
    endloop
  endfacet
  facet normal -0.15643446504023623 0.9876883405951369 0
    outer loop
      vertex 78.44424596888753 71.27328194468484 57.8
      vertex 78.88362468597548 71.34287269688133 0
      vertex 78.44424596888753 71.27328194468484 0
    endloop
  endfacet
  facet normal 0.9659258262890674 -0.2588190451025243 0
    outer loop
      vertex 73.9580098057456 76.81332222609353 57.8
      vertex 73.84287269688133 76.38362468597548 0
      vertex 73.9580098057456 76.81332222609353 0
    endloop
  endfacet
  facet normal 0.9335804264972004 -0.3583679495453039 0
    outer loop
      vertex 74.11743180501895 77.22863073307215 57.8
      vertex 73.9580098057456 76.81332222609353 0
      vertex 74.11743180501895 77.22863073307215 0
    endloop
  endfacet
  facet normal 0.8910065241883779 -0.453990499739527 0
    outer loop
      vertex 74.31939203391613 77.625 57.8
      vertex 74.11743180501895 77.22863073307215 0
      vertex 74.31939203391613 77.625 0
    endloop
  endfacet
  facet normal 0.8386705679454243 -0.5446390350150269 0
    outer loop
      vertex 74.56167777390647 77.99808732224301 57.8
      vertex 74.31939203391613 77.625 0
      vertex 74.56167777390647 77.99808732224301 0
    endloop
  endfacet
  facet normal 0.7771459614569629 -0.629320391049847 0
    outer loop
      vertex 74.84163449172108 78.34380507702515 57.8
      vertex 74.56167777390647 77.99808732224301 0
      vertex 74.84163449172108 78.34380507702515 0
    endloop
  endfacet
  facet normal 0.7071067811865475 -0.7071067811865475 0
    outer loop
      vertex 75.15619492297485 78.65836550827892 57.8
      vertex 74.84163449172108 78.34380507702515 0
      vertex 75.15619492297485 78.65836550827892 0
    endloop
  endfacet
  facet normal 0.629320391049847 -0.7771459614569629 0
    outer loop
      vertex 75.50191267775699 78.93832222609353 57.8
      vertex 75.15619492297485 78.65836550827892 0
      vertex 75.50191267775699 78.93832222609353 0
    endloop
  endfacet
  facet normal 0.5446390350150269 -0.8386705679454243 0
    outer loop
      vertex 75.875 79.18060796608387 57.8
      vertex 75.50191267775699 78.93832222609353 0
      vertex 75.875 79.18060796608387 0
    endloop
  endfacet
  facet normal 0.453990499739527 -0.8910065241883779 0
    outer loop
      vertex 76.27136926692785 79.38256819498105 57.8
      vertex 75.875 79.18060796608387 0
      vertex 76.27136926692785 79.38256819498105 0
    endloop
  endfacet
  facet normal 0.3583679495453039 -0.9335804264972004 0
    outer loop
      vertex 76.68667777390647 79.5419901942544 57.8
      vertex 76.27136926692785 79.38256819498105 0
      vertex 76.68667777390647 79.5419901942544 0
    endloop
  endfacet
  facet normal 0.2588190451025243 -0.9659258262890674 0
    outer loop
      vertex 77.11637531402452 79.65712730311867 57.8
      vertex 76.68667777390647 79.5419901942544 0
      vertex 77.11637531402452 79.65712730311867 0
    endloop
  endfacet
  facet normal 0.15643446504023623 -0.9876883405951369 0
    outer loop
      vertex 77.55575403111247 79.72671805531516 57.8
      vertex 77.11637531402452 79.65712730311867 0
      vertex 77.55575403111247 79.72671805531516 0
    endloop
  endfacet
  facet normal 0.05233595624294645 -0.9986295347545737 0
    outer loop
      vertex 78 79.75 57.8
      vertex 77.55575403111247 79.72671805531516 0
      vertex 78 79.75 0
    endloop
  endfacet
  facet normal -0.05233595624294645 -0.9986295347545737 0
    outer loop
      vertex 78.44424596888753 79.72671805531516 57.8
      vertex 78 79.75 0
      vertex 78.44424596888753 79.72671805531516 0
    endloop
  endfacet
  facet normal -0.15643446504023623 -0.9876883405951369 0
    outer loop
      vertex 78.88362468597548 79.65712730311867 57.8
      vertex 78.44424596888753 79.72671805531516 0
      vertex 78.88362468597548 79.65712730311867 0
    endloop
  endfacet
  facet normal -0.2588190451025243 0.9659258262890674 0
    outer loop
      vertex 78.88362468597548 71.34287269688133 57.8
      vertex 79.31332222609353 71.4580098057456 0
      vertex 78.88362468597548 71.34287269688133 0
    endloop
  endfacet
  facet normal -0.3583679495453039 0.9335804264972004 0
    outer loop
      vertex 79.31332222609353 71.4580098057456 57.8
      vertex 79.72863073307215 71.61743180501895 0
      vertex 79.31332222609353 71.4580098057456 0
    endloop
  endfacet
  facet normal -0.453990499739527 0.8910065241883779 0
    outer loop
      vertex 79.72863073307215 71.61743180501895 57.8
      vertex 80.125 71.81939203391613 0
      vertex 79.72863073307215 71.61743180501895 0
    endloop
  endfacet
  facet normal -0.5446390350150269 0.8386705679454243 0
    outer loop
      vertex 80.125 71.81939203391613 57.8
      vertex 80.49808732224301 72.06167777390647 0
      vertex 80.125 71.81939203391613 0
    endloop
  endfacet
  facet normal -0.629320391049847 0.7771459614569629 0
    outer loop
      vertex 80.49808732224301 72.06167777390647 57.8
      vertex 80.84380507702515 72.34163449172108 0
      vertex 80.49808732224301 72.06167777390647 0
    endloop
  endfacet
  facet normal -0.7071067811865475 0.7071067811865475 0
    outer loop
      vertex 80.84380507702515 72.34163449172108 57.8
      vertex 81.15836550827892 72.65619492297485 0
      vertex 80.84380507702515 72.34163449172108 0
    endloop
  endfacet
  facet normal -0.7771459614569629 0.629320391049847 0
    outer loop
      vertex 81.15836550827892 72.65619492297485 57.8
      vertex 81.43832222609353 73.00191267775699 0
      vertex 81.15836550827892 72.65619492297485 0
    endloop
  endfacet
  facet normal -0.8386705679454243 0.5446390350150269 0
    outer loop
      vertex 81.43832222609353 73.00191267775699 57.8
      vertex 81.68060796608387 73.375 0
      vertex 81.43832222609353 73.00191267775699 0
    endloop
  endfacet
  facet normal -0.8910065241883779 0.453990499739527 0
    outer loop
      vertex 81.68060796608387 73.375 57.8
      vertex 81.88256819498105 73.77136926692785 0
      vertex 81.68060796608387 73.375 0
    endloop
  endfacet
  facet normal -0.9335804264972004 0.3583679495453039 0
    outer loop
      vertex 81.88256819498105 73.77136926692785 57.8
      vertex 82.0419901942544 74.18667777390647 0
      vertex 81.88256819498105 73.77136926692785 0
    endloop
  endfacet
  facet normal -0.9659258262890674 0.2588190451025243 0
    outer loop
      vertex 82.0419901942544 74.18667777390647 57.8
      vertex 82.15712730311867 74.61637531402452 0
      vertex 82.0419901942544 74.18667777390647 0
    endloop
  endfacet
  facet normal -0.9876883405951369 0.15643446504023623 0
    outer loop
      vertex 82.15712730311867 74.61637531402452 57.8
      vertex 82.22671805531516 75.05575403111247 0
      vertex 82.15712730311867 74.61637531402452 0
    endloop
  endfacet
  facet normal -0.9986295347545737 0.05233595624294645 0
    outer loop
      vertex 82.22671805531516 75.05575403111247 57.8
      vertex 82.25 75.5 0
      vertex 82.22671805531516 75.05575403111247 0
    endloop
  endfacet
  facet normal -0.9986295347545737 -0.05233595624294645 0
    outer loop
      vertex 82.25 75.5 57.8
      vertex 82.22671805531516 75.94424596888753 0
      vertex 82.25 75.5 0
    endloop
  endfacet
  facet normal -0.9876883405951369 -0.15643446504023623 0
    outer loop
      vertex 82.22671805531516 75.94424596888753 57.8
      vertex 82.15712730311867 76.38362468597548 0
      vertex 82.22671805531516 75.94424596888753 0
    endloop
  endfacet
  facet normal -0.9659258262890674 -0.2588190451025243 0
    outer loop
      vertex 82.15712730311867 76.38362468597548 57.8
      vertex 82.0419901942544 76.81332222609353 0
      vertex 82.15712730311867 76.38362468597548 0
    endloop
  endfacet
  facet normal -0.453990499739527 -0.8910065241883779 0
    outer loop
      vertex 80.125 79.18060796608387 57.8
      vertex 79.72863073307215 79.38256819498105 0
      vertex 80.125 79.18060796608387 0
    endloop
  endfacet
  facet normal -0.5446390350150269 -0.8386705679454243 0
    outer loop
      vertex 80.49808732224301 78.93832222609353 57.8
      vertex 80.125 79.18060796608387 0
      vertex 80.49808732224301 78.93832222609353 0
    endloop
  endfacet
  facet normal -0.629320391049847 -0.7771459614569629 0
    outer loop
      vertex 80.84380507702515 78.65836550827892 57.8
      vertex 80.49808732224301 78.93832222609353 0
      vertex 80.84380507702515 78.65836550827892 0
    endloop
  endfacet
  facet normal -0.7071067811865475 -0.7071067811865475 0
    outer loop
      vertex 81.15836550827892 78.34380507702515 57.8
      vertex 80.84380507702515 78.65836550827892 0
      vertex 81.15836550827892 78.34380507702515 0
    endloop
  endfacet
  facet normal -0.7771459614569629 -0.629320391049847 0
    outer loop
      vertex 81.43832222609353 77.99808732224301 57.8
      vertex 81.15836550827892 78.34380507702515 0
      vertex 81.43832222609353 77.99808732224301 0
    endloop
  endfacet
  facet normal -0.2588190451025243 -0.9659258262890674 0
    outer loop
      vertex 79.31332222609353 79.5419901942544 57.8
      vertex 78.88362468597548 79.65712730311867 0
      vertex 79.31332222609353 79.5419901942544 0
    endloop
  endfacet
  facet normal -0.3583679495453039 -0.9335804264972004 0
    outer loop
      vertex 79.72863073307215 79.38256819498105 57.8
      vertex 79.31332222609353 79.5419901942544 0
      vertex 79.72863073307215 79.38256819498105 0
    endloop
  endfacet
  facet normal -0.9335804264972004 -0.3583679495453039 0
    outer loop
      vertex 82.0419901942544 76.81332222609353 57.8
      vertex 81.88256819498105 77.22863073307215 0
      vertex 82.0419901942544 76.81332222609353 0
    endloop
  endfacet
  facet normal -0.8910065241883779 -0.453990499739527 0
    outer loop
      vertex 81.88256819498105 77.22863073307215 57.8
      vertex 81.68060796608387 77.625 0
      vertex 81.88256819498105 77.22863073307215 0
    endloop
  endfacet
  facet normal -0.8386705679454243 -0.5446390350150269 0
    outer loop
      vertex 81.68060796608387 77.625 57.8
      vertex 81.43832222609353 77.99808732224301 0
      vertex 81.68060796608387 77.625 0
    endloop
  endfacet
  facet normal 0.9986295344686825 0.05233596169807261 0
    outer loop
      vertex 90 81.5 2
      vertex 89.9671313688159 82.12717077881098 2
      vertex 90 81.5 60
    endloop
  endfacet
  facet normal 0.05233596169807261 0.9986295344686825 0
    outer loop
      vertex 84 87.5 2
      vertex 84.62717077881098 87.4671313688159 60
      vertex 84.62717077881098 87.4671313688159 2
    endloop
  endfacet
  facet normal 0.15643445553477123 0.9876883421006546 0
    outer loop
      vertex 84.62717077881098 87.4671313688159 2
      vertex 85.24747014790773 87.36888560652733 60
      vertex 85.24747014790773 87.36888560652733 2
    endloop
  endfacet
  facet normal 0.25881904950851087 0.9659258251084867 0
    outer loop
      vertex 85.24747014790773 87.36888560652733 2
      vertex 85.85410196334124 87.20633909851313 60
      vertex 85.85410196334124 87.20633909851313 2
    endloop
  endfacet
  facet normal 0.3583679532441575 0.9335804250773435 0
    outer loop
      vertex 85.85410196334124 87.20633909851313 2
      vertex 86.44041986018419 86.98127274215221 60
      vertex 86.44041986018419 86.98127274215221 2
    endloop
  endfacet
  facet normal 0.4539904916265432 0.8910065283221495 0
    outer loop
      vertex 86.44041986018419 86.98127274215221 2
      vertex 87 86.69615242630243 60
      vertex 87 86.69615242630243 2
    endloop
  endfacet
  facet normal 0.9876883421006546 0.15643445553477123 0
    outer loop
      vertex 89.9671313688159 82.12717077881098 2
      vertex 89.86888560652733 82.74747014790773 2
      vertex 89.9671313688159 82.12717077881098 60
    endloop
  endfacet
  facet normal 0.9659258251084867 0.25881904950851087 0
    outer loop
      vertex 89.86888560652733 82.74747014790773 2
      vertex 89.70633909851313 83.35410196334124 2
      vertex 89.86888560652733 82.74747014790773 60
    endloop
  endfacet
  facet normal 0.8386705643141267 0.5446390406067345 0
    outer loop
      vertex 89.19615242630243 84.5 2
      vertex 88.85410196334124 85.02671151608229 2
      vertex 89.19615242630243 84.5 60
    endloop
  endfacet
  facet normal 0.9335804250773435 0.3583679532441575 0
    outer loop
      vertex 89.70633909851313 83.35410196334124 2
      vertex 89.48127274215221 83.94041986018419 2
      vertex 89.70633909851313 83.35410196334124 60
    endloop
  endfacet
  facet normal 0.8910065283221495 0.4539904916265432 0
    outer loop
      vertex 89.19615242630243 84.5 2
      vertex 89.48127274215221 83.94041986018419 60
      vertex 89.48127274215221 83.94041986018419 2
    endloop
  endfacet
  facet normal 0.6293203941204519 0.7771459589704364 0
    outer loop
      vertex 88.01478363573551 85.95886895060539 2
      vertex 87.52671151608229 86.35410196334124 2
      vertex 88.01478363573551 85.95886895060539 60
    endloop
  endfacet
  facet normal 0.7071067811865476 0.7071067811865476 0
    outer loop
      vertex 88.01478363573551 85.95886895060539 2
      vertex 88.45886895060539 85.51478363573551 60
      vertex 88.45886895060539 85.51478363573551 2
    endloop
  endfacet
  facet normal 0.5446390406067345 0.8386705643141267 0
    outer loop
      vertex 87 86.69615242630243 2
      vertex 87.52671151608229 86.35410196334124 60
      vertex 87.52671151608229 86.35410196334124 2
    endloop
  endfacet
  facet normal 0.7771459589704364 0.6293203941204519 0
    outer loop
      vertex 88.45886895060539 85.51478363573551 2
      vertex 88.85410196334124 85.02671151608229 60
      vertex 88.85410196334124 85.02671151608229 2
    endloop
  endfacet
  facet normal 0 0 1
    outer loop
      vertex -84 87.5 60
      vertex 63.86976087093353 83.5 60
      vertex 64.02676872164011 83.49588860571384 60
    endloop
  endfacet
  facet normal 0 0 1
    outer loop
      vertex -84 87.5 60
      vertex 64.02676872164011 83.49588860571384 60
      vertex 84 87.5 60
    endloop
  endfacet
  facet normal -1 0 0
    outer loop
      vertex 86 -61.36976087093353 60
      vertex 86 61.36976087093353 60
      vertex 86 61.36976087093353 2
    endloop
  endfacet
  facet normal 1 0 0
    outer loop
      vertex 90 -81.5 60
      vertex 90 81.5 2
      vertex 90 81.5 60
    endloop
  endfacet
  facet normal 0 0 1
    outer loop
      vertex 90 -81.5 60
      vertex 90 81.5 60
      vertex 86 61.36976087093353 60
    endloop
  endfacet
  facet normal -0.891006524892196 -0.45399049835820615 0
    outer loop
      vertex 67.07311893254519 70.54916489869356 2
      vertex 67.57203072309494 69.56999537348747 60
      vertex 67.07311893254519 70.54916489869356 60
    endloop
  endfacet
  facet normal -0.913545455693305 -0.4067366474539906 0
    outer loop
      vertex 67.00930194556713 70.6925001963973 2
      vertex 67.07311893254519 70.54916489869356 60
      vertex 67.00930194556713 70.6925001963973 60
    endloop
  endfacet
  facet normal -0.9335804257759017 -0.35836795142435096 0
    outer loop
      vertex 66.61547440290451 71.7184560149908 2
      vertex 67.00930194556713 70.6925001963973 60
      vertex 66.61547440290451 71.7184560149908 60
    endloop
  endfacet
  facet normal -0.9510565172324066 -0.30901699149037953 0
    outer loop
      vertex 66.56698954105377 71.86767707765102 2
      vertex 66.61547440290451 71.7184560149908 60
      vertex 66.56698954105377 71.86767707765102 60
    endloop
  endfacet
  facet normal -0.9659258279546319 -0.25881903888655244 0
    outer loop
      vertex 66.28256103396416 72.92917874455452 2
      vertex 66.56698954105377 71.86767707765102 60
      vertex 66.28256103396416 72.92917874455452 60
    endloop
  endfacet
  facet normal -0.9781475988388045 -0.20791169973303814 0
    outer loop
      vertex 66.24993965029716 73.0826502814889 2
      vertex 66.28256103396416 72.92917874455452 60
      vertex 66.24993965029716 73.0826502814889 60
    endloop
  endfacet
  facet normal -0.9876883405604088 -0.15643446525950055 0
    outer loop
      vertex 66.07802638411522 74.16806792467833 2
      vertex 66.24993965029716 73.0826502814889 60
      vertex 66.07802638411522 74.16806792467833 60
    endloop
  endfacet
  facet normal -0.9945218942654319 -0.10452847376048861 0
    outer loop
      vertex 66.06162586063147 74.324108466506 2
      vertex 66.07802638411522 74.16806792467833 60
      vertex 66.06162586063147 74.324108466506 60
    endloop
  endfacet
  facet normal -0.9986295348939128 -0.052335953584199485 0
    outer loop
      vertex 66.00411139428616 75.4215499162674 2
      vertex 66.06162586063147 74.324108466506 60
      vertex 66.00411139428616 75.4215499162674 60
    endloop
  endfacet
  facet normal -1 0 0
    outer loop
      vertex 66.00411139428616 75.57845007628202 2
      vertex 66.00411139428616 75.4215499162674 60
      vertex 66.00411139428616 75.57845007628202 60
    endloop
  endfacet
  facet normal -0.9986295349511297 0.05233595249243526 0
    outer loop
      vertex 66.06162585318089 76.67589140683413 2
      vertex 66.00411139428616 75.57845007628202 60
      vertex 66.06162585318089 76.67589140683413 60
    endloop
  endfacet
  facet normal -0.9945218960590235 0.1045284566956052 0
    outer loop
      vertex 66.07802639901638 76.83193218708038 2
      vertex 66.06162585318089 76.67589140683413 60
      vertex 66.07802639901638 76.83193218708038 60
    endloop
  endfacet
  facet normal -0.9876883400008707 0.15643446879228512 0
    outer loop
      vertex 66.24993965029716 77.91734971106052 2
      vertex 66.07802639901638 76.83193218708038 60
      vertex 66.24993965029716 77.91734971106052 60
    endloop
  endfacet
  facet normal -0.9781475988388045 0.20791169973303814 0
    outer loop
      vertex 66.28256103396416 78.0708212479949 2
      vertex 66.24993965029716 77.91734971106052 60
      vertex 66.28256103396416 78.0708212479949 60
    endloop
  endfacet
  facet normal -0.9659258271680096 0.2588190418222672 0
    outer loop
      vertex 66.56698954850435 79.13232292979956 2
      vertex 66.28256103396416 78.0708212479949 60
      vertex 66.56698954850435 79.13232292979956 60
    endloop
  endfacet
  facet normal -0.9510565224714396 0.30901697536629286 0
    outer loop
      vertex 66.61547439545393 79.28154395520687 2
      vertex 66.56698954850435 79.13232292979956 60
      vertex 66.61547439545393 79.28154395520687 60
    endloop
  endfacet
  facet normal -0.9335804208252607 0.3583679643212113 0
    outer loop
      vertex 66.67050215601921 79.42489616572857 2
      vertex 66.61547439545393 79.28154395520687 60
      vertex 66.67050215601921 79.42489616572857 60
    endloop
  endfacet
  facet normal -0.9510565170221443 0.3090169921374998 0
    outer loop
      vertex 66.76753835380077 79.72354287654161 2
      vertex 66.67050215601921 79.42489616572857 60
      vertex 66.76753835380077 79.72354287654161 60
    endloop
  endfacet
  facet normal -0.9781476048685016 0.20791167136554337 0
    outer loop
      vertex 66.83282589167356 80.03069662302732 2
      vertex 66.76753835380077 79.72354287654161 60
      vertex 66.83282589167356 80.03069662302732 60
    endloop
  endfacet
  facet normal -0.9945218945377534 0.10452847116952206 0
    outer loop
      vertex 66.86564947664738 80.34299214929342 2
      vertex 66.83282589167356 80.03069662302732 60
      vertex 66.86564947664738 80.34299214929342 60
    endloop
  endfacet
  facet normal -1 0 0
    outer loop
      vertex 66.86564947664738 80.65700788795948 2
      vertex 66.86564947664738 80.34299214929342 60
      vertex 66.86564947664738 80.65700788795948 60
    endloop
  endfacet
  facet normal -0.9781475990175839 -0.20791169889194822 0
    outer loop
      vertex 66.7675383463502 81.27645715326071 2
      vertex 66.83282589167356 80.96930341422558 60
      vertex 66.7675383463502 81.27645715326071 60
    endloop
  endfacet
  facet normal -0.95105651004902 -0.3090170135985689 0
    outer loop
      vertex 66.67050214111805 81.57510386407375 2
      vertex 66.7675383463502 81.27645715326071 60
      vertex 66.67050214111805 81.57510386407375 60
    endloop
  endfacet
  facet normal -0.9135454592940316 -0.40673663936662624 0
    outer loop
      vertex 66.54278043657541 81.86197151243687 2
      vertex 66.67050214111805 81.57510386407375 60
      vertex 66.54278043657541 81.86197151243687 60
    endloop
  endfacet
  facet normal -0.9945218945377534 -0.10452847116952206 0
    outer loop
      vertex 66.83282589167356 80.96930341422558 2
      vertex 66.86564947664738 80.65700788795948 60
      vertex 66.83282589167356 80.96930341422558 60
    endloop
  endfacet
  facet normal -0.02617694208405647 -0.9996573251385336 0
    outer loop
      vertex 63.86976087093353 83.5 2
      vertex 64.02676872164011 83.49588860571384 60
      vertex 63.86976087093353 83.5 60
    endloop
  endfacet
  facet normal -0.10452847116952206 -0.9945218945377534 0
    outer loop
      vertex 64.02676872164011 83.49588860571384 2
      vertex 64.33906424790621 83.46306502074003 60
      vertex 64.02676872164011 83.49588860571384 60
    endloop
  endfacet
  facet normal -0.20791167136554337 -0.9781476048685016 0
    outer loop
      vertex 64.33906424790621 83.46306502074003 2
      vertex 64.64621799439192 83.39777748286724 60
      vertex 64.33906424790621 83.46306502074003 60
    endloop
  endfacet
  facet normal -0.3090169921374998 -0.9510565170221443 0
    outer loop
      vertex 64.64621799439192 83.39777748286724 2
      vertex 64.94486470520496 83.30074128508568 60
      vertex 64.64621799439192 83.39777748286724 60
    endloop
  endfacet
  facet normal -0.40673663936662624 -0.9135454592940316 0
    outer loop
      vertex 64.94486470520496 83.30074128508568 2
      vertex 65.23173235356808 83.17301958054304 60
      vertex 64.94486470520496 83.30074128508568 60
    endloop
  endfacet
  facet normal -0.4999999859045104 -0.8660254119224732 0
    outer loop
      vertex 65.23173235356808 83.17301958054304 2
      vertex 65.50367796421051 83.0160117149353 60
      vertex 65.23173235356808 83.17301958054304 60
    endloop
  endfacet
  facet normal -0.7431448177612163 -0.669130614928542 0
    outer loop
      vertex 65.99108120054007 82.62132035195827 2
      vertex 66.20119874179363 82.3879611864686 60
      vertex 65.99108120054007 82.62132035195827 60
    endloop
  endfacet
  facet normal -0.5877852528566571 -0.809016993965044 0
    outer loop
      vertex 65.50367796421051 83.0160117149353 2
      vertex 65.75772203505039 82.83143789321184 60
      vertex 65.50367796421051 83.0160117149353 60
    endloop
  endfacet
  facet normal -0.669130614928542 -0.7431448177612163 0
    outer loop
      vertex 65.75772203505039 82.83143789321184 2
      vertex 65.99108120054007 82.62132035195827 60
      vertex 65.75772203505039 82.83143789321184 60
    endloop
  endfacet
  facet normal -0.809016993965044 -0.5877852528566571 0
    outer loop
      vertex 66.20119874179363 82.3879611864686 2
      vertex 66.3857725635171 82.13391711562872 60
      vertex 66.20119874179363 82.3879611864686 60
    endloop
  endfacet
  facet normal -0.8660253957167849 -0.500000013973586 0
    outer loop
      vertex 66.3857725635171 82.13391711562872 2
      vertex 66.54278043657541 81.86197151243687 60
      vertex 66.3857725635171 82.13391711562872 60
    endloop
  endfacet
  facet normal -0.5446390353737932 -0.8386705677124385 0
    outer loop
      vertex 71.01246091723442 65.74901052564383 2
      vertex 71.93411602079868 65.15048070251942 60
      vertex 71.01246091723442 65.74901052564383 60
    endloop
  endfacet
  facet normal -0.45399049835820615 -0.891006524892196 0
    outer loop
      vertex 72.06999537348747 65.07203072309494 2
      vertex 73.04916489869356 64.57311893254519 60
      vertex 72.06999537348747 65.07203072309494 60
    endloop
  endfacet
  facet normal -0.4999999931753902 -0.866025407724629 0
    outer loop
      vertex 71.93411602079868 65.15048070251942 2
      vertex 72.06999537348747 65.07203072309494 60
      vertex 71.93411602079868 65.15048070251942 60
    endloop
  endfacet
  facet normal -0.4067366344303633 -0.9135454614917974 0
    outer loop
      vertex 73.04916489869356 64.57311893254519 2
      vertex 73.19250015169382 64.50930196791887 60
      vertex 73.04916489869356 64.57311893254519 60
    endloop
  endfacet
  facet normal -0.309016988237967 -0.9510565182891794 0
    outer loop
      vertex 74.21845606714487 64.11547438800335 2
      vertex 74.36767706274986 64.06698954850435 60
      vertex 74.21845606714487 64.11547438800335 60
    endloop
  endfacet
  facet normal -0.35836795148206757 -0.9335804257537463 0
    outer loop
      vertex 73.19250015169382 64.50930196791887 2
      vertex 74.21845606714487 64.11547438800335 60
      vertex 73.19250015169382 64.50930196791887 60
    endloop
  endfacet
  facet normal -0.2588190418222672 -0.9659258271680096 0
    outer loop
      vertex 74.36767706274986 64.06698954850435 2
      vertex 75.42917874455452 63.78256103396416 60
      vertex 74.36767706274986 64.06698954850435 60
    endloop
  endfacet
  facet normal -0.20791169973303814 -0.9781475988388045 0
    outer loop
      vertex 75.42917874455452 63.78256103396416 2
      vertex 75.5826502814889 63.749939650297165 60
      vertex 75.42917874455452 63.78256103396416 60
    endloop
  endfacet
  facet normal -0.15643446879228512 -0.9876883400008707 0
    outer loop
      vertex 75.5826502814889 63.749939650297165 2
      vertex 76.66806780546904 63.57802639901638 60
      vertex 75.5826502814889 63.749939650297165 60
    endloop
  endfacet
  facet normal -0.1045284566956052 -0.9945218960590235 0
    outer loop
      vertex 76.66806780546904 63.57802639901638 2
      vertex 76.8241085857153 63.561625853180885 60
      vertex 76.66806780546904 63.57802639901638 60
    endloop
  endfacet
  facet normal -0.05233595213809724 -0.9986295349696998 0
    outer loop
      vertex 76.8241085857153 63.561625853180885 2
      vertex 77.92154992371798 63.504111394286156 60
      vertex 76.8241085857153 63.561625853180885 60
    endloop
  endfacet
  facet normal 0 -1 0
    outer loop
      vertex 77.92154992371798 63.504111394286156 2
      vertex 78.07845007628202 63.504111394286156 60
      vertex 77.92154992371798 63.504111394286156 60
    endloop
  endfacet
  facet normal 0.052335953584199485 -0.9986295348939128 0
    outer loop
      vertex 78.07845007628202 63.504111394286156 2
      vertex 79.17589152604342 63.561625860631466 60
      vertex 78.07845007628202 63.504111394286156 60
    endloop
  endfacet
  facet normal 0.10452847376048861 -0.9945218942654319 0
    outer loop
      vertex 79.17589152604342 63.561625860631466 2
      vertex 79.3319320678711 63.57802638411522 60
      vertex 79.17589152604342 63.561625860631466 60
    endloop
  endfacet
  facet normal 0.15643446525950055 -0.9876883405604088 0
    outer loop
      vertex 79.3319320678711 63.57802638411522 2
      vertex 80.41734971106052 63.749939650297165 60
      vertex 79.3319320678711 63.57802638411522 60
    endloop
  endfacet
  facet normal 0.20791169973303814 -0.9781475988388045 0
    outer loop
      vertex 80.41734971106052 63.749939650297165 2
      vertex 80.5708212479949 63.78256103396416 60
      vertex 80.41734971106052 63.749939650297165 60
    endloop
  endfacet
  facet normal 0.25881903888655244 -0.9659258279546319 0
    outer loop
      vertex 80.5708212479949 63.78256103396416 2
      vertex 81.6323229148984 64.06698954105377 60
      vertex 80.5708212479949 63.78256103396416 60
    endloop
  endfacet
  facet normal 0.3090170204861316 -0.9510565078111152 0
    outer loop
      vertex 81.6323229148984 64.06698954105377 2
      vertex 81.7815439850092 64.11547441035509 60
      vertex 81.6323229148984 64.06698954105377 60
    endloop
  endfacet
  facet normal 0.3583679382646259 -0.933580430827447 0
    outer loop
      vertex 81.7815439850092 64.11547441035509 2
      vertex 81.92489618808031 64.17050216346979 60
      vertex 81.7815439850092 64.11547441035509 60
    endloop
  endfacet
  facet normal 0.33380684456549964 -0.9426414962864854 0
    outer loop
      vertex 81.92489618808031 64.17050216346979 2
      vertex 82.07294901460409 64.2229304164648 60
      vertex 81.92489618808031 64.17050216346979 60
    endloop
  endfacet
  facet normal 0.25881905464550803 -0.9659258237320325 0
    outer loop
      vertex 82.07294901460409 64.2229304164648 2
      vertex 82.37626492977142 64.3042036741972 60
      vertex 82.07294901460409 64.2229304164648 60
    endloop
  endfacet
  facet normal 0.15643447077382908 -0.987688339687025 0
    outer loop
      vertex 82.37626492977142 64.3042036741972 2
      vertex 82.68641460686922 64.35332655906677 60
      vertex 82.37626492977142 64.3042036741972 60
    endloop
  endfacet
  facet normal 0.052335949247149044 -0.998629535121208 0
    outer loop
      vertex 82.68641460686922 64.35332655906677 2
      vertex 83 64.36976087093353 60
      vertex 82.68641460686922 64.35332655906677 60
    endloop
  endfacet
  facet normal -0.358367950842512 -0.9335804259992488 0
    outer loop
      vertex 83.92705098539591 64.2229304164648 2
      vertex 84.2202099263668 64.11039724200964 60
      vertex 83.92705098539591 64.2229304164648 60
    endloop
  endfacet
  facet normal -0.45399049624595805 -0.8910065259684402 0
    outer loop
      vertex 84.2202099263668 64.11039724200964 2
      vertex 84.5 63.96783708035946 60
      vertex 84.2202099263668 64.11039724200964 60
    endloop
  endfacet
  facet normal -0.052335949247149044 -0.998629535121208 0
    outer loop
      vertex 83 64.36976087093353 2
      vertex 83.31358539313078 64.35332655906677 60
      vertex 83 64.36976087093353 60
    endloop
  endfacet
  facet normal -0.15643447077382908 -0.987688339687025 0
    outer loop
      vertex 83.31358539313078 64.35332655906677 2
      vertex 83.62373507022858 64.3042036741972 60
      vertex 83.31358539313078 64.35332655906677 60
    endloop
  endfacet
  facet normal -0.25881905464550803 -0.9659258237320325 0
    outer loop
      vertex 83.62373507022858 64.3042036741972 2
      vertex 83.92705098539591 64.2229304164648 60
      vertex 83.62373507022858 64.3042036741972 60
    endloop
  endfacet
  facet normal -0.9335804259992488 -0.358367950842512 0
    outer loop
      vertex 85.7406363710761 62.58997079730034 2
      vertex 85.85316954553127 62.29681185632944 60
      vertex 85.7406363710761 62.58997079730034 60
    endloop
  endfacet
  facet normal -0.8910065259684402 -0.45399049624595805 0
    outer loop
      vertex 85.59807620942593 62.86976087093353 2
      vertex 85.7406363710761 62.58997079730034 60
      vertex 85.59807620942593 62.86976087093353 60
    endloop
  endfacet
  facet normal -0.998629535121208 -0.052335949247149044 0
    outer loop
      vertex 85.98356568813324 61.68334626406431 2
      vertex 86 61.36976087093353 60
      vertex 85.98356568813324 61.68334626406431 60
    endloop
  endfacet
  facet normal -0.987688339687025 -0.15643447077382908 0
    outer loop
      vertex 85.93444280326366 61.99349594116211 2
      vertex 85.98356568813324 61.68334626406431 60
      vertex 85.93444280326366 61.99349594116211 60
    endloop
  endfacet
  facet normal -0.9659258237320325 -0.25881905464550803 0
    outer loop
      vertex 85.85316954553127 62.29681185632944 2
      vertex 85.93444280326366 61.99349594116211 60
      vertex 85.85316954553127 62.29681185632944 60
    endloop
  endfacet
  facet normal -0.5446390293369446 -0.8386705716328138 0
    outer loop
      vertex 84.5 63.96783708035946 2
      vertex 84.76335575431585 63.79681185632944 60
      vertex 84.5 63.96783708035946 60
    endloop
  endfacet
  facet normal -0.629320395483342 -0.7771459578667895 0
    outer loop
      vertex 84.76335575431585 63.79681185632944 2
      vertex 85.00739181786776 63.59919534623623 60
      vertex 84.76335575431585 63.79681185632944 60
    endloop
  endfacet
  facet normal -0.7071067811865476 -0.7071067811865476 0
    outer loop
      vertex 85.00739181786776 63.59919534623623 2
      vertex 85.2294344753027 63.37715268880129 60
      vertex 85.00739181786776 63.59919534623623 60
    endloop
  endfacet
  facet normal -0.7771459578667895 -0.629320395483342 0
    outer loop
      vertex 85.2294344753027 63.37715268880129 2
      vertex 85.42705098539591 63.133116625249386 60
      vertex 85.2294344753027 63.37715268880129 60
    endloop
  endfacet
  facet normal -0.8386705716328138 -0.5446390293369446 0
    outer loop
      vertex 85.42705098539591 63.133116625249386 2
      vertex 85.59807620942593 62.86976087093353 60
      vertex 85.42705098539591 63.133116625249386 60
    endloop
  endfacet
  facet normal -0.777145965165893 -0.6293203864697001 0
    outer loop
      vertex 68.3412339836359 68.38552622497082 2
      vertex 69.03282410651445 67.53148353844881 60
      vertex 68.3412339836359 68.38552622497082 60
    endloop
  endfacet
  facet normal -0.6691306042468929 -0.7431448273790162 0
    outer loop
      vertex 69.91488402336836 66.63781078159809 2
      vertex 70.03148353099823 66.53282411396503 60
      vertex 69.91488402336836 66.63781078159809 60
    endloop
  endfacet
  facet normal -0.7431448226754975 -0.6691306094706797 0
    outer loop
      vertex 69.03282410651445 67.53148353844881 2
      vertex 69.13781078904867 67.41488401591778 60
      vertex 69.03282410651445 67.53148353844881 60
    endloop
  endfacet
  facet normal -0.7071067811865476 -0.7071067811865476 0
    outer loop
      vertex 69.13781078904867 67.41488401591778 2
      vertex 69.91488402336836 66.63781078159809 60
      vertex 69.13781078904867 67.41488401591778 60
    endloop
  endfacet
  facet normal -0.8386705677124385 -0.5446390353737932 0
    outer loop
      vertex 67.65048070251942 69.43411602079868 2
      vertex 68.24901052564383 68.51246091723442 60
      vertex 67.65048070251942 69.43411602079868 60
    endloop
  endfacet
  facet normal -0.866025407724629 -0.4999999931753902 0
    outer loop
      vertex 67.57203072309494 69.56999537348747 2
      vertex 67.65048070251942 69.43411602079868 60
      vertex 67.57203072309494 69.56999537348747 60
    endloop
  endfacet
  facet normal -0.8090169768470806 -0.5877852764175114 0
    outer loop
      vertex 68.24901052564383 68.51246091723442 2
      vertex 68.3412339836359 68.38552622497082 60
      vertex 68.24901052564383 68.51246091723442 60
    endloop
  endfacet
  facet normal -0.6293203872485708 -0.7771459645351759 0
    outer loop
      vertex 70.03148353099823 66.53282411396503 2
      vertex 70.88552622497082 65.8412339836359 60
      vertex 70.03148353099823 66.53282411396503 60
    endloop
  endfacet
  facet normal -0.5877852764175114 -0.8090169768470806 0
    outer loop
      vertex 70.88552622497082 65.8412339836359 2
      vertex 71.01246091723442 65.74901052564383 60
      vertex 70.88552622497082 65.8412339836359 60
    endloop
  endfacet
  facet normal 0.8386705679454243 0.5446390350150269 0
    outer loop
      vertex 74.56167777390647 73.00191267775699 57.8
      vertex 74.56167777390647 73.00191267775699 0
      vertex 74.31939203391613 73.375 57.8
    endloop
  endfacet
  facet normal 0.8910065241883779 0.453990499739527 0
    outer loop
      vertex 74.31939203391613 73.375 57.8
      vertex 74.31939203391613 73.375 0
      vertex 74.11743180501895 73.77136926692785 57.8
    endloop
  endfacet
  facet normal 0.7071067811865475 0.7071067811865475 0
    outer loop
      vertex 75.15619492297485 72.34163449172108 57.8
      vertex 75.15619492297485 72.34163449172108 0
      vertex 74.84163449172108 72.65619492297485 57.8
    endloop
  endfacet
  facet normal 0.629320391049847 0.7771459614569629 0
    outer loop
      vertex 75.15619492297485 72.34163449172108 57.8
      vertex 75.50191267775699 72.06167777390647 57.8
      vertex 75.50191267775699 72.06167777390647 0
    endloop
  endfacet
  facet normal 0.5446390350150269 0.8386705679454243 0
    outer loop
      vertex 75.875 71.81939203391613 57.8
      vertex 75.875 71.81939203391613 0
      vertex 75.50191267775699 72.06167777390647 57.8
    endloop
  endfacet
  facet normal 0.7771459614569629 0.629320391049847 0
    outer loop
      vertex 74.56167777390647 73.00191267775699 57.8
      vertex 74.84163449172108 72.65619492297485 57.8
      vertex 74.84163449172108 72.65619492297485 0
    endloop
  endfacet
  facet normal 0.9876883405951369 0.15643446504023623 0
    outer loop
      vertex 73.84287269688133 74.61637531402452 57.8
      vertex 73.84287269688133 74.61637531402452 0
      vertex 73.77328194468484 75.05575403111247 57.8
    endloop
  endfacet
  facet normal 0.9335804264972004 0.3583679495453039 0
    outer loop
      vertex 73.9580098057456 74.18667777390647 57.8
      vertex 74.11743180501895 73.77136926692785 57.8
      vertex 74.11743180501895 73.77136926692785 0
    endloop
  endfacet
  facet normal 0.9659258262890674 0.2588190451025243 0
    outer loop
      vertex 73.9580098057456 74.18667777390647 57.8
      vertex 73.9580098057456 74.18667777390647 0
      vertex 73.84287269688133 74.61637531402452 57.8
    endloop
  endfacet
  facet normal 0.9986295347545737 0.05233595624294645 0
    outer loop
      vertex 73.77328194468484 75.05575403111247 57.8
      vertex 73.77328194468484 75.05575403111247 0
      vertex 73.75 75.5 57.8
    endloop
  endfacet
  facet normal 0.9986295347545737 -0.05233595624294645 0
    outer loop
      vertex 73.75 75.5 57.8
      vertex 73.75 75.5 0
      vertex 73.77328194468484 75.94424596888753 57.8
    endloop
  endfacet
  facet normal 0.9876883405951369 -0.15643446504023623 0
    outer loop
      vertex 73.77328194468484 75.94424596888753 57.8
      vertex 73.77328194468484 75.94424596888753 0
      vertex 73.84287269688133 76.38362468597548 57.8
    endloop
  endfacet
  facet normal 0.9659258262890674 -0.2588190451025243 0
    outer loop
      vertex 73.84287269688133 76.38362468597548 57.8
      vertex 73.84287269688133 76.38362468597548 0
      vertex 73.9580098057456 76.81332222609353 57.8
    endloop
  endfacet
  facet normal 0.453990499739527 0.8910065241883779 0
    outer loop
      vertex 75.875 71.81939203391613 57.8
      vertex 76.27136926692785 71.61743180501895 57.8
      vertex 76.27136926692785 71.61743180501895 0
    endloop
  endfacet
  facet normal 0.3583679495453039 0.9335804264972004 0
    outer loop
      vertex 76.27136926692785 71.61743180501895 57.8
      vertex 76.68667777390647 71.4580098057456 57.8
      vertex 76.68667777390647 71.4580098057456 0
    endloop
  endfacet
  facet normal 0.2588190451025243 0.9659258262890674 0
    outer loop
      vertex 76.68667777390647 71.4580098057456 57.8
      vertex 77.11637531402452 71.34287269688133 57.8
      vertex 77.11637531402452 71.34287269688133 0
    endloop
  endfacet
  facet normal 0.15643446504023623 0.9876883405951369 0
    outer loop
      vertex 77.11637531402452 71.34287269688133 57.8
      vertex 77.55575403111247 71.27328194468484 57.8
      vertex 77.55575403111247 71.27328194468484 0
    endloop
  endfacet
  facet normal 0.05233595624294645 0.9986295347545737 0
    outer loop
      vertex 77.55575403111247 71.27328194468484 57.8
      vertex 78 71.25 57.8
      vertex 78 71.25 0
    endloop
  endfacet
  facet normal -0.05233595624294645 0.9986295347545737 0
    outer loop
      vertex 78 71.25 57.8
      vertex 78.44424596888753 71.27328194468484 57.8
      vertex 78.44424596888753 71.27328194468484 0
    endloop
  endfacet
  facet normal -0.15643446504023623 0.9876883405951369 0
    outer loop
      vertex 78.44424596888753 71.27328194468484 57.8
      vertex 78.88362468597548 71.34287269688133 57.8
      vertex 78.88362468597548 71.34287269688133 0
    endloop
  endfacet
  facet normal 0.9335804264972004 -0.3583679495453039 0
    outer loop
      vertex 73.9580098057456 76.81332222609353 57.8
      vertex 73.9580098057456 76.81332222609353 0
      vertex 74.11743180501895 77.22863073307215 57.8
    endloop
  endfacet
  facet normal 0.8910065241883779 -0.453990499739527 0
    outer loop
      vertex 74.11743180501895 77.22863073307215 57.8
      vertex 74.11743180501895 77.22863073307215 0
      vertex 74.31939203391613 77.625 57.8
    endloop
  endfacet
  facet normal 0.8386705679454243 -0.5446390350150269 0
    outer loop
      vertex 74.31939203391613 77.625 57.8
      vertex 74.31939203391613 77.625 0
      vertex 74.56167777390647 77.99808732224301 57.8
    endloop
  endfacet
  facet normal 0.7771459614569629 -0.629320391049847 0
    outer loop
      vertex 74.56167777390647 77.99808732224301 57.8
      vertex 74.56167777390647 77.99808732224301 0
      vertex 74.84163449172108 78.34380507702515 57.8
    endloop
  endfacet
  facet normal 0.7071067811865475 -0.7071067811865475 0
    outer loop
      vertex 74.84163449172108 78.34380507702515 57.8
      vertex 74.84163449172108 78.34380507702515 0
      vertex 75.15619492297485 78.65836550827892 57.8
    endloop
  endfacet
  facet normal 0.629320391049847 -0.7771459614569629 0
    outer loop
      vertex 75.15619492297485 78.65836550827892 57.8
      vertex 75.15619492297485 78.65836550827892 0
      vertex 75.50191267775699 78.93832222609353 57.8
    endloop
  endfacet
  facet normal 0.5446390350150269 -0.8386705679454243 0
    outer loop
      vertex 75.50191267775699 78.93832222609353 57.8
      vertex 75.50191267775699 78.93832222609353 0
      vertex 75.875 79.18060796608387 57.8
    endloop
  endfacet
  facet normal 0.453990499739527 -0.8910065241883779 0
    outer loop
      vertex 75.875 79.18060796608387 57.8
      vertex 75.875 79.18060796608387 0
      vertex 76.27136926692785 79.38256819498105 57.8
    endloop
  endfacet
  facet normal 0.3583679495453039 -0.9335804264972004 0
    outer loop
      vertex 76.27136926692785 79.38256819498105 57.8
      vertex 76.27136926692785 79.38256819498105 0
      vertex 76.68667777390647 79.5419901942544 57.8
    endloop
  endfacet
  facet normal 0.2588190451025243 -0.9659258262890674 0
    outer loop
      vertex 76.68667777390647 79.5419901942544 57.8
      vertex 76.68667777390647 79.5419901942544 0
      vertex 77.11637531402452 79.65712730311867 57.8
    endloop
  endfacet
  facet normal 0.15643446504023623 -0.9876883405951369 0
    outer loop
      vertex 77.11637531402452 79.65712730311867 57.8
      vertex 77.11637531402452 79.65712730311867 0
      vertex 77.55575403111247 79.72671805531516 57.8
    endloop
  endfacet
  facet normal 0.05233595624294645 -0.9986295347545737 0
    outer loop
      vertex 77.55575403111247 79.72671805531516 57.8
      vertex 77.55575403111247 79.72671805531516 0
      vertex 78 79.75 57.8
    endloop
  endfacet
  facet normal -0.05233595624294645 -0.9986295347545737 0
    outer loop
      vertex 78 79.75 57.8
      vertex 78 79.75 0
      vertex 78.44424596888753 79.72671805531516 57.8
    endloop
  endfacet
  facet normal -0.15643446504023623 -0.9876883405951369 0
    outer loop
      vertex 78.88362468597548 79.65712730311867 57.8
      vertex 78.44424596888753 79.72671805531516 57.8
      vertex 78.44424596888753 79.72671805531516 0
    endloop
  endfacet
  facet normal -0.2588190451025243 0.9659258262890674 0
    outer loop
      vertex 78.88362468597548 71.34287269688133 57.8
      vertex 79.31332222609353 71.4580098057456 57.8
      vertex 79.31332222609353 71.4580098057456 0
    endloop
  endfacet
  facet normal -0.3583679495453039 0.9335804264972004 0
    outer loop
      vertex 79.31332222609353 71.4580098057456 57.8
      vertex 79.72863073307215 71.61743180501895 57.8
      vertex 79.72863073307215 71.61743180501895 0
    endloop
  endfacet
  facet normal -0.453990499739527 0.8910065241883779 0
    outer loop
      vertex 79.72863073307215 71.61743180501895 57.8
      vertex 80.125 71.81939203391613 57.8
      vertex 80.125 71.81939203391613 0
    endloop
  endfacet
  facet normal -0.5446390350150269 0.8386705679454243 0
    outer loop
      vertex 80.125 71.81939203391613 57.8
      vertex 80.49808732224301 72.06167777390647 57.8
      vertex 80.49808732224301 72.06167777390647 0
    endloop
  endfacet
  facet normal -0.629320391049847 0.7771459614569629 0
    outer loop
      vertex 80.49808732224301 72.06167777390647 57.8
      vertex 80.84380507702515 72.34163449172108 57.8
      vertex 80.84380507702515 72.34163449172108 0
    endloop
  endfacet
  facet normal -0.7071067811865475 0.7071067811865475 0
    outer loop
      vertex 80.84380507702515 72.34163449172108 57.8
      vertex 81.15836550827892 72.65619492297485 57.8
      vertex 81.15836550827892 72.65619492297485 0
    endloop
  endfacet
  facet normal -0.7771459614569629 0.629320391049847 0
    outer loop
      vertex 81.15836550827892 72.65619492297485 57.8
      vertex 81.43832222609353 73.00191267775699 57.8
      vertex 81.43832222609353 73.00191267775699 0
    endloop
  endfacet
  facet normal -0.8386705679454243 0.5446390350150269 0
    outer loop
      vertex 81.43832222609353 73.00191267775699 57.8
      vertex 81.68060796608387 73.375 57.8
      vertex 81.68060796608387 73.375 0
    endloop
  endfacet
  facet normal -0.8910065241883779 0.453990499739527 0
    outer loop
      vertex 81.68060796608387 73.375 57.8
      vertex 81.88256819498105 73.77136926692785 57.8
      vertex 81.88256819498105 73.77136926692785 0
    endloop
  endfacet
  facet normal -0.9335804264972004 0.3583679495453039 0
    outer loop
      vertex 81.88256819498105 73.77136926692785 57.8
      vertex 82.0419901942544 74.18667777390647 57.8
      vertex 82.0419901942544 74.18667777390647 0
    endloop
  endfacet
  facet normal -0.9659258262890674 0.2588190451025243 0
    outer loop
      vertex 82.0419901942544 74.18667777390647 57.8
      vertex 82.15712730311867 74.61637531402452 57.8
      vertex 82.15712730311867 74.61637531402452 0
    endloop
  endfacet
  facet normal -0.9876883405951369 0.15643446504023623 0
    outer loop
      vertex 82.15712730311867 74.61637531402452 57.8
      vertex 82.22671805531516 75.05575403111247 57.8
      vertex 82.22671805531516 75.05575403111247 0
    endloop
  endfacet
  facet normal -0.9986295347545737 0.05233595624294645 0
    outer loop
      vertex 82.22671805531516 75.05575403111247 57.8
      vertex 82.25 75.5 57.8
      vertex 82.25 75.5 0
    endloop
  endfacet
  facet normal -0.9986295347545737 -0.05233595624294645 0
    outer loop
      vertex 82.25 75.5 57.8
      vertex 82.22671805531516 75.94424596888753 57.8
      vertex 82.22671805531516 75.94424596888753 0
    endloop
  endfacet
  facet normal -0.9876883405951369 -0.15643446504023623 0
    outer loop
      vertex 82.22671805531516 75.94424596888753 57.8
      vertex 82.15712730311867 76.38362468597548 57.8
      vertex 82.15712730311867 76.38362468597548 0
    endloop
  endfacet
  facet normal -0.8386705679454243 -0.5446390350150269 0
    outer loop
      vertex 81.68060796608387 77.625 57.8
      vertex 81.43832222609353 77.99808732224301 57.8
      vertex 81.43832222609353 77.99808732224301 0
    endloop
  endfacet
  facet normal -0.5446390350150269 -0.8386705679454243 0
    outer loop
      vertex 80.49808732224301 78.93832222609353 57.8
      vertex 80.125 79.18060796608387 57.8
      vertex 80.125 79.18060796608387 0
    endloop
  endfacet
  facet normal -0.629320391049847 -0.7771459614569629 0
    outer loop
      vertex 80.49808732224301 78.93832222609353 57.8
      vertex 80.49808732224301 78.93832222609353 0
      vertex 80.84380507702515 78.65836550827892 57.8
    endloop
  endfacet
  facet normal -0.7071067811865475 -0.7071067811865475 0
    outer loop
      vertex 81.15836550827892 78.34380507702515 57.8
      vertex 80.84380507702515 78.65836550827892 57.8
      vertex 80.84380507702515 78.65836550827892 0
    endloop
  endfacet
  facet normal -0.7771459614569629 -0.629320391049847 0
    outer loop
      vertex 81.15836550827892 78.34380507702515 57.8
      vertex 81.15836550827892 78.34380507702515 0
      vertex 81.43832222609353 77.99808732224301 57.8
    endloop
  endfacet
  facet normal -0.2588190451025243 -0.9659258262890674 0
    outer loop
      vertex 78.88362468597548 79.65712730311867 57.8
      vertex 78.88362468597548 79.65712730311867 0
      vertex 79.31332222609353 79.5419901942544 57.8
    endloop
  endfacet
  facet normal -0.3583679495453039 -0.9335804264972004 0
    outer loop
      vertex 79.31332222609353 79.5419901942544 57.8
      vertex 79.31332222609353 79.5419901942544 0
      vertex 79.72863073307215 79.38256819498105 57.8
    endloop
  endfacet
  facet normal -0.453990499739527 -0.8910065241883779 0
    outer loop
      vertex 79.72863073307215 79.38256819498105 57.8
      vertex 79.72863073307215 79.38256819498105 0
      vertex 80.125 79.18060796608387 57.8
    endloop
  endfacet
  facet normal -0.9659258262890674 -0.2588190451025243 0
    outer loop
      vertex 82.0419901942544 76.81332222609353 57.8
      vertex 82.0419901942544 76.81332222609353 0
      vertex 82.15712730311867 76.38362468597548 57.8
    endloop
  endfacet
  facet normal -0.9335804264972004 -0.3583679495453039 0
    outer loop
      vertex 82.0419901942544 76.81332222609353 57.8
      vertex 81.88256819498105 77.22863073307215 57.8
      vertex 81.88256819498105 77.22863073307215 0
    endloop
  endfacet
  facet normal -0.8910065241883779 -0.453990499739527 0
    outer loop
      vertex 81.68060796608387 77.625 57.8
      vertex 81.68060796608387 77.625 0
      vertex 81.88256819498105 77.22863073307215 57.8
    endloop
  endfacet
  facet normal 0.05233596169807261 0.9986295344686825 0
    outer loop
      vertex 84 87.5 2
      vertex 84 87.5 60
      vertex 84.62717077881098 87.4671313688159 60
    endloop
  endfacet
  facet normal 0.9986295344686825 0.05233596169807261 0
    outer loop
      vertex 89.9671313688159 82.12717077881098 2
      vertex 89.9671313688159 82.12717077881098 60
      vertex 90 81.5 60
    endloop
  endfacet
  facet normal 0.15643445553477123 0.9876883421006546 0
    outer loop
      vertex 84.62717077881098 87.4671313688159 2
      vertex 84.62717077881098 87.4671313688159 60
      vertex 85.24747014790773 87.36888560652733 60
    endloop
  endfacet
  facet normal 0.25881904950851087 0.9659258251084867 0
    outer loop
      vertex 85.24747014790773 87.36888560652733 2
      vertex 85.24747014790773 87.36888560652733 60
      vertex 85.85410196334124 87.20633909851313 60
    endloop
  endfacet
  facet normal 0.3583679532441575 0.9335804250773435 0
    outer loop
      vertex 85.85410196334124 87.20633909851313 2
      vertex 85.85410196334124 87.20633909851313 60
      vertex 86.44041986018419 86.98127274215221 60
    endloop
  endfacet
  facet normal 0.5446390406067345 0.8386705643141267 0
    outer loop
      vertex 87 86.69615242630243 2
      vertex 87 86.69615242630243 60
      vertex 87.52671151608229 86.35410196334124 60
    endloop
  endfacet
  facet normal 0.4539904916265432 0.8910065283221495 0
    outer loop
      vertex 86.44041986018419 86.98127274215221 2
      vertex 86.44041986018419 86.98127274215221 60
      vertex 87 86.69615242630243 60
    endloop
  endfacet
  facet normal 0.9876883421006546 0.15643445553477123 0
    outer loop
      vertex 89.86888560652733 82.74747014790773 2
      vertex 89.86888560652733 82.74747014790773 60
      vertex 89.9671313688159 82.12717077881098 60
    endloop
  endfacet
  facet normal 0.9659258251084867 0.25881904950851087 0
    outer loop
      vertex 89.70633909851313 83.35410196334124 2
      vertex 89.70633909851313 83.35410196334124 60
      vertex 89.86888560652733 82.74747014790773 60
    endloop
  endfacet
  facet normal 0.8910065283221495 0.4539904916265432 0
    outer loop
      vertex 89.19615242630243 84.5 2
      vertex 89.19615242630243 84.5 60
      vertex 89.48127274215221 83.94041986018419 60
    endloop
  endfacet
  facet normal 0.9335804250773435 0.3583679532441575 0
    outer loop
      vertex 89.48127274215221 83.94041986018419 2
      vertex 89.48127274215221 83.94041986018419 60
      vertex 89.70633909851313 83.35410196334124 60
    endloop
  endfacet
  facet normal 0.7771459589704364 0.6293203941204519 0
    outer loop
      vertex 88.45886895060539 85.51478363573551 2
      vertex 88.45886895060539 85.51478363573551 60
      vertex 88.85410196334124 85.02671151608229 60
    endloop
  endfacet
  facet normal 0.7071067811865476 0.7071067811865476 0
    outer loop
      vertex 88.01478363573551 85.95886895060539 2
      vertex 88.01478363573551 85.95886895060539 60
      vertex 88.45886895060539 85.51478363573551 60
    endloop
  endfacet
  facet normal 0.6293203941204519 0.7771459589704364 0
    outer loop
      vertex 87.52671151608229 86.35410196334124 2
      vertex 87.52671151608229 86.35410196334124 60
      vertex 88.01478363573551 85.95886895060539 60
    endloop
  endfacet
  facet normal 0.8386705643141267 0.5446390406067345 0
    outer loop
      vertex 88.85410196334124 85.02671151608229 2
      vertex 88.85410196334124 85.02671151608229 60
      vertex 89.19615242630243 84.5 60
    endloop
  endfacet
  facet normal 0 0 1
    outer loop
      vertex 66.24993965029716 73.0826502814889 60
      vertex 66.28256103396416 72.92917874455452 60
      vertex 69.94437264751699 74.65331944753201 60
    endloop
  endfacet
  facet normal 0 0 1
    outer loop
      vertex 66.24993965029716 73.0826502814889 60
      vertex 69.94437264751699 74.65331944753201 60
      vertex 66.07802638411522 74.16806792467833 60
    endloop
  endfacet
  facet normal 0 0 1
    outer loop
      vertex 66.07802638411522 74.16806792467833 60
      vertex 69.9 75.5 60
      vertex 66.06162586063147 74.324108466506 60
    endloop
  endfacet
  facet normal 0 0 1
    outer loop
      vertex 66.06162586063147 74.324108466506 60
      vertex 69.9 75.5 60
      vertex 66.00411139428616 75.4215499162674 60
    endloop
  endfacet
  facet normal 0 0 1
    outer loop
      vertex 66.00411139428616 75.4215499162674 60
      vertex 70.07700443405618 77.18408469562385 60
      vertex 66.00411139428616 75.57845007628202 60
    endloop
  endfacet
  facet normal 0 0 1
    outer loop
      vertex 66.00411139428616 75.57845007628202 60
      vertex 70.29644221800926 78.00303765443708 60
      vertex 66.06162585318089 76.67589140683413 60
    endloop
  endfacet
  facet normal 0 0 1
    outer loop
      vertex 74.21845606714487 64.11547438800335 60
      vertex 75.49696234556292 67.79644221800926 60
      vertex 73.19250015169382 64.50930196791887 60
    endloop
  endfacet
  facet normal 0 0 1
    outer loop
      vertex 74.21845606714487 64.11547438800335 60
      vertex 74.36767706274986 64.06698954850435 60
      vertex 77.15331944753201 67.44437264751699 60
    endloop
  endfacet
  facet normal 0 0 1
    outer loop
      vertex 74.36767706274986 64.06698954850435 60
      vertex 75.42917874455452 63.78256103396416 60
      vertex 77.15331944753201 67.44437264751699 60
    endloop
  endfacet
  facet normal 0 0 1
    outer loop
      vertex 75.42917874455452 63.78256103396416 60
      vertex 75.5826502814889 63.749939650297165 60
      vertex 78 67.4 60
    endloop
  endfacet
  facet normal 0 0 1
    outer loop
      vertex 75.5826502814889 63.749939650297165 60
      vertex 76.66806780546904 63.57802639901638 60
      vertex 78 67.4 60
    endloop
  endfacet
  facet normal 0 0 1
    outer loop
      vertex 76.8241085857153 63.561625853180885 60
      vertex 78.84668055246799 67.44437264751699 60
      vertex 76.66806780546904 63.57802639901638 60
    endloop
  endfacet
  facet normal 0 0 1
    outer loop
      vertex 76.8241085857153 63.561625853180885 60
      vertex 77.92154992371798 63.504111394286156 60
      vertex 79.68408469562385 67.57700443405618 60
    endloop
  endfacet
  facet normal 0 0 1
    outer loop
      vertex 77.92154992371798 63.504111394286156 60
      vertex 78.07845007628202 63.504111394286156 60
      vertex 80.50303765443708 67.79644221800926 60
    endloop
  endfacet
  facet normal 0 0 1
    outer loop
      vertex 78.07845007628202 63.504111394286156 60
      vertex 79.17589152604342 63.561625860631466 60
      vertex 80.50303765443708 67.79644221800926 60
    endloop
  endfacet
  facet normal 0 0 1
    outer loop
      vertex 79.17589152604342 63.561625860631466 60
      vertex 79.3319320678711 63.57802638411522 60
      vertex 82.05 68.48519422934605 60
    endloop
  endfacet
  facet normal 0 0 1
    outer loop
      vertex 79.3319320678711 63.57802638411522 60
      vertex 80.41734971106052 63.749939650297165 60
      vertex 82.05 68.48519422934605 60
    endloop
  endfacet
  facet normal 0 0 1
    outer loop
      vertex 69.03282410651445 67.53148353844881 60
      vertex 69.13781078904867 67.41488401591778 60
      vertex 71.98052691363311 70.08004208849324 60
    endloop
  endfacet
  facet normal 0 0 1
    outer loop
      vertex 67.65048070251942 69.43411602079868 60
      vertex 70.98519422934605 71.45 60
      vertex 67.57203072309494 69.56999537348747 60
    endloop
  endfacet
  facet normal 0 0 1
    outer loop
      vertex 67.07311893254519 70.54916489869356 60
      vertex 67.57203072309494 69.56999537348747 60
      vertex 70.60028179309494 72.20543319108602 60
    endloop
  endfacet
  facet normal 0 0 1
    outer loop
      vertex 69.03282410651445 67.53148353844881 60
      vertex 71.44696234556292 70.73893945643097 60
      vertex 68.3412339836359 68.38552622497082 60
    endloop
  endfacet
  facet normal 0 0 1
    outer loop
      vertex 68.24901052564383 68.51246091723442 60
      vertex 68.3412339836359 68.38552622497082 60
      vertex 71.44696234556292 70.73893945643097 60
    endloop
  endfacet
  facet normal 0 0 1
    outer loop
      vertex 67.65048070251942 69.43411602079868 60
      vertex 68.24901052564383 68.51246091723442 60
      vertex 70.98519422934605 71.45 60
    endloop
  endfacet
  facet normal 0 0 1
    outer loop
      vertex 68.24901052564383 68.51246091723442 60
      vertex 71.44696234556292 70.73893945643097 60
      vertex 70.98519422934605 71.45 60
    endloop
  endfacet
  facet normal 0 0 1
    outer loop
      vertex 67.57203072309494 69.56999537348747 60
      vertex 70.98519422934605 71.45 60
      vertex 70.60028179309494 72.20543319108602 60
    endloop
  endfacet
  facet normal 0 0 1
    outer loop
      vertex 69.91488402336836 66.63781078159809 60
      vertex 70.03148353099823 66.53282411396503 60
      vertex 72.58004208849324 69.48052691363311 60
    endloop
  endfacet
  facet normal 0 0 1
    outer loop
      vertex 69.91488402336836 66.63781078159809 60
      vertex 71.98052691363311 70.08004208849324 60
      vertex 69.13781078904867 67.41488401591778 60
    endloop
  endfacet
  facet normal 0 0 1
    outer loop
      vertex 70.03148353099823 66.53282411396503 60
      vertex 70.88552622497082 65.8412339836359 60
      vertex 73.23893945643097 68.94696234556292 60
    endloop
  endfacet
  facet normal 0 0 1
    outer loop
      vertex 71.01246091723442 65.74901052564383 60
      vertex 73.95 68.48519422934605 60
      vertex 70.88552622497082 65.8412339836359 60
    endloop
  endfacet
  facet normal 0 0 1
    outer loop
      vertex 71.93411602079868 65.15048070251942 60
      vertex 73.95 68.48519422934605 60
      vertex 71.01246091723442 65.74901052564383 60
    endloop
  endfacet
  facet normal 0 0 1
    outer loop
      vertex 72.06999537348747 65.07203072309494 60
      vertex 74.70543319108602 68.10028179309494 60
      vertex 71.93411602079868 65.15048070251942 60
    endloop
  endfacet
  facet normal 0 0 1
    outer loop
      vertex 70.03148353099823 66.53282411396503 60
      vertex 73.23893945643097 68.94696234556292 60
      vertex 72.58004208849324 69.48052691363311 60
    endloop
  endfacet
  facet normal 0 0 1
    outer loop
      vertex 70.88552622497082 65.8412339836359 60
      vertex 73.95 68.48519422934605 60
      vertex 73.23893945643097 68.94696234556292 60
    endloop
  endfacet
  facet normal 0.7771459614569688 0.62932039104984 0
    outer loop
      vertex 71.98052691363311 70.08004208849324 57.8
      vertex 71.44696234556292 70.73893945643097 57.8
      vertex 71.44696234556292 70.73893945643097 60
    endloop
  endfacet
  facet normal 0.62932039104984 0.7771459614569688 0
    outer loop
      vertex 72.58004208849324 69.48052691363311 57.8
      vertex 72.58004208849324 69.48052691363311 60
      vertex 73.23893945643097 68.94696234556292 57.8
    endloop
  endfacet
  facet normal 0.7071067811865476 0.7071067811865476 0
    outer loop
      vertex 72.58004208849324 69.48052691363311 57.8
      vertex 71.98052691363311 70.08004208849324 57.8
      vertex 71.98052691363311 70.08004208849324 60
    endloop
  endfacet
  facet normal 0 0 1
    outer loop
      vertex 69.03282410651445 67.53148353844881 60
      vertex 71.98052691363311 70.08004208849324 60
      vertex 71.44696234556292 70.73893945643097 60
    endloop
  endfacet
  facet normal 0 0 1
    outer loop
      vertex 69.91488402336836 66.63781078159809 60
      vertex 72.58004208849324 69.48052691363311 60
      vertex 71.98052691363311 70.08004208849324 60
    endloop
  endfacet
  facet normal 0.8386705679454272 0.5446390350150223 0
    outer loop
      vertex 71.44696234556292 70.73893945643097 57.8
      vertex 70.98519422934605 71.45 60
      vertex 71.44696234556292 70.73893945643097 60
    endloop
  endfacet
  facet normal 0.7071067811865476 0.7071067811865476 0
    outer loop
      vertex 72.58004208849324 69.48052691363311 57.8
      vertex 71.98052691363311 70.08004208849324 60
      vertex 72.58004208849324 69.48052691363311 60
    endloop
  endfacet
  facet normal 0.62932039104984 0.7771459614569688 0
    outer loop
      vertex 73.23893945643097 68.94696234556292 57.8
      vertex 72.58004208849324 69.48052691363311 60
      vertex 73.23893945643097 68.94696234556292 60
    endloop
  endfacet
  facet normal 0.7771459614569688 0.62932039104984 0
    outer loop
      vertex 71.98052691363311 70.08004208849324 57.8
      vertex 71.44696234556292 70.73893945643097 60
      vertex 71.98052691363311 70.08004208849324 60
    endloop
  endfacet
  facet normal 0 0 1
    outer loop
      vertex 70.29644221800926 72.99696234556292 57.8
      vertex 70.29644221800926 78.00303765443708 57.8
      vertex 70.07700443405618 73.81591530437615 57.8
    endloop
  endfacet
  facet normal 0 0 1
    outer loop
      vertex 69.94437264751699 74.65331944753201 57.8
      vertex 69.94437264751699 76.34668055246799 57.8
      vertex 69.9 75.5 57.8
    endloop
  endfacet
  facet normal 0 0 1
    outer loop
      vertex 69.94437264751699 74.65331944753201 57.8
      vertex 70.07700443405618 73.81591530437615 57.8
      vertex 70.07700443405618 77.18408469562385 57.8
    endloop
  endfacet
  facet normal 0 0 1
    outer loop
      vertex 69.94437264751699 74.65331944753201 57.8
      vertex 70.07700443405618 77.18408469562385 57.8
      vertex 69.94437264751699 76.34668055246799 57.8
    endloop
  endfacet
  facet normal 0 0 1
    outer loop
      vertex 70.07700443405618 73.81591530437615 57.8
      vertex 70.29644221800926 78.00303765443708 57.8
      vertex 70.07700443405618 77.18408469562385 57.8
    endloop
  endfacet
  facet normal 0 0 1
    outer loop
      vertex 72.58004208849324 69.48052691363311 57.8
      vertex 72.58004208849324 81.51947308636689 57.8
      vertex 71.98052691363311 70.08004208849324 57.8
    endloop
  endfacet
  facet normal 0 0 1
    outer loop
      vertex 72.58004208849324 69.48052691363311 57.8
      vertex 73.23893945643097 68.94696234556292 57.8
      vertex 73.23893945643097 82.05303765443708 57.8
    endloop
  endfacet
  facet normal 0 0 1
    outer loop
      vertex 70.98519422934605 71.45 57.8
      vertex 70.98519422934605 79.55 57.8
      vertex 70.60028179309494 72.20543319108602 57.8
    endloop
  endfacet
  facet normal 0 0 1
    outer loop
      vertex 70.60028179309494 72.20543319108602 57.8
      vertex 70.60028179309494 78.79456680891398 57.8
      vertex 70.29644221800926 72.99696234556292 57.8
    endloop
  endfacet
  facet normal 0 0 1
    outer loop
      vertex 70.98519422934605 71.45 57.8
      vertex 71.44696234556292 70.73893945643097 57.8
      vertex 71.44696234556292 80.26106054356903 57.8
    endloop
  endfacet
  facet normal 0 0 1
    outer loop
      vertex 71.98052691363311 70.08004208849324 57.8
      vertex 71.98052691363311 80.91995791150676 57.8
      vertex 71.44696234556292 70.73893945643097 57.8
    endloop
  endfacet
  facet normal 0.9659258262890682 0.258819045102521 0
    outer loop
      vertex 70.29644221800926 72.99696234556292 57.8
      vertex 70.07700443405618 73.81591530437615 57.8
      vertex 70.07700443405618 73.81591530437615 60
    endloop
  endfacet
  facet normal 0 0 1
    outer loop
      vertex 67.07311893254519 70.54916489869356 60
      vertex 70.29644221800926 72.99696234556292 60
      vertex 67.00930194556713 70.6925001963973 60
    endloop
  endfacet
  facet normal 0 0 1
    outer loop
      vertex 67.00930194556713 70.6925001963973 60
      vertex 70.29644221800926 72.99696234556292 60
      vertex 66.61547440290451 71.7184560149908 60
    endloop
  endfacet
  facet normal 0 0 1
    outer loop
      vertex 66.61547440290451 71.7184560149908 60
      vertex 70.07700443405618 73.81591530437615 60
      vertex 66.56698954105377 71.86767707765102 60
    endloop
  endfacet
  facet normal 0 0 1
    outer loop
      vertex 66.56698954105377 71.86767707765102 60
      vertex 70.07700443405618 73.81591530437615 60
      vertex 66.28256103396416 72.92917874455452 60
    endloop
  endfacet
  facet normal 0 0 1
    outer loop
      vertex 66.28256103396416 72.92917874455452 60
      vertex 70.07700443405618 73.81591530437615 60
      vertex 69.94437264751699 74.65331944753201 60
    endloop
  endfacet
  facet normal 0 0 1
    outer loop
      vertex 67.07311893254519 70.54916489869356 60
      vertex 70.60028179309494 72.20543319108602 60
      vertex 70.29644221800926 72.99696234556292 60
    endloop
  endfacet
  facet normal 0.9659258262890682 0.258819045102521 0
    outer loop
      vertex 70.29644221800926 72.99696234556292 57.8
      vertex 70.07700443405618 73.81591530437615 60
      vertex 70.29644221800926 72.99696234556292 60
    endloop
  endfacet
  facet normal 0 0 1
    outer loop
      vertex 66.61547440290451 71.7184560149908 60
      vertex 70.29644221800926 72.99696234556292 60
      vertex 70.07700443405618 73.81591530437615 60
    endloop
  endfacet
  facet normal 0.9876883405951371 0.1564344650402346 0
    outer loop
      vertex 69.94437264751699 74.65331944753201 57.8
      vertex 69.94437264751699 74.65331944753201 60
      vertex 70.07700443405618 73.81591530437615 57.8
    endloop
  endfacet
  facet normal 0.9986295347545743 0.0523359562429368 0
    outer loop
      vertex 69.94437264751699 74.65331944753201 57.8
      vertex 69.9 75.5 57.8
      vertex 69.9 75.5 60
    endloop
  endfacet
  facet normal 0.9986295347545743 -0.0523359562429368 0
    outer loop
      vertex 69.9 75.5 57.8
      vertex 69.94437264751699 76.34668055246799 57.8
      vertex 69.94437264751699 76.34668055246799 60
    endloop
  endfacet
  facet normal 0 0 1
    outer loop
      vertex 66.07802638411522 74.16806792467833 60
      vertex 69.94437264751699 74.65331944753201 60
      vertex 69.9 75.5 60
    endloop
  endfacet
  facet normal 0 0 1
    outer loop
      vertex 66.00411139428616 75.4215499162674 60
      vertex 69.9 75.5 60
      vertex 69.94437264751699 76.34668055246799 60
    endloop
  endfacet
  facet normal 0 0 1
    outer loop
      vertex 66.00411139428616 75.4215499162674 60
      vertex 69.94437264751699 76.34668055246799 60
      vertex 70.07700443405618 77.18408469562385 60
    endloop
  endfacet
  facet normal 0.9876883405951371 0.1564344650402346 0
    outer loop
      vertex 70.07700443405618 73.81591530437615 57.8
      vertex 69.94437264751699 74.65331944753201 60
      vertex 70.07700443405618 73.81591530437615 60
    endloop
  endfacet
  facet normal 0.9986295347545743 0.0523359562429368 0
    outer loop
      vertex 69.94437264751699 74.65331944753201 57.8
      vertex 69.9 75.5 60
      vertex 69.94437264751699 74.65331944753201 60
    endloop
  endfacet
  facet normal 0.9986295347545743 -0.0523359562429368 0
    outer loop
      vertex 69.9 75.5 57.8
      vertex 69.94437264751699 76.34668055246799 60
      vertex 69.9 75.5 60
    endloop
  endfacet
  facet normal 0.891006524188367 0.45399049973954864 0
    outer loop
      vertex 70.98519422934605 71.45 57.8
      vertex 70.60028179309494 72.20543319108602 57.8
      vertex 70.60028179309494 72.20543319108602 60
    endloop
  endfacet
  facet normal 0.8386705679454272 0.5446390350150223 0
    outer loop
      vertex 70.98519422934605 71.45 57.8
      vertex 70.98519422934605 71.45 60
      vertex 71.44696234556292 70.73893945643097 57.8
    endloop
  endfacet
  facet normal 0.9335804264972021 0.3583679495452997 0
    outer loop
      vertex 70.60028179309494 72.20543319108602 57.8
      vertex 70.29644221800926 72.99696234556292 57.8
      vertex 70.29644221800926 72.99696234556292 60
    endloop
  endfacet
  facet normal 0.891006524188367 0.45399049973954864 0
    outer loop
      vertex 70.98519422934605 71.45 57.8
      vertex 70.60028179309494 72.20543319108602 60
      vertex 70.98519422934605 71.45 60
    endloop
  endfacet
  facet normal 0.9335804264972021 0.3583679495452997 0
    outer loop
      vertex 70.60028179309494 72.20543319108602 57.8
      vertex 70.29644221800926 72.99696234556292 60
      vertex 70.60028179309494 72.20543319108602 60
    endloop
  endfacet
  facet normal 0 0 1
    outer loop
      vertex 73.23893945643097 68.94696234556292 57.8
      vertex 73.95 68.48519422934605 57.8
      vertex 73.84287269688133 74.61637531402452 57.8
    endloop
  endfacet
  facet normal 0 0 1
    outer loop
      vertex 73.95 68.48519422934605 57.8
      vertex 74.70543319108602 68.10028179309494 57.8
      vertex 74.56167777390647 73.00191267775699 57.8
    endloop
  endfacet
  facet normal 0 0 1
    outer loop
      vertex 74.70543319108602 68.10028179309494 57.8
      vertex 75.49696234556292 67.79644221800926 57.8
      vertex 75.15619492297485 72.34163449172108 57.8
    endloop
  endfacet
  facet normal 0 0 1
    outer loop
      vertex 74.70543319108602 68.10028179309494 57.8
      vertex 75.15619492297485 72.34163449172108 57.8
      vertex 74.84163449172108 72.65619492297485 57.8
    endloop
  endfacet
  facet normal 0 0 1
    outer loop
      vertex 75.15619492297485 72.34163449172108 57.8
      vertex 75.49696234556292 67.79644221800926 57.8
      vertex 75.50191267775699 72.06167777390647 57.8
    endloop
  endfacet
  facet normal 0 0 1
    outer loop
      vertex 75.49696234556292 67.79644221800926 57.8
      vertex 75.875 71.81939203391613 57.8
      vertex 75.50191267775699 72.06167777390647 57.8
    endloop
  endfacet
  facet normal 0 0 1
    outer loop
      vertex 75.49696234556292 67.79644221800926 57.8
      vertex 76.27136926692785 71.61743180501895 57.8
      vertex 75.875 71.81939203391613 57.8
    endloop
  endfacet
  facet normal 0 0 1
    outer loop
      vertex 75.49696234556292 67.79644221800926 57.8
      vertex 76.31591530437615 67.57700443405618 57.8
      vertex 76.27136926692785 71.61743180501895 57.8
    endloop
  endfacet
  facet normal 0 0 1
    outer loop
      vertex 76.31591530437615 67.57700443405618 57.8
      vertex 77.15331944753201 67.44437264751699 57.8
      vertex 77.11637531402452 71.34287269688133 57.8
    endloop
  endfacet
  facet normal 0 0 1
    outer loop
      vertex 76.31591530437615 67.57700443405618 57.8
      vertex 76.68667777390647 71.4580098057456 57.8
      vertex 76.27136926692785 71.61743180501895 57.8
    endloop
  endfacet
  facet normal 0 0 1
    outer loop
      vertex 76.31591530437615 67.57700443405618 57.8
      vertex 77.11637531402452 71.34287269688133 57.8
      vertex 76.68667777390647 71.4580098057456 57.8
    endloop
  endfacet
  facet normal 0 0 1
    outer loop
      vertex 77.15331944753201 67.44437264751699 57.8
      vertex 77.55575403111247 71.27328194468484 57.8
      vertex 77.11637531402452 71.34287269688133 57.8
    endloop
  endfacet
  facet normal 0 0 1
    outer loop
      vertex 77.15331944753201 67.44437264751699 57.8
      vertex 78 67.4 57.8
      vertex 78 71.25 57.8
    endloop
  endfacet
  facet normal 0 0 1
    outer loop
      vertex 78 67.4 57.8
      vertex 78.84668055246799 67.44437264751699 57.8
      vertex 78 71.25 57.8
    endloop
  endfacet
  facet normal 0 0 1
    outer loop
      vertex 77.15331944753201 67.44437264751699 57.8
      vertex 78 71.25 57.8
      vertex 77.55575403111247 71.27328194468484 57.8
    endloop
  endfacet
  facet normal 0 0 1
    outer loop
      vertex 78.84668055246799 67.44437264751699 57.8
      vertex 78.44424596888753 71.27328194468484 57.8
      vertex 78 71.25 57.8
    endloop
  endfacet
  facet normal 0 0 1
    outer loop
      vertex 78.84668055246799 67.44437264751699 57.8
      vertex 78.88362468597548 71.34287269688133 57.8
      vertex 78.44424596888753 71.27328194468484 57.8
    endloop
  endfacet
  facet normal 0.45399049973954864 0.891006524188367 0
    outer loop
      vertex 73.95 68.48519422934605 57.8
      vertex 73.95 68.48519422934605 60
      vertex 74.70543319108602 68.10028179309494 57.8
    endloop
  endfacet
  facet normal 0.3583679495452997 0.9335804264972021 0
    outer loop
      vertex 74.70543319108602 68.10028179309494 57.8
      vertex 74.70543319108602 68.10028179309494 60
      vertex 75.49696234556292 67.79644221800926 57.8
    endloop
  endfacet
  facet normal 0.258819045102521 0.9659258262890682 0
    outer loop
      vertex 75.49696234556292 67.79644221800926 57.8
      vertex 75.49696234556292 67.79644221800926 60
      vertex 76.31591530437615 67.57700443405618 57.8
    endloop
  endfacet
  facet normal 0 0 1
    outer loop
      vertex 72.06999537348747 65.07203072309494 60
      vertex 73.04916489869356 64.57311893254519 60
      vertex 74.70543319108602 68.10028179309494 60
    endloop
  endfacet
  facet normal 0 0 1
    outer loop
      vertex 73.04916489869356 64.57311893254519 60
      vertex 73.19250015169382 64.50930196791887 60
      vertex 75.49696234556292 67.79644221800926 60
    endloop
  endfacet
  facet normal 0 0 1
    outer loop
      vertex 73.04916489869356 64.57311893254519 60
      vertex 75.49696234556292 67.79644221800926 60
      vertex 74.70543319108602 68.10028179309494 60
    endloop
  endfacet
  facet normal 0.45399049973954864 0.891006524188367 0
    outer loop
      vertex 74.70543319108602 68.10028179309494 57.8
      vertex 73.95 68.48519422934605 60
      vertex 74.70543319108602 68.10028179309494 60
    endloop
  endfacet
  facet normal 0 0 1
    outer loop
      vertex 71.93411602079868 65.15048070251942 60
      vertex 74.70543319108602 68.10028179309494 60
      vertex 73.95 68.48519422934605 60
    endloop
  endfacet
  facet normal 0 0 1
    outer loop
      vertex 74.21845606714487 64.11547438800335 60
      vertex 76.31591530437615 67.57700443405618 60
      vertex 75.49696234556292 67.79644221800926 60
    endloop
  endfacet
  facet normal 0 0 1
    outer loop
      vertex 74.21845606714487 64.11547438800335 60
      vertex 77.15331944753201 67.44437264751699 60
      vertex 76.31591530437615 67.57700443405618 60
    endloop
  endfacet
  facet normal 0.3583679495452997 0.9335804264972021 0
    outer loop
      vertex 75.49696234556292 67.79644221800926 57.8
      vertex 74.70543319108602 68.10028179309494 60
      vertex 75.49696234556292 67.79644221800926 60
    endloop
  endfacet
  facet normal 0.5446390350150223 0.8386705679454272 0
    outer loop
      vertex 73.23893945643097 68.94696234556292 57.8
      vertex 73.23893945643097 68.94696234556292 60
      vertex 73.95 68.48519422934605 57.8
    endloop
  endfacet
  facet normal 0.5446390350150223 0.8386705679454272 0
    outer loop
      vertex 73.95 68.48519422934605 57.8
      vertex 73.23893945643097 68.94696234556292 60
      vertex 73.95 68.48519422934605 60
    endloop
  endfacet
  facet normal 0.1564344650402346 0.9876883405951371 0
    outer loop
      vertex 76.31591530437615 67.57700443405618 57.8
      vertex 76.31591530437615 67.57700443405618 60
      vertex 77.15331944753201 67.44437264751699 57.8
    endloop
  endfacet
  facet normal 0.0523359562429368 0.9986295347545743 0
    outer loop
      vertex 77.15331944753201 67.44437264751699 57.8
      vertex 77.15331944753201 67.44437264751699 60
      vertex 78 67.4 57.8
    endloop
  endfacet
  facet normal -0.0523359562429368 0.9986295347545743 0
    outer loop
      vertex 78 67.4 57.8
      vertex 78 67.4 60
      vertex 78.84668055246799 67.44437264751699 57.8
    endloop
  endfacet
  facet normal 0 0 1
    outer loop
      vertex 75.42917874455452 63.78256103396416 60
      vertex 78 67.4 60
      vertex 77.15331944753201 67.44437264751699 60
    endloop
  endfacet
  facet normal 0.258819045102521 0.9659258262890682 0
    outer loop
      vertex 76.31591530437615 67.57700443405618 57.8
      vertex 75.49696234556292 67.79644221800926 60
      vertex 76.31591530437615 67.57700443405618 60
    endloop
  endfacet
  facet normal 0.1564344650402346 0.9876883405951371 0
    outer loop
      vertex 77.15331944753201 67.44437264751699 57.8
      vertex 76.31591530437615 67.57700443405618 60
      vertex 77.15331944753201 67.44437264751699 60
    endloop
  endfacet
  facet normal 0 0 1
    outer loop
      vertex 76.66806780546904 63.57802639901638 60
      vertex 78.84668055246799 67.44437264751699 60
      vertex 78 67.4 60
    endloop
  endfacet
  facet normal 0 0 1
    outer loop
      vertex 76.8241085857153 63.561625853180885 60
      vertex 79.68408469562385 67.57700443405618 60
      vertex 78.84668055246799 67.44437264751699 60
    endloop
  endfacet
  facet normal 0.0523359562429368 0.9986295347545743 0
    outer loop
      vertex 78 67.4 57.8
      vertex 77.15331944753201 67.44437264751699 60
      vertex 78 67.4 60
    endloop
  endfacet
  facet normal -0.0523359562429368 0.9986295347545743 0
    outer loop
      vertex 78.84668055246799 67.44437264751699 57.8
      vertex 78 67.4 60
      vertex 78.84668055246799 67.44437264751699 60
    endloop
  endfacet
  facet normal 0 0 1
    outer loop
      vertex 73.95 68.48519422934605 57.8
      vertex 74.56167777390647 73.00191267775699 57.8
      vertex 74.31939203391613 73.375 57.8
    endloop
  endfacet
  facet normal 0 0 1
    outer loop
      vertex 73.95 68.48519422934605 57.8
      vertex 74.31939203391613 73.375 57.8
      vertex 74.11743180501895 73.77136926692785 57.8
    endloop
  endfacet
  facet normal 0 0 1
    outer loop
      vertex 73.95 68.48519422934605 57.8
      vertex 73.9580098057456 74.18667777390647 57.8
      vertex 73.84287269688133 74.61637531402452 57.8
    endloop
  endfacet
  facet normal 0 0 1
    outer loop
      vertex 73.95 68.48519422934605 57.8
      vertex 74.11743180501895 73.77136926692785 57.8
      vertex 73.9580098057456 74.18667777390647 57.8
    endloop
  endfacet
  facet normal 0 0 1
    outer loop
      vertex 73.23893945643097 68.94696234556292 57.8
      vertex 73.84287269688133 74.61637531402452 57.8
      vertex 73.77328194468484 75.05575403111247 57.8
    endloop
  endfacet
  facet normal 0 0 1
    outer loop
      vertex 73.23893945643097 68.94696234556292 57.8
      vertex 73.77328194468484 75.05575403111247 57.8
      vertex 73.75 75.5 57.8
    endloop
  endfacet
  facet normal 0 0 1
    outer loop
      vertex 73.23893945643097 68.94696234556292 57.8
      vertex 73.75 75.5 57.8
      vertex 73.77328194468484 75.94424596888753 57.8
    endloop
  endfacet
  facet normal 0 0 1
    outer loop
      vertex 74.70543319108602 68.10028179309494 57.8
      vertex 74.84163449172108 72.65619492297485 57.8
      vertex 74.56167777390647 73.00191267775699 57.8
    endloop
  endfacet
  facet normal 0 0 1
    outer loop
      vertex 73.23893945643097 68.94696234556292 57.8
      vertex 73.77328194468484 75.94424596888753 57.8
      vertex 73.95 82.51480577065395 57.8
    endloop
  endfacet
  facet normal 0 0 1
    outer loop
      vertex 70.29644221800926 72.99696234556292 57.8
      vertex 70.60028179309494 78.79456680891398 57.8
      vertex 70.29644221800926 78.00303765443708 57.8
    endloop
  endfacet
  facet normal 0 0 1
    outer loop
      vertex 70.60028179309494 72.20543319108602 57.8
      vertex 70.98519422934605 79.55 57.8
      vertex 70.60028179309494 78.79456680891398 57.8
    endloop
  endfacet
  facet normal 0 0 1
    outer loop
      vertex 70.98519422934605 71.45 57.8
      vertex 71.44696234556292 80.26106054356903 57.8
      vertex 70.98519422934605 79.55 57.8
    endloop
  endfacet
  facet normal 0 0 1
    outer loop
      vertex 71.44696234556292 70.73893945643097 57.8
      vertex 71.98052691363311 80.91995791150676 57.8
      vertex 71.44696234556292 80.26106054356903 57.8
    endloop
  endfacet
  facet normal 0 0 1
    outer loop
      vertex 71.98052691363311 70.08004208849324 57.8
      vertex 72.58004208849324 81.51947308636689 57.8
      vertex 71.98052691363311 80.91995791150676 57.8
    endloop
  endfacet
  facet normal 0 0 1
    outer loop
      vertex 72.58004208849324 69.48052691363311 57.8
      vertex 73.23893945643097 82.05303765443708 57.8
      vertex 72.58004208849324 81.51947308636689 57.8
    endloop
  endfacet
  facet normal 0.9876883405951371 -0.1564344650402346 0
    outer loop
      vertex 69.94437264751699 76.34668055246799 57.8
      vertex 70.07700443405618 77.18408469562385 57.8
      vertex 70.07700443405618 77.18408469562385 60
    endloop
  endfacet
  facet normal 0.9659258262890682 -0.258819045102521 0
    outer loop
      vertex 70.07700443405618 77.18408469562385 57.8
      vertex 70.29644221800926 78.00303765443708 57.8
      vertex 70.29644221800926 78.00303765443708 60
    endloop
  endfacet
  facet normal 0 0 1
    outer loop
      vertex 66.06162585318089 76.67589140683413 60
      vertex 70.98519422934605 79.55 60
      vertex 66.07802639901638 76.83193218708038 60
    endloop
  endfacet
  facet normal 0 0 1
    outer loop
      vertex 66.00411139428616 75.57845007628202 60
      vertex 70.07700443405618 77.18408469562385 60
      vertex 70.29644221800926 78.00303765443708 60
    endloop
  endfacet
  facet normal 0 0 1
    outer loop
      vertex 66.07802639901638 76.83193218708038 60
      vertex 70.98519422934605 79.55 60
      vertex 66.24993965029716 77.91734971106052 60
    endloop
  endfacet
  facet normal 0 0 1
    outer loop
      vertex 66.24993965029716 77.91734971106052 60
      vertex 71.98052691363311 80.91995791150676 60
      vertex 66.28256103396416 78.0708212479949 60
    endloop
  endfacet
  facet normal 0.9876883405951371 -0.1564344650402346 0
    outer loop
      vertex 69.94437264751699 76.34668055246799 57.8
      vertex 70.07700443405618 77.18408469562385 60
      vertex 69.94437264751699 76.34668055246799 60
    endloop
  endfacet
  facet normal 0.9659258262890682 -0.258819045102521 0
    outer loop
      vertex 70.07700443405618 77.18408469562385 57.8
      vertex 70.29644221800926 78.00303765443708 60
      vertex 70.07700443405618 77.18408469562385 60
    endloop
  endfacet
  facet normal 0 0 1
    outer loop
      vertex 66.06162585318089 76.67589140683413 60
      vertex 70.29644221800926 78.00303765443708 60
      vertex 70.60028179309494 78.79456680891398 60
    endloop
  endfacet
  facet normal 0 0 1
    outer loop
      vertex 66.06162585318089 76.67589140683413 60
      vertex 70.60028179309494 78.79456680891398 60
      vertex 70.98519422934605 79.55 60
    endloop
  endfacet
  facet normal 0 0 1
    outer loop
      vertex 66.24993965029716 77.91734971106052 60
      vertex 70.98519422934605 79.55 60
      vertex 71.44696234556292 80.26106054356903 60
    endloop
  endfacet
  facet normal 0 0 1
    outer loop
      vertex 66.28256103396416 78.0708212479949 60
      vertex 71.98052691363311 80.91995791150676 60
      vertex 66.56698954850435 79.13232292979956 60
    endloop
  endfacet
  facet normal 0 0 1
    outer loop
      vertex 66.61547439545393 79.28154395520687 60
      vertex 66.56698954850435 79.13232292979956 60
      vertex 74.70543319108602 82.89971820690506 60
    endloop
  endfacet
  facet normal 0 0 1
    outer loop
      vertex 66.24993965029716 77.91734971106052 60
      vertex 71.44696234556292 80.26106054356903 60
      vertex 71.98052691363311 80.91995791150676 60
    endloop
  endfacet
  facet normal 0.9335804264972021 -0.3583679495452997 0
    outer loop
      vertex 70.29644221800926 78.00303765443708 57.8
      vertex 70.60028179309494 78.79456680891398 57.8
      vertex 70.60028179309494 78.79456680891398 60
    endloop
  endfacet
  facet normal 0.9335804264972021 -0.3583679495452997 0
    outer loop
      vertex 70.29644221800926 78.00303765443708 57.8
      vertex 70.60028179309494 78.79456680891398 60
      vertex 70.29644221800926 78.00303765443708 60
    endloop
  endfacet
  facet normal 0.891006524188367 -0.45399049973954864 0
    outer loop
      vertex 70.60028179309494 78.79456680891398 57.8
      vertex 70.98519422934605 79.55 60
      vertex 70.60028179309494 78.79456680891398 60
    endloop
  endfacet
  facet normal 0.891006524188367 -0.45399049973954864 0
    outer loop
      vertex 70.60028179309494 78.79456680891398 57.8
      vertex 70.98519422934605 79.55 57.8
      vertex 70.98519422934605 79.55 60
    endloop
  endfacet
  facet normal 0.8386705679454272 -0.5446390350150223 0
    outer loop
      vertex 70.98519422934605 79.55 57.8
      vertex 71.44696234556292 80.26106054356903 57.8
      vertex 71.44696234556292 80.26106054356903 60
    endloop
  endfacet
  facet normal 0.7771459614569688 -0.62932039104984 0
    outer loop
      vertex 71.44696234556292 80.26106054356903 57.8
      vertex 71.98052691363311 80.91995791150676 57.8
      vertex 71.98052691363311 80.91995791150676 60
    endloop
  endfacet
  facet normal 0.7071067811865476 -0.7071067811865476 0
    outer loop
      vertex 71.98052691363311 80.91995791150676 57.8
      vertex 72.58004208849324 81.51947308636689 57.8
      vertex 72.58004208849324 81.51947308636689 60
    endloop
  endfacet
  facet normal 0.62932039104984 -0.7771459614569688 0
    outer loop
      vertex 72.58004208849324 81.51947308636689 57.8
      vertex 73.23893945643097 82.05303765443708 57.8
      vertex 73.23893945643097 82.05303765443708 60
    endloop
  endfacet
  facet normal 0.8386705679454272 -0.5446390350150223 0
    outer loop
      vertex 70.98519422934605 79.55 57.8
      vertex 71.44696234556292 80.26106054356903 60
      vertex 70.98519422934605 79.55 60
    endloop
  endfacet
  facet normal 0.7771459614569688 -0.62932039104984 0
    outer loop
      vertex 71.44696234556292 80.26106054356903 57.8
      vertex 71.98052691363311 80.91995791150676 60
      vertex 71.44696234556292 80.26106054356903 60
    endloop
  endfacet
  facet normal 0 0 1
    outer loop
      vertex 66.56698954850435 79.13232292979956 60
      vertex 71.98052691363311 80.91995791150676 60
      vertex 72.58004208849324 81.51947308636689 60
    endloop
  endfacet
  facet normal 0 0 1
    outer loop
      vertex 66.56698954850435 79.13232292979956 60
      vertex 72.58004208849324 81.51947308636689 60
      vertex 73.23893945643097 82.05303765443708 60
    endloop
  endfacet
  facet normal 0 0 1
    outer loop
      vertex 66.56698954850435 79.13232292979956 60
      vertex 73.23893945643097 82.05303765443708 60
      vertex 73.95 82.51480577065395 60
    endloop
  endfacet
  facet normal 0.7071067811865476 -0.7071067811865476 0
    outer loop
      vertex 71.98052691363311 80.91995791150676 57.8
      vertex 72.58004208849324 81.51947308636689 60
      vertex 71.98052691363311 80.91995791150676 60
    endloop
  endfacet
  facet normal 0.62932039104984 -0.7771459614569688 0
    outer loop
      vertex 72.58004208849324 81.51947308636689 57.8
      vertex 73.23893945643097 82.05303765443708 60
      vertex 72.58004208849324 81.51947308636689 60
    endloop
  endfacet
  facet normal 0 0 1
    outer loop
      vertex 66.56698954850435 79.13232292979956 60
      vertex 73.95 82.51480577065395 60
      vertex 74.70543319108602 82.89971820690506 60
    endloop
  endfacet
  facet normal 0 0 1
    outer loop
      vertex 64.64621799439192 83.39777748286724 60
      vertex 64.94486470520496 83.30074128508568 60
      vertex 84 87.5 60
    endloop
  endfacet
  facet normal 0 0 1
    outer loop
      vertex 64.94486470520496 83.30074128508568 60
      vertex 65.23173235356808 83.17301958054304 60
      vertex 84 87.5 60
    endloop
  endfacet
  facet normal 0 0 1
    outer loop
      vertex 65.23173235356808 83.17301958054304 60
      vertex 65.50367796421051 83.0160117149353 60
      vertex 84 87.5 60
    endloop
  endfacet
  facet normal 0 0 1
    outer loop
      vertex 66.61547439545393 79.28154395520687 60
      vertex 84.62717077881098 87.4671313688159 60
      vertex 66.67050215601921 79.42489616572857 60
    endloop
  endfacet
  facet normal 0 0 1
    outer loop
      vertex 66.67050215601921 79.42489616572857 60
      vertex 84.62717077881098 87.4671313688159 60
      vertex 66.76753835380077 79.72354287654161 60
    endloop
  endfacet
  facet normal 0 0 1
    outer loop
      vertex 66.76753835380077 79.72354287654161 60
      vertex 84 87.5 60
      vertex 66.83282589167356 80.03069662302732 60
    endloop
  endfacet
  facet normal 0 0 1
    outer loop
      vertex 66.83282589167356 80.03069662302732 60
      vertex 84 87.5 60
      vertex 66.86564947664738 80.34299214929342 60
    endloop
  endfacet
  facet normal 0 0 1
    outer loop
      vertex 66.86564947664738 80.34299214929342 60
      vertex 84 87.5 60
      vertex 66.86564947664738 80.65700788795948 60
    endloop
  endfacet
  facet normal 0 0 1
    outer loop
      vertex 66.86564947664738 80.65700788795948 60
      vertex 84 87.5 60
      vertex 66.83282589167356 80.96930341422558 60
    endloop
  endfacet
  facet normal 0 0 1
    outer loop
      vertex 66.7675383463502 81.27645715326071 60
      vertex 66.83282589167356 80.96930341422558 60
      vertex 84 87.5 60
    endloop
  endfacet
  facet normal 0 0 1
    outer loop
      vertex 66.67050214111805 81.57510386407375 60
      vertex 84 87.5 60
      vertex 66.54278043657541 81.86197151243687 60
    endloop
  endfacet
  facet normal 0 0 1
    outer loop
      vertex 66.3857725635171 82.13391711562872 60
      vertex 84 87.5 60
      vertex 66.20119874179363 82.3879611864686 60
    endloop
  endfacet
  facet normal 0 0 1
    outer loop
      vertex 66.54278043657541 81.86197151243687 60
      vertex 84 87.5 60
      vertex 66.3857725635171 82.13391711562872 60
    endloop
  endfacet
  facet normal 0 0 1
    outer loop
      vertex 65.99108120054007 82.62132035195827 60
      vertex 66.20119874179363 82.3879611864686 60
      vertex 84 87.5 60
    endloop
  endfacet
  facet normal 0 0 1
    outer loop
      vertex 65.99108120054007 82.62132035195827 60
      vertex 84 87.5 60
      vertex 65.75772203505039 82.83143789321184 60
    endloop
  endfacet
  facet normal 0 0 1
    outer loop
      vertex 65.50367796421051 83.0160117149353 60
      vertex 65.75772203505039 82.83143789321184 60
      vertex 84 87.5 60
    endloop
  endfacet
  facet normal 0 0 1
    outer loop
      vertex 66.7675383463502 81.27645715326071 60
      vertex 84 87.5 60
      vertex 66.67050214111805 81.57510386407375 60
    endloop
  endfacet
  facet normal 0 0 1
    outer loop
      vertex 64.02676872164011 83.49588860571384 60
      vertex 64.33906424790621 83.46306502074003 60
      vertex 84 87.5 60
    endloop
  endfacet
  facet normal 0 0 1
    outer loop
      vertex 64.64621799439192 83.39777748286724 60
      vertex 84 87.5 60
      vertex 64.33906424790621 83.46306502074003 60
    endloop
  endfacet
  facet normal 0 0 1
    outer loop
      vertex 73.23893945643097 68.94696234556292 57.8
      vertex 73.95 82.51480577065395 57.8
      vertex 73.23893945643097 82.05303765443708 57.8
    endloop
  endfacet
  facet normal 0 0 1
    outer loop
      vertex 73.77328194468484 75.94424596888753 57.8
      vertex 73.84287269688133 76.38362468597548 57.8
      vertex 73.95 82.51480577065395 57.8
    endloop
  endfacet
  facet normal 0 0 1
    outer loop
      vertex 73.84287269688133 76.38362468597548 57.8
      vertex 73.9580098057456 76.81332222609353 57.8
      vertex 73.95 82.51480577065395 57.8
    endloop
  endfacet
  facet normal 0 0 1
    outer loop
      vertex 73.9580098057456 76.81332222609353 57.8
      vertex 74.11743180501895 77.22863073307215 57.8
      vertex 73.95 82.51480577065395 57.8
    endloop
  endfacet
  facet normal 0 0 1
    outer loop
      vertex 74.11743180501895 77.22863073307215 57.8
      vertex 74.31939203391613 77.625 57.8
      vertex 73.95 82.51480577065395 57.8
    endloop
  endfacet
  facet normal 0 0 1
    outer loop
      vertex 74.31939203391613 77.625 57.8
      vertex 74.56167777390647 77.99808732224301 57.8
      vertex 73.95 82.51480577065395 57.8
    endloop
  endfacet
  facet normal 0 0 1
    outer loop
      vertex 74.56167777390647 77.99808732224301 57.8
      vertex 74.70543319108602 82.89971820690506 57.8
      vertex 73.95 82.51480577065395 57.8
    endloop
  endfacet
  facet normal 0 0 1
    outer loop
      vertex 74.56167777390647 77.99808732224301 57.8
      vertex 74.84163449172108 78.34380507702515 57.8
      vertex 74.70543319108602 82.89971820690506 57.8
    endloop
  endfacet
  facet normal 0 0 1
    outer loop
      vertex 74.84163449172108 78.34380507702515 57.8
      vertex 75.15619492297485 78.65836550827892 57.8
      vertex 74.70543319108602 82.89971820690506 57.8
    endloop
  endfacet
  facet normal 0 0 1
    outer loop
      vertex 75.15619492297485 78.65836550827892 57.8
      vertex 75.50191267775699 78.93832222609353 57.8
      vertex 74.70543319108602 82.89971820690506 57.8
    endloop
  endfacet
  facet normal 0 0 1
    outer loop
      vertex 75.50191267775699 78.93832222609353 57.8
      vertex 75.875 79.18060796608387 57.8
      vertex 75.49696234556292 83.20355778199074 57.8
    endloop
  endfacet
  facet normal 0 0 1
    outer loop
      vertex 75.875 79.18060796608387 57.8
      vertex 76.27136926692785 79.38256819498105 57.8
      vertex 75.49696234556292 83.20355778199074 57.8
    endloop
  endfacet
  facet normal 0 0 1
    outer loop
      vertex 74.70543319108602 82.89971820690506 57.8
      vertex 75.50191267775699 78.93832222609353 57.8
      vertex 75.49696234556292 83.20355778199074 57.8
    endloop
  endfacet
  facet normal 0 0 1
    outer loop
      vertex 76.27136926692785 79.38256819498105 57.8
      vertex 76.68667777390647 79.5419901942544 57.8
      vertex 76.31591530437615 83.42299556594382 57.8
    endloop
  endfacet
  facet normal 0 0 1
    outer loop
      vertex 76.27136926692785 79.38256819498105 57.8
      vertex 76.31591530437615 83.42299556594382 57.8
      vertex 75.49696234556292 83.20355778199074 57.8
    endloop
  endfacet
  facet normal 0 0 1
    outer loop
      vertex 76.68667777390647 79.5419901942544 57.8
      vertex 77.11637531402452 79.65712730311867 57.8
      vertex 76.31591530437615 83.42299556594382 57.8
    endloop
  endfacet
  facet normal 0 0 1
    outer loop
      vertex 77.11637531402452 79.65712730311867 57.8
      vertex 77.55575403111247 79.72671805531516 57.8
      vertex 77.15331944753201 83.55562735248301 57.8
    endloop
  endfacet
  facet normal 0 0 1
    outer loop
      vertex 77.55575403111247 79.72671805531516 57.8
      vertex 78 79.75 57.8
      vertex 77.15331944753201 83.55562735248301 57.8
    endloop
  endfacet
  facet normal 0 0 1
    outer loop
      vertex 78.88362468597548 79.65712730311867 57.8
      vertex 78.84668055246799 83.55562735248301 57.8
      vertex 78.44424596888753 79.72671805531516 57.8
    endloop
  endfacet
  facet normal 0 0 1
    outer loop
      vertex 78 79.75 57.8
      vertex 78.44424596888753 79.72671805531516 57.8
      vertex 78.84668055246799 83.55562735248301 57.8
    endloop
  endfacet
  facet normal 0 0 1
    outer loop
      vertex 77.11637531402452 79.65712730311867 57.8
      vertex 77.15331944753201 83.55562735248301 57.8
      vertex 76.31591530437615 83.42299556594382 57.8
    endloop
  endfacet
  facet normal 0 0 1
    outer loop
      vertex 78 79.75 57.8
      vertex 78 83.6 57.8
      vertex 77.15331944753201 83.55562735248301 57.8
    endloop
  endfacet
  facet normal 0 0 1
    outer loop
      vertex 78 79.75 57.8
      vertex 78.84668055246799 83.55562735248301 57.8
      vertex 78 83.6 57.8
    endloop
  endfacet
  facet normal 0.5446390350150223 -0.8386705679454272 0
    outer loop
      vertex 73.23893945643097 82.05303765443708 57.8
      vertex 73.95 82.51480577065395 57.8
      vertex 73.95 82.51480577065395 60
    endloop
  endfacet
  facet normal 0.45399049973954864 -0.891006524188367 0
    outer loop
      vertex 73.95 82.51480577065395 57.8
      vertex 74.70543319108602 82.89971820690506 57.8
      vertex 74.70543319108602 82.89971820690506 60
    endloop
  endfacet
  facet normal 0.3583679495452997 -0.9335804264972021 0
    outer loop
      vertex 74.70543319108602 82.89971820690506 57.8
      vertex 75.49696234556292 83.20355778199074 57.8
      vertex 75.49696234556292 83.20355778199074 60
    endloop
  endfacet
  facet normal 0.5446390350150223 -0.8386705679454272 0
    outer loop
      vertex 73.23893945643097 82.05303765443708 57.8
      vertex 73.95 82.51480577065395 60
      vertex 73.23893945643097 82.05303765443708 60
    endloop
  endfacet
  facet normal 0.45399049973954864 -0.891006524188367 0
    outer loop
      vertex 73.95 82.51480577065395 57.8
      vertex 74.70543319108602 82.89971820690506 60
      vertex 73.95 82.51480577065395 60
    endloop
  endfacet
  facet normal 0.3583679495452997 -0.9335804264972021 0
    outer loop
      vertex 74.70543319108602 82.89971820690506 57.8
      vertex 75.49696234556292 83.20355778199074 60
      vertex 74.70543319108602 82.89971820690506 60
    endloop
  endfacet
  facet normal 0.258819045102521 -0.9659258262890682 0
    outer loop
      vertex 75.49696234556292 83.20355778199074 57.8
      vertex 76.31591530437615 83.42299556594382 60
      vertex 75.49696234556292 83.20355778199074 60
    endloop
  endfacet
  facet normal 0 0 1
    outer loop
      vertex 66.61547439545393 79.28154395520687 60
      vertex 74.70543319108602 82.89971820690506 60
      vertex 84.62717077881098 87.4671313688159 60
    endloop
  endfacet
  facet normal 0.258819045102521 -0.9659258262890682 0
    outer loop
      vertex 75.49696234556292 83.20355778199074 57.8
      vertex 76.31591530437615 83.42299556594382 57.8
      vertex 76.31591530437615 83.42299556594382 60
    endloop
  endfacet
  facet normal 0.1564344650402346 -0.9876883405951371 0
    outer loop
      vertex 76.31591530437615 83.42299556594382 57.8
      vertex 77.15331944753201 83.55562735248301 57.8
      vertex 77.15331944753201 83.55562735248301 60
    endloop
  endfacet
  facet normal 0.0523359562429368 -0.9986295347545743 0
    outer loop
      vertex 77.15331944753201 83.55562735248301 57.8
      vertex 78 83.6 57.8
      vertex 78 83.6 60
    endloop
  endfacet
  facet normal -0.0523359562429368 -0.9986295347545743 0
    outer loop
      vertex 78 83.6 57.8
      vertex 78.84668055246799 83.55562735248301 57.8
      vertex 78.84668055246799 83.55562735248301 60
    endloop
  endfacet
  facet normal 0.1564344650402346 -0.9876883405951371 0
    outer loop
      vertex 76.31591530437615 83.42299556594382 57.8
      vertex 77.15331944753201 83.55562735248301 60
      vertex 76.31591530437615 83.42299556594382 60
    endloop
  endfacet
  facet normal 0.0523359562429368 -0.9986295347545743 0
    outer loop
      vertex 77.15331944753201 83.55562735248301 57.8
      vertex 78 83.6 60
      vertex 77.15331944753201 83.55562735248301 60
    endloop
  endfacet
  facet normal -0.0523359562429368 -0.9986295347545743 0
    outer loop
      vertex 78 83.6 57.8
      vertex 78.84668055246799 83.55562735248301 60
      vertex 78 83.6 60
    endloop
  endfacet
  facet normal 0 0 1
    outer loop
      vertex 84.62717077881098 87.4671313688159 60
      vertex 74.70543319108602 82.89971820690506 60
      vertex 75.49696234556292 83.20355778199074 60
    endloop
  endfacet
  facet normal 0 0 1
    outer loop
      vertex 66.76753835380077 79.72354287654161 60
      vertex 84.62717077881098 87.4671313688159 60
      vertex 84 87.5 60
    endloop
  endfacet
  facet normal 0 0 1
    outer loop
      vertex 78.84668055246799 67.44437264751699 57.8
      vertex 79.68408469562385 67.57700443405618 57.8
      vertex 78.88362468597548 71.34287269688133 57.8
    endloop
  endfacet
  facet normal 0 0 1
    outer loop
      vertex 79.68408469562385 67.57700443405618 57.8
      vertex 80.50303765443708 67.79644221800926 57.8
      vertex 79.72863073307215 71.61743180501895 57.8
    endloop
  endfacet
  facet normal 0 0 1
    outer loop
      vertex 79.68408469562385 67.57700443405618 57.8
      vertex 79.31332222609353 71.4580098057456 57.8
      vertex 78.88362468597548 71.34287269688133 57.8
    endloop
  endfacet
  facet normal 0 0 1
    outer loop
      vertex 79.68408469562385 67.57700443405618 57.8
      vertex 79.72863073307215 71.61743180501895 57.8
      vertex 79.31332222609353 71.4580098057456 57.8
    endloop
  endfacet
  facet normal 0 0 1
    outer loop
      vertex 80.50303765443708 67.79644221800926 57.8
      vertex 80.125 71.81939203391613 57.8
      vertex 79.72863073307215 71.61743180501895 57.8
    endloop
  endfacet
  facet normal 0 0 1
    outer loop
      vertex 80.50303765443708 67.79644221800926 57.8
      vertex 81.29456680891398 68.10028179309494 57.8
      vertex 80.49808732224301 72.06167777390647 57.8
    endloop
  endfacet
  facet normal 0 0 1
    outer loop
      vertex 80.50303765443708 67.79644221800926 57.8
      vertex 80.49808732224301 72.06167777390647 57.8
      vertex 80.125 71.81939203391613 57.8
    endloop
  endfacet
  facet normal 0 0 1
    outer loop
      vertex 80.49808732224301 72.06167777390647 57.8
      vertex 81.29456680891398 68.10028179309494 57.8
      vertex 80.84380507702515 72.34163449172108 57.8
    endloop
  endfacet
  facet normal 0 0 1
    outer loop
      vertex 81.29456680891398 68.10028179309494 57.8
      vertex 81.15836550827892 72.65619492297485 57.8
      vertex 80.84380507702515 72.34163449172108 57.8
    endloop
  endfacet
  facet normal 0 0 1
    outer loop
      vertex 81.29456680891398 68.10028179309494 57.8
      vertex 82.05 68.48519422934605 57.8
      vertex 81.43832222609353 73.00191267775699 57.8
    endloop
  endfacet
  facet normal -0.1564344650402346 0.9876883405951371 0
    outer loop
      vertex 78.84668055246799 67.44437264751699 57.8
      vertex 78.84668055246799 67.44437264751699 60
      vertex 79.68408469562385 67.57700443405618 57.8
    endloop
  endfacet
  facet normal -0.258819045102521 0.9659258262890682 0
    outer loop
      vertex 79.68408469562385 67.57700443405618 57.8
      vertex 79.68408469562385 67.57700443405618 60
      vertex 80.50303765443708 67.79644221800926 57.8
    endloop
  endfacet
  facet normal -0.3583679495452997 0.9335804264972021 0
    outer loop
      vertex 80.50303765443708 67.79644221800926 57.8
      vertex 80.50303765443708 67.79644221800926 60
      vertex 81.29456680891398 68.10028179309494 57.8
    endloop
  endfacet
  facet normal -0.45399049973954864 0.891006524188367 0
    outer loop
      vertex 81.29456680891398 68.10028179309494 57.8
      vertex 81.29456680891398 68.10028179309494 60
      vertex 82.05 68.48519422934605 57.8
    endloop
  endfacet
  facet normal 0 0 1
    outer loop
      vertex 77.92154992371798 63.504111394286156 60
      vertex 80.50303765443708 67.79644221800926 60
      vertex 79.68408469562385 67.57700443405618 60
    endloop
  endfacet
  facet normal -0.1564344650402346 0.9876883405951371 0
    outer loop
      vertex 79.68408469562385 67.57700443405618 57.8
      vertex 78.84668055246799 67.44437264751699 60
      vertex 79.68408469562385 67.57700443405618 60
    endloop
  endfacet
  facet normal 0 0 1
    outer loop
      vertex 79.17589152604342 63.561625860631466 60
      vertex 81.29456680891398 68.10028179309494 60
      vertex 80.50303765443708 67.79644221800926 60
    endloop
  endfacet
  facet normal 0 0 1
    outer loop
      vertex 79.17589152604342 63.561625860631466 60
      vertex 82.05 68.48519422934605 60
      vertex 81.29456680891398 68.10028179309494 60
    endloop
  endfacet
  facet normal 0 0 1
    outer loop
      vertex 80.41734971106052 63.749939650297165 60
      vertex 80.5708212479949 63.78256103396416 60
      vertex 83.41995791150676 69.48052691363311 60
    endloop
  endfacet
  facet normal -0.258819045102521 0.9659258262890682 0
    outer loop
      vertex 80.50303765443708 67.79644221800926 57.8
      vertex 79.68408469562385 67.57700443405618 60
      vertex 80.50303765443708 67.79644221800926 60
    endloop
  endfacet
  facet normal -0.3583679495452997 0.9335804264972021 0
    outer loop
      vertex 81.29456680891398 68.10028179309494 57.8
      vertex 80.50303765443708 67.79644221800926 60
      vertex 81.29456680891398 68.10028179309494 60
    endloop
  endfacet
  facet normal 0 0 1
    outer loop
      vertex 80.5708212479949 63.78256103396416 60
      vertex 81.6323229148984 64.06698954105377 60
      vertex 83.41995791150676 69.48052691363311 60
    endloop
  endfacet
  facet normal -0.45399049973954864 0.891006524188367 0
    outer loop
      vertex 82.05 68.48519422934605 57.8
      vertex 81.29456680891398 68.10028179309494 60
      vertex 82.05 68.48519422934605 60
    endloop
  endfacet
  facet normal 0 0 1
    outer loop
      vertex 80.41734971106052 63.749939650297165 60
      vertex 82.76106054356903 68.94696234556292 60
      vertex 82.05 68.48519422934605 60
    endloop
  endfacet
  facet normal 0 0 1
    outer loop
      vertex 80.41734971106052 63.749939650297165 60
      vertex 83.41995791150676 69.48052691363311 60
      vertex 82.76106054356903 68.94696234556292 60
    endloop
  endfacet
  facet normal 0 0 1
    outer loop
      vertex 81.6323229148984 64.06698954105377 60
      vertex 84.01947308636689 70.08004208849324 60
      vertex 83.41995791150676 69.48052691363311 60
    endloop
  endfacet
  facet normal 0 0 1
    outer loop
      vertex 81.6323229148984 64.06698954105377 60
      vertex 84.55303765443708 70.73893945643097 60
      vertex 84.01947308636689 70.08004208849324 60
    endloop
  endfacet
  facet normal -0.5446390350150223 0.8386705679454272 0
    outer loop
      vertex 82.05 68.48519422934605 57.8
      vertex 82.05 68.48519422934605 60
      vertex 82.76106054356903 68.94696234556292 57.8
    endloop
  endfacet
  facet normal -0.62932039104984 0.7771459614569688 0
    outer loop
      vertex 82.76106054356903 68.94696234556292 57.8
      vertex 82.76106054356903 68.94696234556292 60
      vertex 83.41995791150676 69.48052691363311 57.8
    endloop
  endfacet
  facet normal -0.7071067811865476 0.7071067811865476 0
    outer loop
      vertex 83.41995791150676 69.48052691363311 57.8
      vertex 83.41995791150676 69.48052691363311 60
      vertex 84.01947308636689 70.08004208849324 57.8
    endloop
  endfacet
  facet normal -0.7771459614569688 0.62932039104984 0
    outer loop
      vertex 84.01947308636689 70.08004208849324 57.8
      vertex 84.01947308636689 70.08004208849324 60
      vertex 84.55303765443708 70.73893945643097 57.8
    endloop
  endfacet
  facet normal -0.5446390350150223 0.8386705679454272 0
    outer loop
      vertex 82.76106054356903 68.94696234556292 57.8
      vertex 82.05 68.48519422934605 60
      vertex 82.76106054356903 68.94696234556292 60
    endloop
  endfacet
  facet normal -0.62932039104984 0.7771459614569688 0
    outer loop
      vertex 83.41995791150676 69.48052691363311 57.8
      vertex 82.76106054356903 68.94696234556292 60
      vertex 83.41995791150676 69.48052691363311 60
    endloop
  endfacet
  facet normal 0 0 1
    outer loop
      vertex 81.6323229148984 64.06698954105377 60
      vertex 85.01480577065395 71.45 60
      vertex 84.55303765443708 70.73893945643097 60
    endloop
  endfacet
  facet normal 0 0 1
    outer loop
      vertex 81.6323229148984 64.06698954105377 60
      vertex 85.39971820690506 72.20543319108602 60
      vertex 85.01480577065395 71.45 60
    endloop
  endfacet
  facet normal -0.7071067811865476 0.7071067811865476 0
    outer loop
      vertex 84.01947308636689 70.08004208849324 57.8
      vertex 83.41995791150676 69.48052691363311 60
      vertex 84.01947308636689 70.08004208849324 60
    endloop
  endfacet
  facet normal 0 0 1
    outer loop
      vertex 81.29456680891398 68.10028179309494 57.8
      vertex 81.43832222609353 73.00191267775699 57.8
      vertex 81.15836550827892 72.65619492297485 57.8
    endloop
  endfacet
  facet normal 0 0 1
    outer loop
      vertex 82.05 68.48519422934605 57.8
      vertex 81.68060796608387 73.375 57.8
      vertex 81.43832222609353 73.00191267775699 57.8
    endloop
  endfacet
  facet normal 0 0 1
    outer loop
      vertex 82.05 68.48519422934605 57.8
      vertex 81.88256819498105 73.77136926692785 57.8
      vertex 81.68060796608387 73.375 57.8
    endloop
  endfacet
  facet normal 0 0 1
    outer loop
      vertex 82.05 68.48519422934605 57.8
      vertex 82.0419901942544 74.18667777390647 57.8
      vertex 81.88256819498105 73.77136926692785 57.8
    endloop
  endfacet
  facet normal 0 0 1
    outer loop
      vertex 82.05 68.48519422934605 57.8
      vertex 82.15712730311867 74.61637531402452 57.8
      vertex 82.0419901942544 74.18667777390647 57.8
    endloop
  endfacet
  facet normal 0 0 1
    outer loop
      vertex 82.05 68.48519422934605 57.8
      vertex 82.22671805531516 75.05575403111247 57.8
      vertex 82.15712730311867 74.61637531402452 57.8
    endloop
  endfacet
  facet normal 0 0 1
    outer loop
      vertex 82.05 68.48519422934605 57.8
      vertex 82.76106054356903 68.94696234556292 57.8
      vertex 82.76106054356903 82.05303765443708 57.8
    endloop
  endfacet
  facet normal 0 0 1
    outer loop
      vertex 82.76106054356903 68.94696234556292 57.8
      vertex 83.41995791150676 69.48052691363311 57.8
      vertex 83.41995791150676 81.51947308636689 57.8
    endloop
  endfacet
  facet normal 0 0 1
    outer loop
      vertex 83.41995791150676 69.48052691363311 57.8
      vertex 84.01947308636689 70.08004208849324 57.8
      vertex 84.01947308636689 80.91995791150676 57.8
    endloop
  endfacet
  facet normal 0 0 1
    outer loop
      vertex 82.05 68.48519422934605 57.8
      vertex 82.76106054356903 82.05303765443708 57.8
      vertex 82.22671805531516 75.05575403111247 57.8
    endloop
  endfacet
  facet normal -0.8386705679454272 0.5446390350150223 0
    outer loop
      vertex 84.55303765443708 70.73893945643097 57.8
      vertex 84.55303765443708 70.73893945643097 60
      vertex 85.01480577065395 71.45 57.8
    endloop
  endfacet
  facet normal -0.7771459614569688 0.62932039104984 0
    outer loop
      vertex 84.55303765443708 70.73893945643097 57.8
      vertex 84.01947308636689 70.08004208849324 60
      vertex 84.55303765443708 70.73893945643097 60
    endloop
  endfacet
  facet normal 0 0 1
    outer loop
      vertex 81.6323229148984 64.06698954105377 60
      vertex 81.7815439850092 64.11547441035509 60
      vertex 90 81.5 60
    endloop
  endfacet
  facet normal 0 0 1
    outer loop
      vertex 81.92489618808031 64.17050216346979 60
      vertex 82.07294901460409 64.2229304164648 60
      vertex 90 81.5 60
    endloop
  endfacet
  facet normal 0 0 1
    outer loop
      vertex 81.7815439850092 64.11547441035509 60
      vertex 81.92489618808031 64.17050216346979 60
      vertex 90 81.5 60
    endloop
  endfacet
  facet normal 0 0 1
    outer loop
      vertex 82.07294901460409 64.2229304164648 60
      vertex 82.37626492977142 64.3042036741972 60
      vertex 90 81.5 60
    endloop
  endfacet
  facet normal 0 0 1
    outer loop
      vertex 82.37626492977142 64.3042036741972 60
      vertex 82.68641460686922 64.35332655906677 60
      vertex 90 81.5 60
    endloop
  endfacet
  facet normal 0 0 1
    outer loop
      vertex 82.68641460686922 64.35332655906677 60
      vertex 83 64.36976087093353 60
      vertex 90 81.5 60
    endloop
  endfacet
  facet normal 0 0 1
    outer loop
      vertex 83.31358539313078 64.35332655906677 60
      vertex 83.62373507022858 64.3042036741972 60
      vertex 90 81.5 60
    endloop
  endfacet
  facet normal 0 0 1
    outer loop
      vertex 83 64.36976087093353 60
      vertex 83.31358539313078 64.35332655906677 60
      vertex 90 81.5 60
    endloop
  endfacet
  facet normal 0 0 1
    outer loop
      vertex 85.59807620942593 62.86976087093353 60
      vertex 85.7406363710761 62.58997079730034 60
      vertex 90 81.5 60
    endloop
  endfacet
  facet normal 0 0 1
    outer loop
      vertex 84.76335575431585 63.79681185632944 60
      vertex 85.00739181786776 63.59919534623623 60
      vertex 90 81.5 60
    endloop
  endfacet
  facet normal 0 0 1
    outer loop
      vertex 85.00739181786776 63.59919534623623 60
      vertex 85.2294344753027 63.37715268880129 60
      vertex 90 81.5 60
    endloop
  endfacet
  facet normal 0 0 1
    outer loop
      vertex 85.59807620942593 62.86976087093353 60
      vertex 90 81.5 60
      vertex 85.42705098539591 63.133116625249386 60
    endloop
  endfacet
  facet normal 0 0 1
    outer loop
      vertex 85.42705098539591 63.133116625249386 60
      vertex 90 81.5 60
      vertex 85.2294344753027 63.37715268880129 60
    endloop
  endfacet
  facet normal 0 0 1
    outer loop
      vertex 83.92705098539591 64.2229304164648 60
      vertex 90 81.5 60
      vertex 83.62373507022858 64.3042036741972 60
    endloop
  endfacet
  facet normal 0 0 1
    outer loop
      vertex 83.92705098539591 64.2229304164648 60
      vertex 84.2202099263668 64.11039724200964 60
      vertex 90 81.5 60
    endloop
  endfacet
  facet normal 0 0 1
    outer loop
      vertex 84.2202099263668 64.11039724200964 60
      vertex 84.5 63.96783708035946 60
      vertex 90 81.5 60
    endloop
  endfacet
  facet normal 0 0 1
    outer loop
      vertex 84.5 63.96783708035946 60
      vertex 84.76335575431585 63.79681185632944 60
      vertex 90 81.5 60
    endloop
  endfacet
  facet normal 0 0 1
    outer loop
      vertex 86 61.36976087093353 60
      vertex 90 81.5 60
      vertex 85.98356568813324 61.68334626406431 60
    endloop
  endfacet
  facet normal 0 0 1
    outer loop
      vertex 85.98356568813324 61.68334626406431 60
      vertex 90 81.5 60
      vertex 85.93444280326366 61.99349594116211 60
    endloop
  endfacet
  facet normal 0 0 1
    outer loop
      vertex 85.93444280326366 61.99349594116211 60
      vertex 90 81.5 60
      vertex 85.85316954553127 62.29681185632944 60
    endloop
  endfacet
  facet normal 0 0 1
    outer loop
      vertex 85.7406363710761 62.58997079730034 60
      vertex 85.85316954553127 62.29681185632944 60
      vertex 90 81.5 60
    endloop
  endfacet
  facet normal 0 0 1
    outer loop
      vertex 84.01947308636689 70.08004208849324 57.8
      vertex 84.55303765443708 70.73893945643097 57.8
      vertex 84.55303765443708 80.26106054356903 57.8
    endloop
  endfacet
  facet normal 0 0 1
    outer loop
      vertex 84.55303765443708 70.73893945643097 57.8
      vertex 85.01480577065395 71.45 57.8
      vertex 85.01480577065395 79.55 57.8
    endloop
  endfacet
  facet normal 0 0 1
    outer loop
      vertex 85.01480577065395 71.45 57.8
      vertex 85.39971820690506 72.20543319108602 57.8
      vertex 85.39971820690506 78.79456680891398 57.8
    endloop
  endfacet
  facet normal 0 0 1
    outer loop
      vertex 85.39971820690506 72.20543319108602 57.8
      vertex 85.70355778199074 72.99696234556292 57.8
      vertex 85.70355778199074 78.00303765443708 57.8
    endloop
  endfacet
  facet normal 0 0 1
    outer loop
      vertex 85.70355778199074 72.99696234556292 57.8
      vertex 85.92299556594382 77.18408469562385 57.8
      vertex 85.70355778199074 78.00303765443708 57.8
    endloop
  endfacet
  facet normal 0 0 1
    outer loop
      vertex 85.39971820690506 72.20543319108602 57.8
      vertex 85.70355778199074 78.00303765443708 57.8
      vertex 85.39971820690506 78.79456680891398 57.8
    endloop
  endfacet
  facet normal 0 0 1
    outer loop
      vertex 85.70355778199074 72.99696234556292 57.8
      vertex 85.92299556594382 73.81591530437615 57.8
      vertex 85.92299556594382 77.18408469562385 57.8
    endloop
  endfacet
  facet normal 0 0 1
    outer loop
      vertex 85.92299556594382 73.81591530437615 57.8
      vertex 86.05562735248301 74.65331944753201 57.8
      vertex 86.05562735248301 76.34668055246799 57.8
    endloop
  endfacet
  facet normal 0 0 1
    outer loop
      vertex 86.05562735248301 74.65331944753201 57.8
      vertex 86.1 75.5 57.8
      vertex 86.05562735248301 76.34668055246799 57.8
    endloop
  endfacet
  facet normal 0 0 1
    outer loop
      vertex 85.92299556594382 73.81591530437615 57.8
      vertex 86.05562735248301 76.34668055246799 57.8
      vertex 85.92299556594382 77.18408469562385 57.8
    endloop
  endfacet
  facet normal -0.891006524188367 0.45399049973954864 0
    outer loop
      vertex 85.01480577065395 71.45 57.8
      vertex 85.01480577065395 71.45 60
      vertex 85.39971820690506 72.20543319108602 57.8
    endloop
  endfacet
  facet normal -0.9335804264972021 0.3583679495452997 0
    outer loop
      vertex 85.39971820690506 72.20543319108602 57.8
      vertex 85.39971820690506 72.20543319108602 60
      vertex 85.70355778199074 72.99696234556292 57.8
    endloop
  endfacet
  facet normal -0.9659258262890682 0.258819045102521 0
    outer loop
      vertex 85.70355778199074 72.99696234556292 57.8
      vertex 85.70355778199074 72.99696234556292 60
      vertex 85.92299556594382 73.81591530437615 57.8
    endloop
  endfacet
  facet normal -0.8386705679454272 0.5446390350150223 0
    outer loop
      vertex 85.01480577065395 71.45 57.8
      vertex 84.55303765443708 70.73893945643097 60
      vertex 85.01480577065395 71.45 60
    endloop
  endfacet
  facet normal -0.891006524188367 0.45399049973954864 0
    outer loop
      vertex 85.39971820690506 72.20543319108602 57.8
      vertex 85.01480577065395 71.45 60
      vertex 85.39971820690506 72.20543319108602 60
    endloop
  endfacet
  facet normal -0.9335804264972021 0.3583679495452997 0
    outer loop
      vertex 85.70355778199074 72.99696234556292 57.8
      vertex 85.39971820690506 72.20543319108602 60
      vertex 85.70355778199074 72.99696234556292 60
    endloop
  endfacet
  facet normal 0 0 1
    outer loop
      vertex 81.6323229148984 64.06698954105377 60
      vertex 90 81.5 60
      vertex 85.39971820690506 72.20543319108602 60
    endloop
  endfacet
  facet normal -0.9659258262890682 0.258819045102521 0
    outer loop
      vertex 85.92299556594382 73.81591530437615 57.8
      vertex 85.70355778199074 72.99696234556292 60
      vertex 85.92299556594382 73.81591530437615 60
    endloop
  endfacet
  facet normal -0.9876883405951371 0.1564344650402346 0
    outer loop
      vertex 85.92299556594382 73.81591530437615 57.8
      vertex 85.92299556594382 73.81591530437615 60
      vertex 86.05562735248301 74.65331944753201 57.8
    endloop
  endfacet
  facet normal -0.9986295347545743 0.0523359562429368 0
    outer loop
      vertex 86.05562735248301 74.65331944753201 57.8
      vertex 86.05562735248301 74.65331944753201 60
      vertex 86.1 75.5 57.8
    endloop
  endfacet
  facet normal -0.9986295347545743 -0.0523359562429368 0
    outer loop
      vertex 86.1 75.5 57.8
      vertex 86.1 75.5 60
      vertex 86.05562735248301 76.34668055246799 57.8
    endloop
  endfacet
  facet normal -0.9876883405951371 0.1564344650402346 0
    outer loop
      vertex 86.05562735248301 74.65331944753201 57.8
      vertex 85.92299556594382 73.81591530437615 60
      vertex 86.05562735248301 74.65331944753201 60
    endloop
  endfacet
  facet normal -0.9986295347545743 0.0523359562429368 0
    outer loop
      vertex 86.1 75.5 57.8
      vertex 86.05562735248301 74.65331944753201 60
      vertex 86.1 75.5 60
    endloop
  endfacet
  facet normal -0.9986295347545743 -0.0523359562429368 0
    outer loop
      vertex 86.05562735248301 76.34668055246799 57.8
      vertex 86.1 75.5 60
      vertex 86.05562735248301 76.34668055246799 60
    endloop
  endfacet
  facet normal 0 0 1
    outer loop
      vertex 90 81.5 60
      vertex 85.70355778199074 72.99696234556292 60
      vertex 85.39971820690506 72.20543319108602 60
    endloop
  endfacet
  facet normal 0 0 1
    outer loop
      vertex 90 81.5 60
      vertex 85.92299556594382 73.81591530437615 60
      vertex 85.70355778199074 72.99696234556292 60
    endloop
  endfacet
  facet normal 0 0 1
    outer loop
      vertex 79.72863073307215 79.38256819498105 57.8
      vertex 80.125 79.18060796608387 57.8
      vertex 80.50303765443708 83.20355778199074 57.8
    endloop
  endfacet
  facet normal 0 0 1
    outer loop
      vertex 78.88362468597548 79.65712730311867 57.8
      vertex 79.31332222609353 79.5419901942544 57.8
      vertex 79.68408469562385 83.42299556594382 57.8
    endloop
  endfacet
  facet normal 0 0 1
    outer loop
      vertex 79.31332222609353 79.5419901942544 57.8
      vertex 79.72863073307215 79.38256819498105 57.8
      vertex 79.68408469562385 83.42299556594382 57.8
    endloop
  endfacet
  facet normal 0 0 1
    outer loop
      vertex 79.72863073307215 79.38256819498105 57.8
      vertex 80.50303765443708 83.20355778199074 57.8
      vertex 79.68408469562385 83.42299556594382 57.8
    endloop
  endfacet
  facet normal 0 0 1
    outer loop
      vertex 80.49808732224301 78.93832222609353 57.8
      vertex 80.50303765443708 83.20355778199074 57.8
      vertex 80.125 79.18060796608387 57.8
    endloop
  endfacet
  facet normal 0 0 1
    outer loop
      vertex 80.49808732224301 78.93832222609353 57.8
      vertex 80.84380507702515 78.65836550827892 57.8
      vertex 80.50303765443708 83.20355778199074 57.8
    endloop
  endfacet
  facet normal 0 0 1
    outer loop
      vertex 81.15836550827892 78.34380507702515 57.8
      vertex 81.29456680891398 82.89971820690506 57.8
      vertex 80.84380507702515 78.65836550827892 57.8
    endloop
  endfacet
  facet normal 0 0 1
    outer loop
      vertex 81.15836550827892 78.34380507702515 57.8
      vertex 81.43832222609353 77.99808732224301 57.8
      vertex 81.29456680891398 82.89971820690506 57.8
    endloop
  endfacet
  facet normal 0 0 1
    outer loop
      vertex 80.50303765443708 83.20355778199074 57.8
      vertex 80.84380507702515 78.65836550827892 57.8
      vertex 81.29456680891398 82.89971820690506 57.8
    endloop
  endfacet
  facet normal 0 0 1
    outer loop
      vertex 82.22671805531516 75.05575403111247 57.8
      vertex 82.76106054356903 82.05303765443708 57.8
      vertex 82.25 75.5 57.8
    endloop
  endfacet
  facet normal 0 0 1
    outer loop
      vertex 82.25 75.5 57.8
      vertex 82.76106054356903 82.05303765443708 57.8
      vertex 82.22671805531516 75.94424596888753 57.8
    endloop
  endfacet
  facet normal 0 0 1
    outer loop
      vertex 82.0419901942544 76.81332222609353 57.8
      vertex 82.15712730311867 76.38362468597548 57.8
      vertex 82.05 82.51480577065395 57.8
    endloop
  endfacet
  facet normal 0 0 1
    outer loop
      vertex 81.68060796608387 77.625 57.8
      vertex 81.88256819498105 77.22863073307215 57.8
      vertex 82.05 82.51480577065395 57.8
    endloop
  endfacet
  facet normal 0 0 1
    outer loop
      vertex 82.0419901942544 76.81332222609353 57.8
      vertex 82.05 82.51480577065395 57.8
      vertex 81.88256819498105 77.22863073307215 57.8
    endloop
  endfacet
  facet normal 0 0 1
    outer loop
      vertex 82.22671805531516 75.94424596888753 57.8
      vertex 82.76106054356903 82.05303765443708 57.8
      vertex 82.15712730311867 76.38362468597548 57.8
    endloop
  endfacet
  facet normal 0 0 1
    outer loop
      vertex 82.76106054356903 68.94696234556292 57.8
      vertex 83.41995791150676 81.51947308636689 57.8
      vertex 82.76106054356903 82.05303765443708 57.8
    endloop
  endfacet
  facet normal 0 0 1
    outer loop
      vertex 83.41995791150676 69.48052691363311 57.8
      vertex 84.01947308636689 80.91995791150676 57.8
      vertex 83.41995791150676 81.51947308636689 57.8
    endloop
  endfacet
  facet normal 0 0 1
    outer loop
      vertex 84.01947308636689 70.08004208849324 57.8
      vertex 84.55303765443708 80.26106054356903 57.8
      vertex 84.01947308636689 80.91995791150676 57.8
    endloop
  endfacet
  facet normal 0 0 1
    outer loop
      vertex 81.68060796608387 77.625 57.8
      vertex 82.05 82.51480577065395 57.8
      vertex 81.43832222609353 77.99808732224301 57.8
    endloop
  endfacet
  facet normal 0 0 1
    outer loop
      vertex 82.15712730311867 76.38362468597548 57.8
      vertex 82.76106054356903 82.05303765443708 57.8
      vertex 82.05 82.51480577065395 57.8
    endloop
  endfacet
  facet normal 0 0 1
    outer loop
      vertex 81.43832222609353 77.99808732224301 57.8
      vertex 82.05 82.51480577065395 57.8
      vertex 81.29456680891398 82.89971820690506 57.8
    endloop
  endfacet
  facet normal -0.62932039104984 -0.7771459614569688 0
    outer loop
      vertex 82.76106054356903 82.05303765443708 57.8
      vertex 83.41995791150676 81.51947308636689 57.8
      vertex 83.41995791150676 81.51947308636689 60
    endloop
  endfacet
  facet normal -0.7071067811865476 -0.7071067811865476 0
    outer loop
      vertex 84.01947308636689 80.91995791150676 57.8
      vertex 84.01947308636689 80.91995791150676 60
      vertex 83.41995791150676 81.51947308636689 57.8
    endloop
  endfacet
  facet normal -0.7071067811865476 -0.7071067811865476 0
    outer loop
      vertex 83.41995791150676 81.51947308636689 57.8
      vertex 84.01947308636689 80.91995791150676 60
      vertex 83.41995791150676 81.51947308636689 60
    endloop
  endfacet
  facet normal -0.62932039104984 -0.7771459614569688 0
    outer loop
      vertex 82.76106054356903 82.05303765443708 57.8
      vertex 83.41995791150676 81.51947308636689 60
      vertex 82.76106054356903 82.05303765443708 60
    endloop
  endfacet
  facet normal -0.7771459614569688 -0.62932039104984 0
    outer loop
      vertex 84.01947308636689 80.91995791150676 57.8
      vertex 84.55303765443708 80.26106054356903 60
      vertex 84.01947308636689 80.91995791150676 60
    endloop
  endfacet
  facet normal 0 0 1
    outer loop
      vertex 78.88362468597548 79.65712730311867 57.8
      vertex 79.68408469562385 83.42299556594382 57.8
      vertex 78.84668055246799 83.55562735248301 57.8
    endloop
  endfacet
  facet normal -0.1564344650402346 -0.9876883405951371 0
    outer loop
      vertex 78.84668055246799 83.55562735248301 57.8
      vertex 79.68408469562385 83.42299556594382 57.8
      vertex 79.68408469562385 83.42299556594382 60
    endloop
  endfacet
  facet normal -0.258819045102521 -0.9659258262890682 0
    outer loop
      vertex 79.68408469562385 83.42299556594382 57.8
      vertex 80.50303765443708 83.20355778199074 57.8
      vertex 80.50303765443708 83.20355778199074 60
    endloop
  endfacet
  facet normal -0.3583679495452997 -0.9335804264972021 0
    outer loop
      vertex 80.50303765443708 83.20355778199074 57.8
      vertex 81.29456680891398 82.89971820690506 57.8
      vertex 81.29456680891398 82.89971820690506 60
    endloop
  endfacet
  facet normal -0.258819045102521 -0.9659258262890682 0
    outer loop
      vertex 79.68408469562385 83.42299556594382 57.8
      vertex 80.50303765443708 83.20355778199074 60
      vertex 79.68408469562385 83.42299556594382 60
    endloop
  endfacet
  facet normal -0.1564344650402346 -0.9876883405951371 0
    outer loop
      vertex 78.84668055246799 83.55562735248301 57.8
      vertex 79.68408469562385 83.42299556594382 60
      vertex 78.84668055246799 83.55562735248301 60
    endloop
  endfacet
  facet normal 0 0 1
    outer loop
      vertex 84.62717077881098 87.4671313688159 60
      vertex 75.49696234556292 83.20355778199074 60
      vertex 76.31591530437615 83.42299556594382 60
    endloop
  endfacet
  facet normal -0.3583679495452997 -0.9335804264972021 0
    outer loop
      vertex 80.50303765443708 83.20355778199074 57.8
      vertex 81.29456680891398 82.89971820690506 60
      vertex 80.50303765443708 83.20355778199074 60
    endloop
  endfacet
  facet normal -0.45399049973954864 -0.891006524188367 0
    outer loop
      vertex 81.29456680891398 82.89971820690506 57.8
      vertex 82.05 82.51480577065395 60
      vertex 81.29456680891398 82.89971820690506 60
    endloop
  endfacet
  facet normal 0 0 1
    outer loop
      vertex 85.24747014790773 87.36888560652733 60
      vertex 76.31591530437615 83.42299556594382 60
      vertex 77.15331944753201 83.55562735248301 60
    endloop
  endfacet
  facet normal 0 0 1
    outer loop
      vertex 85.24747014790773 87.36888560652733 60
      vertex 77.15331944753201 83.55562735248301 60
      vertex 78 83.6 60
    endloop
  endfacet
  facet normal 0 0 1
    outer loop
      vertex 85.24747014790773 87.36888560652733 60
      vertex 78 83.6 60
      vertex 78.84668055246799 83.55562735248301 60
    endloop
  endfacet
  facet normal -0.45399049973954864 -0.891006524188367 0
    outer loop
      vertex 81.29456680891398 82.89971820690506 57.8
      vertex 82.05 82.51480577065395 57.8
      vertex 82.05 82.51480577065395 60
    endloop
  endfacet
  facet normal -0.5446390350150223 -0.8386705679454272 0
    outer loop
      vertex 82.05 82.51480577065395 57.8
      vertex 82.76106054356903 82.05303765443708 57.8
      vertex 82.76106054356903 82.05303765443708 60
    endloop
  endfacet
  facet normal -0.5446390350150223 -0.8386705679454272 0
    outer loop
      vertex 82.05 82.51480577065395 57.8
      vertex 82.76106054356903 82.05303765443708 60
      vertex 82.05 82.51480577065395 60
    endloop
  endfacet
  facet normal 0 0 1
    outer loop
      vertex 86.44041986018419 86.98127274215221 60
      vertex 78.84668055246799 83.55562735248301 60
      vertex 79.68408469562385 83.42299556594382 60
    endloop
  endfacet
  facet normal 0 0 1
    outer loop
      vertex 86.44041986018419 86.98127274215221 60
      vertex 79.68408469562385 83.42299556594382 60
      vertex 80.50303765443708 83.20355778199074 60
    endloop
  endfacet
  facet normal 0 0 1
    outer loop
      vertex 87 86.69615242630243 60
      vertex 80.50303765443708 83.20355778199074 60
      vertex 81.29456680891398 82.89971820690506 60
    endloop
  endfacet
  facet normal 0 0 1
    outer loop
      vertex 87.52671151608229 86.35410196334124 60
      vertex 81.29456680891398 82.89971820690506 60
      vertex 82.05 82.51480577065395 60
    endloop
  endfacet
  facet normal 0 0 1
    outer loop
      vertex 84.62717077881098 87.4671313688159 60
      vertex 76.31591530437615 83.42299556594382 60
      vertex 85.24747014790773 87.36888560652733 60
    endloop
  endfacet
  facet normal 0 0 1
    outer loop
      vertex 85.24747014790773 87.36888560652733 60
      vertex 78.84668055246799 83.55562735248301 60
      vertex 85.85410196334124 87.20633909851313 60
    endloop
  endfacet
  facet normal 0 0 1
    outer loop
      vertex 85.85410196334124 87.20633909851313 60
      vertex 78.84668055246799 83.55562735248301 60
      vertex 86.44041986018419 86.98127274215221 60
    endloop
  endfacet
  facet normal 0 0 1
    outer loop
      vertex 84.55303765443708 70.73893945643097 57.8
      vertex 85.01480577065395 79.55 57.8
      vertex 84.55303765443708 80.26106054356903 57.8
    endloop
  endfacet
  facet normal 0 0 1
    outer loop
      vertex 85.01480577065395 71.45 57.8
      vertex 85.39971820690506 78.79456680891398 57.8
      vertex 85.01480577065395 79.55 57.8
    endloop
  endfacet
  facet normal -0.9335804264972021 -0.3583679495452997 0
    outer loop
      vertex 85.70355778199074 78.00303765443708 57.8
      vertex 85.70355778199074 78.00303765443708 60
      vertex 85.39971820690506 78.79456680891398 57.8
    endloop
  endfacet
  facet normal -0.891006524188367 -0.45399049973954864 0
    outer loop
      vertex 85.39971820690506 78.79456680891398 57.8
      vertex 85.39971820690506 78.79456680891398 60
      vertex 85.01480577065395 79.55 57.8
    endloop
  endfacet
  facet normal -0.9876883405951371 -0.1564344650402346 0
    outer loop
      vertex 86.05562735248301 76.34668055246799 57.8
      vertex 86.05562735248301 76.34668055246799 60
      vertex 85.92299556594382 77.18408469562385 57.8
    endloop
  endfacet
  facet normal -0.9659258262890682 -0.258819045102521 0
    outer loop
      vertex 85.92299556594382 77.18408469562385 57.8
      vertex 85.92299556594382 77.18408469562385 60
      vertex 85.70355778199074 78.00303765443708 57.8
    endloop
  endfacet
  facet normal -0.9659258262890682 -0.258819045102521 0
    outer loop
      vertex 85.70355778199074 78.00303765443708 57.8
      vertex 85.92299556594382 77.18408469562385 60
      vertex 85.70355778199074 78.00303765443708 60
    endloop
  endfacet
  facet normal -0.9335804264972021 -0.3583679495452997 0
    outer loop
      vertex 85.39971820690506 78.79456680891398 57.8
      vertex 85.70355778199074 78.00303765443708 60
      vertex 85.39971820690506 78.79456680891398 60
    endloop
  endfacet
  facet normal -0.9876883405951371 -0.1564344650402346 0
    outer loop
      vertex 85.92299556594382 77.18408469562385 57.8
      vertex 86.05562735248301 76.34668055246799 60
      vertex 85.92299556594382 77.18408469562385 60
    endloop
  endfacet
  facet normal -0.8386705679454272 -0.5446390350150223 0
    outer loop
      vertex 84.55303765443708 80.26106054356903 57.8
      vertex 85.01480577065395 79.55 57.8
      vertex 85.01480577065395 79.55 60
    endloop
  endfacet
  facet normal -0.7771459614569688 -0.62932039104984 0
    outer loop
      vertex 84.01947308636689 80.91995791150676 57.8
      vertex 84.55303765443708 80.26106054356903 57.8
      vertex 84.55303765443708 80.26106054356903 60
    endloop
  endfacet
  facet normal -0.8386705679454272 -0.5446390350150223 0
    outer loop
      vertex 84.55303765443708 80.26106054356903 57.8
      vertex 85.01480577065395 79.55 60
      vertex 84.55303765443708 80.26106054356903 60
    endloop
  endfacet
  facet normal -0.891006524188367 -0.45399049973954864 0
    outer loop
      vertex 85.01480577065395 79.55 57.8
      vertex 85.39971820690506 78.79456680891398 60
      vertex 85.01480577065395 79.55 60
    endloop
  endfacet
  facet normal 0 0 1
    outer loop
      vertex 90 81.5 60
      vertex 85.01480577065395 79.55 60
      vertex 85.39971820690506 78.79456680891398 60
    endloop
  endfacet
  facet normal 0 0 1
    outer loop
      vertex 90 81.5 60
      vertex 85.39971820690506 78.79456680891398 60
      vertex 85.70355778199074 78.00303765443708 60
    endloop
  endfacet
  facet normal 0 0 1
    outer loop
      vertex 90 81.5 60
      vertex 84.55303765443708 80.26106054356903 60
      vertex 85.01480577065395 79.55 60
    endloop
  endfacet
  facet normal 0 0 1
    outer loop
      vertex 89.86888560652733 82.74747014790773 60
      vertex 84.01947308636689 80.91995791150676 60
      vertex 84.55303765443708 80.26106054356903 60
    endloop
  endfacet
  facet normal 0 0 1
    outer loop
      vertex 90 81.5 60
      vertex 86.05562735248301 74.65331944753201 60
      vertex 85.92299556594382 73.81591530437615 60
    endloop
  endfacet
  facet normal 0 0 1
    outer loop
      vertex 90 81.5 60
      vertex 86.1 75.5 60
      vertex 86.05562735248301 74.65331944753201 60
    endloop
  endfacet
  facet normal 0 0 1
    outer loop
      vertex 90 81.5 60
      vertex 86.05562735248301 76.34668055246799 60
      vertex 86.1 75.5 60
    endloop
  endfacet
  facet normal 0 0 1
    outer loop
      vertex 90 81.5 60
      vertex 85.92299556594382 77.18408469562385 60
      vertex 86.05562735248301 76.34668055246799 60
    endloop
  endfacet
  facet normal 0 0 1
    outer loop
      vertex 90 81.5 60
      vertex 85.70355778199074 78.00303765443708 60
      vertex 85.92299556594382 77.18408469562385 60
    endloop
  endfacet
  facet normal 0 0 1
    outer loop
      vertex 90 81.5 60
      vertex 89.9671313688159 82.12717077881098 60
      vertex 84.55303765443708 80.26106054356903 60
    endloop
  endfacet
  facet normal 0 0 1
    outer loop
      vertex 89.9671313688159 82.12717077881098 60
      vertex 89.86888560652733 82.74747014790773 60
      vertex 84.55303765443708 80.26106054356903 60
    endloop
  endfacet
  facet normal 0 0 1
    outer loop
      vertex 88.45886895060539 85.51478363573551 60
      vertex 82.05 82.51480577065395 60
      vertex 82.76106054356903 82.05303765443708 60
    endloop
  endfacet
  facet normal 0 0 1
    outer loop
      vertex 88.85410196334124 85.02671151608229 60
      vertex 82.76106054356903 82.05303765443708 60
      vertex 83.41995791150676 81.51947308636689 60
    endloop
  endfacet
  facet normal 0 0 1
    outer loop
      vertex 89.48127274215221 83.94041986018419 60
      vertex 83.41995791150676 81.51947308636689 60
      vertex 84.01947308636689 80.91995791150676 60
    endloop
  endfacet
  facet normal 0 0 1
    outer loop
      vertex 88.01478363573551 85.95886895060539 60
      vertex 82.05 82.51480577065395 60
      vertex 88.45886895060539 85.51478363573551 60
    endloop
  endfacet
  facet normal 0 0 1
    outer loop
      vertex 89.19615242630243 84.5 60
      vertex 88.85410196334124 85.02671151608229 60
      vertex 83.41995791150676 81.51947308636689 60
    endloop
  endfacet
  facet normal 0 0 1
    outer loop
      vertex 88.45886895060539 85.51478363573551 60
      vertex 82.76106054356903 82.05303765443708 60
      vertex 88.85410196334124 85.02671151608229 60
    endloop
  endfacet
  facet normal 0 0 1
    outer loop
      vertex 86.44041986018419 86.98127274215221 60
      vertex 80.50303765443708 83.20355778199074 60
      vertex 87 86.69615242630243 60
    endloop
  endfacet
  facet normal 0 0 1
    outer loop
      vertex 87 86.69615242630243 60
      vertex 81.29456680891398 82.89971820690506 60
      vertex 87.52671151608229 86.35410196334124 60
    endloop
  endfacet
  facet normal 0 0 1
    outer loop
      vertex 88.01478363573551 85.95886895060539 60
      vertex 87.52671151608229 86.35410196334124 60
      vertex 82.05 82.51480577065395 60
    endloop
  endfacet
  facet normal 0 0 1
    outer loop
      vertex 89.86888560652733 82.74747014790773 60
      vertex 89.70633909851313 83.35410196334124 60
      vertex 84.01947308636689 80.91995791150676 60
    endloop
  endfacet
  facet normal 0 0 1
    outer loop
      vertex 89.19615242630243 84.5 60
      vertex 83.41995791150676 81.51947308636689 60
      vertex 89.48127274215221 83.94041986018419 60
    endloop
  endfacet
  facet normal 0 0 1
    outer loop
      vertex 89.70633909851313 83.35410196334124 60
      vertex 89.48127274215221 83.94041986018419 60
      vertex 84.01947308636689 80.91995791150676 60
    endloop
  endfacet
endsolid OpenSCAD_Model
