solid OpenSCAD_Model
  facet normal 0 0 -1
    outer loop
      vertex -89.86888560652733 -82.74747014790773 85
      vertex -89.9671313688159 -82.12717077881098 85
      vertex -82.22671805531516 -75.94424596888753 85
    endloop
  endfacet
  facet normal 0 0 -1
    outer loop
      vertex -89.9671313688159 -82.12717077881098 85
      vertex -90 -81.5 85
      vertex -82.25 -75.5 85
    endloop
  endfacet
  facet normal 0 0 -1
    outer loop
      vertex -89.86888560652733 -82.74747014790773 85
      vertex -81.88256819498105 -77.22863073307215 85
      vertex -81.68060796608387 -77.625 85
    endloop
  endfacet
  facet normal 0 0 -1
    outer loop
      vertex -89.86888560652733 -82.74747014790773 85
      vertex -82.0419901942544 -76.81332222609353 85
      vertex -81.88256819498105 -77.22863073307215 85
    endloop
  endfacet
  facet normal 0 0 -1
    outer loop
      vertex -89.86888560652733 -82.74747014790773 85
      vertex -82.15712730311867 -76.38362468597548 85
      vertex -82.0419901942544 -76.81332222609353 85
    endloop
  endfacet
  facet normal 0 0 -1
    outer loop
      vertex -89.86888560652733 -82.74747014790773 85
      vertex -82.22671805531516 -75.94424596888753 85
      vertex -82.15712730311867 -76.38362468597548 85
    endloop
  endfacet
  facet normal 0 0 -1
    outer loop
      vertex -89.9671313688159 -82.12717077881098 85
      vertex -82.25 -75.5 85
      vertex -82.22671805531516 -75.94424596888753 85
    endloop
  endfacet
  facet normal 0 0 -1
    outer loop
      vertex -90 -81.5 85
      vertex -82.22671805531516 -75.05575403111247 85
      vertex -82.25 -75.5 85
    endloop
  endfacet
  facet normal 0 0 -1
    outer loop
      vertex -90 -81.5 85
      vertex -82.15712730311867 -74.61637531402452 85
      vertex -82.22671805531516 -75.05575403111247 85
    endloop
  endfacet
  facet normal 0 0 -1
    outer loop
      vertex -89.48127274215221 -83.94041986018419 85
      vertex -89.70633909851313 -83.35410196334124 85
      vertex -68.29102843254805 -83.23391714692116 85
    endloop
  endfacet
  facet normal 0 0 -1
    outer loop
      vertex -89.48127274215221 -83.94041986018419 85
      vertex -67.83611735701561 -83.86004852503538 85
      vertex -89.19615242630243 -84.5 85
    endloop
  endfacet
  facet normal 0 0 -1
    outer loop
      vertex -88.85410196334124 -85.02671151608229 85
      vertex -89.19615242630243 -84.5 85
      vertex -67.22980938851833 -84.46635649353266 85
    endloop
  endfacet
  facet normal 0 0 -1
    outer loop
      vertex -89.70633909851313 -83.35410196334124 85
      vertex -89.86888560652733 -82.74747014790773 85
      vertex -68.55258044600487 -82.75679212063551 85
    endloop
  endfacet
  facet normal 0 0 -1
    outer loop
      vertex -88.85410196334124 -85.02671151608229 85
      vertex -66.6036779358983 -84.92126762121916 85
      vertex -88.45886895060539 -85.51478363573551 85
    endloop
  endfacet
  facet normal 0 0 -1
    outer loop
      vertex -88.45886895060539 -85.51478363573551 85
      vertex -65.62470208853483 -85.39306562393904 85
      vertex -88.01478363573551 -85.95886895060539 85
    endloop
  endfacet
  facet normal 0 0 -1
    outer loop
      vertex -89.86888560652733 -82.74747014790773 85
      vertex -80.84380507702515 -78.65836550827892 85
      vertex -80.49808732224301 -78.93832222609353 85
    endloop
  endfacet
  facet normal 0 0 -1
    outer loop
      vertex -89.86888560652733 -82.74747014790773 85
      vertex -81.43832222609353 -77.99808732224301 85
      vertex -81.15836550827892 -78.34380507702515 85
    endloop
  endfacet
  facet normal 0 0 -1
    outer loop
      vertex -89.86888560652733 -82.74747014790773 85
      vertex -81.68060796608387 -77.625 85
      vertex -81.43832222609353 -77.99808732224301 85
    endloop
  endfacet
  facet normal 0 0 -1
    outer loop
      vertex -89.86888560652733 -82.74747014790773 85
      vertex -81.15836550827892 -78.34380507702515 85
      vertex -80.84380507702515 -78.65836550827892 85
    endloop
  endfacet
  facet normal 0 0 -1
    outer loop
      vertex -89.86888560652733 -82.74747014790773 85
      vertex -80.49808732224301 -78.93832222609353 85
      vertex -80.125 -79.18060796608387 85
    endloop
  endfacet
  facet normal 0 0 -1
    outer loop
      vertex -89.86888560652733 -82.74747014790773 85
      vertex -80.125 -79.18060796608387 85
      vertex -79.72863073307215 -79.38256819498105 85
    endloop
  endfacet
  facet normal 0 0 -1
    outer loop
      vertex -89.86888560652733 -82.74747014790773 85
      vertex -79.72863073307215 -79.38256819498105 85
      vertex -79.31332222609353 -79.5419901942544 85
    endloop
  endfacet
  facet normal 0 0 -1
    outer loop
      vertex -89.86888560652733 -82.74747014790773 85
      vertex -79.31332222609353 -79.5419901942544 85
      vertex -68.55258044600487 -82.75679212063551 85
    endloop
  endfacet
  facet normal 0 0 -1
    outer loop
      vertex -90 -81.5 85
      vertex -85.49877908825874 -65.9280514344573 85
      vertex -82.15712730311867 -74.61637531402452 85
    endloop
  endfacet
  facet normal 0 0 -1
    outer loop
      vertex -90 -81.5 85
      vertex -87.97820635885 -62.86621377617121 85
      vertex -87.90704648196697 -63.085221350193024 85
    endloop
  endfacet
  facet normal 0 0 -1
    outer loop
      vertex -90 -81.5 85
      vertex -88.0594796165824 -62.562897861003876 85
      vertex -87.97820635885 -62.86621377617121 85
    endloop
  endfacet
  facet normal 0 0 -1
    outer loop
      vertex -90 -81.5 85
      vertex -88.10735715180635 -62.337651774287224 85
      vertex -88.0594796165824 -62.562897861003876 85
    endloop
  endfacet
  facet normal 0 0 -1
    outer loop
      vertex -90 -81.5 85
      vertex -88.18055066466331 -61.79848535358906 85
      vertex -88.15648003667593 -62.027502097189426 85
    endloop
  endfacet
  facet normal 0 0 -1
    outer loop
      vertex -90 -81.5 85
      vertex -88.15648003667593 -62.027502097189426 85
      vertex -88.10735715180635 -62.337651774287224 85
    endloop
  endfacet
  facet normal 0 0 -1
    outer loop
      vertex -90 -81.5 85
      vertex -87.55829056352377 -63.868539959192276 85
      vertex -87.44315146654844 -64.06796673685312 85
    endloop
  endfacet
  facet normal 0 0 -1
    outer loop
      vertex -90 -81.5 85
      vertex -87.27212624251842 -64.33132249116898 85
      vertex -87.13677209615707 -64.51762149482965 85
    endloop
  endfacet
  facet normal 0 0 -1
    outer loop
      vertex -90 -81.5 85
      vertex -86.93915558606386 -64.76165755838156 85
      vertex -86.7850693911314 -64.93278760463 85
    endloop
  endfacet
  facet normal 0 0 -1
    outer loop
      vertex -90 -81.5 85
      vertex -87.13677209615707 -64.51762149482965 85
      vertex -86.93915558606386 -64.76165755838156 85
    endloop
  endfacet
  facet normal 0 0 -1
    outer loop
      vertex -90 -81.5 85
      vertex -87.44315146654844 -64.06796673685312 85
      vertex -87.27212624251842 -64.33132249116898 85
    endloop
  endfacet
  facet normal 0 0 -1
    outer loop
      vertex -90 -81.5 85
      vertex -86.7850693911314 -64.93278760463 85
      vertex -86.56302673369646 -65.15483026206493 85
    endloop
  endfacet
  facet normal 0 0 -1
    outer loop
      vertex -90 -81.5 85
      vertex -86.56302673369646 -65.15483026206493 85
      vertex -86.39189668744802 -65.3089164569974 85
    endloop
  endfacet
  facet normal 0 0 -1
    outer loop
      vertex -90 -81.5 85
      vertex -86.14786062389612 -65.5065329670906 85
      vertex -85.96156164258718 -65.6418870985508 85
    endloop
  endfacet
  facet normal 0 0 -1
    outer loop
      vertex -90 -81.5 85
      vertex -86.39189668744802 -65.3089164569974 85
      vertex -86.14786062389612 -65.5065329670906 85
    endloop
  endfacet
  facet normal 0 0 -1
    outer loop
      vertex -90 -81.5 85
      vertex -85.96156164258718 -65.6418870985508 85
      vertex -85.69820586591959 -65.81291233748198 85
    endloop
  endfacet
  facet normal 0 0 -1
    outer loop
      vertex -90 -81.5 85
      vertex -87.70085072517395 -63.58874988555908 85
      vertex -87.55829056352377 -63.868539959192276 85
    endloop
  endfacet
  facet normal 0 0 -1
    outer loop
      vertex -90 -81.5 85
      vertex -87.7945133075118 -63.37838029116392 85
      vertex -87.70085072517395 -63.58874988555908 85
    endloop
  endfacet
  facet normal 0 0 -1
    outer loop
      vertex -90 -81.5 85
      vertex -87.90704648196697 -63.085221350193024 85
      vertex -87.7945133075118 -63.37838029116392 85
    endloop
  endfacet
  facet normal 0 0 -1
    outer loop
      vertex -90 -81.5 85
      vertex -88.19698497653008 -61.48489996045828 85
      vertex -88.18055066466331 -61.79848535358906 85
    endloop
  endfacet
  facet normal 0 0 -1
    outer loop
      vertex -90 -81.5 85
      vertex -88.20000000298023 -61.36976087093353 85
      vertex -88.19698497653008 -61.48489996045828 85
    endloop
  endfacet
  facet normal 0 0 -1
    outer loop
      vertex -90 -81.5 85
      vertex -85.69820586591959 -65.81291233748198 85
      vertex -85.49877908825874 -65.9280514344573 85
    endloop
  endfacet
  facet normal 0 0 -1
    outer loop
      vertex -82.15712730311867 -74.61637531402452 85
      vertex -85.49877908825874 -65.9280514344573 85
      vertex -82.0419901942544 -74.18667777390647 85
    endloop
  endfacet
  facet normal 0 0 -1
    outer loop
      vertex -82.0419901942544 -74.18667777390647 85
      vertex -85.21898901462555 -66.07061159610748 85
      vertex -81.88256819498105 -73.77136926692785 85
    endloop
  endfacet
  facet normal 0 0 -1
    outer loop
      vertex -81.88256819498105 -73.77136926692785 85
      vertex -84.71546047925949 -66.2768073529005 85
      vertex -81.68060796608387 -73.375 85
    endloop
  endfacet
  facet normal 0 0 -1
    outer loop
      vertex -85.21898901462555 -66.07061159610748 85
      vertex -82.0419901942544 -74.18667777390647 85
      vertex -85.49877908825874 -65.9280514344573 85
    endloop
  endfacet
  facet normal 0 0 -1
    outer loop
      vertex -85.00861942023039 -66.16427417844534 85
      vertex -81.88256819498105 -73.77136926692785 85
      vertex -85.21898901462555 -66.07061159610748 85
    endloop
  endfacet
  facet normal 0 0 -1
    outer loop
      vertex -84.71546047925949 -66.2768073529005 85
      vertex -81.88256819498105 -73.77136926692785 85
      vertex -85.00861942023039 -66.16427417844534 85
    endloop
  endfacet
  facet normal 0 0 -1
    outer loop
      vertex -81.68060796608387 -73.375 85
      vertex -84.49645290523767 -66.34796722978354 85
      vertex -84.19313699007034 -66.42924048751593 85
    endloop
  endfacet
  facet normal 0 0 -1
    outer loop
      vertex -84.49645290523767 -66.34796722978354 85
      vertex -81.68060796608387 -73.375 85
      vertex -84.71546047925949 -66.2768073529005 85
    endloop
  endfacet
  facet normal 0 0 -1
    outer loop
      vertex -83.96789091825485 -66.47711802273989 85
      vertex -81.43832222609353 -73.00191267775699 85
      vertex -84.19313699007034 -66.42924048751593 85
    endloop
  endfacet
  facet normal 0 0 -1
    outer loop
      vertex -81.43832222609353 -73.00191267775699 85
      vertex -83.96789091825485 -66.47711802273989 85
      vertex -83.6577412262559 -66.52624090760946 85
    endloop
  endfacet
  facet normal 0 0 -1
    outer loop
      vertex -81.68060796608387 -73.375 85
      vertex -84.19313699007034 -66.42924048751593 85
      vertex -81.43832222609353 -73.00191267775699 85
    endloop
  endfacet
  facet normal 0 0 -1
    outer loop
      vertex -81.43832222609353 -73.00191267775699 85
      vertex -83.6577412262559 -66.52624090760946 85
      vertex -81.15836550827892 -72.65619492297485 85
    endloop
  endfacet
  facet normal 0 0 -1
    outer loop
      vertex -81.15836550827892 -72.65619492297485 85
      vertex -83.11513908952475 -66.56674584746361 85
      vertex -80.84380507702515 -72.34163449172108 85
    endloop
  endfacet
  facet normal 0 0 -1
    outer loop
      vertex -83.42872451245785 -66.55031153559685 85
      vertex -81.15836550827892 -72.65619492297485 85
      vertex -83.6577412262559 -66.52624090760946 85
    endloop
  endfacet
  facet normal 0 0 -1
    outer loop
      vertex -81.15836550827892 -72.65619492297485 85
      vertex -83.42872451245785 -66.55031153559685 85
      vertex -83.11513908952475 -66.56674584746361 85
    endloop
  endfacet
  facet normal 0 0 -1
    outer loop
      vertex -82.88486091047525 -66.56674584746361 85
      vertex -80.84380507702515 -72.34163449172108 85
      vertex -83.11513908952475 -66.56674584746361 85
    endloop
  endfacet
  facet normal 0 0 -1
    outer loop
      vertex -82.57127551734447 -66.55031153559685 85
      vertex -80.49808732224301 -72.06167777390647 85
      vertex -82.88486091047525 -66.56674584746361 85
    endloop
  endfacet
  facet normal 0 0 -1
    outer loop
      vertex -82.3422587737441 -66.52624090760946 85
      vertex -80.49808732224301 -72.06167777390647 85
      vertex -82.57127551734447 -66.55031153559685 85
    endloop
  endfacet
  facet normal 0 0 -1
    outer loop
      vertex -80.84380507702515 -72.34163449172108 85
      vertex -82.88486091047525 -66.56674584746361 85
      vertex -80.49808732224301 -72.06167777390647 85
    endloop
  endfacet
  facet normal 0 0 -1
    outer loop
      vertex -80.49808732224301 -72.06167777390647 85
      vertex -82.3422587737441 -66.52624090760946 85
      vertex -80.125 -71.81939203391613 85
    endloop
  endfacet
  facet normal 0 0 -1
    outer loop
      vertex -80.125 -71.81939203391613 85
      vertex -81.80686300992966 -66.42924048751593 85
      vertex -79.72863073307215 -71.61743180501895 85
    endloop
  endfacet
  facet normal 0 0 -1
    outer loop
      vertex -79.72863073307215 -71.61743180501895 85
      vertex -81.33857395499945 -66.29674170911312 85
      vertex -79.31332222609353 -71.4580098057456 85
    endloop
  endfacet
  facet normal 0 0 -1
    outer loop
      vertex -79.31332222609353 -71.4580098057456 85
      vertex -81.00727494060993 -66.1771160364151 85
      vertex -78.88362468597548 -71.34287269688133 85
    endloop
  endfacet
  facet normal 0 0 -1
    outer loop
      vertex -82.03210909664631 -66.47711802273989 85
      vertex -80.125 -71.81939203391613 85
      vertex -82.3422587737441 -66.52624090760946 85
    endloop
  endfacet
  facet normal 0 0 -1
    outer loop
      vertex -80.125 -71.81939203391613 85
      vertex -82.03210909664631 -66.47711802273989 85
      vertex -81.80686300992966 -66.42924048751593 85
    endloop
  endfacet
  facet normal 0 0 -1
    outer loop
      vertex -81.50354709476233 -66.34796722978354 85
      vertex -79.72863073307215 -71.61743180501895 85
      vertex -81.80686300992966 -66.42924048751593 85
    endloop
  endfacet
  facet normal 0 0 -1
    outer loop
      vertex -79.72863073307215 -71.61743180501895 85
      vertex -81.50354709476233 -66.34796722978354 85
      vertex -81.33857395499945 -66.29674170911312 85
    endloop
  endfacet
  facet normal 0 0 -1
    outer loop
      vertex -81.13648672401905 -66.22437911480665 85
      vertex -79.31332222609353 -71.4580098057456 85
      vertex -81.19052112847567 -66.2443134561181 85
    endloop
  endfacet
  facet normal 0 0 -1
    outer loop
      vertex -81.19052112847567 -66.2443134561181 85
      vertex -79.31332222609353 -71.4580098057456 85
      vertex -81.33857395499945 -66.29674170911312 85
    endloop
  endfacet
  facet normal 0 0 -1
    outer loop
      vertex -81.00727494060993 -66.1771160364151 85
      vertex -79.31332222609353 -71.4580098057456 85
      vertex -81.04691705852747 -66.18999654054642 85
    endloop
  endfacet
  facet normal 0 0 -1
    outer loop
      vertex -81.04691705852747 -66.18999654054642 85
      vertex -79.31332222609353 -71.4580098057456 85
      vertex -81.13648672401905 -66.22437911480665 85
    endloop
  endfacet
  facet normal 0 0 -1
    outer loop
      vertex -80.05706536024809 -65.92250815033913 85
      vertex -78.88362468597548 -71.34287269688133 85
      vertex -81.00727494060993 -66.1771160364151 85
    endloop
  endfacet
  facet normal 0 0 -1
    outer loop
      vertex -80.01629415899515 -65.91384196281433 85
      vertex -78.88362468597548 -71.34287269688133 85
      vertex -80.05706536024809 -65.92250815033913 85
    endloop
  endfacet
  facet normal 0 0 -1
    outer loop
      vertex -78.88362468597548 -71.34287269688133 85
      vertex -80.01629415899515 -65.91384196281433 85
      vertex -79.04467599093914 -65.75995276123285 85
    endloop
  endfacet
  facet normal 0 0 -1
    outer loop
      vertex -78.88362468597548 -71.34287269688133 85
      vertex -79.04467599093914 -65.75995276123285 85
      vertex -79.00322233140469 -65.75559581071138 85
    endloop
  endfacet
  facet normal 0 0 -1
    outer loop
      vertex -88.85410196334124 -85.02671151608229 85
      vertex -67.05084959417582 -84.61127527803183 85
      vertex -66.79680552333593 -84.79584909975529 85
    endloop
  endfacet
  facet normal 0 0 -1
    outer loop
      vertex -88.85410196334124 -85.02671151608229 85
      vertex -66.79680552333593 -84.79584909975529 85
      vertex -66.6036779358983 -84.92126762121916 85
    endloop
  endfacet
  facet normal 0 0 -1
    outer loop
      vertex -88.45886895060539 -85.51478363573551 85
      vertex -66.6036779358983 -84.92126762121916 85
      vertex -66.33173232525587 -85.0782754868269 85
    endloop
  endfacet
  facet normal 0 0 -1
    outer loop
      vertex -88.45886895060539 -85.51478363573551 85
      vertex -66.33173232525587 -85.0782754868269 85
      vertex -66.12655296176672 -85.1828195899725 85
    endloop
  endfacet
  facet normal 0 0 -1
    outer loop
      vertex -88.45886895060539 -85.51478363573551 85
      vertex -65.8396853134036 -85.31054129451513 85
      vertex -65.62470208853483 -85.39306562393904 85
    endloop
  endfacet
  facet normal 0 0 -1
    outer loop
      vertex -88.45886895060539 -85.51478363573551 85
      vertex -66.12655296176672 -85.1828195899725 85
      vertex -65.8396853134036 -85.31054129451513 85
    endloop
  endfacet
  facet normal 0 0 -1
    outer loop
      vertex -89.48127274215221 -83.94041986018419 85
      vertex -68.29102843254805 -83.23391714692116 85
      vertex -68.16560994833708 -83.42704467475414 85
    endloop
  endfacet
  facet normal 0 0 -1
    outer loop
      vertex -89.19615242630243 -84.5 85
      vertex -67.83611735701561 -83.86004852503538 85
      vertex -67.62599980086088 -84.09340770542622 85
    endloop
  endfacet
  facet normal 0 0 -1
    outer loop
      vertex -89.19615242630243 -84.5 85
      vertex -67.62599980086088 -84.09340770542622 85
      vertex -67.463168554008 -84.25623895227909 85
    endloop
  endfacet
  facet normal 0 0 -1
    outer loop
      vertex -89.19615242630243 -84.5 85
      vertex -67.463168554008 -84.25623895227909 85
      vertex -67.22980938851833 -84.46635649353266 85
    endloop
  endfacet
  facet normal 0 0 -1
    outer loop
      vertex -89.48127274215221 -83.94041986018419 85
      vertex -67.98103612661362 -83.68108874559402 85
      vertex -67.83611735701561 -83.86004852503538 85
    endloop
  endfacet
  facet normal 0 0 -1
    outer loop
      vertex -89.48127274215221 -83.94041986018419 85
      vertex -68.16560994833708 -83.42704467475414 85
      vertex -67.98103612661362 -83.68108874559402 85
    endloop
  endfacet
  facet normal 0 0 -1
    outer loop
      vertex -89.70633909851313 -83.35410196334124 85
      vertex -68.4480363279581 -82.9619715064764 85
      vertex -68.29102843254805 -83.23391714692116 85
    endloop
  endfacet
  facet normal 0 0 -1
    outer loop
      vertex -89.70633909851313 -83.35410196334124 85
      vertex -68.55258044600487 -82.75679212063551 85
      vertex -68.4480363279581 -82.9619715064764 85
    endloop
  endfacet
  facet normal 0 0 -1
    outer loop
      vertex -88.85410196334124 -85.02671151608229 85
      vertex -67.22980938851833 -84.46635649353266 85
      vertex -67.05084959417582 -84.61127527803183 85
    endloop
  endfacet
  facet normal 0 0 -1
    outer loop
      vertex -68.55258044600487 -82.75679212063551 85
      vertex -78.88362468597548 -79.65712730311867 85
      vertex -78.44424596888753 -79.72671805531516 85
    endloop
  endfacet
  facet normal 0 0 -1
    outer loop
      vertex -68.55258044600487 -82.75679212063551 85
      vertex -78.44424596888753 -79.72671805531516 85
      vertex -78 -79.75 85
    endloop
  endfacet
  facet normal 0 0 -1
    outer loop
      vertex -68.55258044600487 -82.75679212063551 85
      vertex -78 -79.75 85
      vertex -77.55575403111247 -79.72671805531516 85
    endloop
  endfacet
  facet normal 0 0 -1
    outer loop
      vertex -68.55258044600487 -82.75679212063551 85
      vertex -79.31332222609353 -79.5419901942544 85
      vertex -78.88362468597548 -79.65712730311867 85
    endloop
  endfacet
  facet normal 0 0 -1
    outer loop
      vertex -68.55258044600487 -82.75679212063551 85
      vertex -77.55575403111247 -79.72671805531516 85
      vertex -77.11637531402452 -79.65712730311867 85
    endloop
  endfacet
  facet normal 0 0 -1
    outer loop
      vertex -68.55258044600487 -82.75679212063551 85
      vertex -77.11637531402452 -79.65712730311867 85
      vertex -76.68667777390647 -79.5419901942544 85
    endloop
  endfacet
  facet normal 0 0 -1
    outer loop
      vertex -68.55258044600487 -82.75679212063551 85
      vertex -76.68667777390647 -79.5419901942544 85
      vertex -76.27136926692785 -79.38256819498105 85
    endloop
  endfacet
  facet normal 0 0 -1
    outer loop
      vertex -75.875 -79.18060796608387 85
      vertex -68.76282646507025 -82.2549412921071 85
      vertex -76.27136926692785 -79.38256819498105 85
    endloop
  endfacet
  facet normal 0 0 -1
    outer loop
      vertex -75.50191267775699 -78.93832222609353 85
      vertex -68.91946306079626 -81.73386289179325 85
      vertex -75.875 -79.18060796608387 85
    endloop
  endfacet
  facet normal 0 0 -1
    outer loop
      vertex -75.15619492297485 -78.65836550827892 85
      vertex -69.02077405899763 -81.19926605373621 85
      vertex -75.50191267775699 -78.93832222609353 85
    endloop
  endfacet
  facet normal 0 0 -1
    outer loop
      vertex -88.01478363573551 -85.95886895060539 85
      vertex -65.62470208853483 -85.39306562393904 85
      vertex -65.32605537772179 -85.4901018217206 85
    endloop
  endfacet
  facet normal 0 0 -1
    outer loop
      vertex -88.01478363573551 -85.95886895060539 85
      vertex -65.32605537772179 -85.4901018217206 85
      vertex -65.10362371057272 -85.54970220476389 85
    endloop
  endfacet
  facet normal 0 0 -1
    outer loop
      vertex -88.01478363573551 -85.95886895060539 85
      vertex -65.10362371057272 -85.54970220476389 85
      vertex -64.7964699268341 -85.61498975008726 85
    endloop
  endfacet
  facet normal 0 0 -1
    outer loop
      vertex -88.01478363573551 -85.95886895060539 85
      vertex -64.7964699268341 -85.61498975008726 85
      vertex -64.56902688741684 -85.6510131880641 85
    endloop
  endfacet
  facet normal 0 0 -1
    outer loop
      vertex -88.01478363573551 -85.95886895060539 85
      vertex -64.56902688741684 -85.6510131880641 85
      vertex -64.25673136115074 -85.68383677303791 85
    endloop
  endfacet
  facet normal 0 0 -1
    outer loop
      vertex -88.01478363573551 -85.95886895060539 85
      vertex -64.25673136115074 -85.68383677303791 85
      vertex -64.08435799181461 -85.69513472169638 85
    endloop
  endfacet
  facet normal 0 0 -1
    outer loop
      vertex -88.01478363573551 -85.95886895060539 85
      vertex -63.927350141108036 -85.69924611598253 85
      vertex -63.86976087093353 -85.70000000298023 85
    endloop
  endfacet
  facet normal 0 0 -1
    outer loop
      vertex -88.01478363573551 -85.95886895060539 85
      vertex -64.08435799181461 -85.69513472169638 85
      vertex -63.927350141108036 -85.69924611598253 85
    endloop
  endfacet
  facet normal 0 0 -1
    outer loop
      vertex -68.6803021505475 -82.4699244722724 85
      vertex -76.27136926692785 -79.38256819498105 85
      vertex -68.76282646507025 -82.2549412921071 85
    endloop
  endfacet
  facet normal 0 0 -1
    outer loop
      vertex -68.55258044600487 -82.75679212063551 85
      vertex -76.27136926692785 -79.38256819498105 85
      vertex -68.6803021505475 -82.4699244722724 85
    endloop
  endfacet
  facet normal 0 0 -1
    outer loop
      vertex -68.76282646507025 -82.2549412921071 85
      vertex -75.875 -79.18060796608387 85
      vertex -68.85986267775297 -81.95629455894232 85
    endloop
  endfacet
  facet normal 0 0 -1
    outer loop
      vertex -68.85986267775297 -81.95629455894232 85
      vertex -75.875 -79.18060796608387 85
      vertex -68.91946306079626 -81.73386289179325 85
    endloop
  endfacet
  facet normal 0 0 -1
    outer loop
      vertex -68.91946306079626 -81.73386289179325 85
      vertex -75.50191267775699 -78.93832222609353 85
      vertex -68.98475060611963 -81.42670915275812 85
    endloop
  endfacet
  facet normal 0 0 -1
    outer loop
      vertex -68.98475060611963 -81.42670915275812 85
      vertex -75.50191267775699 -78.93832222609353 85
      vertex -69.02077405899763 -81.19926605373621 85
    endloop
  endfacet
  facet normal 0 0 -1
    outer loop
      vertex -69.02077405899763 -81.19926605373621 85
      vertex -75.15619492297485 -78.65836550827892 85
      vertex -69.05359764397144 -80.88697052747011 85
    endloop
  endfacet
  facet normal 0 0 -1
    outer loop
      vertex -74.84163449172108 -78.34380507702515 85
      vertex -69.06564947962761 -80.65700788795948 85
      vertex -69.05359764397144 -80.88697052747011 85
    endloop
  endfacet
  facet normal 0 0 -1
    outer loop
      vertex -69.06564947962761 -80.65700788795948 85
      vertex -74.84163449172108 -78.34380507702515 85
      vertex -69.06564947962761 -80.34299213439226 85
    endloop
  endfacet
  facet normal 0 0 -1
    outer loop
      vertex -74.56167777390647 -77.99808732224301 85
      vertex -69.05359764397144 -80.11302950978279 85
      vertex -69.06564947962761 -80.34299213439226 85
    endloop
  endfacet
  facet normal 0 0 -1
    outer loop
      vertex -69.05359764397144 -80.11302950978279 85
      vertex -74.56167777390647 -77.99808732224301 85
      vertex -69.02077405899763 -79.8007339835167 85
    endloop
  endfacet
  facet normal 0 0 -1
    outer loop
      vertex -74.84163449172108 -78.34380507702515 85
      vertex -69.05359764397144 -80.88697052747011 85
      vertex -75.15619492297485 -78.65836550827892 85
    endloop
  endfacet
  facet normal 0 0 -1
    outer loop
      vertex -74.56167777390647 -77.99808732224301 85
      vertex -69.06564947962761 -80.34299213439226 85
      vertex -74.84163449172108 -78.34380507702515 85
    endloop
  endfacet
  facet normal 0 0 -1
    outer loop
      vertex -74.31939203391613 -77.625 85
      vertex -69.02077405899763 -79.8007339835167 85
      vertex -74.56167777390647 -77.99808732224301 85
    endloop
  endfacet
  facet normal 0 0 -1
    outer loop
      vertex -74.11743180501895 -77.22863073307215 85
      vertex -68.91946307569742 -79.26613716036081 85
      vertex -74.31939203391613 -77.625 85
    endloop
  endfacet
  facet normal 0 0 -1
    outer loop
      vertex -73.9580098057456 -76.81332222609353 85
      vertex -68.85986269265413 -79.04370549321175 85
      vertex -74.11743180501895 -77.22863073307215 85
    endloop
  endfacet
  facet normal 0 0 -1
    outer loop
      vertex -73.84287269688133 -76.38362468597548 85
      vertex -68.677116073668 -78.5072750672698 85
      vertex -73.9580098057456 -76.81332222609353 85
    endloop
  endfacet
  facet normal 0 0 -1
    outer loop
      vertex -73.77328194468484 -75.94424596888753 85
      vertex -68.41384197026491 -77.5162941813469 85
      vertex -73.84287269688133 -76.38362468597548 85
    endloop
  endfacet
  facet normal 0 0 -1
    outer loop
      vertex -69.02077405899763 -79.8007339835167 85
      vertex -74.31939203391613 -77.625 85
      vertex -68.9847506210208 -79.57329094409943 85
    endloop
  endfacet
  facet normal 0 0 -1
    outer loop
      vertex -68.9847506210208 -79.57329094409943 85
      vertex -74.31939203391613 -77.625 85
      vertex -68.91946307569742 -79.26613716036081 85
    endloop
  endfacet
  facet normal 0 0 -1
    outer loop
      vertex -68.91946307569742 -79.26613716036081 85
      vertex -74.11743180501895 -77.22863073307215 85
      vertex -68.85986269265413 -79.04370549321175 85
    endloop
  endfacet
  facet normal 0 0 -1
    outer loop
      vertex -73.9580098057456 -76.81332222609353 85
      vertex -68.76282649487257 -78.7450587823987 85
      vertex -68.85986269265413 -79.04370549321175 85
    endloop
  endfacet
  facet normal 0 0 -1
    outer loop
      vertex -68.68999651819468 -78.5469170063734 85
      vertex -73.9580098057456 -76.81332222609353 85
      vertex -68.677116073668 -78.5072750672698 85
    endloop
  endfacet
  facet normal 0 0 -1
    outer loop
      vertex -68.72437908500433 -78.63648664206266 85
      vertex -73.9580098057456 -76.81332222609353 85
      vertex -68.68999651819468 -78.5469170063734 85
    endloop
  endfacet
  facet normal 0 0 -1
    outer loop
      vertex -68.76282649487257 -78.7450587823987 85
      vertex -73.9580098057456 -76.81332222609353 85
      vertex -68.72437908500433 -78.63648664206266 85
    endloop
  endfacet
  facet normal 0 0 -1
    outer loop
      vertex -68.677116073668 -78.5072750672698 85
      vertex -73.84287269688133 -76.38362468597548 85
      vertex -68.42250814288855 -77.55706532299519 85
    endloop
  endfacet
  facet normal 0 0 -1
    outer loop
      vertex -68.42250814288855 -77.55706532299519 85
      vertex -73.84287269688133 -76.38362468597548 85
      vertex -68.41384197026491 -77.5162941813469 85
    endloop
  endfacet
  facet normal 0 0 -1
    outer loop
      vertex -68.41384197026491 -77.5162941813469 85
      vertex -73.77328194468484 -75.94424596888753 85
      vertex -68.25995279103518 -76.54467616975307 85
    endloop
  endfacet
  facet normal 0 0 -1
    outer loop
      vertex -74.84163449172108 -72.65619492297485 85
      vertex -70.0872096195817 -69.7252604663372 85
      vertex -74.56167777390647 -73.00191267775699 85
    endloop
  endfacet
  facet normal 0 0 -1
    outer loop
      vertex -75.15619492297485 -72.34163449172108 85
      vertex -70.73418144136667 -68.9297831878066 85
      vertex -74.84163449172108 -72.65619492297485 85
    endloop
  endfacet
  facet normal 0 0 -1
    outer loop
      vertex -73.12010453641415 -67.00609109550714 85
      vertex -78.44424596888753 -71.27328194468484 85
      vertex -78.88362468597548 -71.34287269688133 85
    endloop
  endfacet
  facet normal 0 0 -1
    outer loop
      vertex -78.44424596888753 -71.27328194468484 85
      vertex -73.12010453641415 -67.00609109550714 85
      vertex -78 -71.25 85
    endloop
  endfacet
  facet normal 0 0 -1
    outer loop
      vertex -73.12010453641415 -67.00609109550714 85
      vertex -77.55575403111247 -71.27328194468484 85
      vertex -78 -71.25 85
    endloop
  endfacet
  facet normal 0 0 -1
    outer loop
      vertex -78.88362468597548 -71.34287269688133 85
      vertex -79.00322233140469 -65.75559581071138 85
      vertex -78.020841114223 -65.70411139726639 85
    endloop
  endfacet
  facet normal 0 0 -1
    outer loop
      vertex -78.88362468597548 -71.34287269688133 85
      vertex -78.020841114223 -65.70411139726639 85
      vertex -77.979158885777 -65.70411139726639 85
    endloop
  endfacet
  facet normal 0 0 -1
    outer loop
      vertex -78.88362468597548 -71.34287269688133 85
      vertex -77.979158885777 -65.70411139726639 85
      vertex -76.99677781760693 -65.75559579581022 85
    endloop
  endfacet
  facet normal 0 0 -1
    outer loop
      vertex -78.88362468597548 -71.34287269688133 85
      vertex -76.99677781760693 -65.75559579581022 85
      vertex -76.95532381534576 -65.75995279103518 85
    endloop
  endfacet
  facet normal 0 0 -1
    outer loop
      vertex -78.88362468597548 -71.34287269688133 85
      vertex -75.98370580375195 -65.91384197026491 85
      vertex -75.94293466210365 -65.92250814288855 85
    endloop
  endfacet
  facet normal 0 0 -1
    outer loop
      vertex -78.88362468597548 -71.34287269688133 85
      vertex -76.95532381534576 -65.75995279103518 85
      vertex -75.98370580375195 -65.91384197026491 85
    endloop
  endfacet
  facet normal 0 0 -1
    outer loop
      vertex -78.88362468597548 -71.34287269688133 85
      vertex -75.94293466210365 -65.92250814288855 85
      vertex -74.9927249699831 -66.17711605876684 85
    endloop
  endfacet
  facet normal 0 0 -1
    outer loop
      vertex -78.88362468597548 -71.34287269688133 85
      vertex -74.95308290421963 -66.189996547997 85
      vertex -74.03469229489565 -66.54253367334604 85
    endloop
  endfacet
  facet normal 0 0 -1
    outer loop
      vertex -78.88362468597548 -71.34287269688133 85
      vertex -74.9927249699831 -66.17711605876684 85
      vertex -74.95308290421963 -66.189996547997 85
    endloop
  endfacet
  facet normal 0 0 -1
    outer loop
      vertex -77.55575403111247 -71.27328194468484 85
      vertex -72.2589817866683 -67.56270964443684 85
      vertex -77.11637531402452 -71.34287269688133 85
    endloop
  endfacet
  facet normal 0 0 -1
    outer loop
      vertex -72.2589817866683 -67.56270964443684 85
      vertex -76.68667777390647 -71.4580098057456 85
      vertex -77.11637531402452 -71.34287269688133 85
    endloop
  endfacet
  facet normal 0 0 -1
    outer loop
      vertex -75.875 -71.81939203391613 85
      vertex -72.2589817866683 -67.56270964443684 85
      vertex -75.50191267775699 -72.06167777390647 85
    endloop
  endfacet
  facet normal 0 0 -1
    outer loop
      vertex -72.2589817866683 -67.56270964443684 85
      vertex -76.27136926692785 -71.61743180501895 85
      vertex -76.68667777390647 -71.4580098057456 85
    endloop
  endfacet
  facet normal 0 0 -1
    outer loop
      vertex -72.2589817866683 -67.56270964443684 85
      vertex -75.875 -71.81939203391613 85
      vertex -76.27136926692785 -71.61743180501895 85
    endloop
  endfacet
  facet normal 0 0 -1
    outer loop
      vertex -77.55575403111247 -71.27328194468484 85
      vertex -73.12010453641415 -67.00609109550714 85
      vertex -73.08400689065456 -67.02693208307028 85
    endloop
  endfacet
  facet normal 0 0 -1
    outer loop
      vertex -75.50191267775699 -72.06167777390647 85
      vertex -71.4607589840889 -68.20629071444273 85
      vertex -75.15619492297485 -72.34163449172108 85
    endloop
  endfacet
  facet normal 0 0 -1
    outer loop
      vertex -77.55575403111247 -71.27328194468484 85
      vertex -73.08400689065456 -67.02693208307028 85
      vertex -72.2589817866683 -67.56270964443684 85
    endloop
  endfacet
  facet normal 0 0 -1
    outer loop
      vertex -72.22526054084301 -67.58720956742764 85
      vertex -75.50191267775699 -72.06167777390647 85
      vertex -72.2589817866683 -67.56270964443684 85
    endloop
  endfacet
  facet normal 0 0 -1
    outer loop
      vertex -78.88362468597548 -71.34287269688133 85
      vertex -74.03469229489565 -66.54253367334604 85
      vertex -73.9966139420867 -66.55948724597692 85
    endloop
  endfacet
  facet normal 0 0 -1
    outer loop
      vertex -78.88362468597548 -71.34287269688133 85
      vertex -73.9966139420867 -66.55948724597692 85
      vertex -73.12010453641415 -67.00609109550714 85
    endloop
  endfacet
  facet normal 0 0 -1
    outer loop
      vertex -73.75 -75.5 85
      vertex -68.25559579581022 -76.50322216749191 85
      vertex -73.77328194468484 -75.94424596888753 85
    endloop
  endfacet
  facet normal 0 0 -1
    outer loop
      vertex -73.77328194468484 -75.05575403111247 85
      vertex -68.20411139726639 -75.47915887832642 85
      vertex -73.75 -75.5 85
    endloop
  endfacet
  facet normal 0 0 -1
    outer loop
      vertex -73.84287269688133 -74.61637531402452 85
      vertex -68.25995276123285 -74.4553239941597 85
      vertex -73.77328194468484 -75.05575403111247 85
    endloop
  endfacet
  facet normal 0 0 -1
    outer loop
      vertex -73.9580098057456 -74.18667777390647 85
      vertex -68.42250815033913 -73.44293462485075 85
      vertex -73.84287269688133 -74.61637531402452 85
    endloop
  endfacet
  facet normal 0 0 -1
    outer loop
      vertex -74.31939203391613 -73.375 85
      vertex -69.05948723107576 -71.4966139793396 85
      vertex -74.11743180501895 -73.77136926692785 85
    endloop
  endfacet
  facet normal 0 0 -1
    outer loop
      vertex -74.11743180501895 -73.77136926692785 85
      vertex -68.68999657779932 -72.45308281481266 85
      vertex -73.9580098057456 -74.18667777390647 85
    endloop
  endfacet
  facet normal 0 0 -1
    outer loop
      vertex -74.56167777390647 -73.00191267775699 85
      vertex -69.52693208307028 -70.58400689065456 85
      vertex -74.31939203391613 -73.375 85
    endloop
  endfacet
  facet normal 0 0 -1
    outer loop
      vertex -68.42250815033913 -73.44293462485075 85
      vertex -73.9580098057456 -74.18667777390647 85
      vertex -68.67711602896452 -72.49272506684065 85
    endloop
  endfacet
  facet normal 0 0 -1
    outer loop
      vertex -68.67711602896452 -72.49272506684065 85
      vertex -73.9580098057456 -74.18667777390647 85
      vertex -68.68999657779932 -72.45308281481266 85
    endloop
  endfacet
  facet normal 0 0 -1
    outer loop
      vertex -68.68999657779932 -72.45308281481266 85
      vertex -74.11743180501895 -73.77136926692785 85
      vertex -69.04253365844488 -71.53469233214855 85
    endloop
  endfacet
  facet normal 0 0 -1
    outer loop
      vertex -69.52693208307028 -70.58400689065456 85
      vertex -74.56167777390647 -73.00191267775699 85
      vertex -70.06270964443684 -69.7589817866683 85
    endloop
  endfacet
  facet normal 0 0 -1
    outer loop
      vertex -69.50609109550714 -70.62010453641415 85
      vertex -74.31939203391613 -73.375 85
      vertex -69.52693208307028 -70.58400689065456 85
    endloop
  endfacet
  facet normal 0 0 -1
    outer loop
      vertex -69.04253365844488 -71.53469233214855 85
      vertex -74.11743180501895 -73.77136926692785 85
      vertex -69.05948723107576 -71.4966139793396 85
    endloop
  endfacet
  facet normal 0 0 -1
    outer loop
      vertex -69.05948723107576 -71.4966139793396 85
      vertex -74.31939203391613 -73.375 85
      vertex -69.50609109550714 -70.62010453641415 85
    endloop
  endfacet
  facet normal 0 0 -1
    outer loop
      vertex -68.25995279103518 -76.54467616975307 85
      vertex -73.77328194468484 -75.94424596888753 85
      vertex -68.25559579581022 -76.50322216749191 85
    endloop
  endfacet
  facet normal 0 0 -1
    outer loop
      vertex -68.25559579581022 -76.50322216749191 85
      vertex -73.75 -75.5 85
      vertex -68.20411139726639 -75.520841114223 85
    endloop
  endfacet
  facet normal 0 0 -1
    outer loop
      vertex -68.20411139726639 -75.520841114223 85
      vertex -73.75 -75.5 85
      vertex -68.20411139726639 -75.47915887832642 85
    endloop
  endfacet
  facet normal 0 0 -1
    outer loop
      vertex -73.77328194468484 -75.05575403111247 85
      vertex -68.25559581071138 -74.49677765369415 85
      vertex -68.20411139726639 -75.47915887832642 85
    endloop
  endfacet
  facet normal 0 0 -1
    outer loop
      vertex -73.77328194468484 -75.05575403111247 85
      vertex -68.25995276123285 -74.4553239941597 85
      vertex -68.25559581071138 -74.49677765369415 85
    endloop
  endfacet
  facet normal 0 0 -1
    outer loop
      vertex -68.25995276123285 -74.4553239941597 85
      vertex -73.84287269688133 -74.61637531402452 85
      vertex -68.41384196281433 -73.48370582610369 85
    endloop
  endfacet
  facet normal 0 0 -1
    outer loop
      vertex -68.41384196281433 -73.48370582610369 85
      vertex -73.84287269688133 -74.61637531402452 85
      vertex -68.42250815033913 -73.44293462485075 85
    endloop
  endfacet
  facet normal 0 0 -1
    outer loop
      vertex -70.73418144136667 -68.9297831878066 85
      vertex -75.15619492297485 -72.34163449172108 85
      vertex -71.42978310585022 -68.23418152332306 85
    endloop
  endfacet
  facet normal 0 0 -1
    outer loop
      vertex -70.0872096195817 -69.7252604663372 85
      vertex -74.84163449172108 -72.65619492297485 85
      vertex -70.70629072189331 -68.96075896918774 85
    endloop
  endfacet
  facet normal 0 0 -1
    outer loop
      vertex -70.70629072189331 -68.96075896918774 85
      vertex -74.84163449172108 -72.65619492297485 85
      vertex -70.73418144136667 -68.9297831878066 85
    endloop
  endfacet
  facet normal 0 0 -1
    outer loop
      vertex -71.4607589840889 -68.20629071444273 85
      vertex -75.50191267775699 -72.06167777390647 85
      vertex -72.22526054084301 -67.58720956742764 85
    endloop
  endfacet
  facet normal 0 0 -1
    outer loop
      vertex -71.42978310585022 -68.23418152332306 85
      vertex -75.15619492297485 -72.34163449172108 85
      vertex -71.4607589840889 -68.20629071444273 85
    endloop
  endfacet
  facet normal 0 0 -1
    outer loop
      vertex -70.06270964443684 -69.7589817866683 85
      vertex -74.56167777390647 -73.00191267775699 85
      vertex -70.0872096195817 -69.7252604663372 85
    endloop
  endfacet
  facet normal 0.8386705679454243 0.5446390350150268 0
    outer loop
      vertex -81.68060796608387 -77.625 87.8
      vertex -81.43832222609353 -77.99808732224301 85
      vertex -81.68060796608387 -77.625 85
    endloop
  endfacet
  facet normal 0.891006524188378 0.453990499739527 0
    outer loop
      vertex -81.88256819498105 -77.22863073307215 87.8
      vertex -81.68060796608387 -77.625 85
      vertex -81.88256819498105 -77.22863073307215 85
    endloop
  endfacet
  facet normal 0.9335804264972004 0.3583679495453039 0
    outer loop
      vertex -82.0419901942544 -76.81332222609353 87.8
      vertex -81.88256819498105 -77.22863073307215 85
      vertex -82.0419901942544 -76.81332222609353 85
    endloop
  endfacet
  facet normal 0.3583679495453039 0.9335804264972004 0
    outer loop
      vertex -79.72863073307215 -79.38256819498105 87.8
      vertex -79.31332222609353 -79.5419901942544 85
      vertex -79.72863073307215 -79.38256819498105 85
    endloop
  endfacet
  facet normal 0.2588190451025243 0.9659258262890673 0
    outer loop
      vertex -79.31332222609353 -79.5419901942544 87.8
      vertex -78.88362468597548 -79.65712730311867 85
      vertex -79.31332222609353 -79.5419901942544 85
    endloop
  endfacet
  facet normal 0.777145961456963 0.629320391049847 0
    outer loop
      vertex -81.43832222609353 -77.99808732224301 87.8
      vertex -81.15836550827892 -78.34380507702515 85
      vertex -81.43832222609353 -77.99808732224301 85
    endloop
  endfacet
  facet normal 0.7071067811865475 0.7071067811865475 0
    outer loop
      vertex -81.15836550827892 -78.34380507702515 87.8
      vertex -80.84380507702515 -78.65836550827892 85
      vertex -81.15836550827892 -78.34380507702515 85
    endloop
  endfacet
  facet normal 0.629320391049847 0.777145961456963 0
    outer loop
      vertex -80.84380507702515 -78.65836550827892 87.8
      vertex -80.49808732224301 -78.93832222609353 85
      vertex -80.84380507702515 -78.65836550827892 85
    endloop
  endfacet
  facet normal 0.5446390350150268 0.8386705679454243 0
    outer loop
      vertex -80.49808732224301 -78.93832222609353 87.8
      vertex -80.125 -79.18060796608387 85
      vertex -80.49808732224301 -78.93832222609353 85
    endloop
  endfacet
  facet normal 0.453990499739527 0.891006524188378 0
    outer loop
      vertex -80.125 -79.18060796608387 87.8
      vertex -79.72863073307215 -79.38256819498105 85
      vertex -80.125 -79.18060796608387 85
    endloop
  endfacet
  facet normal 0.9659258262890673 0.2588190451025243 0
    outer loop
      vertex -82.15712730311867 -76.38362468597548 87.8
      vertex -82.0419901942544 -76.81332222609353 85
      vertex -82.15712730311867 -76.38362468597548 85
    endloop
  endfacet
  facet normal 0.987688340595137 0.1564344650402362 0
    outer loop
      vertex -82.22671805531516 -75.94424596888753 87.8
      vertex -82.15712730311867 -76.38362468597548 85
      vertex -82.22671805531516 -75.94424596888753 85
    endloop
  endfacet
  facet normal 0.9986295347545738 0.05233595624294646 0
    outer loop
      vertex -82.25 -75.5 87.8
      vertex -82.22671805531516 -75.94424596888753 85
      vertex -82.25 -75.5 85
    endloop
  endfacet
  facet normal 0.9986295347545738 -0.05233595624294646 0
    outer loop
      vertex -82.22671805531516 -75.05575403111247 87.8
      vertex -82.25 -75.5 85
      vertex -82.22671805531516 -75.05575403111247 85
    endloop
  endfacet
  facet normal 0.987688340595137 -0.1564344650402362 0
    outer loop
      vertex -82.15712730311867 -74.61637531402452 87.8
      vertex -82.22671805531516 -75.05575403111247 85
      vertex -82.15712730311867 -74.61637531402452 85
    endloop
  endfacet
  facet normal 0.9659258262890673 -0.2588190451025243 0
    outer loop
      vertex -82.0419901942544 -74.18667777390647 87.8
      vertex -82.15712730311867 -74.61637531402452 85
      vertex -82.0419901942544 -74.18667777390647 85
    endloop
  endfacet
  facet normal 0.9335804264972004 -0.3583679495453039 0
    outer loop
      vertex -81.88256819498105 -73.77136926692785 87.8
      vertex -82.0419901942544 -74.18667777390647 85
      vertex -81.88256819498105 -73.77136926692785 85
    endloop
  endfacet
  facet normal 0.891006524188378 -0.453990499739527 0
    outer loop
      vertex -81.68060796608387 -73.375 87.8
      vertex -81.88256819498105 -73.77136926692785 85
      vertex -81.68060796608387 -73.375 85
    endloop
  endfacet
  facet normal 0.8386705679454243 -0.5446390350150268 0
    outer loop
      vertex -81.43832222609353 -73.00191267775699 87.8
      vertex -81.68060796608387 -73.375 85
      vertex -81.43832222609353 -73.00191267775699 85
    endloop
  endfacet
  facet normal 0.777145961456963 -0.629320391049847 0
    outer loop
      vertex -81.15836550827892 -72.65619492297485 87.8
      vertex -81.43832222609353 -73.00191267775699 85
      vertex -81.15836550827892 -72.65619492297485 85
    endloop
  endfacet
  facet normal 0.7071067811865475 -0.7071067811865475 0
    outer loop
      vertex -80.84380507702515 -72.34163449172108 87.8
      vertex -81.15836550827892 -72.65619492297485 85
      vertex -80.84380507702515 -72.34163449172108 85
    endloop
  endfacet
  facet normal 0.629320391049847 -0.777145961456963 0
    outer loop
      vertex -80.49808732224301 -72.06167777390647 87.8
      vertex -80.84380507702515 -72.34163449172108 85
      vertex -80.49808732224301 -72.06167777390647 85
    endloop
  endfacet
  facet normal 0.5446390350150268 -0.8386705679454243 0
    outer loop
      vertex -80.125 -71.81939203391613 87.8
      vertex -80.49808732224301 -72.06167777390647 85
      vertex -80.125 -71.81939203391613 85
    endloop
  endfacet
  facet normal 0.453990499739527 -0.891006524188378 0
    outer loop
      vertex -79.72863073307215 -71.61743180501895 87.8
      vertex -80.125 -71.81939203391613 85
      vertex -79.72863073307215 -71.61743180501895 85
    endloop
  endfacet
  facet normal 0.3583679495453039 -0.9335804264972004 0
    outer loop
      vertex -79.31332222609353 -71.4580098057456 87.8
      vertex -79.72863073307215 -71.61743180501895 85
      vertex -79.31332222609353 -71.4580098057456 85
    endloop
  endfacet
  facet normal 0.2588190451025243 -0.9659258262890673 0
    outer loop
      vertex -78.88362468597548 -71.34287269688133 87.8
      vertex -79.31332222609353 -71.4580098057456 85
      vertex -78.88362468597548 -71.34287269688133 85
    endloop
  endfacet
  facet normal 0.5446390302010375 0.8386705710716652 0
    outer loop
      vertex -85.96156164258718 -65.6418870985508 88.1
      vertex -85.69820586591959 -65.81291233748198 85
      vertex -85.96156164258718 -65.6418870985508 85
    endloop
  endfacet
  facet normal 0.4999999778828949 0.8660254165537549 0
    outer loop
      vertex -85.69820586591959 -65.81291233748198 88.1
      vertex -85.49877908825874 -65.9280514344573 85
      vertex -85.69820586591959 -65.81291233748198 85
    endloop
  endfacet
  facet normal 0.45399049624595805 0.8910065259684403 0
    outer loop
      vertex -85.49877908825874 -65.9280514344573 88.1
      vertex -85.21898901462555 -66.07061159610748 85
      vertex -85.49877908825874 -65.9280514344573 85
    endloop
  endfacet
  facet normal 0.40673665900909506 0.9135454505486409 0
    outer loop
      vertex -85.21898901462555 -66.07061159610748 88.1
      vertex -85.00861942023039 -66.16427417844534 85
      vertex -85.21898901462555 -66.07061159610748 85
    endloop
  endfacet
  facet normal 0.25881905464550803 0.9659258237320325 0
    outer loop
      vertex -84.49645290523767 -66.34796722978354 88.1
      vertex -84.19313699007034 -66.42924048751593 85
      vertex -84.49645290523767 -66.34796722978354 85
    endloop
  endfacet
  facet normal 0.358367950842512 0.9335804259992488 0
    outer loop
      vertex -85.00861942023039 -66.16427417844534 88.1
      vertex -84.71546047925949 -66.2768073529005 85
      vertex -85.00861942023039 -66.16427417844534 85
    endloop
  endfacet
  facet normal 0.30901700403425203 0.9510565131566553 0
    outer loop
      vertex -84.71546047925949 -66.2768073529005 88.1
      vertex -84.49645290523767 -66.34796722978354 85
      vertex -84.71546047925949 -66.2768073529005 85
    endloop
  endfacet
  facet normal 0.2079117102175342 0.978147596610256 0
    outer loop
      vertex -84.19313699007034 -66.42924048751593 88.1
      vertex -83.96789091825485 -66.47711802273989 85
      vertex -84.19313699007034 -66.42924048751593 85
    endloop
  endfacet
  facet normal 0.15643446344185244 0.9876883408482959 0
    outer loop
      vertex -83.96789091825485 -66.47711802273989 88.1
      vertex -83.6577412262559 -66.52624090760946 85
      vertex -83.96789091825485 -66.47711802273989 85
    endloop
  endfacet
  facet normal 0.10452846936923531 0.9945218947269713 0
    outer loop
      vertex -83.6577412262559 -66.52624090760946 88.1
      vertex -83.42872451245785 -66.55031153559685 85
      vertex -83.6577412262559 -66.52624090760946 85
    endloop
  endfacet
  facet normal 0.05233594428690367 0.9986295353811633 0
    outer loop
      vertex -83.42872451245785 -66.55031153559685 88.1
      vertex -83.11513908952475 -66.56674584746361 85
      vertex -83.42872451245785 -66.55031153559685 85
    endloop
  endfacet
  facet normal 0 1 0
    outer loop
      vertex -83.11513908952475 -66.56674584746361 88.1
      vertex -82.88486091047525 -66.56674584746361 85
      vertex -83.11513908952475 -66.56674584746361 85
    endloop
  endfacet
  facet normal -0.05233594924714904 0.9986295351212079 0
    outer loop
      vertex -82.88486091047525 -66.56674584746361 88.1
      vertex -82.57127551734447 -66.55031153559685 85
      vertex -82.88486091047525 -66.56674584746361 85
    endloop
  endfacet
  facet normal -0.10452845591539826 0.9945218961410265 0
    outer loop
      vertex -82.57127551734447 -66.55031153559685 88.1
      vertex -82.3422587737441 -66.52624090760946 85
      vertex -82.57127551734447 -66.55031153559685 85
    endloop
  endfacet
  facet normal -0.15643447077382908 0.9876883396870251 0
    outer loop
      vertex -82.3422587737441 -66.52624090760946 88.1
      vertex -82.03210909664631 -66.47711802273989 85
      vertex -82.3422587737441 -66.52624090760946 85
    endloop
  endfacet
  facet normal -0.20791169705769463 0.9781475994074664 0
    outer loop
      vertex -82.03210909664631 -66.47711802273989 88.1
      vertex -81.80686300992966 -66.42924048751593 85
      vertex -82.03210909664631 -66.47711802273989 85
    endloop
  endfacet
  facet normal -0.25881905464550803 0.9659258237320325 0
    outer loop
      vertex -81.80686300992966 -66.42924048751593 88.1
      vertex -81.50354709476233 -66.34796722978354 85
      vertex -81.80686300992966 -66.42924048751593 85
    endloop
  endfacet
  facet normal -0.29654157061630665 0.9550199458107742 0
    outer loop
      vertex -81.50354709476233 -66.34796722978354 88.1
      vertex -81.33857395499945 -66.29674170911312 85
      vertex -81.50354709476233 -66.34796722978354 85
    endloop
  endfacet
  facet normal -0.3338068445654997 0.9426414962864855 0
    outer loop
      vertex -81.33857395499945 -66.29674170911312 88.1
      vertex -81.19052112847567 -66.2443134561181 85
      vertex -81.33857395499945 -66.29674170911312 85
    endloop
  endfacet
  facet normal -0.34611701235043446 0.938191352423166 0
    outer loop
      vertex -81.19052112847567 -66.2443134561181 88.1
      vertex -81.13648672401905 -66.22437911480665 85
      vertex -81.19052112847567 -66.2443134561181 85
    endloop
  endfacet
  facet normal -0.35836795906447355 0.9335804228431335 0
    outer loop
      vertex -81.13648672401905 -66.22437911480665 88.1
      vertex -81.04691705852747 -66.18999654054642 85
      vertex -81.13648672401905 -66.22437911480665 85
    endloop
  endfacet
  facet normal -0.30901697743847567 0.9510565217981466 0
    outer loop
      vertex -81.04691705852747 -66.18999654054642 88.1
      vertex -81.00727494060993 -66.1771160364151 85
      vertex -81.04691705852747 -66.18999654054642 85
    endloop
  endfacet
  facet normal -0.2588190416669718 0.9659258272096208 0
    outer loop
      vertex -81.00727494060993 -66.1771160364151 88.1
      vertex -80.05706536024809 -65.92250815033913 85
      vertex -81.00727494060993 -66.1771160364151 85
    endloop
  endfacet
  facet normal -0.20791171770419659 0.9781475950189167 0
    outer loop
      vertex -80.05706536024809 -65.92250815033913 88.1
      vertex -80.01629415899515 -65.91384196281433 85
      vertex -80.05706536024809 -65.92250815033913 85
    endloop
  endfacet
  facet normal -0.15643446684979345 0.9876883403085313 0
    outer loop
      vertex -80.01629415899515 -65.91384196281433 88.1
      vertex -79.04467599093914 -65.75995276123285 85
      vertex -80.01629415899515 -65.91384196281433 85
    endloop
  endfacet
  facet normal -0.10452835262237818 0.994521906997554 0
    outer loop
      vertex -79.04467599093914 -65.75995276123285 88.1
      vertex -79.00322233140469 -65.75559581071138 85
      vertex -79.04467599093914 -65.75995276123285 85
    endloop
  endfacet
  facet normal 0.1564344650402362 0.987688340595137 0
    outer loop
      vertex -78.88362468597548 -79.65712730311867 87.8
      vertex -78.44424596888753 -79.72671805531516 85
      vertex -78.88362468597548 -79.65712730311867 85
    endloop
  endfacet
  facet normal 0.05233595624294646 0.9986295347545738 0
    outer loop
      vertex -78.44424596888753 -79.72671805531516 87.8
      vertex -78 -79.75 85
      vertex -78.44424596888753 -79.72671805531516 85
    endloop
  endfacet
  facet normal -0.05233595624294646 0.9986295347545738 0
    outer loop
      vertex -78 -79.75 87.8
      vertex -77.55575403111247 -79.72671805531516 85
      vertex -78 -79.75 85
    endloop
  endfacet
  facet normal -0.1564344650402362 0.987688340595137 0
    outer loop
      vertex -77.55575403111247 -79.72671805531516 87.8
      vertex -77.11637531402452 -79.65712730311867 85
      vertex -77.55575403111247 -79.72671805531516 85
    endloop
  endfacet
  facet normal -0.2588190451025243 0.9659258262890673 0
    outer loop
      vertex -77.11637531402452 -79.65712730311867 87.8
      vertex -76.68667777390647 -79.5419901942544 85
      vertex -77.11637531402452 -79.65712730311867 85
    endloop
  endfacet
  facet normal -0.3583679495453039 0.9335804264972004 0
    outer loop
      vertex -76.68667777390647 -79.5419901942544 87.8
      vertex -76.27136926692785 -79.38256819498105 85
      vertex -76.68667777390647 -79.5419901942544 85
    endloop
  endfacet
  facet normal -0.453990499739527 0.891006524188378 0
    outer loop
      vertex -76.27136926692785 -79.38256819498105 87.8
      vertex -75.875 -79.18060796608387 85
      vertex -76.27136926692785 -79.38256819498105 85
    endloop
  endfacet
  facet normal -0.5446390350150268 0.8386705679454243 0
    outer loop
      vertex -75.875 -79.18060796608387 87.8
      vertex -75.50191267775699 -78.93832222609353 85
      vertex -75.875 -79.18060796608387 85
    endloop
  endfacet
  facet normal -0.629320391049847 0.777145961456963 0
    outer loop
      vertex -75.50191267775699 -78.93832222609353 87.8
      vertex -75.15619492297485 -78.65836550827892 85
      vertex -75.50191267775699 -78.93832222609353 85
    endloop
  endfacet
  facet normal -0.7071067811865475 0.7071067811865475 0
    outer loop
      vertex -75.15619492297485 -78.65836550827892 87.8
      vertex -74.84163449172108 -78.34380507702515 85
      vertex -75.15619492297485 -78.65836550827892 85
    endloop
  endfacet
  facet normal -0.777145961456963 0.629320391049847 0
    outer loop
      vertex -74.84163449172108 -78.34380507702515 87.8
      vertex -74.56167777390647 -77.99808732224301 85
      vertex -74.84163449172108 -78.34380507702515 85
    endloop
  endfacet
  facet normal -0.8386705679454243 0.5446390350150268 0
    outer loop
      vertex -74.56167777390647 -77.99808732224301 87.8
      vertex -74.31939203391613 -77.625 85
      vertex -74.56167777390647 -77.99808732224301 85
    endloop
  endfacet
  facet normal -0.891006524188378 0.453990499739527 0
    outer loop
      vertex -74.31939203391613 -77.625 87.8
      vertex -74.11743180501895 -77.22863073307215 85
      vertex -74.31939203391613 -77.625 85
    endloop
  endfacet
  facet normal -0.9335804264972004 0.3583679495453039 0
    outer loop
      vertex -74.11743180501895 -77.22863073307215 87.8
      vertex -73.9580098057456 -76.81332222609353 85
      vertex -74.11743180501895 -77.22863073307215 85
    endloop
  endfacet
  facet normal -0.9659258262890673 0.2588190451025243 0
    outer loop
      vertex -73.9580098057456 -76.81332222609353 87.8
      vertex -73.84287269688133 -76.38362468597548 85
      vertex -73.9580098057456 -76.81332222609353 85
    endloop
  endfacet
  facet normal 0.7071067811865475 0.7071067811865475 0
    outer loop
      vertex -67.62599980086088 -84.09340770542622 88.1
      vertex -67.463168554008 -84.25623895227909 85
      vertex -67.62599980086088 -84.09340770542622 85
    endloop
  endfacet
  facet normal 0.77714596650683 0.6293203848137808 0
    outer loop
      vertex -67.98103612661362 -83.68108874559402 88.1
      vertex -67.83611735701561 -83.86004852503538 85
      vertex -67.98103612661362 -83.68108874559402 85
    endloop
  endfacet
  facet normal 0.8090169939650439 0.587785252856657 0
    outer loop
      vertex -68.16560994833708 -83.42704467475414 88.1
      vertex -67.98103612661362 -83.68108874559402 85
      vertex -68.16560994833708 -83.42704467475414 85
    endloop
  endfacet
  facet normal 0.7431448154110712 0.6691306175386421 0
    outer loop
      vertex -67.83611735701561 -83.86004852503538 88.1
      vertex -67.62599980086088 -84.09340770542622 85
      vertex -67.83611735701561 -83.86004852503538 85
    endloop
  endfacet
  facet normal 0.8386705656032967 0.5446390386215869 0
    outer loop
      vertex -68.29102843254805 -83.23391714692116 88.1
      vertex -68.16560994833708 -83.42704467475414 85
      vertex -68.29102843254805 -83.23391714692116 85
    endloop
  endfacet
  facet normal 0.8660253945532701 0.5000000159888526 0
    outer loop
      vertex -68.4480363279581 -82.9619715064764 88.1
      vertex -68.29102843254805 -83.23391714692116 85
      vertex -68.4480363279581 -82.9619715064764 85
    endloop
  endfacet
  facet normal 0.8910065255072487 0.45399049715109746 0
    outer loop
      vertex -68.55258044600487 -82.75679212063551 88.1
      vertex -68.4480363279581 -82.9619715064764 85
      vertex -68.55258044600487 -82.75679212063551 85
    endloop
  endfacet
  facet normal 0.9135454592940315 0.4067366393666262 0
    outer loop
      vertex -68.6803021505475 -82.4699244722724 88.1
      vertex -68.55258044600487 -82.75679212063551 85
      vertex -68.6803021505475 -82.4699244722724 85
    endloop
  endfacet
  facet normal 0.9335804213834477 0.35836796286708494 0
    outer loop
      vertex -68.76282646507025 -82.2549412921071 88.1
      vertex -68.6803021505475 -82.4699244722724 85
      vertex -68.76282646507025 -82.2549412921071 85
    endloop
  endfacet
  facet normal 0.9510565098730126 0.3090170141402644 0
    outer loop
      vertex -68.85986267775297 -81.95629455894232 88.1
      vertex -68.76282646507025 -82.2549412921071 85
      vertex -68.85986267775297 -81.95629455894232 85
    endloop
  endfacet
  facet normal 0.9781475990175837 0.2079116988919482 0
    outer loop
      vertex -68.98475060611963 -81.42670915275812 88.1
      vertex -68.91946306079626 -81.73386289179325 85
      vertex -68.98475060611963 -81.42670915275812 85
    endloop
  endfacet
  facet normal 0.9876883372847768 0.15643448594102635 0
    outer loop
      vertex -69.02077405899763 -81.19926605373621 88.1
      vertex -68.98475060611963 -81.42670915275812 85
      vertex -69.02077405899763 -81.19926605373621 85
    endloop
  endfacet
  facet normal 0.9945218945377534 0.10452847116952207 0
    outer loop
      vertex -69.05359764397144 -80.88697052747011 88.1
      vertex -69.02077405899763 -81.19926605373621 85
      vertex -69.05359764397144 -80.88697052747011 85
    endloop
  endfacet
  facet normal 0.9986295337556385 0.05233597530376362 0
    outer loop
      vertex -69.06564947962761 -80.65700788795948 88.1
      vertex -69.05359764397144 -80.88697052747011 85
      vertex -69.06564947962761 -80.65700788795948 85
    endloop
  endfacet
  facet normal 1 0 0
    outer loop
      vertex -69.06564947962761 -80.34299213439226 88.1
      vertex -69.06564947962761 -80.65700788795948 85
      vertex -69.06564947962761 -80.34299213439226 85
    endloop
  endfacet
  facet normal 0.9986295335783959 -0.052335978685751045 0
    outer loop
      vertex -69.05359764397144 -80.11302950978279 88.1
      vertex -69.06564947962761 -80.34299213439226 85
      vertex -69.05359764397144 -80.11302950978279 85
    endloop
  endfacet
  facet normal 0.9945218945377534 -0.10452847116952207 0
    outer loop
      vertex -69.02077405899763 -79.8007339835167 88.1
      vertex -69.05359764397144 -80.11302950978279 85
      vertex -69.02077405899763 -79.8007339835167 85
    endloop
  endfacet
  facet normal 0.9876883409487213 -0.15643446280779136 0
    outer loop
      vertex -68.9847506210208 -79.57329094409943 88.1
      vertex -69.02077405899763 -79.8007339835167 85
      vertex -68.9847506210208 -79.57329094409943 85
    endloop
  endfacet
  facet normal 0.9781476051714453 -0.20791166994030516 0
    outer loop
      vertex -68.91946307569742 -79.26613716036081 88.1
      vertex -68.9847506210208 -79.57329094409943 85
      vertex -68.91946307569742 -79.26613716036081 85
    endloop
  endfacet
  facet normal 0.9659258290470492 0.2588190348095959 0
    outer loop
      vertex -68.91946306079626 -81.73386289179325 88.1
      vertex -68.85986267775297 -81.95629455894232 85
      vertex -68.91946306079626 -81.73386289179325 85
    endloop
  endfacet
  facet normal 0.9659258290470492 -0.2588190348095959 0
    outer loop
      vertex -68.85986269265413 -79.04370549321175 88.1
      vertex -68.91946307569742 -79.26613716036081 85
      vertex -68.85986269265413 -79.04370549321175 85
    endloop
  endfacet
  facet normal 0.9510565170221444 -0.3090169921374998 0
    outer loop
      vertex -68.76282649487257 -78.7450587823987 88.1
      vertex -68.85986269265413 -79.04370549321175 85
      vertex -68.76282649487257 -78.7450587823987 85
    endloop
  endfacet
  facet normal 0.9426414951468022 -0.33380684778386666 0
    outer loop
      vertex -68.72437908500433 -78.63648664206266 88.1
      vertex -68.76282649487257 -78.7450587823987 85
      vertex -68.72437908500433 -78.63648664206266 85
    endloop
  endfacet
  facet normal 0.9510565324059691 -0.3090169447909515 0
    outer loop
      vertex -68.677116073668 -78.5072750672698 88.1
      vertex -68.68999651819468 -78.5469170063734 85
      vertex -68.677116073668 -78.5072750672698 85
    endloop
  endfacet
  facet normal 0.9335804089312506 -0.35836799530616414 0
    outer loop
      vertex -68.68999651819468 -78.5469170063734 88.1
      vertex -68.72437908500433 -78.63648664206266 85
      vertex -68.68999651819468 -78.5469170063734 85
    endloop
  endfacet
  facet normal 0.9659258270105853 -0.25881904240978293 0
    outer loop
      vertex -68.42250814288855 -77.55706532299519 88.1
      vertex -68.677116073668 -78.5072750672698 85
      vertex -68.42250814288855 -77.55706532299519 85
    endloop
  endfacet
  facet normal 0.9781476059079749 -0.20791166647520556 0
    outer loop
      vertex -68.41384197026491 -77.5162941813469 88.1
      vertex -68.42250814288855 -77.55706532299519 85
      vertex -68.41384197026491 -77.5162941813469 85
    endloop
  endfacet
  facet normal 0.9876883399269542 -0.15643446925897514 0
    outer loop
      vertex -68.25995279103518 -76.54467616975307 88.1
      vertex -68.41384197026491 -77.5162941813469 85
      vertex -68.25995279103518 -76.54467616975307 85
    endloop
  endfacet
  facet normal 0.1564344650402362 -0.987688340595137 0
    outer loop
      vertex -78.44424596888753 -71.27328194468484 87.8
      vertex -78.88362468597548 -71.34287269688133 85
      vertex -78.44424596888753 -71.27328194468484 85
    endloop
  endfacet
  facet normal 0.05233595624294646 -0.9986295347545738 0
    outer loop
      vertex -78 -71.25 87.8
      vertex -78.44424596888753 -71.27328194468484 85
      vertex -78 -71.25 85
    endloop
  endfacet
  facet normal -0.05233595624294646 -0.9986295347545738 0
    outer loop
      vertex -77.55575403111247 -71.27328194468484 87.8
      vertex -78 -71.25 85
      vertex -77.55575403111247 -71.27328194468484 85
    endloop
  endfacet
  facet normal -0.1564344650402362 -0.987688340595137 0
    outer loop
      vertex -77.11637531402452 -71.34287269688133 87.8
      vertex -77.55575403111247 -71.27328194468484 85
      vertex -77.11637531402452 -71.34287269688133 85
    endloop
  endfacet
  facet normal -0.2588190451025243 -0.9659258262890673 0
    outer loop
      vertex -76.68667777390647 -71.4580098057456 87.8
      vertex -77.11637531402452 -71.34287269688133 85
      vertex -76.68667777390647 -71.4580098057456 85
    endloop
  endfacet
  facet normal -0.3583679495453039 -0.9335804264972004 0
    outer loop
      vertex -76.27136926692785 -71.61743180501895 87.8
      vertex -76.68667777390647 -71.4580098057456 85
      vertex -76.27136926692785 -71.61743180501895 85
    endloop
  endfacet
  facet normal -0.453990499739527 -0.891006524188378 0
    outer loop
      vertex -75.875 -71.81939203391613 87.8
      vertex -76.27136926692785 -71.61743180501895 85
      vertex -75.875 -71.81939203391613 85
    endloop
  endfacet
  facet normal -0.987688340595137 0.1564344650402362 0
    outer loop
      vertex -73.84287269688133 -76.38362468597548 87.8
      vertex -73.77328194468484 -75.94424596888753 85
      vertex -73.84287269688133 -76.38362468597548 85
    endloop
  endfacet
  facet normal -0.9986295347545738 0.05233595624294646 0
    outer loop
      vertex -73.77328194468484 -75.94424596888753 87.8
      vertex -73.75 -75.5 85
      vertex -73.77328194468484 -75.94424596888753 85
    endloop
  endfacet
  facet normal -0.9986295347545738 -0.05233595624294646 0
    outer loop
      vertex -73.75 -75.5 87.8
      vertex -73.77328194468484 -75.05575403111247 85
      vertex -73.75 -75.5 85
    endloop
  endfacet
  facet normal -0.9659258262890673 -0.2588190451025243 0
    outer loop
      vertex -73.84287269688133 -74.61637531402452 87.8
      vertex -73.9580098057456 -74.18667777390647 85
      vertex -73.84287269688133 -74.61637531402452 85
    endloop
  endfacet
  facet normal -0.9335804264972004 -0.3583679495453039 0
    outer loop
      vertex -73.9580098057456 -74.18667777390647 87.8
      vertex -74.11743180501895 -73.77136926692785 85
      vertex -73.9580098057456 -74.18667777390647 85
    endloop
  endfacet
  facet normal -0.987688340595137 -0.1564344650402362 0
    outer loop
      vertex -73.77328194468484 -75.05575403111247 87.8
      vertex -73.84287269688133 -74.61637531402452 85
      vertex -73.77328194468484 -75.05575403111247 85
    endloop
  endfacet
  facet normal -0.7071067811865475 -0.7071067811865475 0
    outer loop
      vertex -74.84163449172108 -72.65619492297485 87.8
      vertex -75.15619492297485 -72.34163449172108 85
      vertex -74.84163449172108 -72.65619492297485 85
    endloop
  endfacet
  facet normal -0.777145961456963 -0.629320391049847 0
    outer loop
      vertex -74.56167777390647 -73.00191267775699 87.8
      vertex -74.84163449172108 -72.65619492297485 85
      vertex -74.56167777390647 -73.00191267775699 85
    endloop
  endfacet
  facet normal -0.5446390350150268 -0.8386705679454243 0
    outer loop
      vertex -75.50191267775699 -72.06167777390647 87.8
      vertex -75.875 -71.81939203391613 85
      vertex -75.50191267775699 -72.06167777390647 85
    endloop
  endfacet
  facet normal -0.629320391049847 -0.777145961456963 0
    outer loop
      vertex -75.15619492297485 -72.34163449172108 87.8
      vertex -75.50191267775699 -72.06167777390647 85
      vertex -75.15619492297485 -72.34163449172108 85
    endloop
  endfacet
  facet normal -0.891006524188378 -0.453990499739527 0
    outer loop
      vertex -74.11743180501895 -73.77136926692785 87.8
      vertex -74.31939203391613 -73.375 85
      vertex -74.11743180501895 -73.77136926692785 85
    endloop
  endfacet
  facet normal -0.8386705679454243 -0.5446390350150268 0
    outer loop
      vertex -74.31939203391613 -73.375 87.8
      vertex -74.56167777390647 -73.00191267775699 85
      vertex -74.31939203391613 -73.375 85
    endloop
  endfacet
  facet normal -0.05233595162339533 0.9986295349966742 0
    outer loop
      vertex -79.00322233140469 -65.75559581071138 88.1
      vertex -78.020841114223 -65.70411139726639 85
      vertex -79.00322233140469 -65.75559581071138 85
    endloop
  endfacet
  facet normal 0 1 0
    outer loop
      vertex -78.020841114223 -65.70411139726639 88.1
      vertex -77.979158885777 -65.70411139726639 85
      vertex -78.020841114223 -65.70411139726639 85
    endloop
  endfacet
  facet normal 0.05233594443404974 0.9986295353734517 0
    outer loop
      vertex -77.979158885777 -65.70411139726639 88.1
      vertex -76.99677781760693 -65.75559579581022 85
      vertex -77.979158885777 -65.70411139726639 85
    endloop
  endfacet
  facet normal 0.10452855862418647 0.9945218853458931 0
    outer loop
      vertex -76.99677781760693 -65.75559579581022 88.1
      vertex -76.95532381534576 -65.75995279103518 85
      vertex -76.99677781760693 -65.75559579581022 85
    endloop
  endfacet
  facet normal 0.15643446925897514 0.9876883399269542 0
    outer loop
      vertex -76.95532381534576 -65.75995279103518 88.1
      vertex -75.98370580375195 -65.91384197026491 85
      vertex -76.95532381534576 -65.75995279103518 85
    endloop
  endfacet
  facet normal 0.20791166647520556 0.9781476059079749 0
    outer loop
      vertex -75.98370580375195 -65.91384197026491 88.1
      vertex -75.94293466210365 -65.92250814288855 85
      vertex -75.98370580375195 -65.91384197026491 85
    endloop
  endfacet
  facet normal 0.25881904153102836 0.9659258272460467 0
    outer loop
      vertex -75.94293466210365 -65.92250814288855 88.1
      vertex -74.9927249699831 -66.17711605876684 85
      vertex -75.94293466210365 -65.92250814288855 85
    endloop
  endfacet
  facet normal 0.3090170218092126 0.9510565073812202 0
    outer loop
      vertex -74.9927249699831 -66.17711605876684 88.1
      vertex -74.95308290421963 -66.189996547997 85
      vertex -74.9927249699831 -66.17711605876684 85
    endloop
  endfacet
  facet normal 0.3583679498246596 0.9335804263899657 0
    outer loop
      vertex -74.95308290421963 -66.189996547997 88.1
      vertex -74.03469229489565 -66.54253367334604 85
      vertex -74.95308290421963 -66.189996547997 85
    endloop
  endfacet
  facet normal 0.40673659644479404 0.9135454784040611 0
    outer loop
      vertex -74.03469229489565 -66.54253367334604 88.1
      vertex -73.9966139420867 -66.55948724597692 85
      vertex -74.03469229489565 -66.54253367334604 85
    endloop
  endfacet
  facet normal 0.4539905002389483 0.8910065239339101 0
    outer loop
      vertex -73.9966139420867 -66.55948724597692 88.1
      vertex -73.12010453641415 -67.00609109550714 85
      vertex -73.9966139420867 -66.55948724597692 85
    endloop
  endfacet
  facet normal 0.9945218853458931 -0.10452855862418647 0
    outer loop
      vertex -68.25559579581022 -76.50322216749191 88.1
      vertex -68.25995279103518 -76.54467616975307 85
      vertex -68.25559579581022 -76.50322216749191 85
    endloop
  endfacet
  facet normal 0.9986295353319616 -0.05233594522572854 0
    outer loop
      vertex -68.20411139726639 -75.520841114223 88.1
      vertex -68.25559579581022 -76.50322216749191 85
      vertex -68.20411139726639 -75.520841114223 85
    endloop
  endfacet
  facet normal 1 0 0
    outer loop
      vertex -68.20411139726639 -75.47915887832642 88.1
      vertex -68.20411139726639 -75.520841114223 85
      vertex -68.20411139726639 -75.47915887832642 85
    endloop
  endfacet
  facet normal 0.9986295350174192 0.05233595122755594 0
    outer loop
      vertex -68.25559581071138 -74.49677765369415 88.1
      vertex -68.20411139726639 -75.47915887832642 85
      vertex -68.25559581071138 -74.49677765369415 85
    endloop
  endfacet
  facet normal 0.994521906997554 0.10452835262237818 0
    outer loop
      vertex -68.25995276123285 -74.4553239941597 88.1
      vertex -68.25559581071138 -74.49677765369415 85
      vertex -68.25995276123285 -74.4553239941597 85
    endloop
  endfacet
  facet normal 0.9335804250579053 0.3583679532947957 0
    outer loop
      vertex -69.04253365844488 -71.53469233214855 88.1
      vertex -68.68999657779932 -72.45308281481266 85
      vertex -69.04253365844488 -71.53469233214855 85
    endloop
  endfacet
  facet normal 0.9135454784040611 0.40673659644479404 0
    outer loop
      vertex -69.05948723107576 -71.4966139793396 88.1
      vertex -69.04253365844488 -71.53469233214855 85
      vertex -69.05948723107576 -71.4966139793396 85
    endloop
  endfacet
  facet normal 0.9876883403085313 0.15643446684979345 0
    outer loop
      vertex -68.41384196281433 -73.48370582610369 88.1
      vertex -68.25995276123285 -74.4553239941597 85
      vertex -68.41384196281433 -73.48370582610369 85
    endloop
  endfacet
  facet normal 0.9781475950189167 0.20791171770419659 0
    outer loop
      vertex -68.42250815033913 -73.44293462485075 88.1
      vertex -68.41384196281433 -73.48370582610369 85
      vertex -68.42250815033913 -73.44293462485075 85
    endloop
  endfacet
  facet normal 0.9659258275810262 0.2588190402808679 0
    outer loop
      vertex -68.67711602896452 -72.49272506684065 88.1
      vertex -68.42250815033913 -73.44293462485075 85
      vertex -68.67711602896452 -72.49272506684065 85
    endloop
  endfacet
  facet normal 0.9510565138423422 0.3090170019239249 0
    outer loop
      vertex -68.68999657779932 -72.45308281481266 88.1
      vertex -68.67711602896452 -72.49272506684065 85
      vertex -68.68999657779932 -72.45308281481266 85
    endloop
  endfacet
  facet normal 0.7071067811865476 0.7071067811865476 0
    outer loop
      vertex -71.42978310585022 -68.23418152332306 88.1
      vertex -70.73418144136667 -68.9297831878066 85
      vertex -71.42978310585022 -68.23418152332306 85
    endloop
  endfacet
  facet normal 0.7771459631640818 0.629320388941731 0
    outer loop
      vertex -70.70629072189331 -68.96075896918774 88.1
      vertex -70.0872096195817 -69.7252604663372 85
      vertex -70.70629072189331 -68.96075896918774 85
    endloop
  endfacet
  facet normal 0.7431448178123772 0.6691306148717219 0
    outer loop
      vertex -70.73418144136667 -68.9297831878066 88.1
      vertex -70.70629072189331 -68.96075896918774 85
      vertex -70.73418144136667 -68.9297831878066 85
    endloop
  endfacet
  facet normal 0.5000000371874168 0.8660253823142725 0
    outer loop
      vertex -73.12010453641415 -67.00609109550714 88.1
      vertex -73.08400689065456 -67.02693208307028 85
      vertex -73.12010453641415 -67.00609109550714 85
    endloop
  endfacet
  facet normal 0.5446390309104264 0.8386705706109828 0
    outer loop
      vertex -73.08400689065456 -67.02693208307028 88.1
      vertex -72.2589817866683 -67.56270964443684 85
      vertex -73.08400689065456 -67.02693208307028 85
    endloop
  endfacet
  facet normal 0.6293203867539962 0.7771459649356746 0
    outer loop
      vertex -72.22526054084301 -67.58720956742764 88.1
      vertex -71.4607589840889 -68.20629071444273 85
      vertex -72.22526054084301 -67.58720956742764 85
    endloop
  endfacet
  facet normal 0.5877853119840554 0.809016951006471 0
    outer loop
      vertex -72.2589817866683 -67.56270964443684 88.1
      vertex -72.22526054084301 -67.58720956742764 85
      vertex -72.2589817866683 -67.56270964443684 85
    endloop
  endfacet
  facet normal 0.6691306439679336 0.7431447916140289 0
    outer loop
      vertex -71.4607589840889 -68.20629071444273 88.1
      vertex -71.42978310585022 -68.23418152332306 85
      vertex -71.4607589840889 -68.20629071444273 85
    endloop
  endfacet
  facet normal 0.8090169735677465 0.5877852809311274 0
    outer loop
      vertex -70.0872096195817 -69.7252604663372 88.1
      vertex -70.06270964443684 -69.7589817866683 85
      vertex -70.0872096195817 -69.7252604663372 85
    endloop
  endfacet
  facet normal 0.8386705706109828 0.5446390309104264 0
    outer loop
      vertex -70.06270964443684 -69.7589817866683 88.1
      vertex -69.52693208307028 -70.58400689065456 85
      vertex -70.06270964443684 -69.7589817866683 85
    endloop
  endfacet
  facet normal 0.8910065256116595 0.45399049694617966 0
    outer loop
      vertex -69.50609109550714 -70.62010453641415 88.1
      vertex -69.05948723107576 -71.4966139793396 85
      vertex -69.50609109550714 -70.62010453641415 85
    endloop
  endfacet
  facet normal 0.8660253823142725 0.5000000371874168 0
    outer loop
      vertex -69.52693208307028 -70.58400689065456 88.1
      vertex -69.50609109550714 -70.62010453641415 85
      vertex -69.52693208307028 -70.58400689065456 85
    endloop
  endfacet
  facet normal 0.8090169999983138 0.5877852445525733 0
    outer loop
      vertex -87.27212624251842 -64.33132249116898 88.1
      vertex -87.13677209615707 -64.51762149482965 85
      vertex -87.27212624251842 -64.33132249116898 85
    endloop
  endfacet
  facet normal 0.9510565131566553 0.30901700403425203 0
    outer loop
      vertex -87.97820635885 -62.86621377617121 88.1
      vertex -87.90704648196697 -63.085221350193024 85
      vertex -87.97820635885 -62.86621377617121 85
    endloop
  endfacet
  facet normal 0.8910065259684403 0.45399049624595805 0
    outer loop
      vertex -87.70085072517395 -63.58874988555908 88.1
      vertex -87.55829056352377 -63.868539959192276 85
      vertex -87.70085072517395 -63.58874988555908 85
    endloop
  endfacet
  facet normal 0.8386705716328138 0.5446390293369446 0
    outer loop
      vertex -87.44315146654844 -64.06796673685312 88.1
      vertex -87.27212624251842 -64.33132249116898 85
      vertex -87.44315146654844 -64.06796673685312 85
    endloop
  endfacet
  facet normal 0.8660254165537549 0.4999999778828949 0
    outer loop
      vertex -87.55829056352377 -63.868539959192276 88.1
      vertex -87.44315146654844 -64.06796673685312 85
      vertex -87.55829056352377 -63.868539959192276 85
    endloop
  endfacet
  facet normal 0.9135454505486409 0.40673665900909506 0
    outer loop
      vertex -87.7945133075118 -63.37838029116392 88.1
      vertex -87.70085072517395 -63.58874988555908 85
      vertex -87.7945133075118 -63.37838029116392 85
    endloop
  endfacet
  facet normal 0.9335804259992488 0.358367950842512 0
    outer loop
      vertex -87.90704648196697 -63.085221350193024 88.1
      vertex -87.7945133075118 -63.37838029116392 85
      vertex -87.90704648196697 -63.085221350193024 85
    endloop
  endfacet
  facet normal 0.9659258237320325 0.25881905464550803 0
    outer loop
      vertex -88.0594796165824 -62.562897861003876 88.1
      vertex -87.97820635885 -62.86621377617121 85
      vertex -88.0594796165824 -62.562897861003876 85
    endloop
  endfacet
  facet normal 0.9781475994074664 0.20791169705769463 0
    outer loop
      vertex -88.10735715180635 -62.337651774287224 88.1
      vertex -88.0594796165824 -62.562897861003876 85
      vertex -88.10735715180635 -62.337651774287224 85
    endloop
  endfacet
  facet normal 0.9876883396870251 0.15643447077382908 0
    outer loop
      vertex -88.15648003667593 -62.027502097189426 88.1
      vertex -88.10735715180635 -62.337651774287224 85
      vertex -88.15648003667593 -62.027502097189426 85
    endloop
  endfacet
  facet normal 0.9945218961410265 0.10452845591539826 0
    outer loop
      vertex -88.18055066466331 -61.79848535358906 88.1
      vertex -88.15648003667593 -62.027502097189426 85
      vertex -88.18055066466331 -61.79848535358906 85
    endloop
  endfacet
  facet normal 0.9986295351212079 0.05233594924714904 0
    outer loop
      vertex -88.19698497653008 -61.48489996045828 88.1
      vertex -88.18055066466331 -61.79848535358906 85
      vertex -88.19698497653008 -61.48489996045828 85
    endloop
  endfacet
  facet normal 0.9996573242298319 0.026176976785963785 0
    outer loop
      vertex -88.20000000298023 -61.36976087093353 88.1
      vertex -88.19698497653008 -61.48489996045828 85
      vertex -88.20000000298023 -61.36976087093353 85
    endloop
  endfacet
  facet normal 0.7071067811865476 0.7071067811865476 0
    outer loop
      vertex -86.7850693911314 -64.93278760463 88.1
      vertex -86.56302673369646 -65.15483026206493 85
      vertex -86.7850693911314 -64.93278760463 85
    endloop
  endfacet
  facet normal 0.6691306283975405 0.7431448056336751 0
    outer loop
      vertex -86.56302673369646 -65.15483026206493 88.1
      vertex -86.39189668744802 -65.3089164569974 85
      vertex -86.56302673369646 -65.15483026206493 85
    endloop
  endfacet
  facet normal 0.7431448056336751 0.6691306283975405 0
    outer loop
      vertex -86.93915558606386 -64.76165755838156 88.1
      vertex -86.7850693911314 -64.93278760463 85
      vertex -86.93915558606386 -64.76165755838156 85
    endloop
  endfacet
  facet normal 0.7771459578667896 0.629320395483342 0
    outer loop
      vertex -87.13677209615707 -64.51762149482965 88.1
      vertex -86.93915558606386 -64.76165755838156 85
      vertex -87.13677209615707 -64.51762149482965 85
    endloop
  endfacet
  facet normal 0.629320395483342 0.7771459578667896 0
    outer loop
      vertex -86.39189668744802 -65.3089164569974 88.1
      vertex -86.14786062389612 -65.5065329670906 85
      vertex -86.39189668744802 -65.3089164569974 85
    endloop
  endfacet
  facet normal 0.5877852483564419 0.8090169972346416 0
    outer loop
      vertex -86.14786062389612 -65.5065329670906 88.1
      vertex -85.96156164258718 -65.6418870985508 85
      vertex -86.14786062389612 -65.5065329670906 85
    endloop
  endfacet
  facet normal 0.5446390341779859 0.838670568489005 0
    outer loop
      vertex -66.79680552333593 -84.79584909975529 88.1
      vertex -66.6036779358983 -84.92126762121916 85
      vertex -66.79680552333593 -84.79584909975529 85
    endloop
  endfacet
  facet normal 0.4999999859045104 0.8660254119224733 0
    outer loop
      vertex -66.6036779358983 -84.92126762121916 88.1
      vertex -66.33173232525587 -85.0782754868269 85
      vertex -66.6036779358983 -84.92126762121916 85
    endloop
  endfacet
  facet normal 0.45399048504203626 0.8910065316771233 0
    outer loop
      vertex -66.33173232525587 -85.0782754868269 88.1
      vertex -66.12655296176672 -85.1828195899725 85
      vertex -66.33173232525587 -85.0782754868269 85
    endloop
  endfacet
  facet normal 0.4067366393666262 0.9135454592940315 0
    outer loop
      vertex -66.12655296176672 -85.1828195899725 88.1
      vertex -65.8396853134036 -85.31054129451513 85
      vertex -66.12655296176672 -85.1828195899725 85
    endloop
  endfacet
  facet normal 0.358367954317452 0.9335804246653443 0
    outer loop
      vertex -65.8396853134036 -85.31054129451513 88.1
      vertex -65.62470208853483 -85.39306562393904 85
      vertex -65.8396853134036 -85.31054129451513 85
    endloop
  endfacet
  facet normal 0.3090169921374998 0.9510565170221444 0
    outer loop
      vertex -65.62470208853483 -85.39306562393904 88.1
      vertex -65.32605537772179 -85.4901018217206 85
      vertex -65.62470208853483 -85.39306562393904 85
    endloop
  endfacet
  facet normal 0.2588190348095959 0.9659258290470492 0
    outer loop
      vertex -65.32605537772179 -85.4901018217206 88.1
      vertex -65.10362371057272 -85.54970220476389 85
      vertex -65.32605537772179 -85.4901018217206 85
    endloop
  endfacet
  facet normal 0.20791166994030516 0.9781476051714453 0
    outer loop
      vertex -65.10362371057272 -85.54970220476389 88.1
      vertex -64.7964699268341 -85.61498975008726 85
      vertex -65.10362371057272 -85.54970220476389 85
    endloop
  endfacet
  facet normal 0.15643446280779136 0.9876883409487213 0
    outer loop
      vertex -64.7964699268341 -85.61498975008726 88.1
      vertex -64.56902688741684 -85.6510131880641 85
      vertex -64.7964699268341 -85.61498975008726 85
    endloop
  endfacet
  facet normal 0.6293203922477272 0.7771459604869388 0
    outer loop
      vertex -67.22980938851833 -84.46635649353266 88.1
      vertex -67.05084959417582 -84.61127527803183 85
      vertex -67.22980938851833 -84.46635649353266 85
    endloop
  endfacet
  facet normal 0.669130614928542 0.7431448177612162 0
    outer loop
      vertex -67.463168554008 -84.25623895227909 88.1
      vertex -67.22980938851833 -84.46635649353266 85
      vertex -67.463168554008 -84.25623895227909 85
    endloop
  endfacet
  facet normal 0.587785252856657 0.8090169939650439 0
    outer loop
      vertex -67.05084959417582 -84.61127527803183 88.1
      vertex -66.79680552333593 -84.79584909975529 85
      vertex -67.05084959417582 -84.61127527803183 85
    endloop
  endfacet
  facet normal 0.10452847116952207 0.9945218945377534 0
    outer loop
      vertex -64.56902688741684 -85.6510131880641 88.1
      vertex -64.25673136115074 -85.68383677303791 85
      vertex -64.56902688741684 -85.6510131880641 85
    endloop
  endfacet
  facet normal 0.06540313577275131 0.9978589228097784 0
    outer loop
      vertex -64.25673136115074 -85.68383677303791 88.1
      vertex -64.08435799181461 -85.69513472169638 85
      vertex -64.25673136115074 -85.68383677303791 85
    endloop
  endfacet
  facet normal 0.02617694208405647 0.9996573251385337 0
    outer loop
      vertex -64.08435799181461 -85.69513472169638 88.1
      vertex -63.927350141108036 -85.69924611598253 85
      vertex -64.08435799181461 -85.69513472169638 85
    endloop
  endfacet
  facet normal 0.013089632977087236 0.9999143270843383 0
    outer loop
      vertex -63.927350141108036 -85.69924611598253 88.1
      vertex -63.86976087093353 -85.70000000298023 85
      vertex -63.927350141108036 -85.69924611598253 85
    endloop
  endfacet
  facet normal -0.7771459589704363 -0.6293203941204519 0
    outer loop
      vertex -88.85410196334124 -85.02671151608229 85
      vertex -88.45886895060539 -85.51478363573551 85
      vertex -88.85410196334124 -85.02671151608229 90
    endloop
  endfacet
  facet normal -0.5446390406067345 -0.8386705643141267 0
    outer loop
      vertex -87.52671151608229 -86.35410196334124 85
      vertex -87 -86.69615242630243 85
      vertex -87.52671151608229 -86.35410196334124 90
    endloop
  endfacet
  facet normal -0.7071067811865476 -0.7071067811865476 0
    outer loop
      vertex -88.45886895060539 -85.51478363573551 85
      vertex -88.01478363573551 -85.95886895060539 85
      vertex -88.45886895060539 -85.51478363573551 90
    endloop
  endfacet
  facet normal -0.6293203941204519 -0.7771459589704363 0
    outer loop
      vertex -87.52671151608229 -86.35410196334124 85
      vertex -88.01478363573551 -85.95886895060539 90
      vertex -88.01478363573551 -85.95886895060539 85
    endloop
  endfacet
  facet normal -0.8910065283221495 -0.4539904916265432 0
    outer loop
      vertex -89.48127274215221 -83.94041986018419 85
      vertex -89.19615242630243 -84.5 85
      vertex -89.48127274215221 -83.94041986018419 90
    endloop
  endfacet
  facet normal -0.9335804250773435 -0.3583679532441575 0
    outer loop
      vertex -89.48127274215221 -83.94041986018419 85
      vertex -89.70633909851313 -83.35410196334124 90
      vertex -89.70633909851313 -83.35410196334124 85
    endloop
  endfacet
  facet normal -0.8386705643141267 -0.5446390406067345 0
    outer loop
      vertex -88.85410196334124 -85.02671151608229 85
      vertex -89.19615242630243 -84.5 90
      vertex -89.19615242630243 -84.5 85
    endloop
  endfacet
  facet normal -0.9659258251084867 -0.25881904950851087 0
    outer loop
      vertex -89.70633909851313 -83.35410196334124 85
      vertex -89.86888560652733 -82.74747014790773 90
      vertex -89.86888560652733 -82.74747014790773 85
    endloop
  endfacet
  facet normal -0.9876883421006546 -0.15643445553477123 0
    outer loop
      vertex -89.86888560652733 -82.74747014790773 85
      vertex -89.9671313688159 -82.12717077881098 90
      vertex -89.9671313688159 -82.12717077881098 85
    endloop
  endfacet
  facet normal -0.4539904916265432 -0.8910065283221495 0
    outer loop
      vertex -87 -86.69615242630243 85
      vertex -86.44041986018419 -86.98127274215221 85
      vertex -87 -86.69615242630243 90
    endloop
  endfacet
  facet normal -0.3583679532441575 -0.9335804250773435 0
    outer loop
      vertex -86.44041986018419 -86.98127274215221 85
      vertex -85.85410196334124 -87.20633909851313 85
      vertex -86.44041986018419 -86.98127274215221 90
    endloop
  endfacet
  facet normal -0.25881904950851087 -0.9659258251084867 0
    outer loop
      vertex -85.85410196334124 -87.20633909851313 85
      vertex -85.24747014790773 -87.36888560652733 85
      vertex -85.85410196334124 -87.20633909851313 90
    endloop
  endfacet
  facet normal -0.15643445553477123 -0.9876883421006546 0
    outer loop
      vertex -85.24747014790773 -87.36888560652733 85
      vertex -84.62717077881098 -87.4671313688159 85
      vertex -85.24747014790773 -87.36888560652733 90
    endloop
  endfacet
  facet normal -0.052335961698072614 -0.9986295344686827 0
    outer loop
      vertex -84.62717077881098 -87.4671313688159 85
      vertex -84 -87.5 85
      vertex -84.62717077881098 -87.4671313688159 90
    endloop
  endfacet
  facet normal -0.9986295344686827 -0.052335961698072614 0
    outer loop
      vertex -89.9671313688159 -82.12717077881098 85
      vertex -90 -81.5 90
      vertex -90 -81.5 85
    endloop
  endfacet
  facet normal 0.891006524188378 0.453990499739527 0
    outer loop
      vertex -81.68060796608387 -77.625 87.8
      vertex -81.68060796608387 -77.625 85
      vertex -81.88256819498105 -77.22863073307215 87.8
    endloop
  endfacet
  facet normal 0.9335804264972004 0.3583679495453039 0
    outer loop
      vertex -82.0419901942544 -76.81332222609353 87.8
      vertex -81.88256819498105 -77.22863073307215 87.8
      vertex -81.88256819498105 -77.22863073307215 85
    endloop
  endfacet
  facet normal 0.9659258262890673 0.2588190451025243 0
    outer loop
      vertex -82.0419901942544 -76.81332222609353 87.8
      vertex -82.0419901942544 -76.81332222609353 85
      vertex -82.15712730311867 -76.38362468597548 87.8
    endloop
  endfacet
  facet normal 0.453990499739527 0.891006524188378 0
    outer loop
      vertex -80.125 -79.18060796608387 87.8
      vertex -79.72863073307215 -79.38256819498105 87.8
      vertex -79.72863073307215 -79.38256819498105 85
    endloop
  endfacet
  facet normal 0.3583679495453039 0.9335804264972004 0
    outer loop
      vertex -79.72863073307215 -79.38256819498105 87.8
      vertex -79.31332222609353 -79.5419901942544 87.8
      vertex -79.31332222609353 -79.5419901942544 85
    endloop
  endfacet
  facet normal 0.2588190451025243 0.9659258262890673 0
    outer loop
      vertex -79.31332222609353 -79.5419901942544 87.8
      vertex -78.88362468597548 -79.65712730311867 87.8
      vertex -78.88362468597548 -79.65712730311867 85
    endloop
  endfacet
  facet normal 0.777145961456963 0.629320391049847 0
    outer loop
      vertex -81.43832222609353 -77.99808732224301 87.8
      vertex -81.15836550827892 -78.34380507702515 87.8
      vertex -81.15836550827892 -78.34380507702515 85
    endloop
  endfacet
  facet normal 0.7071067811865475 0.7071067811865475 0
    outer loop
      vertex -81.15836550827892 -78.34380507702515 87.8
      vertex -80.84380507702515 -78.65836550827892 87.8
      vertex -80.84380507702515 -78.65836550827892 85
    endloop
  endfacet
  facet normal 0.629320391049847 0.777145961456963 0
    outer loop
      vertex -80.84380507702515 -78.65836550827892 87.8
      vertex -80.49808732224301 -78.93832222609353 87.8
      vertex -80.49808732224301 -78.93832222609353 85
    endloop
  endfacet
  facet normal 0.5446390350150268 0.8386705679454243 0
    outer loop
      vertex -80.125 -79.18060796608387 87.8
      vertex -80.125 -79.18060796608387 85
      vertex -80.49808732224301 -78.93832222609353 87.8
    endloop
  endfacet
  facet normal 0.8386705679454243 0.5446390350150268 0
    outer loop
      vertex -81.43832222609353 -77.99808732224301 87.8
      vertex -81.43832222609353 -77.99808732224301 85
      vertex -81.68060796608387 -77.625 87.8
    endloop
  endfacet
  facet normal 0.987688340595137 0.1564344650402362 0
    outer loop
      vertex -82.15712730311867 -76.38362468597548 87.8
      vertex -82.15712730311867 -76.38362468597548 85
      vertex -82.22671805531516 -75.94424596888753 87.8
    endloop
  endfacet
  facet normal 0.9986295347545738 0.05233595624294646 0
    outer loop
      vertex -82.22671805531516 -75.94424596888753 87.8
      vertex -82.22671805531516 -75.94424596888753 85
      vertex -82.25 -75.5 87.8
    endloop
  endfacet
  facet normal 0.9986295347545738 -0.05233595624294646 0
    outer loop
      vertex -82.25 -75.5 87.8
      vertex -82.25 -75.5 85
      vertex -82.22671805531516 -75.05575403111247 87.8
    endloop
  endfacet
  facet normal 0.987688340595137 -0.1564344650402362 0
    outer loop
      vertex -82.22671805531516 -75.05575403111247 87.8
      vertex -82.22671805531516 -75.05575403111247 85
      vertex -82.15712730311867 -74.61637531402452 87.8
    endloop
  endfacet
  facet normal 0.9659258262890673 -0.2588190451025243 0
    outer loop
      vertex -82.15712730311867 -74.61637531402452 87.8
      vertex -82.15712730311867 -74.61637531402452 85
      vertex -82.0419901942544 -74.18667777390647 87.8
    endloop
  endfacet
  facet normal 0.9335804264972004 -0.3583679495453039 0
    outer loop
      vertex -82.0419901942544 -74.18667777390647 87.8
      vertex -82.0419901942544 -74.18667777390647 85
      vertex -81.88256819498105 -73.77136926692785 87.8
    endloop
  endfacet
  facet normal 0.891006524188378 -0.453990499739527 0
    outer loop
      vertex -81.88256819498105 -73.77136926692785 87.8
      vertex -81.88256819498105 -73.77136926692785 85
      vertex -81.68060796608387 -73.375 87.8
    endloop
  endfacet
  facet normal 0.8386705679454243 -0.5446390350150268 0
    outer loop
      vertex -81.68060796608387 -73.375 87.8
      vertex -81.68060796608387 -73.375 85
      vertex -81.43832222609353 -73.00191267775699 87.8
    endloop
  endfacet
  facet normal 0.777145961456963 -0.629320391049847 0
    outer loop
      vertex -81.43832222609353 -73.00191267775699 87.8
      vertex -81.43832222609353 -73.00191267775699 85
      vertex -81.15836550827892 -72.65619492297485 87.8
    endloop
  endfacet
  facet normal 0.7071067811865475 -0.7071067811865475 0
    outer loop
      vertex -81.15836550827892 -72.65619492297485 87.8
      vertex -81.15836550827892 -72.65619492297485 85
      vertex -80.84380507702515 -72.34163449172108 87.8
    endloop
  endfacet
  facet normal 0.629320391049847 -0.777145961456963 0
    outer loop
      vertex -80.84380507702515 -72.34163449172108 87.8
      vertex -80.84380507702515 -72.34163449172108 85
      vertex -80.49808732224301 -72.06167777390647 87.8
    endloop
  endfacet
  facet normal 0.5446390350150268 -0.8386705679454243 0
    outer loop
      vertex -80.49808732224301 -72.06167777390647 87.8
      vertex -80.49808732224301 -72.06167777390647 85
      vertex -80.125 -71.81939203391613 87.8
    endloop
  endfacet
  facet normal 0.453990499739527 -0.891006524188378 0
    outer loop
      vertex -80.125 -71.81939203391613 87.8
      vertex -80.125 -71.81939203391613 85
      vertex -79.72863073307215 -71.61743180501895 87.8
    endloop
  endfacet
  facet normal 0.3583679495453039 -0.9335804264972004 0
    outer loop
      vertex -79.72863073307215 -71.61743180501895 87.8
      vertex -79.72863073307215 -71.61743180501895 85
      vertex -79.31332222609353 -71.4580098057456 87.8
    endloop
  endfacet
  facet normal 0.2588190451025243 -0.9659258262890673 0
    outer loop
      vertex -79.31332222609353 -71.4580098057456 87.8
      vertex -79.31332222609353 -71.4580098057456 85
      vertex -78.88362468597548 -71.34287269688133 87.8
    endloop
  endfacet
  facet normal 0.1564344650402362 0.987688340595137 0
    outer loop
      vertex -78.88362468597548 -79.65712730311867 87.8
      vertex -78.44424596888753 -79.72671805531516 87.8
      vertex -78.44424596888753 -79.72671805531516 85
    endloop
  endfacet
  facet normal 0.05233595624294646 0.9986295347545738 0
    outer loop
      vertex -78.44424596888753 -79.72671805531516 87.8
      vertex -78 -79.75 87.8
      vertex -78 -79.75 85
    endloop
  endfacet
  facet normal -0.05233595624294646 0.9986295347545738 0
    outer loop
      vertex -78 -79.75 87.8
      vertex -77.55575403111247 -79.72671805531516 87.8
      vertex -77.55575403111247 -79.72671805531516 85
    endloop
  endfacet
  facet normal -0.1564344650402362 0.987688340595137 0
    outer loop
      vertex -77.55575403111247 -79.72671805531516 87.8
      vertex -77.11637531402452 -79.65712730311867 87.8
      vertex -77.11637531402452 -79.65712730311867 85
    endloop
  endfacet
  facet normal -0.2588190451025243 0.9659258262890673 0
    outer loop
      vertex -77.11637531402452 -79.65712730311867 87.8
      vertex -76.68667777390647 -79.5419901942544 87.8
      vertex -76.68667777390647 -79.5419901942544 85
    endloop
  endfacet
  facet normal -0.3583679495453039 0.9335804264972004 0
    outer loop
      vertex -76.68667777390647 -79.5419901942544 87.8
      vertex -76.27136926692785 -79.38256819498105 87.8
      vertex -76.27136926692785 -79.38256819498105 85
    endloop
  endfacet
  facet normal -0.453990499739527 0.891006524188378 0
    outer loop
      vertex -76.27136926692785 -79.38256819498105 87.8
      vertex -75.875 -79.18060796608387 87.8
      vertex -75.875 -79.18060796608387 85
    endloop
  endfacet
  facet normal -0.5446390350150268 0.8386705679454243 0
    outer loop
      vertex -75.875 -79.18060796608387 87.8
      vertex -75.50191267775699 -78.93832222609353 87.8
      vertex -75.50191267775699 -78.93832222609353 85
    endloop
  endfacet
  facet normal -0.629320391049847 0.777145961456963 0
    outer loop
      vertex -75.50191267775699 -78.93832222609353 87.8
      vertex -75.15619492297485 -78.65836550827892 87.8
      vertex -75.15619492297485 -78.65836550827892 85
    endloop
  endfacet
  facet normal -0.7071067811865475 0.7071067811865475 0
    outer loop
      vertex -75.15619492297485 -78.65836550827892 87.8
      vertex -74.84163449172108 -78.34380507702515 87.8
      vertex -74.84163449172108 -78.34380507702515 85
    endloop
  endfacet
  facet normal -0.777145961456963 0.629320391049847 0
    outer loop
      vertex -74.84163449172108 -78.34380507702515 87.8
      vertex -74.56167777390647 -77.99808732224301 87.8
      vertex -74.56167777390647 -77.99808732224301 85
    endloop
  endfacet
  facet normal -0.8386705679454243 0.5446390350150268 0
    outer loop
      vertex -74.56167777390647 -77.99808732224301 87.8
      vertex -74.31939203391613 -77.625 87.8
      vertex -74.31939203391613 -77.625 85
    endloop
  endfacet
  facet normal -0.891006524188378 0.453990499739527 0
    outer loop
      vertex -74.31939203391613 -77.625 87.8
      vertex -74.11743180501895 -77.22863073307215 87.8
      vertex -74.11743180501895 -77.22863073307215 85
    endloop
  endfacet
  facet normal -0.9335804264972004 0.3583679495453039 0
    outer loop
      vertex -74.11743180501895 -77.22863073307215 87.8
      vertex -73.9580098057456 -76.81332222609353 87.8
      vertex -73.9580098057456 -76.81332222609353 85
    endloop
  endfacet
  facet normal 0.1564344650402362 -0.987688340595137 0
    outer loop
      vertex -78.88362468597548 -71.34287269688133 87.8
      vertex -78.88362468597548 -71.34287269688133 85
      vertex -78.44424596888753 -71.27328194468484 87.8
    endloop
  endfacet
  facet normal 0.05233595624294646 -0.9986295347545738 0
    outer loop
      vertex -78.44424596888753 -71.27328194468484 87.8
      vertex -78.44424596888753 -71.27328194468484 85
      vertex -78 -71.25 87.8
    endloop
  endfacet
  facet normal -0.05233595624294646 -0.9986295347545738 0
    outer loop
      vertex -78 -71.25 87.8
      vertex -78 -71.25 85
      vertex -77.55575403111247 -71.27328194468484 87.8
    endloop
  endfacet
  facet normal -0.1564344650402362 -0.987688340595137 0
    outer loop
      vertex -77.55575403111247 -71.27328194468484 87.8
      vertex -77.55575403111247 -71.27328194468484 85
      vertex -77.11637531402452 -71.34287269688133 87.8
    endloop
  endfacet
  facet normal -0.2588190451025243 -0.9659258262890673 0
    outer loop
      vertex -77.11637531402452 -71.34287269688133 87.8
      vertex -77.11637531402452 -71.34287269688133 85
      vertex -76.68667777390647 -71.4580098057456 87.8
    endloop
  endfacet
  facet normal -0.3583679495453039 -0.9335804264972004 0
    outer loop
      vertex -76.68667777390647 -71.4580098057456 87.8
      vertex -76.68667777390647 -71.4580098057456 85
      vertex -76.27136926692785 -71.61743180501895 87.8
    endloop
  endfacet
  facet normal -0.453990499739527 -0.891006524188378 0
    outer loop
      vertex -75.875 -71.81939203391613 87.8
      vertex -76.27136926692785 -71.61743180501895 87.8
      vertex -76.27136926692785 -71.61743180501895 85
    endloop
  endfacet
  facet normal -0.9659258262890673 0.2588190451025243 0
    outer loop
      vertex -73.9580098057456 -76.81332222609353 87.8
      vertex -73.84287269688133 -76.38362468597548 87.8
      vertex -73.84287269688133 -76.38362468597548 85
    endloop
  endfacet
  facet normal -0.987688340595137 0.1564344650402362 0
    outer loop
      vertex -73.84287269688133 -76.38362468597548 87.8
      vertex -73.77328194468484 -75.94424596888753 87.8
      vertex -73.77328194468484 -75.94424596888753 85
    endloop
  endfacet
  facet normal -0.9986295347545738 0.05233595624294646 0
    outer loop
      vertex -73.77328194468484 -75.94424596888753 87.8
      vertex -73.75 -75.5 87.8
      vertex -73.75 -75.5 85
    endloop
  endfacet
  facet normal -0.9986295347545738 -0.05233595624294646 0
    outer loop
      vertex -73.75 -75.5 87.8
      vertex -73.77328194468484 -75.05575403111247 87.8
      vertex -73.77328194468484 -75.05575403111247 85
    endloop
  endfacet
  facet normal -0.9659258262890673 -0.2588190451025243 0
    outer loop
      vertex -73.84287269688133 -74.61637531402452 87.8
      vertex -73.9580098057456 -74.18667777390647 87.8
      vertex -73.9580098057456 -74.18667777390647 85
    endloop
  endfacet
  facet normal -0.9335804264972004 -0.3583679495453039 0
    outer loop
      vertex -74.11743180501895 -73.77136926692785 87.8
      vertex -74.11743180501895 -73.77136926692785 85
      vertex -73.9580098057456 -74.18667777390647 87.8
    endloop
  endfacet
  facet normal -0.987688340595137 -0.1564344650402362 0
    outer loop
      vertex -73.77328194468484 -75.05575403111247 87.8
      vertex -73.84287269688133 -74.61637531402452 87.8
      vertex -73.84287269688133 -74.61637531402452 85
    endloop
  endfacet
  facet normal -0.777145961456963 -0.629320391049847 0
    outer loop
      vertex -74.56167777390647 -73.00191267775699 87.8
      vertex -74.84163449172108 -72.65619492297485 87.8
      vertex -74.84163449172108 -72.65619492297485 85
    endloop
  endfacet
  facet normal -0.5446390350150268 -0.8386705679454243 0
    outer loop
      vertex -75.875 -71.81939203391613 87.8
      vertex -75.875 -71.81939203391613 85
      vertex -75.50191267775699 -72.06167777390647 87.8
    endloop
  endfacet
  facet normal -0.629320391049847 -0.777145961456963 0
    outer loop
      vertex -75.15619492297485 -72.34163449172108 87.8
      vertex -75.50191267775699 -72.06167777390647 87.8
      vertex -75.50191267775699 -72.06167777390647 85
    endloop
  endfacet
  facet normal -0.7071067811865475 -0.7071067811865475 0
    outer loop
      vertex -75.15619492297485 -72.34163449172108 87.8
      vertex -75.15619492297485 -72.34163449172108 85
      vertex -74.84163449172108 -72.65619492297485 87.8
    endloop
  endfacet
  facet normal -0.891006524188378 -0.453990499739527 0
    outer loop
      vertex -74.11743180501895 -73.77136926692785 87.8
      vertex -74.31939203391613 -73.375 87.8
      vertex -74.31939203391613 -73.375 85
    endloop
  endfacet
  facet normal -0.8386705679454243 -0.5446390350150268 0
    outer loop
      vertex -74.56167777390647 -73.00191267775699 87.8
      vertex -74.56167777390647 -73.00191267775699 85
      vertex -74.31939203391613 -73.375 87.8
    endloop
  endfacet
  facet normal 0.5446390302010375 0.8386705710716652 0
    outer loop
      vertex -85.96156164258718 -65.6418870985508 88.1
      vertex -85.69820586591959 -65.81291233748198 88.1
      vertex -85.69820586591959 -65.81291233748198 85
    endloop
  endfacet
  facet normal 0.4999999778828949 0.8660254165537549 0
    outer loop
      vertex -85.69820586591959 -65.81291233748198 88.1
      vertex -85.49877908825874 -65.9280514344573 88.1
      vertex -85.49877908825874 -65.9280514344573 85
    endloop
  endfacet
  facet normal 0.45399049624595805 0.8910065259684403 0
    outer loop
      vertex -85.49877908825874 -65.9280514344573 88.1
      vertex -85.21898901462555 -66.07061159610748 88.1
      vertex -85.21898901462555 -66.07061159610748 85
    endloop
  endfacet
  facet normal 0.40673665900909506 0.9135454505486409 0
    outer loop
      vertex -85.21898901462555 -66.07061159610748 88.1
      vertex -85.00861942023039 -66.16427417844534 88.1
      vertex -85.00861942023039 -66.16427417844534 85
    endloop
  endfacet
  facet normal 0.30901700403425203 0.9510565131566553 0
    outer loop
      vertex -84.49645290523767 -66.34796722978354 88.1
      vertex -84.49645290523767 -66.34796722978354 85
      vertex -84.71546047925949 -66.2768073529005 88.1
    endloop
  endfacet
  facet normal 0.358367950842512 0.9335804259992488 0
    outer loop
      vertex -85.00861942023039 -66.16427417844534 88.1
      vertex -84.71546047925949 -66.2768073529005 88.1
      vertex -84.71546047925949 -66.2768073529005 85
    endloop
  endfacet
  facet normal 0.25881905464550803 0.9659258237320325 0
    outer loop
      vertex -84.49645290523767 -66.34796722978354 88.1
      vertex -84.19313699007034 -66.42924048751593 88.1
      vertex -84.19313699007034 -66.42924048751593 85
    endloop
  endfacet
  facet normal 0.2079117102175342 0.978147596610256 0
    outer loop
      vertex -84.19313699007034 -66.42924048751593 88.1
      vertex -83.96789091825485 -66.47711802273989 88.1
      vertex -83.96789091825485 -66.47711802273989 85
    endloop
  endfacet
  facet normal 0.15643446344185244 0.9876883408482959 0
    outer loop
      vertex -83.96789091825485 -66.47711802273989 88.1
      vertex -83.6577412262559 -66.52624090760946 88.1
      vertex -83.6577412262559 -66.52624090760946 85
    endloop
  endfacet
  facet normal 0.10452846936923531 0.9945218947269713 0
    outer loop
      vertex -83.6577412262559 -66.52624090760946 88.1
      vertex -83.42872451245785 -66.55031153559685 88.1
      vertex -83.42872451245785 -66.55031153559685 85
    endloop
  endfacet
  facet normal 0.05233594428690367 0.9986295353811633 0
    outer loop
      vertex -83.42872451245785 -66.55031153559685 88.1
      vertex -83.11513908952475 -66.56674584746361 88.1
      vertex -83.11513908952475 -66.56674584746361 85
    endloop
  endfacet
  facet normal 0 1 0
    outer loop
      vertex -83.11513908952475 -66.56674584746361 88.1
      vertex -82.88486091047525 -66.56674584746361 88.1
      vertex -82.88486091047525 -66.56674584746361 85
    endloop
  endfacet
  facet normal -0.05233594924714904 0.9986295351212079 0
    outer loop
      vertex -82.88486091047525 -66.56674584746361 88.1
      vertex -82.57127551734447 -66.55031153559685 88.1
      vertex -82.57127551734447 -66.55031153559685 85
    endloop
  endfacet
  facet normal -0.10452845591539826 0.9945218961410265 0
    outer loop
      vertex -82.57127551734447 -66.55031153559685 88.1
      vertex -82.3422587737441 -66.52624090760946 88.1
      vertex -82.3422587737441 -66.52624090760946 85
    endloop
  endfacet
  facet normal -0.15643447077382908 0.9876883396870251 0
    outer loop
      vertex -82.3422587737441 -66.52624090760946 88.1
      vertex -82.03210909664631 -66.47711802273989 88.1
      vertex -82.03210909664631 -66.47711802273989 85
    endloop
  endfacet
  facet normal -0.20791169705769463 0.9781475994074664 0
    outer loop
      vertex -82.03210909664631 -66.47711802273989 88.1
      vertex -81.80686300992966 -66.42924048751593 88.1
      vertex -81.80686300992966 -66.42924048751593 85
    endloop
  endfacet
  facet normal -0.25881905464550803 0.9659258237320325 0
    outer loop
      vertex -81.80686300992966 -66.42924048751593 88.1
      vertex -81.50354709476233 -66.34796722978354 88.1
      vertex -81.50354709476233 -66.34796722978354 85
    endloop
  endfacet
  facet normal -0.29654157061630665 0.9550199458107742 0
    outer loop
      vertex -81.50354709476233 -66.34796722978354 88.1
      vertex -81.33857395499945 -66.29674170911312 88.1
      vertex -81.33857395499945 -66.29674170911312 85
    endloop
  endfacet
  facet normal -0.3338068445654997 0.9426414962864855 0
    outer loop
      vertex -81.33857395499945 -66.29674170911312 88.1
      vertex -81.19052112847567 -66.2443134561181 88.1
      vertex -81.19052112847567 -66.2443134561181 85
    endloop
  endfacet
  facet normal -0.34611701235043446 0.938191352423166 0
    outer loop
      vertex -81.19052112847567 -66.2443134561181 88.1
      vertex -81.13648672401905 -66.22437911480665 88.1
      vertex -81.13648672401905 -66.22437911480665 85
    endloop
  endfacet
  facet normal -0.35836795906447355 0.9335804228431335 0
    outer loop
      vertex -81.13648672401905 -66.22437911480665 88.1
      vertex -81.04691705852747 -66.18999654054642 88.1
      vertex -81.04691705852747 -66.18999654054642 85
    endloop
  endfacet
  facet normal -0.30901697743847567 0.9510565217981466 0
    outer loop
      vertex -81.04691705852747 -66.18999654054642 88.1
      vertex -81.00727494060993 -66.1771160364151 88.1
      vertex -81.00727494060993 -66.1771160364151 85
    endloop
  endfacet
  facet normal -0.2588190416669718 0.9659258272096208 0
    outer loop
      vertex -81.00727494060993 -66.1771160364151 88.1
      vertex -80.05706536024809 -65.92250815033913 88.1
      vertex -80.05706536024809 -65.92250815033913 85
    endloop
  endfacet
  facet normal -0.20791171770419659 0.9781475950189167 0
    outer loop
      vertex -80.05706536024809 -65.92250815033913 88.1
      vertex -80.01629415899515 -65.91384196281433 88.1
      vertex -80.01629415899515 -65.91384196281433 85
    endloop
  endfacet
  facet normal -0.15643446684979345 0.9876883403085313 0
    outer loop
      vertex -80.01629415899515 -65.91384196281433 88.1
      vertex -79.04467599093914 -65.75995276123285 88.1
      vertex -79.04467599093914 -65.75995276123285 85
    endloop
  endfacet
  facet normal -0.10452835262237818 0.994521906997554 0
    outer loop
      vertex -79.04467599093914 -65.75995276123285 88.1
      vertex -79.00322233140469 -65.75559581071138 88.1
      vertex -79.00322233140469 -65.75559581071138 85
    endloop
  endfacet
  facet normal 0.7071067811865475 0.7071067811865475 0
    outer loop
      vertex -67.62599980086088 -84.09340770542622 88.1
      vertex -67.463168554008 -84.25623895227909 88.1
      vertex -67.463168554008 -84.25623895227909 85
    endloop
  endfacet
  facet normal 0.77714596650683 0.6293203848137808 0
    outer loop
      vertex -67.83611735701561 -83.86004852503538 88.1
      vertex -67.83611735701561 -83.86004852503538 85
      vertex -67.98103612661362 -83.68108874559402 88.1
    endloop
  endfacet
  facet normal 0.8090169939650439 0.587785252856657 0
    outer loop
      vertex -68.16560994833708 -83.42704467475414 88.1
      vertex -67.98103612661362 -83.68108874559402 88.1
      vertex -67.98103612661362 -83.68108874559402 85
    endloop
  endfacet
  facet normal 0.7431448154110712 0.6691306175386421 0
    outer loop
      vertex -67.62599980086088 -84.09340770542622 88.1
      vertex -67.62599980086088 -84.09340770542622 85
      vertex -67.83611735701561 -83.86004852503538 88.1
    endloop
  endfacet
  facet normal 0.8386705656032967 0.5446390386215869 0
    outer loop
      vertex -68.29102843254805 -83.23391714692116 88.1
      vertex -68.16560994833708 -83.42704467475414 88.1
      vertex -68.16560994833708 -83.42704467475414 85
    endloop
  endfacet
  facet normal 0.8660253945532701 0.5000000159888526 0
    outer loop
      vertex -68.29102843254805 -83.23391714692116 88.1
      vertex -68.29102843254805 -83.23391714692116 85
      vertex -68.4480363279581 -82.9619715064764 88.1
    endloop
  endfacet
  facet normal 0.8910065255072487 0.45399049715109746 0
    outer loop
      vertex -68.4480363279581 -82.9619715064764 88.1
      vertex -68.4480363279581 -82.9619715064764 85
      vertex -68.55258044600487 -82.75679212063551 88.1
    endloop
  endfacet
  facet normal 0.9135454592940315 0.4067366393666262 0
    outer loop
      vertex -68.6803021505475 -82.4699244722724 88.1
      vertex -68.55258044600487 -82.75679212063551 88.1
      vertex -68.55258044600487 -82.75679212063551 85
    endloop
  endfacet
  facet normal 0.9335804213834477 0.35836796286708494 0
    outer loop
      vertex -68.6803021505475 -82.4699244722724 88.1
      vertex -68.6803021505475 -82.4699244722724 85
      vertex -68.76282646507025 -82.2549412921071 88.1
    endloop
  endfacet
  facet normal 0.9510565098730126 0.3090170141402644 0
    outer loop
      vertex -68.76282646507025 -82.2549412921071 88.1
      vertex -68.76282646507025 -82.2549412921071 85
      vertex -68.85986267775297 -81.95629455894232 88.1
    endloop
  endfacet
  facet normal 0.9781475990175837 0.2079116988919482 0
    outer loop
      vertex -68.91946306079626 -81.73386289179325 88.1
      vertex -68.91946306079626 -81.73386289179325 85
      vertex -68.98475060611963 -81.42670915275812 88.1
    endloop
  endfacet
  facet normal 0.9876883372847768 0.15643448594102635 0
    outer loop
      vertex -68.98475060611963 -81.42670915275812 88.1
      vertex -68.98475060611963 -81.42670915275812 85
      vertex -69.02077405899763 -81.19926605373621 88.1
    endloop
  endfacet
  facet normal 0.9945218945377534 0.10452847116952207 0
    outer loop
      vertex -69.02077405899763 -81.19926605373621 88.1
      vertex -69.02077405899763 -81.19926605373621 85
      vertex -69.05359764397144 -80.88697052747011 88.1
    endloop
  endfacet
  facet normal 0.9986295337556385 0.05233597530376362 0
    outer loop
      vertex -69.05359764397144 -80.88697052747011 88.1
      vertex -69.05359764397144 -80.88697052747011 85
      vertex -69.06564947962761 -80.65700788795948 88.1
    endloop
  endfacet
  facet normal 1 0 0
    outer loop
      vertex -69.06564947962761 -80.65700788795948 88.1
      vertex -69.06564947962761 -80.65700788795948 85
      vertex -69.06564947962761 -80.34299213439226 88.1
    endloop
  endfacet
  facet normal 0.9986295335783959 -0.052335978685751045 0
    outer loop
      vertex -69.06564947962761 -80.34299213439226 88.1
      vertex -69.06564947962761 -80.34299213439226 85
      vertex -69.05359764397144 -80.11302950978279 88.1
    endloop
  endfacet
  facet normal 0.9945218945377534 -0.10452847116952207 0
    outer loop
      vertex -69.05359764397144 -80.11302950978279 88.1
      vertex -69.05359764397144 -80.11302950978279 85
      vertex -69.02077405899763 -79.8007339835167 88.1
    endloop
  endfacet
  facet normal 0.9876883409487213 -0.15643446280779136 0
    outer loop
      vertex -69.02077405899763 -79.8007339835167 88.1
      vertex -69.02077405899763 -79.8007339835167 85
      vertex -68.9847506210208 -79.57329094409943 88.1
    endloop
  endfacet
  facet normal 0.9781476051714453 -0.20791166994030516 0
    outer loop
      vertex -68.9847506210208 -79.57329094409943 88.1
      vertex -68.9847506210208 -79.57329094409943 85
      vertex -68.91946307569742 -79.26613716036081 88.1
    endloop
  endfacet
  facet normal 0.9659258290470492 0.2588190348095959 0
    outer loop
      vertex -68.91946306079626 -81.73386289179325 88.1
      vertex -68.85986267775297 -81.95629455894232 88.1
      vertex -68.85986267775297 -81.95629455894232 85
    endloop
  endfacet
  facet normal 0.9659258290470492 -0.2588190348095959 0
    outer loop
      vertex -68.91946307569742 -79.26613716036081 88.1
      vertex -68.91946307569742 -79.26613716036081 85
      vertex -68.85986269265413 -79.04370549321175 88.1
    endloop
  endfacet
  facet normal 0.9510565170221444 -0.3090169921374998 0
    outer loop
      vertex -68.85986269265413 -79.04370549321175 88.1
      vertex -68.85986269265413 -79.04370549321175 85
      vertex -68.76282649487257 -78.7450587823987 88.1
    endloop
  endfacet
  facet normal 0.9426414951468022 -0.33380684778386666 0
    outer loop
      vertex -68.76282649487257 -78.7450587823987 88.1
      vertex -68.76282649487257 -78.7450587823987 85
      vertex -68.72437908500433 -78.63648664206266 88.1
    endloop
  endfacet
  facet normal 0.9510565324059691 -0.3090169447909515 0
    outer loop
      vertex -68.677116073668 -78.5072750672698 88.1
      vertex -68.68999651819468 -78.5469170063734 88.1
      vertex -68.68999651819468 -78.5469170063734 85
    endloop
  endfacet
  facet normal 0.9335804089312506 -0.35836799530616414 0
    outer loop
      vertex -68.68999651819468 -78.5469170063734 88.1
      vertex -68.72437908500433 -78.63648664206266 88.1
      vertex -68.72437908500433 -78.63648664206266 85
    endloop
  endfacet
  facet normal 0.9659258270105853 -0.25881904240978293 0
    outer loop
      vertex -68.677116073668 -78.5072750672698 88.1
      vertex -68.677116073668 -78.5072750672698 85
      vertex -68.42250814288855 -77.55706532299519 88.1
    endloop
  endfacet
  facet normal 0.9781476059079749 -0.20791166647520556 0
    outer loop
      vertex -68.41384197026491 -77.5162941813469 88.1
      vertex -68.42250814288855 -77.55706532299519 88.1
      vertex -68.42250814288855 -77.55706532299519 85
    endloop
  endfacet
  facet normal 0.9876883399269542 -0.15643446925897514 0
    outer loop
      vertex -68.41384197026491 -77.5162941813469 88.1
      vertex -68.41384197026491 -77.5162941813469 85
      vertex -68.25995279103518 -76.54467616975307 88.1
    endloop
  endfacet
  facet normal -0.05233595162339533 0.9986295349966742 0
    outer loop
      vertex -79.00322233140469 -65.75559581071138 88.1
      vertex -78.020841114223 -65.70411139726639 88.1
      vertex -78.020841114223 -65.70411139726639 85
    endloop
  endfacet
  facet normal 0 1 0
    outer loop
      vertex -78.020841114223 -65.70411139726639 88.1
      vertex -77.979158885777 -65.70411139726639 88.1
      vertex -77.979158885777 -65.70411139726639 85
    endloop
  endfacet
  facet normal 0.05233594443404974 0.9986295353734517 0
    outer loop
      vertex -77.979158885777 -65.70411139726639 88.1
      vertex -76.99677781760693 -65.75559579581022 88.1
      vertex -76.99677781760693 -65.75559579581022 85
    endloop
  endfacet
  facet normal 0.10452855862418647 0.9945218853458931 0
    outer loop
      vertex -76.99677781760693 -65.75559579581022 88.1
      vertex -76.95532381534576 -65.75995279103518 88.1
      vertex -76.95532381534576 -65.75995279103518 85
    endloop
  endfacet
  facet normal 0.15643446925897514 0.9876883399269542 0
    outer loop
      vertex -76.95532381534576 -65.75995279103518 88.1
      vertex -75.98370580375195 -65.91384197026491 88.1
      vertex -75.98370580375195 -65.91384197026491 85
    endloop
  endfacet
  facet normal 0.20791166647520556 0.9781476059079749 0
    outer loop
      vertex -75.98370580375195 -65.91384197026491 88.1
      vertex -75.94293466210365 -65.92250814288855 88.1
      vertex -75.94293466210365 -65.92250814288855 85
    endloop
  endfacet
  facet normal 0.25881904153102836 0.9659258272460467 0
    outer loop
      vertex -75.94293466210365 -65.92250814288855 88.1
      vertex -74.9927249699831 -66.17711605876684 88.1
      vertex -74.9927249699831 -66.17711605876684 85
    endloop
  endfacet
  facet normal 0.3090170218092126 0.9510565073812202 0
    outer loop
      vertex -74.9927249699831 -66.17711605876684 88.1
      vertex -74.95308290421963 -66.189996547997 88.1
      vertex -74.95308290421963 -66.189996547997 85
    endloop
  endfacet
  facet normal 0.3583679498246596 0.9335804263899657 0
    outer loop
      vertex -74.95308290421963 -66.189996547997 88.1
      vertex -74.03469229489565 -66.54253367334604 88.1
      vertex -74.03469229489565 -66.54253367334604 85
    endloop
  endfacet
  facet normal 0.40673659644479404 0.9135454784040611 0
    outer loop
      vertex -74.03469229489565 -66.54253367334604 88.1
      vertex -73.9966139420867 -66.55948724597692 88.1
      vertex -73.9966139420867 -66.55948724597692 85
    endloop
  endfacet
  facet normal 0.4539905002389483 0.8910065239339101 0
    outer loop
      vertex -73.12010453641415 -67.00609109550714 88.1
      vertex -73.12010453641415 -67.00609109550714 85
      vertex -73.9966139420867 -66.55948724597692 88.1
    endloop
  endfacet
  facet normal 0.9945218853458931 -0.10452855862418647 0
    outer loop
      vertex -68.25559579581022 -76.50322216749191 88.1
      vertex -68.25995279103518 -76.54467616975307 88.1
      vertex -68.25995279103518 -76.54467616975307 85
    endloop
  endfacet
  facet normal 0.9986295353319616 -0.05233594522572854 0
    outer loop
      vertex -68.25559579581022 -76.50322216749191 88.1
      vertex -68.25559579581022 -76.50322216749191 85
      vertex -68.20411139726639 -75.520841114223 88.1
    endloop
  endfacet
  facet normal 1 0 0
    outer loop
      vertex -68.20411139726639 -75.520841114223 88.1
      vertex -68.20411139726639 -75.520841114223 85
      vertex -68.20411139726639 -75.47915887832642 88.1
    endloop
  endfacet
  facet normal 0.9986295350174192 0.05233595122755594 0
    outer loop
      vertex -68.20411139726639 -75.47915887832642 88.1
      vertex -68.20411139726639 -75.47915887832642 85
      vertex -68.25559581071138 -74.49677765369415 88.1
    endloop
  endfacet
  facet normal 0.994521906997554 0.10452835262237818 0
    outer loop
      vertex -68.25559581071138 -74.49677765369415 88.1
      vertex -68.25559581071138 -74.49677765369415 85
      vertex -68.25995276123285 -74.4553239941597 88.1
    endloop
  endfacet
  facet normal 0.9876883403085313 0.15643446684979345 0
    outer loop
      vertex -68.25995276123285 -74.4553239941597 88.1
      vertex -68.25995276123285 -74.4553239941597 85
      vertex -68.41384196281433 -73.48370582610369 88.1
    endloop
  endfacet
  facet normal 0.9135454784040611 0.40673659644479404 0
    outer loop
      vertex -69.05948723107576 -71.4966139793396 88.1
      vertex -69.04253365844488 -71.53469233214855 88.1
      vertex -69.04253365844488 -71.53469233214855 85
    endloop
  endfacet
  facet normal 0.8910065256116595 0.45399049694617966 0
    outer loop
      vertex -69.05948723107576 -71.4966139793396 88.1
      vertex -69.05948723107576 -71.4966139793396 85
      vertex -69.50609109550714 -70.62010453641415 88.1
    endloop
  endfacet
  facet normal 0.9781475950189167 0.20791171770419659 0
    outer loop
      vertex -68.41384196281433 -73.48370582610369 88.1
      vertex -68.41384196281433 -73.48370582610369 85
      vertex -68.42250815033913 -73.44293462485075 88.1
    endloop
  endfacet
  facet normal 0.9510565138423422 0.3090170019239249 0
    outer loop
      vertex -68.67711602896452 -72.49272506684065 88.1
      vertex -68.67711602896452 -72.49272506684065 85
      vertex -68.68999657779932 -72.45308281481266 88.1
    endloop
  endfacet
  facet normal 0.9659258275810262 0.2588190402808679 0
    outer loop
      vertex -68.42250815033913 -73.44293462485075 88.1
      vertex -68.42250815033913 -73.44293462485075 85
      vertex -68.67711602896452 -72.49272506684065 88.1
    endloop
  endfacet
  facet normal 0.9335804250579053 0.3583679532947957 0
    outer loop
      vertex -69.04253365844488 -71.53469233214855 88.1
      vertex -68.68999657779932 -72.45308281481266 88.1
      vertex -68.68999657779932 -72.45308281481266 85
    endloop
  endfacet
  facet normal 0.7431448178123772 0.6691306148717219 0
    outer loop
      vertex -70.73418144136667 -68.9297831878066 88.1
      vertex -70.70629072189331 -68.96075896918774 88.1
      vertex -70.70629072189331 -68.96075896918774 85
    endloop
  endfacet
  facet normal 0.7071067811865476 0.7071067811865476 0
    outer loop
      vertex -70.73418144136667 -68.9297831878066 88.1
      vertex -70.73418144136667 -68.9297831878066 85
      vertex -71.42978310585022 -68.23418152332306 88.1
    endloop
  endfacet
  facet normal 0.5000000371874168 0.8660253823142725 0
    outer loop
      vertex -73.12010453641415 -67.00609109550714 88.1
      vertex -73.08400689065456 -67.02693208307028 88.1
      vertex -73.08400689065456 -67.02693208307028 85
    endloop
  endfacet
  facet normal 0.5446390309104264 0.8386705706109828 0
    outer loop
      vertex -73.08400689065456 -67.02693208307028 88.1
      vertex -72.2589817866683 -67.56270964443684 88.1
      vertex -72.2589817866683 -67.56270964443684 85
    endloop
  endfacet
  facet normal 0.5877853119840554 0.809016951006471 0
    outer loop
      vertex -72.2589817866683 -67.56270964443684 88.1
      vertex -72.22526054084301 -67.58720956742764 88.1
      vertex -72.22526054084301 -67.58720956742764 85
    endloop
  endfacet
  facet normal 0.6691306439679336 0.7431447916140289 0
    outer loop
      vertex -71.4607589840889 -68.20629071444273 88.1
      vertex -71.42978310585022 -68.23418152332306 88.1
      vertex -71.42978310585022 -68.23418152332306 85
    endloop
  endfacet
  facet normal 0.6293203867539962 0.7771459649356746 0
    outer loop
      vertex -72.22526054084301 -67.58720956742764 88.1
      vertex -71.4607589840889 -68.20629071444273 88.1
      vertex -71.4607589840889 -68.20629071444273 85
    endloop
  endfacet
  facet normal 0.8090169735677465 0.5877852809311274 0
    outer loop
      vertex -70.0872096195817 -69.7252604663372 88.1
      vertex -70.06270964443684 -69.7589817866683 88.1
      vertex -70.06270964443684 -69.7589817866683 85
    endloop
  endfacet
  facet normal 0.8386705706109828 0.5446390309104264 0
    outer loop
      vertex -70.06270964443684 -69.7589817866683 88.1
      vertex -69.52693208307028 -70.58400689065456 88.1
      vertex -69.52693208307028 -70.58400689065456 85
    endloop
  endfacet
  facet normal 0.8660253823142725 0.5000000371874168 0
    outer loop
      vertex -69.52693208307028 -70.58400689065456 88.1
      vertex -69.50609109550714 -70.62010453641415 88.1
      vertex -69.50609109550714 -70.62010453641415 85
    endloop
  endfacet
  facet normal 0.7771459631640818 0.629320388941731 0
    outer loop
      vertex -70.0872096195817 -69.7252604663372 88.1
      vertex -70.0872096195817 -69.7252604663372 85
      vertex -70.70629072189331 -68.96075896918774 88.1
    endloop
  endfacet
  facet normal 0.9510565131566553 0.30901700403425203 0
    outer loop
      vertex -87.90704648196697 -63.085221350193024 88.1
      vertex -87.90704648196697 -63.085221350193024 85
      vertex -87.97820635885 -62.86621377617121 88.1
    endloop
  endfacet
  facet normal 0.8910065259684403 0.45399049624595805 0
    outer loop
      vertex -87.55829056352377 -63.868539959192276 88.1
      vertex -87.55829056352377 -63.868539959192276 85
      vertex -87.70085072517395 -63.58874988555908 88.1
    endloop
  endfacet
  facet normal 0.8660254165537549 0.4999999778828949 0
    outer loop
      vertex -87.55829056352377 -63.868539959192276 88.1
      vertex -87.44315146654844 -64.06796673685312 88.1
      vertex -87.44315146654844 -64.06796673685312 85
    endloop
  endfacet
  facet normal 0.8386705716328138 0.5446390293369446 0
    outer loop
      vertex -87.27212624251842 -64.33132249116898 88.1
      vertex -87.27212624251842 -64.33132249116898 85
      vertex -87.44315146654844 -64.06796673685312 88.1
    endloop
  endfacet
  facet normal 0.9135454505486409 0.40673665900909506 0
    outer loop
      vertex -87.70085072517395 -63.58874988555908 88.1
      vertex -87.70085072517395 -63.58874988555908 85
      vertex -87.7945133075118 -63.37838029116392 88.1
    endloop
  endfacet
  facet normal 0.9335804259992488 0.358367950842512 0
    outer loop
      vertex -87.90704648196697 -63.085221350193024 88.1
      vertex -87.7945133075118 -63.37838029116392 88.1
      vertex -87.7945133075118 -63.37838029116392 85
    endloop
  endfacet
  facet normal 0.9659258237320325 0.25881905464550803 0
    outer loop
      vertex -87.97820635885 -62.86621377617121 88.1
      vertex -87.97820635885 -62.86621377617121 85
      vertex -88.0594796165824 -62.562897861003876 88.1
    endloop
  endfacet
  facet normal 0.9781475994074664 0.20791169705769463 0
    outer loop
      vertex -88.0594796165824 -62.562897861003876 88.1
      vertex -88.0594796165824 -62.562897861003876 85
      vertex -88.10735715180635 -62.337651774287224 88.1
    endloop
  endfacet
  facet normal 0.9876883396870251 0.15643447077382908 0
    outer loop
      vertex -88.10735715180635 -62.337651774287224 88.1
      vertex -88.10735715180635 -62.337651774287224 85
      vertex -88.15648003667593 -62.027502097189426 88.1
    endloop
  endfacet
  facet normal 0.9945218961410265 0.10452845591539826 0
    outer loop
      vertex -88.15648003667593 -62.027502097189426 88.1
      vertex -88.15648003667593 -62.027502097189426 85
      vertex -88.18055066466331 -61.79848535358906 88.1
    endloop
  endfacet
  facet normal 0.9986295351212079 0.05233594924714904 0
    outer loop
      vertex -88.18055066466331 -61.79848535358906 88.1
      vertex -88.18055066466331 -61.79848535358906 85
      vertex -88.19698497653008 -61.48489996045828 88.1
    endloop
  endfacet
  facet normal 0.9996573242298319 0.026176976785963785 0
    outer loop
      vertex -88.19698497653008 -61.48489996045828 88.1
      vertex -88.19698497653008 -61.48489996045828 85
      vertex -88.20000000298023 -61.36976087093353 88.1
    endloop
  endfacet
  facet normal 0.7071067811865476 0.7071067811865476 0
    outer loop
      vertex -86.56302673369646 -65.15483026206493 88.1
      vertex -86.56302673369646 -65.15483026206493 85
      vertex -86.7850693911314 -64.93278760463 88.1
    endloop
  endfacet
  facet normal 0.7431448056336751 0.6691306283975405 0
    outer loop
      vertex -86.93915558606386 -64.76165755838156 88.1
      vertex -86.7850693911314 -64.93278760463 88.1
      vertex -86.7850693911314 -64.93278760463 85
    endloop
  endfacet
  facet normal 0.7771459578667896 0.629320395483342 0
    outer loop
      vertex -86.93915558606386 -64.76165755838156 88.1
      vertex -86.93915558606386 -64.76165755838156 85
      vertex -87.13677209615707 -64.51762149482965 88.1
    endloop
  endfacet
  facet normal 0.8090169999983138 0.5877852445525733 0
    outer loop
      vertex -87.27212624251842 -64.33132249116898 88.1
      vertex -87.13677209615707 -64.51762149482965 88.1
      vertex -87.13677209615707 -64.51762149482965 85
    endloop
  endfacet
  facet normal 0.629320395483342 0.7771459578667896 0
    outer loop
      vertex -86.39189668744802 -65.3089164569974 88.1
      vertex -86.14786062389612 -65.5065329670906 88.1
      vertex -86.14786062389612 -65.5065329670906 85
    endloop
  endfacet
  facet normal 0.6691306283975405 0.7431448056336751 0
    outer loop
      vertex -86.56302673369646 -65.15483026206493 88.1
      vertex -86.39189668744802 -65.3089164569974 88.1
      vertex -86.39189668744802 -65.3089164569974 85
    endloop
  endfacet
  facet normal 0.5877852483564419 0.8090169972346416 0
    outer loop
      vertex -85.96156164258718 -65.6418870985508 88.1
      vertex -85.96156164258718 -65.6418870985508 85
      vertex -86.14786062389612 -65.5065329670906 88.1
    endloop
  endfacet
  facet normal 0.5446390341779859 0.838670568489005 0
    outer loop
      vertex -66.79680552333593 -84.79584909975529 88.1
      vertex -66.6036779358983 -84.92126762121916 88.1
      vertex -66.6036779358983 -84.92126762121916 85
    endloop
  endfacet
  facet normal 0.45399048504203626 0.8910065316771233 0
    outer loop
      vertex -66.33173232525587 -85.0782754868269 88.1
      vertex -66.12655296176672 -85.1828195899725 88.1
      vertex -66.12655296176672 -85.1828195899725 85
    endloop
  endfacet
  facet normal 0.4999999859045104 0.8660254119224733 0
    outer loop
      vertex -66.33173232525587 -85.0782754868269 88.1
      vertex -66.33173232525587 -85.0782754868269 85
      vertex -66.6036779358983 -84.92126762121916 88.1
    endloop
  endfacet
  facet normal 0.3090169921374998 0.9510565170221444 0
    outer loop
      vertex -65.62470208853483 -85.39306562393904 88.1
      vertex -65.32605537772179 -85.4901018217206 88.1
      vertex -65.32605537772179 -85.4901018217206 85
    endloop
  endfacet
  facet normal 0.4067366393666262 0.9135454592940315 0
    outer loop
      vertex -66.12655296176672 -85.1828195899725 88.1
      vertex -65.8396853134036 -85.31054129451513 88.1
      vertex -65.8396853134036 -85.31054129451513 85
    endloop
  endfacet
  facet normal 0.358367954317452 0.9335804246653443 0
    outer loop
      vertex -65.8396853134036 -85.31054129451513 88.1
      vertex -65.62470208853483 -85.39306562393904 88.1
      vertex -65.62470208853483 -85.39306562393904 85
    endloop
  endfacet
  facet normal 0.2588190348095959 0.9659258290470492 0
    outer loop
      vertex -65.32605537772179 -85.4901018217206 88.1
      vertex -65.10362371057272 -85.54970220476389 88.1
      vertex -65.10362371057272 -85.54970220476389 85
    endloop
  endfacet
  facet normal 0.20791166994030516 0.9781476051714453 0
    outer loop
      vertex -65.10362371057272 -85.54970220476389 88.1
      vertex -64.7964699268341 -85.61498975008726 88.1
      vertex -64.7964699268341 -85.61498975008726 85
    endloop
  endfacet
  facet normal 0.669130614928542 0.7431448177612162 0
    outer loop
      vertex -67.22980938851833 -84.46635649353266 88.1
      vertex -67.22980938851833 -84.46635649353266 85
      vertex -67.463168554008 -84.25623895227909 88.1
    endloop
  endfacet
  facet normal 0.6293203922477272 0.7771459604869388 0
    outer loop
      vertex -67.22980938851833 -84.46635649353266 88.1
      vertex -67.05084959417582 -84.61127527803183 88.1
      vertex -67.05084959417582 -84.61127527803183 85
    endloop
  endfacet
  facet normal 0.587785252856657 0.8090169939650439 0
    outer loop
      vertex -67.05084959417582 -84.61127527803183 88.1
      vertex -66.79680552333593 -84.79584909975529 88.1
      vertex -66.79680552333593 -84.79584909975529 85
    endloop
  endfacet
  facet normal 0.15643446280779136 0.9876883409487213 0
    outer loop
      vertex -64.7964699268341 -85.61498975008726 88.1
      vertex -64.56902688741684 -85.6510131880641 88.1
      vertex -64.56902688741684 -85.6510131880641 85
    endloop
  endfacet
  facet normal 0.10452847116952207 0.9945218945377534 0
    outer loop
      vertex -64.56902688741684 -85.6510131880641 88.1
      vertex -64.25673136115074 -85.68383677303791 88.1
      vertex -64.25673136115074 -85.68383677303791 85
    endloop
  endfacet
  facet normal 0.06540313577275131 0.9978589228097784 0
    outer loop
      vertex -64.25673136115074 -85.68383677303791 88.1
      vertex -64.08435799181461 -85.69513472169638 88.1
      vertex -64.08435799181461 -85.69513472169638 85
    endloop
  endfacet
  facet normal 0.02617694208405647 0.9996573251385337 0
    outer loop
      vertex -64.08435799181461 -85.69513472169638 88.1
      vertex -63.927350141108036 -85.69924611598253 88.1
      vertex -63.927350141108036 -85.69924611598253 85
    endloop
  endfacet
  facet normal 0.013089632977087236 0.9999143270843383 0
    outer loop
      vertex -63.927350141108036 -85.69924611598253 88.1
      vertex -63.86976087093353 -85.70000000298023 88.1
      vertex -63.86976087093353 -85.70000000298023 85
    endloop
  endfacet
  facet normal 0 0 -1
    outer loop
      vertex -90 -81.5 85
      vertex -90 81.5 85
      vertex -88.20000000298023 -61.36976087093353 85
    endloop
  endfacet
  facet normal 1 0 0
    outer loop
      vertex -88.20000000298023 -61.36976087093353 88.1
      vertex -88.20000000298023 -61.36976087093353 85
      vertex -88.20000000298023 61.36976087093353 88.1
    endloop
  endfacet
  facet normal 0 0 -1
    outer loop
      vertex -87.52671151608229 -86.35410196334124 85
      vertex 63.86976087093353 -85.70000000298023 85
      vertex -87 -86.69615242630243 85
    endloop
  endfacet
  facet normal 0 0 -1
    outer loop
      vertex -87.52671151608229 -86.35410196334124 85
      vertex -88.01478363573551 -85.95886895060539 85
      vertex 63.86976087093353 -85.70000000298023 85
    endloop
  endfacet
  facet normal 0 0 -1
    outer loop
      vertex -86.44041986018419 -86.98127274215221 85
      vertex 87.52671151608229 -86.35410196334124 85
      vertex -85.85410196334124 -87.20633909851313 85
    endloop
  endfacet
  facet normal 0 0 -1
    outer loop
      vertex -87 -86.69615242630243 85
      vertex 88.01478363573551 -85.95886895060539 85
      vertex -86.44041986018419 -86.98127274215221 85
    endloop
  endfacet
  facet normal 0 0 -1
    outer loop
      vertex -88.01478363573551 -85.95886895060539 85
      vertex -63.86976087093353 -85.70000000298023 85
      vertex 63.86976087093353 -85.70000000298023 85
    endloop
  endfacet
  facet normal 0 0 -1
    outer loop
      vertex -85.24747014790773 -87.36888560652733 85
      vertex 86.44041986018419 -86.98127274215221 85
      vertex -84.62717077881098 -87.4671313688159 85
    endloop
  endfacet
  facet normal 0 0 -1
    outer loop
      vertex -85.85410196334124 -87.20633909851313 85
      vertex 87 -86.69615242630243 85
      vertex -85.24747014790773 -87.36888560652733 85
    endloop
  endfacet
  facet normal 0 0 -1
    outer loop
      vertex -84.62717077881098 -87.4671313688159 85
      vertex 85.85410196334124 -87.20633909851313 85
      vertex -84 -87.5 85
    endloop
  endfacet
  facet normal 0 1 0
    outer loop
      vertex -63.86976087093353 -85.70000000298023 88.1
      vertex 63.86976087093353 -85.70000000298023 85
      vertex -63.86976087093353 -85.70000000298023 85
    endloop
  endfacet
  facet normal 0 -1 0
    outer loop
      vertex -84 -87.5 85
      vertex 84 -87.5 85
      vertex -84 -87.5 90
    endloop
  endfacet
  facet normal 0 0 1
    outer loop
      vertex -85.01480577065395 -79.55 87.8
      vertex -85.01480577065395 -71.45 87.8
      vertex -85.39971820690506 -78.79456680891398 87.8
    endloop
  endfacet
  facet normal 0 0 1
    outer loop
      vertex -85.01480577065395 -79.55 87.8
      vertex -84.55303765443708 -80.26106054356903 87.8
      vertex -84.55303765443708 -70.73893945643097 87.8
    endloop
  endfacet
  facet normal 0 0 1
    outer loop
      vertex -79.68408469562385 -83.42299556594382 87.8
      vertex -78.84668055246799 -83.55562735248301 87.8
      vertex -78.88362468597548 -79.65712730311867 87.8
    endloop
  endfacet
  facet normal 0 0 1
    outer loop
      vertex -82.05 -82.51480577065395 87.8
      vertex -81.29456680891398 -82.89971820690506 87.8
      vertex -81.43832222609353 -77.99808732224301 87.8
    endloop
  endfacet
  facet normal 0 0 1
    outer loop
      vertex -82.76106054356903 -82.05303765443708 87.8
      vertex -82.05 -82.51480577065395 87.8
      vertex -82.15712730311867 -76.38362468597548 87.8
    endloop
  endfacet
  facet normal 0 0 1
    outer loop
      vertex -82.05 -82.51480577065395 87.8
      vertex -81.43832222609353 -77.99808732224301 87.8
      vertex -81.68060796608387 -77.625 87.8
    endloop
  endfacet
  facet normal 0 0 1
    outer loop
      vertex -84.01947308636689 -80.91995791150676 87.8
      vertex -84.01947308636689 -70.08004208849324 87.8
      vertex -84.55303765443708 -80.26106054356903 87.8
    endloop
  endfacet
  facet normal 0 0 1
    outer loop
      vertex -83.41995791150676 -81.51947308636689 87.8
      vertex -83.41995791150676 -69.48052691363311 87.8
      vertex -84.01947308636689 -80.91995791150676 87.8
    endloop
  endfacet
  facet normal 0 0 1
    outer loop
      vertex -82.76106054356903 -82.05303765443708 87.8
      vertex -82.76106054356903 -68.94696234556292 87.8
      vertex -83.41995791150676 -81.51947308636689 87.8
    endloop
  endfacet
  facet normal 0 0 1
    outer loop
      vertex -82.76106054356903 -82.05303765443708 87.8
      vertex -82.15712730311867 -76.38362468597548 87.8
      vertex -82.22671805531516 -75.94424596888753 87.8
    endloop
  endfacet
  facet normal 0 0 1
    outer loop
      vertex -82.05 -82.51480577065395 87.8
      vertex -81.88256819498105 -77.22863073307215 87.8
      vertex -82.0419901942544 -76.81332222609353 87.8
    endloop
  endfacet
  facet normal 0 0 1
    outer loop
      vertex -82.05 -82.51480577065395 87.8
      vertex -81.68060796608387 -77.625 87.8
      vertex -81.88256819498105 -77.22863073307215 87.8
    endloop
  endfacet
  facet normal 0 0 1
    outer loop
      vertex -82.05 -82.51480577065395 87.8
      vertex -82.0419901942544 -76.81332222609353 87.8
      vertex -82.15712730311867 -76.38362468597548 87.8
    endloop
  endfacet
  facet normal 0 0 1
    outer loop
      vertex -82.76106054356903 -82.05303765443708 87.8
      vertex -82.22671805531516 -75.94424596888753 87.8
      vertex -82.25 -75.5 87.8
    endloop
  endfacet
  facet normal 0 0 1
    outer loop
      vertex -82.76106054356903 -82.05303765443708 87.8
      vertex -82.25 -75.5 87.8
      vertex -82.22671805531516 -75.05575403111247 87.8
    endloop
  endfacet
  facet normal 0 0 1
    outer loop
      vertex -80.50303765443708 -83.20355778199074 87.8
      vertex -80.84380507702515 -78.65836550827892 87.8
      vertex -81.29456680891398 -82.89971820690506 87.8
    endloop
  endfacet
  facet normal 0 0 1
    outer loop
      vertex -81.29456680891398 -82.89971820690506 87.8
      vertex -81.15836550827892 -78.34380507702515 87.8
      vertex -81.43832222609353 -77.99808732224301 87.8
    endloop
  endfacet
  facet normal 0 0 1
    outer loop
      vertex -81.29456680891398 -82.89971820690506 87.8
      vertex -80.84380507702515 -78.65836550827892 87.8
      vertex -81.15836550827892 -78.34380507702515 87.8
    endloop
  endfacet
  facet normal 0 0 1
    outer loop
      vertex -80.50303765443708 -83.20355778199074 87.8
      vertex -80.49808732224301 -78.93832222609353 87.8
      vertex -80.84380507702515 -78.65836550827892 87.8
    endloop
  endfacet
  facet normal 0 0 1
    outer loop
      vertex -80.50303765443708 -83.20355778199074 87.8
      vertex -80.125 -79.18060796608387 87.8
      vertex -80.49808732224301 -78.93832222609353 87.8
    endloop
  endfacet
  facet normal 0 0 1
    outer loop
      vertex -80.50303765443708 -83.20355778199074 87.8
      vertex -79.68408469562385 -83.42299556594382 87.8
      vertex -79.72863073307215 -79.38256819498105 87.8
    endloop
  endfacet
  facet normal 0 0 1
    outer loop
      vertex -79.68408469562385 -83.42299556594382 87.8
      vertex -79.31332222609353 -79.5419901942544 87.8
      vertex -79.72863073307215 -79.38256819498105 87.8
    endloop
  endfacet
  facet normal 0 0 1
    outer loop
      vertex -79.68408469562385 -83.42299556594382 87.8
      vertex -78.88362468597548 -79.65712730311867 87.8
      vertex -79.31332222609353 -79.5419901942544 87.8
    endloop
  endfacet
  facet normal 0 0 1
    outer loop
      vertex -80.50303765443708 -83.20355778199074 87.8
      vertex -79.72863073307215 -79.38256819498105 87.8
      vertex -80.125 -79.18060796608387 87.8
    endloop
  endfacet
  facet normal 0 0 1
    outer loop
      vertex -85.92299556594382 -77.18408469562385 87.8
      vertex -85.92299556594382 -73.81591530437615 87.8
      vertex -86.05562735248301 -76.34668055246799 87.8
    endloop
  endfacet
  facet normal 0 0 1
    outer loop
      vertex -86.05562735248301 -76.34668055246799 87.8
      vertex -86.05562735248301 -74.65331944753201 87.8
      vertex -86.1 -75.5 87.8
    endloop
  endfacet
  facet normal 0 0 1
    outer loop
      vertex -86.05562735248301 -76.34668055246799 87.8
      vertex -85.92299556594382 -73.81591530437615 87.8
      vertex -86.05562735248301 -74.65331944753201 87.8
    endloop
  endfacet
  facet normal 0 0 1
    outer loop
      vertex -85.92299556594382 -77.18408469562385 87.8
      vertex -85.70355778199074 -72.99696234556292 87.8
      vertex -85.92299556594382 -73.81591530437615 87.8
    endloop
  endfacet
  facet normal 0 0 1
    outer loop
      vertex -85.70355778199074 -78.00303765443708 87.8
      vertex -85.39971820690506 -78.79456680891398 87.8
      vertex -85.39971820690506 -72.20543319108602 87.8
    endloop
  endfacet
  facet normal 0 0 1
    outer loop
      vertex -85.70355778199074 -78.00303765443708 87.8
      vertex -85.70355778199074 -72.99696234556292 87.8
      vertex -85.92299556594382 -77.18408469562385 87.8
    endloop
  endfacet
  facet normal 0 0 1
    outer loop
      vertex -85.70355778199074 -78.00303765443708 87.8
      vertex -85.39971820690506 -72.20543319108602 87.8
      vertex -85.70355778199074 -72.99696234556292 87.8
    endloop
  endfacet
  facet normal 0 0 1
    outer loop
      vertex -85.39971820690506 -78.79456680891398 87.8
      vertex -85.01480577065395 -71.45 87.8
      vertex -85.39971820690506 -72.20543319108602 87.8
    endloop
  endfacet
  facet normal 0 0 1
    outer loop
      vertex -85.01480577065395 -79.55 87.8
      vertex -84.55303765443708 -70.73893945643097 87.8
      vertex -85.01480577065395 -71.45 87.8
    endloop
  endfacet
  facet normal 0 0 1
    outer loop
      vertex -84.55303765443708 -80.26106054356903 87.8
      vertex -84.01947308636689 -70.08004208849324 87.8
      vertex -84.55303765443708 -70.73893945643097 87.8
    endloop
  endfacet
  facet normal 0 0 1
    outer loop
      vertex -82.76106054356903 -82.05303765443708 87.8
      vertex -82.22671805531516 -75.05575403111247 87.8
      vertex -82.05 -68.48519422934605 87.8
    endloop
  endfacet
  facet normal 0 0 1
    outer loop
      vertex -84.01947308636689 -80.91995791150676 87.8
      vertex -83.41995791150676 -69.48052691363311 87.8
      vertex -84.01947308636689 -70.08004208849324 87.8
    endloop
  endfacet
  facet normal 0 0 1
    outer loop
      vertex -83.41995791150676 -81.51947308636689 87.8
      vertex -82.76106054356903 -68.94696234556292 87.8
      vertex -83.41995791150676 -69.48052691363311 87.8
    endloop
  endfacet
  facet normal 0 0 1
    outer loop
      vertex -82.76106054356903 -82.05303765443708 87.8
      vertex -82.05 -68.48519422934605 87.8
      vertex -82.76106054356903 -68.94696234556292 87.8
    endloop
  endfacet
  facet normal 0 0 1
    outer loop
      vertex -82.22671805531516 -75.05575403111247 87.8
      vertex -82.15712730311867 -74.61637531402452 87.8
      vertex -82.05 -68.48519422934605 87.8
    endloop
  endfacet
  facet normal 0 0 1
    outer loop
      vertex -82.15712730311867 -74.61637531402452 87.8
      vertex -82.0419901942544 -74.18667777390647 87.8
      vertex -82.05 -68.48519422934605 87.8
    endloop
  endfacet
  facet normal 0 0 1
    outer loop
      vertex -82.0419901942544 -74.18667777390647 87.8
      vertex -81.88256819498105 -73.77136926692785 87.8
      vertex -82.05 -68.48519422934605 87.8
    endloop
  endfacet
  facet normal 0 0 1
    outer loop
      vertex -81.88256819498105 -73.77136926692785 87.8
      vertex -81.68060796608387 -73.375 87.8
      vertex -82.05 -68.48519422934605 87.8
    endloop
  endfacet
  facet normal 0 0 1
    outer loop
      vertex -81.68060796608387 -73.375 87.8
      vertex -81.43832222609353 -73.00191267775699 87.8
      vertex -82.05 -68.48519422934605 87.8
    endloop
  endfacet
  facet normal 0 0 1
    outer loop
      vertex -81.43832222609353 -73.00191267775699 87.8
      vertex -81.15836550827892 -72.65619492297485 87.8
      vertex -81.29456680891398 -68.10028179309494 87.8
    endloop
  endfacet
  facet normal 0 0 1
    outer loop
      vertex -81.43832222609353 -73.00191267775699 87.8
      vertex -81.29456680891398 -68.10028179309494 87.8
      vertex -82.05 -68.48519422934605 87.8
    endloop
  endfacet
  facet normal 0 0 1
    outer loop
      vertex -81.15836550827892 -72.65619492297485 87.8
      vertex -80.84380507702515 -72.34163449172108 87.8
      vertex -81.29456680891398 -68.10028179309494 87.8
    endloop
  endfacet
  facet normal 0 0 1
    outer loop
      vertex -80.84380507702515 -72.34163449172108 87.8
      vertex -80.49808732224301 -72.06167777390647 87.8
      vertex -81.29456680891398 -68.10028179309494 87.8
    endloop
  endfacet
  facet normal 0 0 1
    outer loop
      vertex -80.49808732224301 -72.06167777390647 87.8
      vertex -80.125 -71.81939203391613 87.8
      vertex -80.50303765443708 -67.79644221800926 87.8
    endloop
  endfacet
  facet normal 0 0 1
    outer loop
      vertex -80.49808732224301 -72.06167777390647 87.8
      vertex -80.50303765443708 -67.79644221800926 87.8
      vertex -81.29456680891398 -68.10028179309494 87.8
    endloop
  endfacet
  facet normal 0 0 1
    outer loop
      vertex -80.125 -71.81939203391613 87.8
      vertex -79.72863073307215 -71.61743180501895 87.8
      vertex -80.50303765443708 -67.79644221800926 87.8
    endloop
  endfacet
  facet normal 0 0 1
    outer loop
      vertex -79.72863073307215 -71.61743180501895 87.8
      vertex -79.31332222609353 -71.4580098057456 87.8
      vertex -79.68408469562385 -67.57700443405618 87.8
    endloop
  endfacet
  facet normal 0 0 1
    outer loop
      vertex -79.31332222609353 -71.4580098057456 87.8
      vertex -78.88362468597548 -71.34287269688133 87.8
      vertex -79.68408469562385 -67.57700443405618 87.8
    endloop
  endfacet
  facet normal 0 0 1
    outer loop
      vertex -79.72863073307215 -71.61743180501895 87.8
      vertex -79.68408469562385 -67.57700443405618 87.8
      vertex -80.50303765443708 -67.79644221800926 87.8
    endloop
  endfacet
  facet normal 0 0 1
    outer loop
      vertex -78.88362468597548 -71.34287269688133 87.8
      vertex -78.84668055246799 -67.44437264751699 87.8
      vertex -79.68408469562385 -67.57700443405618 87.8
    endloop
  endfacet
  facet normal 0 0 1
    outer loop
      vertex -78.84668055246799 -83.55562735248301 87.8
      vertex -78 -83.6 87.8
      vertex -78 -79.75 87.8
    endloop
  endfacet
  facet normal 0 0 1
    outer loop
      vertex -78 -83.6 87.8
      vertex -77.15331944753201 -83.55562735248301 87.8
      vertex -78 -79.75 87.8
    endloop
  endfacet
  facet normal 0 0 1
    outer loop
      vertex -77.15331944753201 -83.55562735248301 87.8
      vertex -76.31591530437615 -83.42299556594382 87.8
      vertex -77.11637531402452 -79.65712730311867 87.8
    endloop
  endfacet
  facet normal 0 0 1
    outer loop
      vertex -78.84668055246799 -83.55562735248301 87.8
      vertex -78 -79.75 87.8
      vertex -78.44424596888753 -79.72671805531516 87.8
    endloop
  endfacet
  facet normal 0 0 1
    outer loop
      vertex -78.84668055246799 -83.55562735248301 87.8
      vertex -78.44424596888753 -79.72671805531516 87.8
      vertex -78.88362468597548 -79.65712730311867 87.8
    endloop
  endfacet
  facet normal 0 0 1
    outer loop
      vertex -78 -79.75 87.8
      vertex -77.15331944753201 -83.55562735248301 87.8
      vertex -77.55575403111247 -79.72671805531516 87.8
    endloop
  endfacet
  facet normal 0 0 1
    outer loop
      vertex -77.55575403111247 -79.72671805531516 87.8
      vertex -77.15331944753201 -83.55562735248301 87.8
      vertex -77.11637531402452 -79.65712730311867 87.8
    endloop
  endfacet
  facet normal 0 0 1
    outer loop
      vertex -76.31591530437615 -83.42299556594382 87.8
      vertex -76.68667777390647 -79.5419901942544 87.8
      vertex -77.11637531402452 -79.65712730311867 87.8
    endloop
  endfacet
  facet normal 0 0 1
    outer loop
      vertex -76.31591530437615 -83.42299556594382 87.8
      vertex -75.49696234556292 -83.20355778199074 87.8
      vertex -76.27136926692785 -79.38256819498105 87.8
    endloop
  endfacet
  facet normal 0 0 1
    outer loop
      vertex -76.31591530437615 -83.42299556594382 87.8
      vertex -76.27136926692785 -79.38256819498105 87.8
      vertex -76.68667777390647 -79.5419901942544 87.8
    endloop
  endfacet
  facet normal 0 0 1
    outer loop
      vertex -75.49696234556292 -83.20355778199074 87.8
      vertex -74.70543319108602 -82.89971820690506 87.8
      vertex -75.50191267775699 -78.93832222609353 87.8
    endloop
  endfacet
  facet normal 0 0 1
    outer loop
      vertex -75.49696234556292 -83.20355778199074 87.8
      vertex -75.875 -79.18060796608387 87.8
      vertex -76.27136926692785 -79.38256819498105 87.8
    endloop
  endfacet
  facet normal 0 0 1
    outer loop
      vertex -75.49696234556292 -83.20355778199074 87.8
      vertex -75.50191267775699 -78.93832222609353 87.8
      vertex -75.875 -79.18060796608387 87.8
    endloop
  endfacet
  facet normal 0 0 1
    outer loop
      vertex -74.70543319108602 -82.89971820690506 87.8
      vertex -75.15619492297485 -78.65836550827892 87.8
      vertex -75.50191267775699 -78.93832222609353 87.8
    endloop
  endfacet
  facet normal 0 0 1
    outer loop
      vertex -74.70543319108602 -82.89971820690506 87.8
      vertex -74.84163449172108 -78.34380507702515 87.8
      vertex -75.15619492297485 -78.65836550827892 87.8
    endloop
  endfacet
  facet normal 0 0 1
    outer loop
      vertex -74.70543319108602 -82.89971820690506 87.8
      vertex -74.56167777390647 -77.99808732224301 87.8
      vertex -74.84163449172108 -78.34380507702515 87.8
    endloop
  endfacet
  facet normal 0 0 1
    outer loop
      vertex -74.70543319108602 -82.89971820690506 87.8
      vertex -73.95 -82.51480577065395 87.8
      vertex -74.56167777390647 -77.99808732224301 87.8
    endloop
  endfacet
  facet normal 0 0 1
    outer loop
      vertex -73.95 -82.51480577065395 87.8
      vertex -74.31939203391613 -77.625 87.8
      vertex -74.56167777390647 -77.99808732224301 87.8
    endloop
  endfacet
  facet normal 0 0 1
    outer loop
      vertex -73.95 -82.51480577065395 87.8
      vertex -74.11743180501895 -77.22863073307215 87.8
      vertex -74.31939203391613 -77.625 87.8
    endloop
  endfacet
  facet normal 0 0 1
    outer loop
      vertex -73.95 -82.51480577065395 87.8
      vertex -73.9580098057456 -76.81332222609353 87.8
      vertex -74.11743180501895 -77.22863073307215 87.8
    endloop
  endfacet
  facet normal 0 0 1
    outer loop
      vertex -73.95 -82.51480577065395 87.8
      vertex -73.84287269688133 -76.38362468597548 87.8
      vertex -73.9580098057456 -76.81332222609353 87.8
    endloop
  endfacet
  facet normal 0 0 1
    outer loop
      vertex -73.95 -82.51480577065395 87.8
      vertex -73.77328194468484 -75.94424596888753 87.8
      vertex -73.84287269688133 -76.38362468597548 87.8
    endloop
  endfacet
  facet normal 0 0 1
    outer loop
      vertex -73.95 -82.51480577065395 87.8
      vertex -73.23893945643097 -82.05303765443708 87.8
      vertex -73.23893945643097 -68.94696234556292 87.8
    endloop
  endfacet
  facet normal 0 0 1
    outer loop
      vertex -73.23893945643097 -82.05303765443708 87.8
      vertex -72.58004208849324 -81.51947308636689 87.8
      vertex -72.58004208849324 -69.48052691363311 87.8
    endloop
  endfacet
  facet normal 0 0 1
    outer loop
      vertex -72.58004208849324 -81.51947308636689 87.8
      vertex -71.98052691363311 -80.91995791150676 87.8
      vertex -71.98052691363311 -70.08004208849324 87.8
    endloop
  endfacet
  facet normal 0 0 1
    outer loop
      vertex -71.98052691363311 -80.91995791150676 87.8
      vertex -71.44696234556292 -80.26106054356903 87.8
      vertex -71.44696234556292 -70.73893945643097 87.8
    endloop
  endfacet
  facet normal 0 0 1
    outer loop
      vertex -71.44696234556292 -80.26106054356903 87.8
      vertex -70.98519422934605 -79.55 87.8
      vertex -70.98519422934605 -71.45 87.8
    endloop
  endfacet
  facet normal 0 0 1
    outer loop
      vertex -70.98519422934605 -79.55 87.8
      vertex -70.60028179309494 -78.79456680891398 87.8
      vertex -70.60028179309494 -72.20543319108602 87.8
    endloop
  endfacet
  facet normal 0 0 1
    outer loop
      vertex -70.60028179309494 -78.79456680891398 87.8
      vertex -70.29644221800926 -78.00303765443708 87.8
      vertex -70.29644221800926 -72.99696234556292 87.8
    endloop
  endfacet
  facet normal 0 0 1
    outer loop
      vertex -73.95 -82.51480577065395 87.8
      vertex -73.23893945643097 -68.94696234556292 87.8
      vertex -73.77328194468484 -75.94424596888753 87.8
    endloop
  endfacet
  facet normal 0 0 1
    outer loop
      vertex -74.56167777390647 -73.00191267775699 87.8
      vertex -74.70543319108602 -68.10028179309494 87.8
      vertex -74.84163449172108 -72.65619492297485 87.8
    endloop
  endfacet
  facet normal 0 0 1
    outer loop
      vertex -73.77328194468484 -75.94424596888753 87.8
      vertex -73.23893945643097 -68.94696234556292 87.8
      vertex -73.75 -75.5 87.8
    endloop
  endfacet
  facet normal 0 0 1
    outer loop
      vertex -73.75 -75.5 87.8
      vertex -73.23893945643097 -68.94696234556292 87.8
      vertex -73.77328194468484 -75.05575403111247 87.8
    endloop
  endfacet
  facet normal 0 0 1
    outer loop
      vertex -73.77328194468484 -75.05575403111247 87.8
      vertex -73.23893945643097 -68.94696234556292 87.8
      vertex -73.84287269688133 -74.61637531402452 87.8
    endloop
  endfacet
  facet normal 0 0 1
    outer loop
      vertex -74.11743180501895 -73.77136926692785 87.8
      vertex -73.9580098057456 -74.18667777390647 87.8
      vertex -73.95 -68.48519422934605 87.8
    endloop
  endfacet
  facet normal 0 0 1
    outer loop
      vertex -73.84287269688133 -74.61637531402452 87.8
      vertex -73.95 -68.48519422934605 87.8
      vertex -73.9580098057456 -74.18667777390647 87.8
    endloop
  endfacet
  facet normal 0 0 1
    outer loop
      vertex -74.11743180501895 -73.77136926692785 87.8
      vertex -73.95 -68.48519422934605 87.8
      vertex -74.31939203391613 -73.375 87.8
    endloop
  endfacet
  facet normal 0 0 1
    outer loop
      vertex -74.56167777390647 -73.00191267775699 87.8
      vertex -74.31939203391613 -73.375 87.8
      vertex -73.95 -68.48519422934605 87.8
    endloop
  endfacet
  facet normal 0 0 1
    outer loop
      vertex -78.88362468597548 -71.34287269688133 87.8
      vertex -78.44424596888753 -71.27328194468484 87.8
      vertex -78.84668055246799 -67.44437264751699 87.8
    endloop
  endfacet
  facet normal 0 0 1
    outer loop
      vertex -78.44424596888753 -71.27328194468484 87.8
      vertex -78 -71.25 87.8
      vertex -78.84668055246799 -67.44437264751699 87.8
    endloop
  endfacet
  facet normal 0 0 1
    outer loop
      vertex -78 -71.25 87.8
      vertex -77.55575403111247 -71.27328194468484 87.8
      vertex -77.15331944753201 -67.44437264751699 87.8
    endloop
  endfacet
  facet normal 0 0 1
    outer loop
      vertex -78 -71.25 87.8
      vertex -78 -67.4 87.8
      vertex -78.84668055246799 -67.44437264751699 87.8
    endloop
  endfacet
  facet normal 0 0 1
    outer loop
      vertex -78 -71.25 87.8
      vertex -77.15331944753201 -67.44437264751699 87.8
      vertex -78 -67.4 87.8
    endloop
  endfacet
  facet normal 0 0 1
    outer loop
      vertex -77.55575403111247 -71.27328194468484 87.8
      vertex -77.11637531402452 -71.34287269688133 87.8
      vertex -77.15331944753201 -67.44437264751699 87.8
    endloop
  endfacet
  facet normal 0 0 1
    outer loop
      vertex -77.11637531402452 -71.34287269688133 87.8
      vertex -76.68667777390647 -71.4580098057456 87.8
      vertex -76.31591530437615 -67.57700443405618 87.8
    endloop
  endfacet
  facet normal 0 0 1
    outer loop
      vertex -76.68667777390647 -71.4580098057456 87.8
      vertex -76.27136926692785 -71.61743180501895 87.8
      vertex -76.31591530437615 -67.57700443405618 87.8
    endloop
  endfacet
  facet normal 0 0 1
    outer loop
      vertex -77.11637531402452 -71.34287269688133 87.8
      vertex -76.31591530437615 -67.57700443405618 87.8
      vertex -77.15331944753201 -67.44437264751699 87.8
    endloop
  endfacet
  facet normal 0 0 1
    outer loop
      vertex -76.27136926692785 -71.61743180501895 87.8
      vertex -75.49696234556292 -67.79644221800926 87.8
      vertex -76.31591530437615 -67.57700443405618 87.8
    endloop
  endfacet
  facet normal 0 0 1
    outer loop
      vertex -75.875 -71.81939203391613 87.8
      vertex -75.49696234556292 -67.79644221800926 87.8
      vertex -76.27136926692785 -71.61743180501895 87.8
    endloop
  endfacet
  facet normal 0 0 1
    outer loop
      vertex -75.875 -71.81939203391613 87.8
      vertex -75.50191267775699 -72.06167777390647 87.8
      vertex -75.49696234556292 -67.79644221800926 87.8
    endloop
  endfacet
  facet normal 0 0 1
    outer loop
      vertex -75.15619492297485 -72.34163449172108 87.8
      vertex -75.49696234556292 -67.79644221800926 87.8
      vertex -75.50191267775699 -72.06167777390647 87.8
    endloop
  endfacet
  facet normal 0 0 1
    outer loop
      vertex -75.15619492297485 -72.34163449172108 87.8
      vertex -74.84163449172108 -72.65619492297485 87.8
      vertex -74.70543319108602 -68.10028179309494 87.8
    endloop
  endfacet
  facet normal 0 0 1
    outer loop
      vertex -75.15619492297485 -72.34163449172108 87.8
      vertex -74.70543319108602 -68.10028179309494 87.8
      vertex -75.49696234556292 -67.79644221800926 87.8
    endloop
  endfacet
  facet normal 0 0 1
    outer loop
      vertex -74.56167777390647 -73.00191267775699 87.8
      vertex -73.95 -68.48519422934605 87.8
      vertex -74.70543319108602 -68.10028179309494 87.8
    endloop
  endfacet
  facet normal 0 0 1
    outer loop
      vertex -73.84287269688133 -74.61637531402452 87.8
      vertex -73.23893945643097 -68.94696234556292 87.8
      vertex -73.95 -68.48519422934605 87.8
    endloop
  endfacet
  facet normal 0 0 1
    outer loop
      vertex -71.98052691363311 -80.91995791150676 87.8
      vertex -71.44696234556292 -70.73893945643097 87.8
      vertex -71.98052691363311 -70.08004208849324 87.8
    endloop
  endfacet
  facet normal 0 0 1
    outer loop
      vertex -71.44696234556292 -80.26106054356903 87.8
      vertex -70.98519422934605 -71.45 87.8
      vertex -71.44696234556292 -70.73893945643097 87.8
    endloop
  endfacet
  facet normal 0 0 1
    outer loop
      vertex -70.60028179309494 -78.79456680891398 87.8
      vertex -70.29644221800926 -72.99696234556292 87.8
      vertex -70.60028179309494 -72.20543319108602 87.8
    endloop
  endfacet
  facet normal 0 0 1
    outer loop
      vertex -70.98519422934605 -79.55 87.8
      vertex -70.60028179309494 -72.20543319108602 87.8
      vertex -70.98519422934605 -71.45 87.8
    endloop
  endfacet
  facet normal 0 0 1
    outer loop
      vertex -73.23893945643097 -82.05303765443708 87.8
      vertex -72.58004208849324 -69.48052691363311 87.8
      vertex -73.23893945643097 -68.94696234556292 87.8
    endloop
  endfacet
  facet normal 0 0 1
    outer loop
      vertex -72.58004208849324 -81.51947308636689 87.8
      vertex -71.98052691363311 -70.08004208849324 87.8
      vertex -72.58004208849324 -69.48052691363311 87.8
    endloop
  endfacet
  facet normal 0 0 1
    outer loop
      vertex -70.29644221800926 -78.00303765443708 87.8
      vertex -70.07700443405618 -77.18408469562385 87.8
      vertex -70.07700443405618 -73.81591530437615 87.8
    endloop
  endfacet
  facet normal 0 0 1
    outer loop
      vertex -70.07700443405618 -77.18408469562385 87.8
      vertex -69.94437264751699 -76.34668055246799 87.8
      vertex -69.94437264751699 -74.65331944753201 87.8
    endloop
  endfacet
  facet normal 0 0 1
    outer loop
      vertex -70.07700443405618 -77.18408469562385 87.8
      vertex -69.94437264751699 -74.65331944753201 87.8
      vertex -70.07700443405618 -73.81591530437615 87.8
    endloop
  endfacet
  facet normal 0 0 1
    outer loop
      vertex -69.94437264751699 -76.34668055246799 87.8
      vertex -69.9 -75.5 87.8
      vertex -69.94437264751699 -74.65331944753201 87.8
    endloop
  endfacet
  facet normal 0 0 1
    outer loop
      vertex -70.29644221800926 -78.00303765443708 87.8
      vertex -70.07700443405618 -73.81591530437615 87.8
      vertex -70.29644221800926 -72.99696234556292 87.8
    endloop
  endfacet
  facet normal -0.8386705643141267 -0.5446390406067345 0
    outer loop
      vertex -88.85410196334124 -85.02671151608229 85
      vertex -88.85410196334124 -85.02671151608229 90
      vertex -89.19615242630243 -84.5 90
    endloop
  endfacet
  facet normal -0.6293203941204519 -0.7771459589704363 0
    outer loop
      vertex -87.52671151608229 -86.35410196334124 85
      vertex -87.52671151608229 -86.35410196334124 90
      vertex -88.01478363573551 -85.95886895060539 90
    endloop
  endfacet
  facet normal -0.7071067811865476 -0.7071067811865476 0
    outer loop
      vertex -88.01478363573551 -85.95886895060539 85
      vertex -88.01478363573551 -85.95886895060539 90
      vertex -88.45886895060539 -85.51478363573551 90
    endloop
  endfacet
  facet normal -0.7771459589704363 -0.6293203941204519 0
    outer loop
      vertex -88.45886895060539 -85.51478363573551 85
      vertex -88.45886895060539 -85.51478363573551 90
      vertex -88.85410196334124 -85.02671151608229 90
    endloop
  endfacet
  facet normal -0.9335804250773435 -0.3583679532441575 0
    outer loop
      vertex -89.48127274215221 -83.94041986018419 85
      vertex -89.48127274215221 -83.94041986018419 90
      vertex -89.70633909851313 -83.35410196334124 90
    endloop
  endfacet
  facet normal -0.8910065283221495 -0.4539904916265432 0
    outer loop
      vertex -89.19615242630243 -84.5 85
      vertex -89.19615242630243 -84.5 90
      vertex -89.48127274215221 -83.94041986018419 90
    endloop
  endfacet
  facet normal -0.9659258251084867 -0.25881904950851087 0
    outer loop
      vertex -89.70633909851313 -83.35410196334124 85
      vertex -89.70633909851313 -83.35410196334124 90
      vertex -89.86888560652733 -82.74747014790773 90
    endloop
  endfacet
  facet normal -0.9876883421006546 -0.15643445553477123 0
    outer loop
      vertex -89.86888560652733 -82.74747014790773 85
      vertex -89.86888560652733 -82.74747014790773 90
      vertex -89.9671313688159 -82.12717077881098 90
    endloop
  endfacet
  facet normal -0.4539904916265432 -0.8910065283221495 0
    outer loop
      vertex -86.44041986018419 -86.98127274215221 85
      vertex -86.44041986018419 -86.98127274215221 90
      vertex -87 -86.69615242630243 90
    endloop
  endfacet
  facet normal -0.5446390406067345 -0.8386705643141267 0
    outer loop
      vertex -87 -86.69615242630243 85
      vertex -87 -86.69615242630243 90
      vertex -87.52671151608229 -86.35410196334124 90
    endloop
  endfacet
  facet normal -0.3583679532441575 -0.9335804250773435 0
    outer loop
      vertex -85.85410196334124 -87.20633909851313 85
      vertex -85.85410196334124 -87.20633909851313 90
      vertex -86.44041986018419 -86.98127274215221 90
    endloop
  endfacet
  facet normal -0.25881904950851087 -0.9659258251084867 0
    outer loop
      vertex -85.24747014790773 -87.36888560652733 85
      vertex -85.24747014790773 -87.36888560652733 90
      vertex -85.85410196334124 -87.20633909851313 90
    endloop
  endfacet
  facet normal -0.15643445553477123 -0.9876883421006546 0
    outer loop
      vertex -84.62717077881098 -87.4671313688159 85
      vertex -84.62717077881098 -87.4671313688159 90
      vertex -85.24747014790773 -87.36888560652733 90
    endloop
  endfacet
  facet normal -0.9986295344686827 -0.052335961698072614 0
    outer loop
      vertex -89.9671313688159 -82.12717077881098 85
      vertex -89.9671313688159 -82.12717077881098 90
      vertex -90 -81.5 90
    endloop
  endfacet
  facet normal -0.052335961698072614 -0.9986295344686827 0
    outer loop
      vertex -84 -87.5 85
      vertex -84 -87.5 90
      vertex -84.62717077881098 -87.4671313688159 90
    endloop
  endfacet
  facet normal 0.7771459614569688 0.62932039104984 0
    outer loop
      vertex -84.01947308636689 -80.91995791150676 87.8
      vertex -84.55303765443708 -80.26106054356903 87.8
      vertex -84.55303765443708 -80.26106054356903 90
    endloop
  endfacet
  facet normal 0.8386705679454272 0.5446390350150223 0
    outer loop
      vertex -85.01480577065395 -79.55 87.8
      vertex -85.01480577065395 -79.55 90
      vertex -84.55303765443708 -80.26106054356903 87.8
    endloop
  endfacet
  facet normal 0.9659258262890682 0.258819045102521 0
    outer loop
      vertex -85.70355778199074 -78.00303765443708 87.8
      vertex -85.92299556594382 -77.18408469562385 87.8
      vertex -85.92299556594382 -77.18408469562385 90
    endloop
  endfacet
  facet normal 0.9876883405951371 0.1564344650402346 0
    outer loop
      vertex -85.92299556594382 -77.18408469562385 87.8
      vertex -86.05562735248301 -76.34668055246799 87.8
      vertex -86.05562735248301 -76.34668055246799 90
    endloop
  endfacet
  facet normal 0.891006524188367 0.45399049973954864 0
    outer loop
      vertex -85.01480577065395 -79.55 87.8
      vertex -85.39971820690506 -78.79456680891398 87.8
      vertex -85.39971820690506 -78.79456680891398 90
    endloop
  endfacet
  facet normal 0.9335804264972021 0.3583679495452997 0
    outer loop
      vertex -85.70355778199074 -78.00303765443708 87.8
      vertex -85.70355778199074 -78.00303765443708 90
      vertex -85.39971820690506 -78.79456680891398 87.8
    endloop
  endfacet
  facet normal 0.5446390350150223 0.8386705679454272 0
    outer loop
      vertex -82.76106054356903 -82.05303765443708 87.8
      vertex -82.76106054356903 -82.05303765443708 90
      vertex -82.05 -82.51480577065395 87.8
    endloop
  endfacet
  facet normal 0.45399049973954864 0.891006524188367 0
    outer loop
      vertex -82.05 -82.51480577065395 87.8
      vertex -82.05 -82.51480577065395 90
      vertex -81.29456680891398 -82.89971820690506 87.8
    endloop
  endfacet
  facet normal 0.3583679495452997 0.9335804264972021 0
    outer loop
      vertex -80.50303765443708 -83.20355778199074 87.8
      vertex -81.29456680891398 -82.89971820690506 87.8
      vertex -81.29456680891398 -82.89971820690506 90
    endloop
  endfacet
  facet normal 0.258819045102521 0.9659258262890682 0
    outer loop
      vertex -80.50303765443708 -83.20355778199074 87.8
      vertex -80.50303765443708 -83.20355778199074 90
      vertex -79.68408469562385 -83.42299556594382 87.8
    endloop
  endfacet
  facet normal 0.1564344650402346 0.9876883405951371 0
    outer loop
      vertex -79.68408469562385 -83.42299556594382 87.8
      vertex -79.68408469562385 -83.42299556594382 90
      vertex -78.84668055246799 -83.55562735248301 87.8
    endloop
  endfacet
  facet normal 0.7071067811865476 0.7071067811865476 0
    outer loop
      vertex -83.41995791150676 -81.51947308636689 87.8
      vertex -84.01947308636689 -80.91995791150676 87.8
      vertex -84.01947308636689 -80.91995791150676 90
    endloop
  endfacet
  facet normal 0.62932039104984 0.7771459614569688 0
    outer loop
      vertex -82.76106054356903 -82.05303765443708 87.8
      vertex -83.41995791150676 -81.51947308636689 87.8
      vertex -83.41995791150676 -81.51947308636689 90
    endloop
  endfacet
  facet normal 0.9986295347545743 0.0523359562429368 0
    outer loop
      vertex -86.05562735248301 -76.34668055246799 87.8
      vertex -86.1 -75.5 87.8
      vertex -86.1 -75.5 90
    endloop
  endfacet
  facet normal 0.9986295347545743 -0.0523359562429368 0
    outer loop
      vertex -86.1 -75.5 87.8
      vertex -86.05562735248301 -74.65331944753201 87.8
      vertex -86.05562735248301 -74.65331944753201 90
    endloop
  endfacet
  facet normal 0.9876883405951371 -0.1564344650402346 0
    outer loop
      vertex -86.05562735248301 -74.65331944753201 87.8
      vertex -85.92299556594382 -73.81591530437615 87.8
      vertex -85.92299556594382 -73.81591530437615 90
    endloop
  endfacet
  facet normal 0.9659258262890682 -0.258819045102521 0
    outer loop
      vertex -85.92299556594382 -73.81591530437615 87.8
      vertex -85.70355778199074 -72.99696234556292 87.8
      vertex -85.70355778199074 -72.99696234556292 90
    endloop
  endfacet
  facet normal 0.9335804264972021 -0.3583679495452997 0
    outer loop
      vertex -85.70355778199074 -72.99696234556292 87.8
      vertex -85.39971820690506 -72.20543319108602 87.8
      vertex -85.39971820690506 -72.20543319108602 90
    endloop
  endfacet
  facet normal 0.891006524188367 -0.45399049973954864 0
    outer loop
      vertex -85.39971820690506 -72.20543319108602 87.8
      vertex -85.01480577065395 -71.45 87.8
      vertex -85.01480577065395 -71.45 90
    endloop
  endfacet
  facet normal 0.8386705679454272 -0.5446390350150223 0
    outer loop
      vertex -85.01480577065395 -71.45 87.8
      vertex -84.55303765443708 -70.73893945643097 87.8
      vertex -84.55303765443708 -70.73893945643097 90
    endloop
  endfacet
  facet normal 0.7771459614569688 -0.62932039104984 0
    outer loop
      vertex -84.55303765443708 -70.73893945643097 87.8
      vertex -84.01947308636689 -70.08004208849324 87.8
      vertex -84.01947308636689 -70.08004208849324 90
    endloop
  endfacet
  facet normal 0.7071067811865476 -0.7071067811865476 0
    outer loop
      vertex -84.01947308636689 -70.08004208849324 87.8
      vertex -83.41995791150676 -69.48052691363311 87.8
      vertex -83.41995791150676 -69.48052691363311 90
    endloop
  endfacet
  facet normal 0.62932039104984 -0.7771459614569688 0
    outer loop
      vertex -83.41995791150676 -69.48052691363311 87.8
      vertex -82.76106054356903 -68.94696234556292 87.8
      vertex -82.76106054356903 -68.94696234556292 90
    endloop
  endfacet
  facet normal 0.5446390350150223 -0.8386705679454272 0
    outer loop
      vertex -82.76106054356903 -68.94696234556292 87.8
      vertex -82.05 -68.48519422934605 87.8
      vertex -82.05 -68.48519422934605 90
    endloop
  endfacet
  facet normal 0.45399049973954864 -0.891006524188367 0
    outer loop
      vertex -82.05 -68.48519422934605 87.8
      vertex -81.29456680891398 -68.10028179309494 87.8
      vertex -81.29456680891398 -68.10028179309494 90
    endloop
  endfacet
  facet normal 0.3583679495452997 -0.9335804264972021 0
    outer loop
      vertex -81.29456680891398 -68.10028179309494 87.8
      vertex -80.50303765443708 -67.79644221800926 87.8
      vertex -80.50303765443708 -67.79644221800926 90
    endloop
  endfacet
  facet normal 0.258819045102521 -0.9659258262890682 0
    outer loop
      vertex -80.50303765443708 -67.79644221800926 87.8
      vertex -79.68408469562385 -67.57700443405618 87.8
      vertex -79.68408469562385 -67.57700443405618 90
    endloop
  endfacet
  facet normal 0.1564344650402346 -0.9876883405951371 0
    outer loop
      vertex -79.68408469562385 -67.57700443405618 87.8
      vertex -78.84668055246799 -67.44437264751699 87.8
      vertex -78.84668055246799 -67.44437264751699 90
    endloop
  endfacet
  facet normal 0.0523359562429368 0.9986295347545743 0
    outer loop
      vertex -78.84668055246799 -83.55562735248301 87.8
      vertex -78.84668055246799 -83.55562735248301 90
      vertex -78 -83.6 87.8
    endloop
  endfacet
  facet normal -0.0523359562429368 0.9986295347545743 0
    outer loop
      vertex -78 -83.6 87.8
      vertex -78 -83.6 90
      vertex -77.15331944753201 -83.55562735248301 87.8
    endloop
  endfacet
  facet normal -0.1564344650402346 0.9876883405951371 0
    outer loop
      vertex -77.15331944753201 -83.55562735248301 87.8
      vertex -77.15331944753201 -83.55562735248301 90
      vertex -76.31591530437615 -83.42299556594382 87.8
    endloop
  endfacet
  facet normal -0.258819045102521 0.9659258262890682 0
    outer loop
      vertex -76.31591530437615 -83.42299556594382 87.8
      vertex -76.31591530437615 -83.42299556594382 90
      vertex -75.49696234556292 -83.20355778199074 87.8
    endloop
  endfacet
  facet normal -0.3583679495452997 0.9335804264972021 0
    outer loop
      vertex -75.49696234556292 -83.20355778199074 87.8
      vertex -75.49696234556292 -83.20355778199074 90
      vertex -74.70543319108602 -82.89971820690506 87.8
    endloop
  endfacet
  facet normal -0.45399049973954864 0.891006524188367 0
    outer loop
      vertex -74.70543319108602 -82.89971820690506 87.8
      vertex -74.70543319108602 -82.89971820690506 90
      vertex -73.95 -82.51480577065395 87.8
    endloop
  endfacet
  facet normal -0.5446390350150223 0.8386705679454272 0
    outer loop
      vertex -73.95 -82.51480577065395 87.8
      vertex -73.95 -82.51480577065395 90
      vertex -73.23893945643097 -82.05303765443708 87.8
    endloop
  endfacet
  facet normal -0.62932039104984 0.7771459614569688 0
    outer loop
      vertex -73.23893945643097 -82.05303765443708 87.8
      vertex -73.23893945643097 -82.05303765443708 90
      vertex -72.58004208849324 -81.51947308636689 87.8
    endloop
  endfacet
  facet normal -0.7071067811865476 0.7071067811865476 0
    outer loop
      vertex -72.58004208849324 -81.51947308636689 87.8
      vertex -72.58004208849324 -81.51947308636689 90
      vertex -71.98052691363311 -80.91995791150676 87.8
    endloop
  endfacet
  facet normal -0.7771459614569688 0.62932039104984 0
    outer loop
      vertex -71.98052691363311 -80.91995791150676 87.8
      vertex -71.98052691363311 -80.91995791150676 90
      vertex -71.44696234556292 -80.26106054356903 87.8
    endloop
  endfacet
  facet normal -0.8386705679454272 0.5446390350150223 0
    outer loop
      vertex -71.44696234556292 -80.26106054356903 87.8
      vertex -71.44696234556292 -80.26106054356903 90
      vertex -70.98519422934605 -79.55 87.8
    endloop
  endfacet
  facet normal -0.891006524188367 0.45399049973954864 0
    outer loop
      vertex -70.98519422934605 -79.55 87.8
      vertex -70.98519422934605 -79.55 90
      vertex -70.60028179309494 -78.79456680891398 87.8
    endloop
  endfacet
  facet normal -0.9335804264972021 0.3583679495452997 0
    outer loop
      vertex -70.60028179309494 -78.79456680891398 87.8
      vertex -70.60028179309494 -78.79456680891398 90
      vertex -70.29644221800926 -78.00303765443708 87.8
    endloop
  endfacet
  facet normal -0.9659258262890682 0.258819045102521 0
    outer loop
      vertex -70.29644221800926 -78.00303765443708 87.8
      vertex -70.29644221800926 -78.00303765443708 90
      vertex -70.07700443405618 -77.18408469562385 87.8
    endloop
  endfacet
  facet normal -0.9876883405951371 0.1564344650402346 0
    outer loop
      vertex -70.07700443405618 -77.18408469562385 87.8
      vertex -70.07700443405618 -77.18408469562385 90
      vertex -69.94437264751699 -76.34668055246799 87.8
    endloop
  endfacet
  facet normal 0.0523359562429368 -0.9986295347545743 0
    outer loop
      vertex -78.84668055246799 -67.44437264751699 87.8
      vertex -78 -67.4 87.8
      vertex -78 -67.4 90
    endloop
  endfacet
  facet normal -0.0523359562429368 -0.9986295347545743 0
    outer loop
      vertex -78 -67.4 87.8
      vertex -77.15331944753201 -67.44437264751699 87.8
      vertex -77.15331944753201 -67.44437264751699 90
    endloop
  endfacet
  facet normal -0.1564344650402346 -0.9876883405951371 0
    outer loop
      vertex -77.15331944753201 -67.44437264751699 87.8
      vertex -76.31591530437615 -67.57700443405618 87.8
      vertex -76.31591530437615 -67.57700443405618 90
    endloop
  endfacet
  facet normal -0.5446390350150223 -0.8386705679454272 0
    outer loop
      vertex -73.95 -68.48519422934605 87.8
      vertex -73.23893945643097 -68.94696234556292 87.8
      vertex -73.23893945643097 -68.94696234556292 90
    endloop
  endfacet
  facet normal -0.258819045102521 -0.9659258262890682 0
    outer loop
      vertex -76.31591530437615 -67.57700443405618 87.8
      vertex -75.49696234556292 -67.79644221800926 87.8
      vertex -75.49696234556292 -67.79644221800926 90
    endloop
  endfacet
  facet normal -0.3583679495452997 -0.9335804264972021 0
    outer loop
      vertex -75.49696234556292 -67.79644221800926 87.8
      vertex -74.70543319108602 -68.10028179309494 87.8
      vertex -74.70543319108602 -68.10028179309494 90
    endloop
  endfacet
  facet normal -0.45399049973954864 -0.891006524188367 0
    outer loop
      vertex -74.70543319108602 -68.10028179309494 87.8
      vertex -73.95 -68.48519422934605 87.8
      vertex -73.95 -68.48519422934605 90
    endloop
  endfacet
  facet normal -0.9335804264972021 -0.3583679495452997 0
    outer loop
      vertex -70.29644221800926 -72.99696234556292 87.8
      vertex -70.29644221800926 -72.99696234556292 90
      vertex -70.60028179309494 -72.20543319108602 87.8
    endloop
  endfacet
  facet normal -0.8386705679454272 -0.5446390350150223 0
    outer loop
      vertex -70.98519422934605 -71.45 87.8
      vertex -70.98519422934605 -71.45 90
      vertex -71.44696234556292 -70.73893945643097 87.8
    endloop
  endfacet
  facet normal -0.891006524188367 -0.45399049973954864 0
    outer loop
      vertex -70.98519422934605 -71.45 87.8
      vertex -70.60028179309494 -72.20543319108602 87.8
      vertex -70.60028179309494 -72.20543319108602 90
    endloop
  endfacet
  facet normal -0.9986295347545743 0.0523359562429368 0
    outer loop
      vertex -69.94437264751699 -76.34668055246799 87.8
      vertex -69.94437264751699 -76.34668055246799 90
      vertex -69.9 -75.5 87.8
    endloop
  endfacet
  facet normal -0.9986295347545743 -0.0523359562429368 0
    outer loop
      vertex -69.9 -75.5 87.8
      vertex -69.9 -75.5 90
      vertex -69.94437264751699 -74.65331944753201 87.8
    endloop
  endfacet
  facet normal -0.9876883405951371 -0.1564344650402346 0
    outer loop
      vertex -69.94437264751699 -74.65331944753201 87.8
      vertex -69.94437264751699 -74.65331944753201 90
      vertex -70.07700443405618 -73.81591530437615 87.8
    endloop
  endfacet
  facet normal -0.9659258262890682 -0.258819045102521 0
    outer loop
      vertex -70.29644221800926 -72.99696234556292 87.8
      vertex -70.07700443405618 -73.81591530437615 87.8
      vertex -70.07700443405618 -73.81591530437615 90
    endloop
  endfacet
  facet normal -0.7071067811865476 -0.7071067811865476 0
    outer loop
      vertex -71.98052691363311 -70.08004208849324 87.8
      vertex -71.98052691363311 -70.08004208849324 90
      vertex -72.58004208849324 -69.48052691363311 87.8
    endloop
  endfacet
  facet normal -0.62932039104984 -0.7771459614569688 0
    outer loop
      vertex -73.23893945643097 -68.94696234556292 87.8
      vertex -72.58004208849324 -69.48052691363311 87.8
      vertex -72.58004208849324 -69.48052691363311 90
    endloop
  endfacet
  facet normal -0.7771459614569688 -0.62932039104984 0
    outer loop
      vertex -71.98052691363311 -70.08004208849324 87.8
      vertex -71.44696234556292 -70.73893945643097 87.8
      vertex -71.44696234556292 -70.73893945643097 90
    endloop
  endfacet
  facet normal 0.891006524188367 0.45399049973954864 0
    outer loop
      vertex -85.01480577065395 -79.55 87.8
      vertex -85.39971820690506 -78.79456680891398 90
      vertex -85.01480577065395 -79.55 90
    endloop
  endfacet
  facet normal 0.8386705679454272 0.5446390350150223 0
    outer loop
      vertex -84.55303765443708 -80.26106054356903 87.8
      vertex -85.01480577065395 -79.55 90
      vertex -84.55303765443708 -80.26106054356903 90
    endloop
  endfacet
  facet normal 0.9876883405951371 0.1564344650402346 0
    outer loop
      vertex -85.92299556594382 -77.18408469562385 87.8
      vertex -86.05562735248301 -76.34668055246799 90
      vertex -85.92299556594382 -77.18408469562385 90
    endloop
  endfacet
  facet normal 0.9335804264972021 0.3583679495452997 0
    outer loop
      vertex -85.39971820690506 -78.79456680891398 87.8
      vertex -85.70355778199074 -78.00303765443708 90
      vertex -85.39971820690506 -78.79456680891398 90
    endloop
  endfacet
  facet normal 0.9659258262890682 0.258819045102521 0
    outer loop
      vertex -85.70355778199074 -78.00303765443708 87.8
      vertex -85.92299556594382 -77.18408469562385 90
      vertex -85.70355778199074 -78.00303765443708 90
    endloop
  endfacet
  facet normal 0.5446390350150223 0.8386705679454272 0
    outer loop
      vertex -82.05 -82.51480577065395 87.8
      vertex -82.76106054356903 -82.05303765443708 90
      vertex -82.05 -82.51480577065395 90
    endloop
  endfacet
  facet normal 0.45399049973954864 0.891006524188367 0
    outer loop
      vertex -81.29456680891398 -82.89971820690506 87.8
      vertex -82.05 -82.51480577065395 90
      vertex -81.29456680891398 -82.89971820690506 90
    endloop
  endfacet
  facet normal 0.3583679495452997 0.9335804264972021 0
    outer loop
      vertex -80.50303765443708 -83.20355778199074 87.8
      vertex -81.29456680891398 -82.89971820690506 90
      vertex -80.50303765443708 -83.20355778199074 90
    endloop
  endfacet
  facet normal 0.1564344650402346 0.9876883405951371 0
    outer loop
      vertex -78.84668055246799 -83.55562735248301 87.8
      vertex -79.68408469562385 -83.42299556594382 90
      vertex -78.84668055246799 -83.55562735248301 90
    endloop
  endfacet
  facet normal 0.258819045102521 0.9659258262890682 0
    outer loop
      vertex -79.68408469562385 -83.42299556594382 87.8
      vertex -80.50303765443708 -83.20355778199074 90
      vertex -79.68408469562385 -83.42299556594382 90
    endloop
  endfacet
  facet normal 0.7771459614569688 0.62932039104984 0
    outer loop
      vertex -84.01947308636689 -80.91995791150676 87.8
      vertex -84.55303765443708 -80.26106054356903 90
      vertex -84.01947308636689 -80.91995791150676 90
    endloop
  endfacet
  facet normal 0.62932039104984 0.7771459614569688 0
    outer loop
      vertex -82.76106054356903 -82.05303765443708 87.8
      vertex -83.41995791150676 -81.51947308636689 90
      vertex -82.76106054356903 -82.05303765443708 90
    endloop
  endfacet
  facet normal 0.7071067811865476 0.7071067811865476 0
    outer loop
      vertex -83.41995791150676 -81.51947308636689 87.8
      vertex -84.01947308636689 -80.91995791150676 90
      vertex -83.41995791150676 -81.51947308636689 90
    endloop
  endfacet
  facet normal 0.9986295347545743 0.0523359562429368 0
    outer loop
      vertex -86.05562735248301 -76.34668055246799 87.8
      vertex -86.1 -75.5 90
      vertex -86.05562735248301 -76.34668055246799 90
    endloop
  endfacet
  facet normal 0.9986295347545743 -0.0523359562429368 0
    outer loop
      vertex -86.1 -75.5 87.8
      vertex -86.05562735248301 -74.65331944753201 90
      vertex -86.1 -75.5 90
    endloop
  endfacet
  facet normal 0.9876883405951371 -0.1564344650402346 0
    outer loop
      vertex -86.05562735248301 -74.65331944753201 87.8
      vertex -85.92299556594382 -73.81591530437615 90
      vertex -86.05562735248301 -74.65331944753201 90
    endloop
  endfacet
  facet normal 0.9659258262890682 -0.258819045102521 0
    outer loop
      vertex -85.92299556594382 -73.81591530437615 87.8
      vertex -85.70355778199074 -72.99696234556292 90
      vertex -85.92299556594382 -73.81591530437615 90
    endloop
  endfacet
  facet normal 0.9335804264972021 -0.3583679495452997 0
    outer loop
      vertex -85.70355778199074 -72.99696234556292 87.8
      vertex -85.39971820690506 -72.20543319108602 90
      vertex -85.70355778199074 -72.99696234556292 90
    endloop
  endfacet
  facet normal 0.891006524188367 -0.45399049973954864 0
    outer loop
      vertex -85.39971820690506 -72.20543319108602 87.8
      vertex -85.01480577065395 -71.45 90
      vertex -85.39971820690506 -72.20543319108602 90
    endloop
  endfacet
  facet normal 0.8386705679454272 -0.5446390350150223 0
    outer loop
      vertex -85.01480577065395 -71.45 87.8
      vertex -84.55303765443708 -70.73893945643097 90
      vertex -85.01480577065395 -71.45 90
    endloop
  endfacet
  facet normal 0.7771459614569688 -0.62932039104984 0
    outer loop
      vertex -84.55303765443708 -70.73893945643097 87.8
      vertex -84.01947308636689 -70.08004208849324 90
      vertex -84.55303765443708 -70.73893945643097 90
    endloop
  endfacet
  facet normal 0.7071067811865476 -0.7071067811865476 0
    outer loop
      vertex -84.01947308636689 -70.08004208849324 87.8
      vertex -83.41995791150676 -69.48052691363311 90
      vertex -84.01947308636689 -70.08004208849324 90
    endloop
  endfacet
  facet normal 0.62932039104984 -0.7771459614569688 0
    outer loop
      vertex -83.41995791150676 -69.48052691363311 87.8
      vertex -82.76106054356903 -68.94696234556292 90
      vertex -83.41995791150676 -69.48052691363311 90
    endloop
  endfacet
  facet normal 0.5446390350150223 -0.8386705679454272 0
    outer loop
      vertex -82.76106054356903 -68.94696234556292 87.8
      vertex -82.05 -68.48519422934605 90
      vertex -82.76106054356903 -68.94696234556292 90
    endloop
  endfacet
  facet normal 0.45399049973954864 -0.891006524188367 0
    outer loop
      vertex -82.05 -68.48519422934605 87.8
      vertex -81.29456680891398 -68.10028179309494 90
      vertex -82.05 -68.48519422934605 90
    endloop
  endfacet
  facet normal 0.3583679495452997 -0.9335804264972021 0
    outer loop
      vertex -81.29456680891398 -68.10028179309494 87.8
      vertex -80.50303765443708 -67.79644221800926 90
      vertex -81.29456680891398 -68.10028179309494 90
    endloop
  endfacet
  facet normal 0.258819045102521 -0.9659258262890682 0
    outer loop
      vertex -80.50303765443708 -67.79644221800926 87.8
      vertex -79.68408469562385 -67.57700443405618 90
      vertex -80.50303765443708 -67.79644221800926 90
    endloop
  endfacet
  facet normal 0.1564344650402346 -0.9876883405951371 0
    outer loop
      vertex -79.68408469562385 -67.57700443405618 87.8
      vertex -78.84668055246799 -67.44437264751699 90
      vertex -79.68408469562385 -67.57700443405618 90
    endloop
  endfacet
  facet normal 0.0523359562429368 0.9986295347545743 0
    outer loop
      vertex -78 -83.6 87.8
      vertex -78.84668055246799 -83.55562735248301 90
      vertex -78 -83.6 90
    endloop
  endfacet
  facet normal -0.0523359562429368 0.9986295347545743 0
    outer loop
      vertex -77.15331944753201 -83.55562735248301 87.8
      vertex -78 -83.6 90
      vertex -77.15331944753201 -83.55562735248301 90
    endloop
  endfacet
  facet normal -0.1564344650402346 0.9876883405951371 0
    outer loop
      vertex -76.31591530437615 -83.42299556594382 87.8
      vertex -77.15331944753201 -83.55562735248301 90
      vertex -76.31591530437615 -83.42299556594382 90
    endloop
  endfacet
  facet normal -0.258819045102521 0.9659258262890682 0
    outer loop
      vertex -75.49696234556292 -83.20355778199074 87.8
      vertex -76.31591530437615 -83.42299556594382 90
      vertex -75.49696234556292 -83.20355778199074 90
    endloop
  endfacet
  facet normal -0.3583679495452997 0.9335804264972021 0
    outer loop
      vertex -74.70543319108602 -82.89971820690506 87.8
      vertex -75.49696234556292 -83.20355778199074 90
      vertex -74.70543319108602 -82.89971820690506 90
    endloop
  endfacet
  facet normal -0.45399049973954864 0.891006524188367 0
    outer loop
      vertex -73.95 -82.51480577065395 87.8
      vertex -74.70543319108602 -82.89971820690506 90
      vertex -73.95 -82.51480577065395 90
    endloop
  endfacet
  facet normal -0.5446390350150223 0.8386705679454272 0
    outer loop
      vertex -73.23893945643097 -82.05303765443708 87.8
      vertex -73.95 -82.51480577065395 90
      vertex -73.23893945643097 -82.05303765443708 90
    endloop
  endfacet
  facet normal -0.62932039104984 0.7771459614569688 0
    outer loop
      vertex -72.58004208849324 -81.51947308636689 87.8
      vertex -73.23893945643097 -82.05303765443708 90
      vertex -72.58004208849324 -81.51947308636689 90
    endloop
  endfacet
  facet normal -0.7071067811865476 0.7071067811865476 0
    outer loop
      vertex -71.98052691363311 -80.91995791150676 87.8
      vertex -72.58004208849324 -81.51947308636689 90
      vertex -71.98052691363311 -80.91995791150676 90
    endloop
  endfacet
  facet normal -0.7771459614569688 0.62932039104984 0
    outer loop
      vertex -71.44696234556292 -80.26106054356903 87.8
      vertex -71.98052691363311 -80.91995791150676 90
      vertex -71.44696234556292 -80.26106054356903 90
    endloop
  endfacet
  facet normal -0.8386705679454272 0.5446390350150223 0
    outer loop
      vertex -70.98519422934605 -79.55 87.8
      vertex -71.44696234556292 -80.26106054356903 90
      vertex -70.98519422934605 -79.55 90
    endloop
  endfacet
  facet normal -0.891006524188367 0.45399049973954864 0
    outer loop
      vertex -70.60028179309494 -78.79456680891398 87.8
      vertex -70.98519422934605 -79.55 90
      vertex -70.60028179309494 -78.79456680891398 90
    endloop
  endfacet
  facet normal -0.9335804264972021 0.3583679495452997 0
    outer loop
      vertex -70.29644221800926 -78.00303765443708 87.8
      vertex -70.60028179309494 -78.79456680891398 90
      vertex -70.29644221800926 -78.00303765443708 90
    endloop
  endfacet
  facet normal -0.9659258262890682 0.258819045102521 0
    outer loop
      vertex -70.07700443405618 -77.18408469562385 87.8
      vertex -70.29644221800926 -78.00303765443708 90
      vertex -70.07700443405618 -77.18408469562385 90
    endloop
  endfacet
  facet normal -0.9876883405951371 0.1564344650402346 0
    outer loop
      vertex -69.94437264751699 -76.34668055246799 87.8
      vertex -70.07700443405618 -77.18408469562385 90
      vertex -69.94437264751699 -76.34668055246799 90
    endloop
  endfacet
  facet normal 0.0523359562429368 -0.9986295347545743 0
    outer loop
      vertex -78.84668055246799 -67.44437264751699 87.8
      vertex -78 -67.4 90
      vertex -78.84668055246799 -67.44437264751699 90
    endloop
  endfacet
  facet normal -0.0523359562429368 -0.9986295347545743 0
    outer loop
      vertex -78 -67.4 87.8
      vertex -77.15331944753201 -67.44437264751699 90
      vertex -78 -67.4 90
    endloop
  endfacet
  facet normal -0.1564344650402346 -0.9876883405951371 0
    outer loop
      vertex -77.15331944753201 -67.44437264751699 87.8
      vertex -76.31591530437615 -67.57700443405618 90
      vertex -77.15331944753201 -67.44437264751699 90
    endloop
  endfacet
  facet normal -0.258819045102521 -0.9659258262890682 0
    outer loop
      vertex -76.31591530437615 -67.57700443405618 87.8
      vertex -75.49696234556292 -67.79644221800926 90
      vertex -76.31591530437615 -67.57700443405618 90
    endloop
  endfacet
  facet normal -0.5446390350150223 -0.8386705679454272 0
    outer loop
      vertex -73.95 -68.48519422934605 87.8
      vertex -73.23893945643097 -68.94696234556292 90
      vertex -73.95 -68.48519422934605 90
    endloop
  endfacet
  facet normal -0.3583679495452997 -0.9335804264972021 0
    outer loop
      vertex -75.49696234556292 -67.79644221800926 87.8
      vertex -74.70543319108602 -68.10028179309494 90
      vertex -75.49696234556292 -67.79644221800926 90
    endloop
  endfacet
  facet normal -0.45399049973954864 -0.891006524188367 0
    outer loop
      vertex -74.70543319108602 -68.10028179309494 87.8
      vertex -73.95 -68.48519422934605 90
      vertex -74.70543319108602 -68.10028179309494 90
    endloop
  endfacet
  facet normal -0.9335804264972021 -0.3583679495452997 0
    outer loop
      vertex -70.60028179309494 -72.20543319108602 87.8
      vertex -70.29644221800926 -72.99696234556292 90
      vertex -70.60028179309494 -72.20543319108602 90
    endloop
  endfacet
  facet normal -0.891006524188367 -0.45399049973954864 0
    outer loop
      vertex -70.98519422934605 -71.45 87.8
      vertex -70.60028179309494 -72.20543319108602 90
      vertex -70.98519422934605 -71.45 90
    endloop
  endfacet
  facet normal -0.9986295347545743 0.0523359562429368 0
    outer loop
      vertex -69.9 -75.5 87.8
      vertex -69.94437264751699 -76.34668055246799 90
      vertex -69.9 -75.5 90
    endloop
  endfacet
  facet normal -0.9986295347545743 -0.0523359562429368 0
    outer loop
      vertex -69.94437264751699 -74.65331944753201 87.8
      vertex -69.9 -75.5 90
      vertex -69.94437264751699 -74.65331944753201 90
    endloop
  endfacet
  facet normal -0.9876883405951371 -0.1564344650402346 0
    outer loop
      vertex -70.07700443405618 -73.81591530437615 87.8
      vertex -69.94437264751699 -74.65331944753201 90
      vertex -70.07700443405618 -73.81591530437615 90
    endloop
  endfacet
  facet normal -0.9659258262890682 -0.258819045102521 0
    outer loop
      vertex -70.29644221800926 -72.99696234556292 87.8
      vertex -70.07700443405618 -73.81591530437615 90
      vertex -70.29644221800926 -72.99696234556292 90
    endloop
  endfacet
  facet normal -0.7771459614569688 -0.62932039104984 0
    outer loop
      vertex -71.98052691363311 -70.08004208849324 87.8
      vertex -71.44696234556292 -70.73893945643097 90
      vertex -71.98052691363311 -70.08004208849324 90
    endloop
  endfacet
  facet normal -0.62932039104984 -0.7771459614569688 0
    outer loop
      vertex -73.23893945643097 -68.94696234556292 87.8
      vertex -72.58004208849324 -69.48052691363311 90
      vertex -73.23893945643097 -68.94696234556292 90
    endloop
  endfacet
  facet normal -0.7071067811865476 -0.7071067811865476 0
    outer loop
      vertex -72.58004208849324 -69.48052691363311 87.8
      vertex -71.98052691363311 -70.08004208849324 90
      vertex -72.58004208849324 -69.48052691363311 90
    endloop
  endfacet
  facet normal -0.8386705679454272 -0.5446390350150223 0
    outer loop
      vertex -71.44696234556292 -70.73893945643097 87.8
      vertex -70.98519422934605 -71.45 90
      vertex -71.44696234556292 -70.73893945643097 90
    endloop
  endfacet
  facet normal 0 0 1
    outer loop
      vertex -89.70633909851313 -83.35410196334124 90
      vertex -82.05 -82.51480577065395 90
      vertex -89.86888560652733 -82.74747014790773 90
    endloop
  endfacet
  facet normal 0 0 1
    outer loop
      vertex -89.48127274215221 -83.94041986018419 90
      vertex -80.50303765443708 -83.20355778199074 90
      vertex -89.70633909851313 -83.35410196334124 90
    endloop
  endfacet
  facet normal 0 0 1
    outer loop
      vertex -89.86888560652733 -82.74747014790773 90
      vertex -82.76106054356903 -82.05303765443708 90
      vertex -83.41995791150676 -81.51947308636689 90
    endloop
  endfacet
  facet normal 0 0 1
    outer loop
      vertex -89.86888560652733 -82.74747014790773 90
      vertex -82.05 -82.51480577065395 90
      vertex -82.76106054356903 -82.05303765443708 90
    endloop
  endfacet
  facet normal 0 0 1
    outer loop
      vertex -89.86888560652733 -82.74747014790773 90
      vertex -85.70355778199074 -78.00303765443708 90
      vertex -89.9671313688159 -82.12717077881098 90
    endloop
  endfacet
  facet normal 0 0 1
    outer loop
      vertex -89.9671313688159 -82.12717077881098 90
      vertex -85.70355778199074 -78.00303765443708 90
      vertex -90 -81.5 90
    endloop
  endfacet
  facet normal 0 0 1
    outer loop
      vertex -90 -81.5 90
      vertex -85.70355778199074 -78.00303765443708 90
      vertex -85.92299556594382 -77.18408469562385 90
    endloop
  endfacet
  facet normal 0 0 1
    outer loop
      vertex -90 -81.5 90
      vertex -85.92299556594382 -77.18408469562385 90
      vertex -86.05562735248301 -76.34668055246799 90
    endloop
  endfacet
  facet normal 0 0 1
    outer loop
      vertex -90 -81.5 90
      vertex -86.05562735248301 -76.34668055246799 90
      vertex -86.1 -75.5 90
    endloop
  endfacet
  facet normal 0 0 1
    outer loop
      vertex -89.86888560652733 -82.74747014790773 90
      vertex -84.01947308636689 -80.91995791150676 90
      vertex -84.55303765443708 -80.26106054356903 90
    endloop
  endfacet
  facet normal 0 0 1
    outer loop
      vertex -89.86888560652733 -82.74747014790773 90
      vertex -84.55303765443708 -80.26106054356903 90
      vertex -85.01480577065395 -79.55 90
    endloop
  endfacet
  facet normal 0 0 1
    outer loop
      vertex -89.86888560652733 -82.74747014790773 90
      vertex -85.01480577065395 -79.55 90
      vertex -85.39971820690506 -78.79456680891398 90
    endloop
  endfacet
  facet normal 0 0 1
    outer loop
      vertex -89.86888560652733 -82.74747014790773 90
      vertex -85.39971820690506 -78.79456680891398 90
      vertex -85.70355778199074 -78.00303765443708 90
    endloop
  endfacet
  facet normal 0 0 1
    outer loop
      vertex -89.86888560652733 -82.74747014790773 90
      vertex -83.41995791150676 -81.51947308636689 90
      vertex -84.01947308636689 -80.91995791150676 90
    endloop
  endfacet
  facet normal 0 0 1
    outer loop
      vertex -89.48127274215221 -83.94041986018419 90
      vertex -79.68408469562385 -83.42299556594382 90
      vertex -80.50303765443708 -83.20355778199074 90
    endloop
  endfacet
  facet normal 0 0 1
    outer loop
      vertex -89.70633909851313 -83.35410196334124 90
      vertex -81.29456680891398 -82.89971820690506 90
      vertex -82.05 -82.51480577065395 90
    endloop
  endfacet
  facet normal 0 0 1
    outer loop
      vertex -89.70633909851313 -83.35410196334124 90
      vertex -80.50303765443708 -83.20355778199074 90
      vertex -81.29456680891398 -82.89971820690506 90
    endloop
  endfacet
  facet normal 0 0 1
    outer loop
      vertex -89.48127274215221 -83.94041986018419 90
      vertex -78.84668055246799 -83.55562735248301 90
      vertex -79.68408469562385 -83.42299556594382 90
    endloop
  endfacet
  facet normal 0 0 1
    outer loop
      vertex -89.48127274215221 -83.94041986018419 90
      vertex -78 -83.6 90
      vertex -78.84668055246799 -83.55562735248301 90
    endloop
  endfacet
  facet normal -1 0 0
    outer loop
      vertex -90 -81.5 85
      vertex -90 -81.5 90
      vertex -90 81.5 90
    endloop
  endfacet
  facet normal 0 0 1
    outer loop
      vertex -90 -81.5 90
      vertex -86.1 -75.5 90
      vertex -84.55303765443708 70.73893945643097 90
    endloop
  endfacet
  facet normal 0 0 1
    outer loop
      vertex -86.05562735248301 -74.65331944753201 90
      vertex -84.55303765443708 70.73893945643097 90
      vertex -86.1 -75.5 90
    endloop
  endfacet
  facet normal 0 0 1
    outer loop
      vertex -85.92299556594382 -73.81591530437615 90
      vertex -84.55303765443708 70.73893945643097 90
      vertex -86.05562735248301 -74.65331944753201 90
    endloop
  endfacet
  facet normal 0 0 1
    outer loop
      vertex -85.70355778199074 -72.99696234556292 90
      vertex -84.55303765443708 70.73893945643097 90
      vertex -85.92299556594382 -73.81591530437615 90
    endloop
  endfacet
  facet normal 0 0 1
    outer loop
      vertex -85.39971820690506 -72.20543319108602 90
      vertex -84.55303765443708 70.73893945643097 90
      vertex -85.70355778199074 -72.99696234556292 90
    endloop
  endfacet
  facet normal 0 0 1
    outer loop
      vertex -85.01480577065395 -71.45 90
      vertex -84.55303765443708 70.73893945643097 90
      vertex -85.39971820690506 -72.20543319108602 90
    endloop
  endfacet
  facet normal 0 0 1
    outer loop
      vertex -84.55303765443708 -70.73893945643097 90
      vertex -84.55303765443708 70.73893945643097 90
      vertex -85.01480577065395 -71.45 90
    endloop
  endfacet
  facet normal 0 0 1
    outer loop
      vertex -84.01947308636689 -70.08004208849324 90
      vertex -84.55303765443708 70.73893945643097 90
      vertex -84.55303765443708 -70.73893945643097 90
    endloop
  endfacet
  facet normal 0 0 1
    outer loop
      vertex -83.41995791150676 -69.48052691363311 90
      vertex -84.01947308636689 70.08004208849324 90
      vertex -84.01947308636689 -70.08004208849324 90
    endloop
  endfacet
  facet normal 0 0 1
    outer loop
      vertex -83.41995791150676 -69.48052691363311 90
      vertex -82.76106054356903 -68.94696234556292 90
      vertex -83.41995791150676 69.48052691363311 90
    endloop
  endfacet
  facet normal 0 0 1
    outer loop
      vertex -82.76106054356903 -68.94696234556292 90
      vertex -82.05 -68.48519422934605 90
      vertex -82.76106054356903 68.94696234556292 90
    endloop
  endfacet
  facet normal 0 0 1
    outer loop
      vertex -82.05 -68.48519422934605 90
      vertex -81.29456680891398 -68.10028179309494 90
      vertex -82.05 68.48519422934605 90
    endloop
  endfacet
  facet normal 0 0 1
    outer loop
      vertex -81.29456680891398 -68.10028179309494 90
      vertex -80.50303765443708 -67.79644221800926 90
      vertex -81.29456680891398 68.10028179309494 90
    endloop
  endfacet
  facet normal 0 0 1
    outer loop
      vertex -80.50303765443708 -67.79644221800926 90
      vertex -79.68408469562385 -67.57700443405618 90
      vertex -80.50303765443708 67.79644221800926 90
    endloop
  endfacet
  facet normal 0 0 1
    outer loop
      vertex -79.68408469562385 -67.57700443405618 90
      vertex -78.84668055246799 -67.44437264751699 90
      vertex -79.68408469562385 67.57700443405618 90
    endloop
  endfacet
  facet normal 0 0 1
    outer loop
      vertex -78.84668055246799 -67.44437264751699 90
      vertex -78 -67.4 90
      vertex -78.84668055246799 67.44437264751699 90
    endloop
  endfacet
  facet normal 0 0 1
    outer loop
      vertex -78 -67.4 90
      vertex -77.15331944753201 -67.44437264751699 90
      vertex -78 67.4 90
    endloop
  endfacet
  facet normal 0 0 1
    outer loop
      vertex -77.15331944753201 -67.44437264751699 90
      vertex -76.31591530437615 -67.57700443405618 90
      vertex -77.15331944753201 67.44437264751699 90
    endloop
  endfacet
  facet normal 0 0 1
    outer loop
      vertex -76.31591530437615 -67.57700443405618 90
      vertex -75.49696234556292 -67.79644221800926 90
      vertex -76.31591530437615 67.57700443405618 90
    endloop
  endfacet
  facet normal 0 0 1
    outer loop
      vertex -75.49696234556292 -67.79644221800926 90
      vertex -74.70543319108602 -68.10028179309494 90
      vertex -75.49696234556292 67.79644221800926 90
    endloop
  endfacet
  facet normal 0 0 1
    outer loop
      vertex -89.48127274215221 -83.94041986018419 90
      vertex -89.19615242630243 -84.5 90
      vertex 73.95 -82.51480577065395 90
    endloop
  endfacet
  facet normal 0 0 1
    outer loop
      vertex -88.85410196334124 -85.02671151608229 90
      vertex 76.31591530437615 -83.42299556594382 90
      vertex -89.19615242630243 -84.5 90
    endloop
  endfacet
  facet normal 0 0 1
    outer loop
      vertex -89.48127274215221 -83.94041986018419 90
      vertex 73.23893945643097 -82.05303765443708 90
      vertex -78 -83.6 90
    endloop
  endfacet
  facet normal 0 0 1
    outer loop
      vertex -86.44041986018419 -86.98127274215221 90
      vertex -85.85410196334124 -87.20633909851313 90
      vertex 87.52671151608229 -86.35410196334124 90
    endloop
  endfacet
  facet normal 0 0 1
    outer loop
      vertex -87.52671151608229 -86.35410196334124 90
      vertex -87 -86.69615242630243 90
      vertex 88.45886895060539 -85.51478363573551 90
    endloop
  endfacet
  facet normal 0 0 1
    outer loop
      vertex -87 -86.69615242630243 90
      vertex -86.44041986018419 -86.98127274215221 90
      vertex 88.01478363573551 -85.95886895060539 90
    endloop
  endfacet
  facet normal 0 0 1
    outer loop
      vertex -87.52671151608229 -86.35410196334124 90
      vertex 88.85410196334124 -85.02671151608229 90
      vertex -88.01478363573551 -85.95886895060539 90
    endloop
  endfacet
  facet normal 0 0 1
    outer loop
      vertex -88.85410196334124 -85.02671151608229 90
      vertex -88.45886895060539 -85.51478363573551 90
      vertex 89.48127274215221 -83.94041986018419 90
    endloop
  endfacet
  facet normal 0 0 1
    outer loop
      vertex -88.45886895060539 -85.51478363573551 90
      vertex -88.01478363573551 -85.95886895060539 90
      vertex 89.19615242630243 -84.5 90
    endloop
  endfacet
  facet normal 0 0 1
    outer loop
      vertex -85.24747014790773 -87.36888560652733 90
      vertex -84.62717077881098 -87.4671313688159 90
      vertex 86.44041986018419 -86.98127274215221 90
    endloop
  endfacet
  facet normal 0 0 1
    outer loop
      vertex -85.85410196334124 -87.20633909851313 90
      vertex -85.24747014790773 -87.36888560652733 90
      vertex 87 -86.69615242630243 90
    endloop
  endfacet
  facet normal 0 0 1
    outer loop
      vertex -84.62717077881098 -87.4671313688159 90
      vertex -84 -87.5 90
      vertex 85.85410196334124 -87.20633909851313 90
    endloop
  endfacet
  facet normal 0 0 1
    outer loop
      vertex 73.23893945643097 -82.05303765443708 90
      vertex -77.15331944753201 -83.55562735248301 90
      vertex -78 -83.6 90
    endloop
  endfacet
  facet normal 0 0 1
    outer loop
      vertex 73.23893945643097 -82.05303765443708 90
      vertex -76.31591530437615 -83.42299556594382 90
      vertex -77.15331944753201 -83.55562735248301 90
    endloop
  endfacet
  facet normal 0 0 1
    outer loop
      vertex -76.31591530437615 -83.42299556594382 90
      vertex 72.58004208849324 -81.51947308636689 90
      vertex -75.49696234556292 -83.20355778199074 90
    endloop
  endfacet
  facet normal 0 0 1
    outer loop
      vertex 72.58004208849324 -81.51947308636689 90
      vertex -74.70543319108602 -82.89971820690506 90
      vertex -75.49696234556292 -83.20355778199074 90
    endloop
  endfacet
  facet normal 0 0 1
    outer loop
      vertex 72.58004208849324 -81.51947308636689 90
      vertex -73.95 -82.51480577065395 90
      vertex -74.70543319108602 -82.89971820690506 90
    endloop
  endfacet
  facet normal 0 0 1
    outer loop
      vertex 72.58004208849324 -81.51947308636689 90
      vertex -73.23893945643097 -82.05303765443708 90
      vertex -73.95 -82.51480577065395 90
    endloop
  endfacet
  facet normal 0 0 1
    outer loop
      vertex 72.58004208849324 -81.51947308636689 90
      vertex -72.58004208849324 -81.51947308636689 90
      vertex -73.23893945643097 -82.05303765443708 90
    endloop
  endfacet
  facet normal 0 0 1
    outer loop
      vertex -72.58004208849324 -81.51947308636689 90
      vertex 71.98052691363311 -80.91995791150676 90
      vertex -71.98052691363311 -80.91995791150676 90
    endloop
  endfacet
  facet normal 0 0 1
    outer loop
      vertex -71.98052691363311 -80.91995791150676 90
      vertex 71.44696234556292 -80.26106054356903 90
      vertex -71.44696234556292 -80.26106054356903 90
    endloop
  endfacet
  facet normal 0 0 1
    outer loop
      vertex -71.44696234556292 -80.26106054356903 90
      vertex 70.98519422934605 -79.55 90
      vertex -70.98519422934605 -79.55 90
    endloop
  endfacet
  facet normal 0 0 1
    outer loop
      vertex -70.98519422934605 -79.55 90
      vertex 70.60028179309494 -78.79456680891398 90
      vertex -70.60028179309494 -78.79456680891398 90
    endloop
  endfacet
  facet normal 0 0 1
    outer loop
      vertex -70.60028179309494 -78.79456680891398 90
      vertex 70.29644221800926 -78.00303765443708 90
      vertex -70.29644221800926 -78.00303765443708 90
    endloop
  endfacet
  facet normal 0 0 1
    outer loop
      vertex -70.29644221800926 -78.00303765443708 90
      vertex 70.07700443405618 -77.18408469562385 90
      vertex -70.07700443405618 -77.18408469562385 90
    endloop
  endfacet
  facet normal 0 0 1
    outer loop
      vertex -70.07700443405618 -77.18408469562385 90
      vertex 69.94437264751699 -76.34668055246799 90
      vertex -69.94437264751699 -76.34668055246799 90
    endloop
  endfacet
  facet normal 0 0 1
    outer loop
      vertex -69.94437264751699 -76.34668055246799 90
      vertex 69.9 -75.5 90
      vertex -69.9 -75.5 90
    endloop
  endfacet
  facet normal 0 0 1
    outer loop
      vertex -69.9 -75.5 90
      vertex 69.94437264751699 -74.65331944753201 90
      vertex -69.94437264751699 -74.65331944753201 90
    endloop
  endfacet
  facet normal 0 0 1
    outer loop
      vertex -69.94437264751699 -74.65331944753201 90
      vertex 70.07700443405618 -73.81591530437615 90
      vertex -70.07700443405618 -73.81591530437615 90
    endloop
  endfacet
  facet normal 0 0 1
    outer loop
      vertex -70.07700443405618 -73.81591530437615 90
      vertex 70.29644221800926 -72.99696234556292 90
      vertex -70.29644221800926 -72.99696234556292 90
    endloop
  endfacet
  facet normal 0 0 1
    outer loop
      vertex -70.29644221800926 -72.99696234556292 90
      vertex 70.60028179309494 -72.20543319108602 90
      vertex -70.60028179309494 -72.20543319108602 90
    endloop
  endfacet
  facet normal 0 0 -1
    outer loop
      vertex -85.96156164258718 -65.6418870985508 88.1
      vertex 76.99677781760693 65.75559579581022 88.1
      vertex -85.69820586591959 -65.81291233748198 88.1
    endloop
  endfacet
  facet normal 0 0 -1
    outer loop
      vertex -85.69820586591959 -65.81291233748198 88.1
      vertex 76.99677781760693 65.75559579581022 88.1
      vertex -85.49877908825874 -65.9280514344573 88.1
    endloop
  endfacet
  facet normal 0 0 -1
    outer loop
      vertex -85.49877908825874 -65.9280514344573 88.1
      vertex 76.99677781760693 65.75559579581022 88.1
      vertex -85.21898901462555 -66.07061159610748 88.1
    endloop
  endfacet
  facet normal 0 0 -1
    outer loop
      vertex -85.21898901462555 -66.07061159610748 88.1
      vertex 76.99677781760693 65.75559579581022 88.1
      vertex -85.00861942023039 -66.16427417844534 88.1
    endloop
  endfacet
  facet normal 0 0 -1
    outer loop
      vertex -85.00861942023039 -66.16427417844534 88.1
      vertex 76.99677781760693 65.75559579581022 88.1
      vertex -84.71546047925949 -66.2768073529005 88.1
    endloop
  endfacet
  facet normal 0 0 -1
    outer loop
      vertex -84.49645290523767 -66.34796722978354 88.1
      vertex -84.71546047925949 -66.2768073529005 88.1
      vertex 76.99677781760693 65.75559579581022 88.1
    endloop
  endfacet
  facet normal 0 0 -1
    outer loop
      vertex -84.49645290523767 -66.34796722978354 88.1
      vertex 76.99677781760693 65.75559579581022 88.1
      vertex -84.19313699007034 -66.42924048751593 88.1
    endloop
  endfacet
  facet normal 0 0 -1
    outer loop
      vertex -84.19313699007034 -66.42924048751593 88.1
      vertex 76.99677781760693 65.75559579581022 88.1
      vertex -83.96789091825485 -66.47711802273989 88.1
    endloop
  endfacet
  facet normal 0 0 -1
    outer loop
      vertex -83.96789091825485 -66.47711802273989 88.1
      vertex 76.99677781760693 65.75559579581022 88.1
      vertex -83.6577412262559 -66.52624090760946 88.1
    endloop
  endfacet
  facet normal 0 0 -1
    outer loop
      vertex -83.6577412262559 -66.52624090760946 88.1
      vertex 76.99677781760693 65.75559579581022 88.1
      vertex -83.42872451245785 -66.55031153559685 88.1
    endloop
  endfacet
  facet normal 0 0 -1
    outer loop
      vertex -83.42872451245785 -66.55031153559685 88.1
      vertex 76.99677781760693 65.75559579581022 88.1
      vertex -83.11513908952475 -66.56674584746361 88.1
    endloop
  endfacet
  facet normal 0 0 -1
    outer loop
      vertex -83.11513908952475 -66.56674584746361 88.1
      vertex 76.99677781760693 65.75559579581022 88.1
      vertex -82.88486091047525 -66.56674584746361 88.1
    endloop
  endfacet
  facet normal 0 0 -1
    outer loop
      vertex -82.88486091047525 -66.56674584746361 88.1
      vertex 76.99677781760693 65.75559579581022 88.1
      vertex -82.57127551734447 -66.55031153559685 88.1
    endloop
  endfacet
  facet normal 0 0 -1
    outer loop
      vertex -82.57127551734447 -66.55031153559685 88.1
      vertex 76.99677781760693 65.75559579581022 88.1
      vertex -82.3422587737441 -66.52624090760946 88.1
    endloop
  endfacet
  facet normal 0 0 -1
    outer loop
      vertex -82.3422587737441 -66.52624090760946 88.1
      vertex 76.99677781760693 65.75559579581022 88.1
      vertex -82.03210909664631 -66.47711802273989 88.1
    endloop
  endfacet
  facet normal 0 0 -1
    outer loop
      vertex -82.03210909664631 -66.47711802273989 88.1
      vertex 76.99677781760693 65.75559579581022 88.1
      vertex -81.80686300992966 -66.42924048751593 88.1
    endloop
  endfacet
  facet normal 0 0 -1
    outer loop
      vertex -81.80686300992966 -66.42924048751593 88.1
      vertex 76.99677781760693 65.75559579581022 88.1
      vertex -81.50354709476233 -66.34796722978354 88.1
    endloop
  endfacet
  facet normal 0 0 -1
    outer loop
      vertex -81.50354709476233 -66.34796722978354 88.1
      vertex 76.99677781760693 65.75559579581022 88.1
      vertex -81.33857395499945 -66.29674170911312 88.1
    endloop
  endfacet
  facet normal 0 0 -1
    outer loop
      vertex -81.33857395499945 -66.29674170911312 88.1
      vertex 76.99677781760693 65.75559579581022 88.1
      vertex -81.19052112847567 -66.2443134561181 88.1
    endloop
  endfacet
  facet normal 0 0 -1
    outer loop
      vertex -81.19052112847567 -66.2443134561181 88.1
      vertex 76.99677781760693 65.75559579581022 88.1
      vertex -81.13648672401905 -66.22437911480665 88.1
    endloop
  endfacet
  facet normal 0 0 -1
    outer loop
      vertex -81.13648672401905 -66.22437911480665 88.1
      vertex 76.99677781760693 65.75559579581022 88.1
      vertex -81.04691705852747 -66.18999654054642 88.1
    endloop
  endfacet
  facet normal 0 0 -1
    outer loop
      vertex -81.04691705852747 -66.18999654054642 88.1
      vertex 76.99677781760693 65.75559579581022 88.1
      vertex -81.00727494060993 -66.1771160364151 88.1
    endloop
  endfacet
  facet normal 0 0 -1
    outer loop
      vertex -81.00727494060993 -66.1771160364151 88.1
      vertex 76.99677781760693 65.75559579581022 88.1
      vertex -80.05706536024809 -65.92250815033913 88.1
    endloop
  endfacet
  facet normal 0 0 -1
    outer loop
      vertex -80.05706536024809 -65.92250815033913 88.1
      vertex 76.99677781760693 65.75559579581022 88.1
      vertex -80.01629415899515 -65.91384196281433 88.1
    endloop
  endfacet
  facet normal 0 0 -1
    outer loop
      vertex -80.01629415899515 -65.91384196281433 88.1
      vertex 76.99677781760693 65.75559579581022 88.1
      vertex -79.04467599093914 -65.75995276123285 88.1
    endloop
  endfacet
  facet normal 0 0 -1
    outer loop
      vertex -79.04467599093914 -65.75995276123285 88.1
      vertex 76.99677781760693 65.75559579581022 88.1
      vertex -79.00322233140469 -65.75559581071138 88.1
    endloop
  endfacet
  facet normal 0 0 -1
    outer loop
      vertex -79.00322233140469 -65.75559581071138 88.1
      vertex 76.99677781760693 65.75559579581022 88.1
      vertex -78.020841114223 -65.70411139726639 88.1
    endloop
  endfacet
  facet normal 0 0 -1
    outer loop
      vertex -78.020841114223 -65.70411139726639 88.1
      vertex 76.99677781760693 65.75559579581022 88.1
      vertex -77.979158885777 -65.70411139726639 88.1
    endloop
  endfacet
  facet normal 0 0 -1
    outer loop
      vertex -77.979158885777 -65.70411139726639 88.1
      vertex 76.99677781760693 65.75559579581022 88.1
      vertex -76.99677781760693 -65.75559579581022 88.1
    endloop
  endfacet
  facet normal 0 0 -1
    outer loop
      vertex -76.99677781760693 -65.75559579581022 88.1
      vertex 76.99677781760693 65.75559579581022 88.1
      vertex -76.95532381534576 -65.75995279103518 88.1
    endloop
  endfacet
  facet normal 0 0 -1
    outer loop
      vertex -76.95532381534576 -65.75995279103518 88.1
      vertex 76.99677781760693 65.75559579581022 88.1
      vertex -75.98370580375195 -65.91384197026491 88.1
    endloop
  endfacet
  facet normal 0 0 -1
    outer loop
      vertex -75.98370580375195 -65.91384197026491 88.1
      vertex 76.99677781760693 65.75559579581022 88.1
      vertex -75.94293466210365 -65.92250814288855 88.1
    endloop
  endfacet
  facet normal 0 0 -1
    outer loop
      vertex -75.94293466210365 -65.92250814288855 88.1
      vertex 76.99677781760693 65.75559579581022 88.1
      vertex -74.9927249699831 -66.17711605876684 88.1
    endloop
  endfacet
  facet normal 0 0 -1
    outer loop
      vertex -74.9927249699831 -66.17711605876684 88.1
      vertex 76.99677781760693 65.75559579581022 88.1
      vertex -74.95308290421963 -66.189996547997 88.1
    endloop
  endfacet
  facet normal 0 0 -1
    outer loop
      vertex -74.95308290421963 -66.189996547997 88.1
      vertex 76.99677781760693 65.75559579581022 88.1
      vertex -74.03469229489565 -66.54253367334604 88.1
    endloop
  endfacet
  facet normal 0 0 -1
    outer loop
      vertex -73.12010453641415 -67.00609109550714 88.1
      vertex -73.9966139420867 -66.55948724597692 88.1
      vertex 76.99677781760693 65.75559579581022 88.1
    endloop
  endfacet
  facet normal 0 0 -1
    outer loop
      vertex -74.03469229489565 -66.54253367334604 88.1
      vertex 76.99677781760693 65.75559579581022 88.1
      vertex -73.9966139420867 -66.55948724597692 88.1
    endloop
  endfacet
  facet normal 0 0 -1
    outer loop
      vertex -73.12010453641415 -67.00609109550714 88.1
      vertex 76.99677781760693 65.75559579581022 88.1
      vertex -73.08400689065456 -67.02693208307028 88.1
    endloop
  endfacet
  facet normal 0 0 -1
    outer loop
      vertex -73.08400689065456 -67.02693208307028 88.1
      vertex 76.99677781760693 65.75559579581022 88.1
      vertex -72.2589817866683 -67.56270964443684 88.1
    endloop
  endfacet
  facet normal 0 0 -1
    outer loop
      vertex -87.55829056352377 -63.868539959192276 88.1
      vertex -87.70085072517395 -63.58874988555908 88.1
      vertex 76.99677781760693 65.75559579581022 88.1
    endloop
  endfacet
  facet normal 0 0 -1
    outer loop
      vertex -87.27212624251842 -64.33132249116898 88.1
      vertex -87.44315146654844 -64.06796673685312 88.1
      vertex 76.99677781760693 65.75559579581022 88.1
    endloop
  endfacet
  facet normal 0 0 -1
    outer loop
      vertex -87.27212624251842 -64.33132249116898 88.1
      vertex 76.99677781760693 65.75559579581022 88.1
      vertex -87.13677209615707 -64.51762149482965 88.1
    endloop
  endfacet
  facet normal 0 0 -1
    outer loop
      vertex -86.93915558606386 -64.76165755838156 88.1
      vertex -87.13677209615707 -64.51762149482965 88.1
      vertex 76.99677781760693 65.75559579581022 88.1
    endloop
  endfacet
  facet normal 0 0 -1
    outer loop
      vertex -87.55829056352377 -63.868539959192276 88.1
      vertex 76.99677781760693 65.75559579581022 88.1
      vertex -87.44315146654844 -64.06796673685312 88.1
    endloop
  endfacet
  facet normal 0 0 -1
    outer loop
      vertex -88.0594796165824 -62.562897861003876 88.1
      vertex -88.10735715180635 -62.337651774287224 88.1
      vertex 76.99677781760693 65.75559579581022 88.1
    endloop
  endfacet
  facet normal 0 0 -1
    outer loop
      vertex -88.10735715180635 -62.337651774287224 88.1
      vertex -88.15648003667593 -62.027502097189426 88.1
      vertex 76.99677781760693 65.75559579581022 88.1
    endloop
  endfacet
  facet normal 0 0 -1
    outer loop
      vertex -88.15648003667593 -62.027502097189426 88.1
      vertex -88.18055066466331 -61.79848535358906 88.1
      vertex 76.99677781760693 65.75559579581022 88.1
    endloop
  endfacet
  facet normal 0 0 -1
    outer loop
      vertex -88.18055066466331 -61.79848535358906 88.1
      vertex -88.19698497653008 -61.48489996045828 88.1
      vertex 76.99677781760693 65.75559579581022 88.1
    endloop
  endfacet
  facet normal 0 0 -1
    outer loop
      vertex -87.90704648196697 -63.085221350193024 88.1
      vertex 76.99677781760693 65.75559579581022 88.1
      vertex -87.7945133075118 -63.37838029116392 88.1
    endloop
  endfacet
  facet normal 0 0 -1
    outer loop
      vertex -87.70085072517395 -63.58874988555908 88.1
      vertex -87.7945133075118 -63.37838029116392 88.1
      vertex 76.99677781760693 65.75559579581022 88.1
    endloop
  endfacet
  facet normal 0 0 -1
    outer loop
      vertex -87.90704648196697 -63.085221350193024 88.1
      vertex -87.97820635885 -62.86621377617121 88.1
      vertex 76.99677781760693 65.75559579581022 88.1
    endloop
  endfacet
  facet normal 0 0 -1
    outer loop
      vertex -87.97820635885 -62.86621377617121 88.1
      vertex -88.0594796165824 -62.562897861003876 88.1
      vertex 76.99677781760693 65.75559579581022 88.1
    endloop
  endfacet
  facet normal 0 0 -1
    outer loop
      vertex -86.93915558606386 -64.76165755838156 88.1
      vertex 76.99677781760693 65.75559579581022 88.1
      vertex -86.7850693911314 -64.93278760463 88.1
    endloop
  endfacet
  facet normal 0 0 -1
    outer loop
      vertex -86.56302673369646 -65.15483026206493 88.1
      vertex -86.7850693911314 -64.93278760463 88.1
      vertex 76.99677781760693 65.75559579581022 88.1
    endloop
  endfacet
  facet normal 0 0 -1
    outer loop
      vertex -86.56302673369646 -65.15483026206493 88.1
      vertex 76.99677781760693 65.75559579581022 88.1
      vertex -86.39189668744802 -65.3089164569974 88.1
    endloop
  endfacet
  facet normal 0 0 -1
    outer loop
      vertex -86.39189668744802 -65.3089164569974 88.1
      vertex 76.99677781760693 65.75559579581022 88.1
      vertex -86.14786062389612 -65.5065329670906 88.1
    endloop
  endfacet
  facet normal 0 0 -1
    outer loop
      vertex -85.96156164258718 -65.6418870985508 88.1
      vertex -86.14786062389612 -65.5065329670906 88.1
      vertex 76.99677781760693 65.75559579581022 88.1
    endloop
  endfacet
  facet normal 0 0 -1
    outer loop
      vertex -88.19698497653008 -61.48489996045828 88.1
      vertex -88.20000000298023 -61.36976087093353 88.1
      vertex 76.99677781760693 65.75559579581022 88.1
    endloop
  endfacet
  facet normal 0 0 -1
    outer loop
      vertex -68.16560994833708 -83.42704467475414 88.1
      vertex 81.04691705852747 66.18999654054642 88.1
      vertex -67.98103612661362 -83.68108874559402 88.1
    endloop
  endfacet
  facet normal 0 0 -1
    outer loop
      vertex -68.4480363279581 -82.9619715064764 88.1
      vertex -68.55258044600487 -82.75679212063551 88.1
      vertex 81.04691705852747 66.18999654054642 88.1
    endloop
  endfacet
  facet normal 0 0 -1
    outer loop
      vertex -68.6803021505475 -82.4699244722724 88.1
      vertex 81.04691705852747 66.18999654054642 88.1
      vertex -68.55258044600487 -82.75679212063551 88.1
    endloop
  endfacet
  facet normal 0 0 -1
    outer loop
      vertex -68.6803021505475 -82.4699244722724 88.1
      vertex -68.76282646507025 -82.2549412921071 88.1
      vertex 81.04691705852747 66.18999654054642 88.1
    endloop
  endfacet
  facet normal 0 0 -1
    outer loop
      vertex -68.29102843254805 -83.23391714692116 88.1
      vertex 81.04691705852747 66.18999654054642 88.1
      vertex -68.16560994833708 -83.42704467475414 88.1
    endloop
  endfacet
  facet normal 0 0 -1
    outer loop
      vertex -68.29102843254805 -83.23391714692116 88.1
      vertex -68.4480363279581 -82.9619715064764 88.1
      vertex 81.04691705852747 66.18999654054642 88.1
    endloop
  endfacet
  facet normal 0 0 -1
    outer loop
      vertex -67.05084959417582 -84.61127527803183 88.1
      vertex 81.04691705852747 66.18999654054642 88.1
      vertex -66.79680552333593 -84.79584909975529 88.1
    endloop
  endfacet
  facet normal 0 0 -1
    outer loop
      vertex -67.22980938851833 -84.46635649353266 88.1
      vertex 81.04691705852747 66.18999654054642 88.1
      vertex -67.05084959417582 -84.61127527803183 88.1
    endloop
  endfacet
  facet normal 0 0 -1
    outer loop
      vertex -66.33173232525587 -85.0782754868269 88.1
      vertex -66.6036779358983 -84.92126762121916 88.1
      vertex 81.04691705852747 66.18999654054642 88.1
    endloop
  endfacet
  facet normal 0 0 -1
    outer loop
      vertex -66.79680552333593 -84.79584909975529 88.1
      vertex 81.04691705852747 66.18999654054642 88.1
      vertex -66.6036779358983 -84.92126762121916 88.1
    endloop
  endfacet
  facet normal 0 0 -1
    outer loop
      vertex -66.33173232525587 -85.0782754868269 88.1
      vertex 81.04691705852747 66.18999654054642 88.1
      vertex -66.12655296176672 -85.1828195899725 88.1
    endloop
  endfacet
  facet normal 0 0 -1
    outer loop
      vertex -66.12655296176672 -85.1828195899725 88.1
      vertex 81.04691705852747 66.18999654054642 88.1
      vertex -65.8396853134036 -85.31054129451513 88.1
    endloop
  endfacet
  facet normal 0 0 -1
    outer loop
      vertex -67.62599980086088 -84.09340770542622 88.1
      vertex -67.83611735701561 -83.86004852503538 88.1
      vertex 81.04691705852747 66.18999654054642 88.1
    endloop
  endfacet
  facet normal 0 0 -1
    outer loop
      vertex -67.62599980086088 -84.09340770542622 88.1
      vertex 81.04691705852747 66.18999654054642 88.1
      vertex -67.463168554008 -84.25623895227909 88.1
    endloop
  endfacet
  facet normal 0 0 -1
    outer loop
      vertex -67.83611735701561 -83.86004852503538 88.1
      vertex -67.98103612661362 -83.68108874559402 88.1
      vertex 81.04691705852747 66.18999654054642 88.1
    endloop
  endfacet
  facet normal 0 0 -1
    outer loop
      vertex -67.22980938851833 -84.46635649353266 88.1
      vertex -67.463168554008 -84.25623895227909 88.1
      vertex 81.04691705852747 66.18999654054642 88.1
    endloop
  endfacet
  facet normal 0 0 -1
    outer loop
      vertex -65.62470208853483 -85.39306562393904 88.1
      vertex 81.04691705852747 66.18999654054642 88.1
      vertex -65.32605537772179 -85.4901018217206 88.1
    endloop
  endfacet
  facet normal 0 0 -1
    outer loop
      vertex -65.32605537772179 -85.4901018217206 88.1
      vertex 81.04691705852747 66.18999654054642 88.1
      vertex -65.10362371057272 -85.54970220476389 88.1
    endloop
  endfacet
  facet normal 0 0 -1
    outer loop
      vertex -65.10362371057272 -85.54970220476389 88.1
      vertex 81.04691705852747 66.18999654054642 88.1
      vertex -64.7964699268341 -85.61498975008726 88.1
    endloop
  endfacet
  facet normal 0 0 -1
    outer loop
      vertex -65.8396853134036 -85.31054129451513 88.1
      vertex 81.04691705852747 66.18999654054642 88.1
      vertex -65.62470208853483 -85.39306562393904 88.1
    endloop
  endfacet
  facet normal 0 0 -1
    outer loop
      vertex -64.7964699268341 -85.61498975008726 88.1
      vertex 81.04691705852747 66.18999654054642 88.1
      vertex -64.56902688741684 -85.6510131880641 88.1
    endloop
  endfacet
  facet normal 0 0 -1
    outer loop
      vertex -64.56902688741684 -85.6510131880641 88.1
      vertex 81.04691705852747 66.18999654054642 88.1
      vertex -64.25673136115074 -85.68383677303791 88.1
    endloop
  endfacet
  facet normal 0 0 -1
    outer loop
      vertex -64.25673136115074 -85.68383677303791 88.1
      vertex 81.04691705852747 66.18999654054642 88.1
      vertex -64.08435799181461 -85.69513472169638 88.1
    endloop
  endfacet
  facet normal 0 0 -1
    outer loop
      vertex -64.08435799181461 -85.69513472169638 88.1
      vertex 81.04691705852747 66.18999654054642 88.1
      vertex -63.927350141108036 -85.69924611598253 88.1
    endloop
  endfacet
  facet normal 0 0 -1
    outer loop
      vertex -63.927350141108036 -85.69924611598253 88.1
      vertex 81.04691705852747 66.18999654054642 88.1
      vertex -63.86976087093353 -85.70000000298023 88.1
    endloop
  endfacet
  facet normal 0 0 -1
    outer loop
      vertex -68.20411139726639 -75.47915887832642 88.1
      vertex -68.25559581071138 -74.49677765369415 88.1
      vertex 76.99677781760693 65.75559579581022 88.1
    endloop
  endfacet
  facet normal 0 0 -1
    outer loop
      vertex -68.25559581071138 -74.49677765369415 88.1
      vertex -68.25995276123285 -74.4553239941597 88.1
      vertex 76.99677781760693 65.75559579581022 88.1
    endloop
  endfacet
  facet normal 0 0 -1
    outer loop
      vertex -68.25995276123285 -74.4553239941597 88.1
      vertex -68.41384196281433 -73.48370582610369 88.1
      vertex 76.99677781760693 65.75559579581022 88.1
    endloop
  endfacet
  facet normal 0 0 -1
    outer loop
      vertex -68.98475060611963 -81.42670915275812 88.1
      vertex -69.02077405899763 -81.19926605373621 88.1
      vertex 81.04691705852747 66.18999654054642 88.1
    endloop
  endfacet
  facet normal 0 0 -1
    outer loop
      vertex -69.02077405899763 -81.19926605373621 88.1
      vertex -69.05359764397144 -80.88697052747011 88.1
      vertex 81.04691705852747 66.18999654054642 88.1
    endloop
  endfacet
  facet normal 0 0 -1
    outer loop
      vertex -69.05359764397144 -80.88697052747011 88.1
      vertex -69.06564947962761 -80.65700788795948 88.1
      vertex 81.04691705852747 66.18999654054642 88.1
    endloop
  endfacet
  facet normal 0 0 -1
    outer loop
      vertex -69.06564947962761 -80.65700788795948 88.1
      vertex -69.06564947962761 -80.34299213439226 88.1
      vertex 81.04691705852747 66.18999654054642 88.1
    endloop
  endfacet
  facet normal 0 0 -1
    outer loop
      vertex -68.76282646507025 -82.2549412921071 88.1
      vertex -68.85986267775297 -81.95629455894232 88.1
      vertex 81.04691705852747 66.18999654054642 88.1
    endloop
  endfacet
  facet normal 0 0 -1
    outer loop
      vertex -68.91946306079626 -81.73386289179325 88.1
      vertex 81.04691705852747 66.18999654054642 88.1
      vertex -68.85986267775297 -81.95629455894232 88.1
    endloop
  endfacet
  facet normal 0 0 -1
    outer loop
      vertex -68.91946306079626 -81.73386289179325 88.1
      vertex -68.98475060611963 -81.42670915275812 88.1
      vertex 81.04691705852747 66.18999654054642 88.1
    endloop
  endfacet
  facet normal 0 0 -1
    outer loop
      vertex -69.06564947962761 -80.34299213439226 88.1
      vertex -69.05359764397144 -80.11302950978279 88.1
      vertex 81.04691705852747 66.18999654054642 88.1
    endloop
  endfacet
  facet normal 0 0 -1
    outer loop
      vertex -69.05359764397144 -80.11302950978279 88.1
      vertex -69.02077405899763 -79.8007339835167 88.1
      vertex 81.04691705852747 66.18999654054642 88.1
    endloop
  endfacet
  facet normal 0 0 -1
    outer loop
      vertex -69.02077405899763 -79.8007339835167 88.1
      vertex -68.9847506210208 -79.57329094409943 88.1
      vertex 81.04691705852747 66.18999654054642 88.1
    endloop
  endfacet
  facet normal 0 0 -1
    outer loop
      vertex -68.9847506210208 -79.57329094409943 88.1
      vertex -68.91946307569742 -79.26613716036081 88.1
      vertex 81.04691705852747 66.18999654054642 88.1
    endloop
  endfacet
  facet normal 0 0 -1
    outer loop
      vertex -68.91946307569742 -79.26613716036081 88.1
      vertex -68.85986269265413 -79.04370549321175 88.1
      vertex 81.04691705852747 66.18999654054642 88.1
    endloop
  endfacet
  facet normal 0 0 -1
    outer loop
      vertex -68.85986269265413 -79.04370549321175 88.1
      vertex -68.76282649487257 -78.7450587823987 88.1
      vertex 81.04691705852747 66.18999654054642 88.1
    endloop
  endfacet
  facet normal 0 0 -1
    outer loop
      vertex -68.76282649487257 -78.7450587823987 88.1
      vertex -68.72437908500433 -78.63648664206266 88.1
      vertex 81.04691705852747 66.18999654054642 88.1
    endloop
  endfacet
  facet normal 0 0 -1
    outer loop
      vertex -68.68999651819468 -78.5469170063734 88.1
      vertex 81.04691705852747 66.18999654054642 88.1
      vertex -68.72437908500433 -78.63648664206266 88.1
    endloop
  endfacet
  facet normal 0 0 -1
    outer loop
      vertex -68.677116073668 -78.5072750672698 88.1
      vertex 81.00727494060993 66.1771160364151 88.1
      vertex -68.68999651819468 -78.5469170063734 88.1
    endloop
  endfacet
  facet normal 0 0 -1
    outer loop
      vertex -68.677116073668 -78.5072750672698 88.1
      vertex -68.42250814288855 -77.55706532299519 88.1
      vertex 80.05706536024809 65.92250815033913 88.1
    endloop
  endfacet
  facet normal 0 0 -1
    outer loop
      vertex -68.41384197026491 -77.5162941813469 88.1
      vertex -68.25995279103518 -76.54467616975307 88.1
      vertex 79.04467599093914 65.75995276123285 88.1
    endloop
  endfacet
  facet normal 0 0 -1
    outer loop
      vertex -68.25559579581022 -76.50322216749191 88.1
      vertex -68.20411139726639 -75.520841114223 88.1
      vertex 78.020841114223 65.70411139726639 88.1
    endloop
  endfacet
  facet normal 0 0 -1
    outer loop
      vertex -68.25559579581022 -76.50322216749191 88.1
      vertex 79.00322233140469 65.75559581071138 88.1
      vertex -68.25995279103518 -76.54467616975307 88.1
    endloop
  endfacet
  facet normal 0 0 -1
    outer loop
      vertex -68.41384197026491 -77.5162941813469 88.1
      vertex 80.01629415899515 65.91384196281433 88.1
      vertex -68.42250814288855 -77.55706532299519 88.1
    endloop
  endfacet
  facet normal 0 0 -1
    outer loop
      vertex -68.20411139726639 -75.520841114223 88.1
      vertex -68.20411139726639 -75.47915887832642 88.1
      vertex 77.979158885777 65.70411139726639 88.1
    endloop
  endfacet
  facet normal 0 0 -1
    outer loop
      vertex -68.41384196281433 -73.48370582610369 88.1
      vertex -68.42250815033913 -73.44293462485075 88.1
      vertex 76.99677781760693 65.75559579581022 88.1
    endloop
  endfacet
  facet normal 0 0 -1
    outer loop
      vertex -68.42250815033913 -73.44293462485075 88.1
      vertex -68.67711602896452 -72.49272506684065 88.1
      vertex 76.99677781760693 65.75559579581022 88.1
    endloop
  endfacet
  facet normal 0 0 -1
    outer loop
      vertex -68.67711602896452 -72.49272506684065 88.1
      vertex -68.68999657779932 -72.45308281481266 88.1
      vertex 76.99677781760693 65.75559579581022 88.1
    endloop
  endfacet
  facet normal 0 0 -1
    outer loop
      vertex -69.04253365844488 -71.53469233214855 88.1
      vertex 76.99677781760693 65.75559579581022 88.1
      vertex -68.68999657779932 -72.45308281481266 88.1
    endloop
  endfacet
  facet normal 0 0 -1
    outer loop
      vertex -69.05948723107576 -71.4966139793396 88.1
      vertex -69.50609109550714 -70.62010453641415 88.1
      vertex 76.99677781760693 65.75559579581022 88.1
    endloop
  endfacet
  facet normal 0 0 -1
    outer loop
      vertex -70.06270964443684 -69.7589817866683 88.1
      vertex 76.99677781760693 65.75559579581022 88.1
      vertex -69.52693208307028 -70.58400689065456 88.1
    endloop
  endfacet
  facet normal 0 0 -1
    outer loop
      vertex -69.52693208307028 -70.58400689065456 88.1
      vertex 76.99677781760693 65.75559579581022 88.1
      vertex -69.50609109550714 -70.62010453641415 88.1
    endloop
  endfacet
  facet normal 0 0 -1
    outer loop
      vertex -69.05948723107576 -71.4966139793396 88.1
      vertex 76.99677781760693 65.75559579581022 88.1
      vertex -69.04253365844488 -71.53469233214855 88.1
    endloop
  endfacet
  facet normal 0 0 -1
    outer loop
      vertex -72.22526054084301 -67.58720956742764 88.1
      vertex 76.99677781760693 65.75559579581022 88.1
      vertex -71.4607589840889 -68.20629071444273 88.1
    endloop
  endfacet
  facet normal 0 0 -1
    outer loop
      vertex -71.4607589840889 -68.20629071444273 88.1
      vertex 76.99677781760693 65.75559579581022 88.1
      vertex -71.42978310585022 -68.23418152332306 88.1
    endloop
  endfacet
  facet normal 0 0 -1
    outer loop
      vertex -70.73418144136667 -68.9297831878066 88.1
      vertex 76.99677781760693 65.75559579581022 88.1
      vertex -70.70629072189331 -68.96075896918774 88.1
    endloop
  endfacet
  facet normal 0 0 -1
    outer loop
      vertex -70.0872096195817 -69.7252604663372 88.1
      vertex -70.70629072189331 -68.96075896918774 88.1
      vertex 76.99677781760693 65.75559579581022 88.1
    endloop
  endfacet
  facet normal 0 0 -1
    outer loop
      vertex -70.73418144136667 -68.9297831878066 88.1
      vertex -71.42978310585022 -68.23418152332306 88.1
      vertex 76.99677781760693 65.75559579581022 88.1
    endloop
  endfacet
  facet normal 0 0 -1
    outer loop
      vertex -72.2589817866683 -67.56270964443684 88.1
      vertex 76.99677781760693 65.75559579581022 88.1
      vertex -72.22526054084301 -67.58720956742764 88.1
    endloop
  endfacet
  facet normal 0 0 -1
    outer loop
      vertex -70.0872096195817 -69.7252604663372 88.1
      vertex 76.99677781760693 65.75559579581022 88.1
      vertex -70.06270964443684 -69.7589817866683 88.1
    endloop
  endfacet
  facet normal 0 0 1
    outer loop
      vertex 74.70543319108602 68.10028179309494 90
      vertex -71.44696234556292 -70.73893945643097 90
      vertex -70.98519422934605 -71.45 90
    endloop
  endfacet
  facet normal 0 0 1
    outer loop
      vertex -73.95 -68.48519422934605 90
      vertex 73.95 68.48519422934605 90
      vertex -74.70543319108602 -68.10028179309494 90
    endloop
  endfacet
  facet normal 0 0 1
    outer loop
      vertex 74.70543319108602 68.10028179309494 90
      vertex -73.95 -68.48519422934605 90
      vertex -73.23893945643097 -68.94696234556292 90
    endloop
  endfacet
  facet normal 0 0 1
    outer loop
      vertex 74.70543319108602 68.10028179309494 90
      vertex -73.23893945643097 -68.94696234556292 90
      vertex -72.58004208849324 -69.48052691363311 90
    endloop
  endfacet
  facet normal 0 0 1
    outer loop
      vertex 74.70543319108602 68.10028179309494 90
      vertex -72.58004208849324 -69.48052691363311 90
      vertex -71.98052691363311 -70.08004208849324 90
    endloop
  endfacet
  facet normal 0 0 1
    outer loop
      vertex 74.70543319108602 68.10028179309494 90
      vertex -71.98052691363311 -70.08004208849324 90
      vertex -71.44696234556292 -70.73893945643097 90
    endloop
  endfacet
  facet normal 0 0 1
    outer loop
      vertex 74.70543319108602 68.10028179309494 90
      vertex -70.98519422934605 -71.45 90
      vertex -70.60028179309494 -72.20543319108602 90
    endloop
  endfacet
  facet normal 1 0 0
    outer loop
      vertex -88.20000000298023 61.36976087093353 88.1
      vertex -88.20000000298023 -61.36976087093353 85
      vertex -88.20000000298023 61.36976087093353 85
    endloop
  endfacet
  facet normal 0 0 -1
    outer loop
      vertex -90 81.5 85
      vertex -88.20000000298023 61.36976087093353 85
      vertex -88.20000000298023 -61.36976087093353 85
    endloop
  endfacet
  facet normal -1 0 0
    outer loop
      vertex -90 -81.5 85
      vertex -90 81.5 90
      vertex -90 81.5 85
    endloop
  endfacet
  facet normal 0.9999143270843383 -0.013089632977087236 0
    outer loop
      vertex -88.19924611598253 61.427350141108036 88.1
      vertex -88.20000000298023 61.36976087093353 85
      vertex -88.19924611598253 61.427350141108036 85
    endloop
  endfacet
  facet normal 0.9996573251385337 -0.02617694208405647 0
    outer loop
      vertex -88.19513472169638 61.58435799181461 88.1
      vertex -88.19924611598253 61.427350141108036 85
      vertex -88.19513472169638 61.58435799181461 85
    endloop
  endfacet
  facet normal 0.9978589228097784 -0.06540313577275131 0
    outer loop
      vertex -88.18383677303791 61.75673136115074 88.1
      vertex -88.19513472169638 61.58435799181461 85
      vertex -88.18383677303791 61.75673136115074 85
    endloop
  endfacet
  facet normal 0.9945218945377534 -0.10452847116952207 0
    outer loop
      vertex -88.1510131880641 62.06902688741684 88.1
      vertex -88.18383677303791 61.75673136115074 85
      vertex -88.1510131880641 62.06902688741684 85
    endloop
  endfacet
  facet normal 0.9876883409487213 -0.15643446280779136 0
    outer loop
      vertex -88.11498975008726 62.296469926834106 88.1
      vertex -88.1510131880641 62.06902688741684 85
      vertex -88.11498975008726 62.296469926834106 85
    endloop
  endfacet
  facet normal 0.9781476051714453 -0.20791166994030516 0
    outer loop
      vertex -88.04970220476389 62.60362371057272 88.1
      vertex -88.11498975008726 62.296469926834106 85
      vertex -88.04970220476389 62.60362371057272 85
    endloop
  endfacet
  facet normal 0.9659258290470492 -0.2588190348095959 0
    outer loop
      vertex -87.9901018217206 62.82605537772179 88.1
      vertex -88.04970220476389 62.60362371057272 85
      vertex -87.9901018217206 62.82605537772179 85
    endloop
  endfacet
  facet normal 0.9510565170221444 -0.3090169921374998 0
    outer loop
      vertex -87.89306562393904 63.12470208853483 88.1
      vertex -87.9901018217206 62.82605537772179 85
      vertex -87.89306562393904 63.12470208853483 85
    endloop
  endfacet
  facet normal 0.9335804246653443 -0.358367954317452 0
    outer loop
      vertex -87.81054129451513 63.339685313403606 88.1
      vertex -87.89306562393904 63.12470208853483 85
      vertex -87.81054129451513 63.339685313403606 85
    endloop
  endfacet
  facet normal 0.9135454592940315 -0.4067366393666262 0
    outer loop
      vertex -87.6828195899725 63.62655296176672 88.1
      vertex -87.81054129451513 63.339685313403606 85
      vertex -87.6828195899725 63.62655296176672 85
    endloop
  endfacet
  facet normal 0.8910065316771233 -0.45399048504203626 0
    outer loop
      vertex -87.5782754868269 63.83173232525587 88.1
      vertex -87.6828195899725 63.62655296176672 85
      vertex -87.5782754868269 63.83173232525587 85
    endloop
  endfacet
  facet normal 0.8660254119224733 -0.4999999859045104 0
    outer loop
      vertex -87.42126762121916 64.1036779358983 88.1
      vertex -87.5782754868269 63.83173232525587 85
      vertex -87.42126762121916 64.1036779358983 85
    endloop
  endfacet
  facet normal 0.838670568489005 -0.5446390341779859 0
    outer loop
      vertex -87.29584909975529 64.29680552333593 88.1
      vertex -87.42126762121916 64.1036779358983 85
      vertex -87.29584909975529 64.29680552333593 85
    endloop
  endfacet
  facet normal 0.8090169939650439 -0.587785252856657 0
    outer loop
      vertex -87.11127527803183 64.55084959417582 88.1
      vertex -87.29584909975529 64.29680552333593 85
      vertex -87.11127527803183 64.55084959417582 85
    endloop
  endfacet
  facet normal 0.7771459604869388 -0.6293203922477272 0
    outer loop
      vertex -86.96635649353266 64.72980938851833 88.1
      vertex -87.11127527803183 64.55084959417582 85
      vertex -86.96635649353266 64.72980938851833 85
    endloop
  endfacet
  facet normal 0.7431448177612162 -0.669130614928542 0
    outer loop
      vertex -86.75623895227909 64.963168554008 88.1
      vertex -86.96635649353266 64.72980938851833 85
      vertex -86.75623895227909 64.963168554008 85
    endloop
  endfacet
  facet normal 0.7071067811865475 -0.7071067811865475 0
    outer loop
      vertex -86.59340770542622 65.12599980086088 88.1
      vertex -86.75623895227909 64.963168554008 85
      vertex -86.59340770542622 65.12599980086088 85
    endloop
  endfacet
  facet normal 0.6691306175386421 -0.7431448154110712 0
    outer loop
      vertex -86.36004852503538 65.33611735701561 88.1
      vertex -86.59340770542622 65.12599980086088 85
      vertex -86.36004852503538 65.33611735701561 85
    endloop
  endfacet
  facet normal 0.6293203848137808 -0.77714596650683 0
    outer loop
      vertex -86.18108874559402 65.48103612661362 88.1
      vertex -86.36004852503538 65.33611735701561 85
      vertex -86.18108874559402 65.48103612661362 85
    endloop
  endfacet
  facet normal 0.587785252856657 -0.8090169939650439 0
    outer loop
      vertex -85.92704467475414 65.66560994833708 88.1
      vertex -86.18108874559402 65.48103612661362 85
      vertex -85.92704467475414 65.66560994833708 85
    endloop
  endfacet
  facet normal 0 0 -1
    outer loop
      vertex -90 81.5 85
      vertex -88.19513472169638 61.58435799181461 85
      vertex -88.19924611598253 61.427350141108036 85
    endloop
  endfacet
  facet normal 0 0 -1
    outer loop
      vertex -90 81.5 85
      vertex -88.19924611598253 61.427350141108036 85
      vertex -88.20000000298023 61.36976087093353 85
    endloop
  endfacet
  facet normal 0 0 -1
    outer loop
      vertex -90 81.5 85
      vertex -88.18383677303791 61.75673136115074 85
      vertex -88.19513472169638 61.58435799181461 85
    endloop
  endfacet
  facet normal 0 0 -1
    outer loop
      vertex -90 81.5 85
      vertex -88.1510131880641 62.06902688741684 85
      vertex -88.18383677303791 61.75673136115074 85
    endloop
  endfacet
  facet normal 0 0 -1
    outer loop
      vertex -90 81.5 85
      vertex -88.11498975008726 62.296469926834106 85
      vertex -88.1510131880641 62.06902688741684 85
    endloop
  endfacet
  facet normal 0 0 -1
    outer loop
      vertex -90 81.5 85
      vertex -88.04970220476389 62.60362371057272 85
      vertex -88.11498975008726 62.296469926834106 85
    endloop
  endfacet
  facet normal 0 0 -1
    outer loop
      vertex -90 81.5 85
      vertex -87.9901018217206 62.82605537772179 85
      vertex -88.04970220476389 62.60362371057272 85
    endloop
  endfacet
  facet normal 0 0 -1
    outer loop
      vertex -90 81.5 85
      vertex -87.89306562393904 63.12470208853483 85
      vertex -87.9901018217206 62.82605537772179 85
    endloop
  endfacet
  facet normal 0 0 -1
    outer loop
      vertex -90 81.5 85
      vertex -87.81054129451513 63.339685313403606 85
      vertex -87.89306562393904 63.12470208853483 85
    endloop
  endfacet
  facet normal 0 0 -1
    outer loop
      vertex -90 81.5 85
      vertex -87.6828195899725 63.62655296176672 85
      vertex -87.81054129451513 63.339685313403606 85
    endloop
  endfacet
  facet normal 0 0 -1
    outer loop
      vertex -90 81.5 85
      vertex -87.5782754868269 63.83173232525587 85
      vertex -87.6828195899725 63.62655296176672 85
    endloop
  endfacet
  facet normal 0 0 -1
    outer loop
      vertex -90 81.5 85
      vertex -87.42126762121916 64.1036779358983 85
      vertex -87.5782754868269 63.83173232525587 85
    endloop
  endfacet
  facet normal 0 0 -1
    outer loop
      vertex -90 81.5 85
      vertex -87.29584909975529 64.29680552333593 85
      vertex -87.42126762121916 64.1036779358983 85
    endloop
  endfacet
  facet normal 0 0 -1
    outer loop
      vertex -90 81.5 85
      vertex -87.11127527803183 64.55084959417582 85
      vertex -87.29584909975529 64.29680552333593 85
    endloop
  endfacet
  facet normal 0 0 -1
    outer loop
      vertex -90 81.5 85
      vertex -86.75623895227909 64.963168554008 85
      vertex -86.96635649353266 64.72980938851833 85
    endloop
  endfacet
  facet normal 0 0 -1
    outer loop
      vertex -90 81.5 85
      vertex -86.96635649353266 64.72980938851833 85
      vertex -87.11127527803183 64.55084959417582 85
    endloop
  endfacet
  facet normal 0 0 -1
    outer loop
      vertex -90 81.5 85
      vertex -86.59340770542622 65.12599980086088 85
      vertex -86.75623895227909 64.963168554008 85
    endloop
  endfacet
  facet normal 0 0 -1
    outer loop
      vertex -90 81.5 85
      vertex -86.36004852503538 65.33611735701561 85
      vertex -86.59340770542622 65.12599980086088 85
    endloop
  endfacet
  facet normal 0 0 -1
    outer loop
      vertex -90 81.5 85
      vertex -85.92704467475414 65.66560994833708 85
      vertex -86.18108874559402 65.48103612661362 85
    endloop
  endfacet
  facet normal 0 0 -1
    outer loop
      vertex -90 81.5 85
      vertex -86.18108874559402 65.48103612661362 85
      vertex -86.36004852503538 65.33611735701561 85
    endloop
  endfacet
  facet normal 0 0 -1
    outer loop
      vertex -90 81.5 85
      vertex -85.73391714692116 65.79102843254805 85
      vertex -85.92704467475414 65.66560994833708 85
    endloop
  endfacet
  facet normal 0 0 -1
    outer loop
      vertex -90 81.5 85
      vertex -85.4619715064764 65.9480363279581 85
      vertex -85.73391714692116 65.79102843254805 85
    endloop
  endfacet
  facet normal 0 0 -1
    outer loop
      vertex -90 81.5 85
      vertex -85.25679212063551 66.05258044600487 85
      vertex -85.4619715064764 65.9480363279581 85
    endloop
  endfacet
  facet normal 0 0 -1
    outer loop
      vertex -90 81.5 85
      vertex -84.9699244722724 66.1803021505475 85
      vertex -85.25679212063551 66.05258044600487 85
    endloop
  endfacet
  facet normal 0 0 -1
    outer loop
      vertex -90 81.5 85
      vertex -84.7549412921071 66.26282646507025 85
      vertex -84.9699244722724 66.1803021505475 85
    endloop
  endfacet
  facet normal 0 0 -1
    outer loop
      vertex -90 81.5 85
      vertex -81.88256819498105 73.77136926692785 85
      vertex -84.7549412921071 66.26282646507025 85
    endloop
  endfacet
  facet normal 0 0 -1
    outer loop
      vertex -90 81.5 85
      vertex -82.0419901942544 74.18667777390647 85
      vertex -81.88256819498105 73.77136926692785 85
    endloop
  endfacet
  facet normal 0 0 -1
    outer loop
      vertex -84.7549412921071 66.26282646507025 85
      vertex -81.68060796608387 73.375 85
      vertex -84.45629455894232 66.35986267775297 85
    endloop
  endfacet
  facet normal 0 0 -1
    outer loop
      vertex -84.45629455894232 66.35986267775297 85
      vertex -81.68060796608387 73.375 85
      vertex -84.23386289179325 66.41946306079626 85
    endloop
  endfacet
  facet normal 0 0 -1
    outer loop
      vertex -84.23386289179325 66.41946306079626 85
      vertex -81.43832222609353 73.00191267775699 85
      vertex -83.92670915275812 66.48475060611963 85
    endloop
  endfacet
  facet normal 0 0 -1
    outer loop
      vertex -83.92670915275812 66.48475060611963 85
      vertex -81.43832222609353 73.00191267775699 85
      vertex -83.69926605373621 66.52077405899763 85
    endloop
  endfacet
  facet normal 0 0 -1
    outer loop
      vertex -83.69926605373621 66.52077405899763 85
      vertex -81.15836550827892 72.65619492297485 85
      vertex -83.38697052747011 66.55359764397144 85
    endloop
  endfacet
  facet normal 0 0 -1
    outer loop
      vertex -80.84380507702515 72.34163449172108 85
      vertex -83.15700788795948 66.56564947962761 85
      vertex -83.38697052747011 66.55359764397144 85
    endloop
  endfacet
  facet normal 0 0 -1
    outer loop
      vertex -83.15700788795948 66.56564947962761 85
      vertex -80.84380507702515 72.34163449172108 85
      vertex -82.84299213439226 66.56564947962761 85
    endloop
  endfacet
  facet normal 0 0 -1
    outer loop
      vertex -80.49808732224301 72.06167777390647 85
      vertex -82.61302950978279 66.55359764397144 85
      vertex -82.84299213439226 66.56564947962761 85
    endloop
  endfacet
  facet normal 0 0 -1
    outer loop
      vertex -82.61302950978279 66.55359764397144 85
      vertex -80.49808732224301 72.06167777390647 85
      vertex -82.3007339835167 66.52077405899763 85
    endloop
  endfacet
  facet normal 0 0 -1
    outer loop
      vertex -81.43832222609353 73.00191267775699 85
      vertex -84.23386289179325 66.41946306079626 85
      vertex -81.68060796608387 73.375 85
    endloop
  endfacet
  facet normal 0 0 -1
    outer loop
      vertex -81.15836550827892 72.65619492297485 85
      vertex -83.69926605373621 66.52077405899763 85
      vertex -81.43832222609353 73.00191267775699 85
    endloop
  endfacet
  facet normal 0 0 -1
    outer loop
      vertex -80.84380507702515 72.34163449172108 85
      vertex -83.38697052747011 66.55359764397144 85
      vertex -81.15836550827892 72.65619492297485 85
    endloop
  endfacet
  facet normal 0 0 -1
    outer loop
      vertex -82.3007339835167 66.52077405899763 85
      vertex -80.125 71.81939203391613 85
      vertex -82.07329094409943 66.4847506210208 85
    endloop
  endfacet
  facet normal 0 0 -1
    outer loop
      vertex -82.07329094409943 66.4847506210208 85
      vertex -80.125 71.81939203391613 85
      vertex -81.76613716036081 66.41946307569742 85
    endloop
  endfacet
  facet normal 0 0 -1
    outer loop
      vertex -81.76613716036081 66.41946307569742 85
      vertex -79.72863073307215 71.61743180501895 85
      vertex -81.54370549321175 66.35986269265413 85
    endloop
  endfacet
  facet normal 0 0 -1
    outer loop
      vertex -81.2450587823987 66.26282649487257 85
      vertex -79.31332222609353 71.4580098057456 85
      vertex -81.13648664206266 66.22437908500433 85
    endloop
  endfacet
  facet normal 0 0 -1
    outer loop
      vertex -79.31332222609353 71.4580098057456 85
      vertex -81.2450587823987 66.26282649487257 85
      vertex -81.54370549321175 66.35986269265413 85
    endloop
  endfacet
  facet normal 0 0 -1
    outer loop
      vertex -81.0469170063734 66.18999651819468 85
      vertex -79.31332222609353 71.4580098057456 85
      vertex -81.0072750672698 66.177116073668 85
    endloop
  endfacet
  facet normal 0 0 -1
    outer loop
      vertex -81.13648664206266 66.22437908500433 85
      vertex -79.31332222609353 71.4580098057456 85
      vertex -81.0469170063734 66.18999651819468 85
    endloop
  endfacet
  facet normal 0 0 -1
    outer loop
      vertex -81.0072750672698 66.177116073668 85
      vertex -78.88362468597548 71.34287269688133 85
      vertex -80.05706532299519 65.92250814288855 85
    endloop
  endfacet
  facet normal 0 0 -1
    outer loop
      vertex -80.05706532299519 65.92250814288855 85
      vertex -78.88362468597548 71.34287269688133 85
      vertex -80.0162941813469 65.91384197026491 85
    endloop
  endfacet
  facet normal 0 0 -1
    outer loop
      vertex -80.0162941813469 65.91384197026491 85
      vertex -78.44424596888753 71.27328194468484 85
      vertex -79.04467616975307 65.75995279103518 85
    endloop
  endfacet
  facet normal 0 0 -1
    outer loop
      vertex -79.04467616975307 65.75995279103518 85
      vertex -78.44424596888753 71.27328194468484 85
      vertex -79.00322216749191 65.75559579581022 85
    endloop
  endfacet
  facet normal 0 0 -1
    outer loop
      vertex -80.49808732224301 72.06167777390647 85
      vertex -82.84299213439226 66.56564947962761 85
      vertex -80.84380507702515 72.34163449172108 85
    endloop
  endfacet
  facet normal 0 0 -1
    outer loop
      vertex -80.125 71.81939203391613 85
      vertex -82.3007339835167 66.52077405899763 85
      vertex -80.49808732224301 72.06167777390647 85
    endloop
  endfacet
  facet normal 0 0 -1
    outer loop
      vertex -79.72863073307215 71.61743180501895 85
      vertex -81.76613716036081 66.41946307569742 85
      vertex -80.125 71.81939203391613 85
    endloop
  endfacet
  facet normal 0 0 -1
    outer loop
      vertex -79.31332222609353 71.4580098057456 85
      vertex -81.54370549321175 66.35986269265413 85
      vertex -79.72863073307215 71.61743180501895 85
    endloop
  endfacet
  facet normal 0 0 -1
    outer loop
      vertex -78.88362468597548 71.34287269688133 85
      vertex -81.0072750672698 66.177116073668 85
      vertex -79.31332222609353 71.4580098057456 85
    endloop
  endfacet
  facet normal 0 0 -1
    outer loop
      vertex -78.44424596888753 71.27328194468484 85
      vertex -80.0162941813469 65.91384197026491 85
      vertex -78.88362468597548 71.34287269688133 85
    endloop
  endfacet
  facet normal 0 0 -1
    outer loop
      vertex -81.68060796608387 73.375 85
      vertex -84.7549412921071 66.26282646507025 85
      vertex -81.88256819498105 73.77136926692785 85
    endloop
  endfacet
  facet normal 0 0 -1
    outer loop
      vertex -90 81.5 85
      vertex -82.15712730311867 74.61637531402452 85
      vertex -82.0419901942544 74.18667777390647 85
    endloop
  endfacet
  facet normal 0 0 -1
    outer loop
      vertex -90 81.5 85
      vertex -82.22671805531516 75.05575403111247 85
      vertex -82.15712730311867 74.61637531402452 85
    endloop
  endfacet
  facet normal 0 0 -1
    outer loop
      vertex -90 81.5 85
      vertex -82.25 75.5 85
      vertex -82.22671805531516 75.05575403111247 85
    endloop
  endfacet
  facet normal 0 0 -1
    outer loop
      vertex -90 81.5 85
      vertex -82.22671805531516 75.94424596888753 85
      vertex -82.25 75.5 85
    endloop
  endfacet
  facet normal 0 0 -1
    outer loop
      vertex -90 81.5 85
      vertex -82.15712730311867 76.38362468597548 85
      vertex -82.22671805531516 75.94424596888753 85
    endloop
  endfacet
  facet normal 0 0 -1
    outer loop
      vertex -90 81.5 85
      vertex -82.0419901942544 76.81332222609353 85
      vertex -82.15712730311867 76.38362468597548 85
    endloop
  endfacet
  facet normal 0 0 -1
    outer loop
      vertex -90 81.5 85
      vertex -81.88256819498105 77.22863073307215 85
      vertex -82.0419901942544 76.81332222609353 85
    endloop
  endfacet
  facet normal 0 0 -1
    outer loop
      vertex -90 81.5 85
      vertex -81.68060796608387 77.625 85
      vertex -81.88256819498105 77.22863073307215 85
    endloop
  endfacet
  facet normal 0 0 -1
    outer loop
      vertex -85.24747014790773 87.36888560652733 85
      vertex -84.62717077881098 87.4671313688159 85
      vertex -84 87.5 85
    endloop
  endfacet
  facet normal 0 0 -1
    outer loop
      vertex -90 81.5 85
      vertex -81.43832222609353 77.99808732224301 85
      vertex -81.68060796608387 77.625 85
    endloop
  endfacet
  facet normal 0 0 -1
    outer loop
      vertex -90 81.5 85
      vertex -81.15836550827892 78.34380507702515 85
      vertex -81.43832222609353 77.99808732224301 85
    endloop
  endfacet
  facet normal 0 0 -1
    outer loop
      vertex -90 81.5 85
      vertex -80.84380507702515 78.65836550827892 85
      vertex -81.15836550827892 78.34380507702515 85
    endloop
  endfacet
  facet normal 0 0 -1
    outer loop
      vertex -90 81.5 85
      vertex -80.49808732224301 78.93832222609353 85
      vertex -80.84380507702515 78.65836550827892 85
    endloop
  endfacet
  facet normal 0 0 -1
    outer loop
      vertex -90 81.5 85
      vertex -80.125 79.18060796608387 85
      vertex -80.49808732224301 78.93832222609353 85
    endloop
  endfacet
  facet normal 0 0 -1
    outer loop
      vertex -90 81.5 85
      vertex -79.72863073307215 79.38256819498105 85
      vertex -80.125 79.18060796608387 85
    endloop
  endfacet
  facet normal 0 0 -1
    outer loop
      vertex -90 81.5 85
      vertex -79.31332222609353 79.5419901942544 85
      vertex -79.72863073307215 79.38256819498105 85
    endloop
  endfacet
  facet normal 0 0 -1
    outer loop
      vertex -90 81.5 85
      vertex -78.88362468597548 79.65712730311867 85
      vertex -79.31332222609353 79.5419901942544 85
    endloop
  endfacet
  facet normal 0 0 -1
    outer loop
      vertex -90 81.5 85
      vertex -89.9671313688159 82.12717077881098 85
      vertex -68.92924048751593 81.69313699007034 85
    endloop
  endfacet
  facet normal 0 0 -1
    outer loop
      vertex -90 81.5 85
      vertex -68.97711802273989 81.46789091825485 85
      vertex -78.88362468597548 79.65712730311867 85
    endloop
  endfacet
  facet normal 0 0 -1
    outer loop
      vertex -89.9671313688159 82.12717077881098 85
      vertex -89.86888560652733 82.74747014790773 85
      vertex -68.7768073529005 82.21546047925949 85
    endloop
  endfacet
  facet normal 0 0 -1
    outer loop
      vertex -89.86888560652733 82.74747014790773 85
      vertex -89.70633909851313 83.35410196334124 85
      vertex -68.57061159610748 82.71898901462555 85
    endloop
  endfacet
  facet normal 0 0 -1
    outer loop
      vertex -89.70633909851313 83.35410196334124 85
      vertex -89.48127274215221 83.94041986018419 85
      vertex -68.1418870985508 83.46156164258718 85
    endloop
  endfacet
  facet normal 0 0 -1
    outer loop
      vertex -89.48127274215221 83.94041986018419 85
      vertex -89.19615242630243 84.5 85
      vertex -67.65483026206493 84.06302673369646 85
    endloop
  endfacet
  facet normal 0 0 -1
    outer loop
      vertex -89.19615242630243 84.5 85
      vertex -88.85410196334124 85.02671151608229 85
      vertex -67.01762149482965 84.63677209615707 85
    endloop
  endfacet
  facet normal 0 0 -1
    outer loop
      vertex -88.85410196334124 85.02671151608229 85
      vertex -88.45886895060539 85.51478363573551 85
      vertex -66.36853995919228 85.05829056352377 85
    endloop
  endfacet
  facet normal 0 0 -1
    outer loop
      vertex -88.45886895060539 85.51478363573551 85
      vertex -88.01478363573551 85.95886895060539 85
      vertex -64.52750209718943 85.65648003667593 85
    endloop
  endfacet
  facet normal 0 0 -1
    outer loop
      vertex -79.00322216749191 65.75559579581022 85
      vertex -78 71.25 85
      vertex -78.020841114223 65.70411139726639 85
    endloop
  endfacet
  facet normal 0 0 -1
    outer loop
      vertex -78.020841114223 65.70411139726639 85
      vertex -78 71.25 85
      vertex -77.979158885777 65.70411139726639 85
    endloop
  endfacet
  facet normal 0 0 -1
    outer loop
      vertex -77.979158885777 65.70411139726639 85
      vertex -77.55575403111247 71.27328194468484 85
      vertex -76.99677764624357 65.75559581071138 85
    endloop
  endfacet
  facet normal 0 0 -1
    outer loop
      vertex -77.55575403111247 71.27328194468484 85
      vertex -76.9553239941597 65.75995276123285 85
      vertex -76.99677764624357 65.75559581071138 85
    endloop
  endfacet
  facet normal 0 0 -1
    outer loop
      vertex -77.11637531402452 71.34287269688133 85
      vertex -75.98370582610369 65.91384196281433 85
      vertex -76.9553239941597 65.75995276123285 85
    endloop
  endfacet
  facet normal 0 0 -1
    outer loop
      vertex -77.11637531402452 71.34287269688133 85
      vertex -75.94293462485075 65.92250815033913 85
      vertex -75.98370582610369 65.91384196281433 85
    endloop
  endfacet
  facet normal 0 0 -1
    outer loop
      vertex -78 71.25 85
      vertex -79.00322216749191 65.75559579581022 85
      vertex -78.44424596888753 71.27328194468484 85
    endloop
  endfacet
  facet normal 0 0 -1
    outer loop
      vertex -77.55575403111247 71.27328194468484 85
      vertex -77.979158885777 65.70411139726639 85
      vertex -78 71.25 85
    endloop
  endfacet
  facet normal 0 0 -1
    outer loop
      vertex -77.11637531402452 71.34287269688133 85
      vertex -76.9553239941597 65.75995276123285 85
      vertex -77.55575403111247 71.27328194468484 85
    endloop
  endfacet
  facet normal 0 0 -1
    outer loop
      vertex -76.68667777390647 71.4580098057456 85
      vertex -75.94293462485075 65.92250815033913 85
      vertex -77.11637531402452 71.34287269688133 85
    endloop
  endfacet
  facet normal 0 0 -1
    outer loop
      vertex -76.27136926692785 71.61743180501895 85
      vertex -74.95308281481266 66.18999657779932 85
      vertex -76.68667777390647 71.4580098057456 85
    endloop
  endfacet
  facet normal 0 0 -1
    outer loop
      vertex -75.94293462485075 65.92250815033913 85
      vertex -76.68667777390647 71.4580098057456 85
      vertex -74.99272506684065 66.17711602896452 85
    endloop
  endfacet
  facet normal 0 0 -1
    outer loop
      vertex -74.99272506684065 66.17711602896452 85
      vertex -76.68667777390647 71.4580098057456 85
      vertex -74.95308281481266 66.18999657779932 85
    endloop
  endfacet
  facet normal 0 0 -1
    outer loop
      vertex -74.95308281481266 66.18999657779932 85
      vertex -76.27136926692785 71.61743180501895 85
      vertex -74.03469233214855 66.54253365844488 85
    endloop
  endfacet
  facet normal 0 0 -1
    outer loop
      vertex -74.03469233214855 66.54253365844488 85
      vertex -76.27136926692785 71.61743180501895 85
      vertex -73.9966139793396 66.55948723107576 85
    endloop
  endfacet
  facet normal 0 0 -1
    outer loop
      vertex -75.875 71.81939203391613 85
      vertex -73.9966139793396 66.55948723107576 85
      vertex -76.27136926692785 71.61743180501895 85
    endloop
  endfacet
  facet normal 0 0 -1
    outer loop
      vertex -75.50191267775699 72.06167777390647 85
      vertex -73.08400689065456 67.02693208307028 85
      vertex -75.875 71.81939203391613 85
    endloop
  endfacet
  facet normal 0 0 -1
    outer loop
      vertex -73.9966139793396 66.55948723107576 85
      vertex -75.875 71.81939203391613 85
      vertex -73.12010453641415 67.00609109550714 85
    endloop
  endfacet
  facet normal 0 0 -1
    outer loop
      vertex -73.12010453641415 67.00609109550714 85
      vertex -75.875 71.81939203391613 85
      vertex -73.08400689065456 67.02693208307028 85
    endloop
  endfacet
  facet normal 0 0 -1
    outer loop
      vertex -73.08400689065456 67.02693208307028 85
      vertex -75.50191267775699 72.06167777390647 85
      vertex -72.2589817866683 67.56270964443684 85
    endloop
  endfacet
  facet normal 0 0 -1
    outer loop
      vertex -72.2589817866683 67.56270964443684 85
      vertex -75.50191267775699 72.06167777390647 85
      vertex -72.2252604663372 67.5872096195817 85
    endloop
  endfacet
  facet normal 0 0 -1
    outer loop
      vertex -75.15619492297485 72.34163449172108 85
      vertex -72.2252604663372 67.5872096195817 85
      vertex -75.50191267775699 72.06167777390647 85
    endloop
  endfacet
  facet normal 0 0 -1
    outer loop
      vertex -74.84163449172108 72.65619492297485 85
      vertex -71.4297831878066 68.23418144136667 85
      vertex -75.15619492297485 72.34163449172108 85
    endloop
  endfacet
  facet normal 0 0 -1
    outer loop
      vertex -74.56167777390647 73.00191267775699 85
      vertex -70.70629071444273 68.9607589840889 85
      vertex -74.84163449172108 72.65619492297485 85
    endloop
  endfacet
  facet normal 0 0 -1
    outer loop
      vertex -72.2252604663372 67.5872096195817 85
      vertex -75.15619492297485 72.34163449172108 85
      vertex -71.46075896918774 68.20629072189331 85
    endloop
  endfacet
  facet normal 0 0 -1
    outer loop
      vertex -71.46075896918774 68.20629072189331 85
      vertex -75.15619492297485 72.34163449172108 85
      vertex -71.4297831878066 68.23418144136667 85
    endloop
  endfacet
  facet normal 0 0 -1
    outer loop
      vertex -71.4297831878066 68.23418144136667 85
      vertex -74.84163449172108 72.65619492297485 85
      vertex -70.73418152332306 68.92978310585022 85
    endloop
  endfacet
  facet normal 0 0 -1
    outer loop
      vertex -70.73418152332306 68.92978310585022 85
      vertex -74.84163449172108 72.65619492297485 85
      vertex -70.70629071444273 68.9607589840889 85
    endloop
  endfacet
  facet normal 0 0 -1
    outer loop
      vertex -70.70629071444273 68.9607589840889 85
      vertex -74.56167777390647 73.00191267775699 85
      vertex -70.08720956742764 69.72526054084301 85
    endloop
  endfacet
  facet normal 0 0 -1
    outer loop
      vertex -70.08720956742764 69.72526054084301 85
      vertex -74.56167777390647 73.00191267775699 85
      vertex -70.06270964443684 69.7589817866683 85
    endloop
  endfacet
  facet normal 0 0 -1
    outer loop
      vertex -74.31939203391613 73.375 85
      vertex -70.06270964443684 69.7589817866683 85
      vertex -74.56167777390647 73.00191267775699 85
    endloop
  endfacet
  facet normal 0 0 -1
    outer loop
      vertex -74.11743180501895 73.77136926692785 85
      vertex -69.50609109550714 70.62010453641415 85
      vertex -74.31939203391613 73.375 85
    endloop
  endfacet
  facet normal 0 0 -1
    outer loop
      vertex -73.9580098057456 74.18667777390647 85
      vertex -69.04253367334604 71.53469229489565 85
      vertex -74.11743180501895 73.77136926692785 85
    endloop
  endfacet
  facet normal 0 0 -1
    outer loop
      vertex -73.84287269688133 74.61637531402452 85
      vertex -68.67711605876684 72.4927249699831 85
      vertex -73.9580098057456 74.18667777390647 85
    endloop
  endfacet
  facet normal 0 0 -1
    outer loop
      vertex -70.06270964443684 69.7589817866683 85
      vertex -74.31939203391613 73.375 85
      vertex -69.52693208307028 70.58400689065456 85
    endloop
  endfacet
  facet normal 0 0 -1
    outer loop
      vertex -69.52693208307028 70.58400689065456 85
      vertex -74.31939203391613 73.375 85
      vertex -69.50609109550714 70.62010453641415 85
    endloop
  endfacet
  facet normal 0 0 -1
    outer loop
      vertex -69.50609109550714 70.62010453641415 85
      vertex -74.11743180501895 73.77136926692785 85
      vertex -69.05948724597692 71.4966139420867 85
    endloop
  endfacet
  facet normal 0 0 -1
    outer loop
      vertex -69.05948724597692 71.4966139420867 85
      vertex -74.11743180501895 73.77136926692785 85
      vertex -69.04253367334604 71.53469229489565 85
    endloop
  endfacet
  facet normal 0 0 -1
    outer loop
      vertex -69.04253367334604 71.53469229489565 85
      vertex -73.9580098057456 74.18667777390647 85
      vertex -68.689996547997 72.45308290421963 85
    endloop
  endfacet
  facet normal 0 0 -1
    outer loop
      vertex -68.689996547997 72.45308290421963 85
      vertex -73.9580098057456 74.18667777390647 85
      vertex -68.67711605876684 72.4927249699831 85
    endloop
  endfacet
  facet normal 0 0 -1
    outer loop
      vertex -68.67711605876684 72.4927249699831 85
      vertex -73.84287269688133 74.61637531402452 85
      vertex -68.42250814288855 73.44293466210365 85
    endloop
  endfacet
  facet normal 0 0 -1
    outer loop
      vertex -73.77328194468484 75.05575403111247 85
      vertex -68.41384197026491 73.48370580375195 85
      vertex -73.84287269688133 74.61637531402452 85
    endloop
  endfacet
  facet normal 0 0 -1
    outer loop
      vertex -73.75 75.5 85
      vertex -68.25559579581022 74.49677781760693 85
      vertex -73.77328194468484 75.05575403111247 85
    endloop
  endfacet
  facet normal 0 0 -1
    outer loop
      vertex -73.77328194468484 75.94424596888753 85
      vertex -68.20411139726639 75.52084110677242 85
      vertex -73.75 75.5 85
    endloop
  endfacet
  facet normal 0 0 -1
    outer loop
      vertex -73.84287269688133 76.38362468597548 85
      vertex -68.25995276123285 76.54467599093914 85
      vertex -73.77328194468484 75.94424596888753 85
    endloop
  endfacet
  facet normal 0 0 -1
    outer loop
      vertex -68.42250814288855 73.44293466210365 85
      vertex -73.84287269688133 74.61637531402452 85
      vertex -68.41384197026491 73.48370580375195 85
    endloop
  endfacet
  facet normal 0 0 -1
    outer loop
      vertex -68.41384197026491 73.48370580375195 85
      vertex -73.77328194468484 75.05575403111247 85
      vertex -68.25995279103518 74.45532381534576 85
    endloop
  endfacet
  facet normal 0 0 -1
    outer loop
      vertex -68.25995279103518 74.45532381534576 85
      vertex -73.77328194468484 75.05575403111247 85
      vertex -68.25559579581022 74.49677781760693 85
    endloop
  endfacet
  facet normal 0 0 -1
    outer loop
      vertex -68.25559579581022 74.49677781760693 85
      vertex -73.75 75.5 85
      vertex -68.20411139726639 75.47915887087584 85
    endloop
  endfacet
  facet normal 0 0 -1
    outer loop
      vertex -68.20411139726639 75.47915887087584 85
      vertex -73.75 75.5 85
      vertex -68.20411139726639 75.52084110677242 85
    endloop
  endfacet
  facet normal 0 0 -1
    outer loop
      vertex -68.20411139726639 75.52084110677242 85
      vertex -73.77328194468484 75.94424596888753 85
      vertex -68.25559581071138 76.50322233140469 85
    endloop
  endfacet
  facet normal 0 0 -1
    outer loop
      vertex -68.25559581071138 76.50322233140469 85
      vertex -73.77328194468484 75.94424596888753 85
      vertex -68.25995276123285 76.54467599093914 85
    endloop
  endfacet
  facet normal 0 0 -1
    outer loop
      vertex -90 81.5 85
      vertex -68.92924048751593 81.69313699007034 85
      vertex -68.97711802273989 81.46789091825485 85
    endloop
  endfacet
  facet normal 0 0 -1
    outer loop
      vertex -68.97711802273989 81.46789091825485 85
      vertex -78.44424596888753 79.72671805531516 85
      vertex -78.88362468597548 79.65712730311867 85
    endloop
  endfacet
  facet normal 0 0 -1
    outer loop
      vertex -68.97711802273989 81.46789091825485 85
      vertex -78 79.75 85
      vertex -78.44424596888753 79.72671805531516 85
    endloop
  endfacet
  facet normal 0 0 -1
    outer loop
      vertex -68.97711802273989 81.46789091825485 85
      vertex -77.55575403111247 79.72671805531516 85
      vertex -78 79.75 85
    endloop
  endfacet
  facet normal 0 0 -1
    outer loop
      vertex -68.97711802273989 81.46789091825485 85
      vertex -77.11637531402452 79.65712730311867 85
      vertex -77.55575403111247 79.72671805531516 85
    endloop
  endfacet
  facet normal 0 0 -1
    outer loop
      vertex -89.9671313688159 82.12717077881098 85
      vertex -68.84796722978354 81.99645290523767 85
      vertex -68.92924048751593 81.69313699007034 85
    endloop
  endfacet
  facet normal 0 0 -1
    outer loop
      vertex -68.97711802273989 81.46789091825485 85
      vertex -76.68667777390647 79.5419901942544 85
      vertex -77.11637531402452 79.65712730311867 85
    endloop
  endfacet
  facet normal 0 0 -1
    outer loop
      vertex -68.97711802273989 81.46789091825485 85
      vertex -76.27136926692785 79.38256819498105 85
      vertex -76.68667777390647 79.5419901942544 85
    endloop
  endfacet
  facet normal 0 0 -1
    outer loop
      vertex -75.50191267775699 78.93832222609353 85
      vertex -69.02624090760946 81.1577412262559 85
      vertex -75.15619492297485 78.65836550827892 85
    endloop
  endfacet
  facet normal 0 0 -1
    outer loop
      vertex -68.97711802273989 81.46789091825485 85
      vertex -75.50191267775699 78.93832222609353 85
      vertex -75.875 79.18060796608387 85
    endloop
  endfacet
  facet normal 0 0 -1
    outer loop
      vertex -68.97711802273989 81.46789091825485 85
      vertex -75.875 79.18060796608387 85
      vertex -76.27136926692785 79.38256819498105 85
    endloop
  endfacet
  facet normal 0 0 -1
    outer loop
      vertex -89.9671313688159 82.12717077881098 85
      vertex -68.7768073529005 82.21546047925949 85
      vertex -68.84796722978354 81.99645290523767 85
    endloop
  endfacet
  facet normal 0 0 -1
    outer loop
      vertex -89.86888560652733 82.74747014790773 85
      vertex -68.66427417844534 82.50861942023039 85
      vertex -68.7768073529005 82.21546047925949 85
    endloop
  endfacet
  facet normal 0 0 -1
    outer loop
      vertex -89.86888560652733 82.74747014790773 85
      vertex -68.57061159610748 82.71898901462555 85
      vertex -68.66427417844534 82.50861942023039 85
    endloop
  endfacet
  facet normal 0 0 -1
    outer loop
      vertex -89.70633909851313 83.35410196334124 85
      vertex -68.4280514344573 82.99877908825874 85
      vertex -68.57061159610748 82.71898901462555 85
    endloop
  endfacet
  facet normal 0 0 -1
    outer loop
      vertex -89.70633909851313 83.35410196334124 85
      vertex -68.31291233748198 83.19820586591959 85
      vertex -68.4280514344573 82.99877908825874 85
    endloop
  endfacet
  facet normal 0 0 -1
    outer loop
      vertex -89.70633909851313 83.35410196334124 85
      vertex -68.1418870985508 83.46156164258718 85
      vertex -68.31291233748198 83.19820586591959 85
    endloop
  endfacet
  facet normal 0 0 -1
    outer loop
      vertex -89.48127274215221 83.94041986018419 85
      vertex -68.0065329670906 83.64786062389612 85
      vertex -68.1418870985508 83.46156164258718 85
    endloop
  endfacet
  facet normal 0 0 -1
    outer loop
      vertex -89.48127274215221 83.94041986018419 85
      vertex -67.8089164569974 83.89189668744802 85
      vertex -68.0065329670906 83.64786062389612 85
    endloop
  endfacet
  facet normal 0 0 -1
    outer loop
      vertex -89.48127274215221 83.94041986018419 85
      vertex -67.65483026206493 84.06302673369646 85
      vertex -67.8089164569974 83.89189668744802 85
    endloop
  endfacet
  facet normal 0 0 -1
    outer loop
      vertex -89.19615242630243 84.5 85
      vertex -67.43278760463 84.2850693911314 85
      vertex -67.65483026206493 84.06302673369646 85
    endloop
  endfacet
  facet normal 0 0 -1
    outer loop
      vertex -89.19615242630243 84.5 85
      vertex -67.26165755838156 84.43915558606386 85
      vertex -67.43278760463 84.2850693911314 85
    endloop
  endfacet
  facet normal 0 0 -1
    outer loop
      vertex -89.19615242630243 84.5 85
      vertex -67.01762149482965 84.63677209615707 85
      vertex -67.26165755838156 84.43915558606386 85
    endloop
  endfacet
  facet normal 0 0 -1
    outer loop
      vertex -88.85410196334124 85.02671151608229 85
      vertex -66.83132249116898 84.77212624251842 85
      vertex -67.01762149482965 84.63677209615707 85
    endloop
  endfacet
  facet normal 0 0 -1
    outer loop
      vertex -88.85410196334124 85.02671151608229 85
      vertex -66.56796673685312 84.94315146654844 85
      vertex -66.83132249116898 84.77212624251842 85
    endloop
  endfacet
  facet normal 0 0 -1
    outer loop
      vertex -88.85410196334124 85.02671151608229 85
      vertex -66.36853995919228 85.05829056352377 85
      vertex -66.56796673685312 84.94315146654844 85
    endloop
  endfacet
  facet normal 0 0 -1
    outer loop
      vertex -88.45886895060539 85.51478363573551 85
      vertex -66.08874988555908 85.20085072517395 85
      vertex -66.36853995919228 85.05829056352377 85
    endloop
  endfacet
  facet normal 0 0 -1
    outer loop
      vertex -88.45886895060539 85.51478363573551 85
      vertex -65.58522135019302 85.40704648196697 85
      vertex -65.87838029116392 85.2945133075118 85
    endloop
  endfacet
  facet normal 0 0 -1
    outer loop
      vertex -88.45886895060539 85.51478363573551 85
      vertex -65.87838029116392 85.2945133075118 85
      vertex -66.08874988555908 85.20085072517395 85
    endloop
  endfacet
  facet normal 0 0 -1
    outer loop
      vertex -88.45886895060539 85.51478363573551 85
      vertex -65.36621377617121 85.47820635885 85
      vertex -65.58522135019302 85.40704648196697 85
    endloop
  endfacet
  facet normal 0 0 -1
    outer loop
      vertex -73.9580098057456 76.81332222609353 85
      vertex -68.42250815033913 77.55706536024809 85
      vertex -73.84287269688133 76.38362468597548 85
    endloop
  endfacet
  facet normal 0 0 -1
    outer loop
      vertex -74.11743180501895 77.22863073307215 85
      vertex -68.79674170911312 78.83857395499945 85
      vertex -73.9580098057456 76.81332222609353 85
    endloop
  endfacet
  facet normal 0 0 -1
    outer loop
      vertex -74.31939203391613 77.625 85
      vertex -68.92924048751593 79.30686300992966 85
      vertex -74.11743180501895 77.22863073307215 85
    endloop
  endfacet
  facet normal 0 0 -1
    outer loop
      vertex -74.56167777390647 77.99808732224301 85
      vertex -69.02624090760946 79.8422587737441 85
      vertex -74.31939203391613 77.625 85
    endloop
  endfacet
  facet normal 0 0 -1
    outer loop
      vertex -74.84163449172108 78.34380507702515 85
      vertex -69.06674584746361 80.38486091047525 85
      vertex -74.56167777390647 77.99808732224301 85
    endloop
  endfacet
  facet normal 0 0 -1
    outer loop
      vertex -75.15619492297485 78.65836550827892 85
      vertex -69.06674584746361 80.61513908952475 85
      vertex -74.84163449172108 78.34380507702515 85
    endloop
  endfacet
  facet normal 0 0 -1
    outer loop
      vertex -68.42250815033913 77.55706536024809 85
      vertex -73.9580098057456 76.81332222609353 85
      vertex -68.6771160364151 78.50727494060993 85
    endloop
  endfacet
  facet normal 0 0 -1
    outer loop
      vertex -68.7443134561181 78.69052112847567 85
      vertex -73.9580098057456 76.81332222609353 85
      vertex -68.79674170911312 78.83857395499945 85
    endloop
  endfacet
  facet normal 0 0 -1
    outer loop
      vertex -68.72437911480665 78.63648672401905 85
      vertex -73.9580098057456 76.81332222609353 85
      vertex -68.7443134561181 78.69052112847567 85
    endloop
  endfacet
  facet normal 0 0 -1
    outer loop
      vertex -68.68999654054642 78.54691705852747 85
      vertex -73.9580098057456 76.81332222609353 85
      vertex -68.72437911480665 78.63648672401905 85
    endloop
  endfacet
  facet normal 0 0 -1
    outer loop
      vertex -68.6771160364151 78.50727494060993 85
      vertex -73.9580098057456 76.81332222609353 85
      vertex -68.68999654054642 78.54691705852747 85
    endloop
  endfacet
  facet normal 0 0 -1
    outer loop
      vertex -74.11743180501895 77.22863073307215 85
      vertex -68.84796722978354 79.00354709476233 85
      vertex -68.79674170911312 78.83857395499945 85
    endloop
  endfacet
  facet normal 0 0 -1
    outer loop
      vertex -68.84796722978354 79.00354709476233 85
      vertex -74.11743180501895 77.22863073307215 85
      vertex -68.92924048751593 79.30686300992966 85
    endloop
  endfacet
  facet normal 0 0 -1
    outer loop
      vertex -74.31939203391613 77.625 85
      vertex -68.97711802273989 79.53210909664631 85
      vertex -68.92924048751593 79.30686300992966 85
    endloop
  endfacet
  facet normal 0 0 -1
    outer loop
      vertex -68.97711802273989 79.53210909664631 85
      vertex -74.31939203391613 77.625 85
      vertex -69.02624090760946 79.8422587737441 85
    endloop
  endfacet
  facet normal 0 0 -1
    outer loop
      vertex -75.15619492297485 78.65836550827892 85
      vertex -69.05031153559685 80.92872451245785 85
      vertex -69.06674584746361 80.61513908952475 85
    endloop
  endfacet
  facet normal 0 0 -1
    outer loop
      vertex -69.05031153559685 80.92872451245785 85
      vertex -75.15619492297485 78.65836550827892 85
      vertex -69.02624090760946 81.1577412262559 85
    endloop
  endfacet
  facet normal 0 0 -1
    outer loop
      vertex -75.50191267775699 78.93832222609353 85
      vertex -68.97711802273989 81.46789091825485 85
      vertex -69.02624090760946 81.1577412262559 85
    endloop
  endfacet
  facet normal 0 0 -1
    outer loop
      vertex -69.02624090760946 79.8422587737441 85
      vertex -74.56167777390647 77.99808732224301 85
      vertex -69.05031153559685 80.07127551734447 85
    endloop
  endfacet
  facet normal 0 0 -1
    outer loop
      vertex -69.05031153559685 80.07127551734447 85
      vertex -74.56167777390647 77.99808732224301 85
      vertex -69.06674584746361 80.38486091047525 85
    endloop
  endfacet
  facet normal 0 0 -1
    outer loop
      vertex -69.06674584746361 80.38486091047525 85
      vertex -74.84163449172108 78.34380507702515 85
      vertex -69.06674584746361 80.61513908952475 85
    endloop
  endfacet
  facet normal 0 0 -1
    outer loop
      vertex -68.25995276123285 76.54467599093914 85
      vertex -73.84287269688133 76.38362468597548 85
      vertex -68.41384196281433 77.51629415899515 85
    endloop
  endfacet
  facet normal 0 0 -1
    outer loop
      vertex -68.41384196281433 77.51629415899515 85
      vertex -73.84287269688133 76.38362468597548 85
      vertex -68.42250815033913 77.55706536024809 85
    endloop
  endfacet
  facet normal 0 0 -1
    outer loop
      vertex -88.45886895060539 85.51478363573551 85
      vertex -65.06289786100388 85.5594796165824 85
      vertex -65.36621377617121 85.47820635885 85
    endloop
  endfacet
  facet normal 0 0 -1
    outer loop
      vertex -88.45886895060539 85.51478363573551 85
      vertex -64.83765177428722 85.60735715180635 85
      vertex -65.06289786100388 85.5594796165824 85
    endloop
  endfacet
  facet normal 0 0 -1
    outer loop
      vertex -88.45886895060539 85.51478363573551 85
      vertex -64.52750209718943 85.65648003667593 85
      vertex -64.83765177428722 85.60735715180635 85
    endloop
  endfacet
  facet normal 0 0 -1
    outer loop
      vertex -88.01478363573551 85.95886895060539 85
      vertex -64.29848535358906 85.68055066466331 85
      vertex -64.52750209718943 85.65648003667593 85
    endloop
  endfacet
  facet normal 0 0 -1
    outer loop
      vertex -88.01478363573551 85.95886895060539 85
      vertex -63.98489996045828 85.69698497653008 85
      vertex -64.29848535358906 85.68055066466331 85
    endloop
  endfacet
  facet normal 0 0 -1
    outer loop
      vertex -88.01478363573551 85.95886895060539 85
      vertex -63.86976087093353 85.70000000298023 85
      vertex -63.98489996045828 85.69698497653008 85
    endloop
  endfacet
  facet normal 0.8386705679454243 0.5446390350150268 0
    outer loop
      vertex -81.68060796608387 73.375 87.8
      vertex -81.43832222609353 73.00191267775699 85
      vertex -81.68060796608387 73.375 85
    endloop
  endfacet
  facet normal 0.891006524188378 0.453990499739527 0
    outer loop
      vertex -81.88256819498105 73.77136926692785 87.8
      vertex -81.68060796608387 73.375 85
      vertex -81.88256819498105 73.77136926692785 85
    endloop
  endfacet
  facet normal 0.9335804264972004 0.3583679495453039 0
    outer loop
      vertex -82.0419901942544 74.18667777390647 87.8
      vertex -81.88256819498105 73.77136926692785 85
      vertex -82.0419901942544 74.18667777390647 85
    endloop
  endfacet
  facet normal 0.9659258262890673 0.2588190451025243 0
    outer loop
      vertex -82.15712730311867 74.61637531402452 87.8
      vertex -82.0419901942544 74.18667777390647 85
      vertex -82.15712730311867 74.61637531402452 85
    endloop
  endfacet
  facet normal 0.987688340595137 0.1564344650402362 0
    outer loop
      vertex -82.22671805531516 75.05575403111247 87.8
      vertex -82.15712730311867 74.61637531402452 85
      vertex -82.22671805531516 75.05575403111247 85
    endloop
  endfacet
  facet normal 0.9986295347545738 0.05233595624294646 0
    outer loop
      vertex -82.25 75.5 87.8
      vertex -82.22671805531516 75.05575403111247 85
      vertex -82.25 75.5 85
    endloop
  endfacet
  facet normal 0.9986295347545738 -0.05233595624294646 0
    outer loop
      vertex -82.22671805531516 75.94424596888753 87.8
      vertex -82.25 75.5 85
      vertex -82.22671805531516 75.94424596888753 85
    endloop
  endfacet
  facet normal 0.987688340595137 -0.1564344650402362 0
    outer loop
      vertex -82.15712730311867 76.38362468597548 87.8
      vertex -82.22671805531516 75.94424596888753 85
      vertex -82.15712730311867 76.38362468597548 85
    endloop
  endfacet
  facet normal 0.629320391049847 0.777145961456963 0
    outer loop
      vertex -80.84380507702515 72.34163449172108 87.8
      vertex -80.49808732224301 72.06167777390647 85
      vertex -80.84380507702515 72.34163449172108 85
    endloop
  endfacet
  facet normal 0.5446390350150268 0.8386705679454243 0
    outer loop
      vertex -80.49808732224301 72.06167777390647 87.8
      vertex -80.125 71.81939203391613 85
      vertex -80.49808732224301 72.06167777390647 85
    endloop
  endfacet
  facet normal 0.777145961456963 0.629320391049847 0
    outer loop
      vertex -81.43832222609353 73.00191267775699 87.8
      vertex -81.15836550827892 72.65619492297485 85
      vertex -81.43832222609353 73.00191267775699 85
    endloop
  endfacet
  facet normal 0.7071067811865475 0.7071067811865475 0
    outer loop
      vertex -81.15836550827892 72.65619492297485 87.8
      vertex -80.84380507702515 72.34163449172108 85
      vertex -81.15836550827892 72.65619492297485 85
    endloop
  endfacet
  facet normal 0.453990499739527 0.891006524188378 0
    outer loop
      vertex -80.125 71.81939203391613 87.8
      vertex -79.72863073307215 71.61743180501895 85
      vertex -80.125 71.81939203391613 85
    endloop
  endfacet
  facet normal 0.3583679495453039 0.9335804264972004 0
    outer loop
      vertex -79.72863073307215 71.61743180501895 87.8
      vertex -79.31332222609353 71.4580098057456 85
      vertex -79.72863073307215 71.61743180501895 85
    endloop
  endfacet
  facet normal 0.2588190451025243 0.9659258262890673 0
    outer loop
      vertex -79.31332222609353 71.4580098057456 87.8
      vertex -78.88362468597548 71.34287269688133 85
      vertex -79.31332222609353 71.4580098057456 85
    endloop
  endfacet
  facet normal 0.5446390386215869 -0.8386705656032967 0
    outer loop
      vertex -85.73391714692116 65.79102843254805 88.1
      vertex -85.92704467475414 65.66560994833708 85
      vertex -85.73391714692116 65.79102843254805 85
    endloop
  endfacet
  facet normal 0.5000000159888526 -0.8660253945532701 0
    outer loop
      vertex -85.4619715064764 65.9480363279581 88.1
      vertex -85.73391714692116 65.79102843254805 85
      vertex -85.4619715064764 65.9480363279581 85
    endloop
  endfacet
  facet normal 0.45399049715109746 -0.8910065255072487 0
    outer loop
      vertex -85.25679212063551 66.05258044600487 88.1
      vertex -85.4619715064764 65.9480363279581 85
      vertex -85.25679212063551 66.05258044600487 85
    endloop
  endfacet
  facet normal 0.4067366393666262 -0.9135454592940315 0
    outer loop
      vertex -84.9699244722724 66.1803021505475 88.1
      vertex -85.25679212063551 66.05258044600487 85
      vertex -84.9699244722724 66.1803021505475 85
    endloop
  endfacet
  facet normal 0.35836796286708494 -0.9335804213834477 0
    outer loop
      vertex -84.7549412921071 66.26282646507025 88.1
      vertex -84.9699244722724 66.1803021505475 85
      vertex -84.7549412921071 66.26282646507025 85
    endloop
  endfacet
  facet normal 0.3090170141402644 -0.9510565098730126 0
    outer loop
      vertex -84.45629455894232 66.35986267775297 88.1
      vertex -84.7549412921071 66.26282646507025 85
      vertex -84.45629455894232 66.35986267775297 85
    endloop
  endfacet
  facet normal 0.2588190348095959 -0.9659258290470492 0
    outer loop
      vertex -84.23386289179325 66.41946306079626 88.1
      vertex -84.45629455894232 66.35986267775297 85
      vertex -84.23386289179325 66.41946306079626 85
    endloop
  endfacet
  facet normal 0.2079116988919482 -0.9781475990175837 0
    outer loop
      vertex -83.92670915275812 66.48475060611963 88.1
      vertex -84.23386289179325 66.41946306079626 85
      vertex -83.92670915275812 66.48475060611963 85
    endloop
  endfacet
  facet normal 0.15643448594102635 -0.9876883372847768 0
    outer loop
      vertex -83.69926605373621 66.52077405899763 88.1
      vertex -83.92670915275812 66.48475060611963 85
      vertex -83.69926605373621 66.52077405899763 85
    endloop
  endfacet
  facet normal 0.10452847116952207 -0.9945218945377534 0
    outer loop
      vertex -83.38697052747011 66.55359764397144 88.1
      vertex -83.69926605373621 66.52077405899763 85
      vertex -83.38697052747011 66.55359764397144 85
    endloop
  endfacet
  facet normal 0.05233597530376362 -0.9986295337556385 0
    outer loop
      vertex -83.15700788795948 66.56564947962761 88.1
      vertex -83.38697052747011 66.55359764397144 85
      vertex -83.15700788795948 66.56564947962761 85
    endloop
  endfacet
  facet normal 0 -1 0
    outer loop
      vertex -82.84299213439226 66.56564947962761 88.1
      vertex -83.15700788795948 66.56564947962761 85
      vertex -82.84299213439226 66.56564947962761 85
    endloop
  endfacet
  facet normal -0.052335978685751045 -0.9986295335783959 0
    outer loop
      vertex -82.61302950978279 66.55359764397144 88.1
      vertex -82.84299213439226 66.56564947962761 85
      vertex -82.61302950978279 66.55359764397144 85
    endloop
  endfacet
  facet normal -0.10452847116952207 -0.9945218945377534 0
    outer loop
      vertex -82.3007339835167 66.52077405899763 88.1
      vertex -82.61302950978279 66.55359764397144 85
      vertex -82.3007339835167 66.52077405899763 85
    endloop
  endfacet
  facet normal -0.15643446280779136 -0.9876883409487213 0
    outer loop
      vertex -82.07329094409943 66.4847506210208 88.1
      vertex -82.3007339835167 66.52077405899763 85
      vertex -82.07329094409943 66.4847506210208 85
    endloop
  endfacet
  facet normal -0.20791166994030516 -0.9781476051714453 0
    outer loop
      vertex -81.76613716036081 66.41946307569742 88.1
      vertex -82.07329094409943 66.4847506210208 85
      vertex -81.76613716036081 66.41946307569742 85
    endloop
  endfacet
  facet normal -0.2588190348095959 -0.9659258290470492 0
    outer loop
      vertex -81.54370549321175 66.35986269265413 88.1
      vertex -81.76613716036081 66.41946307569742 85
      vertex -81.54370549321175 66.35986269265413 85
    endloop
  endfacet
  facet normal -0.3090169921374998 -0.9510565170221444 0
    outer loop
      vertex -81.2450587823987 66.26282649487257 88.1
      vertex -81.54370549321175 66.35986269265413 85
      vertex -81.2450587823987 66.26282649487257 85
    endloop
  endfacet
  facet normal -0.33380684778386666 -0.9426414951468022 0
    outer loop
      vertex -81.13648664206266 66.22437908500433 88.1
      vertex -81.2450587823987 66.26282649487257 85
      vertex -81.13648664206266 66.22437908500433 85
    endloop
  endfacet
  facet normal -0.35836799530616414 -0.9335804089312506 0
    outer loop
      vertex -81.0469170063734 66.18999651819468 88.1
      vertex -81.13648664206266 66.22437908500433 85
      vertex -81.0469170063734 66.18999651819468 85
    endloop
  endfacet
  facet normal -0.3090169447909515 -0.9510565324059691 0
    outer loop
      vertex -81.0072750672698 66.177116073668 88.1
      vertex -81.0469170063734 66.18999651819468 85
      vertex -81.0072750672698 66.177116073668 85
    endloop
  endfacet
  facet normal -0.25881904240978293 -0.9659258270105853 0
    outer loop
      vertex -80.05706532299519 65.92250814288855 88.1
      vertex -81.0072750672698 66.177116073668 85
      vertex -80.05706532299519 65.92250814288855 85
    endloop
  endfacet
  facet normal -0.20791166647520556 -0.9781476059079749 0
    outer loop
      vertex -80.0162941813469 65.91384197026491 88.1
      vertex -80.05706532299519 65.92250814288855 85
      vertex -80.0162941813469 65.91384197026491 85
    endloop
  endfacet
  facet normal -0.15643446925897514 -0.9876883399269542 0
    outer loop
      vertex -79.04467616975307 65.75995279103518 88.1
      vertex -80.0162941813469 65.91384197026491 85
      vertex -79.04467616975307 65.75995279103518 85
    endloop
  endfacet
  facet normal -0.10452855862418647 -0.9945218853458931 0
    outer loop
      vertex -79.00322216749191 65.75559579581022 88.1
      vertex -79.04467616975307 65.75995279103518 85
      vertex -79.00322216749191 65.75559579581022 85
    endloop
  endfacet
  facet normal 0.9659258262890673 -0.2588190451025243 0
    outer loop
      vertex -82.0419901942544 76.81332222609353 87.8
      vertex -82.15712730311867 76.38362468597548 85
      vertex -82.0419901942544 76.81332222609353 85
    endloop
  endfacet
  facet normal 0.9335804264972004 -0.3583679495453039 0
    outer loop
      vertex -81.88256819498105 77.22863073307215 87.8
      vertex -82.0419901942544 76.81332222609353 85
      vertex -81.88256819498105 77.22863073307215 85
    endloop
  endfacet
  facet normal 0.891006524188378 -0.453990499739527 0
    outer loop
      vertex -81.68060796608387 77.625 87.8
      vertex -81.88256819498105 77.22863073307215 85
      vertex -81.68060796608387 77.625 85
    endloop
  endfacet
  facet normal 0.8386705679454243 -0.5446390350150268 0
    outer loop
      vertex -81.43832222609353 77.99808732224301 87.8
      vertex -81.68060796608387 77.625 85
      vertex -81.43832222609353 77.99808732224301 85
    endloop
  endfacet
  facet normal 0.777145961456963 -0.629320391049847 0
    outer loop
      vertex -81.15836550827892 78.34380507702515 87.8
      vertex -81.43832222609353 77.99808732224301 85
      vertex -81.15836550827892 78.34380507702515 85
    endloop
  endfacet
  facet normal 0.7071067811865475 -0.7071067811865475 0
    outer loop
      vertex -80.84380507702515 78.65836550827892 87.8
      vertex -81.15836550827892 78.34380507702515 85
      vertex -80.84380507702515 78.65836550827892 85
    endloop
  endfacet
  facet normal 0.629320391049847 -0.777145961456963 0
    outer loop
      vertex -80.49808732224301 78.93832222609353 87.8
      vertex -80.84380507702515 78.65836550827892 85
      vertex -80.49808732224301 78.93832222609353 85
    endloop
  endfacet
  facet normal 0.5446390350150268 -0.8386705679454243 0
    outer loop
      vertex -80.125 79.18060796608387 87.8
      vertex -80.49808732224301 78.93832222609353 85
      vertex -80.125 79.18060796608387 85
    endloop
  endfacet
  facet normal 0.453990499739527 -0.891006524188378 0
    outer loop
      vertex -79.72863073307215 79.38256819498105 87.8
      vertex -80.125 79.18060796608387 85
      vertex -79.72863073307215 79.38256819498105 85
    endloop
  endfacet
  facet normal 0.3583679495453039 -0.9335804264972004 0
    outer loop
      vertex -79.31332222609353 79.5419901942544 87.8
      vertex -79.72863073307215 79.38256819498105 85
      vertex -79.31332222609353 79.5419901942544 85
    endloop
  endfacet
  facet normal 0.2588190451025243 -0.9659258262890673 0
    outer loop
      vertex -78.88362468597548 79.65712730311867 87.8
      vertex -79.31332222609353 79.5419901942544 85
      vertex -78.88362468597548 79.65712730311867 85
    endloop
  endfacet
  facet normal 0.1564344650402362 0.987688340595137 0
    outer loop
      vertex -78.88362468597548 71.34287269688133 87.8
      vertex -78.44424596888753 71.27328194468484 85
      vertex -78.88362468597548 71.34287269688133 85
    endloop
  endfacet
  facet normal 0.05233595624294646 0.9986295347545738 0
    outer loop
      vertex -78.44424596888753 71.27328194468484 87.8
      vertex -78 71.25 85
      vertex -78.44424596888753 71.27328194468484 85
    endloop
  endfacet
  facet normal -0.05233595624294646 0.9986295347545738 0
    outer loop
      vertex -78 71.25 87.8
      vertex -77.55575403111247 71.27328194468484 85
      vertex -78 71.25 85
    endloop
  endfacet
  facet normal -0.1564344650402362 0.987688340595137 0
    outer loop
      vertex -77.55575403111247 71.27328194468484 87.8
      vertex -77.11637531402452 71.34287269688133 85
      vertex -77.55575403111247 71.27328194468484 85
    endloop
  endfacet
  facet normal -0.2588190451025243 0.9659258262890673 0
    outer loop
      vertex -77.11637531402452 71.34287269688133 87.8
      vertex -76.68667777390647 71.4580098057456 85
      vertex -77.11637531402452 71.34287269688133 85
    endloop
  endfacet
  facet normal -0.3583679495453039 0.9335804264972004 0
    outer loop
      vertex -76.68667777390647 71.4580098057456 87.8
      vertex -76.27136926692785 71.61743180501895 85
      vertex -76.68667777390647 71.4580098057456 85
    endloop
  endfacet
  facet normal -0.453990499739527 0.891006524188378 0
    outer loop
      vertex -76.27136926692785 71.61743180501895 87.8
      vertex -75.875 71.81939203391613 85
      vertex -76.27136926692785 71.61743180501895 85
    endloop
  endfacet
  facet normal -0.5446390350150268 0.8386705679454243 0
    outer loop
      vertex -75.875 71.81939203391613 87.8
      vertex -75.50191267775699 72.06167777390647 85
      vertex -75.875 71.81939203391613 85
    endloop
  endfacet
  facet normal -0.629320391049847 0.777145961456963 0
    outer loop
      vertex -75.50191267775699 72.06167777390647 87.8
      vertex -75.15619492297485 72.34163449172108 85
      vertex -75.50191267775699 72.06167777390647 85
    endloop
  endfacet
  facet normal -0.7071067811865475 0.7071067811865475 0
    outer loop
      vertex -75.15619492297485 72.34163449172108 87.8
      vertex -74.84163449172108 72.65619492297485 85
      vertex -75.15619492297485 72.34163449172108 85
    endloop
  endfacet
  facet normal -0.777145961456963 0.629320391049847 0
    outer loop
      vertex -74.84163449172108 72.65619492297485 87.8
      vertex -74.56167777390647 73.00191267775699 85
      vertex -74.84163449172108 72.65619492297485 85
    endloop
  endfacet
  facet normal -0.8386705679454243 0.5446390350150268 0
    outer loop
      vertex -74.56167777390647 73.00191267775699 87.8
      vertex -74.31939203391613 73.375 85
      vertex -74.56167777390647 73.00191267775699 85
    endloop
  endfacet
  facet normal -0.891006524188378 0.453990499739527 0
    outer loop
      vertex -74.31939203391613 73.375 87.8
      vertex -74.11743180501895 73.77136926692785 85
      vertex -74.31939203391613 73.375 85
    endloop
  endfacet
  facet normal -0.9335804264972004 0.3583679495453039 0
    outer loop
      vertex -74.11743180501895 73.77136926692785 87.8
      vertex -73.9580098057456 74.18667777390647 85
      vertex -74.11743180501895 73.77136926692785 85
    endloop
  endfacet
  facet normal -0.9659258262890673 0.2588190451025243 0
    outer loop
      vertex -73.9580098057456 74.18667777390647 87.8
      vertex -73.84287269688133 74.61637531402452 85
      vertex -73.9580098057456 74.18667777390647 85
    endloop
  endfacet
  facet normal -0.987688340595137 0.1564344650402362 0
    outer loop
      vertex -73.84287269688133 74.61637531402452 87.8
      vertex -73.77328194468484 75.05575403111247 85
      vertex -73.84287269688133 74.61637531402452 85
    endloop
  endfacet
  facet normal -0.9659258262890673 -0.2588190451025243 0
    outer loop
      vertex -73.84287269688133 76.38362468597548 87.8
      vertex -73.9580098057456 76.81332222609353 85
      vertex -73.84287269688133 76.38362468597548 85
    endloop
  endfacet
  facet normal -0.9986295347545738 0.05233595624294646 0
    outer loop
      vertex -73.77328194468484 75.05575403111247 87.8
      vertex -73.75 75.5 85
      vertex -73.77328194468484 75.05575403111247 85
    endloop
  endfacet
  facet normal -0.9986295347545738 -0.05233595624294646 0
    outer loop
      vertex -73.75 75.5 87.8
      vertex -73.77328194468484 75.94424596888753 85
      vertex -73.75 75.5 85
    endloop
  endfacet
  facet normal -0.987688340595137 -0.1564344650402362 0
    outer loop
      vertex -73.77328194468484 75.94424596888753 87.8
      vertex -73.84287269688133 76.38362468597548 85
      vertex -73.77328194468484 75.94424596888753 85
    endloop
  endfacet
  facet normal -0.05233594522572854 -0.9986295353319616 0
    outer loop
      vertex -78.020841114223 65.70411139726639 88.1
      vertex -79.00322216749191 65.75559579581022 85
      vertex -78.020841114223 65.70411139726639 85
    endloop
  endfacet
  facet normal 0 -1 0
    outer loop
      vertex -77.979158885777 65.70411139726639 88.1
      vertex -78.020841114223 65.70411139726639 85
      vertex -77.979158885777 65.70411139726639 85
    endloop
  endfacet
  facet normal 0.05233595043587718 -0.9986295350589092 0
    outer loop
      vertex -76.99677764624357 65.75559581071138 88.1
      vertex -77.979158885777 65.70411139726639 85
      vertex -76.99677764624357 65.75559581071138 85
    endloop
  endfacet
  facet normal 0.10452837120427874 -0.9945219050445196 0
    outer loop
      vertex -76.9553239941597 65.75995276123285 88.1
      vertex -76.99677764624357 65.75559581071138 85
      vertex -76.9553239941597 65.75995276123285 85
    endloop
  endfacet
  facet normal 0.15643446684979345 -0.9876883403085313 0
    outer loop
      vertex -75.98370582610369 65.91384196281433 88.1
      vertex -76.9553239941597 65.75995276123285 85
      vertex -75.98370582610369 65.91384196281433 85
    endloop
  endfacet
  facet normal 0.20791171770419659 -0.9781475950189167 0
    outer loop
      vertex -75.94293462485075 65.92250815033913 88.1
      vertex -75.98370582610369 65.91384196281433 85
      vertex -75.94293462485075 65.92250815033913 85
    endloop
  endfacet
  facet normal 0.2588190402808679 -0.9659258275810262 0
    outer loop
      vertex -74.99272506684065 66.17711602896452 88.1
      vertex -75.94293462485075 65.92250815033913 85
      vertex -74.99272506684065 66.17711602896452 85
    endloop
  endfacet
  facet normal 0.3090170019239249 -0.9510565138423422 0
    outer loop
      vertex -74.95308281481266 66.18999657779932 88.1
      vertex -74.99272506684065 66.17711602896452 85
      vertex -74.95308281481266 66.18999657779932 85
    endloop
  endfacet
  facet normal 0.3583679532947957 -0.9335804250579053 0
    outer loop
      vertex -74.03469233214855 66.54253365844488 88.1
      vertex -74.95308281481266 66.18999657779932 85
      vertex -74.03469233214855 66.54253365844488 85
    endloop
  endfacet
  facet normal 0.40673659644479404 -0.9135454784040611 0
    outer loop
      vertex -73.9966139793396 66.55948723107576 88.1
      vertex -74.03469233214855 66.54253365844488 85
      vertex -73.9966139793396 66.55948723107576 85
    endloop
  endfacet
  facet normal 0.45399049694617966 -0.8910065256116595 0
    outer loop
      vertex -73.12010453641415 67.00609109550714 88.1
      vertex -73.9966139793396 66.55948723107576 85
      vertex -73.12010453641415 67.00609109550714 85
    endloop
  endfacet
  facet normal 0.5000000371874168 -0.8660253823142725 0
    outer loop
      vertex -73.08400689065456 67.02693208307028 88.1
      vertex -73.12010453641415 67.00609109550714 85
      vertex -73.08400689065456 67.02693208307028 85
    endloop
  endfacet
  facet normal 0.5446390309104264 -0.8386705706109828 0
    outer loop
      vertex -72.2589817866683 67.56270964443684 88.1
      vertex -73.08400689065456 67.02693208307028 85
      vertex -72.2589817866683 67.56270964443684 85
    endloop
  endfacet
  facet normal 0.5877852809311274 -0.8090169735677465 0
    outer loop
      vertex -72.2252604663372 67.5872096195817 88.1
      vertex -72.2589817866683 67.56270964443684 85
      vertex -72.2252604663372 67.5872096195817 85
    endloop
  endfacet
  facet normal 0.629320388941731 -0.7771459631640818 0
    outer loop
      vertex -71.46075896918774 68.20629072189331 88.1
      vertex -72.2252604663372 67.5872096195817 85
      vertex -71.46075896918774 68.20629072189331 85
    endloop
  endfacet
  facet normal 0.6691306148717219 -0.7431448178123772 0
    outer loop
      vertex -71.4297831878066 68.23418144136667 88.1
      vertex -71.46075896918774 68.20629072189331 85
      vertex -71.4297831878066 68.23418144136667 85
    endloop
  endfacet
  facet normal 0.7071067811865476 -0.7071067811865476 0
    outer loop
      vertex -70.73418152332306 68.92978310585022 88.1
      vertex -71.4297831878066 68.23418144136667 85
      vertex -70.73418152332306 68.92978310585022 85
    endloop
  endfacet
  facet normal 0.7431447916140289 -0.6691306439679336 0
    outer loop
      vertex -70.70629071444273 68.9607589840889 88.1
      vertex -70.73418152332306 68.92978310585022 85
      vertex -70.70629071444273 68.9607589840889 85
    endloop
  endfacet
  facet normal 0.7771459649356746 -0.6293203867539962 0
    outer loop
      vertex -70.08720956742764 69.72526054084301 88.1
      vertex -70.70629071444273 68.9607589840889 85
      vertex -70.08720956742764 69.72526054084301 85
    endloop
  endfacet
  facet normal 0.809016951006471 -0.5877853119840554 0
    outer loop
      vertex -70.06270964443684 69.7589817866683 88.1
      vertex -70.08720956742764 69.72526054084301 85
      vertex -70.06270964443684 69.7589817866683 85
    endloop
  endfacet
  facet normal 0.8386705706109828 -0.5446390309104264 0
    outer loop
      vertex -69.52693208307028 70.58400689065456 88.1
      vertex -70.06270964443684 69.7589817866683 85
      vertex -69.52693208307028 70.58400689065456 85
    endloop
  endfacet
  facet normal 0.8660253823142725 -0.5000000371874168 0
    outer loop
      vertex -69.50609109550714 70.62010453641415 88.1
      vertex -69.52693208307028 70.58400689065456 85
      vertex -69.50609109550714 70.62010453641415 85
    endloop
  endfacet
  facet normal 0.8910065239339101 -0.4539905002389483 0
    outer loop
      vertex -69.05948724597692 71.4966139420867 88.1
      vertex -69.50609109550714 70.62010453641415 85
      vertex -69.05948724597692 71.4966139420867 85
    endloop
  endfacet
  facet normal 0.9135454784040611 -0.40673659644479404 0
    outer loop
      vertex -69.04253367334604 71.53469229489565 88.1
      vertex -69.05948724597692 71.4966139420867 85
      vertex -69.04253367334604 71.53469229489565 85
    endloop
  endfacet
  facet normal 0.9335804263899657 -0.3583679498246596 0
    outer loop
      vertex -68.689996547997 72.45308290421963 88.1
      vertex -69.04253367334604 71.53469229489565 85
      vertex -68.689996547997 72.45308290421963 85
    endloop
  endfacet
  facet normal 0.9510565073812202 -0.3090170218092126 0
    outer loop
      vertex -68.67711605876684 72.4927249699831 88.1
      vertex -68.689996547997 72.45308290421963 85
      vertex -68.67711605876684 72.4927249699831 85
    endloop
  endfacet
  facet normal 0.9659258272460467 -0.25881904153102836 0
    outer loop
      vertex -68.42250814288855 73.44293466210365 88.1
      vertex -68.67711605876684 72.4927249699831 85
      vertex -68.42250814288855 73.44293466210365 85
    endloop
  endfacet
  facet normal 0.9781476059079749 -0.20791166647520556 0
    outer loop
      vertex -68.41384197026491 73.48370580375195 88.1
      vertex -68.42250814288855 73.44293466210365 85
      vertex -68.41384197026491 73.48370580375195 85
    endloop
  endfacet
  facet normal 0.9876883399269542 -0.15643446925897514 0
    outer loop
      vertex -68.25995279103518 74.45532381534576 88.1
      vertex -68.41384197026491 73.48370580375195 85
      vertex -68.25995279103518 74.45532381534576 85
    endloop
  endfacet
  facet normal 0.9945218853458931 -0.10452855862418647 0
    outer loop
      vertex -68.25559579581022 74.49677781760693 88.1
      vertex -68.25995279103518 74.45532381534576 85
      vertex -68.25559579581022 74.49677781760693 85
    endloop
  endfacet
  facet normal 0.9986295353319616 -0.05233594522572854 0
    outer loop
      vertex -68.20411139726639 75.47915887087584 88.1
      vertex -68.25559579581022 74.49677781760693 85
      vertex -68.20411139726639 75.47915887087584 85
    endloop
  endfacet
  facet normal 1 0 0
    outer loop
      vertex -68.20411139726639 75.52084110677242 88.1
      vertex -68.20411139726639 75.47915887087584 85
      vertex -68.20411139726639 75.52084110677242 85
    endloop
  endfacet
  facet normal 0.9986295350174192 0.05233595122755594 0
    outer loop
      vertex -68.25559581071138 76.50322233140469 88.1
      vertex -68.20411139726639 75.52084110677242 85
      vertex -68.25559581071138 76.50322233140469 85
    endloop
  endfacet
  facet normal 0.994521906997554 0.10452835262237818 0
    outer loop
      vertex -68.25995276123285 76.54467599093914 88.1
      vertex -68.25559581071138 76.50322233140469 85
      vertex -68.25995276123285 76.54467599093914 85
    endloop
  endfacet
  facet normal -0.453990499739527 -0.891006524188378 0
    outer loop
      vertex -75.875 79.18060796608387 87.8
      vertex -76.27136926692785 79.38256819498105 85
      vertex -75.875 79.18060796608387 85
    endloop
  endfacet
  facet normal 0.1564344650402362 -0.987688340595137 0
    outer loop
      vertex -78.44424596888753 79.72671805531516 87.8
      vertex -78.88362468597548 79.65712730311867 85
      vertex -78.44424596888753 79.72671805531516 85
    endloop
  endfacet
  facet normal 0.05233595624294646 -0.9986295347545738 0
    outer loop
      vertex -78 79.75 87.8
      vertex -78.44424596888753 79.72671805531516 85
      vertex -78 79.75 85
    endloop
  endfacet
  facet normal -0.05233595624294646 -0.9986295347545738 0
    outer loop
      vertex -77.55575403111247 79.72671805531516 87.8
      vertex -78 79.75 85
      vertex -77.55575403111247 79.72671805531516 85
    endloop
  endfacet
  facet normal -0.1564344650402362 -0.987688340595137 0
    outer loop
      vertex -77.11637531402452 79.65712730311867 87.8
      vertex -77.55575403111247 79.72671805531516 85
      vertex -77.11637531402452 79.65712730311867 85
    endloop
  endfacet
  facet normal -0.2588190451025243 -0.9659258262890673 0
    outer loop
      vertex -76.68667777390647 79.5419901942544 87.8
      vertex -77.11637531402452 79.65712730311867 85
      vertex -76.68667777390647 79.5419901942544 85
    endloop
  endfacet
  facet normal -0.3583679495453039 -0.9335804264972004 0
    outer loop
      vertex -76.27136926692785 79.38256819498105 87.8
      vertex -76.68667777390647 79.5419901942544 85
      vertex -76.27136926692785 79.38256819498105 85
    endloop
  endfacet
  facet normal -0.5446390350150268 -0.8386705679454243 0
    outer loop
      vertex -75.50191267775699 78.93832222609353 87.8
      vertex -75.875 79.18060796608387 85
      vertex -75.50191267775699 78.93832222609353 85
    endloop
  endfacet
  facet normal -0.629320391049847 -0.777145961456963 0
    outer loop
      vertex -75.15619492297485 78.65836550827892 87.8
      vertex -75.50191267775699 78.93832222609353 85
      vertex -75.15619492297485 78.65836550827892 85
    endloop
  endfacet
  facet normal -0.7071067811865475 -0.7071067811865475 0
    outer loop
      vertex -74.84163449172108 78.34380507702515 87.8
      vertex -75.15619492297485 78.65836550827892 85
      vertex -74.84163449172108 78.34380507702515 85
    endloop
  endfacet
  facet normal -0.777145961456963 -0.629320391049847 0
    outer loop
      vertex -74.56167777390647 77.99808732224301 87.8
      vertex -74.84163449172108 78.34380507702515 85
      vertex -74.56167777390647 77.99808732224301 85
    endloop
  endfacet
  facet normal -0.9335804264972004 -0.3583679495453039 0
    outer loop
      vertex -73.9580098057456 76.81332222609353 87.8
      vertex -74.11743180501895 77.22863073307215 85
      vertex -73.9580098057456 76.81332222609353 85
    endloop
  endfacet
  facet normal -0.891006524188378 -0.453990499739527 0
    outer loop
      vertex -74.11743180501895 77.22863073307215 87.8
      vertex -74.31939203391613 77.625 85
      vertex -74.11743180501895 77.22863073307215 85
    endloop
  endfacet
  facet normal -0.8386705679454243 -0.5446390350150268 0
    outer loop
      vertex -74.31939203391613 77.625 87.8
      vertex -74.56167777390647 77.99808732224301 85
      vertex -74.31939203391613 77.625 85
    endloop
  endfacet
  facet normal 0.9876883403085313 0.15643446684979345 0
    outer loop
      vertex -68.41384196281433 77.51629415899515 88.1
      vertex -68.25995276123285 76.54467599093914 85
      vertex -68.41384196281433 77.51629415899515 85
    endloop
  endfacet
  facet normal 0.9781475950189167 0.20791171770419659 0
    outer loop
      vertex -68.42250815033913 77.55706536024809 88.1
      vertex -68.41384196281433 77.51629415899515 85
      vertex -68.42250815033913 77.55706536024809 85
    endloop
  endfacet
  facet normal 0.9659258272096208 0.2588190416669718 0
    outer loop
      vertex -68.6771160364151 78.50727494060993 88.1
      vertex -68.42250815033913 77.55706536024809 85
      vertex -68.6771160364151 78.50727494060993 85
    endloop
  endfacet
  facet normal 0.9335804228431335 0.35836795906447355 0
    outer loop
      vertex -68.72437911480665 78.63648672401905 88.1
      vertex -68.68999654054642 78.54691705852747 85
      vertex -68.72437911480665 78.63648672401905 85
    endloop
  endfacet
  facet normal 0.9510565217981466 0.30901697743847567 0
    outer loop
      vertex -68.68999654054642 78.54691705852747 88.1
      vertex -68.6771160364151 78.50727494060993 85
      vertex -68.68999654054642 78.54691705852747 85
    endloop
  endfacet
  facet normal 0.938191352423166 0.34611701235043446 0
    outer loop
      vertex -68.7443134561181 78.69052112847567 88.1
      vertex -68.72437911480665 78.63648672401905 85
      vertex -68.7443134561181 78.69052112847567 85
    endloop
  endfacet
  facet normal 0.9426414962864855 0.3338068445654997 0
    outer loop
      vertex -68.79674170911312 78.83857395499945 88.1
      vertex -68.7443134561181 78.69052112847567 85
      vertex -68.79674170911312 78.83857395499945 85
    endloop
  endfacet
  facet normal 0.9550199458107742 0.29654157061630665 0
    outer loop
      vertex -68.84796722978354 79.00354709476233 88.1
      vertex -68.79674170911312 78.83857395499945 85
      vertex -68.84796722978354 79.00354709476233 85
    endloop
  endfacet
  facet normal 0.9659258237320325 0.25881905464550803 0
    outer loop
      vertex -68.92924048751593 79.30686300992966 88.1
      vertex -68.84796722978354 79.00354709476233 85
      vertex -68.92924048751593 79.30686300992966 85
    endloop
  endfacet
  facet normal 0.9781475994074664 0.20791169705769463 0
    outer loop
      vertex -68.97711802273989 79.53210909664631 88.1
      vertex -68.92924048751593 79.30686300992966 85
      vertex -68.97711802273989 79.53210909664631 85
    endloop
  endfacet
  facet normal 0.9876883396870251 0.15643447077382908 0
    outer loop
      vertex -69.02624090760946 79.8422587737441 88.1
      vertex -68.97711802273989 79.53210909664631 85
      vertex -69.02624090760946 79.8422587737441 85
    endloop
  endfacet
  facet normal 0.9945218961410265 0.10452845591539826 0
    outer loop
      vertex -69.05031153559685 80.07127551734447 88.1
      vertex -69.02624090760946 79.8422587737441 85
      vertex -69.05031153559685 80.07127551734447 85
    endloop
  endfacet
  facet normal 0.9986295351212079 0.05233594924714904 0
    outer loop
      vertex -69.06674584746361 80.38486091047525 88.1
      vertex -69.05031153559685 80.07127551734447 85
      vertex -69.06674584746361 80.38486091047525 85
    endloop
  endfacet
  facet normal 1 0 0
    outer loop
      vertex -69.06674584746361 80.61513908952475 88.1
      vertex -69.06674584746361 80.38486091047525 85
      vertex -69.06674584746361 80.61513908952475 85
    endloop
  endfacet
  facet normal 0.9986295353811633 -0.05233594428690367 0
    outer loop
      vertex -69.05031153559685 80.92872451245785 88.1
      vertex -69.06674584746361 80.61513908952475 85
      vertex -69.05031153559685 80.92872451245785 85
    endloop
  endfacet
  facet normal 0.9945218947269713 -0.10452846936923531 0
    outer loop
      vertex -69.02624090760946 81.1577412262559 88.1
      vertex -69.05031153559685 80.92872451245785 85
      vertex -69.02624090760946 81.1577412262559 85
    endloop
  endfacet
  facet normal 0.9876883408482959 -0.15643446344185244 0
    outer loop
      vertex -68.97711802273989 81.46789091825485 88.1
      vertex -69.02624090760946 81.1577412262559 85
      vertex -68.97711802273989 81.46789091825485 85
    endloop
  endfacet
  facet normal 0.978147596610256 -0.2079117102175342 0
    outer loop
      vertex -68.92924048751593 81.69313699007034 88.1
      vertex -68.97711802273989 81.46789091825485 85
      vertex -68.92924048751593 81.69313699007034 85
    endloop
  endfacet
  facet normal 0.9659258237320325 -0.25881905464550803 0
    outer loop
      vertex -68.84796722978354 81.99645290523767 88.1
      vertex -68.92924048751593 81.69313699007034 85
      vertex -68.84796722978354 81.99645290523767 85
    endloop
  endfacet
  facet normal 0.9510565131566553 -0.30901700403425203 0
    outer loop
      vertex -68.7768073529005 82.21546047925949 88.1
      vertex -68.84796722978354 81.99645290523767 85
      vertex -68.7768073529005 82.21546047925949 85
    endloop
  endfacet
  facet normal 0.9335804259992488 -0.358367950842512 0
    outer loop
      vertex -68.66427417844534 82.50861942023039 88.1
      vertex -68.7768073529005 82.21546047925949 85
      vertex -68.66427417844534 82.50861942023039 85
    endloop
  endfacet
  facet normal 0.9135454505486409 -0.40673665900909506 0
    outer loop
      vertex -68.57061159610748 82.71898901462555 88.1
      vertex -68.66427417844534 82.50861942023039 85
      vertex -68.57061159610748 82.71898901462555 85
    endloop
  endfacet
  facet normal 0.8910065259684403 -0.45399049624595805 0
    outer loop
      vertex -68.4280514344573 82.99877908825874 88.1
      vertex -68.57061159610748 82.71898901462555 85
      vertex -68.4280514344573 82.99877908825874 85
    endloop
  endfacet
  facet normal 0.8660254165537549 -0.4999999778828949 0
    outer loop
      vertex -68.31291233748198 83.19820586591959 88.1
      vertex -68.4280514344573 82.99877908825874 85
      vertex -68.31291233748198 83.19820586591959 85
    endloop
  endfacet
  facet normal 0.8386705710716652 -0.5446390302010375 0
    outer loop
      vertex -68.1418870985508 83.46156164258718 88.1
      vertex -68.31291233748198 83.19820586591959 85
      vertex -68.1418870985508 83.46156164258718 85
    endloop
  endfacet
  facet normal 0.8090169972346416 -0.5877852483564419 0
    outer loop
      vertex -68.0065329670906 83.64786062389612 88.1
      vertex -68.1418870985508 83.46156164258718 85
      vertex -68.0065329670906 83.64786062389612 85
    endloop
  endfacet
  facet normal 0.7771459578667896 -0.629320395483342 0
    outer loop
      vertex -67.8089164569974 83.89189668744802 88.1
      vertex -68.0065329670906 83.64786062389612 85
      vertex -67.8089164569974 83.89189668744802 85
    endloop
  endfacet
  facet normal 0.7431448056336751 -0.6691306283975405 0
    outer loop
      vertex -67.65483026206493 84.06302673369646 88.1
      vertex -67.8089164569974 83.89189668744802 85
      vertex -67.65483026206493 84.06302673369646 85
    endloop
  endfacet
  facet normal 0.7071067811865476 -0.7071067811865476 0
    outer loop
      vertex -67.43278760463 84.2850693911314 88.1
      vertex -67.65483026206493 84.06302673369646 85
      vertex -67.43278760463 84.2850693911314 85
    endloop
  endfacet
  facet normal 0.6691306283975405 -0.7431448056336751 0
    outer loop
      vertex -67.26165755838156 84.43915558606386 88.1
      vertex -67.43278760463 84.2850693911314 85
      vertex -67.26165755838156 84.43915558606386 85
    endloop
  endfacet
  facet normal 0.629320395483342 -0.7771459578667896 0
    outer loop
      vertex -67.01762149482965 84.63677209615707 88.1
      vertex -67.26165755838156 84.43915558606386 85
      vertex -67.01762149482965 84.63677209615707 85
    endloop
  endfacet
  facet normal 0.5877852445525733 -0.8090169999983138 0
    outer loop
      vertex -66.83132249116898 84.77212624251842 88.1
      vertex -67.01762149482965 84.63677209615707 85
      vertex -66.83132249116898 84.77212624251842 85
    endloop
  endfacet
  facet normal 0.5446390293369446 -0.8386705716328138 0
    outer loop
      vertex -66.56796673685312 84.94315146654844 88.1
      vertex -66.83132249116898 84.77212624251842 85
      vertex -66.56796673685312 84.94315146654844 85
    endloop
  endfacet
  facet normal 0.4999999778828949 -0.8660254165537549 0
    outer loop
      vertex -66.36853995919228 85.05829056352377 88.1
      vertex -66.56796673685312 84.94315146654844 85
      vertex -66.36853995919228 85.05829056352377 85
    endloop
  endfacet
  facet normal 0.45399049624595805 -0.8910065259684403 0
    outer loop
      vertex -66.08874988555908 85.20085072517395 88.1
      vertex -66.36853995919228 85.05829056352377 85
      vertex -66.08874988555908 85.20085072517395 85
    endloop
  endfacet
  facet normal 0.40673665900909506 -0.9135454505486409 0
    outer loop
      vertex -65.87838029116392 85.2945133075118 88.1
      vertex -66.08874988555908 85.20085072517395 85
      vertex -65.87838029116392 85.2945133075118 85
    endloop
  endfacet
  facet normal 0.358367950842512 -0.9335804259992488 0
    outer loop
      vertex -65.58522135019302 85.40704648196697 88.1
      vertex -65.87838029116392 85.2945133075118 85
      vertex -65.58522135019302 85.40704648196697 85
    endloop
  endfacet
  facet normal 0.30901700403425203 -0.9510565131566553 0
    outer loop
      vertex -65.36621377617121 85.47820635885 88.1
      vertex -65.58522135019302 85.40704648196697 85
      vertex -65.36621377617121 85.47820635885 85
    endloop
  endfacet
  facet normal 0.25881905464550803 -0.9659258237320325 0
    outer loop
      vertex -65.06289786100388 85.5594796165824 88.1
      vertex -65.36621377617121 85.47820635885 85
      vertex -65.06289786100388 85.5594796165824 85
    endloop
  endfacet
  facet normal 0.20791169705769463 -0.9781475994074664 0
    outer loop
      vertex -64.83765177428722 85.60735715180635 88.1
      vertex -65.06289786100388 85.5594796165824 85
      vertex -64.83765177428722 85.60735715180635 85
    endloop
  endfacet
  facet normal 0.15643447077382908 -0.9876883396870251 0
    outer loop
      vertex -64.52750209718943 85.65648003667593 88.1
      vertex -64.83765177428722 85.60735715180635 85
      vertex -64.52750209718943 85.65648003667593 85
    endloop
  endfacet
  facet normal 0.10452845591539826 -0.9945218961410265 0
    outer loop
      vertex -64.29848535358906 85.68055066466331 88.1
      vertex -64.52750209718943 85.65648003667593 85
      vertex -64.29848535358906 85.68055066466331 85
    endloop
  endfacet
  facet normal 0.05233594924714904 -0.9986295351212079 0
    outer loop
      vertex -63.98489996045828 85.69698497653008 88.1
      vertex -64.29848535358906 85.68055066466331 85
      vertex -63.98489996045828 85.69698497653008 85
    endloop
  endfacet
  facet normal 0.026176976785963785 -0.9996573242298319 0
    outer loop
      vertex -63.86976087093353 85.70000000298023 88.1
      vertex -63.98489996045828 85.69698497653008 85
      vertex -63.86976087093353 85.70000000298023 85
    endloop
  endfacet
  facet normal 0.9999143270843383 -0.013089632977087236 0
    outer loop
      vertex -88.19924611598253 61.427350141108036 88.1
      vertex -88.20000000298023 61.36976087093353 88.1
      vertex -88.20000000298023 61.36976087093353 85
    endloop
  endfacet
  facet normal 0.9996573251385337 -0.02617694208405647 0
    outer loop
      vertex -88.19924611598253 61.427350141108036 88.1
      vertex -88.19924611598253 61.427350141108036 85
      vertex -88.19513472169638 61.58435799181461 88.1
    endloop
  endfacet
  facet normal 0.9978589228097784 -0.06540313577275131 0
    outer loop
      vertex -88.19513472169638 61.58435799181461 88.1
      vertex -88.19513472169638 61.58435799181461 85
      vertex -88.18383677303791 61.75673136115074 88.1
    endloop
  endfacet
  facet normal 0.9945218945377534 -0.10452847116952207 0
    outer loop
      vertex -88.18383677303791 61.75673136115074 88.1
      vertex -88.18383677303791 61.75673136115074 85
      vertex -88.1510131880641 62.06902688741684 88.1
    endloop
  endfacet
  facet normal 0.9876883409487213 -0.15643446280779136 0
    outer loop
      vertex -88.1510131880641 62.06902688741684 88.1
      vertex -88.1510131880641 62.06902688741684 85
      vertex -88.11498975008726 62.296469926834106 88.1
    endloop
  endfacet
  facet normal 0.9781476051714453 -0.20791166994030516 0
    outer loop
      vertex -88.11498975008726 62.296469926834106 88.1
      vertex -88.11498975008726 62.296469926834106 85
      vertex -88.04970220476389 62.60362371057272 88.1
    endloop
  endfacet
  facet normal 0.9659258290470492 -0.2588190348095959 0
    outer loop
      vertex -88.04970220476389 62.60362371057272 88.1
      vertex -88.04970220476389 62.60362371057272 85
      vertex -87.9901018217206 62.82605537772179 88.1
    endloop
  endfacet
  facet normal 0.9510565170221444 -0.3090169921374998 0
    outer loop
      vertex -87.9901018217206 62.82605537772179 88.1
      vertex -87.9901018217206 62.82605537772179 85
      vertex -87.89306562393904 63.12470208853483 88.1
    endloop
  endfacet
  facet normal 0.9335804246653443 -0.358367954317452 0
    outer loop
      vertex -87.89306562393904 63.12470208853483 88.1
      vertex -87.89306562393904 63.12470208853483 85
      vertex -87.81054129451513 63.339685313403606 88.1
    endloop
  endfacet
  facet normal 0.9135454592940315 -0.4067366393666262 0
    outer loop
      vertex -87.81054129451513 63.339685313403606 88.1
      vertex -87.81054129451513 63.339685313403606 85
      vertex -87.6828195899725 63.62655296176672 88.1
    endloop
  endfacet
  facet normal 0.8910065316771233 -0.45399048504203626 0
    outer loop
      vertex -87.6828195899725 63.62655296176672 88.1
      vertex -87.6828195899725 63.62655296176672 85
      vertex -87.5782754868269 63.83173232525587 88.1
    endloop
  endfacet
  facet normal 0.8660254119224733 -0.4999999859045104 0
    outer loop
      vertex -87.5782754868269 63.83173232525587 88.1
      vertex -87.5782754868269 63.83173232525587 85
      vertex -87.42126762121916 64.1036779358983 88.1
    endloop
  endfacet
  facet normal 0.838670568489005 -0.5446390341779859 0
    outer loop
      vertex -87.42126762121916 64.1036779358983 88.1
      vertex -87.42126762121916 64.1036779358983 85
      vertex -87.29584909975529 64.29680552333593 88.1
    endloop
  endfacet
  facet normal 0.8090169939650439 -0.587785252856657 0
    outer loop
      vertex -87.29584909975529 64.29680552333593 88.1
      vertex -87.29584909975529 64.29680552333593 85
      vertex -87.11127527803183 64.55084959417582 88.1
    endloop
  endfacet
  facet normal 0.7771459604869388 -0.6293203922477272 0
    outer loop
      vertex -87.11127527803183 64.55084959417582 88.1
      vertex -87.11127527803183 64.55084959417582 85
      vertex -86.96635649353266 64.72980938851833 88.1
    endloop
  endfacet
  facet normal 0.7431448177612162 -0.669130614928542 0
    outer loop
      vertex -86.96635649353266 64.72980938851833 88.1
      vertex -86.96635649353266 64.72980938851833 85
      vertex -86.75623895227909 64.963168554008 88.1
    endloop
  endfacet
  facet normal 0.7071067811865475 -0.7071067811865475 0
    outer loop
      vertex -86.75623895227909 64.963168554008 88.1
      vertex -86.75623895227909 64.963168554008 85
      vertex -86.59340770542622 65.12599980086088 88.1
    endloop
  endfacet
  facet normal 0.6691306175386421 -0.7431448154110712 0
    outer loop
      vertex -86.59340770542622 65.12599980086088 88.1
      vertex -86.59340770542622 65.12599980086088 85
      vertex -86.36004852503538 65.33611735701561 88.1
    endloop
  endfacet
  facet normal 0.6293203848137808 -0.77714596650683 0
    outer loop
      vertex -86.36004852503538 65.33611735701561 88.1
      vertex -86.36004852503538 65.33611735701561 85
      vertex -86.18108874559402 65.48103612661362 88.1
    endloop
  endfacet
  facet normal 0.587785252856657 -0.8090169939650439 0
    outer loop
      vertex -86.18108874559402 65.48103612661362 88.1
      vertex -86.18108874559402 65.48103612661362 85
      vertex -85.92704467475414 65.66560994833708 88.1
    endloop
  endfacet
  facet normal 0.891006524188378 0.453990499739527 0
    outer loop
      vertex -81.68060796608387 73.375 87.8
      vertex -81.68060796608387 73.375 85
      vertex -81.88256819498105 73.77136926692785 87.8
    endloop
  endfacet
  facet normal 0.9335804264972004 0.3583679495453039 0
    outer loop
      vertex -82.0419901942544 74.18667777390647 87.8
      vertex -81.88256819498105 73.77136926692785 87.8
      vertex -81.88256819498105 73.77136926692785 85
    endloop
  endfacet
  facet normal 0.9659258262890673 0.2588190451025243 0
    outer loop
      vertex -82.0419901942544 74.18667777390647 87.8
      vertex -82.0419901942544 74.18667777390647 85
      vertex -82.15712730311867 74.61637531402452 87.8
    endloop
  endfacet
  facet normal 0.987688340595137 0.1564344650402362 0
    outer loop
      vertex -82.15712730311867 74.61637531402452 87.8
      vertex -82.15712730311867 74.61637531402452 85
      vertex -82.22671805531516 75.05575403111247 87.8
    endloop
  endfacet
  facet normal 0.9986295347545738 0.05233595624294646 0
    outer loop
      vertex -82.22671805531516 75.05575403111247 87.8
      vertex -82.22671805531516 75.05575403111247 85
      vertex -82.25 75.5 87.8
    endloop
  endfacet
  facet normal 0.9986295347545738 -0.05233595624294646 0
    outer loop
      vertex -82.25 75.5 87.8
      vertex -82.25 75.5 85
      vertex -82.22671805531516 75.94424596888753 87.8
    endloop
  endfacet
  facet normal 0.987688340595137 -0.1564344650402362 0
    outer loop
      vertex -82.22671805531516 75.94424596888753 87.8
      vertex -82.22671805531516 75.94424596888753 85
      vertex -82.15712730311867 76.38362468597548 87.8
    endloop
  endfacet
  facet normal 0.9659258262890673 -0.2588190451025243 0
    outer loop
      vertex -82.15712730311867 76.38362468597548 87.8
      vertex -82.15712730311867 76.38362468597548 85
      vertex -82.0419901942544 76.81332222609353 87.8
    endloop
  endfacet
  facet normal 0.7071067811865475 0.7071067811865475 0
    outer loop
      vertex -81.15836550827892 72.65619492297485 87.8
      vertex -80.84380507702515 72.34163449172108 87.8
      vertex -80.84380507702515 72.34163449172108 85
    endloop
  endfacet
  facet normal 0.629320391049847 0.777145961456963 0
    outer loop
      vertex -80.49808732224301 72.06167777390647 87.8
      vertex -80.49808732224301 72.06167777390647 85
      vertex -80.84380507702515 72.34163449172108 87.8
    endloop
  endfacet
  facet normal 0.5446390350150268 0.8386705679454243 0
    outer loop
      vertex -80.49808732224301 72.06167777390647 87.8
      vertex -80.125 71.81939203391613 87.8
      vertex -80.125 71.81939203391613 85
    endloop
  endfacet
  facet normal 0.777145961456963 0.629320391049847 0
    outer loop
      vertex -81.43832222609353 73.00191267775699 87.8
      vertex -81.15836550827892 72.65619492297485 87.8
      vertex -81.15836550827892 72.65619492297485 85
    endloop
  endfacet
  facet normal 0.8386705679454243 0.5446390350150268 0
    outer loop
      vertex -81.68060796608387 73.375 87.8
      vertex -81.43832222609353 73.00191267775699 87.8
      vertex -81.43832222609353 73.00191267775699 85
    endloop
  endfacet
  facet normal 0.453990499739527 0.891006524188378 0
    outer loop
      vertex -80.125 71.81939203391613 87.8
      vertex -79.72863073307215 71.61743180501895 87.8
      vertex -79.72863073307215 71.61743180501895 85
    endloop
  endfacet
  facet normal 0.3583679495453039 0.9335804264972004 0
    outer loop
      vertex -79.72863073307215 71.61743180501895 87.8
      vertex -79.31332222609353 71.4580098057456 87.8
      vertex -79.31332222609353 71.4580098057456 85
    endloop
  endfacet
  facet normal 0.2588190451025243 0.9659258262890673 0
    outer loop
      vertex -79.31332222609353 71.4580098057456 87.8
      vertex -78.88362468597548 71.34287269688133 87.8
      vertex -78.88362468597548 71.34287269688133 85
    endloop
  endfacet
  facet normal -0.9986295344686827 0.052335961698072614 0
    outer loop
      vertex -90 81.5 85
      vertex -89.9671313688159 82.12717077881098 90
      vertex -89.9671313688159 82.12717077881098 85
    endloop
  endfacet
  facet normal -0.9876883421006546 0.15643445553477123 0
    outer loop
      vertex -89.9671313688159 82.12717077881098 85
      vertex -89.86888560652733 82.74747014790773 90
      vertex -89.86888560652733 82.74747014790773 85
    endloop
  endfacet
  facet normal -0.9659258251084867 0.25881904950851087 0
    outer loop
      vertex -89.86888560652733 82.74747014790773 85
      vertex -89.70633909851313 83.35410196334124 90
      vertex -89.70633909851313 83.35410196334124 85
    endloop
  endfacet
  facet normal -0.9335804250773435 0.3583679532441575 0
    outer loop
      vertex -89.70633909851313 83.35410196334124 85
      vertex -89.48127274215221 83.94041986018419 90
      vertex -89.48127274215221 83.94041986018419 85
    endloop
  endfacet
  facet normal -0.8910065283221495 0.4539904916265432 0
    outer loop
      vertex -89.48127274215221 83.94041986018419 85
      vertex -89.19615242630243 84.5 90
      vertex -89.19615242630243 84.5 85
    endloop
  endfacet
  facet normal -0.8386705643141267 0.5446390406067345 0
    outer loop
      vertex -89.19615242630243 84.5 85
      vertex -88.85410196334124 85.02671151608229 90
      vertex -88.85410196334124 85.02671151608229 85
    endloop
  endfacet
  facet normal -0.7771459589704363 0.6293203941204519 0
    outer loop
      vertex -88.85410196334124 85.02671151608229 85
      vertex -88.45886895060539 85.51478363573551 90
      vertex -88.45886895060539 85.51478363573551 85
    endloop
  endfacet
  facet normal -0.7071067811865476 0.7071067811865476 0
    outer loop
      vertex -88.45886895060539 85.51478363573551 85
      vertex -88.01478363573551 85.95886895060539 90
      vertex -88.01478363573551 85.95886895060539 85
    endloop
  endfacet
  facet normal -0.6293203941204519 0.7771459589704363 0
    outer loop
      vertex -88.01478363573551 85.95886895060539 85
      vertex -87.52671151608229 86.35410196334124 90
      vertex -87.52671151608229 86.35410196334124 85
    endloop
  endfacet
  facet normal -0.5446390406067345 0.8386705643141267 0
    outer loop
      vertex -87.52671151608229 86.35410196334124 85
      vertex -87 86.69615242630243 90
      vertex -87 86.69615242630243 85
    endloop
  endfacet
  facet normal -0.4539904916265432 0.8910065283221495 0
    outer loop
      vertex -87 86.69615242630243 85
      vertex -86.44041986018419 86.98127274215221 90
      vertex -86.44041986018419 86.98127274215221 85
    endloop
  endfacet
  facet normal -0.3583679532441575 0.9335804250773435 0
    outer loop
      vertex -86.44041986018419 86.98127274215221 85
      vertex -85.85410196334124 87.20633909851313 90
      vertex -85.85410196334124 87.20633909851313 85
    endloop
  endfacet
  facet normal -0.25881904950851087 0.9659258251084867 0
    outer loop
      vertex -85.85410196334124 87.20633909851313 85
      vertex -85.24747014790773 87.36888560652733 90
      vertex -85.24747014790773 87.36888560652733 85
    endloop
  endfacet
  facet normal -0.15643445553477123 0.9876883421006546 0
    outer loop
      vertex -85.24747014790773 87.36888560652733 85
      vertex -84.62717077881098 87.4671313688159 90
      vertex -84.62717077881098 87.4671313688159 85
    endloop
  endfacet
  facet normal 0.9335804264972004 -0.3583679495453039 0
    outer loop
      vertex -82.0419901942544 76.81332222609353 87.8
      vertex -82.0419901942544 76.81332222609353 85
      vertex -81.88256819498105 77.22863073307215 87.8
    endloop
  endfacet
  facet normal 0.891006524188378 -0.453990499739527 0
    outer loop
      vertex -81.88256819498105 77.22863073307215 87.8
      vertex -81.88256819498105 77.22863073307215 85
      vertex -81.68060796608387 77.625 87.8
    endloop
  endfacet
  facet normal 0.8386705679454243 -0.5446390350150268 0
    outer loop
      vertex -81.68060796608387 77.625 87.8
      vertex -81.68060796608387 77.625 85
      vertex -81.43832222609353 77.99808732224301 87.8
    endloop
  endfacet
  facet normal 0.777145961456963 -0.629320391049847 0
    outer loop
      vertex -81.43832222609353 77.99808732224301 87.8
      vertex -81.43832222609353 77.99808732224301 85
      vertex -81.15836550827892 78.34380507702515 87.8
    endloop
  endfacet
  facet normal 0.7071067811865475 -0.7071067811865475 0
    outer loop
      vertex -81.15836550827892 78.34380507702515 87.8
      vertex -81.15836550827892 78.34380507702515 85
      vertex -80.84380507702515 78.65836550827892 87.8
    endloop
  endfacet
  facet normal 0.629320391049847 -0.777145961456963 0
    outer loop
      vertex -80.84380507702515 78.65836550827892 87.8
      vertex -80.84380507702515 78.65836550827892 85
      vertex -80.49808732224301 78.93832222609353 87.8
    endloop
  endfacet
  facet normal 0.5446390350150268 -0.8386705679454243 0
    outer loop
      vertex -80.49808732224301 78.93832222609353 87.8
      vertex -80.49808732224301 78.93832222609353 85
      vertex -80.125 79.18060796608387 87.8
    endloop
  endfacet
  facet normal 0.453990499739527 -0.891006524188378 0
    outer loop
      vertex -80.125 79.18060796608387 87.8
      vertex -80.125 79.18060796608387 85
      vertex -79.72863073307215 79.38256819498105 87.8
    endloop
  endfacet
  facet normal 0.3583679495453039 -0.9335804264972004 0
    outer loop
      vertex -79.72863073307215 79.38256819498105 87.8
      vertex -79.72863073307215 79.38256819498105 85
      vertex -79.31332222609353 79.5419901942544 87.8
    endloop
  endfacet
  facet normal 0.2588190451025243 -0.9659258262890673 0
    outer loop
      vertex -79.31332222609353 79.5419901942544 87.8
      vertex -79.31332222609353 79.5419901942544 85
      vertex -78.88362468597548 79.65712730311867 87.8
    endloop
  endfacet
  facet normal -0.052335961698072614 0.9986295344686827 0
    outer loop
      vertex -84.62717077881098 87.4671313688159 85
      vertex -84 87.5 90
      vertex -84 87.5 85
    endloop
  endfacet
  facet normal 0.1564344650402362 0.987688340595137 0
    outer loop
      vertex -78.88362468597548 71.34287269688133 87.8
      vertex -78.44424596888753 71.27328194468484 87.8
      vertex -78.44424596888753 71.27328194468484 85
    endloop
  endfacet
  facet normal 0.05233595624294646 0.9986295347545738 0
    outer loop
      vertex -78.44424596888753 71.27328194468484 87.8
      vertex -78 71.25 87.8
      vertex -78 71.25 85
    endloop
  endfacet
  facet normal -0.05233595624294646 0.9986295347545738 0
    outer loop
      vertex -78 71.25 87.8
      vertex -77.55575403111247 71.27328194468484 87.8
      vertex -77.55575403111247 71.27328194468484 85
    endloop
  endfacet
  facet normal -0.1564344650402362 0.987688340595137 0
    outer loop
      vertex -77.55575403111247 71.27328194468484 87.8
      vertex -77.11637531402452 71.34287269688133 87.8
      vertex -77.11637531402452 71.34287269688133 85
    endloop
  endfacet
  facet normal -0.2588190451025243 0.9659258262890673 0
    outer loop
      vertex -77.11637531402452 71.34287269688133 87.8
      vertex -76.68667777390647 71.4580098057456 87.8
      vertex -76.68667777390647 71.4580098057456 85
    endloop
  endfacet
  facet normal -0.3583679495453039 0.9335804264972004 0
    outer loop
      vertex -76.68667777390647 71.4580098057456 87.8
      vertex -76.27136926692785 71.61743180501895 87.8
      vertex -76.27136926692785 71.61743180501895 85
    endloop
  endfacet
  facet normal -0.453990499739527 0.891006524188378 0
    outer loop
      vertex -76.27136926692785 71.61743180501895 87.8
      vertex -75.875 71.81939203391613 87.8
      vertex -75.875 71.81939203391613 85
    endloop
  endfacet
  facet normal -0.5446390350150268 0.8386705679454243 0
    outer loop
      vertex -75.875 71.81939203391613 87.8
      vertex -75.50191267775699 72.06167777390647 87.8
      vertex -75.50191267775699 72.06167777390647 85
    endloop
  endfacet
  facet normal -0.629320391049847 0.777145961456963 0
    outer loop
      vertex -75.50191267775699 72.06167777390647 87.8
      vertex -75.15619492297485 72.34163449172108 87.8
      vertex -75.15619492297485 72.34163449172108 85
    endloop
  endfacet
  facet normal -0.7071067811865475 0.7071067811865475 0
    outer loop
      vertex -75.15619492297485 72.34163449172108 87.8
      vertex -74.84163449172108 72.65619492297485 87.8
      vertex -74.84163449172108 72.65619492297485 85
    endloop
  endfacet
  facet normal -0.777145961456963 0.629320391049847 0
    outer loop
      vertex -74.84163449172108 72.65619492297485 87.8
      vertex -74.56167777390647 73.00191267775699 87.8
      vertex -74.56167777390647 73.00191267775699 85
    endloop
  endfacet
  facet normal -0.8386705679454243 0.5446390350150268 0
    outer loop
      vertex -74.56167777390647 73.00191267775699 87.8
      vertex -74.31939203391613 73.375 87.8
      vertex -74.31939203391613 73.375 85
    endloop
  endfacet
  facet normal -0.891006524188378 0.453990499739527 0
    outer loop
      vertex -74.31939203391613 73.375 87.8
      vertex -74.11743180501895 73.77136926692785 87.8
      vertex -74.11743180501895 73.77136926692785 85
    endloop
  endfacet
  facet normal -0.9335804264972004 0.3583679495453039 0
    outer loop
      vertex -74.11743180501895 73.77136926692785 87.8
      vertex -73.9580098057456 74.18667777390647 87.8
      vertex -73.9580098057456 74.18667777390647 85
    endloop
  endfacet
  facet normal -0.9659258262890673 0.2588190451025243 0
    outer loop
      vertex -73.9580098057456 74.18667777390647 87.8
      vertex -73.84287269688133 74.61637531402452 87.8
      vertex -73.84287269688133 74.61637531402452 85
    endloop
  endfacet
  facet normal -0.987688340595137 0.1564344650402362 0
    outer loop
      vertex -73.84287269688133 74.61637531402452 87.8
      vertex -73.77328194468484 75.05575403111247 87.8
      vertex -73.77328194468484 75.05575403111247 85
    endloop
  endfacet
  facet normal -0.9986295347545738 0.05233595624294646 0
    outer loop
      vertex -73.77328194468484 75.05575403111247 87.8
      vertex -73.75 75.5 87.8
      vertex -73.75 75.5 85
    endloop
  endfacet
  facet normal -0.9986295347545738 -0.05233595624294646 0
    outer loop
      vertex -73.75 75.5 87.8
      vertex -73.77328194468484 75.94424596888753 87.8
      vertex -73.77328194468484 75.94424596888753 85
    endloop
  endfacet
  facet normal -0.987688340595137 -0.1564344650402362 0
    outer loop
      vertex -73.77328194468484 75.94424596888753 87.8
      vertex -73.84287269688133 76.38362468597548 87.8
      vertex -73.84287269688133 76.38362468597548 85
    endloop
  endfacet
  facet normal 0.1564344650402362 -0.987688340595137 0
    outer loop
      vertex -78.88362468597548 79.65712730311867 87.8
      vertex -78.88362468597548 79.65712730311867 85
      vertex -78.44424596888753 79.72671805531516 87.8
    endloop
  endfacet
  facet normal 0.05233595624294646 -0.9986295347545738 0
    outer loop
      vertex -78.44424596888753 79.72671805531516 87.8
      vertex -78.44424596888753 79.72671805531516 85
      vertex -78 79.75 87.8
    endloop
  endfacet
  facet normal -0.05233595624294646 -0.9986295347545738 0
    outer loop
      vertex -78 79.75 87.8
      vertex -78 79.75 85
      vertex -77.55575403111247 79.72671805531516 87.8
    endloop
  endfacet
  facet normal -0.1564344650402362 -0.987688340595137 0
    outer loop
      vertex -77.55575403111247 79.72671805531516 87.8
      vertex -77.55575403111247 79.72671805531516 85
      vertex -77.11637531402452 79.65712730311867 87.8
    endloop
  endfacet
  facet normal -0.2588190451025243 -0.9659258262890673 0
    outer loop
      vertex -77.11637531402452 79.65712730311867 87.8
      vertex -77.11637531402452 79.65712730311867 85
      vertex -76.68667777390647 79.5419901942544 87.8
    endloop
  endfacet
  facet normal -0.3583679495453039 -0.9335804264972004 0
    outer loop
      vertex -76.68667777390647 79.5419901942544 87.8
      vertex -76.68667777390647 79.5419901942544 85
      vertex -76.27136926692785 79.38256819498105 87.8
    endloop
  endfacet
  facet normal -0.453990499739527 -0.891006524188378 0
    outer loop
      vertex -76.27136926692785 79.38256819498105 87.8
      vertex -76.27136926692785 79.38256819498105 85
      vertex -75.875 79.18060796608387 87.8
    endloop
  endfacet
  facet normal -0.5446390350150268 -0.8386705679454243 0
    outer loop
      vertex -75.875 79.18060796608387 87.8
      vertex -75.875 79.18060796608387 85
      vertex -75.50191267775699 78.93832222609353 87.8
    endloop
  endfacet
  facet normal -0.629320391049847 -0.777145961456963 0
    outer loop
      vertex -75.50191267775699 78.93832222609353 87.8
      vertex -75.50191267775699 78.93832222609353 85
      vertex -75.15619492297485 78.65836550827892 87.8
    endloop
  endfacet
  facet normal -0.7071067811865475 -0.7071067811865475 0
    outer loop
      vertex -75.15619492297485 78.65836550827892 87.8
      vertex -75.15619492297485 78.65836550827892 85
      vertex -74.84163449172108 78.34380507702515 87.8
    endloop
  endfacet
  facet normal -0.777145961456963 -0.629320391049847 0
    outer loop
      vertex -74.56167777390647 77.99808732224301 87.8
      vertex -74.84163449172108 78.34380507702515 87.8
      vertex -74.84163449172108 78.34380507702515 85
    endloop
  endfacet
  facet normal -0.9659258262890673 -0.2588190451025243 0
    outer loop
      vertex -73.84287269688133 76.38362468597548 87.8
      vertex -73.9580098057456 76.81332222609353 87.8
      vertex -73.9580098057456 76.81332222609353 85
    endloop
  endfacet
  facet normal -0.9335804264972004 -0.3583679495453039 0
    outer loop
      vertex -73.9580098057456 76.81332222609353 87.8
      vertex -74.11743180501895 77.22863073307215 87.8
      vertex -74.11743180501895 77.22863073307215 85
    endloop
  endfacet
  facet normal -0.891006524188378 -0.453990499739527 0
    outer loop
      vertex -74.11743180501895 77.22863073307215 87.8
      vertex -74.31939203391613 77.625 87.8
      vertex -74.31939203391613 77.625 85
    endloop
  endfacet
  facet normal -0.8386705679454243 -0.5446390350150268 0
    outer loop
      vertex -74.56167777390647 77.99808732224301 87.8
      vertex -74.56167777390647 77.99808732224301 85
      vertex -74.31939203391613 77.625 87.8
    endloop
  endfacet
  facet normal 0.5446390386215869 -0.8386705656032967 0
    outer loop
      vertex -85.92704467475414 65.66560994833708 88.1
      vertex -85.92704467475414 65.66560994833708 85
      vertex -85.73391714692116 65.79102843254805 88.1
    endloop
  endfacet
  facet normal 0.5000000159888526 -0.8660253945532701 0
    outer loop
      vertex -85.73391714692116 65.79102843254805 88.1
      vertex -85.73391714692116 65.79102843254805 85
      vertex -85.4619715064764 65.9480363279581 88.1
    endloop
  endfacet
  facet normal 0.45399049715109746 -0.8910065255072487 0
    outer loop
      vertex -85.4619715064764 65.9480363279581 88.1
      vertex -85.4619715064764 65.9480363279581 85
      vertex -85.25679212063551 66.05258044600487 88.1
    endloop
  endfacet
  facet normal 0.4067366393666262 -0.9135454592940315 0
    outer loop
      vertex -85.25679212063551 66.05258044600487 88.1
      vertex -85.25679212063551 66.05258044600487 85
      vertex -84.9699244722724 66.1803021505475 88.1
    endloop
  endfacet
  facet normal 0.35836796286708494 -0.9335804213834477 0
    outer loop
      vertex -84.9699244722724 66.1803021505475 88.1
      vertex -84.9699244722724 66.1803021505475 85
      vertex -84.7549412921071 66.26282646507025 88.1
    endloop
  endfacet
  facet normal 0.3090170141402644 -0.9510565098730126 0
    outer loop
      vertex -84.7549412921071 66.26282646507025 88.1
      vertex -84.7549412921071 66.26282646507025 85
      vertex -84.45629455894232 66.35986267775297 88.1
    endloop
  endfacet
  facet normal 0.2588190348095959 -0.9659258290470492 0
    outer loop
      vertex -84.45629455894232 66.35986267775297 88.1
      vertex -84.45629455894232 66.35986267775297 85
      vertex -84.23386289179325 66.41946306079626 88.1
    endloop
  endfacet
  facet normal 0.2079116988919482 -0.9781475990175837 0
    outer loop
      vertex -84.23386289179325 66.41946306079626 88.1
      vertex -84.23386289179325 66.41946306079626 85
      vertex -83.92670915275812 66.48475060611963 88.1
    endloop
  endfacet
  facet normal 0.15643448594102635 -0.9876883372847768 0
    outer loop
      vertex -83.92670915275812 66.48475060611963 88.1
      vertex -83.92670915275812 66.48475060611963 85
      vertex -83.69926605373621 66.52077405899763 88.1
    endloop
  endfacet
  facet normal 0.10452847116952207 -0.9945218945377534 0
    outer loop
      vertex -83.69926605373621 66.52077405899763 88.1
      vertex -83.69926605373621 66.52077405899763 85
      vertex -83.38697052747011 66.55359764397144 88.1
    endloop
  endfacet
  facet normal 0.05233597530376362 -0.9986295337556385 0
    outer loop
      vertex -83.38697052747011 66.55359764397144 88.1
      vertex -83.38697052747011 66.55359764397144 85
      vertex -83.15700788795948 66.56564947962761 88.1
    endloop
  endfacet
  facet normal 0 -1 0
    outer loop
      vertex -83.15700788795948 66.56564947962761 88.1
      vertex -83.15700788795948 66.56564947962761 85
      vertex -82.84299213439226 66.56564947962761 88.1
    endloop
  endfacet
  facet normal -0.052335978685751045 -0.9986295335783959 0
    outer loop
      vertex -82.84299213439226 66.56564947962761 88.1
      vertex -82.84299213439226 66.56564947962761 85
      vertex -82.61302950978279 66.55359764397144 88.1
    endloop
  endfacet
  facet normal -0.10452847116952207 -0.9945218945377534 0
    outer loop
      vertex -82.61302950978279 66.55359764397144 88.1
      vertex -82.61302950978279 66.55359764397144 85
      vertex -82.3007339835167 66.52077405899763 88.1
    endloop
  endfacet
  facet normal -0.15643446280779136 -0.9876883409487213 0
    outer loop
      vertex -82.3007339835167 66.52077405899763 88.1
      vertex -82.3007339835167 66.52077405899763 85
      vertex -82.07329094409943 66.4847506210208 88.1
    endloop
  endfacet
  facet normal -0.20791166994030516 -0.9781476051714453 0
    outer loop
      vertex -82.07329094409943 66.4847506210208 88.1
      vertex -82.07329094409943 66.4847506210208 85
      vertex -81.76613716036081 66.41946307569742 88.1
    endloop
  endfacet
  facet normal -0.2588190348095959 -0.9659258290470492 0
    outer loop
      vertex -81.76613716036081 66.41946307569742 88.1
      vertex -81.76613716036081 66.41946307569742 85
      vertex -81.54370549321175 66.35986269265413 88.1
    endloop
  endfacet
  facet normal -0.33380684778386666 -0.9426414951468022 0
    outer loop
      vertex -81.2450587823987 66.26282649487257 88.1
      vertex -81.2450587823987 66.26282649487257 85
      vertex -81.13648664206266 66.22437908500433 88.1
    endloop
  endfacet
  facet normal -0.35836799530616414 -0.9335804089312506 0
    outer loop
      vertex -81.0469170063734 66.18999651819468 88.1
      vertex -81.13648664206266 66.22437908500433 88.1
      vertex -81.13648664206266 66.22437908500433 85
    endloop
  endfacet
  facet normal -0.3090169447909515 -0.9510565324059691 0
    outer loop
      vertex -81.0072750672698 66.177116073668 88.1
      vertex -81.0469170063734 66.18999651819468 88.1
      vertex -81.0469170063734 66.18999651819468 85
    endloop
  endfacet
  facet normal -0.3090169921374998 -0.9510565170221444 0
    outer loop
      vertex -81.54370549321175 66.35986269265413 88.1
      vertex -81.54370549321175 66.35986269265413 85
      vertex -81.2450587823987 66.26282649487257 88.1
    endloop
  endfacet
  facet normal -0.25881904240978293 -0.9659258270105853 0
    outer loop
      vertex -81.0072750672698 66.177116073668 88.1
      vertex -81.0072750672698 66.177116073668 85
      vertex -80.05706532299519 65.92250814288855 88.1
    endloop
  endfacet
  facet normal -0.20791166647520556 -0.9781476059079749 0
    outer loop
      vertex -80.0162941813469 65.91384197026491 88.1
      vertex -80.05706532299519 65.92250814288855 88.1
      vertex -80.05706532299519 65.92250814288855 85
    endloop
  endfacet
  facet normal -0.15643446925897514 -0.9876883399269542 0
    outer loop
      vertex -80.0162941813469 65.91384197026491 88.1
      vertex -80.0162941813469 65.91384197026491 85
      vertex -79.04467616975307 65.75995279103518 88.1
    endloop
  endfacet
  facet normal -0.10452855862418647 -0.9945218853458931 0
    outer loop
      vertex -79.00322216749191 65.75559579581022 88.1
      vertex -79.04467616975307 65.75995279103518 88.1
      vertex -79.04467616975307 65.75995279103518 85
    endloop
  endfacet
  facet normal -0.05233594522572854 -0.9986295353319616 0
    outer loop
      vertex -79.00322216749191 65.75559579581022 88.1
      vertex -79.00322216749191 65.75559579581022 85
      vertex -78.020841114223 65.70411139726639 88.1
    endloop
  endfacet
  facet normal 0 -1 0
    outer loop
      vertex -77.979158885777 65.70411139726639 88.1
      vertex -78.020841114223 65.70411139726639 88.1
      vertex -78.020841114223 65.70411139726639 85
    endloop
  endfacet
  facet normal 0.05233595043587718 -0.9986295350589092 0
    outer loop
      vertex -77.979158885777 65.70411139726639 88.1
      vertex -77.979158885777 65.70411139726639 85
      vertex -76.99677764624357 65.75559581071138 88.1
    endloop
  endfacet
  facet normal 0.10452837120427874 -0.9945219050445196 0
    outer loop
      vertex -76.9553239941597 65.75995276123285 88.1
      vertex -76.99677764624357 65.75559581071138 88.1
      vertex -76.99677764624357 65.75559581071138 85
    endloop
  endfacet
  facet normal 0.15643446684979345 -0.9876883403085313 0
    outer loop
      vertex -76.9553239941597 65.75995276123285 88.1
      vertex -76.9553239941597 65.75995276123285 85
      vertex -75.98370582610369 65.91384196281433 88.1
    endloop
  endfacet
  facet normal 0.20791171770419659 -0.9781475950189167 0
    outer loop
      vertex -75.98370582610369 65.91384196281433 88.1
      vertex -75.98370582610369 65.91384196281433 85
      vertex -75.94293462485075 65.92250815033913 88.1
    endloop
  endfacet
  facet normal 0.2588190402808679 -0.9659258275810262 0
    outer loop
      vertex -75.94293462485075 65.92250815033913 88.1
      vertex -75.94293462485075 65.92250815033913 85
      vertex -74.99272506684065 66.17711602896452 88.1
    endloop
  endfacet
  facet normal 0.3090170019239249 -0.9510565138423422 0
    outer loop
      vertex -74.95308281481266 66.18999657779932 88.1
      vertex -74.99272506684065 66.17711602896452 88.1
      vertex -74.99272506684065 66.17711602896452 85
    endloop
  endfacet
  facet normal 0.3583679532947957 -0.9335804250579053 0
    outer loop
      vertex -74.95308281481266 66.18999657779932 88.1
      vertex -74.95308281481266 66.18999657779932 85
      vertex -74.03469233214855 66.54253365844488 88.1
    endloop
  endfacet
  facet normal 0.40673659644479404 -0.9135454784040611 0
    outer loop
      vertex -73.9966139793396 66.55948723107576 88.1
      vertex -74.03469233214855 66.54253365844488 88.1
      vertex -74.03469233214855 66.54253365844488 85
    endloop
  endfacet
  facet normal 0.45399049694617966 -0.8910065256116595 0
    outer loop
      vertex -73.9966139793396 66.55948723107576 88.1
      vertex -73.9966139793396 66.55948723107576 85
      vertex -73.12010453641415 67.00609109550714 88.1
    endloop
  endfacet
  facet normal 0.5000000371874168 -0.8660253823142725 0
    outer loop
      vertex -73.08400689065456 67.02693208307028 88.1
      vertex -73.12010453641415 67.00609109550714 88.1
      vertex -73.12010453641415 67.00609109550714 85
    endloop
  endfacet
  facet normal 0.5446390309104264 -0.8386705706109828 0
    outer loop
      vertex -73.08400689065456 67.02693208307028 88.1
      vertex -73.08400689065456 67.02693208307028 85
      vertex -72.2589817866683 67.56270964443684 88.1
    endloop
  endfacet
  facet normal 0.5877852809311274 -0.8090169735677465 0
    outer loop
      vertex -72.2252604663372 67.5872096195817 88.1
      vertex -72.2589817866683 67.56270964443684 88.1
      vertex -72.2589817866683 67.56270964443684 85
    endloop
  endfacet
  facet normal 0.629320388941731 -0.7771459631640818 0
    outer loop
      vertex -72.2252604663372 67.5872096195817 88.1
      vertex -72.2252604663372 67.5872096195817 85
      vertex -71.46075896918774 68.20629072189331 88.1
    endloop
  endfacet
  facet normal 0.6691306148717219 -0.7431448178123772 0
    outer loop
      vertex -71.4297831878066 68.23418144136667 88.1
      vertex -71.46075896918774 68.20629072189331 88.1
      vertex -71.46075896918774 68.20629072189331 85
    endloop
  endfacet
  facet normal 0.7071067811865476 -0.7071067811865476 0
    outer loop
      vertex -71.4297831878066 68.23418144136667 88.1
      vertex -71.4297831878066 68.23418144136667 85
      vertex -70.73418152332306 68.92978310585022 88.1
    endloop
  endfacet
  facet normal 0.7431447916140289 -0.6691306439679336 0
    outer loop
      vertex -70.70629071444273 68.9607589840889 88.1
      vertex -70.73418152332306 68.92978310585022 88.1
      vertex -70.73418152332306 68.92978310585022 85
    endloop
  endfacet
  facet normal 0.7771459649356746 -0.6293203867539962 0
    outer loop
      vertex -70.70629071444273 68.9607589840889 88.1
      vertex -70.70629071444273 68.9607589840889 85
      vertex -70.08720956742764 69.72526054084301 88.1
    endloop
  endfacet
  facet normal 0.809016951006471 -0.5877853119840554 0
    outer loop
      vertex -70.06270964443684 69.7589817866683 88.1
      vertex -70.08720956742764 69.72526054084301 88.1
      vertex -70.08720956742764 69.72526054084301 85
    endloop
  endfacet
  facet normal 0.8386705706109828 -0.5446390309104264 0
    outer loop
      vertex -70.06270964443684 69.7589817866683 88.1
      vertex -70.06270964443684 69.7589817866683 85
      vertex -69.52693208307028 70.58400689065456 88.1
    endloop
  endfacet
  facet normal 0.8660253823142725 -0.5000000371874168 0
    outer loop
      vertex -69.50609109550714 70.62010453641415 88.1
      vertex -69.52693208307028 70.58400689065456 88.1
      vertex -69.52693208307028 70.58400689065456 85
    endloop
  endfacet
  facet normal 0.8910065239339101 -0.4539905002389483 0
    outer loop
      vertex -69.50609109550714 70.62010453641415 88.1
      vertex -69.50609109550714 70.62010453641415 85
      vertex -69.05948724597692 71.4966139420867 88.1
    endloop
  endfacet
  facet normal 0.9135454784040611 -0.40673659644479404 0
    outer loop
      vertex -69.04253367334604 71.53469229489565 88.1
      vertex -69.05948724597692 71.4966139420867 88.1
      vertex -69.05948724597692 71.4966139420867 85
    endloop
  endfacet
  facet normal 0.9335804263899657 -0.3583679498246596 0
    outer loop
      vertex -69.04253367334604 71.53469229489565 88.1
      vertex -69.04253367334604 71.53469229489565 85
      vertex -68.689996547997 72.45308290421963 88.1
    endloop
  endfacet
  facet normal 0.9510565073812202 -0.3090170218092126 0
    outer loop
      vertex -68.689996547997 72.45308290421963 88.1
      vertex -68.689996547997 72.45308290421963 85
      vertex -68.67711605876684 72.4927249699831 88.1
    endloop
  endfacet
  facet normal 0.9659258272460467 -0.25881904153102836 0
    outer loop
      vertex -68.67711605876684 72.4927249699831 88.1
      vertex -68.67711605876684 72.4927249699831 85
      vertex -68.42250814288855 73.44293466210365 88.1
    endloop
  endfacet
  facet normal 0.9781476059079749 -0.20791166647520556 0
    outer loop
      vertex -68.42250814288855 73.44293466210365 88.1
      vertex -68.42250814288855 73.44293466210365 85
      vertex -68.41384197026491 73.48370580375195 88.1
    endloop
  endfacet
  facet normal 0.9876883399269542 -0.15643446925897514 0
    outer loop
      vertex -68.41384197026491 73.48370580375195 88.1
      vertex -68.41384197026491 73.48370580375195 85
      vertex -68.25995279103518 74.45532381534576 88.1
    endloop
  endfacet
  facet normal 0.9945218853458931 -0.10452855862418647 0
    outer loop
      vertex -68.25995279103518 74.45532381534576 88.1
      vertex -68.25995279103518 74.45532381534576 85
      vertex -68.25559579581022 74.49677781760693 88.1
    endloop
  endfacet
  facet normal 0.9986295353319616 -0.05233594522572854 0
    outer loop
      vertex -68.25559579581022 74.49677781760693 88.1
      vertex -68.25559579581022 74.49677781760693 85
      vertex -68.20411139726639 75.47915887087584 88.1
    endloop
  endfacet
  facet normal 1 0 0
    outer loop
      vertex -68.20411139726639 75.47915887087584 88.1
      vertex -68.20411139726639 75.47915887087584 85
      vertex -68.20411139726639 75.52084110677242 88.1
    endloop
  endfacet
  facet normal 0.9986295350174192 0.05233595122755594 0
    outer loop
      vertex -68.20411139726639 75.52084110677242 88.1
      vertex -68.20411139726639 75.52084110677242 85
      vertex -68.25559581071138 76.50322233140469 88.1
    endloop
  endfacet
  facet normal 0.994521906997554 0.10452835262237818 0
    outer loop
      vertex -68.25995276123285 76.54467599093914 88.1
      vertex -68.25559581071138 76.50322233140469 88.1
      vertex -68.25559581071138 76.50322233140469 85
    endloop
  endfacet
  facet normal 0.9876883403085313 0.15643446684979345 0
    outer loop
      vertex -68.25995276123285 76.54467599093914 88.1
      vertex -68.25995276123285 76.54467599093914 85
      vertex -68.41384196281433 77.51629415899515 88.1
    endloop
  endfacet
  facet normal 0.9781475950189167 0.20791171770419659 0
    outer loop
      vertex -68.42250815033913 77.55706536024809 88.1
      vertex -68.41384196281433 77.51629415899515 88.1
      vertex -68.41384196281433 77.51629415899515 85
    endloop
  endfacet
  facet normal 0.9659258272096208 0.2588190416669718 0
    outer loop
      vertex -68.42250815033913 77.55706536024809 88.1
      vertex -68.42250815033913 77.55706536024809 85
      vertex -68.6771160364151 78.50727494060993 88.1
    endloop
  endfacet
  facet normal 0.9335804228431335 0.35836795906447355 0
    outer loop
      vertex -68.72437911480665 78.63648672401905 88.1
      vertex -68.68999654054642 78.54691705852747 88.1
      vertex -68.68999654054642 78.54691705852747 85
    endloop
  endfacet
  facet normal 0.9510565217981466 0.30901697743847567 0
    outer loop
      vertex -68.68999654054642 78.54691705852747 88.1
      vertex -68.6771160364151 78.50727494060993 88.1
      vertex -68.6771160364151 78.50727494060993 85
    endloop
  endfacet
  facet normal 0.938191352423166 0.34611701235043446 0
    outer loop
      vertex -68.72437911480665 78.63648672401905 88.1
      vertex -68.72437911480665 78.63648672401905 85
      vertex -68.7443134561181 78.69052112847567 88.1
    endloop
  endfacet
  facet normal 0.9426414962864855 0.3338068445654997 0
    outer loop
      vertex -68.7443134561181 78.69052112847567 88.1
      vertex -68.7443134561181 78.69052112847567 85
      vertex -68.79674170911312 78.83857395499945 88.1
    endloop
  endfacet
  facet normal 0.9550199458107742 0.29654157061630665 0
    outer loop
      vertex -68.84796722978354 79.00354709476233 88.1
      vertex -68.79674170911312 78.83857395499945 88.1
      vertex -68.79674170911312 78.83857395499945 85
    endloop
  endfacet
  facet normal 0.9659258237320325 0.25881905464550803 0
    outer loop
      vertex -68.92924048751593 79.30686300992966 88.1
      vertex -68.84796722978354 79.00354709476233 88.1
      vertex -68.84796722978354 79.00354709476233 85
    endloop
  endfacet
  facet normal 0.9781475994074664 0.20791169705769463 0
    outer loop
      vertex -68.92924048751593 79.30686300992966 88.1
      vertex -68.92924048751593 79.30686300992966 85
      vertex -68.97711802273989 79.53210909664631 88.1
    endloop
  endfacet
  facet normal 0.9876883396870251 0.15643447077382908 0
    outer loop
      vertex -68.97711802273989 79.53210909664631 88.1
      vertex -68.97711802273989 79.53210909664631 85
      vertex -69.02624090760946 79.8422587737441 88.1
    endloop
  endfacet
  facet normal 0.9945218961410265 0.10452845591539826 0
    outer loop
      vertex -69.02624090760946 79.8422587737441 88.1
      vertex -69.02624090760946 79.8422587737441 85
      vertex -69.05031153559685 80.07127551734447 88.1
    endloop
  endfacet
  facet normal 0.9986295351212079 0.05233594924714904 0
    outer loop
      vertex -69.05031153559685 80.07127551734447 88.1
      vertex -69.05031153559685 80.07127551734447 85
      vertex -69.06674584746361 80.38486091047525 88.1
    endloop
  endfacet
  facet normal 1 0 0
    outer loop
      vertex -69.06674584746361 80.38486091047525 88.1
      vertex -69.06674584746361 80.38486091047525 85
      vertex -69.06674584746361 80.61513908952475 88.1
    endloop
  endfacet
  facet normal 0.9986295353811633 -0.05233594428690367 0
    outer loop
      vertex -69.06674584746361 80.61513908952475 88.1
      vertex -69.06674584746361 80.61513908952475 85
      vertex -69.05031153559685 80.92872451245785 88.1
    endloop
  endfacet
  facet normal 0.9945218947269713 -0.10452846936923531 0
    outer loop
      vertex -69.05031153559685 80.92872451245785 88.1
      vertex -69.05031153559685 80.92872451245785 85
      vertex -69.02624090760946 81.1577412262559 88.1
    endloop
  endfacet
  facet normal 0.9876883408482959 -0.15643446344185244 0
    outer loop
      vertex -69.02624090760946 81.1577412262559 88.1
      vertex -69.02624090760946 81.1577412262559 85
      vertex -68.97711802273989 81.46789091825485 88.1
    endloop
  endfacet
  facet normal 0.978147596610256 -0.2079117102175342 0
    outer loop
      vertex -68.97711802273989 81.46789091825485 88.1
      vertex -68.97711802273989 81.46789091825485 85
      vertex -68.92924048751593 81.69313699007034 88.1
    endloop
  endfacet
  facet normal 0.9659258237320325 -0.25881905464550803 0
    outer loop
      vertex -68.92924048751593 81.69313699007034 88.1
      vertex -68.92924048751593 81.69313699007034 85
      vertex -68.84796722978354 81.99645290523767 88.1
    endloop
  endfacet
  facet normal 0.9510565131566553 -0.30901700403425203 0
    outer loop
      vertex -68.84796722978354 81.99645290523767 88.1
      vertex -68.84796722978354 81.99645290523767 85
      vertex -68.7768073529005 82.21546047925949 88.1
    endloop
  endfacet
  facet normal 0.9335804259992488 -0.358367950842512 0
    outer loop
      vertex -68.7768073529005 82.21546047925949 88.1
      vertex -68.7768073529005 82.21546047925949 85
      vertex -68.66427417844534 82.50861942023039 88.1
    endloop
  endfacet
  facet normal 0.9135454505486409 -0.40673665900909506 0
    outer loop
      vertex -68.66427417844534 82.50861942023039 88.1
      vertex -68.66427417844534 82.50861942023039 85
      vertex -68.57061159610748 82.71898901462555 88.1
    endloop
  endfacet
  facet normal 0.8910065259684403 -0.45399049624595805 0
    outer loop
      vertex -68.57061159610748 82.71898901462555 88.1
      vertex -68.57061159610748 82.71898901462555 85
      vertex -68.4280514344573 82.99877908825874 88.1
    endloop
  endfacet
  facet normal 0.8660254165537549 -0.4999999778828949 0
    outer loop
      vertex -68.4280514344573 82.99877908825874 88.1
      vertex -68.4280514344573 82.99877908825874 85
      vertex -68.31291233748198 83.19820586591959 88.1
    endloop
  endfacet
  facet normal 0.8386705710716652 -0.5446390302010375 0
    outer loop
      vertex -68.31291233748198 83.19820586591959 88.1
      vertex -68.31291233748198 83.19820586591959 85
      vertex -68.1418870985508 83.46156164258718 88.1
    endloop
  endfacet
  facet normal 0.8090169972346416 -0.5877852483564419 0
    outer loop
      vertex -68.1418870985508 83.46156164258718 88.1
      vertex -68.1418870985508 83.46156164258718 85
      vertex -68.0065329670906 83.64786062389612 88.1
    endloop
  endfacet
  facet normal 0.7771459578667896 -0.629320395483342 0
    outer loop
      vertex -68.0065329670906 83.64786062389612 88.1
      vertex -68.0065329670906 83.64786062389612 85
      vertex -67.8089164569974 83.89189668744802 88.1
    endloop
  endfacet
  facet normal 0.7431448056336751 -0.6691306283975405 0
    outer loop
      vertex -67.8089164569974 83.89189668744802 88.1
      vertex -67.8089164569974 83.89189668744802 85
      vertex -67.65483026206493 84.06302673369646 88.1
    endloop
  endfacet
  facet normal 0.7071067811865476 -0.7071067811865476 0
    outer loop
      vertex -67.65483026206493 84.06302673369646 88.1
      vertex -67.65483026206493 84.06302673369646 85
      vertex -67.43278760463 84.2850693911314 88.1
    endloop
  endfacet
  facet normal 0.6691306283975405 -0.7431448056336751 0
    outer loop
      vertex -67.43278760463 84.2850693911314 88.1
      vertex -67.43278760463 84.2850693911314 85
      vertex -67.26165755838156 84.43915558606386 88.1
    endloop
  endfacet
  facet normal 0.629320395483342 -0.7771459578667896 0
    outer loop
      vertex -67.26165755838156 84.43915558606386 88.1
      vertex -67.26165755838156 84.43915558606386 85
      vertex -67.01762149482965 84.63677209615707 88.1
    endloop
  endfacet
  facet normal 0.5877852445525733 -0.8090169999983138 0
    outer loop
      vertex -67.01762149482965 84.63677209615707 88.1
      vertex -67.01762149482965 84.63677209615707 85
      vertex -66.83132249116898 84.77212624251842 88.1
    endloop
  endfacet
  facet normal 0.5446390293369446 -0.8386705716328138 0
    outer loop
      vertex -66.83132249116898 84.77212624251842 88.1
      vertex -66.83132249116898 84.77212624251842 85
      vertex -66.56796673685312 84.94315146654844 88.1
    endloop
  endfacet
  facet normal 0.4999999778828949 -0.8660254165537549 0
    outer loop
      vertex -66.56796673685312 84.94315146654844 88.1
      vertex -66.56796673685312 84.94315146654844 85
      vertex -66.36853995919228 85.05829056352377 88.1
    endloop
  endfacet
  facet normal 0.45399049624595805 -0.8910065259684403 0
    outer loop
      vertex -66.36853995919228 85.05829056352377 88.1
      vertex -66.36853995919228 85.05829056352377 85
      vertex -66.08874988555908 85.20085072517395 88.1
    endloop
  endfacet
  facet normal 0.40673665900909506 -0.9135454505486409 0
    outer loop
      vertex -66.08874988555908 85.20085072517395 88.1
      vertex -66.08874988555908 85.20085072517395 85
      vertex -65.87838029116392 85.2945133075118 88.1
    endloop
  endfacet
  facet normal 0.358367950842512 -0.9335804259992488 0
    outer loop
      vertex -65.87838029116392 85.2945133075118 88.1
      vertex -65.87838029116392 85.2945133075118 85
      vertex -65.58522135019302 85.40704648196697 88.1
    endloop
  endfacet
  facet normal 0.30901700403425203 -0.9510565131566553 0
    outer loop
      vertex -65.58522135019302 85.40704648196697 88.1
      vertex -65.58522135019302 85.40704648196697 85
      vertex -65.36621377617121 85.47820635885 88.1
    endloop
  endfacet
  facet normal 0.25881905464550803 -0.9659258237320325 0
    outer loop
      vertex -65.36621377617121 85.47820635885 88.1
      vertex -65.36621377617121 85.47820635885 85
      vertex -65.06289786100388 85.5594796165824 88.1
    endloop
  endfacet
  facet normal 0.20791169705769463 -0.9781475994074664 0
    outer loop
      vertex -65.06289786100388 85.5594796165824 88.1
      vertex -65.06289786100388 85.5594796165824 85
      vertex -64.83765177428722 85.60735715180635 88.1
    endloop
  endfacet
  facet normal 0.15643447077382908 -0.9876883396870251 0
    outer loop
      vertex -64.83765177428722 85.60735715180635 88.1
      vertex -64.83765177428722 85.60735715180635 85
      vertex -64.52750209718943 85.65648003667593 88.1
    endloop
  endfacet
  facet normal 0.10452845591539826 -0.9945218961410265 0
    outer loop
      vertex -64.52750209718943 85.65648003667593 88.1
      vertex -64.52750209718943 85.65648003667593 85
      vertex -64.29848535358906 85.68055066466331 88.1
    endloop
  endfacet
  facet normal 0.05233594924714904 -0.9986295351212079 0
    outer loop
      vertex -64.29848535358906 85.68055066466331 88.1
      vertex -64.29848535358906 85.68055066466331 85
      vertex -63.98489996045828 85.69698497653008 88.1
    endloop
  endfacet
  facet normal 0.026176976785963785 -0.9996573242298319 0
    outer loop
      vertex -63.98489996045828 85.69698497653008 88.1
      vertex -63.98489996045828 85.69698497653008 85
      vertex -63.86976087093353 85.70000000298023 88.1
    endloop
  endfacet
  facet normal 0 0 -1
    outer loop
      vertex -88.01478363573551 85.95886895060539 85
      vertex -87.52671151608229 86.35410196334124 85
      vertex 86.44041986018419 86.98127274215221 85
    endloop
  endfacet
  facet normal 0 0 -1
    outer loop
      vertex -87.52671151608229 86.35410196334124 85
      vertex -87 86.69615242630243 85
      vertex 85.85410196334124 87.20633909851313 85
    endloop
  endfacet
  facet normal 0 0 -1
    outer loop
      vertex -87 86.69615242630243 85
      vertex -86.44041986018419 86.98127274215221 85
      vertex 85.24747014790773 87.36888560652733 85
    endloop
  endfacet
  facet normal 0 0 -1
    outer loop
      vertex -86.44041986018419 86.98127274215221 85
      vertex -85.85410196334124 87.20633909851313 85
      vertex 84.62717077881098 87.4671313688159 85
    endloop
  endfacet
  facet normal 0 0 -1
    outer loop
      vertex -85.85410196334124 87.20633909851313 85
      vertex -85.24747014790773 87.36888560652733 85
      vertex 84 87.5 85
    endloop
  endfacet
  facet normal 0 0 -1
    outer loop
      vertex -85.24747014790773 87.36888560652733 85
      vertex -84 87.5 85
      vertex 84 87.5 85
    endloop
  endfacet
  facet normal 0 0 -1
    outer loop
      vertex -88.01478363573551 85.95886895060539 85
      vertex 87 86.69615242630243 85
      vertex -63.86976087093353 85.70000000298023 85
    endloop
  endfacet
  facet normal 0 -1 0
    outer loop
      vertex -63.86976087093353 85.70000000298023 88.1
      vertex -63.86976087093353 85.70000000298023 85
      vertex 63.86976087093353 85.70000000298023 88.1
    endloop
  endfacet
  facet normal 0 0 -1
    outer loop
      vertex -88.20000000298023 -61.36976087093353 88.1
      vertex -88.20000000298023 61.36976087093353 88.1
      vertex -81.2450587823987 66.26282649487257 88.1
    endloop
  endfacet
  facet normal 0 0 -1
    outer loop
      vertex -88.20000000298023 -61.36976087093353 88.1
      vertex -81.2450587823987 66.26282649487257 88.1
      vertex -81.13648664206266 66.22437908500433 88.1
    endloop
  endfacet
  facet normal 0 0 -1
    outer loop
      vertex -88.20000000298023 -61.36976087093353 88.1
      vertex -81.13648664206266 66.22437908500433 88.1
      vertex -81.0469170063734 66.18999651819468 88.1
    endloop
  endfacet
  facet normal 0 0 -1
    outer loop
      vertex -88.20000000298023 -61.36976087093353 88.1
      vertex -81.0469170063734 66.18999651819468 88.1
      vertex -81.0072750672698 66.177116073668 88.1
    endloop
  endfacet
  facet normal 0 0 -1
    outer loop
      vertex -88.20000000298023 -61.36976087093353 88.1
      vertex -81.0072750672698 66.177116073668 88.1
      vertex -80.05706532299519 65.92250814288855 88.1
    endloop
  endfacet
  facet normal 0 0 -1
    outer loop
      vertex -88.20000000298023 -61.36976087093353 88.1
      vertex -80.05706532299519 65.92250814288855 88.1
      vertex -80.0162941813469 65.91384197026491 88.1
    endloop
  endfacet
  facet normal 0 0 -1
    outer loop
      vertex -88.20000000298023 -61.36976087093353 88.1
      vertex -80.0162941813469 65.91384197026491 88.1
      vertex -79.04467616975307 65.75995279103518 88.1
    endloop
  endfacet
  facet normal 0 0 -1
    outer loop
      vertex -88.20000000298023 -61.36976087093353 88.1
      vertex -79.04467616975307 65.75995279103518 88.1
      vertex -79.00322216749191 65.75559579581022 88.1
    endloop
  endfacet
  facet normal 0 0 -1
    outer loop
      vertex -88.20000000298023 -61.36976087093353 88.1
      vertex -79.00322216749191 65.75559579581022 88.1
      vertex -78.020841114223 65.70411139726639 88.1
    endloop
  endfacet
  facet normal 0 0 -1
    outer loop
      vertex -88.20000000298023 -61.36976087093353 88.1
      vertex -78.020841114223 65.70411139726639 88.1
      vertex -77.979158885777 65.70411139726639 88.1
    endloop
  endfacet
  facet normal 0 0 -1
    outer loop
      vertex -88.20000000298023 -61.36976087093353 88.1
      vertex -77.979158885777 65.70411139726639 88.1
      vertex -76.99677764624357 65.75559581071138 88.1
    endloop
  endfacet
  facet normal 0 0 1
    outer loop
      vertex -90 -81.5 90
      vertex -85.70355778199074 72.99696234556292 90
      vertex -85.92299556594382 73.81591530437615 90
    endloop
  endfacet
  facet normal 0 0 1
    outer loop
      vertex -90 -81.5 90
      vertex -84.55303765443708 70.73893945643097 90
      vertex -85.01480577065395 71.45 90
    endloop
  endfacet
  facet normal 0 0 1
    outer loop
      vertex -90 -81.5 90
      vertex -85.01480577065395 71.45 90
      vertex -85.39971820690506 72.20543319108602 90
    endloop
  endfacet
  facet normal 0 0 1
    outer loop
      vertex -90 -81.5 90
      vertex -85.39971820690506 72.20543319108602 90
      vertex -85.70355778199074 72.99696234556292 90
    endloop
  endfacet
  facet normal 0 0 1
    outer loop
      vertex -90 -81.5 90
      vertex -85.92299556594382 73.81591530437615 90
      vertex -86.05562735248301 74.65331944753201 90
    endloop
  endfacet
  facet normal 0 0 1
    outer loop
      vertex -90 -81.5 90
      vertex -86.05562735248301 74.65331944753201 90
      vertex -86.1 75.5 90
    endloop
  endfacet
  facet normal 0 0 1
    outer loop
      vertex -90 -81.5 90
      vertex -86.1 75.5 90
      vertex -90 81.5 90
    endloop
  endfacet
  facet normal 0 0 1
    outer loop
      vertex -82.76106054356903 -68.94696234556292 90
      vertex -82.76106054356903 68.94696234556292 90
      vertex -83.41995791150676 69.48052691363311 90
    endloop
  endfacet
  facet normal 0 0 1
    outer loop
      vertex -84.01947308636689 -70.08004208849324 90
      vertex -84.01947308636689 70.08004208849324 90
      vertex -84.55303765443708 70.73893945643097 90
    endloop
  endfacet
  facet normal 0 0 1
    outer loop
      vertex -83.41995791150676 -69.48052691363311 90
      vertex -83.41995791150676 69.48052691363311 90
      vertex -84.01947308636689 70.08004208849324 90
    endloop
  endfacet
  facet normal 0 0 1
    outer loop
      vertex -82.05 -68.48519422934605 90
      vertex -82.05 68.48519422934605 90
      vertex -82.76106054356903 68.94696234556292 90
    endloop
  endfacet
  facet normal 0 0 1
    outer loop
      vertex -81.29456680891398 -68.10028179309494 90
      vertex -81.29456680891398 68.10028179309494 90
      vertex -82.05 68.48519422934605 90
    endloop
  endfacet
  facet normal 0 0 1
    outer loop
      vertex -80.50303765443708 -67.79644221800926 90
      vertex -80.50303765443708 67.79644221800926 90
      vertex -81.29456680891398 68.10028179309494 90
    endloop
  endfacet
  facet normal 0 0 1
    outer loop
      vertex -79.68408469562385 -67.57700443405618 90
      vertex -79.68408469562385 67.57700443405618 90
      vertex -80.50303765443708 67.79644221800926 90
    endloop
  endfacet
  facet normal 0 0 1
    outer loop
      vertex -78.84668055246799 -67.44437264751699 90
      vertex -78.84668055246799 67.44437264751699 90
      vertex -79.68408469562385 67.57700443405618 90
    endloop
  endfacet
  facet normal 0 0 1
    outer loop
      vertex -78 -67.4 90
      vertex -78 67.4 90
      vertex -78.84668055246799 67.44437264751699 90
    endloop
  endfacet
  facet normal 0 0 1
    outer loop
      vertex -77.15331944753201 -67.44437264751699 90
      vertex -77.15331944753201 67.44437264751699 90
      vertex -78 67.4 90
    endloop
  endfacet
  facet normal 0 0 1
    outer loop
      vertex -76.31591530437615 -67.57700443405618 90
      vertex -76.31591530437615 67.57700443405618 90
      vertex -77.15331944753201 67.44437264751699 90
    endloop
  endfacet
  facet normal 0 0 1
    outer loop
      vertex -75.49696234556292 -67.79644221800926 90
      vertex -75.49696234556292 67.79644221800926 90
      vertex -76.31591530437615 67.57700443405618 90
    endloop
  endfacet
  facet normal 0 0 1
    outer loop
      vertex -74.70543319108602 -68.10028179309494 90
      vertex -74.70543319108602 68.10028179309494 90
      vertex -75.49696234556292 67.79644221800926 90
    endloop
  endfacet
  facet normal 0 0 1
    outer loop
      vertex -74.70543319108602 -68.10028179309494 90
      vertex -73.95 68.48519422934605 90
      vertex -74.70543319108602 68.10028179309494 90
    endloop
  endfacet
  facet normal 0 0 1
    outer loop
      vertex -74.70543319108602 -68.10028179309494 90
      vertex -73.23893945643097 68.94696234556292 90
      vertex -73.95 68.48519422934605 90
    endloop
  endfacet
  facet normal 0 0 1
    outer loop
      vertex -74.70543319108602 -68.10028179309494 90
      vertex -72.58004208849324 69.48052691363311 90
      vertex -73.23893945643097 68.94696234556292 90
    endloop
  endfacet
  facet normal 0 0 1
    outer loop
      vertex -74.70543319108602 -68.10028179309494 90
      vertex -71.98052691363311 70.08004208849324 90
      vertex -72.58004208849324 69.48052691363311 90
    endloop
  endfacet
  facet normal 0 0 1
    outer loop
      vertex -74.70543319108602 -68.10028179309494 90
      vertex -71.44696234556292 70.73893945643097 90
      vertex -71.98052691363311 70.08004208849324 90
    endloop
  endfacet
  facet normal 0 0 1
    outer loop
      vertex -74.70543319108602 -68.10028179309494 90
      vertex -70.98519422934605 71.45 90
      vertex -71.44696234556292 70.73893945643097 90
    endloop
  endfacet
  facet normal 0 0 1
    outer loop
      vertex -74.70543319108602 -68.10028179309494 90
      vertex -70.60028179309494 72.20543319108602 90
      vertex -70.98519422934605 71.45 90
    endloop
  endfacet
  facet normal 0 0 -1
    outer loop
      vertex -88.18383677303791 61.75673136115074 88.1
      vertex -88.1510131880641 62.06902688741684 88.1
      vertex -83.92670915275812 66.48475060611963 88.1
    endloop
  endfacet
  facet normal 0 0 -1
    outer loop
      vertex -88.1510131880641 62.06902688741684 88.1
      vertex -88.11498975008726 62.296469926834106 88.1
      vertex -83.92670915275812 66.48475060611963 88.1
    endloop
  endfacet
  facet normal 0 0 -1
    outer loop
      vertex -88.11498975008726 62.296469926834106 88.1
      vertex -88.04970220476389 62.60362371057272 88.1
      vertex -83.92670915275812 66.48475060611963 88.1
    endloop
  endfacet
  facet normal 0 0 -1
    outer loop
      vertex -88.04970220476389 62.60362371057272 88.1
      vertex -87.9901018217206 62.82605537772179 88.1
      vertex -83.92670915275812 66.48475060611963 88.1
    endloop
  endfacet
  facet normal 0 0 -1
    outer loop
      vertex -87.9901018217206 62.82605537772179 88.1
      vertex -87.89306562393904 63.12470208853483 88.1
      vertex -83.92670915275812 66.48475060611963 88.1
    endloop
  endfacet
  facet normal 0 0 -1
    outer loop
      vertex -88.19924611598253 61.427350141108036 88.1
      vertex -81.2450587823987 66.26282649487257 88.1
      vertex -88.20000000298023 61.36976087093353 88.1
    endloop
  endfacet
  facet normal 0 0 -1
    outer loop
      vertex -88.19924611598253 61.427350141108036 88.1
      vertex -88.19513472169638 61.58435799181461 88.1
      vertex -81.2450587823987 66.26282649487257 88.1
    endloop
  endfacet
  facet normal 0 0 -1
    outer loop
      vertex -88.19513472169638 61.58435799181461 88.1
      vertex -88.18383677303791 61.75673136115074 88.1
      vertex -81.2450587823987 66.26282649487257 88.1
    endloop
  endfacet
  facet normal 0 0 -1
    outer loop
      vertex -87.89306562393904 63.12470208853483 88.1
      vertex -87.81054129451513 63.339685313403606 88.1
      vertex -83.92670915275812 66.48475060611963 88.1
    endloop
  endfacet
  facet normal 0 0 -1
    outer loop
      vertex -87.81054129451513 63.339685313403606 88.1
      vertex -87.6828195899725 63.62655296176672 88.1
      vertex -83.92670915275812 66.48475060611963 88.1
    endloop
  endfacet
  facet normal 0 0 -1
    outer loop
      vertex -87.6828195899725 63.62655296176672 88.1
      vertex -87.5782754868269 63.83173232525587 88.1
      vertex -83.92670915275812 66.48475060611963 88.1
    endloop
  endfacet
  facet normal 0 0 -1
    outer loop
      vertex -87.5782754868269 63.83173232525587 88.1
      vertex -87.42126762121916 64.1036779358983 88.1
      vertex -83.92670915275812 66.48475060611963 88.1
    endloop
  endfacet
  facet normal 0 0 -1
    outer loop
      vertex -87.42126762121916 64.1036779358983 88.1
      vertex -87.29584909975529 64.29680552333593 88.1
      vertex -83.92670915275812 66.48475060611963 88.1
    endloop
  endfacet
  facet normal 0 0 -1
    outer loop
      vertex -87.29584909975529 64.29680552333593 88.1
      vertex -87.11127527803183 64.55084959417582 88.1
      vertex -83.92670915275812 66.48475060611963 88.1
    endloop
  endfacet
  facet normal 0 0 -1
    outer loop
      vertex -87.11127527803183 64.55084959417582 88.1
      vertex -86.96635649353266 64.72980938851833 88.1
      vertex -83.92670915275812 66.48475060611963 88.1
    endloop
  endfacet
  facet normal 0 0 -1
    outer loop
      vertex -86.96635649353266 64.72980938851833 88.1
      vertex -86.75623895227909 64.963168554008 88.1
      vertex -83.92670915275812 66.48475060611963 88.1
    endloop
  endfacet
  facet normal 0 0 -1
    outer loop
      vertex -88.18383677303791 61.75673136115074 88.1
      vertex -83.92670915275812 66.48475060611963 88.1
      vertex -83.69926605373621 66.52077405899763 88.1
    endloop
  endfacet
  facet normal 0 0 -1
    outer loop
      vertex -86.75623895227909 64.963168554008 88.1
      vertex -86.59340770542622 65.12599980086088 88.1
      vertex -83.92670915275812 66.48475060611963 88.1
    endloop
  endfacet
  facet normal 0 0 -1
    outer loop
      vertex -88.18383677303791 61.75673136115074 88.1
      vertex -83.69926605373621 66.52077405899763 88.1
      vertex -83.38697052747011 66.55359764397144 88.1
    endloop
  endfacet
  facet normal 0 0 -1
    outer loop
      vertex -88.18383677303791 61.75673136115074 88.1
      vertex -83.38697052747011 66.55359764397144 88.1
      vertex -83.15700788795948 66.56564947962761 88.1
    endloop
  endfacet
  facet normal 0 0 -1
    outer loop
      vertex -88.18383677303791 61.75673136115074 88.1
      vertex -83.15700788795948 66.56564947962761 88.1
      vertex -82.84299213439226 66.56564947962761 88.1
    endloop
  endfacet
  facet normal 0 0 -1
    outer loop
      vertex -88.18383677303791 61.75673136115074 88.1
      vertex -82.84299213439226 66.56564947962761 88.1
      vertex -82.61302950978279 66.55359764397144 88.1
    endloop
  endfacet
  facet normal 0 0 -1
    outer loop
      vertex -88.18383677303791 61.75673136115074 88.1
      vertex -82.3007339835167 66.52077405899763 88.1
      vertex -82.07329094409943 66.4847506210208 88.1
    endloop
  endfacet
  facet normal 0 0 -1
    outer loop
      vertex -88.18383677303791 61.75673136115074 88.1
      vertex -82.07329094409943 66.4847506210208 88.1
      vertex -81.76613716036081 66.41946307569742 88.1
    endloop
  endfacet
  facet normal 0 0 -1
    outer loop
      vertex -88.18383677303791 61.75673136115074 88.1
      vertex -81.76613716036081 66.41946307569742 88.1
      vertex -81.54370549321175 66.35986269265413 88.1
    endloop
  endfacet
  facet normal 0 0 -1
    outer loop
      vertex -88.18383677303791 61.75673136115074 88.1
      vertex -82.61302950978279 66.55359764397144 88.1
      vertex -82.3007339835167 66.52077405899763 88.1
    endloop
  endfacet
  facet normal 0 0 -1
    outer loop
      vertex -88.18383677303791 61.75673136115074 88.1
      vertex -81.54370549321175 66.35986269265413 88.1
      vertex -81.2450587823987 66.26282649487257 88.1
    endloop
  endfacet
  facet normal 0 0 1
    outer loop
      vertex -85.92299556594382 73.81591530437615 87.8
      vertex -85.92299556594382 77.18408469562385 87.8
      vertex -86.05562735248301 74.65331944753201 87.8
    endloop
  endfacet
  facet normal 0 0 1
    outer loop
      vertex -86.05562735248301 74.65331944753201 87.8
      vertex -86.05562735248301 76.34668055246799 87.8
      vertex -86.1 75.5 87.8
    endloop
  endfacet
  facet normal 0 0 1
    outer loop
      vertex -86.05562735248301 74.65331944753201 87.8
      vertex -85.92299556594382 77.18408469562385 87.8
      vertex -86.05562735248301 76.34668055246799 87.8
    endloop
  endfacet
  facet normal 0 0 1
    outer loop
      vertex -85.92299556594382 73.81591530437615 87.8
      vertex -85.70355778199074 78.00303765443708 87.8
      vertex -85.92299556594382 77.18408469562385 87.8
    endloop
  endfacet
  facet normal 0 0 1
    outer loop
      vertex -85.01480577065395 71.45 87.8
      vertex -85.01480577065395 79.55 87.8
      vertex -85.39971820690506 72.20543319108602 87.8
    endloop
  endfacet
  facet normal 0 0 1
    outer loop
      vertex -85.70355778199074 72.99696234556292 87.8
      vertex -85.39971820690506 72.20543319108602 87.8
      vertex -85.39971820690506 78.79456680891398 87.8
    endloop
  endfacet
  facet normal 0 0 1
    outer loop
      vertex -85.70355778199074 72.99696234556292 87.8
      vertex -85.70355778199074 78.00303765443708 87.8
      vertex -85.92299556594382 73.81591530437615 87.8
    endloop
  endfacet
  facet normal 0 0 1
    outer loop
      vertex -84.55303765443708 70.73893945643097 87.8
      vertex -84.55303765443708 80.26106054356903 87.8
      vertex -85.01480577065395 71.45 87.8
    endloop
  endfacet
  facet normal 0 0 1
    outer loop
      vertex -82.76106054356903 68.94696234556292 87.8
      vertex -82.05 68.48519422934605 87.8
      vertex -82.15712730311867 74.61637531402452 87.8
    endloop
  endfacet
  facet normal 0 0 1
    outer loop
      vertex -82.05 68.48519422934605 87.8
      vertex -81.29456680891398 68.10028179309494 87.8
      vertex -81.43832222609353 73.00191267775699 87.8
    endloop
  endfacet
  facet normal 0 0 1
    outer loop
      vertex -81.29456680891398 68.10028179309494 87.8
      vertex -80.50303765443708 67.79644221800926 87.8
      vertex -80.84380507702515 72.34163449172108 87.8
    endloop
  endfacet
  facet normal 0 0 1
    outer loop
      vertex -81.29456680891398 68.10028179309494 87.8
      vertex -80.84380507702515 72.34163449172108 87.8
      vertex -81.15836550827892 72.65619492297485 87.8
    endloop
  endfacet
  facet normal 0 0 1
    outer loop
      vertex -80.50303765443708 67.79644221800926 87.8
      vertex -80.49808732224301 72.06167777390647 87.8
      vertex -80.84380507702515 72.34163449172108 87.8
    endloop
  endfacet
  facet normal 0 0 1
    outer loop
      vertex -80.50303765443708 67.79644221800926 87.8
      vertex -80.125 71.81939203391613 87.8
      vertex -80.49808732224301 72.06167777390647 87.8
    endloop
  endfacet
  facet normal 0 0 1
    outer loop
      vertex -80.50303765443708 67.79644221800926 87.8
      vertex -79.68408469562385 67.57700443405618 87.8
      vertex -79.72863073307215 71.61743180501895 87.8
    endloop
  endfacet
  facet normal 0 0 1
    outer loop
      vertex -79.68408469562385 67.57700443405618 87.8
      vertex -78.84668055246799 67.44437264751699 87.8
      vertex -78.88362468597548 71.34287269688133 87.8
    endloop
  endfacet
  facet normal 0 0 1
    outer loop
      vertex -79.68408469562385 67.57700443405618 87.8
      vertex -79.31332222609353 71.4580098057456 87.8
      vertex -79.72863073307215 71.61743180501895 87.8
    endloop
  endfacet
  facet normal 0 0 1
    outer loop
      vertex -80.50303765443708 67.79644221800926 87.8
      vertex -79.72863073307215 71.61743180501895 87.8
      vertex -80.125 71.81939203391613 87.8
    endloop
  endfacet
  facet normal 0 0 1
    outer loop
      vertex -79.68408469562385 67.57700443405618 87.8
      vertex -78.88362468597548 71.34287269688133 87.8
      vertex -79.31332222609353 71.4580098057456 87.8
    endloop
  endfacet
  facet normal 0 0 1
    outer loop
      vertex -83.41995791150676 69.48052691363311 87.8
      vertex -83.41995791150676 81.51947308636689 87.8
      vertex -84.01947308636689 70.08004208849324 87.8
    endloop
  endfacet
  facet normal 0 0 1
    outer loop
      vertex -83.41995791150676 69.48052691363311 87.8
      vertex -82.76106054356903 68.94696234556292 87.8
      vertex -82.76106054356903 82.05303765443708 87.8
    endloop
  endfacet
  facet normal 0 0 1
    outer loop
      vertex -82.05 68.48519422934605 87.8
      vertex -81.43832222609353 73.00191267775699 87.8
      vertex -81.68060796608387 73.375 87.8
    endloop
  endfacet
  facet normal 0 0 1
    outer loop
      vertex -82.05 68.48519422934605 87.8
      vertex -81.88256819498105 73.77136926692785 87.8
      vertex -82.0419901942544 74.18667777390647 87.8
    endloop
  endfacet
  facet normal 0 0 1
    outer loop
      vertex -82.05 68.48519422934605 87.8
      vertex -82.0419901942544 74.18667777390647 87.8
      vertex -82.15712730311867 74.61637531402452 87.8
    endloop
  endfacet
  facet normal 0 0 1
    outer loop
      vertex -82.05 68.48519422934605 87.8
      vertex -81.68060796608387 73.375 87.8
      vertex -81.88256819498105 73.77136926692785 87.8
    endloop
  endfacet
  facet normal 0 0 1
    outer loop
      vertex -82.76106054356903 68.94696234556292 87.8
      vertex -82.15712730311867 74.61637531402452 87.8
      vertex -82.22671805531516 75.05575403111247 87.8
    endloop
  endfacet
  facet normal 0 0 1
    outer loop
      vertex -82.76106054356903 68.94696234556292 87.8
      vertex -82.22671805531516 75.05575403111247 87.8
      vertex -82.25 75.5 87.8
    endloop
  endfacet
  facet normal 0 0 1
    outer loop
      vertex -82.76106054356903 68.94696234556292 87.8
      vertex -82.25 75.5 87.8
      vertex -82.22671805531516 75.94424596888753 87.8
    endloop
  endfacet
  facet normal 0 0 1
    outer loop
      vertex -84.55303765443708 70.73893945643097 87.8
      vertex -84.01947308636689 70.08004208849324 87.8
      vertex -84.01947308636689 80.91995791150676 87.8
    endloop
  endfacet
  facet normal 0 0 1
    outer loop
      vertex -82.76106054356903 68.94696234556292 87.8
      vertex -82.22671805531516 75.94424596888753 87.8
      vertex -82.05 82.51480577065395 87.8
    endloop
  endfacet
  facet normal 0 0 1
    outer loop
      vertex -81.29456680891398 68.10028179309494 87.8
      vertex -81.15836550827892 72.65619492297485 87.8
      vertex -81.43832222609353 73.00191267775699 87.8
    endloop
  endfacet
  facet normal 0 0 -1
    outer loop
      vertex -86.59340770542622 65.12599980086088 88.1
      vertex -86.36004852503538 65.33611735701561 88.1
      vertex -83.92670915275812 66.48475060611963 88.1
    endloop
  endfacet
  facet normal 0 0 -1
    outer loop
      vertex -86.36004852503538 65.33611735701561 88.1
      vertex -86.18108874559402 65.48103612661362 88.1
      vertex -83.92670915275812 66.48475060611963 88.1
    endloop
  endfacet
  facet normal 0 0 -1
    outer loop
      vertex -86.18108874559402 65.48103612661362 88.1
      vertex -85.92704467475414 65.66560994833708 88.1
      vertex -83.92670915275812 66.48475060611963 88.1
    endloop
  endfacet
  facet normal 0 0 -1
    outer loop
      vertex -85.92704467475414 65.66560994833708 88.1
      vertex -85.73391714692116 65.79102843254805 88.1
      vertex -83.92670915275812 66.48475060611963 88.1
    endloop
  endfacet
  facet normal 0 0 -1
    outer loop
      vertex -85.73391714692116 65.79102843254805 88.1
      vertex -85.4619715064764 65.9480363279581 88.1
      vertex -83.92670915275812 66.48475060611963 88.1
    endloop
  endfacet
  facet normal 0 0 -1
    outer loop
      vertex -85.4619715064764 65.9480363279581 88.1
      vertex -85.25679212063551 66.05258044600487 88.1
      vertex -83.92670915275812 66.48475060611963 88.1
    endloop
  endfacet
  facet normal 0 0 -1
    outer loop
      vertex -85.25679212063551 66.05258044600487 88.1
      vertex -84.9699244722724 66.1803021505475 88.1
      vertex -83.92670915275812 66.48475060611963 88.1
    endloop
  endfacet
  facet normal 0 0 -1
    outer loop
      vertex -84.7549412921071 66.26282646507025 88.1
      vertex -84.45629455894232 66.35986267775297 88.1
      vertex -84.23386289179325 66.41946306079626 88.1
    endloop
  endfacet
  facet normal 0 0 -1
    outer loop
      vertex -84.9699244722724 66.1803021505475 88.1
      vertex -84.7549412921071 66.26282646507025 88.1
      vertex -83.92670915275812 66.48475060611963 88.1
    endloop
  endfacet
  facet normal 0 0 -1
    outer loop
      vertex -84.7549412921071 66.26282646507025 88.1
      vertex -84.23386289179325 66.41946306079626 88.1
      vertex -83.92670915275812 66.48475060611963 88.1
    endloop
  endfacet
  facet normal 0 0 1
    outer loop
      vertex -85.70355778199074 72.99696234556292 87.8
      vertex -85.39971820690506 78.79456680891398 87.8
      vertex -85.70355778199074 78.00303765443708 87.8
    endloop
  endfacet
  facet normal 0 0 1
    outer loop
      vertex -85.39971820690506 72.20543319108602 87.8
      vertex -85.01480577065395 79.55 87.8
      vertex -85.39971820690506 78.79456680891398 87.8
    endloop
  endfacet
  facet normal 0 0 1
    outer loop
      vertex -85.01480577065395 71.45 87.8
      vertex -84.55303765443708 80.26106054356903 87.8
      vertex -85.01480577065395 79.55 87.8
    endloop
  endfacet
  facet normal 0 0 1
    outer loop
      vertex -84.55303765443708 70.73893945643097 87.8
      vertex -84.01947308636689 80.91995791150676 87.8
      vertex -84.55303765443708 80.26106054356903 87.8
    endloop
  endfacet
  facet normal 0 0 1
    outer loop
      vertex -84.01947308636689 70.08004208849324 87.8
      vertex -83.41995791150676 81.51947308636689 87.8
      vertex -84.01947308636689 80.91995791150676 87.8
    endloop
  endfacet
  facet normal 0 0 1
    outer loop
      vertex -83.41995791150676 69.48052691363311 87.8
      vertex -82.76106054356903 82.05303765443708 87.8
      vertex -83.41995791150676 81.51947308636689 87.8
    endloop
  endfacet
  facet normal 0 0 1
    outer loop
      vertex -82.76106054356903 68.94696234556292 87.8
      vertex -82.05 82.51480577065395 87.8
      vertex -82.76106054356903 82.05303765443708 87.8
    endloop
  endfacet
  facet normal 0 0 1
    outer loop
      vertex -82.22671805531516 75.94424596888753 87.8
      vertex -82.15712730311867 76.38362468597548 87.8
      vertex -82.05 82.51480577065395 87.8
    endloop
  endfacet
  facet normal 0 0 1
    outer loop
      vertex -82.15712730311867 76.38362468597548 87.8
      vertex -82.0419901942544 76.81332222609353 87.8
      vertex -82.05 82.51480577065395 87.8
    endloop
  endfacet
  facet normal 0 0 1
    outer loop
      vertex -82.0419901942544 76.81332222609353 87.8
      vertex -81.88256819498105 77.22863073307215 87.8
      vertex -82.05 82.51480577065395 87.8
    endloop
  endfacet
  facet normal 0 0 1
    outer loop
      vertex -81.88256819498105 77.22863073307215 87.8
      vertex -81.68060796608387 77.625 87.8
      vertex -82.05 82.51480577065395 87.8
    endloop
  endfacet
  facet normal 0 0 1
    outer loop
      vertex -81.68060796608387 77.625 87.8
      vertex -81.43832222609353 77.99808732224301 87.8
      vertex -82.05 82.51480577065395 87.8
    endloop
  endfacet
  facet normal 0 0 1
    outer loop
      vertex -81.43832222609353 77.99808732224301 87.8
      vertex -81.29456680891398 82.89971820690506 87.8
      vertex -82.05 82.51480577065395 87.8
    endloop
  endfacet
  facet normal 0 0 1
    outer loop
      vertex -81.43832222609353 77.99808732224301 87.8
      vertex -81.15836550827892 78.34380507702515 87.8
      vertex -81.29456680891398 82.89971820690506 87.8
    endloop
  endfacet
  facet normal 0 0 1
    outer loop
      vertex -81.15836550827892 78.34380507702515 87.8
      vertex -80.84380507702515 78.65836550827892 87.8
      vertex -81.29456680891398 82.89971820690506 87.8
    endloop
  endfacet
  facet normal 0 0 1
    outer loop
      vertex -80.84380507702515 78.65836550827892 87.8
      vertex -80.49808732224301 78.93832222609353 87.8
      vertex -81.29456680891398 82.89971820690506 87.8
    endloop
  endfacet
  facet normal 0 0 1
    outer loop
      vertex -80.49808732224301 78.93832222609353 87.8
      vertex -80.125 79.18060796608387 87.8
      vertex -80.50303765443708 83.20355778199074 87.8
    endloop
  endfacet
  facet normal 0 0 1
    outer loop
      vertex -80.49808732224301 78.93832222609353 87.8
      vertex -80.50303765443708 83.20355778199074 87.8
      vertex -81.29456680891398 82.89971820690506 87.8
    endloop
  endfacet
  facet normal 0 0 1
    outer loop
      vertex -80.125 79.18060796608387 87.8
      vertex -79.72863073307215 79.38256819498105 87.8
      vertex -80.50303765443708 83.20355778199074 87.8
    endloop
  endfacet
  facet normal 0 0 1
    outer loop
      vertex -79.72863073307215 79.38256819498105 87.8
      vertex -79.31332222609353 79.5419901942544 87.8
      vertex -79.68408469562385 83.42299556594382 87.8
    endloop
  endfacet
  facet normal 0 0 1
    outer loop
      vertex -79.72863073307215 79.38256819498105 87.8
      vertex -79.68408469562385 83.42299556594382 87.8
      vertex -80.50303765443708 83.20355778199074 87.8
    endloop
  endfacet
  facet normal 0 0 1
    outer loop
      vertex -79.31332222609353 79.5419901942544 87.8
      vertex -78.88362468597548 79.65712730311867 87.8
      vertex -79.68408469562385 83.42299556594382 87.8
    endloop
  endfacet
  facet normal 0 0 1
    outer loop
      vertex -78.88362468597548 79.65712730311867 87.8
      vertex -78.84668055246799 83.55562735248301 87.8
      vertex -79.68408469562385 83.42299556594382 87.8
    endloop
  endfacet
  facet normal 0 0 1
    outer loop
      vertex -78.84668055246799 67.44437264751699 87.8
      vertex -78 67.4 87.8
      vertex -78 71.25 87.8
    endloop
  endfacet
  facet normal 0 0 1
    outer loop
      vertex -78 67.4 87.8
      vertex -77.15331944753201 67.44437264751699 87.8
      vertex -78 71.25 87.8
    endloop
  endfacet
  facet normal 0 0 1
    outer loop
      vertex -78.84668055246799 67.44437264751699 87.8
      vertex -78.44424596888753 71.27328194468484 87.8
      vertex -78.88362468597548 71.34287269688133 87.8
    endloop
  endfacet
  facet normal 0 0 1
    outer loop
      vertex -78.84668055246799 67.44437264751699 87.8
      vertex -78 71.25 87.8
      vertex -78.44424596888753 71.27328194468484 87.8
    endloop
  endfacet
  facet normal 0 0 1
    outer loop
      vertex -78 71.25 87.8
      vertex -77.15331944753201 67.44437264751699 87.8
      vertex -77.55575403111247 71.27328194468484 87.8
    endloop
  endfacet
  facet normal 0 0 1
    outer loop
      vertex -77.15331944753201 67.44437264751699 87.8
      vertex -76.31591530437615 67.57700443405618 87.8
      vertex -77.11637531402452 71.34287269688133 87.8
    endloop
  endfacet
  facet normal 0 0 1
    outer loop
      vertex -76.31591530437615 67.57700443405618 87.8
      vertex -75.49696234556292 67.79644221800926 87.8
      vertex -76.27136926692785 71.61743180501895 87.8
    endloop
  endfacet
  facet normal 0 0 1
    outer loop
      vertex -77.55575403111247 71.27328194468484 87.8
      vertex -77.15331944753201 67.44437264751699 87.8
      vertex -77.11637531402452 71.34287269688133 87.8
    endloop
  endfacet
  facet normal 0 0 1
    outer loop
      vertex -76.31591530437615 67.57700443405618 87.8
      vertex -76.68667777390647 71.4580098057456 87.8
      vertex -77.11637531402452 71.34287269688133 87.8
    endloop
  endfacet
  facet normal 0 0 1
    outer loop
      vertex -76.31591530437615 67.57700443405618 87.8
      vertex -76.27136926692785 71.61743180501895 87.8
      vertex -76.68667777390647 71.4580098057456 87.8
    endloop
  endfacet
  facet normal 0 0 1
    outer loop
      vertex -75.49696234556292 67.79644221800926 87.8
      vertex -74.70543319108602 68.10028179309494 87.8
      vertex -75.50191267775699 72.06167777390647 87.8
    endloop
  endfacet
  facet normal 0 0 1
    outer loop
      vertex -75.49696234556292 67.79644221800926 87.8
      vertex -75.875 71.81939203391613 87.8
      vertex -76.27136926692785 71.61743180501895 87.8
    endloop
  endfacet
  facet normal 0 0 1
    outer loop
      vertex -75.49696234556292 67.79644221800926 87.8
      vertex -75.50191267775699 72.06167777390647 87.8
      vertex -75.875 71.81939203391613 87.8
    endloop
  endfacet
  facet normal 0 0 1
    outer loop
      vertex -74.70543319108602 68.10028179309494 87.8
      vertex -75.15619492297485 72.34163449172108 87.8
      vertex -75.50191267775699 72.06167777390647 87.8
    endloop
  endfacet
  facet normal 0 0 1
    outer loop
      vertex -74.70543319108602 68.10028179309494 87.8
      vertex -74.84163449172108 72.65619492297485 87.8
      vertex -75.15619492297485 72.34163449172108 87.8
    endloop
  endfacet
  facet normal 0 0 1
    outer loop
      vertex -74.70543319108602 68.10028179309494 87.8
      vertex -73.95 68.48519422934605 87.8
      vertex -74.56167777390647 73.00191267775699 87.8
    endloop
  endfacet
  facet normal 0 0 1
    outer loop
      vertex -74.70543319108602 68.10028179309494 87.8
      vertex -74.56167777390647 73.00191267775699 87.8
      vertex -74.84163449172108 72.65619492297485 87.8
    endloop
  endfacet
  facet normal 0 0 1
    outer loop
      vertex -73.95 68.48519422934605 87.8
      vertex -74.31939203391613 73.375 87.8
      vertex -74.56167777390647 73.00191267775699 87.8
    endloop
  endfacet
  facet normal 0 0 1
    outer loop
      vertex -73.95 68.48519422934605 87.8
      vertex -74.11743180501895 73.77136926692785 87.8
      vertex -74.31939203391613 73.375 87.8
    endloop
  endfacet
  facet normal 0 0 1
    outer loop
      vertex -73.95 68.48519422934605 87.8
      vertex -73.9580098057456 74.18667777390647 87.8
      vertex -74.11743180501895 73.77136926692785 87.8
    endloop
  endfacet
  facet normal 0 0 1
    outer loop
      vertex -73.95 68.48519422934605 87.8
      vertex -73.84287269688133 74.61637531402452 87.8
      vertex -73.9580098057456 74.18667777390647 87.8
    endloop
  endfacet
  facet normal 0 0 1
    outer loop
      vertex -73.95 68.48519422934605 87.8
      vertex -73.77328194468484 75.05575403111247 87.8
      vertex -73.84287269688133 74.61637531402452 87.8
    endloop
  endfacet
  facet normal 0 0 1
    outer loop
      vertex -73.95 68.48519422934605 87.8
      vertex -73.23893945643097 68.94696234556292 87.8
      vertex -73.23893945643097 82.05303765443708 87.8
    endloop
  endfacet
  facet normal 0 0 1
    outer loop
      vertex -73.95 68.48519422934605 87.8
      vertex -73.23893945643097 82.05303765443708 87.8
      vertex -73.77328194468484 75.05575403111247 87.8
    endloop
  endfacet
  facet normal 0 0 1
    outer loop
      vertex -73.23893945643097 68.94696234556292 87.8
      vertex -72.58004208849324 69.48052691363311 87.8
      vertex -72.58004208849324 81.51947308636689 87.8
    endloop
  endfacet
  facet normal 0 0 1
    outer loop
      vertex -72.58004208849324 69.48052691363311 87.8
      vertex -71.98052691363311 70.08004208849324 87.8
      vertex -71.98052691363311 80.91995791150676 87.8
    endloop
  endfacet
  facet normal 0 0 1
    outer loop
      vertex -71.98052691363311 70.08004208849324 87.8
      vertex -71.44696234556292 70.73893945643097 87.8
      vertex -71.44696234556292 80.26106054356903 87.8
    endloop
  endfacet
  facet normal 0 0 1
    outer loop
      vertex -71.44696234556292 70.73893945643097 87.8
      vertex -70.98519422934605 71.45 87.8
      vertex -70.98519422934605 79.55 87.8
    endloop
  endfacet
  facet normal 0 0 1
    outer loop
      vertex -70.98519422934605 71.45 87.8
      vertex -70.60028179309494 72.20543319108602 87.8
      vertex -70.60028179309494 78.79456680891398 87.8
    endloop
  endfacet
  facet normal 0 0 1
    outer loop
      vertex -70.60028179309494 72.20543319108602 87.8
      vertex -70.29644221800926 72.99696234556292 87.8
      vertex -70.29644221800926 78.00303765443708 87.8
    endloop
  endfacet
  facet normal 0 0 1
    outer loop
      vertex -70.60028179309494 72.20543319108602 87.8
      vertex -70.29644221800926 78.00303765443708 87.8
      vertex -70.60028179309494 78.79456680891398 87.8
    endloop
  endfacet
  facet normal 0 0 1
    outer loop
      vertex -70.29644221800926 72.99696234556292 87.8
      vertex -70.07700443405618 73.81591530437615 87.8
      vertex -70.07700443405618 77.18408469562385 87.8
    endloop
  endfacet
  facet normal 0 0 1
    outer loop
      vertex -70.07700443405618 73.81591530437615 87.8
      vertex -69.94437264751699 74.65331944753201 87.8
      vertex -69.94437264751699 76.34668055246799 87.8
    endloop
  endfacet
  facet normal 0 0 1
    outer loop
      vertex -70.07700443405618 73.81591530437615 87.8
      vertex -69.94437264751699 76.34668055246799 87.8
      vertex -70.07700443405618 77.18408469562385 87.8
    endloop
  endfacet
  facet normal 0 0 1
    outer loop
      vertex -69.94437264751699 74.65331944753201 87.8
      vertex -69.9 75.5 87.8
      vertex -69.94437264751699 76.34668055246799 87.8
    endloop
  endfacet
  facet normal 0 0 1
    outer loop
      vertex -70.29644221800926 72.99696234556292 87.8
      vertex -70.07700443405618 77.18408469562385 87.8
      vertex -70.29644221800926 78.00303765443708 87.8
    endloop
  endfacet
  facet normal 0 0 1
    outer loop
      vertex -78.88362468597548 79.65712730311867 87.8
      vertex -78.44424596888753 79.72671805531516 87.8
      vertex -78.84668055246799 83.55562735248301 87.8
    endloop
  endfacet
  facet normal 0 0 1
    outer loop
      vertex -78.44424596888753 79.72671805531516 87.8
      vertex -78 79.75 87.8
      vertex -78.84668055246799 83.55562735248301 87.8
    endloop
  endfacet
  facet normal 0 0 1
    outer loop
      vertex -78 79.75 87.8
      vertex -77.55575403111247 79.72671805531516 87.8
      vertex -77.15331944753201 83.55562735248301 87.8
    endloop
  endfacet
  facet normal 0 0 1
    outer loop
      vertex -77.55575403111247 79.72671805531516 87.8
      vertex -77.11637531402452 79.65712730311867 87.8
      vertex -77.15331944753201 83.55562735248301 87.8
    endloop
  endfacet
  facet normal 0 0 1
    outer loop
      vertex -77.11637531402452 79.65712730311867 87.8
      vertex -76.68667777390647 79.5419901942544 87.8
      vertex -76.31591530437615 83.42299556594382 87.8
    endloop
  endfacet
  facet normal 0 0 1
    outer loop
      vertex -76.68667777390647 79.5419901942544 87.8
      vertex -76.27136926692785 79.38256819498105 87.8
      vertex -76.31591530437615 83.42299556594382 87.8
    endloop
  endfacet
  facet normal 0 0 1
    outer loop
      vertex -76.27136926692785 79.38256819498105 87.8
      vertex -75.49696234556292 83.20355778199074 87.8
      vertex -76.31591530437615 83.42299556594382 87.8
    endloop
  endfacet
  facet normal 0 0 1
    outer loop
      vertex -73.77328194468484 75.05575403111247 87.8
      vertex -73.23893945643097 82.05303765443708 87.8
      vertex -73.75 75.5 87.8
    endloop
  endfacet
  facet normal 0 0 1
    outer loop
      vertex -73.75 75.5 87.8
      vertex -73.23893945643097 82.05303765443708 87.8
      vertex -73.77328194468484 75.94424596888753 87.8
    endloop
  endfacet
  facet normal 0 0 1
    outer loop
      vertex -73.84287269688133 76.38362468597548 87.8
      vertex -73.95 82.51480577065395 87.8
      vertex -73.9580098057456 76.81332222609353 87.8
    endloop
  endfacet
  facet normal 0 0 1
    outer loop
      vertex -73.9580098057456 76.81332222609353 87.8
      vertex -73.95 82.51480577065395 87.8
      vertex -74.11743180501895 77.22863073307215 87.8
    endloop
  endfacet
  facet normal 0 0 1
    outer loop
      vertex -74.11743180501895 77.22863073307215 87.8
      vertex -73.95 82.51480577065395 87.8
      vertex -74.31939203391613 77.625 87.8
    endloop
  endfacet
  facet normal 0 0 1
    outer loop
      vertex -73.77328194468484 75.94424596888753 87.8
      vertex -73.23893945643097 82.05303765443708 87.8
      vertex -73.84287269688133 76.38362468597548 87.8
    endloop
  endfacet
  facet normal 0 0 1
    outer loop
      vertex -76.27136926692785 79.38256819498105 87.8
      vertex -75.875 79.18060796608387 87.8
      vertex -75.49696234556292 83.20355778199074 87.8
    endloop
  endfacet
  facet normal 0 0 1
    outer loop
      vertex -75.875 79.18060796608387 87.8
      vertex -75.50191267775699 78.93832222609353 87.8
      vertex -75.49696234556292 83.20355778199074 87.8
    endloop
  endfacet
  facet normal 0 0 1
    outer loop
      vertex -75.50191267775699 78.93832222609353 87.8
      vertex -75.15619492297485 78.65836550827892 87.8
      vertex -75.49696234556292 83.20355778199074 87.8
    endloop
  endfacet
  facet normal 0 0 1
    outer loop
      vertex -75.15619492297485 78.65836550827892 87.8
      vertex -74.84163449172108 78.34380507702515 87.8
      vertex -74.70543319108602 82.89971820690506 87.8
    endloop
  endfacet
  facet normal 0 0 1
    outer loop
      vertex -74.56167777390647 77.99808732224301 87.8
      vertex -74.70543319108602 82.89971820690506 87.8
      vertex -74.84163449172108 78.34380507702515 87.8
    endloop
  endfacet
  facet normal 0 0 1
    outer loop
      vertex -75.15619492297485 78.65836550827892 87.8
      vertex -74.70543319108602 82.89971820690506 87.8
      vertex -75.49696234556292 83.20355778199074 87.8
    endloop
  endfacet
  facet normal 0 0 1
    outer loop
      vertex -74.56167777390647 77.99808732224301 87.8
      vertex -74.31939203391613 77.625 87.8
      vertex -73.95 82.51480577065395 87.8
    endloop
  endfacet
  facet normal 0 0 1
    outer loop
      vertex -73.84287269688133 76.38362468597548 87.8
      vertex -73.23893945643097 82.05303765443708 87.8
      vertex -73.95 82.51480577065395 87.8
    endloop
  endfacet
  facet normal 0 0 1
    outer loop
      vertex -74.56167777390647 77.99808732224301 87.8
      vertex -73.95 82.51480577065395 87.8
      vertex -74.70543319108602 82.89971820690506 87.8
    endloop
  endfacet
  facet normal 0 0 1
    outer loop
      vertex -78 79.75 87.8
      vertex -78 83.6 87.8
      vertex -78.84668055246799 83.55562735248301 87.8
    endloop
  endfacet
  facet normal 0 0 1
    outer loop
      vertex -78 79.75 87.8
      vertex -77.15331944753201 83.55562735248301 87.8
      vertex -78 83.6 87.8
    endloop
  endfacet
  facet normal 0 0 1
    outer loop
      vertex -77.11637531402452 79.65712730311867 87.8
      vertex -76.31591530437615 83.42299556594382 87.8
      vertex -77.15331944753201 83.55562735248301 87.8
    endloop
  endfacet
  facet normal 0 0 1
    outer loop
      vertex -73.23893945643097 68.94696234556292 87.8
      vertex -72.58004208849324 81.51947308636689 87.8
      vertex -73.23893945643097 82.05303765443708 87.8
    endloop
  endfacet
  facet normal 0 0 1
    outer loop
      vertex -71.98052691363311 70.08004208849324 87.8
      vertex -71.44696234556292 80.26106054356903 87.8
      vertex -71.98052691363311 80.91995791150676 87.8
    endloop
  endfacet
  facet normal 0 0 1
    outer loop
      vertex -72.58004208849324 69.48052691363311 87.8
      vertex -71.98052691363311 80.91995791150676 87.8
      vertex -72.58004208849324 81.51947308636689 87.8
    endloop
  endfacet
  facet normal 0 0 1
    outer loop
      vertex -71.44696234556292 70.73893945643097 87.8
      vertex -70.98519422934605 79.55 87.8
      vertex -71.44696234556292 80.26106054356903 87.8
    endloop
  endfacet
  facet normal 0 0 1
    outer loop
      vertex -70.98519422934605 71.45 87.8
      vertex -70.60028179309494 78.79456680891398 87.8
      vertex -70.98519422934605 79.55 87.8
    endloop
  endfacet
  facet normal 0.7771459614569688 0.62932039104984 0
    outer loop
      vertex -84.55303765443708 70.73893945643097 87.8
      vertex -84.55303765443708 70.73893945643097 90
      vertex -84.01947308636689 70.08004208849324 87.8
    endloop
  endfacet
  facet normal 0.9659258262890682 0.258819045102521 0
    outer loop
      vertex -85.70355778199074 72.99696234556292 87.8
      vertex -85.92299556594382 73.81591530437615 87.8
      vertex -85.92299556594382 73.81591530437615 90
    endloop
  endfacet
  facet normal 0.891006524188367 0.45399049973954864 0
    outer loop
      vertex -85.01480577065395 71.45 87.8
      vertex -85.39971820690506 72.20543319108602 87.8
      vertex -85.39971820690506 72.20543319108602 90
    endloop
  endfacet
  facet normal 0.8386705679454272 0.5446390350150223 0
    outer loop
      vertex -84.55303765443708 70.73893945643097 87.8
      vertex -85.01480577065395 71.45 87.8
      vertex -85.01480577065395 71.45 90
    endloop
  endfacet
  facet normal 0.9335804264972021 0.3583679495452997 0
    outer loop
      vertex -85.70355778199074 72.99696234556292 87.8
      vertex -85.70355778199074 72.99696234556292 90
      vertex -85.39971820690506 72.20543319108602 87.8
    endloop
  endfacet
  facet normal 0.9876883405951371 0.1564344650402346 0
    outer loop
      vertex -85.92299556594382 73.81591530437615 87.8
      vertex -86.05562735248301 74.65331944753201 87.8
      vertex -86.05562735248301 74.65331944753201 90
    endloop
  endfacet
  facet normal 0.9986295347545743 0.0523359562429368 0
    outer loop
      vertex -86.05562735248301 74.65331944753201 87.8
      vertex -86.1 75.5 87.8
      vertex -86.1 75.5 90
    endloop
  endfacet
  facet normal 0.9986295347545743 -0.0523359562429368 0
    outer loop
      vertex -86.1 75.5 87.8
      vertex -86.05562735248301 76.34668055246799 87.8
      vertex -86.05562735248301 76.34668055246799 90
    endloop
  endfacet
  facet normal 0.45399049973954864 0.891006524188367 0
    outer loop
      vertex -82.05 68.48519422934605 87.8
      vertex -82.05 68.48519422934605 90
      vertex -81.29456680891398 68.10028179309494 87.8
    endloop
  endfacet
  facet normal 0.62932039104984 0.7771459614569688 0
    outer loop
      vertex -83.41995791150676 69.48052691363311 87.8
      vertex -83.41995791150676 69.48052691363311 90
      vertex -82.76106054356903 68.94696234556292 87.8
    endloop
  endfacet
  facet normal 0.7071067811865476 0.7071067811865476 0
    outer loop
      vertex -83.41995791150676 69.48052691363311 87.8
      vertex -84.01947308636689 70.08004208849324 87.8
      vertex -84.01947308636689 70.08004208849324 90
    endloop
  endfacet
  facet normal 0.5446390350150223 0.8386705679454272 0
    outer loop
      vertex -82.76106054356903 68.94696234556292 87.8
      vertex -82.76106054356903 68.94696234556292 90
      vertex -82.05 68.48519422934605 87.8
    endloop
  endfacet
  facet normal 0.3583679495452997 0.9335804264972021 0
    outer loop
      vertex -81.29456680891398 68.10028179309494 87.8
      vertex -81.29456680891398 68.10028179309494 90
      vertex -80.50303765443708 67.79644221800926 87.8
    endloop
  endfacet
  facet normal 0.258819045102521 0.9659258262890682 0
    outer loop
      vertex -80.50303765443708 67.79644221800926 87.8
      vertex -80.50303765443708 67.79644221800926 90
      vertex -79.68408469562385 67.57700443405618 87.8
    endloop
  endfacet
  facet normal 0.1564344650402346 0.9876883405951371 0
    outer loop
      vertex -79.68408469562385 67.57700443405618 87.8
      vertex -79.68408469562385 67.57700443405618 90
      vertex -78.84668055246799 67.44437264751699 87.8
    endloop
  endfacet
  facet normal -0.9986295344686827 0.052335961698072614 0
    outer loop
      vertex -90 81.5 85
      vertex -90 81.5 90
      vertex -89.9671313688159 82.12717077881098 90
    endloop
  endfacet
  facet normal -0.9876883421006546 0.15643445553477123 0
    outer loop
      vertex -89.9671313688159 82.12717077881098 85
      vertex -89.9671313688159 82.12717077881098 90
      vertex -89.86888560652733 82.74747014790773 90
    endloop
  endfacet
  facet normal -0.9659258251084867 0.25881904950851087 0
    outer loop
      vertex -89.86888560652733 82.74747014790773 85
      vertex -89.86888560652733 82.74747014790773 90
      vertex -89.70633909851313 83.35410196334124 90
    endloop
  endfacet
  facet normal -0.9335804250773435 0.3583679532441575 0
    outer loop
      vertex -89.70633909851313 83.35410196334124 85
      vertex -89.70633909851313 83.35410196334124 90
      vertex -89.48127274215221 83.94041986018419 90
    endloop
  endfacet
  facet normal -0.8910065283221495 0.4539904916265432 0
    outer loop
      vertex -89.48127274215221 83.94041986018419 85
      vertex -89.48127274215221 83.94041986018419 90
      vertex -89.19615242630243 84.5 90
    endloop
  endfacet
  facet normal -0.8386705643141267 0.5446390406067345 0
    outer loop
      vertex -89.19615242630243 84.5 85
      vertex -89.19615242630243 84.5 90
      vertex -88.85410196334124 85.02671151608229 90
    endloop
  endfacet
  facet normal -0.7771459589704363 0.6293203941204519 0
    outer loop
      vertex -88.85410196334124 85.02671151608229 85
      vertex -88.85410196334124 85.02671151608229 90
      vertex -88.45886895060539 85.51478363573551 90
    endloop
  endfacet
  facet normal -0.7071067811865476 0.7071067811865476 0
    outer loop
      vertex -88.45886895060539 85.51478363573551 85
      vertex -88.45886895060539 85.51478363573551 90
      vertex -88.01478363573551 85.95886895060539 90
    endloop
  endfacet
  facet normal -0.6293203941204519 0.7771459589704363 0
    outer loop
      vertex -88.01478363573551 85.95886895060539 85
      vertex -88.01478363573551 85.95886895060539 90
      vertex -87.52671151608229 86.35410196334124 90
    endloop
  endfacet
  facet normal -0.5446390406067345 0.8386705643141267 0
    outer loop
      vertex -87.52671151608229 86.35410196334124 85
      vertex -87.52671151608229 86.35410196334124 90
      vertex -87 86.69615242630243 90
    endloop
  endfacet
  facet normal -0.4539904916265432 0.8910065283221495 0
    outer loop
      vertex -87 86.69615242630243 85
      vertex -87 86.69615242630243 90
      vertex -86.44041986018419 86.98127274215221 90
    endloop
  endfacet
  facet normal -0.3583679532441575 0.9335804250773435 0
    outer loop
      vertex -86.44041986018419 86.98127274215221 85
      vertex -86.44041986018419 86.98127274215221 90
      vertex -85.85410196334124 87.20633909851313 90
    endloop
  endfacet
  facet normal -0.25881904950851087 0.9659258251084867 0
    outer loop
      vertex -85.85410196334124 87.20633909851313 85
      vertex -85.85410196334124 87.20633909851313 90
      vertex -85.24747014790773 87.36888560652733 90
    endloop
  endfacet
  facet normal -0.15643445553477123 0.9876883421006546 0
    outer loop
      vertex -85.24747014790773 87.36888560652733 85
      vertex -85.24747014790773 87.36888560652733 90
      vertex -84.62717077881098 87.4671313688159 90
    endloop
  endfacet
  facet normal -0.052335961698072614 0.9986295344686827 0
    outer loop
      vertex -84.62717077881098 87.4671313688159 85
      vertex -84.62717077881098 87.4671313688159 90
      vertex -84 87.5 90
    endloop
  endfacet
  facet normal 0.9876883405951371 -0.1564344650402346 0
    outer loop
      vertex -86.05562735248301 76.34668055246799 87.8
      vertex -85.92299556594382 77.18408469562385 87.8
      vertex -85.92299556594382 77.18408469562385 90
    endloop
  endfacet
  facet normal 0.9659258262890682 -0.258819045102521 0
    outer loop
      vertex -85.92299556594382 77.18408469562385 87.8
      vertex -85.70355778199074 78.00303765443708 87.8
      vertex -85.70355778199074 78.00303765443708 90
    endloop
  endfacet
  facet normal 0.9335804264972021 -0.3583679495452997 0
    outer loop
      vertex -85.70355778199074 78.00303765443708 87.8
      vertex -85.39971820690506 78.79456680891398 87.8
      vertex -85.39971820690506 78.79456680891398 90
    endloop
  endfacet
  facet normal 0.891006524188367 -0.45399049973954864 0
    outer loop
      vertex -85.39971820690506 78.79456680891398 87.8
      vertex -85.01480577065395 79.55 87.8
      vertex -85.01480577065395 79.55 90
    endloop
  endfacet
  facet normal 0.8386705679454272 -0.5446390350150223 0
    outer loop
      vertex -85.01480577065395 79.55 87.8
      vertex -84.55303765443708 80.26106054356903 87.8
      vertex -84.55303765443708 80.26106054356903 90
    endloop
  endfacet
  facet normal 0.7771459614569688 -0.62932039104984 0
    outer loop
      vertex -84.55303765443708 80.26106054356903 87.8
      vertex -84.01947308636689 80.91995791150676 87.8
      vertex -84.01947308636689 80.91995791150676 90
    endloop
  endfacet
  facet normal 0.7071067811865476 -0.7071067811865476 0
    outer loop
      vertex -84.01947308636689 80.91995791150676 87.8
      vertex -83.41995791150676 81.51947308636689 87.8
      vertex -83.41995791150676 81.51947308636689 90
    endloop
  endfacet
  facet normal 0.62932039104984 -0.7771459614569688 0
    outer loop
      vertex -83.41995791150676 81.51947308636689 87.8
      vertex -82.76106054356903 82.05303765443708 87.8
      vertex -82.76106054356903 82.05303765443708 90
    endloop
  endfacet
  facet normal 0.5446390350150223 -0.8386705679454272 0
    outer loop
      vertex -82.76106054356903 82.05303765443708 87.8
      vertex -82.05 82.51480577065395 87.8
      vertex -82.05 82.51480577065395 90
    endloop
  endfacet
  facet normal 0.45399049973954864 -0.891006524188367 0
    outer loop
      vertex -82.05 82.51480577065395 87.8
      vertex -81.29456680891398 82.89971820690506 87.8
      vertex -81.29456680891398 82.89971820690506 90
    endloop
  endfacet
  facet normal 0.3583679495452997 -0.9335804264972021 0
    outer loop
      vertex -81.29456680891398 82.89971820690506 87.8
      vertex -80.50303765443708 83.20355778199074 87.8
      vertex -80.50303765443708 83.20355778199074 90
    endloop
  endfacet
  facet normal 0.258819045102521 -0.9659258262890682 0
    outer loop
      vertex -80.50303765443708 83.20355778199074 87.8
      vertex -79.68408469562385 83.42299556594382 87.8
      vertex -79.68408469562385 83.42299556594382 90
    endloop
  endfacet
  facet normal 0.1564344650402346 -0.9876883405951371 0
    outer loop
      vertex -79.68408469562385 83.42299556594382 87.8
      vertex -78.84668055246799 83.55562735248301 87.8
      vertex -78.84668055246799 83.55562735248301 90
    endloop
  endfacet
  facet normal 0.0523359562429368 0.9986295347545743 0
    outer loop
      vertex -78.84668055246799 67.44437264751699 87.8
      vertex -78.84668055246799 67.44437264751699 90
      vertex -78 67.4 87.8
    endloop
  endfacet
  facet normal -0.0523359562429368 0.9986295347545743 0
    outer loop
      vertex -78 67.4 87.8
      vertex -78 67.4 90
      vertex -77.15331944753201 67.44437264751699 87.8
    endloop
  endfacet
  facet normal -0.1564344650402346 0.9876883405951371 0
    outer loop
      vertex -77.15331944753201 67.44437264751699 87.8
      vertex -77.15331944753201 67.44437264751699 90
      vertex -76.31591530437615 67.57700443405618 87.8
    endloop
  endfacet
  facet normal -0.258819045102521 0.9659258262890682 0
    outer loop
      vertex -76.31591530437615 67.57700443405618 87.8
      vertex -76.31591530437615 67.57700443405618 90
      vertex -75.49696234556292 67.79644221800926 87.8
    endloop
  endfacet
  facet normal -0.3583679495452997 0.9335804264972021 0
    outer loop
      vertex -75.49696234556292 67.79644221800926 87.8
      vertex -75.49696234556292 67.79644221800926 90
      vertex -74.70543319108602 68.10028179309494 87.8
    endloop
  endfacet
  facet normal -0.45399049973954864 0.891006524188367 0
    outer loop
      vertex -74.70543319108602 68.10028179309494 87.8
      vertex -74.70543319108602 68.10028179309494 90
      vertex -73.95 68.48519422934605 87.8
    endloop
  endfacet
  facet normal -0.5446390350150223 0.8386705679454272 0
    outer loop
      vertex -73.95 68.48519422934605 87.8
      vertex -73.95 68.48519422934605 90
      vertex -73.23893945643097 68.94696234556292 87.8
    endloop
  endfacet
  facet normal -0.62932039104984 0.7771459614569688 0
    outer loop
      vertex -73.23893945643097 68.94696234556292 87.8
      vertex -73.23893945643097 68.94696234556292 90
      vertex -72.58004208849324 69.48052691363311 87.8
    endloop
  endfacet
  facet normal -0.7071067811865476 0.7071067811865476 0
    outer loop
      vertex -72.58004208849324 69.48052691363311 87.8
      vertex -72.58004208849324 69.48052691363311 90
      vertex -71.98052691363311 70.08004208849324 87.8
    endloop
  endfacet
  facet normal -0.7771459614569688 0.62932039104984 0
    outer loop
      vertex -71.98052691363311 70.08004208849324 87.8
      vertex -71.98052691363311 70.08004208849324 90
      vertex -71.44696234556292 70.73893945643097 87.8
    endloop
  endfacet
  facet normal -0.8386705679454272 0.5446390350150223 0
    outer loop
      vertex -71.44696234556292 70.73893945643097 87.8
      vertex -71.44696234556292 70.73893945643097 90
      vertex -70.98519422934605 71.45 87.8
    endloop
  endfacet
  facet normal -0.891006524188367 0.45399049973954864 0
    outer loop
      vertex -70.98519422934605 71.45 87.8
      vertex -70.98519422934605 71.45 90
      vertex -70.60028179309494 72.20543319108602 87.8
    endloop
  endfacet
  facet normal -0.9335804264972021 0.3583679495452997 0
    outer loop
      vertex -70.60028179309494 72.20543319108602 87.8
      vertex -70.60028179309494 72.20543319108602 90
      vertex -70.29644221800926 72.99696234556292 87.8
    endloop
  endfacet
  facet normal -0.9659258262890682 0.258819045102521 0
    outer loop
      vertex -70.29644221800926 72.99696234556292 87.8
      vertex -70.29644221800926 72.99696234556292 90
      vertex -70.07700443405618 73.81591530437615 87.8
    endloop
  endfacet
  facet normal -0.9876883405951371 0.1564344650402346 0
    outer loop
      vertex -70.07700443405618 73.81591530437615 87.8
      vertex -70.07700443405618 73.81591530437615 90
      vertex -69.94437264751699 74.65331944753201 87.8
    endloop
  endfacet
  facet normal -0.9986295347545743 0.0523359562429368 0
    outer loop
      vertex -69.94437264751699 74.65331944753201 87.8
      vertex -69.94437264751699 74.65331944753201 90
      vertex -69.9 75.5 87.8
    endloop
  endfacet
  facet normal -0.9986295347545743 -0.0523359562429368 0
    outer loop
      vertex -69.9 75.5 87.8
      vertex -69.9 75.5 90
      vertex -69.94437264751699 76.34668055246799 87.8
    endloop
  endfacet
  facet normal 0.0523359562429368 -0.9986295347545743 0
    outer loop
      vertex -78.84668055246799 83.55562735248301 87.8
      vertex -78 83.6 87.8
      vertex -78 83.6 90
    endloop
  endfacet
  facet normal -0.0523359562429368 -0.9986295347545743 0
    outer loop
      vertex -78 83.6 87.8
      vertex -77.15331944753201 83.55562735248301 87.8
      vertex -77.15331944753201 83.55562735248301 90
    endloop
  endfacet
  facet normal -0.1564344650402346 -0.9876883405951371 0
    outer loop
      vertex -77.15331944753201 83.55562735248301 87.8
      vertex -76.31591530437615 83.42299556594382 87.8
      vertex -76.31591530437615 83.42299556594382 90
    endloop
  endfacet
  facet normal -0.258819045102521 -0.9659258262890682 0
    outer loop
      vertex -76.31591530437615 83.42299556594382 87.8
      vertex -75.49696234556292 83.20355778199074 87.8
      vertex -75.49696234556292 83.20355778199074 90
    endloop
  endfacet
  facet normal -0.3583679495452997 -0.9335804264972021 0
    outer loop
      vertex -74.70543319108602 82.89971820690506 87.8
      vertex -74.70543319108602 82.89971820690506 90
      vertex -75.49696234556292 83.20355778199074 87.8
    endloop
  endfacet
  facet normal -0.45399049973954864 -0.891006524188367 0
    outer loop
      vertex -74.70543319108602 82.89971820690506 87.8
      vertex -73.95 82.51480577065395 87.8
      vertex -73.95 82.51480577065395 90
    endloop
  endfacet
  facet normal -0.5446390350150223 -0.8386705679454272 0
    outer loop
      vertex -73.95 82.51480577065395 87.8
      vertex -73.23893945643097 82.05303765443708 87.8
      vertex -73.23893945643097 82.05303765443708 90
    endloop
  endfacet
  facet normal -0.9335804264972021 -0.3583679495452997 0
    outer loop
      vertex -70.29644221800926 78.00303765443708 87.8
      vertex -70.29644221800926 78.00303765443708 90
      vertex -70.60028179309494 78.79456680891398 87.8
    endloop
  endfacet
  facet normal -0.891006524188367 -0.45399049973954864 0
    outer loop
      vertex -70.60028179309494 78.79456680891398 87.8
      vertex -70.60028179309494 78.79456680891398 90
      vertex -70.98519422934605 79.55 87.8
    endloop
  endfacet
  facet normal -0.62932039104984 -0.7771459614569688 0
    outer loop
      vertex -73.23893945643097 82.05303765443708 87.8
      vertex -72.58004208849324 81.51947308636689 87.8
      vertex -72.58004208849324 81.51947308636689 90
    endloop
  endfacet
  facet normal -0.7071067811865476 -0.7071067811865476 0
    outer loop
      vertex -72.58004208849324 81.51947308636689 87.8
      vertex -71.98052691363311 80.91995791150676 87.8
      vertex -71.98052691363311 80.91995791150676 90
    endloop
  endfacet
  facet normal -0.8386705679454272 -0.5446390350150223 0
    outer loop
      vertex -70.98519422934605 79.55 87.8
      vertex -70.98519422934605 79.55 90
      vertex -71.44696234556292 80.26106054356903 87.8
    endloop
  endfacet
  facet normal -0.7771459614569688 -0.62932039104984 0
    outer loop
      vertex -71.98052691363311 80.91995791150676 87.8
      vertex -71.44696234556292 80.26106054356903 87.8
      vertex -71.44696234556292 80.26106054356903 90
    endloop
  endfacet
  facet normal -0.9876883405951371 -0.1564344650402346 0
    outer loop
      vertex -69.94437264751699 76.34668055246799 87.8
      vertex -69.94437264751699 76.34668055246799 90
      vertex -70.07700443405618 77.18408469562385 87.8
    endloop
  endfacet
  facet normal -0.9659258262890682 -0.258819045102521 0
    outer loop
      vertex -70.07700443405618 77.18408469562385 87.8
      vertex -70.07700443405618 77.18408469562385 90
      vertex -70.29644221800926 78.00303765443708 87.8
    endloop
  endfacet
  facet normal 0.8386705679454272 0.5446390350150223 0
    outer loop
      vertex -84.55303765443708 70.73893945643097 87.8
      vertex -85.01480577065395 71.45 90
      vertex -84.55303765443708 70.73893945643097 90
    endloop
  endfacet
  facet normal 0.891006524188367 0.45399049973954864 0
    outer loop
      vertex -85.01480577065395 71.45 87.8
      vertex -85.39971820690506 72.20543319108602 90
      vertex -85.01480577065395 71.45 90
    endloop
  endfacet
  facet normal 0.9335804264972021 0.3583679495452997 0
    outer loop
      vertex -85.39971820690506 72.20543319108602 87.8
      vertex -85.70355778199074 72.99696234556292 90
      vertex -85.39971820690506 72.20543319108602 90
    endloop
  endfacet
  facet normal 0.9659258262890682 0.258819045102521 0
    outer loop
      vertex -85.70355778199074 72.99696234556292 87.8
      vertex -85.92299556594382 73.81591530437615 90
      vertex -85.70355778199074 72.99696234556292 90
    endloop
  endfacet
  facet normal 0.9876883405951371 0.1564344650402346 0
    outer loop
      vertex -85.92299556594382 73.81591530437615 87.8
      vertex -86.05562735248301 74.65331944753201 90
      vertex -85.92299556594382 73.81591530437615 90
    endloop
  endfacet
  facet normal 0.9986295347545743 0.0523359562429368 0
    outer loop
      vertex -86.05562735248301 74.65331944753201 87.8
      vertex -86.1 75.5 90
      vertex -86.05562735248301 74.65331944753201 90
    endloop
  endfacet
  facet normal 0.9986295347545743 -0.0523359562429368 0
    outer loop
      vertex -86.1 75.5 87.8
      vertex -86.05562735248301 76.34668055246799 90
      vertex -86.1 75.5 90
    endloop
  endfacet
  facet normal 0.7071067811865476 0.7071067811865476 0
    outer loop
      vertex -83.41995791150676 69.48052691363311 87.8
      vertex -84.01947308636689 70.08004208849324 90
      vertex -83.41995791150676 69.48052691363311 90
    endloop
  endfacet
  facet normal 0.62932039104984 0.7771459614569688 0
    outer loop
      vertex -82.76106054356903 68.94696234556292 87.8
      vertex -83.41995791150676 69.48052691363311 90
      vertex -82.76106054356903 68.94696234556292 90
    endloop
  endfacet
  facet normal 0.7771459614569688 0.62932039104984 0
    outer loop
      vertex -84.01947308636689 70.08004208849324 87.8
      vertex -84.55303765443708 70.73893945643097 90
      vertex -84.01947308636689 70.08004208849324 90
    endloop
  endfacet
  facet normal 0.5446390350150223 0.8386705679454272 0
    outer loop
      vertex -82.05 68.48519422934605 87.8
      vertex -82.76106054356903 68.94696234556292 90
      vertex -82.05 68.48519422934605 90
    endloop
  endfacet
  facet normal 0.45399049973954864 0.891006524188367 0
    outer loop
      vertex -81.29456680891398 68.10028179309494 87.8
      vertex -82.05 68.48519422934605 90
      vertex -81.29456680891398 68.10028179309494 90
    endloop
  endfacet
  facet normal 0.3583679495452997 0.9335804264972021 0
    outer loop
      vertex -80.50303765443708 67.79644221800926 87.8
      vertex -81.29456680891398 68.10028179309494 90
      vertex -80.50303765443708 67.79644221800926 90
    endloop
  endfacet
  facet normal 0.258819045102521 0.9659258262890682 0
    outer loop
      vertex -79.68408469562385 67.57700443405618 87.8
      vertex -80.50303765443708 67.79644221800926 90
      vertex -79.68408469562385 67.57700443405618 90
    endloop
  endfacet
  facet normal 0.1564344650402346 0.9876883405951371 0
    outer loop
      vertex -78.84668055246799 67.44437264751699 87.8
      vertex -79.68408469562385 67.57700443405618 90
      vertex -78.84668055246799 67.44437264751699 90
    endloop
  endfacet
  facet normal 0.9876883405951371 -0.1564344650402346 0
    outer loop
      vertex -86.05562735248301 76.34668055246799 87.8
      vertex -85.92299556594382 77.18408469562385 90
      vertex -86.05562735248301 76.34668055246799 90
    endloop
  endfacet
  facet normal 0.9659258262890682 -0.258819045102521 0
    outer loop
      vertex -85.92299556594382 77.18408469562385 87.8
      vertex -85.70355778199074 78.00303765443708 90
      vertex -85.92299556594382 77.18408469562385 90
    endloop
  endfacet
  facet normal 0.9335804264972021 -0.3583679495452997 0
    outer loop
      vertex -85.70355778199074 78.00303765443708 87.8
      vertex -85.39971820690506 78.79456680891398 90
      vertex -85.70355778199074 78.00303765443708 90
    endloop
  endfacet
  facet normal 0.891006524188367 -0.45399049973954864 0
    outer loop
      vertex -85.39971820690506 78.79456680891398 87.8
      vertex -85.01480577065395 79.55 90
      vertex -85.39971820690506 78.79456680891398 90
    endloop
  endfacet
  facet normal 0.8386705679454272 -0.5446390350150223 0
    outer loop
      vertex -85.01480577065395 79.55 87.8
      vertex -84.55303765443708 80.26106054356903 90
      vertex -85.01480577065395 79.55 90
    endloop
  endfacet
  facet normal 0.7771459614569688 -0.62932039104984 0
    outer loop
      vertex -84.55303765443708 80.26106054356903 87.8
      vertex -84.01947308636689 80.91995791150676 90
      vertex -84.55303765443708 80.26106054356903 90
    endloop
  endfacet
  facet normal 0.7071067811865476 -0.7071067811865476 0
    outer loop
      vertex -84.01947308636689 80.91995791150676 87.8
      vertex -83.41995791150676 81.51947308636689 90
      vertex -84.01947308636689 80.91995791150676 90
    endloop
  endfacet
  facet normal 0.62932039104984 -0.7771459614569688 0
    outer loop
      vertex -83.41995791150676 81.51947308636689 87.8
      vertex -82.76106054356903 82.05303765443708 90
      vertex -83.41995791150676 81.51947308636689 90
    endloop
  endfacet
  facet normal 0.5446390350150223 -0.8386705679454272 0
    outer loop
      vertex -82.76106054356903 82.05303765443708 87.8
      vertex -82.05 82.51480577065395 90
      vertex -82.76106054356903 82.05303765443708 90
    endloop
  endfacet
  facet normal 0.45399049973954864 -0.891006524188367 0
    outer loop
      vertex -82.05 82.51480577065395 87.8
      vertex -81.29456680891398 82.89971820690506 90
      vertex -82.05 82.51480577065395 90
    endloop
  endfacet
  facet normal 0.3583679495452997 -0.9335804264972021 0
    outer loop
      vertex -81.29456680891398 82.89971820690506 87.8
      vertex -80.50303765443708 83.20355778199074 90
      vertex -81.29456680891398 82.89971820690506 90
    endloop
  endfacet
  facet normal 0.258819045102521 -0.9659258262890682 0
    outer loop
      vertex -80.50303765443708 83.20355778199074 87.8
      vertex -79.68408469562385 83.42299556594382 90
      vertex -80.50303765443708 83.20355778199074 90
    endloop
  endfacet
  facet normal 0.1564344650402346 -0.9876883405951371 0
    outer loop
      vertex -79.68408469562385 83.42299556594382 87.8
      vertex -78.84668055246799 83.55562735248301 90
      vertex -79.68408469562385 83.42299556594382 90
    endloop
  endfacet
  facet normal 0.0523359562429368 0.9986295347545743 0
    outer loop
      vertex -78 67.4 87.8
      vertex -78.84668055246799 67.44437264751699 90
      vertex -78 67.4 90
    endloop
  endfacet
  facet normal -0.0523359562429368 0.9986295347545743 0
    outer loop
      vertex -77.15331944753201 67.44437264751699 87.8
      vertex -78 67.4 90
      vertex -77.15331944753201 67.44437264751699 90
    endloop
  endfacet
  facet normal -0.1564344650402346 0.9876883405951371 0
    outer loop
      vertex -76.31591530437615 67.57700443405618 87.8
      vertex -77.15331944753201 67.44437264751699 90
      vertex -76.31591530437615 67.57700443405618 90
    endloop
  endfacet
  facet normal -0.258819045102521 0.9659258262890682 0
    outer loop
      vertex -75.49696234556292 67.79644221800926 87.8
      vertex -76.31591530437615 67.57700443405618 90
      vertex -75.49696234556292 67.79644221800926 90
    endloop
  endfacet
  facet normal -0.3583679495452997 0.9335804264972021 0
    outer loop
      vertex -74.70543319108602 68.10028179309494 87.8
      vertex -75.49696234556292 67.79644221800926 90
      vertex -74.70543319108602 68.10028179309494 90
    endloop
  endfacet
  facet normal -0.45399049973954864 0.891006524188367 0
    outer loop
      vertex -73.95 68.48519422934605 87.8
      vertex -74.70543319108602 68.10028179309494 90
      vertex -73.95 68.48519422934605 90
    endloop
  endfacet
  facet normal -0.5446390350150223 0.8386705679454272 0
    outer loop
      vertex -73.23893945643097 68.94696234556292 87.8
      vertex -73.95 68.48519422934605 90
      vertex -73.23893945643097 68.94696234556292 90
    endloop
  endfacet
  facet normal -0.62932039104984 0.7771459614569688 0
    outer loop
      vertex -72.58004208849324 69.48052691363311 87.8
      vertex -73.23893945643097 68.94696234556292 90
      vertex -72.58004208849324 69.48052691363311 90
    endloop
  endfacet
  facet normal -0.7071067811865476 0.7071067811865476 0
    outer loop
      vertex -71.98052691363311 70.08004208849324 87.8
      vertex -72.58004208849324 69.48052691363311 90
      vertex -71.98052691363311 70.08004208849324 90
    endloop
  endfacet
  facet normal -0.7771459614569688 0.62932039104984 0
    outer loop
      vertex -71.44696234556292 70.73893945643097 87.8
      vertex -71.98052691363311 70.08004208849324 90
      vertex -71.44696234556292 70.73893945643097 90
    endloop
  endfacet
  facet normal -0.8386705679454272 0.5446390350150223 0
    outer loop
      vertex -70.98519422934605 71.45 87.8
      vertex -71.44696234556292 70.73893945643097 90
      vertex -70.98519422934605 71.45 90
    endloop
  endfacet
  facet normal -0.891006524188367 0.45399049973954864 0
    outer loop
      vertex -70.60028179309494 72.20543319108602 87.8
      vertex -70.98519422934605 71.45 90
      vertex -70.60028179309494 72.20543319108602 90
    endloop
  endfacet
  facet normal -0.9335804264972021 0.3583679495452997 0
    outer loop
      vertex -70.29644221800926 72.99696234556292 87.8
      vertex -70.60028179309494 72.20543319108602 90
      vertex -70.29644221800926 72.99696234556292 90
    endloop
  endfacet
  facet normal -0.9659258262890682 0.258819045102521 0
    outer loop
      vertex -70.07700443405618 73.81591530437615 87.8
      vertex -70.29644221800926 72.99696234556292 90
      vertex -70.07700443405618 73.81591530437615 90
    endloop
  endfacet
  facet normal -0.9876883405951371 0.1564344650402346 0
    outer loop
      vertex -69.94437264751699 74.65331944753201 87.8
      vertex -70.07700443405618 73.81591530437615 90
      vertex -69.94437264751699 74.65331944753201 90
    endloop
  endfacet
  facet normal -0.9986295347545743 0.0523359562429368 0
    outer loop
      vertex -69.9 75.5 87.8
      vertex -69.94437264751699 74.65331944753201 90
      vertex -69.9 75.5 90
    endloop
  endfacet
  facet normal -0.9986295347545743 -0.0523359562429368 0
    outer loop
      vertex -69.94437264751699 76.34668055246799 87.8
      vertex -69.9 75.5 90
      vertex -69.94437264751699 76.34668055246799 90
    endloop
  endfacet
  facet normal 0.0523359562429368 -0.9986295347545743 0
    outer loop
      vertex -78.84668055246799 83.55562735248301 87.8
      vertex -78 83.6 90
      vertex -78.84668055246799 83.55562735248301 90
    endloop
  endfacet
  facet normal -0.0523359562429368 -0.9986295347545743 0
    outer loop
      vertex -78 83.6 87.8
      vertex -77.15331944753201 83.55562735248301 90
      vertex -78 83.6 90
    endloop
  endfacet
  facet normal -0.258819045102521 -0.9659258262890682 0
    outer loop
      vertex -76.31591530437615 83.42299556594382 87.8
      vertex -75.49696234556292 83.20355778199074 90
      vertex -76.31591530437615 83.42299556594382 90
    endloop
  endfacet
  facet normal -0.1564344650402346 -0.9876883405951371 0
    outer loop
      vertex -77.15331944753201 83.55562735248301 87.8
      vertex -76.31591530437615 83.42299556594382 90
      vertex -77.15331944753201 83.55562735248301 90
    endloop
  endfacet
  facet normal -0.3583679495452997 -0.9335804264972021 0
    outer loop
      vertex -75.49696234556292 83.20355778199074 87.8
      vertex -74.70543319108602 82.89971820690506 90
      vertex -75.49696234556292 83.20355778199074 90
    endloop
  endfacet
  facet normal -0.45399049973954864 -0.891006524188367 0
    outer loop
      vertex -74.70543319108602 82.89971820690506 87.8
      vertex -73.95 82.51480577065395 90
      vertex -74.70543319108602 82.89971820690506 90
    endloop
  endfacet
  facet normal -0.5446390350150223 -0.8386705679454272 0
    outer loop
      vertex -73.95 82.51480577065395 87.8
      vertex -73.23893945643097 82.05303765443708 90
      vertex -73.95 82.51480577065395 90
    endloop
  endfacet
  facet normal -0.9335804264972021 -0.3583679495452997 0
    outer loop
      vertex -70.60028179309494 78.79456680891398 87.8
      vertex -70.29644221800926 78.00303765443708 90
      vertex -70.60028179309494 78.79456680891398 90
    endloop
  endfacet
  facet normal -0.62932039104984 -0.7771459614569688 0
    outer loop
      vertex -73.23893945643097 82.05303765443708 87.8
      vertex -72.58004208849324 81.51947308636689 90
      vertex -73.23893945643097 82.05303765443708 90
    endloop
  endfacet
  facet normal -0.7071067811865476 -0.7071067811865476 0
    outer loop
      vertex -72.58004208849324 81.51947308636689 87.8
      vertex -71.98052691363311 80.91995791150676 90
      vertex -72.58004208849324 81.51947308636689 90
    endloop
  endfacet
  facet normal -0.7771459614569688 -0.62932039104984 0
    outer loop
      vertex -71.98052691363311 80.91995791150676 87.8
      vertex -71.44696234556292 80.26106054356903 90
      vertex -71.98052691363311 80.91995791150676 90
    endloop
  endfacet
  facet normal -0.8386705679454272 -0.5446390350150223 0
    outer loop
      vertex -71.44696234556292 80.26106054356903 87.8
      vertex -70.98519422934605 79.55 90
      vertex -71.44696234556292 80.26106054356903 90
    endloop
  endfacet
  facet normal -0.891006524188367 -0.45399049973954864 0
    outer loop
      vertex -70.98519422934605 79.55 87.8
      vertex -70.60028179309494 78.79456680891398 90
      vertex -70.98519422934605 79.55 90
    endloop
  endfacet
  facet normal -0.9876883405951371 -0.1564344650402346 0
    outer loop
      vertex -70.07700443405618 77.18408469562385 87.8
      vertex -69.94437264751699 76.34668055246799 90
      vertex -70.07700443405618 77.18408469562385 90
    endloop
  endfacet
  facet normal -0.9659258262890682 -0.258819045102521 0
    outer loop
      vertex -70.29644221800926 78.00303765443708 87.8
      vertex -70.07700443405618 77.18408469562385 90
      vertex -70.29644221800926 78.00303765443708 90
    endloop
  endfacet
  facet normal 0 0 1
    outer loop
      vertex -90 81.5 90
      vertex -86.1 75.5 90
      vertex -86.05562735248301 76.34668055246799 90
    endloop
  endfacet
  facet normal 0 0 1
    outer loop
      vertex -90 81.5 90
      vertex -86.05562735248301 76.34668055246799 90
      vertex -85.92299556594382 77.18408469562385 90
    endloop
  endfacet
  facet normal 0 0 1
    outer loop
      vertex -90 81.5 90
      vertex -85.92299556594382 77.18408469562385 90
      vertex -85.70355778199074 78.00303765443708 90
    endloop
  endfacet
  facet normal 0 0 1
    outer loop
      vertex -90 81.5 90
      vertex -82.76106054356903 82.05303765443708 90
      vertex -89.9671313688159 82.12717077881098 90
    endloop
  endfacet
  facet normal 0 0 1
    outer loop
      vertex -90 81.5 90
      vertex -85.70355778199074 78.00303765443708 90
      vertex -85.39971820690506 78.79456680891398 90
    endloop
  endfacet
  facet normal 0 0 1
    outer loop
      vertex -90 81.5 90
      vertex -85.39971820690506 78.79456680891398 90
      vertex -85.01480577065395 79.55 90
    endloop
  endfacet
  facet normal 0 0 1
    outer loop
      vertex -90 81.5 90
      vertex -85.01480577065395 79.55 90
      vertex -84.55303765443708 80.26106054356903 90
    endloop
  endfacet
  facet normal 0 0 1
    outer loop
      vertex -90 81.5 90
      vertex -84.55303765443708 80.26106054356903 90
      vertex -84.01947308636689 80.91995791150676 90
    endloop
  endfacet
  facet normal 0 0 1
    outer loop
      vertex -90 81.5 90
      vertex -84.01947308636689 80.91995791150676 90
      vertex -83.41995791150676 81.51947308636689 90
    endloop
  endfacet
  facet normal 0 0 1
    outer loop
      vertex -90 81.5 90
      vertex -83.41995791150676 81.51947308636689 90
      vertex -82.76106054356903 82.05303765443708 90
    endloop
  endfacet
  facet normal 0 0 1
    outer loop
      vertex -89.9671313688159 82.12717077881098 90
      vertex -82.05 82.51480577065395 90
      vertex -89.86888560652733 82.74747014790773 90
    endloop
  endfacet
  facet normal 0 0 1
    outer loop
      vertex -89.86888560652733 82.74747014790773 90
      vertex -81.29456680891398 82.89971820690506 90
      vertex -89.70633909851313 83.35410196334124 90
    endloop
  endfacet
  facet normal 0 0 1
    outer loop
      vertex -89.70633909851313 83.35410196334124 90
      vertex -78.84668055246799 83.55562735248301 90
      vertex -89.48127274215221 83.94041986018419 90
    endloop
  endfacet
  facet normal 0 0 1
    outer loop
      vertex -89.9671313688159 82.12717077881098 90
      vertex -82.76106054356903 82.05303765443708 90
      vertex -82.05 82.51480577065395 90
    endloop
  endfacet
  facet normal 0 0 1
    outer loop
      vertex -89.86888560652733 82.74747014790773 90
      vertex -82.05 82.51480577065395 90
      vertex -81.29456680891398 82.89971820690506 90
    endloop
  endfacet
  facet normal 0 0 1
    outer loop
      vertex -85.24747014790773 87.36888560652733 90
      vertex -84 87.5 90
      vertex -84.62717077881098 87.4671313688159 90
    endloop
  endfacet
  facet normal 0 0 1
    outer loop
      vertex -89.70633909851313 83.35410196334124 90
      vertex -81.29456680891398 82.89971820690506 90
      vertex -80.50303765443708 83.20355778199074 90
    endloop
  endfacet
  facet normal 0 0 1
    outer loop
      vertex -89.70633909851313 83.35410196334124 90
      vertex -80.50303765443708 83.20355778199074 90
      vertex -79.68408469562385 83.42299556594382 90
    endloop
  endfacet
  facet normal 0 0 1
    outer loop
      vertex -89.70633909851313 83.35410196334124 90
      vertex -79.68408469562385 83.42299556594382 90
      vertex -78.84668055246799 83.55562735248301 90
    endloop
  endfacet
  facet normal 0 0 1
    outer loop
      vertex -89.48127274215221 83.94041986018419 90
      vertex -78.84668055246799 83.55562735248301 90
      vertex -78 83.6 90
    endloop
  endfacet
  facet normal 0 0 -1
    outer loop
      vertex -88.20000000298023 -61.36976087093353 88.1
      vertex -76.99677764624357 65.75559581071138 88.1
      vertex 76.99677781760693 65.75559579581022 88.1
    endloop
  endfacet
  facet normal 0 0 1
    outer loop
      vertex -74.70543319108602 -68.10028179309494 90
      vertex 70.60028179309494 72.20543319108602 90
      vertex -70.60028179309494 72.20543319108602 90
    endloop
  endfacet
  facet normal 0 0 -1
    outer loop
      vertex -76.9553239941597 65.75995276123285 88.1
      vertex 76.99677781760693 65.75559579581022 88.1
      vertex -76.99677764624357 65.75559581071138 88.1
    endloop
  endfacet
  facet normal 0 0 -1
    outer loop
      vertex -75.98370582610369 65.91384196281433 88.1
      vertex -75.94293462485075 65.92250815033913 88.1
      vertex 75.94293466210365 65.92250814288855 88.1
    endloop
  endfacet
  facet normal 0 0 -1
    outer loop
      vertex -76.9553239941597 65.75995276123285 88.1
      vertex -75.98370582610369 65.91384196281433 88.1
      vertex 76.95532381534576 65.75995279103518 88.1
    endloop
  endfacet
  facet normal 0 0 -1
    outer loop
      vertex -75.94293462485075 65.92250815033913 88.1
      vertex -74.99272506684065 66.17711602896452 88.1
      vertex 75.94293466210365 65.92250814288855 88.1
    endloop
  endfacet
  facet normal 0 0 -1
    outer loop
      vertex -74.95308281481266 66.18999657779932 88.1
      vertex 74.9927249699831 66.17711605876684 88.1
      vertex -74.99272506684065 66.17711602896452 88.1
    endloop
  endfacet
  facet normal 0 0 -1
    outer loop
      vertex -74.95308281481266 66.18999657779932 88.1
      vertex -74.03469233214855 66.54253365844488 88.1
      vertex 74.9927249699831 66.17711605876684 88.1
    endloop
  endfacet
  facet normal 0 0 -1
    outer loop
      vertex -73.9966139793396 66.55948723107576 88.1
      vertex 74.9927249699831 66.17711605876684 88.1
      vertex -74.03469233214855 66.54253365844488 88.1
    endloop
  endfacet
  facet normal 0 0 -1
    outer loop
      vertex -73.9966139793396 66.55948723107576 88.1
      vertex -73.12010453641415 67.00609109550714 88.1
      vertex 74.9927249699831 66.17711605876684 88.1
    endloop
  endfacet
  facet normal 0 0 -1
    outer loop
      vertex -73.08400689065456 67.02693208307028 88.1
      vertex 74.9927249699831 66.17711605876684 88.1
      vertex -73.12010453641415 67.00609109550714 88.1
    endloop
  endfacet
  facet normal 0 0 -1
    outer loop
      vertex -73.08400689065456 67.02693208307028 88.1
      vertex -72.2589817866683 67.56270964443684 88.1
      vertex 74.9927249699831 66.17711605876684 88.1
    endloop
  endfacet
  facet normal 0 0 -1
    outer loop
      vertex -72.2252604663372 67.5872096195817 88.1
      vertex 74.9927249699831 66.17711605876684 88.1
      vertex -72.2589817866683 67.56270964443684 88.1
    endloop
  endfacet
  facet normal 0 0 -1
    outer loop
      vertex -72.2252604663372 67.5872096195817 88.1
      vertex -71.46075896918774 68.20629072189331 88.1
      vertex 74.9927249699831 66.17711605876684 88.1
    endloop
  endfacet
  facet normal 0 0 -1
    outer loop
      vertex -71.4297831878066 68.23418144136667 88.1
      vertex 74.9927249699831 66.17711605876684 88.1
      vertex -71.46075896918774 68.20629072189331 88.1
    endloop
  endfacet
  facet normal 0 1 0
    outer loop
      vertex -84 87.5 85
      vertex -84 87.5 90
      vertex 84 87.5 90
    endloop
  endfacet
  facet normal 0 0 -1
    outer loop
      vertex -71.4297831878066 68.23418144136667 88.1
      vertex -70.73418152332306 68.92978310585022 88.1
      vertex 74.9927249699831 66.17711605876684 88.1
    endloop
  endfacet
  facet normal 0 0 -1
    outer loop
      vertex -70.70629071444273 68.9607589840889 88.1
      vertex 74.9927249699831 66.17711605876684 88.1
      vertex -70.73418152332306 68.92978310585022 88.1
    endloop
  endfacet
  facet normal 0 0 -1
    outer loop
      vertex -70.70629071444273 68.9607589840889 88.1
      vertex -70.08720956742764 69.72526054084301 88.1
      vertex 74.9927249699831 66.17711605876684 88.1
    endloop
  endfacet
  facet normal 0 0 -1
    outer loop
      vertex -70.06270964443684 69.7589817866683 88.1
      vertex 74.9927249699831 66.17711605876684 88.1
      vertex -70.08720956742764 69.72526054084301 88.1
    endloop
  endfacet
  facet normal 0 0 -1
    outer loop
      vertex -70.06270964443684 69.7589817866683 88.1
      vertex -69.52693208307028 70.58400689065456 88.1
      vertex 74.9927249699831 66.17711605876684 88.1
    endloop
  endfacet
  facet normal 0 0 -1
    outer loop
      vertex -69.50609109550714 70.62010453641415 88.1
      vertex 74.9927249699831 66.17711605876684 88.1
      vertex -69.52693208307028 70.58400689065456 88.1
    endloop
  endfacet
  facet normal 0 0 -1
    outer loop
      vertex -69.50609109550714 70.62010453641415 88.1
      vertex -69.05948724597692 71.4966139420867 88.1
      vertex 74.9927249699831 66.17711605876684 88.1
    endloop
  endfacet
  facet normal 0 0 -1
    outer loop
      vertex -69.04253367334604 71.53469229489565 88.1
      vertex 74.9927249699831 66.17711605876684 88.1
      vertex -69.05948724597692 71.4966139420867 88.1
    endloop
  endfacet
  facet normal 0 0 -1
    outer loop
      vertex -69.04253367334604 71.53469229489565 88.1
      vertex -68.689996547997 72.45308290421963 88.1
      vertex 74.9927249699831 66.17711605876684 88.1
    endloop
  endfacet
  facet normal 0 0 -1
    outer loop
      vertex -68.689996547997 72.45308290421963 88.1
      vertex -68.67711605876684 72.4927249699831 88.1
      vertex 74.9927249699831 66.17711605876684 88.1
    endloop
  endfacet
  facet normal 0 0 -1
    outer loop
      vertex -68.67711605876684 72.4927249699831 88.1
      vertex -68.42250814288855 73.44293466210365 88.1
      vertex 74.9927249699831 66.17711605876684 88.1
    endloop
  endfacet
  facet normal 0 0 -1
    outer loop
      vertex -68.42250814288855 73.44293466210365 88.1
      vertex -68.41384197026491 73.48370580375195 88.1
      vertex 74.9927249699831 66.17711605876684 88.1
    endloop
  endfacet
  facet normal 0 0 -1
    outer loop
      vertex -68.41384197026491 73.48370580375195 88.1
      vertex -68.25995279103518 74.45532381534576 88.1
      vertex 74.9927249699831 66.17711605876684 88.1
    endloop
  endfacet
  facet normal 0 0 -1
    outer loop
      vertex -68.25995279103518 74.45532381534576 88.1
      vertex -68.25559579581022 74.49677781760693 88.1
      vertex 74.9927249699831 66.17711605876684 88.1
    endloop
  endfacet
  facet normal 0 0 -1
    outer loop
      vertex -68.25559579581022 74.49677781760693 88.1
      vertex -68.20411139726639 75.47915887087584 88.1
      vertex 74.9927249699831 66.17711605876684 88.1
    endloop
  endfacet
  facet normal 0 0 -1
    outer loop
      vertex -68.20411139726639 75.47915887087584 88.1
      vertex -68.20411139726639 75.52084110677242 88.1
      vertex 74.9927249699831 66.17711605876684 88.1
    endloop
  endfacet
  facet normal 0 0 -1
    outer loop
      vertex -68.20411139726639 75.52084110677242 88.1
      vertex -68.25559581071138 76.50322233140469 88.1
      vertex 74.9927249699831 66.17711605876684 88.1
    endloop
  endfacet
  facet normal 0 0 -1
    outer loop
      vertex -68.25995276123285 76.54467599093914 88.1
      vertex 74.9927249699831 66.17711605876684 88.1
      vertex -68.25559581071138 76.50322233140469 88.1
    endloop
  endfacet
  facet normal 0 0 -1
    outer loop
      vertex -68.25995276123285 76.54467599093914 88.1
      vertex -68.41384196281433 77.51629415899515 88.1
      vertex 74.9927249699831 66.17711605876684 88.1
    endloop
  endfacet
  facet normal 0 0 -1
    outer loop
      vertex -68.42250815033913 77.55706536024809 88.1
      vertex 74.9927249699831 66.17711605876684 88.1
      vertex -68.41384196281433 77.51629415899515 88.1
    endloop
  endfacet
  facet normal 0 0 -1
    outer loop
      vertex -68.72437911480665 78.63648672401905 88.1
      vertex 74.9927249699831 66.17711605876684 88.1
      vertex -68.68999654054642 78.54691705852747 88.1
    endloop
  endfacet
  facet normal 0 0 -1
    outer loop
      vertex -68.68999654054642 78.54691705852747 88.1
      vertex 74.9927249699831 66.17711605876684 88.1
      vertex -68.6771160364151 78.50727494060993 88.1
    endloop
  endfacet
  facet normal 0 0 -1
    outer loop
      vertex -68.72437911480665 78.63648672401905 88.1
      vertex -68.7443134561181 78.69052112847567 88.1
      vertex 74.9927249699831 66.17711605876684 88.1
    endloop
  endfacet
  facet normal 0 0 -1
    outer loop
      vertex -68.42250815033913 77.55706536024809 88.1
      vertex -68.6771160364151 78.50727494060993 88.1
      vertex 74.9927249699831 66.17711605876684 88.1
    endloop
  endfacet
  facet normal 0 0 -1
    outer loop
      vertex -68.92924048751593 79.30686300992966 88.1
      vertex 74.9927249699831 66.17711605876684 88.1
      vertex -68.84796722978354 79.00354709476233 88.1
    endloop
  endfacet
  facet normal 0 0 -1
    outer loop
      vertex -68.7443134561181 78.69052112847567 88.1
      vertex -68.79674170911312 78.83857395499945 88.1
      vertex 74.9927249699831 66.17711605876684 88.1
    endloop
  endfacet
  facet normal 0 0 -1
    outer loop
      vertex -68.84796722978354 79.00354709476233 88.1
      vertex 74.9927249699831 66.17711605876684 88.1
      vertex -68.79674170911312 78.83857395499945 88.1
    endloop
  endfacet
  facet normal 0 0 -1
    outer loop
      vertex -68.92924048751593 79.30686300992966 88.1
      vertex -68.97711802273989 79.53210909664631 88.1
      vertex 74.9927249699831 66.17711605876684 88.1
    endloop
  endfacet
  facet normal 0 0 -1
    outer loop
      vertex -68.97711802273989 79.53210909664631 88.1
      vertex -69.02624090760946 79.8422587737441 88.1
      vertex 74.9927249699831 66.17711605876684 88.1
    endloop
  endfacet
  facet normal 0 0 -1
    outer loop
      vertex -69.02624090760946 79.8422587737441 88.1
      vertex -69.05031153559685 80.07127551734447 88.1
      vertex 74.9927249699831 66.17711605876684 88.1
    endloop
  endfacet
  facet normal 0 0 -1
    outer loop
      vertex -69.05031153559685 80.07127551734447 88.1
      vertex -69.06674584746361 80.38486091047525 88.1
      vertex 74.9927249699831 66.17711605876684 88.1
    endloop
  endfacet
  facet normal 0 0 -1
    outer loop
      vertex -69.06674584746361 80.38486091047525 88.1
      vertex -69.06674584746361 80.61513908952475 88.1
      vertex 74.9927249699831 66.17711605876684 88.1
    endloop
  endfacet
  facet normal 0 0 -1
    outer loop
      vertex -69.06674584746361 80.61513908952475 88.1
      vertex -69.05031153559685 80.92872451245785 88.1
      vertex 74.9927249699831 66.17711605876684 88.1
    endloop
  endfacet
  facet normal 0 0 -1
    outer loop
      vertex -69.05031153559685 80.92872451245785 88.1
      vertex -69.02624090760946 81.1577412262559 88.1
      vertex 74.9927249699831 66.17711605876684 88.1
    endloop
  endfacet
  facet normal 0 0 -1
    outer loop
      vertex -69.02624090760946 81.1577412262559 88.1
      vertex -68.97711802273989 81.46789091825485 88.1
      vertex 74.9927249699831 66.17711605876684 88.1
    endloop
  endfacet
  facet normal 0 0 -1
    outer loop
      vertex -68.97711802273989 81.46789091825485 88.1
      vertex -68.92924048751593 81.69313699007034 88.1
      vertex 74.9927249699831 66.17711605876684 88.1
    endloop
  endfacet
  facet normal 0 0 -1
    outer loop
      vertex -68.92924048751593 81.69313699007034 88.1
      vertex -68.84796722978354 81.99645290523767 88.1
      vertex 74.9927249699831 66.17711605876684 88.1
    endloop
  endfacet
  facet normal 0 0 -1
    outer loop
      vertex -68.84796722978354 81.99645290523767 88.1
      vertex -68.7768073529005 82.21546047925949 88.1
      vertex 74.9927249699831 66.17711605876684 88.1
    endloop
  endfacet
  facet normal 0 0 -1
    outer loop
      vertex -68.7768073529005 82.21546047925949 88.1
      vertex -68.66427417844534 82.50861942023039 88.1
      vertex 74.9927249699831 66.17711605876684 88.1
    endloop
  endfacet
  facet normal 0 0 -1
    outer loop
      vertex -68.66427417844534 82.50861942023039 88.1
      vertex -68.57061159610748 82.71898901462555 88.1
      vertex 74.9927249699831 66.17711605876684 88.1
    endloop
  endfacet
  facet normal 0 0 -1
    outer loop
      vertex -68.57061159610748 82.71898901462555 88.1
      vertex -68.4280514344573 82.99877908825874 88.1
      vertex 74.9927249699831 66.17711605876684 88.1
    endloop
  endfacet
  facet normal 0 0 -1
    outer loop
      vertex -68.4280514344573 82.99877908825874 88.1
      vertex -68.31291233748198 83.19820586591959 88.1
      vertex 74.9927249699831 66.17711605876684 88.1
    endloop
  endfacet
  facet normal 0 0 -1
    outer loop
      vertex -68.31291233748198 83.19820586591959 88.1
      vertex -68.1418870985508 83.46156164258718 88.1
      vertex 74.9927249699831 66.17711605876684 88.1
    endloop
  endfacet
  facet normal 0 0 -1
    outer loop
      vertex -68.1418870985508 83.46156164258718 88.1
      vertex -68.0065329670906 83.64786062389612 88.1
      vertex 74.9927249699831 66.17711605876684 88.1
    endloop
  endfacet
  facet normal 0 0 -1
    outer loop
      vertex -68.0065329670906 83.64786062389612 88.1
      vertex -67.8089164569974 83.89189668744802 88.1
      vertex 74.9927249699831 66.17711605876684 88.1
    endloop
  endfacet
  facet normal 0 0 -1
    outer loop
      vertex -67.8089164569974 83.89189668744802 88.1
      vertex -67.65483026206493 84.06302673369646 88.1
      vertex 74.9927249699831 66.17711605876684 88.1
    endloop
  endfacet
  facet normal 0 0 -1
    outer loop
      vertex -67.65483026206493 84.06302673369646 88.1
      vertex -67.43278760463 84.2850693911314 88.1
      vertex 74.9927249699831 66.17711605876684 88.1
    endloop
  endfacet
  facet normal 0 0 -1
    outer loop
      vertex -67.43278760463 84.2850693911314 88.1
      vertex -67.26165755838156 84.43915558606386 88.1
      vertex 74.9927249699831 66.17711605876684 88.1
    endloop
  endfacet
  facet normal 0 0 -1
    outer loop
      vertex -67.26165755838156 84.43915558606386 88.1
      vertex -67.01762149482965 84.63677209615707 88.1
      vertex 74.9927249699831 66.17711605876684 88.1
    endloop
  endfacet
  facet normal 0 0 -1
    outer loop
      vertex -67.01762149482965 84.63677209615707 88.1
      vertex -66.83132249116898 84.77212624251842 88.1
      vertex 74.9927249699831 66.17711605876684 88.1
    endloop
  endfacet
  facet normal 0 0 -1
    outer loop
      vertex -66.83132249116898 84.77212624251842 88.1
      vertex -66.56796673685312 84.94315146654844 88.1
      vertex 74.9927249699831 66.17711605876684 88.1
    endloop
  endfacet
  facet normal 0 0 -1
    outer loop
      vertex -66.56796673685312 84.94315146654844 88.1
      vertex -66.36853995919228 85.05829056352377 88.1
      vertex 74.9927249699831 66.17711605876684 88.1
    endloop
  endfacet
  facet normal 0 0 -1
    outer loop
      vertex -66.36853995919228 85.05829056352377 88.1
      vertex -66.08874988555908 85.20085072517395 88.1
      vertex 74.9927249699831 66.17711605876684 88.1
    endloop
  endfacet
  facet normal 0 0 -1
    outer loop
      vertex -66.08874988555908 85.20085072517395 88.1
      vertex -65.87838029116392 85.2945133075118 88.1
      vertex 74.9927249699831 66.17711605876684 88.1
    endloop
  endfacet
  facet normal 0 0 -1
    outer loop
      vertex -65.87838029116392 85.2945133075118 88.1
      vertex -65.58522135019302 85.40704648196697 88.1
      vertex 74.9927249699831 66.17711605876684 88.1
    endloop
  endfacet
  facet normal 0 0 -1
    outer loop
      vertex -65.58522135019302 85.40704648196697 88.1
      vertex -65.36621377617121 85.47820635885 88.1
      vertex 74.9927249699831 66.17711605876684 88.1
    endloop
  endfacet
  facet normal 0 0 -1
    outer loop
      vertex -65.36621377617121 85.47820635885 88.1
      vertex -65.06289786100388 85.5594796165824 88.1
      vertex 74.9927249699831 66.17711605876684 88.1
    endloop
  endfacet
  facet normal 0 0 -1
    outer loop
      vertex -65.06289786100388 85.5594796165824 88.1
      vertex -64.83765177428722 85.60735715180635 88.1
      vertex 74.9927249699831 66.17711605876684 88.1
    endloop
  endfacet
  facet normal 0 0 -1
    outer loop
      vertex -64.83765177428722 85.60735715180635 88.1
      vertex -64.52750209718943 85.65648003667593 88.1
      vertex 74.9927249699831 66.17711605876684 88.1
    endloop
  endfacet
  facet normal 0 0 -1
    outer loop
      vertex -64.52750209718943 85.65648003667593 88.1
      vertex -64.29848535358906 85.68055066466331 88.1
      vertex 74.9927249699831 66.17711605876684 88.1
    endloop
  endfacet
  facet normal 0 0 -1
    outer loop
      vertex -64.29848535358906 85.68055066466331 88.1
      vertex -63.98489996045828 85.69698497653008 88.1
      vertex 74.9927249699831 66.17711605876684 88.1
    endloop
  endfacet
  facet normal 0 0 -1
    outer loop
      vertex -63.98489996045828 85.69698497653008 88.1
      vertex -63.86976087093353 85.70000000298023 88.1
      vertex 74.9927249699831 66.17711605876684 88.1
    endloop
  endfacet
  facet normal 0 0 1
    outer loop
      vertex -70.60028179309494 72.20543319108602 90
      vertex 70.29644221800926 72.99696234556292 90
      vertex -70.29644221800926 72.99696234556292 90
    endloop
  endfacet
  facet normal 0 0 1
    outer loop
      vertex -70.29644221800926 72.99696234556292 90
      vertex 70.07700443405618 73.81591530437615 90
      vertex -70.07700443405618 73.81591530437615 90
    endloop
  endfacet
  facet normal 0 0 1
    outer loop
      vertex -70.07700443405618 73.81591530437615 90
      vertex 69.94437264751699 74.65331944753201 90
      vertex -69.94437264751699 74.65331944753201 90
    endloop
  endfacet
  facet normal 0 0 1
    outer loop
      vertex -69.94437264751699 74.65331944753201 90
      vertex 69.9 75.5 90
      vertex -69.9 75.5 90
    endloop
  endfacet
  facet normal 0 0 1
    outer loop
      vertex -69.9 75.5 90
      vertex 69.94437264751699 76.34668055246799 90
      vertex -69.94437264751699 76.34668055246799 90
    endloop
  endfacet
  facet normal 0 0 1
    outer loop
      vertex -89.48127274215221 83.94041986018419 90
      vertex 88.45886895060539 85.51478363573551 90
      vertex -89.19615242630243 84.5 90
    endloop
  endfacet
  facet normal 0 0 1
    outer loop
      vertex -89.19615242630243 84.5 90
      vertex 88.01478363573551 85.95886895060539 90
      vertex -88.85410196334124 85.02671151608229 90
    endloop
  endfacet
  facet normal 0 0 1
    outer loop
      vertex -88.85410196334124 85.02671151608229 90
      vertex 87.52671151608229 86.35410196334124 90
      vertex -88.45886895060539 85.51478363573551 90
    endloop
  endfacet
  facet normal 0 0 1
    outer loop
      vertex -88.45886895060539 85.51478363573551 90
      vertex 87 86.69615242630243 90
      vertex -88.01478363573551 85.95886895060539 90
    endloop
  endfacet
  facet normal 0 0 1
    outer loop
      vertex -88.01478363573551 85.95886895060539 90
      vertex 86.44041986018419 86.98127274215221 90
      vertex -87.52671151608229 86.35410196334124 90
    endloop
  endfacet
  facet normal 0 0 1
    outer loop
      vertex -87.52671151608229 86.35410196334124 90
      vertex 85.85410196334124 87.20633909851313 90
      vertex -87 86.69615242630243 90
    endloop
  endfacet
  facet normal 0 0 1
    outer loop
      vertex -87 86.69615242630243 90
      vertex 85.24747014790773 87.36888560652733 90
      vertex -86.44041986018419 86.98127274215221 90
    endloop
  endfacet
  facet normal 0 0 1
    outer loop
      vertex -86.44041986018419 86.98127274215221 90
      vertex 84.62717077881098 87.4671313688159 90
      vertex -85.85410196334124 87.20633909851313 90
    endloop
  endfacet
  facet normal 0 0 1
    outer loop
      vertex -85.85410196334124 87.20633909851313 90
      vertex 84 87.5 90
      vertex -85.24747014790773 87.36888560652733 90
    endloop
  endfacet
  facet normal 0 0 1
    outer loop
      vertex -85.24747014790773 87.36888560652733 90
      vertex 84 87.5 90
      vertex -84 87.5 90
    endloop
  endfacet
  facet normal 0 0 1
    outer loop
      vertex -69.94437264751699 76.34668055246799 90
      vertex 70.07700443405618 77.18408469562385 90
      vertex -70.07700443405618 77.18408469562385 90
    endloop
  endfacet
  facet normal 0 0 1
    outer loop
      vertex -70.07700443405618 77.18408469562385 90
      vertex 70.29644221800926 78.00303765443708 90
      vertex -70.29644221800926 78.00303765443708 90
    endloop
  endfacet
  facet normal 0 0 1
    outer loop
      vertex -70.29644221800926 78.00303765443708 90
      vertex 70.60028179309494 78.79456680891398 90
      vertex -70.60028179309494 78.79456680891398 90
    endloop
  endfacet
  facet normal 0 0 1
    outer loop
      vertex -71.98052691363311 80.91995791150676 90
      vertex 72.58004208849324 81.51947308636689 90
      vertex -72.58004208849324 81.51947308636689 90
    endloop
  endfacet
  facet normal 0 0 1
    outer loop
      vertex -70.60028179309494 78.79456680891398 90
      vertex 70.98519422934605 79.55 90
      vertex -70.98519422934605 79.55 90
    endloop
  endfacet
  facet normal 0 0 1
    outer loop
      vertex -70.98519422934605 79.55 90
      vertex 71.44696234556292 80.26106054356903 90
      vertex -71.44696234556292 80.26106054356903 90
    endloop
  endfacet
  facet normal 0 0 1
    outer loop
      vertex -71.44696234556292 80.26106054356903 90
      vertex 71.98052691363311 80.91995791150676 90
      vertex -71.98052691363311 80.91995791150676 90
    endloop
  endfacet
  facet normal 0 0 1
    outer loop
      vertex -89.48127274215221 83.94041986018419 90
      vertex -78 83.6 90
      vertex 88.85410196334124 85.02671151608229 90
    endloop
  endfacet
  facet normal 0 0 1
    outer loop
      vertex 76.31591530437615 83.42299556594382 90
      vertex -73.23893945643097 82.05303765443708 90
      vertex -72.58004208849324 81.51947308636689 90
    endloop
  endfacet
  facet normal 0 0 1
    outer loop
      vertex 88.85410196334124 85.02671151608229 90
      vertex -78 83.6 90
      vertex -77.15331944753201 83.55562735248301 90
    endloop
  endfacet
  facet normal 0 0 1
    outer loop
      vertex 88.85410196334124 85.02671151608229 90
      vertex -77.15331944753201 83.55562735248301 90
      vertex -76.31591530437615 83.42299556594382 90
    endloop
  endfacet
  facet normal 0 0 1
    outer loop
      vertex 89.19615242630243 84.5 90
      vertex -74.70543319108602 82.89971820690506 90
      vertex -73.95 82.51480577065395 90
    endloop
  endfacet
  facet normal 0 0 1
    outer loop
      vertex 89.19615242630243 84.5 90
      vertex -76.31591530437615 83.42299556594382 90
      vertex -75.49696234556292 83.20355778199074 90
    endloop
  endfacet
  facet normal 0 0 1
    outer loop
      vertex 89.19615242630243 84.5 90
      vertex -75.49696234556292 83.20355778199074 90
      vertex -74.70543319108602 82.89971820690506 90
    endloop
  endfacet
  facet normal 0 0 1
    outer loop
      vertex 89.48127274215221 83.94041986018419 90
      vertex -73.95 82.51480577065395 90
      vertex -73.23893945643097 82.05303765443708 90
    endloop
  endfacet
  facet normal 0 0 -1
    outer loop
      vertex -87 -86.69615242630243 85
      vertex 63.86976087093353 -85.70000000298023 85
      vertex 88.01478363573551 -85.95886895060539 85
    endloop
  endfacet
  facet normal 0 0 -1
    outer loop
      vertex -84 -87.5 85
      vertex 85.24747014790773 -87.36888560652733 85
      vertex 84 -87.5 85
    endloop
  endfacet
  facet normal 0 0 -1
    outer loop
      vertex -84 -87.5 85
      vertex 85.85410196334124 -87.20633909851313 85
      vertex 85.24747014790773 -87.36888560652733 85
    endloop
  endfacet
  facet normal 0 0 -1
    outer loop
      vertex -84.62717077881098 -87.4671313688159 85
      vertex 86.44041986018419 -86.98127274215221 85
      vertex 85.85410196334124 -87.20633909851313 85
    endloop
  endfacet
  facet normal 0 0 -1
    outer loop
      vertex -85.24747014790773 -87.36888560652733 85
      vertex 87 -86.69615242630243 85
      vertex 86.44041986018419 -86.98127274215221 85
    endloop
  endfacet
  facet normal 0 0 -1
    outer loop
      vertex -85.85410196334124 -87.20633909851313 85
      vertex 87.52671151608229 -86.35410196334124 85
      vertex 87 -86.69615242630243 85
    endloop
  endfacet
  facet normal 0 0 -1
    outer loop
      vertex -86.44041986018419 -86.98127274215221 85
      vertex 88.01478363573551 -85.95886895060539 85
      vertex 87.52671151608229 -86.35410196334124 85
    endloop
  endfacet
  facet normal 0 1 0
    outer loop
      vertex -63.86976087093353 -85.70000000298023 88.1
      vertex 63.86976087093353 -85.70000000298023 88.1
      vertex 63.86976087093353 -85.70000000298023 85
    endloop
  endfacet
  facet normal -0.026176976785963785 0.9996573242298319 0
    outer loop
      vertex 63.86976087093353 -85.70000000298023 88.1
      vertex 63.98489996045828 -85.69698497653008 85
      vertex 63.86976087093353 -85.70000000298023 85
    endloop
  endfacet
  facet normal -0.05233594924714904 0.9986295351212079 0
    outer loop
      vertex 63.98489996045828 -85.69698497653008 88.1
      vertex 64.29848535358906 -85.68055066466331 85
      vertex 63.98489996045828 -85.69698497653008 85
    endloop
  endfacet
  facet normal -0.10452845591539826 0.9945218961410265 0
    outer loop
      vertex 64.29848535358906 -85.68055066466331 88.1
      vertex 64.52750209718943 -85.65648003667593 85
      vertex 64.29848535358906 -85.68055066466331 85
    endloop
  endfacet
  facet normal -0.15643447077382908 0.9876883396870251 0
    outer loop
      vertex 64.52750209718943 -85.65648003667593 88.1
      vertex 64.83765177428722 -85.60735715180635 85
      vertex 64.52750209718943 -85.65648003667593 85
    endloop
  endfacet
  facet normal -0.20791169705769463 0.9781475994074664 0
    outer loop
      vertex 64.83765177428722 -85.60735715180635 88.1
      vertex 65.06289786100388 -85.5594796165824 85
      vertex 64.83765177428722 -85.60735715180635 85
    endloop
  endfacet
  facet normal -0.25881905464550803 0.9659258237320325 0
    outer loop
      vertex 65.06289786100388 -85.5594796165824 88.1
      vertex 65.36621377617121 -85.47820635885 85
      vertex 65.06289786100388 -85.5594796165824 85
    endloop
  endfacet
  facet normal -0.30901700403425203 0.9510565131566553 0
    outer loop
      vertex 65.36621377617121 -85.47820635885 88.1
      vertex 65.58522135019302 -85.40704648196697 85
      vertex 65.36621377617121 -85.47820635885 85
    endloop
  endfacet
  facet normal -0.358367950842512 0.9335804259992488 0
    outer loop
      vertex 65.58522135019302 -85.40704648196697 88.1
      vertex 65.87838029116392 -85.2945133075118 85
      vertex 65.58522135019302 -85.40704648196697 85
    endloop
  endfacet
  facet normal -0.40673665900909506 0.9135454505486409 0
    outer loop
      vertex 65.87838029116392 -85.2945133075118 88.1
      vertex 66.08874988555908 -85.20085072517395 85
      vertex 65.87838029116392 -85.2945133075118 85
    endloop
  endfacet
  facet normal -0.45399049624595805 0.8910065259684403 0
    outer loop
      vertex 66.08874988555908 -85.20085072517395 88.1
      vertex 66.36853995919228 -85.05829056352377 85
      vertex 66.08874988555908 -85.20085072517395 85
    endloop
  endfacet
  facet normal -0.4999999778828949 0.8660254165537549 0
    outer loop
      vertex 66.36853995919228 -85.05829056352377 88.1
      vertex 66.56796673685312 -84.94315146654844 85
      vertex 66.36853995919228 -85.05829056352377 85
    endloop
  endfacet
  facet normal -0.5446390293369446 0.8386705716328138 0
    outer loop
      vertex 66.56796673685312 -84.94315146654844 88.1
      vertex 66.83132249116898 -84.77212624251842 85
      vertex 66.56796673685312 -84.94315146654844 85
    endloop
  endfacet
  facet normal -0.5877852445525733 0.8090169999983138 0
    outer loop
      vertex 66.83132249116898 -84.77212624251842 88.1
      vertex 67.01762149482965 -84.63677209615707 85
      vertex 66.83132249116898 -84.77212624251842 85
    endloop
  endfacet
  facet normal -0.629320395483342 0.7771459578667896 0
    outer loop
      vertex 67.01762149482965 -84.63677209615707 88.1
      vertex 67.26165755838156 -84.43915558606386 85
      vertex 67.01762149482965 -84.63677209615707 85
    endloop
  endfacet
  facet normal -0.6691306283975405 0.7431448056336751 0
    outer loop
      vertex 67.26165755838156 -84.43915558606386 88.1
      vertex 67.43278760463 -84.2850693911314 85
      vertex 67.26165755838156 -84.43915558606386 85
    endloop
  endfacet
  facet normal 0 0 -1
    outer loop
      vertex 88.01478363573551 -85.95886895060539 85
      vertex 63.86976087093353 -85.70000000298023 85
      vertex 63.98489996045828 -85.69698497653008 85
    endloop
  endfacet
  facet normal 0 0 -1
    outer loop
      vertex 88.01478363573551 -85.95886895060539 85
      vertex 63.98489996045828 -85.69698497653008 85
      vertex 64.29848535358906 -85.68055066466331 85
    endloop
  endfacet
  facet normal 0 0 -1
    outer loop
      vertex 88.01478363573551 -85.95886895060539 85
      vertex 64.29848535358906 -85.68055066466331 85
      vertex 64.52750209718943 -85.65648003667593 85
    endloop
  endfacet
  facet normal 0 0 -1
    outer loop
      vertex 88.45886895060539 -85.51478363573551 85
      vertex 64.52750209718943 -85.65648003667593 85
      vertex 64.83765177428722 -85.60735715180635 85
    endloop
  endfacet
  facet normal 0 0 -1
    outer loop
      vertex 88.45886895060539 -85.51478363573551 85
      vertex 64.83765177428722 -85.60735715180635 85
      vertex 65.06289786100388 -85.5594796165824 85
    endloop
  endfacet
  facet normal 0 0 -1
    outer loop
      vertex 88.45886895060539 -85.51478363573551 85
      vertex 65.06289786100388 -85.5594796165824 85
      vertex 65.36621377617121 -85.47820635885 85
    endloop
  endfacet
  facet normal 0 0 -1
    outer loop
      vertex 68.41384196281433 -77.51629415899515 85
      vertex 73.84287269688133 -76.38362468597548 85
      vertex 68.42250815033913 -77.55706536024809 85
    endloop
  endfacet
  facet normal 0 0 -1
    outer loop
      vertex 68.25995276123285 -76.54467599093914 85
      vertex 73.77328194468484 -75.94424596888753 85
      vertex 68.41384196281433 -77.51629415899515 85
    endloop
  endfacet
  facet normal 0 0 -1
    outer loop
      vertex 69.06674584746361 -80.38486091047525 85
      vertex 74.84163449172108 -78.34380507702515 85
      vertex 69.06674584746361 -80.61513908952475 85
    endloop
  endfacet
  facet normal 0 0 -1
    outer loop
      vertex 69.05031153559685 -80.07127551734447 85
      vertex 74.56167777390647 -77.99808732224301 85
      vertex 69.06674584746361 -80.38486091047525 85
    endloop
  endfacet
  facet normal 0 0 -1
    outer loop
      vertex 69.02624090760946 -79.8422587737441 85
      vertex 74.56167777390647 -77.99808732224301 85
      vertex 69.05031153559685 -80.07127551734447 85
    endloop
  endfacet
  facet normal 0 0 -1
    outer loop
      vertex 75.50191267775699 -78.93832222609353 85
      vertex 68.97711802273989 -81.46789091825485 85
      vertex 69.02624090760946 -81.1577412262559 85
    endloop
  endfacet
  facet normal 0 0 -1
    outer loop
      vertex 69.05031153559685 -80.92872451245785 85
      vertex 75.15619492297485 -78.65836550827892 85
      vertex 69.02624090760946 -81.1577412262559 85
    endloop
  endfacet
  facet normal 0 0 -1
    outer loop
      vertex 75.15619492297485 -78.65836550827892 85
      vertex 69.05031153559685 -80.92872451245785 85
      vertex 69.06674584746361 -80.61513908952475 85
    endloop
  endfacet
  facet normal 0 0 -1
    outer loop
      vertex 68.97711802273989 -79.53210909664631 85
      vertex 74.31939203391613 -77.625 85
      vertex 69.02624090760946 -79.8422587737441 85
    endloop
  endfacet
  facet normal 0 0 -1
    outer loop
      vertex 74.31939203391613 -77.625 85
      vertex 68.97711802273989 -79.53210909664631 85
      vertex 68.92924048751593 -79.30686300992966 85
    endloop
  endfacet
  facet normal 0 0 -1
    outer loop
      vertex 68.84796722978354 -79.00354709476233 85
      vertex 74.11743180501895 -77.22863073307215 85
      vertex 68.92924048751593 -79.30686300992966 85
    endloop
  endfacet
  facet normal 0 0 -1
    outer loop
      vertex 74.11743180501895 -77.22863073307215 85
      vertex 68.84796722978354 -79.00354709476233 85
      vertex 68.79674170911312 -78.83857395499945 85
    endloop
  endfacet
  facet normal 0 0 -1
    outer loop
      vertex 68.6771160364151 -78.50727494060993 85
      vertex 73.9580098057456 -76.81332222609353 85
      vertex 68.68999654054642 -78.54691705852747 85
    endloop
  endfacet
  facet normal 0 0 -1
    outer loop
      vertex 68.68999654054642 -78.54691705852747 85
      vertex 73.9580098057456 -76.81332222609353 85
      vertex 68.72437911480665 -78.63648672401905 85
    endloop
  endfacet
  facet normal 0 0 -1
    outer loop
      vertex 68.72437911480665 -78.63648672401905 85
      vertex 73.9580098057456 -76.81332222609353 85
      vertex 68.7443134561181 -78.69052112847567 85
    endloop
  endfacet
  facet normal 0 0 -1
    outer loop
      vertex 68.7443134561181 -78.69052112847567 85
      vertex 73.9580098057456 -76.81332222609353 85
      vertex 68.79674170911312 -78.83857395499945 85
    endloop
  endfacet
  facet normal 0 0 -1
    outer loop
      vertex 68.42250815033913 -77.55706536024809 85
      vertex 73.84287269688133 -76.38362468597548 85
      vertex 68.6771160364151 -78.50727494060993 85
    endloop
  endfacet
  facet normal 0 0 -1
    outer loop
      vertex 75.15619492297485 -78.65836550827892 85
      vertex 69.06674584746361 -80.61513908952475 85
      vertex 74.84163449172108 -78.34380507702515 85
    endloop
  endfacet
  facet normal 0 0 -1
    outer loop
      vertex 74.84163449172108 -78.34380507702515 85
      vertex 69.06674584746361 -80.38486091047525 85
      vertex 74.56167777390647 -77.99808732224301 85
    endloop
  endfacet
  facet normal 0 0 -1
    outer loop
      vertex 74.56167777390647 -77.99808732224301 85
      vertex 69.02624090760946 -79.8422587737441 85
      vertex 74.31939203391613 -77.625 85
    endloop
  endfacet
  facet normal 0 0 -1
    outer loop
      vertex 74.31939203391613 -77.625 85
      vertex 68.92924048751593 -79.30686300992966 85
      vertex 74.11743180501895 -77.22863073307215 85
    endloop
  endfacet
  facet normal 0 0 -1
    outer loop
      vertex 74.11743180501895 -77.22863073307215 85
      vertex 68.79674170911312 -78.83857395499945 85
      vertex 73.9580098057456 -76.81332222609353 85
    endloop
  endfacet
  facet normal 0 0 -1
    outer loop
      vertex 73.84287269688133 -76.38362468597548 85
      vertex 68.41384196281433 -77.51629415899515 85
      vertex 73.77328194468484 -75.94424596888753 85
    endloop
  endfacet
  facet normal 0 0 -1
    outer loop
      vertex 73.9580098057456 -76.81332222609353 85
      vertex 68.6771160364151 -78.50727494060993 85
      vertex 73.84287269688133 -76.38362468597548 85
    endloop
  endfacet
  facet normal 0 0 -1
    outer loop
      vertex 88.45886895060539 -85.51478363573551 85
      vertex 65.36621377617121 -85.47820635885 85
      vertex 65.58522135019302 -85.40704648196697 85
    endloop
  endfacet
  facet normal 0 0 -1
    outer loop
      vertex 88.45886895060539 -85.51478363573551 85
      vertex 65.58522135019302 -85.40704648196697 85
      vertex 65.87838029116392 -85.2945133075118 85
    endloop
  endfacet
  facet normal 0 0 -1
    outer loop
      vertex 88.45886895060539 -85.51478363573551 85
      vertex 65.87838029116392 -85.2945133075118 85
      vertex 66.08874988555908 -85.20085072517395 85
    endloop
  endfacet
  facet normal 0 0 -1
    outer loop
      vertex 88.45886895060539 -85.51478363573551 85
      vertex 66.08874988555908 -85.20085072517395 85
      vertex 66.36853995919228 -85.05829056352377 85
    endloop
  endfacet
  facet normal 0 0 -1
    outer loop
      vertex 88.85410196334124 -85.02671151608229 85
      vertex 66.36853995919228 -85.05829056352377 85
      vertex 66.56796673685312 -84.94315146654844 85
    endloop
  endfacet
  facet normal 0 0 -1
    outer loop
      vertex 88.85410196334124 -85.02671151608229 85
      vertex 66.56796673685312 -84.94315146654844 85
      vertex 66.83132249116898 -84.77212624251842 85
    endloop
  endfacet
  facet normal 0 0 -1
    outer loop
      vertex 88.85410196334124 -85.02671151608229 85
      vertex 66.83132249116898 -84.77212624251842 85
      vertex 67.01762149482965 -84.63677209615707 85
    endloop
  endfacet
  facet normal 0 0 -1
    outer loop
      vertex 89.19615242630243 -84.5 85
      vertex 67.01762149482965 -84.63677209615707 85
      vertex 67.26165755838156 -84.43915558606386 85
    endloop
  endfacet
  facet normal 0 0 -1
    outer loop
      vertex 89.19615242630243 -84.5 85
      vertex 67.26165755838156 -84.43915558606386 85
      vertex 67.43278760463 -84.2850693911314 85
    endloop
  endfacet
  facet normal 0 0 -1
    outer loop
      vertex 89.19615242630243 -84.5 85
      vertex 67.43278760463 -84.2850693911314 85
      vertex 67.65483026206493 -84.06302673369646 85
    endloop
  endfacet
  facet normal 0 0 -1
    outer loop
      vertex 89.48127274215221 -83.94041986018419 85
      vertex 67.65483026206493 -84.06302673369646 85
      vertex 67.8089164569974 -83.89189668744802 85
    endloop
  endfacet
  facet normal 0 0 -1
    outer loop
      vertex 89.48127274215221 -83.94041986018419 85
      vertex 67.8089164569974 -83.89189668744802 85
      vertex 68.0065329670906 -83.64786062389612 85
    endloop
  endfacet
  facet normal 0 0 -1
    outer loop
      vertex 89.48127274215221 -83.94041986018419 85
      vertex 68.0065329670906 -83.64786062389612 85
      vertex 68.1418870985508 -83.46156164258718 85
    endloop
  endfacet
  facet normal 0 0 -1
    outer loop
      vertex 89.70633909851313 -83.35410196334124 85
      vertex 68.1418870985508 -83.46156164258718 85
      vertex 68.31291233748198 -83.19820586591959 85
    endloop
  endfacet
  facet normal 0 0 -1
    outer loop
      vertex 89.70633909851313 -83.35410196334124 85
      vertex 68.31291233748198 -83.19820586591959 85
      vertex 68.4280514344573 -82.99877908825874 85
    endloop
  endfacet
  facet normal 0 0 -1
    outer loop
      vertex 89.70633909851313 -83.35410196334124 85
      vertex 68.4280514344573 -82.99877908825874 85
      vertex 68.57061159610748 -82.71898901462555 85
    endloop
  endfacet
  facet normal 0 0 -1
    outer loop
      vertex 89.86888560652733 -82.74747014790773 85
      vertex 68.57061159610748 -82.71898901462555 85
      vertex 68.66427417844534 -82.50861942023039 85
    endloop
  endfacet
  facet normal 0 0 -1
    outer loop
      vertex 89.86888560652733 -82.74747014790773 85
      vertex 68.66427417844534 -82.50861942023039 85
      vertex 68.7768073529005 -82.21546047925949 85
    endloop
  endfacet
  facet normal 0 0 -1
    outer loop
      vertex 89.9671313688159 -82.12717077881098 85
      vertex 68.7768073529005 -82.21546047925949 85
      vertex 68.84796722978354 -81.99645290523767 85
    endloop
  endfacet
  facet normal 0 0 -1
    outer loop
      vertex 68.97711802273989 -81.46789091825485 85
      vertex 75.875 -79.18060796608387 85
      vertex 76.27136926692785 -79.38256819498105 85
    endloop
  endfacet
  facet normal 0 0 -1
    outer loop
      vertex 68.97711802273989 -81.46789091825485 85
      vertex 75.50191267775699 -78.93832222609353 85
      vertex 75.875 -79.18060796608387 85
    endloop
  endfacet
  facet normal 0 0 -1
    outer loop
      vertex 75.50191267775699 -78.93832222609353 85
      vertex 69.02624090760946 -81.1577412262559 85
      vertex 75.15619492297485 -78.65836550827892 85
    endloop
  endfacet
  facet normal 0 0 -1
    outer loop
      vertex 68.97711802273989 -81.46789091825485 85
      vertex 76.27136926692785 -79.38256819498105 85
      vertex 76.68667777390647 -79.5419901942544 85
    endloop
  endfacet
  facet normal 0 0 -1
    outer loop
      vertex 68.97711802273989 -81.46789091825485 85
      vertex 76.68667777390647 -79.5419901942544 85
      vertex 77.11637531402452 -79.65712730311867 85
    endloop
  endfacet
  facet normal 0 0 -1
    outer loop
      vertex 89.9671313688159 -82.12717077881098 85
      vertex 68.84796722978354 -81.99645290523767 85
      vertex 68.92924048751593 -81.69313699007034 85
    endloop
  endfacet
  facet normal 0 0 -1
    outer loop
      vertex 68.97711802273989 -81.46789091825485 85
      vertex 77.11637531402452 -79.65712730311867 85
      vertex 77.55575403111247 -79.72671805531516 85
    endloop
  endfacet
  facet normal 0 0 -1
    outer loop
      vertex 90 -81.5 85
      vertex 68.92924048751593 -81.69313699007034 85
      vertex 68.97711802273989 -81.46789091825485 85
    endloop
  endfacet
  facet normal 0 0 -1
    outer loop
      vertex 68.25559581071138 -76.50322233140469 85
      vertex 73.77328194468484 -75.94424596888753 85
      vertex 68.25995276123285 -76.54467599093914 85
    endloop
  endfacet
  facet normal 0 0 -1
    outer loop
      vertex 68.20411139726639 -75.52084110677242 85
      vertex 73.75 -75.5 85
      vertex 68.25559581071138 -76.50322233140469 85
    endloop
  endfacet
  facet normal 0 0 -1
    outer loop
      vertex 68.20411139726639 -75.47915887087584 85
      vertex 73.75 -75.5 85
      vertex 68.20411139726639 -75.52084110677242 85
    endloop
  endfacet
  facet normal 0 0 -1
    outer loop
      vertex 68.25559579581022 -74.49677781760693 85
      vertex 73.75 -75.5 85
      vertex 68.20411139726639 -75.47915887087584 85
    endloop
  endfacet
  facet normal 0 0 -1
    outer loop
      vertex 68.25995279103518 -74.45532381534576 85
      vertex 73.77328194468484 -75.05575403111247 85
      vertex 68.25559579581022 -74.49677781760693 85
    endloop
  endfacet
  facet normal 0 0 -1
    outer loop
      vertex 68.41384197026491 -73.48370580375195 85
      vertex 73.77328194468484 -75.05575403111247 85
      vertex 68.25995279103518 -74.45532381534576 85
    endloop
  endfacet
  facet normal 0 0 -1
    outer loop
      vertex 68.42250814288855 -73.44293466210365 85
      vertex 73.84287269688133 -74.61637531402452 85
      vertex 68.41384197026491 -73.48370580375195 85
    endloop
  endfacet
  facet normal 0 0 -1
    outer loop
      vertex 73.77328194468484 -75.94424596888753 85
      vertex 68.25559581071138 -76.50322233140469 85
      vertex 73.75 -75.5 85
    endloop
  endfacet
  facet normal 0 0 -1
    outer loop
      vertex 73.75 -75.5 85
      vertex 68.25559579581022 -74.49677781760693 85
      vertex 73.77328194468484 -75.05575403111247 85
    endloop
  endfacet
  facet normal 0 0 -1
    outer loop
      vertex 73.77328194468484 -75.05575403111247 85
      vertex 68.41384197026491 -73.48370580375195 85
      vertex 73.84287269688133 -74.61637531402452 85
    endloop
  endfacet
  facet normal 0 0 -1
    outer loop
      vertex 68.67711605876684 -72.4927249699831 85
      vertex 73.84287269688133 -74.61637531402452 85
      vertex 68.42250814288855 -73.44293466210365 85
    endloop
  endfacet
  facet normal 0 0 -1
    outer loop
      vertex 68.689996547997 -72.45308290421963 85
      vertex 73.9580098057456 -74.18667777390647 85
      vertex 68.67711605876684 -72.4927249699831 85
    endloop
  endfacet
  facet normal 0 0 -1
    outer loop
      vertex 69.04253367334604 -71.53469229489565 85
      vertex 73.9580098057456 -74.18667777390647 85
      vertex 68.689996547997 -72.45308290421963 85
    endloop
  endfacet
  facet normal 0 0 -1
    outer loop
      vertex 69.05948724597692 -71.4966139420867 85
      vertex 74.11743180501895 -73.77136926692785 85
      vertex 69.04253367334604 -71.53469229489565 85
    endloop
  endfacet
  facet normal 0 0 -1
    outer loop
      vertex 69.50609109550714 -70.62010453641415 85
      vertex 74.11743180501895 -73.77136926692785 85
      vertex 69.05948724597692 -71.4966139420867 85
    endloop
  endfacet
  facet normal 0 0 -1
    outer loop
      vertex 69.52693208307028 -70.58400689065456 85
      vertex 74.31939203391613 -73.375 85
      vertex 69.50609109550714 -70.62010453641415 85
    endloop
  endfacet
  facet normal 0 0 -1
    outer loop
      vertex 70.06270964443684 -69.7589817866683 85
      vertex 74.31939203391613 -73.375 85
      vertex 69.52693208307028 -70.58400689065456 85
    endloop
  endfacet
  facet normal 0 0 -1
    outer loop
      vertex 73.84287269688133 -74.61637531402452 85
      vertex 68.67711605876684 -72.4927249699831 85
      vertex 73.9580098057456 -74.18667777390647 85
    endloop
  endfacet
  facet normal 0 0 -1
    outer loop
      vertex 73.9580098057456 -74.18667777390647 85
      vertex 69.04253367334604 -71.53469229489565 85
      vertex 74.11743180501895 -73.77136926692785 85
    endloop
  endfacet
  facet normal 0 0 -1
    outer loop
      vertex 74.11743180501895 -73.77136926692785 85
      vertex 69.50609109550714 -70.62010453641415 85
      vertex 74.31939203391613 -73.375 85
    endloop
  endfacet
  facet normal 0 0 -1
    outer loop
      vertex 74.31939203391613 -73.375 85
      vertex 70.06270964443684 -69.7589817866683 85
      vertex 74.56167777390647 -73.00191267775699 85
    endloop
  endfacet
  facet normal 0 0 -1
    outer loop
      vertex 70.08720956742764 -69.72526054084301 85
      vertex 74.56167777390647 -73.00191267775699 85
      vertex 70.06270964443684 -69.7589817866683 85
    endloop
  endfacet
  facet normal 0 0 -1
    outer loop
      vertex 70.70629071444273 -68.9607589840889 85
      vertex 74.56167777390647 -73.00191267775699 85
      vertex 70.08720956742764 -69.72526054084301 85
    endloop
  endfacet
  facet normal 0 0 -1
    outer loop
      vertex 70.73418152332306 -68.92978310585022 85
      vertex 74.84163449172108 -72.65619492297485 85
      vertex 70.70629071444273 -68.9607589840889 85
    endloop
  endfacet
  facet normal 0 0 -1
    outer loop
      vertex 71.4297831878066 -68.23418144136667 85
      vertex 74.84163449172108 -72.65619492297485 85
      vertex 70.73418152332306 -68.92978310585022 85
    endloop
  endfacet
  facet normal 0 0 -1
    outer loop
      vertex 71.46075896918774 -68.20629072189331 85
      vertex 75.15619492297485 -72.34163449172108 85
      vertex 71.4297831878066 -68.23418144136667 85
    endloop
  endfacet
  facet normal 0 0 -1
    outer loop
      vertex 72.2252604663372 -67.5872096195817 85
      vertex 75.15619492297485 -72.34163449172108 85
      vertex 71.46075896918774 -68.20629072189331 85
    endloop
  endfacet
  facet normal 0 0 -1
    outer loop
      vertex 74.56167777390647 -73.00191267775699 85
      vertex 70.70629071444273 -68.9607589840889 85
      vertex 74.84163449172108 -72.65619492297485 85
    endloop
  endfacet
  facet normal 0 0 -1
    outer loop
      vertex 74.84163449172108 -72.65619492297485 85
      vertex 71.4297831878066 -68.23418144136667 85
      vertex 75.15619492297485 -72.34163449172108 85
    endloop
  endfacet
  facet normal 0 0 -1
    outer loop
      vertex 75.15619492297485 -72.34163449172108 85
      vertex 72.2252604663372 -67.5872096195817 85
      vertex 75.50191267775699 -72.06167777390647 85
    endloop
  endfacet
  facet normal 0 0 -1
    outer loop
      vertex 72.2589817866683 -67.56270964443684 85
      vertex 75.50191267775699 -72.06167777390647 85
      vertex 72.2252604663372 -67.5872096195817 85
    endloop
  endfacet
  facet normal 0 0 -1
    outer loop
      vertex 73.08400689065456 -67.02693208307028 85
      vertex 75.50191267775699 -72.06167777390647 85
      vertex 72.2589817866683 -67.56270964443684 85
    endloop
  endfacet
  facet normal 0 0 -1
    outer loop
      vertex 73.12010453641415 -67.00609109550714 85
      vertex 75.875 -71.81939203391613 85
      vertex 73.08400689065456 -67.02693208307028 85
    endloop
  endfacet
  facet normal 0 0 -1
    outer loop
      vertex 73.9966139793396 -66.55948723107576 85
      vertex 75.875 -71.81939203391613 85
      vertex 73.12010453641415 -67.00609109550714 85
    endloop
  endfacet
  facet normal 0 0 -1
    outer loop
      vertex 75.50191267775699 -72.06167777390647 85
      vertex 73.08400689065456 -67.02693208307028 85
      vertex 75.875 -71.81939203391613 85
    endloop
  endfacet
  facet normal 0 0 -1
    outer loop
      vertex 75.875 -71.81939203391613 85
      vertex 73.9966139793396 -66.55948723107576 85
      vertex 76.27136926692785 -71.61743180501895 85
    endloop
  endfacet
  facet normal 0 0 -1
    outer loop
      vertex 74.03469233214855 -66.54253365844488 85
      vertex 76.27136926692785 -71.61743180501895 85
      vertex 73.9966139793396 -66.55948723107576 85
    endloop
  endfacet
  facet normal 0 0 -1
    outer loop
      vertex 74.95308281481266 -66.18999657779932 85
      vertex 76.27136926692785 -71.61743180501895 85
      vertex 74.03469233214855 -66.54253365844488 85
    endloop
  endfacet
  facet normal 0 0 -1
    outer loop
      vertex 74.99272506684065 -66.17711602896452 85
      vertex 76.68667777390647 -71.4580098057456 85
      vertex 74.95308281481266 -66.18999657779932 85
    endloop
  endfacet
  facet normal 0 0 -1
    outer loop
      vertex 75.94293462485075 -65.92250815033913 85
      vertex 76.68667777390647 -71.4580098057456 85
      vertex 74.99272506684065 -66.17711602896452 85
    endloop
  endfacet
  facet normal 0 0 -1
    outer loop
      vertex 76.27136926692785 -71.61743180501895 85
      vertex 74.95308281481266 -66.18999657779932 85
      vertex 76.68667777390647 -71.4580098057456 85
    endloop
  endfacet
  facet normal 0 0 -1
    outer loop
      vertex 76.68667777390647 -71.4580098057456 85
      vertex 75.94293462485075 -65.92250815033913 85
      vertex 77.11637531402452 -71.34287269688133 85
    endloop
  endfacet
  facet normal 0 0 -1
    outer loop
      vertex 77.11637531402452 -71.34287269688133 85
      vertex 76.9553239941597 -65.75995276123285 85
      vertex 77.55575403111247 -71.27328194468484 85
    endloop
  endfacet
  facet normal 0 0 -1
    outer loop
      vertex 77.55575403111247 -71.27328194468484 85
      vertex 77.979158885777 -65.70411139726639 85
      vertex 78 -71.25 85
    endloop
  endfacet
  facet normal 0 0 -1
    outer loop
      vertex 78 -71.25 85
      vertex 79.00322216749191 -65.75559579581022 85
      vertex 78.44424596888753 -71.27328194468484 85
    endloop
  endfacet
  facet normal 0 0 -1
    outer loop
      vertex 75.98370582610369 -65.91384196281433 85
      vertex 77.11637531402452 -71.34287269688133 85
      vertex 75.94293462485075 -65.92250815033913 85
    endloop
  endfacet
  facet normal 0 0 -1
    outer loop
      vertex 76.9553239941597 -65.75995276123285 85
      vertex 77.11637531402452 -71.34287269688133 85
      vertex 75.98370582610369 -65.91384196281433 85
    endloop
  endfacet
  facet normal 0 0 -1
    outer loop
      vertex 76.99677764624357 -65.75559581071138 85
      vertex 77.55575403111247 -71.27328194468484 85
      vertex 76.9553239941597 -65.75995276123285 85
    endloop
  endfacet
  facet normal 0 0 -1
    outer loop
      vertex 77.979158885777 -65.70411139726639 85
      vertex 77.55575403111247 -71.27328194468484 85
      vertex 76.99677764624357 -65.75559581071138 85
    endloop
  endfacet
  facet normal 0 0 -1
    outer loop
      vertex 78.020841114223 -65.70411139726639 85
      vertex 78 -71.25 85
      vertex 77.979158885777 -65.70411139726639 85
    endloop
  endfacet
  facet normal 0 0 -1
    outer loop
      vertex 79.00322216749191 -65.75559579581022 85
      vertex 78 -71.25 85
      vertex 78.020841114223 -65.70411139726639 85
    endloop
  endfacet
  facet normal 0 0 -1
    outer loop
      vertex 88.01478363573551 -85.95886895060539 85
      vertex 64.52750209718943 -85.65648003667593 85
      vertex 88.45886895060539 -85.51478363573551 85
    endloop
  endfacet
  facet normal 0 0 -1
    outer loop
      vertex 88.45886895060539 -85.51478363573551 85
      vertex 66.36853995919228 -85.05829056352377 85
      vertex 88.85410196334124 -85.02671151608229 85
    endloop
  endfacet
  facet normal 0 0 -1
    outer loop
      vertex 88.85410196334124 -85.02671151608229 85
      vertex 67.01762149482965 -84.63677209615707 85
      vertex 89.19615242630243 -84.5 85
    endloop
  endfacet
  facet normal 0 0 -1
    outer loop
      vertex 89.19615242630243 -84.5 85
      vertex 67.65483026206493 -84.06302673369646 85
      vertex 89.48127274215221 -83.94041986018419 85
    endloop
  endfacet
  facet normal 0 0 -1
    outer loop
      vertex 89.48127274215221 -83.94041986018419 85
      vertex 68.1418870985508 -83.46156164258718 85
      vertex 89.70633909851313 -83.35410196334124 85
    endloop
  endfacet
  facet normal 0 0 -1
    outer loop
      vertex 89.70633909851313 -83.35410196334124 85
      vertex 68.57061159610748 -82.71898901462555 85
      vertex 89.86888560652733 -82.74747014790773 85
    endloop
  endfacet
  facet normal 0 0 -1
    outer loop
      vertex 89.86888560652733 -82.74747014790773 85
      vertex 68.7768073529005 -82.21546047925949 85
      vertex 89.9671313688159 -82.12717077881098 85
    endloop
  endfacet
  facet normal 0 0 -1
    outer loop
      vertex 90 -81.5 85
      vertex 68.97711802273989 -81.46789091825485 85
      vertex 77.55575403111247 -79.72671805531516 85
    endloop
  endfacet
  facet normal 0 0 -1
    outer loop
      vertex 89.9671313688159 -82.12717077881098 85
      vertex 68.92924048751593 -81.69313699007034 85
      vertex 90 -81.5 85
    endloop
  endfacet
  facet normal 0 0 -1
    outer loop
      vertex 90 -81.5 85
      vertex 77.55575403111247 -79.72671805531516 85
      vertex 78 -79.75 85
    endloop
  endfacet
  facet normal 0 0 -1
    outer loop
      vertex 90 -81.5 85
      vertex 78 -79.75 85
      vertex 78.44424596888753 -79.72671805531516 85
    endloop
  endfacet
  facet normal 0 0 -1
    outer loop
      vertex 90 -81.5 85
      vertex 78.44424596888753 -79.72671805531516 85
      vertex 78.88362468597548 -79.65712730311867 85
    endloop
  endfacet
  facet normal 0 0 -1
    outer loop
      vertex 90 -81.5 85
      vertex 78.88362468597548 -79.65712730311867 85
      vertex 79.31332222609353 -79.5419901942544 85
    endloop
  endfacet
  facet normal 0 0 -1
    outer loop
      vertex 90 -81.5 85
      vertex 79.31332222609353 -79.5419901942544 85
      vertex 79.72863073307215 -79.38256819498105 85
    endloop
  endfacet
  facet normal 0 0 -1
    outer loop
      vertex 90 -81.5 85
      vertex 79.72863073307215 -79.38256819498105 85
      vertex 80.125 -79.18060796608387 85
    endloop
  endfacet
  facet normal 0 0 -1
    outer loop
      vertex 90 -81.5 85
      vertex 80.125 -79.18060796608387 85
      vertex 80.49808732224301 -78.93832222609353 85
    endloop
  endfacet
  facet normal 0 0 -1
    outer loop
      vertex 90 -81.5 85
      vertex 80.49808732224301 -78.93832222609353 85
      vertex 80.84380507702515 -78.65836550827892 85
    endloop
  endfacet
  facet normal 0 0 -1
    outer loop
      vertex 90 -81.5 85
      vertex 80.84380507702515 -78.65836550827892 85
      vertex 81.15836550827892 -78.34380507702515 85
    endloop
  endfacet
  facet normal 0 0 -1
    outer loop
      vertex 90 -81.5 85
      vertex 81.15836550827892 -78.34380507702515 85
      vertex 81.43832222609353 -77.99808732224301 85
    endloop
  endfacet
  facet normal 0 0 -1
    outer loop
      vertex 90 -81.5 85
      vertex 81.43832222609353 -77.99808732224301 85
      vertex 81.68060796608387 -77.625 85
    endloop
  endfacet
  facet normal 0 0 -1
    outer loop
      vertex 84 -87.5 85
      vertex 85.24747014790773 -87.36888560652733 85
      vertex 84.62717077881098 -87.4671313688159 85
    endloop
  endfacet
  facet normal 0 0 -1
    outer loop
      vertex 90 -81.5 85
      vertex 81.68060796608387 -77.625 85
      vertex 81.88256819498105 -77.22863073307215 85
    endloop
  endfacet
  facet normal 0 0 -1
    outer loop
      vertex 90 -81.5 85
      vertex 81.88256819498105 -77.22863073307215 85
      vertex 82.0419901942544 -76.81332222609353 85
    endloop
  endfacet
  facet normal 0 0 -1
    outer loop
      vertex 90 -81.5 85
      vertex 82.0419901942544 -76.81332222609353 85
      vertex 82.15712730311867 -76.38362468597548 85
    endloop
  endfacet
  facet normal 0 0 -1
    outer loop
      vertex 90 -81.5 85
      vertex 82.15712730311867 -76.38362468597548 85
      vertex 82.22671805531516 -75.94424596888753 85
    endloop
  endfacet
  facet normal 0 0 -1
    outer loop
      vertex 90 -81.5 85
      vertex 82.22671805531516 -75.94424596888753 85
      vertex 82.25 -75.5 85
    endloop
  endfacet
  facet normal 0 0 -1
    outer loop
      vertex 81.68060796608387 -73.375 85
      vertex 84.7549412921071 -66.26282646507025 85
      vertex 81.88256819498105 -73.77136926692785 85
    endloop
  endfacet
  facet normal 0 0 -1
    outer loop
      vertex 82.22671805531516 -75.05575403111247 85
      vertex 86.36004852503538 -65.33611735701561 85
      vertex 82.25 -75.5 85
    endloop
  endfacet
  facet normal 0 0 -1
    outer loop
      vertex 82.0419901942544 -74.18667777390647 85
      vertex 85.73391714692116 -65.79102843254805 85
      vertex 82.15712730311867 -74.61637531402452 85
    endloop
  endfacet
  facet normal 0 0 -1
    outer loop
      vertex 81.88256819498105 -73.77136926692785 85
      vertex 85.25679212063551 -66.05258044600487 85
      vertex 82.0419901942544 -74.18667777390647 85
    endloop
  endfacet
  facet normal 0 0 -1
    outer loop
      vertex 82.15712730311867 -74.61637531402452 85
      vertex 86.18108874559402 -65.48103612661362 85
      vertex 82.22671805531516 -75.05575403111247 85
    endloop
  endfacet
  facet normal 0 0 -1
    outer loop
      vertex 78.44424596888753 -71.27328194468484 85
      vertex 80.0162941813469 -65.91384197026491 85
      vertex 78.88362468597548 -71.34287269688133 85
    endloop
  endfacet
  facet normal 0 0 -1
    outer loop
      vertex 78.88362468597548 -71.34287269688133 85
      vertex 81.0072750672698 -66.177116073668 85
      vertex 79.31332222609353 -71.4580098057456 85
    endloop
  endfacet
  facet normal 0 0 -1
    outer loop
      vertex 79.31332222609353 -71.4580098057456 85
      vertex 81.54370549321175 -66.35986269265413 85
      vertex 79.72863073307215 -71.61743180501895 85
    endloop
  endfacet
  facet normal 0 0 -1
    outer loop
      vertex 79.72863073307215 -71.61743180501895 85
      vertex 81.76613716036081 -66.41946307569742 85
      vertex 80.125 -71.81939203391613 85
    endloop
  endfacet
  facet normal 0 0 -1
    outer loop
      vertex 80.125 -71.81939203391613 85
      vertex 82.3007339835167 -66.52077405899763 85
      vertex 80.49808732224301 -72.06167777390647 85
    endloop
  endfacet
  facet normal 0 0 -1
    outer loop
      vertex 80.49808732224301 -72.06167777390647 85
      vertex 82.84299213439226 -66.56564947962761 85
      vertex 80.84380507702515 -72.34163449172108 85
    endloop
  endfacet
  facet normal 0 0 -1
    outer loop
      vertex 79.04467616975307 -65.75995279103518 85
      vertex 78.44424596888753 -71.27328194468484 85
      vertex 79.00322216749191 -65.75559579581022 85
    endloop
  endfacet
  facet normal 0 0 -1
    outer loop
      vertex 80.0162941813469 -65.91384197026491 85
      vertex 78.44424596888753 -71.27328194468484 85
      vertex 79.04467616975307 -65.75995279103518 85
    endloop
  endfacet
  facet normal 0 0 -1
    outer loop
      vertex 80.05706532299519 -65.92250814288855 85
      vertex 78.88362468597548 -71.34287269688133 85
      vertex 80.0162941813469 -65.91384197026491 85
    endloop
  endfacet
  facet normal 0 0 -1
    outer loop
      vertex 81.0072750672698 -66.177116073668 85
      vertex 78.88362468597548 -71.34287269688133 85
      vertex 80.05706532299519 -65.92250814288855 85
    endloop
  endfacet
  facet normal 0 0 -1
    outer loop
      vertex 81.0469170063734 -66.18999651819468 85
      vertex 79.31332222609353 -71.4580098057456 85
      vertex 81.0072750672698 -66.177116073668 85
    endloop
  endfacet
  facet normal 0 0 -1
    outer loop
      vertex 81.13648664206266 -66.22437908500433 85
      vertex 79.31332222609353 -71.4580098057456 85
      vertex 81.0469170063734 -66.18999651819468 85
    endloop
  endfacet
  facet normal 0 0 -1
    outer loop
      vertex 79.31332222609353 -71.4580098057456 85
      vertex 81.2450587823987 -66.26282649487257 85
      vertex 81.54370549321175 -66.35986269265413 85
    endloop
  endfacet
  facet normal 0 0 -1
    outer loop
      vertex 81.2450587823987 -66.26282649487257 85
      vertex 79.31332222609353 -71.4580098057456 85
      vertex 81.13648664206266 -66.22437908500433 85
    endloop
  endfacet
  facet normal 0 0 -1
    outer loop
      vertex 81.76613716036081 -66.41946307569742 85
      vertex 79.72863073307215 -71.61743180501895 85
      vertex 81.54370549321175 -66.35986269265413 85
    endloop
  endfacet
  facet normal 0 0 -1
    outer loop
      vertex 82.07329094409943 -66.4847506210208 85
      vertex 80.125 -71.81939203391613 85
      vertex 81.76613716036081 -66.41946307569742 85
    endloop
  endfacet
  facet normal 0 0 -1
    outer loop
      vertex 82.3007339835167 -66.52077405899763 85
      vertex 80.125 -71.81939203391613 85
      vertex 82.07329094409943 -66.4847506210208 85
    endloop
  endfacet
  facet normal 0 0 -1
    outer loop
      vertex 80.84380507702515 -72.34163449172108 85
      vertex 83.38697052747011 -66.55359764397144 85
      vertex 81.15836550827892 -72.65619492297485 85
    endloop
  endfacet
  facet normal 0 0 -1
    outer loop
      vertex 81.15836550827892 -72.65619492297485 85
      vertex 83.69926605373621 -66.52077405899763 85
      vertex 81.43832222609353 -73.00191267775699 85
    endloop
  endfacet
  facet normal 0 0 -1
    outer loop
      vertex 81.43832222609353 -73.00191267775699 85
      vertex 84.23386289179325 -66.41946306079626 85
      vertex 81.68060796608387 -73.375 85
    endloop
  endfacet
  facet normal 0 0 -1
    outer loop
      vertex 82.61302950978279 -66.55359764397144 85
      vertex 80.49808732224301 -72.06167777390647 85
      vertex 82.3007339835167 -66.52077405899763 85
    endloop
  endfacet
  facet normal 0 0 -1
    outer loop
      vertex 80.49808732224301 -72.06167777390647 85
      vertex 82.61302950978279 -66.55359764397144 85
      vertex 82.84299213439226 -66.56564947962761 85
    endloop
  endfacet
  facet normal 0 0 -1
    outer loop
      vertex 83.15700788795948 -66.56564947962761 85
      vertex 80.84380507702515 -72.34163449172108 85
      vertex 82.84299213439226 -66.56564947962761 85
    endloop
  endfacet
  facet normal 0 0 -1
    outer loop
      vertex 80.84380507702515 -72.34163449172108 85
      vertex 83.15700788795948 -66.56564947962761 85
      vertex 83.38697052747011 -66.55359764397144 85
    endloop
  endfacet
  facet normal 0 0 -1
    outer loop
      vertex 83.69926605373621 -66.52077405899763 85
      vertex 81.15836550827892 -72.65619492297485 85
      vertex 83.38697052747011 -66.55359764397144 85
    endloop
  endfacet
  facet normal 0 0 -1
    outer loop
      vertex 83.92670915275812 -66.48475060611963 85
      vertex 81.43832222609353 -73.00191267775699 85
      vertex 83.69926605373621 -66.52077405899763 85
    endloop
  endfacet
  facet normal 0 0 -1
    outer loop
      vertex 84.23386289179325 -66.41946306079626 85
      vertex 81.43832222609353 -73.00191267775699 85
      vertex 83.92670915275812 -66.48475060611963 85
    endloop
  endfacet
  facet normal 0 0 -1
    outer loop
      vertex 84.45629455894232 -66.35986267775297 85
      vertex 81.68060796608387 -73.375 85
      vertex 84.23386289179325 -66.41946306079626 85
    endloop
  endfacet
  facet normal 0 0 -1
    outer loop
      vertex 84.7549412921071 -66.26282646507025 85
      vertex 81.68060796608387 -73.375 85
      vertex 84.45629455894232 -66.35986267775297 85
    endloop
  endfacet
  facet normal 0 0 -1
    outer loop
      vertex 84.9699244722724 -66.1803021505475 85
      vertex 81.88256819498105 -73.77136926692785 85
      vertex 84.7549412921071 -66.26282646507025 85
    endloop
  endfacet
  facet normal 0 0 -1
    outer loop
      vertex 85.4619715064764 -65.9480363279581 85
      vertex 82.0419901942544 -74.18667777390647 85
      vertex 85.25679212063551 -66.05258044600487 85
    endloop
  endfacet
  facet normal 0 0 -1
    outer loop
      vertex 85.25679212063551 -66.05258044600487 85
      vertex 81.88256819498105 -73.77136926692785 85
      vertex 84.9699244722724 -66.1803021505475 85
    endloop
  endfacet
  facet normal 0 0 -1
    outer loop
      vertex 90 -81.5 85
      vertex 82.25 -75.5 85
      vertex 86.75623895227909 -64.963168554008 85
    endloop
  endfacet
  facet normal 0 0 -1
    outer loop
      vertex 82.0419901942544 -74.18667777390647 85
      vertex 85.4619715064764 -65.9480363279581 85
      vertex 85.73391714692116 -65.79102843254805 85
    endloop
  endfacet
  facet normal 0 0 -1
    outer loop
      vertex 85.92704467475414 -65.66560994833708 85
      vertex 82.15712730311867 -74.61637531402452 85
      vertex 85.73391714692116 -65.79102843254805 85
    endloop
  endfacet
  facet normal 0 0 -1
    outer loop
      vertex 82.15712730311867 -74.61637531402452 85
      vertex 85.92704467475414 -65.66560994833708 85
      vertex 86.18108874559402 -65.48103612661362 85
    endloop
  endfacet
  facet normal 0 0 -1
    outer loop
      vertex 82.22671805531516 -75.05575403111247 85
      vertex 86.18108874559402 -65.48103612661362 85
      vertex 86.36004852503538 -65.33611735701561 85
    endloop
  endfacet
  facet normal 0 0 -1
    outer loop
      vertex 82.25 -75.5 85
      vertex 86.36004852503538 -65.33611735701561 85
      vertex 86.59340770542622 -65.12599980086088 85
    endloop
  endfacet
  facet normal 0 0 -1
    outer loop
      vertex 82.25 -75.5 85
      vertex 86.59340770542622 -65.12599980086088 85
      vertex 86.75623895227909 -64.963168554008 85
    endloop
  endfacet
  facet normal 0 0 -1
    outer loop
      vertex 90 -81.5 85
      vertex 86.75623895227909 -64.963168554008 85
      vertex 86.96635649353266 -64.72980938851833 85
    endloop
  endfacet
  facet normal 0 0 -1
    outer loop
      vertex 90 -81.5 85
      vertex 86.96635649353266 -64.72980938851833 85
      vertex 87.11127527803183 -64.55084959417582 85
    endloop
  endfacet
  facet normal 0 0 -1
    outer loop
      vertex 90 -81.5 85
      vertex 87.11127527803183 -64.55084959417582 85
      vertex 87.29584909975529 -64.29680552333593 85
    endloop
  endfacet
  facet normal 0 0 -1
    outer loop
      vertex 90 -81.5 85
      vertex 87.29584909975529 -64.29680552333593 85
      vertex 87.42126762121916 -64.1036779358983 85
    endloop
  endfacet
  facet normal 0 0 -1
    outer loop
      vertex 90 -81.5 85
      vertex 87.42126762121916 -64.1036779358983 85
      vertex 87.5782754868269 -63.83173232525587 85
    endloop
  endfacet
  facet normal 0 0 -1
    outer loop
      vertex 90 -81.5 85
      vertex 87.5782754868269 -63.83173232525587 85
      vertex 87.6828195899725 -63.62655296176672 85
    endloop
  endfacet
  facet normal 0 0 -1
    outer loop
      vertex 90 -81.5 85
      vertex 87.6828195899725 -63.62655296176672 85
      vertex 87.81054129451513 -63.339685313403606 85
    endloop
  endfacet
  facet normal 0 0 -1
    outer loop
      vertex 90 -81.5 85
      vertex 87.81054129451513 -63.339685313403606 85
      vertex 87.89306562393904 -63.12470208853483 85
    endloop
  endfacet
  facet normal 0 0 -1
    outer loop
      vertex 90 -81.5 85
      vertex 87.89306562393904 -63.12470208853483 85
      vertex 87.9901018217206 -62.82605537772179 85
    endloop
  endfacet
  facet normal 0 0 -1
    outer loop
      vertex 90 -81.5 85
      vertex 87.9901018217206 -62.82605537772179 85
      vertex 88.04970220476389 -62.60362371057272 85
    endloop
  endfacet
  facet normal 0 0 -1
    outer loop
      vertex 90 -81.5 85
      vertex 88.04970220476389 -62.60362371057272 85
      vertex 88.11498975008726 -62.296469926834106 85
    endloop
  endfacet
  facet normal 0 0 -1
    outer loop
      vertex 90 -81.5 85
      vertex 88.11498975008726 -62.296469926834106 85
      vertex 88.1510131880641 -62.06902688741684 85
    endloop
  endfacet
  facet normal 0 0 -1
    outer loop
      vertex 90 -81.5 85
      vertex 88.1510131880641 -62.06902688741684 85
      vertex 88.18383677303791 -61.75673136115074 85
    endloop
  endfacet
  facet normal 0 0 -1
    outer loop
      vertex 90 -81.5 85
      vertex 88.18383677303791 -61.75673136115074 85
      vertex 88.19513472169638 -61.58435799181461 85
    endloop
  endfacet
  facet normal 0 0 -1
    outer loop
      vertex 90 -81.5 85
      vertex 88.19513472169638 -61.58435799181461 85
      vertex 88.19924611598253 -61.427350141108036 85
    endloop
  endfacet
  facet normal 0 0 -1
    outer loop
      vertex 90 -81.5 85
      vertex 88.19924611598253 -61.427350141108036 85
      vertex 88.20000000298023 -61.36976087093353 85
    endloop
  endfacet
  facet normal 0.8386705679454243 0.5446390350150268 0
    outer loop
      vertex 74.31939203391613 -77.625 87.8
      vertex 74.56167777390647 -77.99808732224301 85
      vertex 74.31939203391613 -77.625 85
    endloop
  endfacet
  facet normal 0.891006524188378 0.453990499739527 0
    outer loop
      vertex 74.11743180501895 -77.22863073307215 87.8
      vertex 74.31939203391613 -77.625 85
      vertex 74.11743180501895 -77.22863073307215 85
    endloop
  endfacet
  facet normal 0.9335804264972004 0.3583679495453039 0
    outer loop
      vertex 73.9580098057456 -76.81332222609353 87.8
      vertex 74.11743180501895 -77.22863073307215 85
      vertex 73.9580098057456 -76.81332222609353 85
    endloop
  endfacet
  facet normal 0.777145961456963 0.629320391049847 0
    outer loop
      vertex 74.56167777390647 -77.99808732224301 87.8
      vertex 74.84163449172108 -78.34380507702515 85
      vertex 74.56167777390647 -77.99808732224301 85
    endloop
  endfacet
  facet normal 0.7071067811865475 0.7071067811865475 0
    outer loop
      vertex 74.84163449172108 -78.34380507702515 87.8
      vertex 75.15619492297485 -78.65836550827892 85
      vertex 74.84163449172108 -78.34380507702515 85
    endloop
  endfacet
  facet normal 0.629320391049847 0.777145961456963 0
    outer loop
      vertex 75.15619492297485 -78.65836550827892 87.8
      vertex 75.50191267775699 -78.93832222609353 85
      vertex 75.15619492297485 -78.65836550827892 85
    endloop
  endfacet
  facet normal 0.5446390350150268 0.8386705679454243 0
    outer loop
      vertex 75.50191267775699 -78.93832222609353 87.8
      vertex 75.875 -79.18060796608387 85
      vertex 75.50191267775699 -78.93832222609353 85
    endloop
  endfacet
  facet normal 0.3583679495453039 0.9335804264972004 0
    outer loop
      vertex 76.27136926692785 -79.38256819498105 87.8
      vertex 76.68667777390647 -79.5419901942544 85
      vertex 76.27136926692785 -79.38256819498105 85
    endloop
  endfacet
  facet normal 0.2588190451025243 0.9659258262890673 0
    outer loop
      vertex 76.68667777390647 -79.5419901942544 87.8
      vertex 77.11637531402452 -79.65712730311867 85
      vertex 76.68667777390647 -79.5419901942544 85
    endloop
  endfacet
  facet normal 0.1564344650402362 0.987688340595137 0
    outer loop
      vertex 77.11637531402452 -79.65712730311867 87.8
      vertex 77.55575403111247 -79.72671805531516 85
      vertex 77.11637531402452 -79.65712730311867 85
    endloop
  endfacet
  facet normal 0.05233595624294646 0.9986295347545738 0
    outer loop
      vertex 77.55575403111247 -79.72671805531516 87.8
      vertex 78 -79.75 85
      vertex 77.55575403111247 -79.72671805531516 85
    endloop
  endfacet
  facet normal -0.05233595624294646 0.9986295347545738 0
    outer loop
      vertex 78 -79.75 87.8
      vertex 78.44424596888753 -79.72671805531516 85
      vertex 78 -79.75 85
    endloop
  endfacet
  facet normal -0.1564344650402362 0.987688340595137 0
    outer loop
      vertex 78.44424596888753 -79.72671805531516 87.8
      vertex 78.88362468597548 -79.65712730311867 85
      vertex 78.44424596888753 -79.72671805531516 85
    endloop
  endfacet
  facet normal 0.453990499739527 0.891006524188378 0
    outer loop
      vertex 75.875 -79.18060796608387 87.8
      vertex 76.27136926692785 -79.38256819498105 85
      vertex 75.875 -79.18060796608387 85
    endloop
  endfacet
  facet normal -0.7071067811865476 0.7071067811865476 0
    outer loop
      vertex 67.43278760463 -84.2850693911314 88.1
      vertex 67.65483026206493 -84.06302673369646 85
      vertex 67.43278760463 -84.2850693911314 85
    endloop
  endfacet
  facet normal -0.7431448056336751 0.6691306283975405 0
    outer loop
      vertex 67.65483026206493 -84.06302673369646 88.1
      vertex 67.8089164569974 -83.89189668744802 85
      vertex 67.65483026206493 -84.06302673369646 85
    endloop
  endfacet
  facet normal -0.7771459578667896 0.629320395483342 0
    outer loop
      vertex 67.8089164569974 -83.89189668744802 88.1
      vertex 68.0065329670906 -83.64786062389612 85
      vertex 67.8089164569974 -83.89189668744802 85
    endloop
  endfacet
  facet normal -0.8090169972346416 0.5877852483564419 0
    outer loop
      vertex 68.0065329670906 -83.64786062389612 88.1
      vertex 68.1418870985508 -83.46156164258718 85
      vertex 68.0065329670906 -83.64786062389612 85
    endloop
  endfacet
  facet normal -0.8386705710716652 0.5446390302010375 0
    outer loop
      vertex 68.1418870985508 -83.46156164258718 88.1
      vertex 68.31291233748198 -83.19820586591959 85
      vertex 68.1418870985508 -83.46156164258718 85
    endloop
  endfacet
  facet normal -0.8660254165537549 0.4999999778828949 0
    outer loop
      vertex 68.31291233748198 -83.19820586591959 88.1
      vertex 68.4280514344573 -82.99877908825874 85
      vertex 68.31291233748198 -83.19820586591959 85
    endloop
  endfacet
  facet normal -0.8910065259684403 0.45399049624595805 0
    outer loop
      vertex 68.4280514344573 -82.99877908825874 88.1
      vertex 68.57061159610748 -82.71898901462555 85
      vertex 68.4280514344573 -82.99877908825874 85
    endloop
  endfacet
  facet normal -0.9135454505486409 0.40673665900909506 0
    outer loop
      vertex 68.57061159610748 -82.71898901462555 88.1
      vertex 68.66427417844534 -82.50861942023039 85
      vertex 68.57061159610748 -82.71898901462555 85
    endloop
  endfacet
  facet normal -0.9335804259992488 0.358367950842512 0
    outer loop
      vertex 68.66427417844534 -82.50861942023039 88.1
      vertex 68.7768073529005 -82.21546047925949 85
      vertex 68.66427417844534 -82.50861942023039 85
    endloop
  endfacet
  facet normal -0.9510565131566553 0.30901700403425203 0
    outer loop
      vertex 68.7768073529005 -82.21546047925949 88.1
      vertex 68.84796722978354 -81.99645290523767 85
      vertex 68.7768073529005 -82.21546047925949 85
    endloop
  endfacet
  facet normal -0.9659258237320325 0.25881905464550803 0
    outer loop
      vertex 68.84796722978354 -81.99645290523767 88.1
      vertex 68.92924048751593 -81.69313699007034 85
      vertex 68.84796722978354 -81.99645290523767 85
    endloop
  endfacet
  facet normal -0.978147596610256 0.2079117102175342 0
    outer loop
      vertex 68.92924048751593 -81.69313699007034 88.1
      vertex 68.97711802273989 -81.46789091825485 85
      vertex 68.92924048751593 -81.69313699007034 85
    endloop
  endfacet
  facet normal -0.9876883408482959 0.15643446344185244 0
    outer loop
      vertex 68.97711802273989 -81.46789091825485 88.1
      vertex 69.02624090760946 -81.1577412262559 85
      vertex 68.97711802273989 -81.46789091825485 85
    endloop
  endfacet
  facet normal -0.9945218947269713 0.10452846936923531 0
    outer loop
      vertex 69.02624090760946 -81.1577412262559 88.1
      vertex 69.05031153559685 -80.92872451245785 85
      vertex 69.02624090760946 -81.1577412262559 85
    endloop
  endfacet
  facet normal -0.9986295353811633 0.05233594428690367 0
    outer loop
      vertex 69.05031153559685 -80.92872451245785 88.1
      vertex 69.06674584746361 -80.61513908952475 85
      vertex 69.05031153559685 -80.92872451245785 85
    endloop
  endfacet
  facet normal -1 0 0
    outer loop
      vertex 69.06674584746361 -80.61513908952475 88.1
      vertex 69.06674584746361 -80.38486091047525 85
      vertex 69.06674584746361 -80.61513908952475 85
    endloop
  endfacet
  facet normal -0.9986295351212079 -0.05233594924714904 0
    outer loop
      vertex 69.06674584746361 -80.38486091047525 88.1
      vertex 69.05031153559685 -80.07127551734447 85
      vertex 69.06674584746361 -80.38486091047525 85
    endloop
  endfacet
  facet normal -0.9945218961410265 -0.10452845591539826 0
    outer loop
      vertex 69.05031153559685 -80.07127551734447 88.1
      vertex 69.02624090760946 -79.8422587737441 85
      vertex 69.05031153559685 -80.07127551734447 85
    endloop
  endfacet
  facet normal -0.9876883396870251 -0.15643447077382908 0
    outer loop
      vertex 69.02624090760946 -79.8422587737441 88.1
      vertex 68.97711802273989 -79.53210909664631 85
      vertex 69.02624090760946 -79.8422587737441 85
    endloop
  endfacet
  facet normal -0.9781475994074664 -0.20791169705769463 0
    outer loop
      vertex 68.97711802273989 -79.53210909664631 88.1
      vertex 68.92924048751593 -79.30686300992966 85
      vertex 68.97711802273989 -79.53210909664631 85
    endloop
  endfacet
  facet normal -0.9659258237320325 -0.25881905464550803 0
    outer loop
      vertex 68.92924048751593 -79.30686300992966 88.1
      vertex 68.84796722978354 -79.00354709476233 85
      vertex 68.92924048751593 -79.30686300992966 85
    endloop
  endfacet
  facet normal -0.9550199458107742 -0.29654157061630665 0
    outer loop
      vertex 68.84796722978354 -79.00354709476233 88.1
      vertex 68.79674170911312 -78.83857395499945 85
      vertex 68.84796722978354 -79.00354709476233 85
    endloop
  endfacet
  facet normal -0.9426414962864855 -0.3338068445654997 0
    outer loop
      vertex 68.79674170911312 -78.83857395499945 88.1
      vertex 68.7443134561181 -78.69052112847567 85
      vertex 68.79674170911312 -78.83857395499945 85
    endloop
  endfacet
  facet normal -0.938191352423166 -0.34611701235043446 0
    outer loop
      vertex 68.7443134561181 -78.69052112847567 88.1
      vertex 68.72437911480665 -78.63648672401905 85
      vertex 68.7443134561181 -78.69052112847567 85
    endloop
  endfacet
  facet normal -0.9335804228431335 -0.35836795906447355 0
    outer loop
      vertex 68.72437911480665 -78.63648672401905 88.1
      vertex 68.68999654054642 -78.54691705852747 85
      vertex 68.72437911480665 -78.63648672401905 85
    endloop
  endfacet
  facet normal -0.9510565217981466 -0.30901697743847567 0
    outer loop
      vertex 68.68999654054642 -78.54691705852747 88.1
      vertex 68.6771160364151 -78.50727494060993 85
      vertex 68.68999654054642 -78.54691705852747 85
    endloop
  endfacet
  facet normal -0.9659258272096208 -0.2588190416669718 0
    outer loop
      vertex 68.6771160364151 -78.50727494060993 88.1
      vertex 68.42250815033913 -77.55706536024809 85
      vertex 68.6771160364151 -78.50727494060993 85
    endloop
  endfacet
  facet normal -0.9781475950189167 -0.20791171770419659 0
    outer loop
      vertex 68.42250815033913 -77.55706536024809 88.1
      vertex 68.41384196281433 -77.51629415899515 85
      vertex 68.42250815033913 -77.55706536024809 85
    endloop
  endfacet
  facet normal -0.9876883403085313 -0.15643446684979345 0
    outer loop
      vertex 68.41384196281433 -77.51629415899515 88.1
      vertex 68.25995276123285 -76.54467599093914 85
      vertex 68.41384196281433 -77.51629415899515 85
    endloop
  endfacet
  facet normal 0.987688340595137 0.1564344650402362 0
    outer loop
      vertex 73.77328194468484 -75.94424596888753 87.8
      vertex 73.84287269688133 -76.38362468597548 85
      vertex 73.77328194468484 -75.94424596888753 85
    endloop
  endfacet
  facet normal 0.9986295347545738 0.05233595624294646 0
    outer loop
      vertex 73.75 -75.5 87.8
      vertex 73.77328194468484 -75.94424596888753 85
      vertex 73.75 -75.5 85
    endloop
  endfacet
  facet normal 0.9986295347545738 -0.05233595624294646 0
    outer loop
      vertex 73.77328194468484 -75.05575403111247 87.8
      vertex 73.75 -75.5 85
      vertex 73.77328194468484 -75.05575403111247 85
    endloop
  endfacet
  facet normal 0.9659258262890673 0.2588190451025243 0
    outer loop
      vertex 73.84287269688133 -76.38362468597548 87.8
      vertex 73.9580098057456 -76.81332222609353 85
      vertex 73.84287269688133 -76.38362468597548 85
    endloop
  endfacet
  facet normal 0.987688340595137 -0.1564344650402362 0
    outer loop
      vertex 73.84287269688133 -74.61637531402452 87.8
      vertex 73.77328194468484 -75.05575403111247 85
      vertex 73.84287269688133 -74.61637531402452 85
    endloop
  endfacet
  facet normal 0.9659258262890673 -0.2588190451025243 0
    outer loop
      vertex 73.9580098057456 -74.18667777390647 87.8
      vertex 73.84287269688133 -74.61637531402452 85
      vertex 73.9580098057456 -74.18667777390647 85
    endloop
  endfacet
  facet normal 0.9335804264972004 -0.3583679495453039 0
    outer loop
      vertex 74.11743180501895 -73.77136926692785 87.8
      vertex 73.9580098057456 -74.18667777390647 85
      vertex 74.11743180501895 -73.77136926692785 85
    endloop
  endfacet
  facet normal 0.891006524188378 -0.453990499739527 0
    outer loop
      vertex 74.31939203391613 -73.375 87.8
      vertex 74.11743180501895 -73.77136926692785 85
      vertex 74.31939203391613 -73.375 85
    endloop
  endfacet
  facet normal 0.8386705679454243 -0.5446390350150268 0
    outer loop
      vertex 74.56167777390647 -73.00191267775699 87.8
      vertex 74.31939203391613 -73.375 85
      vertex 74.56167777390647 -73.00191267775699 85
    endloop
  endfacet
  facet normal 0.777145961456963 -0.629320391049847 0
    outer loop
      vertex 74.84163449172108 -72.65619492297485 87.8
      vertex 74.56167777390647 -73.00191267775699 85
      vertex 74.84163449172108 -72.65619492297485 85
    endloop
  endfacet
  facet normal 0.7071067811865475 -0.7071067811865475 0
    outer loop
      vertex 75.15619492297485 -72.34163449172108 87.8
      vertex 74.84163449172108 -72.65619492297485 85
      vertex 75.15619492297485 -72.34163449172108 85
    endloop
  endfacet
  facet normal 0.629320391049847 -0.777145961456963 0
    outer loop
      vertex 75.50191267775699 -72.06167777390647 87.8
      vertex 75.15619492297485 -72.34163449172108 85
      vertex 75.50191267775699 -72.06167777390647 85
    endloop
  endfacet
  facet normal 0.5446390350150268 -0.8386705679454243 0
    outer loop
      vertex 75.875 -71.81939203391613 87.8
      vertex 75.50191267775699 -72.06167777390647 85
      vertex 75.875 -71.81939203391613 85
    endloop
  endfacet
  facet normal 0.453990499739527 -0.891006524188378 0
    outer loop
      vertex 76.27136926692785 -71.61743180501895 87.8
      vertex 75.875 -71.81939203391613 85
      vertex 76.27136926692785 -71.61743180501895 85
    endloop
  endfacet
  facet normal 0.3583679495453039 -0.9335804264972004 0
    outer loop
      vertex 76.68667777390647 -71.4580098057456 87.8
      vertex 76.27136926692785 -71.61743180501895 85
      vertex 76.68667777390647 -71.4580098057456 85
    endloop
  endfacet
  facet normal 0.2588190451025243 -0.9659258262890673 0
    outer loop
      vertex 77.11637531402452 -71.34287269688133 87.8
      vertex 76.68667777390647 -71.4580098057456 85
      vertex 77.11637531402452 -71.34287269688133 85
    endloop
  endfacet
  facet normal 0.1564344650402362 -0.987688340595137 0
    outer loop
      vertex 77.55575403111247 -71.27328194468484 87.8
      vertex 77.11637531402452 -71.34287269688133 85
      vertex 77.55575403111247 -71.27328194468484 85
    endloop
  endfacet
  facet normal 0.05233595624294646 -0.9986295347545738 0
    outer loop
      vertex 78 -71.25 87.8
      vertex 77.55575403111247 -71.27328194468484 85
      vertex 78 -71.25 85
    endloop
  endfacet
  facet normal -0.05233595624294646 -0.9986295347545738 0
    outer loop
      vertex 78.44424596888753 -71.27328194468484 87.8
      vertex 78 -71.25 85
      vertex 78.44424596888753 -71.27328194468484 85
    endloop
  endfacet
  facet normal -0.1564344650402362 -0.987688340595137 0
    outer loop
      vertex 78.88362468597548 -71.34287269688133 87.8
      vertex 78.44424596888753 -71.27328194468484 85
      vertex 78.88362468597548 -71.34287269688133 85
    endloop
  endfacet
  facet normal -0.994521906997554 -0.10452835262237818 0
    outer loop
      vertex 68.25995276123285 -76.54467599093914 88.1
      vertex 68.25559581071138 -76.50322233140469 85
      vertex 68.25995276123285 -76.54467599093914 85
    endloop
  endfacet
  facet normal -0.9986295350174192 -0.05233595122755594 0
    outer loop
      vertex 68.25559581071138 -76.50322233140469 88.1
      vertex 68.20411139726639 -75.52084110677242 85
      vertex 68.25559581071138 -76.50322233140469 85
    endloop
  endfacet
  facet normal -1 0 0
    outer loop
      vertex 68.20411139726639 -75.52084110677242 88.1
      vertex 68.20411139726639 -75.47915887087584 85
      vertex 68.20411139726639 -75.52084110677242 85
    endloop
  endfacet
  facet normal -0.9986295353319616 0.05233594522572854 0
    outer loop
      vertex 68.20411139726639 -75.47915887087584 88.1
      vertex 68.25559579581022 -74.49677781760693 85
      vertex 68.20411139726639 -75.47915887087584 85
    endloop
  endfacet
  facet normal -0.9945218853458931 0.10452855862418647 0
    outer loop
      vertex 68.25559579581022 -74.49677781760693 88.1
      vertex 68.25995279103518 -74.45532381534576 85
      vertex 68.25559579581022 -74.49677781760693 85
    endloop
  endfacet
  facet normal -0.9876883399269542 0.15643446925897514 0
    outer loop
      vertex 68.25995279103518 -74.45532381534576 88.1
      vertex 68.41384197026491 -73.48370580375195 85
      vertex 68.25995279103518 -74.45532381534576 85
    endloop
  endfacet
  facet normal -0.9781476059079749 0.20791166647520556 0
    outer loop
      vertex 68.41384197026491 -73.48370580375195 88.1
      vertex 68.42250814288855 -73.44293466210365 85
      vertex 68.41384197026491 -73.48370580375195 85
    endloop
  endfacet
  facet normal -0.9659258272460467 0.25881904153102836 0
    outer loop
      vertex 68.42250814288855 -73.44293466210365 88.1
      vertex 68.67711605876684 -72.4927249699831 85
      vertex 68.42250814288855 -73.44293466210365 85
    endloop
  endfacet
  facet normal -0.9510565073812202 0.3090170218092126 0
    outer loop
      vertex 68.67711605876684 -72.4927249699831 88.1
      vertex 68.689996547997 -72.45308290421963 85
      vertex 68.67711605876684 -72.4927249699831 85
    endloop
  endfacet
  facet normal -0.9335804263899657 0.3583679498246596 0
    outer loop
      vertex 68.689996547997 -72.45308290421963 88.1
      vertex 69.04253367334604 -71.53469229489565 85
      vertex 68.689996547997 -72.45308290421963 85
    endloop
  endfacet
  facet normal -0.9135454784040611 0.40673659644479404 0
    outer loop
      vertex 69.04253367334604 -71.53469229489565 88.1
      vertex 69.05948724597692 -71.4966139420867 85
      vertex 69.04253367334604 -71.53469229489565 85
    endloop
  endfacet
  facet normal -0.8910065239339101 0.4539905002389483 0
    outer loop
      vertex 69.05948724597692 -71.4966139420867 88.1
      vertex 69.50609109550714 -70.62010453641415 85
      vertex 69.05948724597692 -71.4966139420867 85
    endloop
  endfacet
  facet normal -0.8660253823142725 0.5000000371874168 0
    outer loop
      vertex 69.50609109550714 -70.62010453641415 88.1
      vertex 69.52693208307028 -70.58400689065456 85
      vertex 69.50609109550714 -70.62010453641415 85
    endloop
  endfacet
  facet normal -0.8386705706109828 0.5446390309104264 0
    outer loop
      vertex 69.52693208307028 -70.58400689065456 88.1
      vertex 70.06270964443684 -69.7589817866683 85
      vertex 69.52693208307028 -70.58400689065456 85
    endloop
  endfacet
  facet normal -0.809016951006471 0.5877853119840554 0
    outer loop
      vertex 70.06270964443684 -69.7589817866683 88.1
      vertex 70.08720956742764 -69.72526054084301 85
      vertex 70.06270964443684 -69.7589817866683 85
    endloop
  endfacet
  facet normal -0.7771459649356746 0.6293203867539962 0
    outer loop
      vertex 70.08720956742764 -69.72526054084301 88.1
      vertex 70.70629071444273 -68.9607589840889 85
      vertex 70.08720956742764 -69.72526054084301 85
    endloop
  endfacet
  facet normal -0.7431447916140289 0.6691306439679336 0
    outer loop
      vertex 70.70629071444273 -68.9607589840889 88.1
      vertex 70.73418152332306 -68.92978310585022 85
      vertex 70.70629071444273 -68.9607589840889 85
    endloop
  endfacet
  facet normal -0.7071067811865476 0.7071067811865476 0
    outer loop
      vertex 70.73418152332306 -68.92978310585022 88.1
      vertex 71.4297831878066 -68.23418144136667 85
      vertex 70.73418152332306 -68.92978310585022 85
    endloop
  endfacet
  facet normal -0.6691306148717219 0.7431448178123772 0
    outer loop
      vertex 71.4297831878066 -68.23418144136667 88.1
      vertex 71.46075896918774 -68.20629072189331 85
      vertex 71.4297831878066 -68.23418144136667 85
    endloop
  endfacet
  facet normal -0.629320388941731 0.7771459631640818 0
    outer loop
      vertex 71.46075896918774 -68.20629072189331 88.1
      vertex 72.2252604663372 -67.5872096195817 85
      vertex 71.46075896918774 -68.20629072189331 85
    endloop
  endfacet
  facet normal -0.5877852809311274 0.8090169735677465 0
    outer loop
      vertex 72.2252604663372 -67.5872096195817 88.1
      vertex 72.2589817866683 -67.56270964443684 85
      vertex 72.2252604663372 -67.5872096195817 85
    endloop
  endfacet
  facet normal -0.5446390309104264 0.8386705706109828 0
    outer loop
      vertex 72.2589817866683 -67.56270964443684 88.1
      vertex 73.08400689065456 -67.02693208307028 85
      vertex 72.2589817866683 -67.56270964443684 85
    endloop
  endfacet
  facet normal -0.5000000371874168 0.8660253823142725 0
    outer loop
      vertex 73.08400689065456 -67.02693208307028 88.1
      vertex 73.12010453641415 -67.00609109550714 85
      vertex 73.08400689065456 -67.02693208307028 85
    endloop
  endfacet
  facet normal -0.45399049694617966 0.8910065256116595 0
    outer loop
      vertex 73.12010453641415 -67.00609109550714 88.1
      vertex 73.9966139793396 -66.55948723107576 85
      vertex 73.12010453641415 -67.00609109550714 85
    endloop
  endfacet
  facet normal -0.40673659644479404 0.9135454784040611 0
    outer loop
      vertex 73.9966139793396 -66.55948723107576 88.1
      vertex 74.03469233214855 -66.54253365844488 85
      vertex 73.9966139793396 -66.55948723107576 85
    endloop
  endfacet
  facet normal -0.3583679532947957 0.9335804250579053 0
    outer loop
      vertex 74.03469233214855 -66.54253365844488 88.1
      vertex 74.95308281481266 -66.18999657779932 85
      vertex 74.03469233214855 -66.54253365844488 85
    endloop
  endfacet
  facet normal -0.3090170019239249 0.9510565138423422 0
    outer loop
      vertex 74.95308281481266 -66.18999657779932 88.1
      vertex 74.99272506684065 -66.17711602896452 85
      vertex 74.95308281481266 -66.18999657779932 85
    endloop
  endfacet
  facet normal -0.2588190402808679 0.9659258275810262 0
    outer loop
      vertex 74.99272506684065 -66.17711602896452 88.1
      vertex 75.94293462485075 -65.92250815033913 85
      vertex 74.99272506684065 -66.17711602896452 85
    endloop
  endfacet
  facet normal -0.20791171770419659 0.9781475950189167 0
    outer loop
      vertex 75.94293462485075 -65.92250815033913 88.1
      vertex 75.98370582610369 -65.91384196281433 85
      vertex 75.94293462485075 -65.92250815033913 85
    endloop
  endfacet
  facet normal -0.15643446684979345 0.9876883403085313 0
    outer loop
      vertex 75.98370582610369 -65.91384196281433 88.1
      vertex 76.9553239941597 -65.75995276123285 85
      vertex 75.98370582610369 -65.91384196281433 85
    endloop
  endfacet
  facet normal -0.10452837120427874 0.9945219050445196 0
    outer loop
      vertex 76.9553239941597 -65.75995276123285 88.1
      vertex 76.99677764624357 -65.75559581071138 85
      vertex 76.9553239941597 -65.75995276123285 85
    endloop
  endfacet
  facet normal -0.05233595043587718 0.9986295350589092 0
    outer loop
      vertex 76.99677764624357 -65.75559581071138 88.1
      vertex 77.979158885777 -65.70411139726639 85
      vertex 76.99677764624357 -65.75559581071138 85
    endloop
  endfacet
  facet normal 0 1 0
    outer loop
      vertex 77.979158885777 -65.70411139726639 88.1
      vertex 78.020841114223 -65.70411139726639 85
      vertex 77.979158885777 -65.70411139726639 85
    endloop
  endfacet
  facet normal 0.05233594522572854 0.9986295353319616 0
    outer loop
      vertex 78.020841114223 -65.70411139726639 88.1
      vertex 79.00322216749191 -65.75559579581022 85
      vertex 78.020841114223 -65.70411139726639 85
    endloop
  endfacet
  facet normal -0.2588190451025243 0.9659258262890673 0
    outer loop
      vertex 78.88362468597548 -79.65712730311867 87.8
      vertex 79.31332222609353 -79.5419901942544 85
      vertex 78.88362468597548 -79.65712730311867 85
    endloop
  endfacet
  facet normal -0.3583679495453039 0.9335804264972004 0
    outer loop
      vertex 79.31332222609353 -79.5419901942544 87.8
      vertex 79.72863073307215 -79.38256819498105 85
      vertex 79.31332222609353 -79.5419901942544 85
    endloop
  endfacet
  facet normal -0.453990499739527 0.891006524188378 0
    outer loop
      vertex 79.72863073307215 -79.38256819498105 87.8
      vertex 80.125 -79.18060796608387 85
      vertex 79.72863073307215 -79.38256819498105 85
    endloop
  endfacet
  facet normal -0.5446390350150268 0.8386705679454243 0
    outer loop
      vertex 80.125 -79.18060796608387 87.8
      vertex 80.49808732224301 -78.93832222609353 85
      vertex 80.125 -79.18060796608387 85
    endloop
  endfacet
  facet normal -0.629320391049847 0.777145961456963 0
    outer loop
      vertex 80.49808732224301 -78.93832222609353 87.8
      vertex 80.84380507702515 -78.65836550827892 85
      vertex 80.49808732224301 -78.93832222609353 85
    endloop
  endfacet
  facet normal -0.7071067811865475 0.7071067811865475 0
    outer loop
      vertex 80.84380507702515 -78.65836550827892 87.8
      vertex 81.15836550827892 -78.34380507702515 85
      vertex 80.84380507702515 -78.65836550827892 85
    endloop
  endfacet
  facet normal -0.777145961456963 0.629320391049847 0
    outer loop
      vertex 81.15836550827892 -78.34380507702515 87.8
      vertex 81.43832222609353 -77.99808732224301 85
      vertex 81.15836550827892 -78.34380507702515 85
    endloop
  endfacet
  facet normal -0.8386705679454243 0.5446390350150268 0
    outer loop
      vertex 81.43832222609353 -77.99808732224301 87.8
      vertex 81.68060796608387 -77.625 85
      vertex 81.43832222609353 -77.99808732224301 85
    endloop
  endfacet
  facet normal -0.891006524188378 0.453990499739527 0
    outer loop
      vertex 81.68060796608387 -77.625 87.8
      vertex 81.88256819498105 -77.22863073307215 85
      vertex 81.68060796608387 -77.625 85
    endloop
  endfacet
  facet normal -0.9335804264972004 0.3583679495453039 0
    outer loop
      vertex 81.88256819498105 -77.22863073307215 87.8
      vertex 82.0419901942544 -76.81332222609353 85
      vertex 81.88256819498105 -77.22863073307215 85
    endloop
  endfacet
  facet normal -0.9659258262890673 0.2588190451025243 0
    outer loop
      vertex 82.0419901942544 -76.81332222609353 87.8
      vertex 82.15712730311867 -76.38362468597548 85
      vertex 82.0419901942544 -76.81332222609353 85
    endloop
  endfacet
  facet normal -0.2588190451025243 -0.9659258262890673 0
    outer loop
      vertex 79.31332222609353 -71.4580098057456 87.8
      vertex 78.88362468597548 -71.34287269688133 85
      vertex 79.31332222609353 -71.4580098057456 85
    endloop
  endfacet
  facet normal -0.3583679495453039 -0.9335804264972004 0
    outer loop
      vertex 79.72863073307215 -71.61743180501895 87.8
      vertex 79.31332222609353 -71.4580098057456 85
      vertex 79.72863073307215 -71.61743180501895 85
    endloop
  endfacet
  facet normal -0.453990499739527 -0.891006524188378 0
    outer loop
      vertex 80.125 -71.81939203391613 87.8
      vertex 79.72863073307215 -71.61743180501895 85
      vertex 80.125 -71.81939203391613 85
    endloop
  endfacet
  facet normal -0.7071067811865475 -0.7071067811865475 0
    outer loop
      vertex 81.15836550827892 -72.65619492297485 87.8
      vertex 80.84380507702515 -72.34163449172108 85
      vertex 81.15836550827892 -72.65619492297485 85
    endloop
  endfacet
  facet normal -0.777145961456963 -0.629320391049847 0
    outer loop
      vertex 81.43832222609353 -73.00191267775699 87.8
      vertex 81.15836550827892 -72.65619492297485 85
      vertex 81.43832222609353 -73.00191267775699 85
    endloop
  endfacet
  facet normal -0.5446390350150268 -0.8386705679454243 0
    outer loop
      vertex 80.49808732224301 -72.06167777390647 87.8
      vertex 80.125 -71.81939203391613 85
      vertex 80.49808732224301 -72.06167777390647 85
    endloop
  endfacet
  facet normal -0.629320391049847 -0.777145961456963 0
    outer loop
      vertex 80.84380507702515 -72.34163449172108 87.8
      vertex 80.49808732224301 -72.06167777390647 85
      vertex 80.84380507702515 -72.34163449172108 85
    endloop
  endfacet
  facet normal -0.987688340595137 0.1564344650402362 0
    outer loop
      vertex 82.15712730311867 -76.38362468597548 87.8
      vertex 82.22671805531516 -75.94424596888753 85
      vertex 82.15712730311867 -76.38362468597548 85
    endloop
  endfacet
  facet normal -0.9986295347545738 0.05233595624294646 0
    outer loop
      vertex 82.22671805531516 -75.94424596888753 87.8
      vertex 82.25 -75.5 85
      vertex 82.22671805531516 -75.94424596888753 85
    endloop
  endfacet
  facet normal -0.9986295347545738 -0.05233595624294646 0
    outer loop
      vertex 82.25 -75.5 87.8
      vertex 82.22671805531516 -75.05575403111247 85
      vertex 82.25 -75.5 85
    endloop
  endfacet
  facet normal -0.987688340595137 -0.1564344650402362 0
    outer loop
      vertex 82.22671805531516 -75.05575403111247 87.8
      vertex 82.15712730311867 -74.61637531402452 85
      vertex 82.22671805531516 -75.05575403111247 85
    endloop
  endfacet
  facet normal -0.9659258262890673 -0.2588190451025243 0
    outer loop
      vertex 82.15712730311867 -74.61637531402452 87.8
      vertex 82.0419901942544 -74.18667777390647 85
      vertex 82.15712730311867 -74.61637531402452 85
    endloop
  endfacet
  facet normal -0.9335804264972004 -0.3583679495453039 0
    outer loop
      vertex 82.0419901942544 -74.18667777390647 87.8
      vertex 81.88256819498105 -73.77136926692785 85
      vertex 82.0419901942544 -74.18667777390647 85
    endloop
  endfacet
  facet normal -0.891006524188378 -0.453990499739527 0
    outer loop
      vertex 81.88256819498105 -73.77136926692785 87.8
      vertex 81.68060796608387 -73.375 85
      vertex 81.88256819498105 -73.77136926692785 85
    endloop
  endfacet
  facet normal -0.8386705679454243 -0.5446390350150268 0
    outer loop
      vertex 81.68060796608387 -73.375 87.8
      vertex 81.43832222609353 -73.00191267775699 85
      vertex 81.68060796608387 -73.375 85
    endloop
  endfacet
  facet normal 0.10452855862418647 0.9945218853458931 0
    outer loop
      vertex 79.00322216749191 -65.75559579581022 88.1
      vertex 79.04467616975307 -65.75995279103518 85
      vertex 79.00322216749191 -65.75559579581022 85
    endloop
  endfacet
  facet normal 0.15643446925897514 0.9876883399269542 0
    outer loop
      vertex 79.04467616975307 -65.75995279103518 88.1
      vertex 80.0162941813469 -65.91384197026491 85
      vertex 79.04467616975307 -65.75995279103518 85
    endloop
  endfacet
  facet normal 0.20791166647520556 0.9781476059079749 0
    outer loop
      vertex 80.0162941813469 -65.91384197026491 88.1
      vertex 80.05706532299519 -65.92250814288855 85
      vertex 80.0162941813469 -65.91384197026491 85
    endloop
  endfacet
  facet normal 0.25881904240978293 0.9659258270105853 0
    outer loop
      vertex 80.05706532299519 -65.92250814288855 88.1
      vertex 81.0072750672698 -66.177116073668 85
      vertex 80.05706532299519 -65.92250814288855 85
    endloop
  endfacet
  facet normal 0.3090169447909515 0.9510565324059691 0
    outer loop
      vertex 81.0072750672698 -66.177116073668 88.1
      vertex 81.0469170063734 -66.18999651819468 85
      vertex 81.0072750672698 -66.177116073668 85
    endloop
  endfacet
  facet normal 0.35836799530616414 0.9335804089312506 0
    outer loop
      vertex 81.0469170063734 -66.18999651819468 88.1
      vertex 81.13648664206266 -66.22437908500433 85
      vertex 81.0469170063734 -66.18999651819468 85
    endloop
  endfacet
  facet normal 0.33380684778386666 0.9426414951468022 0
    outer loop
      vertex 81.13648664206266 -66.22437908500433 88.1
      vertex 81.2450587823987 -66.26282649487257 85
      vertex 81.13648664206266 -66.22437908500433 85
    endloop
  endfacet
  facet normal 0.3090169921374998 0.9510565170221444 0
    outer loop
      vertex 81.2450587823987 -66.26282649487257 88.1
      vertex 81.54370549321175 -66.35986269265413 85
      vertex 81.2450587823987 -66.26282649487257 85
    endloop
  endfacet
  facet normal 0.2588190348095959 0.9659258290470492 0
    outer loop
      vertex 81.54370549321175 -66.35986269265413 88.1
      vertex 81.76613716036081 -66.41946307569742 85
      vertex 81.54370549321175 -66.35986269265413 85
    endloop
  endfacet
  facet normal 0.20791166994030516 0.9781476051714453 0
    outer loop
      vertex 81.76613716036081 -66.41946307569742 88.1
      vertex 82.07329094409943 -66.4847506210208 85
      vertex 81.76613716036081 -66.41946307569742 85
    endloop
  endfacet
  facet normal 0.15643446280779136 0.9876883409487213 0
    outer loop
      vertex 82.07329094409943 -66.4847506210208 88.1
      vertex 82.3007339835167 -66.52077405899763 85
      vertex 82.07329094409943 -66.4847506210208 85
    endloop
  endfacet
  facet normal 0.10452847116952207 0.9945218945377534 0
    outer loop
      vertex 82.3007339835167 -66.52077405899763 88.1
      vertex 82.61302950978279 -66.55359764397144 85
      vertex 82.3007339835167 -66.52077405899763 85
    endloop
  endfacet
  facet normal 0.052335978685751045 0.9986295335783959 0
    outer loop
      vertex 82.61302950978279 -66.55359764397144 88.1
      vertex 82.84299213439226 -66.56564947962761 85
      vertex 82.61302950978279 -66.55359764397144 85
    endloop
  endfacet
  facet normal 0 1 0
    outer loop
      vertex 82.84299213439226 -66.56564947962761 88.1
      vertex 83.15700788795948 -66.56564947962761 85
      vertex 82.84299213439226 -66.56564947962761 85
    endloop
  endfacet
  facet normal -0.05233597530376362 0.9986295337556385 0
    outer loop
      vertex 83.15700788795948 -66.56564947962761 88.1
      vertex 83.38697052747011 -66.55359764397144 85
      vertex 83.15700788795948 -66.56564947962761 85
    endloop
  endfacet
  facet normal -0.10452847116952207 0.9945218945377534 0
    outer loop
      vertex 83.38697052747011 -66.55359764397144 88.1
      vertex 83.69926605373621 -66.52077405899763 85
      vertex 83.38697052747011 -66.55359764397144 85
    endloop
  endfacet
  facet normal -0.15643448594102635 0.9876883372847768 0
    outer loop
      vertex 83.69926605373621 -66.52077405899763 88.1
      vertex 83.92670915275812 -66.48475060611963 85
      vertex 83.69926605373621 -66.52077405899763 85
    endloop
  endfacet
  facet normal -0.2079116988919482 0.9781475990175837 0
    outer loop
      vertex 83.92670915275812 -66.48475060611963 88.1
      vertex 84.23386289179325 -66.41946306079626 85
      vertex 83.92670915275812 -66.48475060611963 85
    endloop
  endfacet
  facet normal -0.2588190348095959 0.9659258290470492 0
    outer loop
      vertex 84.23386289179325 -66.41946306079626 88.1
      vertex 84.45629455894232 -66.35986267775297 85
      vertex 84.23386289179325 -66.41946306079626 85
    endloop
  endfacet
  facet normal -0.3090170141402644 0.9510565098730126 0
    outer loop
      vertex 84.45629455894232 -66.35986267775297 88.1
      vertex 84.7549412921071 -66.26282646507025 85
      vertex 84.45629455894232 -66.35986267775297 85
    endloop
  endfacet
  facet normal -0.35836796286708494 0.9335804213834477 0
    outer loop
      vertex 84.7549412921071 -66.26282646507025 88.1
      vertex 84.9699244722724 -66.1803021505475 85
      vertex 84.7549412921071 -66.26282646507025 85
    endloop
  endfacet
  facet normal -0.4067366393666262 0.9135454592940315 0
    outer loop
      vertex 84.9699244722724 -66.1803021505475 88.1
      vertex 85.25679212063551 -66.05258044600487 85
      vertex 84.9699244722724 -66.1803021505475 85
    endloop
  endfacet
  facet normal -0.45399049715109746 0.8910065255072487 0
    outer loop
      vertex 85.25679212063551 -66.05258044600487 88.1
      vertex 85.4619715064764 -65.9480363279581 85
      vertex 85.25679212063551 -66.05258044600487 85
    endloop
  endfacet
  facet normal -0.5000000159888526 0.8660253945532701 0
    outer loop
      vertex 85.4619715064764 -65.9480363279581 88.1
      vertex 85.73391714692116 -65.79102843254805 85
      vertex 85.4619715064764 -65.9480363279581 85
    endloop
  endfacet
  facet normal -0.5446390386215869 0.8386705656032967 0
    outer loop
      vertex 85.73391714692116 -65.79102843254805 88.1
      vertex 85.92704467475414 -65.66560994833708 85
      vertex 85.73391714692116 -65.79102843254805 85
    endloop
  endfacet
  facet normal -0.587785252856657 0.8090169939650439 0
    outer loop
      vertex 85.92704467475414 -65.66560994833708 88.1
      vertex 86.18108874559402 -65.48103612661362 85
      vertex 85.92704467475414 -65.66560994833708 85
    endloop
  endfacet
  facet normal -0.6293203848137808 0.77714596650683 0
    outer loop
      vertex 86.18108874559402 -65.48103612661362 88.1
      vertex 86.36004852503538 -65.33611735701561 85
      vertex 86.18108874559402 -65.48103612661362 85
    endloop
  endfacet
  facet normal -0.6691306175386421 0.7431448154110712 0
    outer loop
      vertex 86.36004852503538 -65.33611735701561 88.1
      vertex 86.59340770542622 -65.12599980086088 85
      vertex 86.36004852503538 -65.33611735701561 85
    endloop
  endfacet
  facet normal -0.7071067811865475 0.7071067811865475 0
    outer loop
      vertex 86.59340770542622 -65.12599980086088 88.1
      vertex 86.75623895227909 -64.963168554008 85
      vertex 86.59340770542622 -65.12599980086088 85
    endloop
  endfacet
  facet normal -0.7431448177612162 0.669130614928542 0
    outer loop
      vertex 86.75623895227909 -64.963168554008 88.1
      vertex 86.96635649353266 -64.72980938851833 85
      vertex 86.75623895227909 -64.963168554008 85
    endloop
  endfacet
  facet normal -0.7771459604869388 0.6293203922477272 0
    outer loop
      vertex 86.96635649353266 -64.72980938851833 88.1
      vertex 87.11127527803183 -64.55084959417582 85
      vertex 86.96635649353266 -64.72980938851833 85
    endloop
  endfacet
  facet normal -0.8090169939650439 0.587785252856657 0
    outer loop
      vertex 87.11127527803183 -64.55084959417582 88.1
      vertex 87.29584909975529 -64.29680552333593 85
      vertex 87.11127527803183 -64.55084959417582 85
    endloop
  endfacet
  facet normal -0.838670568489005 0.5446390341779859 0
    outer loop
      vertex 87.29584909975529 -64.29680552333593 88.1
      vertex 87.42126762121916 -64.1036779358983 85
      vertex 87.29584909975529 -64.29680552333593 85
    endloop
  endfacet
  facet normal -0.8660254119224733 0.4999999859045104 0
    outer loop
      vertex 87.42126762121916 -64.1036779358983 88.1
      vertex 87.5782754868269 -63.83173232525587 85
      vertex 87.42126762121916 -64.1036779358983 85
    endloop
  endfacet
  facet normal -0.8910065316771233 0.45399048504203626 0
    outer loop
      vertex 87.5782754868269 -63.83173232525587 88.1
      vertex 87.6828195899725 -63.62655296176672 85
      vertex 87.5782754868269 -63.83173232525587 85
    endloop
  endfacet
  facet normal -0.9135454592940315 0.4067366393666262 0
    outer loop
      vertex 87.6828195899725 -63.62655296176672 88.1
      vertex 87.81054129451513 -63.339685313403606 85
      vertex 87.6828195899725 -63.62655296176672 85
    endloop
  endfacet
  facet normal -0.9335804246653443 0.358367954317452 0
    outer loop
      vertex 87.81054129451513 -63.339685313403606 88.1
      vertex 87.89306562393904 -63.12470208853483 85
      vertex 87.81054129451513 -63.339685313403606 85
    endloop
  endfacet
  facet normal -0.9510565170221444 0.3090169921374998 0
    outer loop
      vertex 87.89306562393904 -63.12470208853483 88.1
      vertex 87.9901018217206 -62.82605537772179 85
      vertex 87.89306562393904 -63.12470208853483 85
    endloop
  endfacet
  facet normal -0.9659258290470492 0.2588190348095959 0
    outer loop
      vertex 87.9901018217206 -62.82605537772179 88.1
      vertex 88.04970220476389 -62.60362371057272 85
      vertex 87.9901018217206 -62.82605537772179 85
    endloop
  endfacet
  facet normal -0.9781476051714453 0.20791166994030516 0
    outer loop
      vertex 88.04970220476389 -62.60362371057272 88.1
      vertex 88.11498975008726 -62.296469926834106 85
      vertex 88.04970220476389 -62.60362371057272 85
    endloop
  endfacet
  facet normal -0.9876883409487213 0.15643446280779136 0
    outer loop
      vertex 88.11498975008726 -62.296469926834106 88.1
      vertex 88.1510131880641 -62.06902688741684 85
      vertex 88.11498975008726 -62.296469926834106 85
    endloop
  endfacet
  facet normal -0.9945218945377534 0.10452847116952207 0
    outer loop
      vertex 88.1510131880641 -62.06902688741684 88.1
      vertex 88.18383677303791 -61.75673136115074 85
      vertex 88.1510131880641 -62.06902688741684 85
    endloop
  endfacet
  facet normal -0.9978589228097784 0.06540313577275131 0
    outer loop
      vertex 88.18383677303791 -61.75673136115074 88.1
      vertex 88.19513472169638 -61.58435799181461 85
      vertex 88.18383677303791 -61.75673136115074 85
    endloop
  endfacet
  facet normal -0.9996573251385337 0.02617694208405647 0
    outer loop
      vertex 88.19513472169638 -61.58435799181461 88.1
      vertex 88.19924611598253 -61.427350141108036 85
      vertex 88.19513472169638 -61.58435799181461 85
    endloop
  endfacet
  facet normal -0.9999143270843383 0.013089632977087236 0
    outer loop
      vertex 88.19924611598253 -61.427350141108036 88.1
      vertex 88.20000000298023 -61.36976087093353 85
      vertex 88.19924611598253 -61.427350141108036 85
    endloop
  endfacet
  facet normal -0.026176976785963785 0.9996573242298319 0
    outer loop
      vertex 63.86976087093353 -85.70000000298023 88.1
      vertex 63.98489996045828 -85.69698497653008 88.1
      vertex 63.98489996045828 -85.69698497653008 85
    endloop
  endfacet
  facet normal -0.05233594924714904 0.9986295351212079 0
    outer loop
      vertex 63.98489996045828 -85.69698497653008 88.1
      vertex 64.29848535358906 -85.68055066466331 88.1
      vertex 64.29848535358906 -85.68055066466331 85
    endloop
  endfacet
  facet normal -0.10452845591539826 0.9945218961410265 0
    outer loop
      vertex 64.29848535358906 -85.68055066466331 88.1
      vertex 64.52750209718943 -85.65648003667593 88.1
      vertex 64.52750209718943 -85.65648003667593 85
    endloop
  endfacet
  facet normal -0.15643447077382908 0.9876883396870251 0
    outer loop
      vertex 64.52750209718943 -85.65648003667593 88.1
      vertex 64.83765177428722 -85.60735715180635 88.1
      vertex 64.83765177428722 -85.60735715180635 85
    endloop
  endfacet
  facet normal -0.20791169705769463 0.9781475994074664 0
    outer loop
      vertex 64.83765177428722 -85.60735715180635 88.1
      vertex 65.06289786100388 -85.5594796165824 88.1
      vertex 65.06289786100388 -85.5594796165824 85
    endloop
  endfacet
  facet normal -0.25881905464550803 0.9659258237320325 0
    outer loop
      vertex 65.06289786100388 -85.5594796165824 88.1
      vertex 65.36621377617121 -85.47820635885 88.1
      vertex 65.36621377617121 -85.47820635885 85
    endloop
  endfacet
  facet normal -0.30901700403425203 0.9510565131566553 0
    outer loop
      vertex 65.36621377617121 -85.47820635885 88.1
      vertex 65.58522135019302 -85.40704648196697 88.1
      vertex 65.58522135019302 -85.40704648196697 85
    endloop
  endfacet
  facet normal -0.358367950842512 0.9335804259992488 0
    outer loop
      vertex 65.58522135019302 -85.40704648196697 88.1
      vertex 65.87838029116392 -85.2945133075118 88.1
      vertex 65.87838029116392 -85.2945133075118 85
    endloop
  endfacet
  facet normal -0.40673665900909506 0.9135454505486409 0
    outer loop
      vertex 65.87838029116392 -85.2945133075118 88.1
      vertex 66.08874988555908 -85.20085072517395 88.1
      vertex 66.08874988555908 -85.20085072517395 85
    endloop
  endfacet
  facet normal -0.45399049624595805 0.8910065259684403 0
    outer loop
      vertex 66.08874988555908 -85.20085072517395 88.1
      vertex 66.36853995919228 -85.05829056352377 88.1
      vertex 66.36853995919228 -85.05829056352377 85
    endloop
  endfacet
  facet normal -0.4999999778828949 0.8660254165537549 0
    outer loop
      vertex 66.36853995919228 -85.05829056352377 88.1
      vertex 66.56796673685312 -84.94315146654844 88.1
      vertex 66.56796673685312 -84.94315146654844 85
    endloop
  endfacet
  facet normal -0.5446390293369446 0.8386705716328138 0
    outer loop
      vertex 66.56796673685312 -84.94315146654844 88.1
      vertex 66.83132249116898 -84.77212624251842 88.1
      vertex 66.83132249116898 -84.77212624251842 85
    endloop
  endfacet
  facet normal -0.5877852445525733 0.8090169999983138 0
    outer loop
      vertex 66.83132249116898 -84.77212624251842 88.1
      vertex 67.01762149482965 -84.63677209615707 88.1
      vertex 67.01762149482965 -84.63677209615707 85
    endloop
  endfacet
  facet normal -0.629320395483342 0.7771459578667896 0
    outer loop
      vertex 67.01762149482965 -84.63677209615707 88.1
      vertex 67.26165755838156 -84.43915558606386 88.1
      vertex 67.26165755838156 -84.43915558606386 85
    endloop
  endfacet
  facet normal -0.6691306283975405 0.7431448056336751 0
    outer loop
      vertex 67.26165755838156 -84.43915558606386 88.1
      vertex 67.43278760463 -84.2850693911314 88.1
      vertex 67.43278760463 -84.2850693911314 85
    endloop
  endfacet
  facet normal 0.8386705679454243 0.5446390350150268 0
    outer loop
      vertex 74.31939203391613 -77.625 87.8
      vertex 74.56167777390647 -77.99808732224301 87.8
      vertex 74.56167777390647 -77.99808732224301 85
    endloop
  endfacet
  facet normal 0.891006524188378 0.453990499739527 0
    outer loop
      vertex 74.31939203391613 -77.625 87.8
      vertex 74.31939203391613 -77.625 85
      vertex 74.11743180501895 -77.22863073307215 87.8
    endloop
  endfacet
  facet normal 0.9335804264972004 0.3583679495453039 0
    outer loop
      vertex 74.11743180501895 -77.22863073307215 87.8
      vertex 74.11743180501895 -77.22863073307215 85
      vertex 73.9580098057456 -76.81332222609353 87.8
    endloop
  endfacet
  facet normal 0.9659258262890673 0.2588190451025243 0
    outer loop
      vertex 73.9580098057456 -76.81332222609353 87.8
      vertex 73.9580098057456 -76.81332222609353 85
      vertex 73.84287269688133 -76.38362468597548 87.8
    endloop
  endfacet
  facet normal 0.777145961456963 0.629320391049847 0
    outer loop
      vertex 74.84163449172108 -78.34380507702515 87.8
      vertex 74.84163449172108 -78.34380507702515 85
      vertex 74.56167777390647 -77.99808732224301 87.8
    endloop
  endfacet
  facet normal 0.7071067811865475 0.7071067811865475 0
    outer loop
      vertex 74.84163449172108 -78.34380507702515 87.8
      vertex 75.15619492297485 -78.65836550827892 87.8
      vertex 75.15619492297485 -78.65836550827892 85
    endloop
  endfacet
  facet normal 0.629320391049847 0.777145961456963 0
    outer loop
      vertex 75.15619492297485 -78.65836550827892 87.8
      vertex 75.50191267775699 -78.93832222609353 87.8
      vertex 75.50191267775699 -78.93832222609353 85
    endloop
  endfacet
  facet normal 0.5446390350150268 0.8386705679454243 0
    outer loop
      vertex 75.50191267775699 -78.93832222609353 87.8
      vertex 75.875 -79.18060796608387 87.8
      vertex 75.875 -79.18060796608387 85
    endloop
  endfacet
  facet normal 0.453990499739527 0.891006524188378 0
    outer loop
      vertex 75.875 -79.18060796608387 87.8
      vertex 76.27136926692785 -79.38256819498105 87.8
      vertex 76.27136926692785 -79.38256819498105 85
    endloop
  endfacet
  facet normal 0.3583679495453039 0.9335804264972004 0
    outer loop
      vertex 76.27136926692785 -79.38256819498105 87.8
      vertex 76.68667777390647 -79.5419901942544 87.8
      vertex 76.68667777390647 -79.5419901942544 85
    endloop
  endfacet
  facet normal 0.2588190451025243 0.9659258262890673 0
    outer loop
      vertex 76.68667777390647 -79.5419901942544 87.8
      vertex 77.11637531402452 -79.65712730311867 87.8
      vertex 77.11637531402452 -79.65712730311867 85
    endloop
  endfacet
  facet normal 0.1564344650402362 0.987688340595137 0
    outer loop
      vertex 77.11637531402452 -79.65712730311867 87.8
      vertex 77.55575403111247 -79.72671805531516 87.8
      vertex 77.55575403111247 -79.72671805531516 85
    endloop
  endfacet
  facet normal 0.05233595624294646 0.9986295347545738 0
    outer loop
      vertex 77.55575403111247 -79.72671805531516 87.8
      vertex 78 -79.75 87.8
      vertex 78 -79.75 85
    endloop
  endfacet
  facet normal -0.05233595624294646 0.9986295347545738 0
    outer loop
      vertex 78 -79.75 87.8
      vertex 78.44424596888753 -79.72671805531516 87.8
      vertex 78.44424596888753 -79.72671805531516 85
    endloop
  endfacet
  facet normal -0.1564344650402362 0.987688340595137 0
    outer loop
      vertex 78.44424596888753 -79.72671805531516 87.8
      vertex 78.88362468597548 -79.65712730311867 87.8
      vertex 78.88362468597548 -79.65712730311867 85
    endloop
  endfacet
  facet normal 0.987688340595137 0.1564344650402362 0
    outer loop
      vertex 73.84287269688133 -76.38362468597548 87.8
      vertex 73.84287269688133 -76.38362468597548 85
      vertex 73.77328194468484 -75.94424596888753 87.8
    endloop
  endfacet
  facet normal 0.9986295347545738 0.05233595624294646 0
    outer loop
      vertex 73.77328194468484 -75.94424596888753 87.8
      vertex 73.77328194468484 -75.94424596888753 85
      vertex 73.75 -75.5 87.8
    endloop
  endfacet
  facet normal 0.9986295347545738 -0.05233595624294646 0
    outer loop
      vertex 73.75 -75.5 87.8
      vertex 73.75 -75.5 85
      vertex 73.77328194468484 -75.05575403111247 87.8
    endloop
  endfacet
  facet normal 0.987688340595137 -0.1564344650402362 0
    outer loop
      vertex 73.77328194468484 -75.05575403111247 87.8
      vertex 73.77328194468484 -75.05575403111247 85
      vertex 73.84287269688133 -74.61637531402452 87.8
    endloop
  endfacet
  facet normal 0.9659258262890673 -0.2588190451025243 0
    outer loop
      vertex 73.84287269688133 -74.61637531402452 87.8
      vertex 73.84287269688133 -74.61637531402452 85
      vertex 73.9580098057456 -74.18667777390647 87.8
    endloop
  endfacet
  facet normal 0.9335804264972004 -0.3583679495453039 0
    outer loop
      vertex 73.9580098057456 -74.18667777390647 87.8
      vertex 73.9580098057456 -74.18667777390647 85
      vertex 74.11743180501895 -73.77136926692785 87.8
    endloop
  endfacet
  facet normal 0.891006524188378 -0.453990499739527 0
    outer loop
      vertex 74.11743180501895 -73.77136926692785 87.8
      vertex 74.11743180501895 -73.77136926692785 85
      vertex 74.31939203391613 -73.375 87.8
    endloop
  endfacet
  facet normal 0.8386705679454243 -0.5446390350150268 0
    outer loop
      vertex 74.31939203391613 -73.375 87.8
      vertex 74.31939203391613 -73.375 85
      vertex 74.56167777390647 -73.00191267775699 87.8
    endloop
  endfacet
  facet normal 0.777145961456963 -0.629320391049847 0
    outer loop
      vertex 74.56167777390647 -73.00191267775699 87.8
      vertex 74.56167777390647 -73.00191267775699 85
      vertex 74.84163449172108 -72.65619492297485 87.8
    endloop
  endfacet
  facet normal 0.7071067811865475 -0.7071067811865475 0
    outer loop
      vertex 74.84163449172108 -72.65619492297485 87.8
      vertex 74.84163449172108 -72.65619492297485 85
      vertex 75.15619492297485 -72.34163449172108 87.8
    endloop
  endfacet
  facet normal 0.629320391049847 -0.777145961456963 0
    outer loop
      vertex 75.15619492297485 -72.34163449172108 87.8
      vertex 75.15619492297485 -72.34163449172108 85
      vertex 75.50191267775699 -72.06167777390647 87.8
    endloop
  endfacet
  facet normal 0.5446390350150268 -0.8386705679454243 0
    outer loop
      vertex 75.50191267775699 -72.06167777390647 87.8
      vertex 75.50191267775699 -72.06167777390647 85
      vertex 75.875 -71.81939203391613 87.8
    endloop
  endfacet
  facet normal 0.453990499739527 -0.891006524188378 0
    outer loop
      vertex 75.875 -71.81939203391613 87.8
      vertex 75.875 -71.81939203391613 85
      vertex 76.27136926692785 -71.61743180501895 87.8
    endloop
  endfacet
  facet normal 0.3583679495453039 -0.9335804264972004 0
    outer loop
      vertex 76.27136926692785 -71.61743180501895 87.8
      vertex 76.27136926692785 -71.61743180501895 85
      vertex 76.68667777390647 -71.4580098057456 87.8
    endloop
  endfacet
  facet normal 0.2588190451025243 -0.9659258262890673 0
    outer loop
      vertex 76.68667777390647 -71.4580098057456 87.8
      vertex 76.68667777390647 -71.4580098057456 85
      vertex 77.11637531402452 -71.34287269688133 87.8
    endloop
  endfacet
  facet normal 0.1564344650402362 -0.987688340595137 0
    outer loop
      vertex 77.11637531402452 -71.34287269688133 87.8
      vertex 77.11637531402452 -71.34287269688133 85
      vertex 77.55575403111247 -71.27328194468484 87.8
    endloop
  endfacet
  facet normal 0.05233595624294646 -0.9986295347545738 0
    outer loop
      vertex 77.55575403111247 -71.27328194468484 87.8
      vertex 77.55575403111247 -71.27328194468484 85
      vertex 78 -71.25 87.8
    endloop
  endfacet
  facet normal -0.05233595624294646 -0.9986295347545738 0
    outer loop
      vertex 78 -71.25 87.8
      vertex 78 -71.25 85
      vertex 78.44424596888753 -71.27328194468484 87.8
    endloop
  endfacet
  facet normal -0.1564344650402362 -0.987688340595137 0
    outer loop
      vertex 78.44424596888753 -71.27328194468484 87.8
      vertex 78.44424596888753 -71.27328194468484 85
      vertex 78.88362468597548 -71.34287269688133 87.8
    endloop
  endfacet
  facet normal 0.052335961698072614 -0.9986295344686827 0
    outer loop
      vertex 84 -87.5 85
      vertex 84.62717077881098 -87.4671313688159 85
      vertex 84 -87.5 90
    endloop
  endfacet
  facet normal -0.2588190451025243 0.9659258262890673 0
    outer loop
      vertex 78.88362468597548 -79.65712730311867 87.8
      vertex 79.31332222609353 -79.5419901942544 87.8
      vertex 79.31332222609353 -79.5419901942544 85
    endloop
  endfacet
  facet normal -0.3583679495453039 0.9335804264972004 0
    outer loop
      vertex 79.31332222609353 -79.5419901942544 87.8
      vertex 79.72863073307215 -79.38256819498105 87.8
      vertex 79.72863073307215 -79.38256819498105 85
    endloop
  endfacet
  facet normal -0.453990499739527 0.891006524188378 0
    outer loop
      vertex 79.72863073307215 -79.38256819498105 87.8
      vertex 80.125 -79.18060796608387 87.8
      vertex 80.125 -79.18060796608387 85
    endloop
  endfacet
  facet normal -0.5446390350150268 0.8386705679454243 0
    outer loop
      vertex 80.125 -79.18060796608387 87.8
      vertex 80.49808732224301 -78.93832222609353 87.8
      vertex 80.49808732224301 -78.93832222609353 85
    endloop
  endfacet
  facet normal -0.629320391049847 0.777145961456963 0
    outer loop
      vertex 80.49808732224301 -78.93832222609353 87.8
      vertex 80.84380507702515 -78.65836550827892 87.8
      vertex 80.84380507702515 -78.65836550827892 85
    endloop
  endfacet
  facet normal -0.7071067811865475 0.7071067811865475 0
    outer loop
      vertex 80.84380507702515 -78.65836550827892 87.8
      vertex 81.15836550827892 -78.34380507702515 87.8
      vertex 81.15836550827892 -78.34380507702515 85
    endloop
  endfacet
  facet normal -0.777145961456963 0.629320391049847 0
    outer loop
      vertex 81.15836550827892 -78.34380507702515 87.8
      vertex 81.43832222609353 -77.99808732224301 87.8
      vertex 81.43832222609353 -77.99808732224301 85
    endloop
  endfacet
  facet normal -0.8386705679454243 0.5446390350150268 0
    outer loop
      vertex 81.43832222609353 -77.99808732224301 87.8
      vertex 81.68060796608387 -77.625 87.8
      vertex 81.68060796608387 -77.625 85
    endloop
  endfacet
  facet normal -0.891006524188378 0.453990499739527 0
    outer loop
      vertex 81.68060796608387 -77.625 87.8
      vertex 81.88256819498105 -77.22863073307215 87.8
      vertex 81.88256819498105 -77.22863073307215 85
    endloop
  endfacet
  facet normal -0.9335804264972004 0.3583679495453039 0
    outer loop
      vertex 81.88256819498105 -77.22863073307215 87.8
      vertex 82.0419901942544 -76.81332222609353 87.8
      vertex 82.0419901942544 -76.81332222609353 85
    endloop
  endfacet
  facet normal 0.15643445553477123 -0.9876883421006546 0
    outer loop
      vertex 84.62717077881098 -87.4671313688159 85
      vertex 85.24747014790773 -87.36888560652733 85
      vertex 84.62717077881098 -87.4671313688159 90
    endloop
  endfacet
  facet normal 0.25881904950851087 -0.9659258251084867 0
    outer loop
      vertex 85.24747014790773 -87.36888560652733 85
      vertex 85.85410196334124 -87.20633909851313 85
      vertex 85.24747014790773 -87.36888560652733 90
    endloop
  endfacet
  facet normal 0.3583679532441575 -0.9335804250773435 0
    outer loop
      vertex 85.85410196334124 -87.20633909851313 85
      vertex 86.44041986018419 -86.98127274215221 85
      vertex 85.85410196334124 -87.20633909851313 90
    endloop
  endfacet
  facet normal 0.4539904916265432 -0.8910065283221495 0
    outer loop
      vertex 86.44041986018419 -86.98127274215221 85
      vertex 87 -86.69615242630243 85
      vertex 86.44041986018419 -86.98127274215221 90
    endloop
  endfacet
  facet normal 0.5446390406067345 -0.8386705643141267 0
    outer loop
      vertex 87 -86.69615242630243 85
      vertex 87.52671151608229 -86.35410196334124 85
      vertex 87 -86.69615242630243 90
    endloop
  endfacet
  facet normal 0.6293203941204519 -0.7771459589704363 0
    outer loop
      vertex 87.52671151608229 -86.35410196334124 85
      vertex 88.01478363573551 -85.95886895060539 85
      vertex 87.52671151608229 -86.35410196334124 90
    endloop
  endfacet
  facet normal 0.7071067811865476 -0.7071067811865476 0
    outer loop
      vertex 88.01478363573551 -85.95886895060539 85
      vertex 88.45886895060539 -85.51478363573551 85
      vertex 88.01478363573551 -85.95886895060539 90
    endloop
  endfacet
  facet normal 0.7771459589704363 -0.6293203941204519 0
    outer loop
      vertex 88.45886895060539 -85.51478363573551 85
      vertex 88.85410196334124 -85.02671151608229 85
      vertex 88.45886895060539 -85.51478363573551 90
    endloop
  endfacet
  facet normal 0.8386705643141267 -0.5446390406067345 0
    outer loop
      vertex 88.85410196334124 -85.02671151608229 85
      vertex 89.19615242630243 -84.5 85
      vertex 88.85410196334124 -85.02671151608229 90
    endloop
  endfacet
  facet normal 0.8910065283221495 -0.4539904916265432 0
    outer loop
      vertex 89.19615242630243 -84.5 85
      vertex 89.48127274215221 -83.94041986018419 85
      vertex 89.19615242630243 -84.5 90
    endloop
  endfacet
  facet normal 0.9335804250773435 -0.3583679532441575 0
    outer loop
      vertex 89.48127274215221 -83.94041986018419 85
      vertex 89.70633909851313 -83.35410196334124 85
      vertex 89.48127274215221 -83.94041986018419 90
    endloop
  endfacet
  facet normal 0.9659258251084867 -0.25881904950851087 0
    outer loop
      vertex 89.70633909851313 -83.35410196334124 85
      vertex 89.86888560652733 -82.74747014790773 85
      vertex 89.70633909851313 -83.35410196334124 90
    endloop
  endfacet
  facet normal 0.9876883421006546 -0.15643445553477123 0
    outer loop
      vertex 89.86888560652733 -82.74747014790773 85
      vertex 89.9671313688159 -82.12717077881098 85
      vertex 89.86888560652733 -82.74747014790773 90
    endloop
  endfacet
  facet normal 0.9986295344686827 -0.052335961698072614 0
    outer loop
      vertex 89.9671313688159 -82.12717077881098 85
      vertex 90 -81.5 85
      vertex 89.9671313688159 -82.12717077881098 90
    endloop
  endfacet
  facet normal -0.2588190451025243 -0.9659258262890673 0
    outer loop
      vertex 78.88362468597548 -71.34287269688133 87.8
      vertex 78.88362468597548 -71.34287269688133 85
      vertex 79.31332222609353 -71.4580098057456 87.8
    endloop
  endfacet
  facet normal -0.3583679495453039 -0.9335804264972004 0
    outer loop
      vertex 79.31332222609353 -71.4580098057456 87.8
      vertex 79.31332222609353 -71.4580098057456 85
      vertex 79.72863073307215 -71.61743180501895 87.8
    endloop
  endfacet
  facet normal -0.453990499739527 -0.891006524188378 0
    outer loop
      vertex 79.72863073307215 -71.61743180501895 87.8
      vertex 79.72863073307215 -71.61743180501895 85
      vertex 80.125 -71.81939203391613 87.8
    endloop
  endfacet
  facet normal -0.8386705679454243 -0.5446390350150268 0
    outer loop
      vertex 81.43832222609353 -73.00191267775699 87.8
      vertex 81.43832222609353 -73.00191267775699 85
      vertex 81.68060796608387 -73.375 87.8
    endloop
  endfacet
  facet normal -0.777145961456963 -0.629320391049847 0
    outer loop
      vertex 81.15836550827892 -72.65619492297485 87.8
      vertex 81.15836550827892 -72.65619492297485 85
      vertex 81.43832222609353 -73.00191267775699 87.8
    endloop
  endfacet
  facet normal -0.5446390350150268 -0.8386705679454243 0
    outer loop
      vertex 80.125 -71.81939203391613 87.8
      vertex 80.125 -71.81939203391613 85
      vertex 80.49808732224301 -72.06167777390647 87.8
    endloop
  endfacet
  facet normal -0.629320391049847 -0.777145961456963 0
    outer loop
      vertex 80.84380507702515 -72.34163449172108 87.8
      vertex 80.49808732224301 -72.06167777390647 87.8
      vertex 80.49808732224301 -72.06167777390647 85
    endloop
  endfacet
  facet normal -0.7071067811865475 -0.7071067811865475 0
    outer loop
      vertex 80.84380507702515 -72.34163449172108 87.8
      vertex 80.84380507702515 -72.34163449172108 85
      vertex 81.15836550827892 -72.65619492297485 87.8
    endloop
  endfacet
  facet normal -0.9659258262890673 0.2588190451025243 0
    outer loop
      vertex 82.0419901942544 -76.81332222609353 87.8
      vertex 82.15712730311867 -76.38362468597548 87.8
      vertex 82.15712730311867 -76.38362468597548 85
    endloop
  endfacet
  facet normal -0.987688340595137 0.1564344650402362 0
    outer loop
      vertex 82.15712730311867 -76.38362468597548 87.8
      vertex 82.22671805531516 -75.94424596888753 87.8
      vertex 82.22671805531516 -75.94424596888753 85
    endloop
  endfacet
  facet normal -0.9986295347545738 0.05233595624294646 0
    outer loop
      vertex 82.22671805531516 -75.94424596888753 87.8
      vertex 82.25 -75.5 87.8
      vertex 82.25 -75.5 85
    endloop
  endfacet
  facet normal -0.9986295347545738 -0.05233595624294646 0
    outer loop
      vertex 82.25 -75.5 87.8
      vertex 82.22671805531516 -75.05575403111247 87.8
      vertex 82.22671805531516 -75.05575403111247 85
    endloop
  endfacet
  facet normal -0.987688340595137 -0.1564344650402362 0
    outer loop
      vertex 82.22671805531516 -75.05575403111247 87.8
      vertex 82.15712730311867 -74.61637531402452 87.8
      vertex 82.15712730311867 -74.61637531402452 85
    endloop
  endfacet
  facet normal -0.9659258262890673 -0.2588190451025243 0
    outer loop
      vertex 82.15712730311867 -74.61637531402452 87.8
      vertex 82.0419901942544 -74.18667777390647 87.8
      vertex 82.0419901942544 -74.18667777390647 85
    endloop
  endfacet
  facet normal -0.9335804264972004 -0.3583679495453039 0
    outer loop
      vertex 81.88256819498105 -73.77136926692785 87.8
      vertex 81.88256819498105 -73.77136926692785 85
      vertex 82.0419901942544 -74.18667777390647 87.8
    endloop
  endfacet
  facet normal -0.891006524188378 -0.453990499739527 0
    outer loop
      vertex 81.88256819498105 -73.77136926692785 87.8
      vertex 81.68060796608387 -73.375 87.8
      vertex 81.68060796608387 -73.375 85
    endloop
  endfacet
  facet normal -0.7071067811865476 0.7071067811865476 0
    outer loop
      vertex 67.43278760463 -84.2850693911314 88.1
      vertex 67.65483026206493 -84.06302673369646 88.1
      vertex 67.65483026206493 -84.06302673369646 85
    endloop
  endfacet
  facet normal -0.7431448056336751 0.6691306283975405 0
    outer loop
      vertex 67.65483026206493 -84.06302673369646 88.1
      vertex 67.8089164569974 -83.89189668744802 88.1
      vertex 67.8089164569974 -83.89189668744802 85
    endloop
  endfacet
  facet normal -0.7771459578667896 0.629320395483342 0
    outer loop
      vertex 67.8089164569974 -83.89189668744802 88.1
      vertex 68.0065329670906 -83.64786062389612 88.1
      vertex 68.0065329670906 -83.64786062389612 85
    endloop
  endfacet
  facet normal -0.8090169972346416 0.5877852483564419 0
    outer loop
      vertex 68.0065329670906 -83.64786062389612 88.1
      vertex 68.1418870985508 -83.46156164258718 88.1
      vertex 68.1418870985508 -83.46156164258718 85
    endloop
  endfacet
  facet normal -0.8386705710716652 0.5446390302010375 0
    outer loop
      vertex 68.1418870985508 -83.46156164258718 88.1
      vertex 68.31291233748198 -83.19820586591959 88.1
      vertex 68.31291233748198 -83.19820586591959 85
    endloop
  endfacet
  facet normal -0.8660254165537549 0.4999999778828949 0
    outer loop
      vertex 68.31291233748198 -83.19820586591959 88.1
      vertex 68.4280514344573 -82.99877908825874 88.1
      vertex 68.4280514344573 -82.99877908825874 85
    endloop
  endfacet
  facet normal -0.8910065259684403 0.45399049624595805 0
    outer loop
      vertex 68.4280514344573 -82.99877908825874 88.1
      vertex 68.57061159610748 -82.71898901462555 88.1
      vertex 68.57061159610748 -82.71898901462555 85
    endloop
  endfacet
  facet normal -0.9135454505486409 0.40673665900909506 0
    outer loop
      vertex 68.57061159610748 -82.71898901462555 88.1
      vertex 68.66427417844534 -82.50861942023039 88.1
      vertex 68.66427417844534 -82.50861942023039 85
    endloop
  endfacet
  facet normal -0.9335804259992488 0.358367950842512 0
    outer loop
      vertex 68.66427417844534 -82.50861942023039 88.1
      vertex 68.7768073529005 -82.21546047925949 88.1
      vertex 68.7768073529005 -82.21546047925949 85
    endloop
  endfacet
  facet normal -0.9510565131566553 0.30901700403425203 0
    outer loop
      vertex 68.7768073529005 -82.21546047925949 88.1
      vertex 68.84796722978354 -81.99645290523767 88.1
      vertex 68.84796722978354 -81.99645290523767 85
    endloop
  endfacet
  facet normal -0.9659258237320325 0.25881905464550803 0
    outer loop
      vertex 68.84796722978354 -81.99645290523767 88.1
      vertex 68.92924048751593 -81.69313699007034 88.1
      vertex 68.92924048751593 -81.69313699007034 85
    endloop
  endfacet
  facet normal -0.978147596610256 0.2079117102175342 0
    outer loop
      vertex 68.92924048751593 -81.69313699007034 88.1
      vertex 68.97711802273989 -81.46789091825485 88.1
      vertex 68.97711802273989 -81.46789091825485 85
    endloop
  endfacet
  facet normal -0.9876883408482959 0.15643446344185244 0
    outer loop
      vertex 68.97711802273989 -81.46789091825485 88.1
      vertex 69.02624090760946 -81.1577412262559 88.1
      vertex 69.02624090760946 -81.1577412262559 85
    endloop
  endfacet
  facet normal -0.9945218947269713 0.10452846936923531 0
    outer loop
      vertex 69.02624090760946 -81.1577412262559 88.1
      vertex 69.05031153559685 -80.92872451245785 88.1
      vertex 69.05031153559685 -80.92872451245785 85
    endloop
  endfacet
  facet normal -0.9986295353811633 0.05233594428690367 0
    outer loop
      vertex 69.05031153559685 -80.92872451245785 88.1
      vertex 69.06674584746361 -80.61513908952475 88.1
      vertex 69.06674584746361 -80.61513908952475 85
    endloop
  endfacet
  facet normal -1 0 0
    outer loop
      vertex 69.06674584746361 -80.61513908952475 88.1
      vertex 69.06674584746361 -80.38486091047525 88.1
      vertex 69.06674584746361 -80.38486091047525 85
    endloop
  endfacet
  facet normal -0.9986295351212079 -0.05233594924714904 0
    outer loop
      vertex 69.06674584746361 -80.38486091047525 88.1
      vertex 69.05031153559685 -80.07127551734447 88.1
      vertex 69.05031153559685 -80.07127551734447 85
    endloop
  endfacet
  facet normal -0.9945218961410265 -0.10452845591539826 0
    outer loop
      vertex 69.05031153559685 -80.07127551734447 88.1
      vertex 69.02624090760946 -79.8422587737441 88.1
      vertex 69.02624090760946 -79.8422587737441 85
    endloop
  endfacet
  facet normal -0.9876883396870251 -0.15643447077382908 0
    outer loop
      vertex 69.02624090760946 -79.8422587737441 88.1
      vertex 68.97711802273989 -79.53210909664631 88.1
      vertex 68.97711802273989 -79.53210909664631 85
    endloop
  endfacet
  facet normal -0.9781475994074664 -0.20791169705769463 0
    outer loop
      vertex 68.97711802273989 -79.53210909664631 88.1
      vertex 68.92924048751593 -79.30686300992966 88.1
      vertex 68.92924048751593 -79.30686300992966 85
    endloop
  endfacet
  facet normal -0.9659258237320325 -0.25881905464550803 0
    outer loop
      vertex 68.84796722978354 -79.00354709476233 88.1
      vertex 68.84796722978354 -79.00354709476233 85
      vertex 68.92924048751593 -79.30686300992966 88.1
    endloop
  endfacet
  facet normal -0.9550199458107742 -0.29654157061630665 0
    outer loop
      vertex 68.84796722978354 -79.00354709476233 88.1
      vertex 68.79674170911312 -78.83857395499945 88.1
      vertex 68.79674170911312 -78.83857395499945 85
    endloop
  endfacet
  facet normal -0.9426414962864855 -0.3338068445654997 0
    outer loop
      vertex 68.79674170911312 -78.83857395499945 88.1
      vertex 68.7443134561181 -78.69052112847567 88.1
      vertex 68.7443134561181 -78.69052112847567 85
    endloop
  endfacet
  facet normal -0.938191352423166 -0.34611701235043446 0
    outer loop
      vertex 68.7443134561181 -78.69052112847567 88.1
      vertex 68.72437911480665 -78.63648672401905 88.1
      vertex 68.72437911480665 -78.63648672401905 85
    endloop
  endfacet
  facet normal -0.9335804228431335 -0.35836795906447355 0
    outer loop
      vertex 68.72437911480665 -78.63648672401905 88.1
      vertex 68.68999654054642 -78.54691705852747 88.1
      vertex 68.68999654054642 -78.54691705852747 85
    endloop
  endfacet
  facet normal -0.9510565217981466 -0.30901697743847567 0
    outer loop
      vertex 68.68999654054642 -78.54691705852747 88.1
      vertex 68.6771160364151 -78.50727494060993 88.1
      vertex 68.6771160364151 -78.50727494060993 85
    endloop
  endfacet
  facet normal -0.9659258272096208 -0.2588190416669718 0
    outer loop
      vertex 68.6771160364151 -78.50727494060993 88.1
      vertex 68.42250815033913 -77.55706536024809 88.1
      vertex 68.42250815033913 -77.55706536024809 85
    endloop
  endfacet
  facet normal -0.9781475950189167 -0.20791171770419659 0
    outer loop
      vertex 68.42250815033913 -77.55706536024809 88.1
      vertex 68.41384196281433 -77.51629415899515 88.1
      vertex 68.41384196281433 -77.51629415899515 85
    endloop
  endfacet
  facet normal -0.9876883403085313 -0.15643446684979345 0
    outer loop
      vertex 68.41384196281433 -77.51629415899515 88.1
      vertex 68.25995276123285 -76.54467599093914 88.1
      vertex 68.25995276123285 -76.54467599093914 85
    endloop
  endfacet
  facet normal -0.994521906997554 -0.10452835262237818 0
    outer loop
      vertex 68.25995276123285 -76.54467599093914 88.1
      vertex 68.25559581071138 -76.50322233140469 88.1
      vertex 68.25559581071138 -76.50322233140469 85
    endloop
  endfacet
  facet normal -0.9986295350174192 -0.05233595122755594 0
    outer loop
      vertex 68.25559581071138 -76.50322233140469 88.1
      vertex 68.20411139726639 -75.52084110677242 88.1
      vertex 68.20411139726639 -75.52084110677242 85
    endloop
  endfacet
  facet normal -1 0 0
    outer loop
      vertex 68.20411139726639 -75.52084110677242 88.1
      vertex 68.20411139726639 -75.47915887087584 88.1
      vertex 68.20411139726639 -75.47915887087584 85
    endloop
  endfacet
  facet normal -0.9986295353319616 0.05233594522572854 0
    outer loop
      vertex 68.20411139726639 -75.47915887087584 88.1
      vertex 68.25559579581022 -74.49677781760693 88.1
      vertex 68.25559579581022 -74.49677781760693 85
    endloop
  endfacet
  facet normal -0.9945218853458931 0.10452855862418647 0
    outer loop
      vertex 68.25559579581022 -74.49677781760693 88.1
      vertex 68.25995279103518 -74.45532381534576 88.1
      vertex 68.25995279103518 -74.45532381534576 85
    endloop
  endfacet
  facet normal -0.9876883399269542 0.15643446925897514 0
    outer loop
      vertex 68.25995279103518 -74.45532381534576 88.1
      vertex 68.41384197026491 -73.48370580375195 88.1
      vertex 68.41384197026491 -73.48370580375195 85
    endloop
  endfacet
  facet normal -0.9781476059079749 0.20791166647520556 0
    outer loop
      vertex 68.41384197026491 -73.48370580375195 88.1
      vertex 68.42250814288855 -73.44293466210365 88.1
      vertex 68.42250814288855 -73.44293466210365 85
    endloop
  endfacet
  facet normal -0.9659258272460467 0.25881904153102836 0
    outer loop
      vertex 68.42250814288855 -73.44293466210365 88.1
      vertex 68.67711605876684 -72.4927249699831 88.1
      vertex 68.67711605876684 -72.4927249699831 85
    endloop
  endfacet
  facet normal -0.9510565073812202 0.3090170218092126 0
    outer loop
      vertex 68.67711605876684 -72.4927249699831 88.1
      vertex 68.689996547997 -72.45308290421963 88.1
      vertex 68.689996547997 -72.45308290421963 85
    endloop
  endfacet
  facet normal -0.9335804263899657 0.3583679498246596 0
    outer loop
      vertex 68.689996547997 -72.45308290421963 88.1
      vertex 69.04253367334604 -71.53469229489565 88.1
      vertex 69.04253367334604 -71.53469229489565 85
    endloop
  endfacet
  facet normal -0.9135454784040611 0.40673659644479404 0
    outer loop
      vertex 69.04253367334604 -71.53469229489565 88.1
      vertex 69.05948724597692 -71.4966139420867 88.1
      vertex 69.05948724597692 -71.4966139420867 85
    endloop
  endfacet
  facet normal -0.8910065239339101 0.4539905002389483 0
    outer loop
      vertex 69.05948724597692 -71.4966139420867 88.1
      vertex 69.50609109550714 -70.62010453641415 88.1
      vertex 69.50609109550714 -70.62010453641415 85
    endloop
  endfacet
  facet normal -0.8660253823142725 0.5000000371874168 0
    outer loop
      vertex 69.50609109550714 -70.62010453641415 88.1
      vertex 69.52693208307028 -70.58400689065456 88.1
      vertex 69.52693208307028 -70.58400689065456 85
    endloop
  endfacet
  facet normal -0.8386705706109828 0.5446390309104264 0
    outer loop
      vertex 69.52693208307028 -70.58400689065456 88.1
      vertex 70.06270964443684 -69.7589817866683 88.1
      vertex 70.06270964443684 -69.7589817866683 85
    endloop
  endfacet
  facet normal -0.809016951006471 0.5877853119840554 0
    outer loop
      vertex 70.06270964443684 -69.7589817866683 88.1
      vertex 70.08720956742764 -69.72526054084301 88.1
      vertex 70.08720956742764 -69.72526054084301 85
    endloop
  endfacet
  facet normal -0.7771459649356746 0.6293203867539962 0
    outer loop
      vertex 70.08720956742764 -69.72526054084301 88.1
      vertex 70.70629071444273 -68.9607589840889 88.1
      vertex 70.70629071444273 -68.9607589840889 85
    endloop
  endfacet
  facet normal -0.7431447916140289 0.6691306439679336 0
    outer loop
      vertex 70.70629071444273 -68.9607589840889 88.1
      vertex 70.73418152332306 -68.92978310585022 88.1
      vertex 70.73418152332306 -68.92978310585022 85
    endloop
  endfacet
  facet normal -0.7071067811865476 0.7071067811865476 0
    outer loop
      vertex 70.73418152332306 -68.92978310585022 88.1
      vertex 71.4297831878066 -68.23418144136667 88.1
      vertex 71.4297831878066 -68.23418144136667 85
    endloop
  endfacet
  facet normal -0.6691306148717219 0.7431448178123772 0
    outer loop
      vertex 71.4297831878066 -68.23418144136667 88.1
      vertex 71.46075896918774 -68.20629072189331 88.1
      vertex 71.46075896918774 -68.20629072189331 85
    endloop
  endfacet
  facet normal -0.629320388941731 0.7771459631640818 0
    outer loop
      vertex 71.46075896918774 -68.20629072189331 88.1
      vertex 72.2252604663372 -67.5872096195817 88.1
      vertex 72.2252604663372 -67.5872096195817 85
    endloop
  endfacet
  facet normal -0.5877852809311274 0.8090169735677465 0
    outer loop
      vertex 72.2252604663372 -67.5872096195817 88.1
      vertex 72.2589817866683 -67.56270964443684 88.1
      vertex 72.2589817866683 -67.56270964443684 85
    endloop
  endfacet
  facet normal -0.5446390309104264 0.8386705706109828 0
    outer loop
      vertex 72.2589817866683 -67.56270964443684 88.1
      vertex 73.08400689065456 -67.02693208307028 88.1
      vertex 73.08400689065456 -67.02693208307028 85
    endloop
  endfacet
  facet normal -0.5000000371874168 0.8660253823142725 0
    outer loop
      vertex 73.08400689065456 -67.02693208307028 88.1
      vertex 73.12010453641415 -67.00609109550714 88.1
      vertex 73.12010453641415 -67.00609109550714 85
    endloop
  endfacet
  facet normal -0.45399049694617966 0.8910065256116595 0
    outer loop
      vertex 73.12010453641415 -67.00609109550714 88.1
      vertex 73.9966139793396 -66.55948723107576 88.1
      vertex 73.9966139793396 -66.55948723107576 85
    endloop
  endfacet
  facet normal -0.40673659644479404 0.9135454784040611 0
    outer loop
      vertex 73.9966139793396 -66.55948723107576 88.1
      vertex 74.03469233214855 -66.54253365844488 88.1
      vertex 74.03469233214855 -66.54253365844488 85
    endloop
  endfacet
  facet normal -0.3583679532947957 0.9335804250579053 0
    outer loop
      vertex 74.03469233214855 -66.54253365844488 88.1
      vertex 74.95308281481266 -66.18999657779932 88.1
      vertex 74.95308281481266 -66.18999657779932 85
    endloop
  endfacet
  facet normal -0.3090170019239249 0.9510565138423422 0
    outer loop
      vertex 74.95308281481266 -66.18999657779932 88.1
      vertex 74.99272506684065 -66.17711602896452 88.1
      vertex 74.99272506684065 -66.17711602896452 85
    endloop
  endfacet
  facet normal -0.2588190402808679 0.9659258275810262 0
    outer loop
      vertex 74.99272506684065 -66.17711602896452 88.1
      vertex 75.94293462485075 -65.92250815033913 88.1
      vertex 75.94293462485075 -65.92250815033913 85
    endloop
  endfacet
  facet normal -0.20791171770419659 0.9781475950189167 0
    outer loop
      vertex 75.94293462485075 -65.92250815033913 88.1
      vertex 75.98370582610369 -65.91384196281433 88.1
      vertex 75.98370582610369 -65.91384196281433 85
    endloop
  endfacet
  facet normal -0.15643446684979345 0.9876883403085313 0
    outer loop
      vertex 75.98370582610369 -65.91384196281433 88.1
      vertex 76.9553239941597 -65.75995276123285 88.1
      vertex 76.9553239941597 -65.75995276123285 85
    endloop
  endfacet
  facet normal -0.10452837120427874 0.9945219050445196 0
    outer loop
      vertex 76.9553239941597 -65.75995276123285 88.1
      vertex 76.99677764624357 -65.75559581071138 88.1
      vertex 76.99677764624357 -65.75559581071138 85
    endloop
  endfacet
  facet normal -0.05233595043587718 0.9986295350589092 0
    outer loop
      vertex 76.99677764624357 -65.75559581071138 88.1
      vertex 77.979158885777 -65.70411139726639 88.1
      vertex 77.979158885777 -65.70411139726639 85
    endloop
  endfacet
  facet normal 0 1 0
    outer loop
      vertex 77.979158885777 -65.70411139726639 88.1
      vertex 78.020841114223 -65.70411139726639 88.1
      vertex 78.020841114223 -65.70411139726639 85
    endloop
  endfacet
  facet normal 0.05233594522572854 0.9986295353319616 0
    outer loop
      vertex 78.020841114223 -65.70411139726639 88.1
      vertex 79.00322216749191 -65.75559579581022 88.1
      vertex 79.00322216749191 -65.75559579581022 85
    endloop
  endfacet
  facet normal 0.10452855862418647 0.9945218853458931 0
    outer loop
      vertex 79.00322216749191 -65.75559579581022 88.1
      vertex 79.04467616975307 -65.75995279103518 88.1
      vertex 79.04467616975307 -65.75995279103518 85
    endloop
  endfacet
  facet normal 0.15643446925897514 0.9876883399269542 0
    outer loop
      vertex 79.04467616975307 -65.75995279103518 88.1
      vertex 80.0162941813469 -65.91384197026491 88.1
      vertex 80.0162941813469 -65.91384197026491 85
    endloop
  endfacet
  facet normal 0.20791166647520556 0.9781476059079749 0
    outer loop
      vertex 80.0162941813469 -65.91384197026491 88.1
      vertex 80.05706532299519 -65.92250814288855 88.1
      vertex 80.05706532299519 -65.92250814288855 85
    endloop
  endfacet
  facet normal 0.25881904240978293 0.9659258270105853 0
    outer loop
      vertex 80.05706532299519 -65.92250814288855 88.1
      vertex 81.0072750672698 -66.177116073668 88.1
      vertex 81.0072750672698 -66.177116073668 85
    endloop
  endfacet
  facet normal 0.3090169921374998 0.9510565170221444 0
    outer loop
      vertex 81.2450587823987 -66.26282649487257 88.1
      vertex 81.54370549321175 -66.35986269265413 88.1
      vertex 81.54370549321175 -66.35986269265413 85
    endloop
  endfacet
  facet normal 0.3090169447909515 0.9510565324059691 0
    outer loop
      vertex 81.0072750672698 -66.177116073668 88.1
      vertex 81.0469170063734 -66.18999651819468 88.1
      vertex 81.0469170063734 -66.18999651819468 85
    endloop
  endfacet
  facet normal 0.35836799530616414 0.9335804089312506 0
    outer loop
      vertex 81.0469170063734 -66.18999651819468 88.1
      vertex 81.13648664206266 -66.22437908500433 88.1
      vertex 81.13648664206266 -66.22437908500433 85
    endloop
  endfacet
  facet normal 0.33380684778386666 0.9426414951468022 0
    outer loop
      vertex 81.13648664206266 -66.22437908500433 88.1
      vertex 81.2450587823987 -66.26282649487257 88.1
      vertex 81.2450587823987 -66.26282649487257 85
    endloop
  endfacet
  facet normal 0.2588190348095959 0.9659258290470492 0
    outer loop
      vertex 81.54370549321175 -66.35986269265413 88.1
      vertex 81.76613716036081 -66.41946307569742 88.1
      vertex 81.76613716036081 -66.41946307569742 85
    endloop
  endfacet
  facet normal 0.20791166994030516 0.9781476051714453 0
    outer loop
      vertex 81.76613716036081 -66.41946307569742 88.1
      vertex 82.07329094409943 -66.4847506210208 88.1
      vertex 82.07329094409943 -66.4847506210208 85
    endloop
  endfacet
  facet normal 0.15643446280779136 0.9876883409487213 0
    outer loop
      vertex 82.07329094409943 -66.4847506210208 88.1
      vertex 82.3007339835167 -66.52077405899763 88.1
      vertex 82.3007339835167 -66.52077405899763 85
    endloop
  endfacet
  facet normal 0.10452847116952207 0.9945218945377534 0
    outer loop
      vertex 82.3007339835167 -66.52077405899763 88.1
      vertex 82.61302950978279 -66.55359764397144 88.1
      vertex 82.61302950978279 -66.55359764397144 85
    endloop
  endfacet
  facet normal 0.052335978685751045 0.9986295335783959 0
    outer loop
      vertex 82.61302950978279 -66.55359764397144 88.1
      vertex 82.84299213439226 -66.56564947962761 88.1
      vertex 82.84299213439226 -66.56564947962761 85
    endloop
  endfacet
  facet normal 0 1 0
    outer loop
      vertex 82.84299213439226 -66.56564947962761 88.1
      vertex 83.15700788795948 -66.56564947962761 88.1
      vertex 83.15700788795948 -66.56564947962761 85
    endloop
  endfacet
  facet normal -0.05233597530376362 0.9986295337556385 0
    outer loop
      vertex 83.15700788795948 -66.56564947962761 88.1
      vertex 83.38697052747011 -66.55359764397144 88.1
      vertex 83.38697052747011 -66.55359764397144 85
    endloop
  endfacet
  facet normal -0.10452847116952207 0.9945218945377534 0
    outer loop
      vertex 83.38697052747011 -66.55359764397144 88.1
      vertex 83.69926605373621 -66.52077405899763 88.1
      vertex 83.69926605373621 -66.52077405899763 85
    endloop
  endfacet
  facet normal -0.15643448594102635 0.9876883372847768 0
    outer loop
      vertex 83.69926605373621 -66.52077405899763 88.1
      vertex 83.92670915275812 -66.48475060611963 88.1
      vertex 83.92670915275812 -66.48475060611963 85
    endloop
  endfacet
  facet normal -0.2079116988919482 0.9781475990175837 0
    outer loop
      vertex 83.92670915275812 -66.48475060611963 88.1
      vertex 84.23386289179325 -66.41946306079626 88.1
      vertex 84.23386289179325 -66.41946306079626 85
    endloop
  endfacet
  facet normal -0.2588190348095959 0.9659258290470492 0
    outer loop
      vertex 84.23386289179325 -66.41946306079626 88.1
      vertex 84.45629455894232 -66.35986267775297 88.1
      vertex 84.45629455894232 -66.35986267775297 85
    endloop
  endfacet
  facet normal -0.3090170141402644 0.9510565098730126 0
    outer loop
      vertex 84.45629455894232 -66.35986267775297 88.1
      vertex 84.7549412921071 -66.26282646507025 88.1
      vertex 84.7549412921071 -66.26282646507025 85
    endloop
  endfacet
  facet normal -0.35836796286708494 0.9335804213834477 0
    outer loop
      vertex 84.7549412921071 -66.26282646507025 88.1
      vertex 84.9699244722724 -66.1803021505475 88.1
      vertex 84.9699244722724 -66.1803021505475 85
    endloop
  endfacet
  facet normal -0.4067366393666262 0.9135454592940315 0
    outer loop
      vertex 84.9699244722724 -66.1803021505475 88.1
      vertex 85.25679212063551 -66.05258044600487 88.1
      vertex 85.25679212063551 -66.05258044600487 85
    endloop
  endfacet
  facet normal -0.45399049715109746 0.8910065255072487 0
    outer loop
      vertex 85.25679212063551 -66.05258044600487 88.1
      vertex 85.4619715064764 -65.9480363279581 88.1
      vertex 85.4619715064764 -65.9480363279581 85
    endloop
  endfacet
  facet normal -0.5000000159888526 0.8660253945532701 0
    outer loop
      vertex 85.4619715064764 -65.9480363279581 88.1
      vertex 85.73391714692116 -65.79102843254805 88.1
      vertex 85.73391714692116 -65.79102843254805 85
    endloop
  endfacet
  facet normal -0.5446390386215869 0.8386705656032967 0
    outer loop
      vertex 85.73391714692116 -65.79102843254805 88.1
      vertex 85.92704467475414 -65.66560994833708 88.1
      vertex 85.92704467475414 -65.66560994833708 85
    endloop
  endfacet
  facet normal -0.587785252856657 0.8090169939650439 0
    outer loop
      vertex 85.92704467475414 -65.66560994833708 88.1
      vertex 86.18108874559402 -65.48103612661362 88.1
      vertex 86.18108874559402 -65.48103612661362 85
    endloop
  endfacet
  facet normal -0.6293203848137808 0.77714596650683 0
    outer loop
      vertex 86.18108874559402 -65.48103612661362 88.1
      vertex 86.36004852503538 -65.33611735701561 88.1
      vertex 86.36004852503538 -65.33611735701561 85
    endloop
  endfacet
  facet normal -0.6691306175386421 0.7431448154110712 0
    outer loop
      vertex 86.36004852503538 -65.33611735701561 88.1
      vertex 86.59340770542622 -65.12599980086088 88.1
      vertex 86.59340770542622 -65.12599980086088 85
    endloop
  endfacet
  facet normal -0.7071067811865475 0.7071067811865475 0
    outer loop
      vertex 86.59340770542622 -65.12599980086088 88.1
      vertex 86.75623895227909 -64.963168554008 88.1
      vertex 86.75623895227909 -64.963168554008 85
    endloop
  endfacet
  facet normal -0.7431448177612162 0.669130614928542 0
    outer loop
      vertex 86.75623895227909 -64.963168554008 88.1
      vertex 86.96635649353266 -64.72980938851833 88.1
      vertex 86.96635649353266 -64.72980938851833 85
    endloop
  endfacet
  facet normal -0.7771459604869388 0.6293203922477272 0
    outer loop
      vertex 86.96635649353266 -64.72980938851833 88.1
      vertex 87.11127527803183 -64.55084959417582 88.1
      vertex 87.11127527803183 -64.55084959417582 85
    endloop
  endfacet
  facet normal -0.8090169939650439 0.587785252856657 0
    outer loop
      vertex 87.11127527803183 -64.55084959417582 88.1
      vertex 87.29584909975529 -64.29680552333593 88.1
      vertex 87.29584909975529 -64.29680552333593 85
    endloop
  endfacet
  facet normal -0.838670568489005 0.5446390341779859 0
    outer loop
      vertex 87.29584909975529 -64.29680552333593 88.1
      vertex 87.42126762121916 -64.1036779358983 88.1
      vertex 87.42126762121916 -64.1036779358983 85
    endloop
  endfacet
  facet normal -0.8660254119224733 0.4999999859045104 0
    outer loop
      vertex 87.42126762121916 -64.1036779358983 88.1
      vertex 87.5782754868269 -63.83173232525587 88.1
      vertex 87.5782754868269 -63.83173232525587 85
    endloop
  endfacet
  facet normal -0.8910065316771233 0.45399048504203626 0
    outer loop
      vertex 87.5782754868269 -63.83173232525587 88.1
      vertex 87.6828195899725 -63.62655296176672 88.1
      vertex 87.6828195899725 -63.62655296176672 85
    endloop
  endfacet
  facet normal -0.9135454592940315 0.4067366393666262 0
    outer loop
      vertex 87.6828195899725 -63.62655296176672 88.1
      vertex 87.81054129451513 -63.339685313403606 88.1
      vertex 87.81054129451513 -63.339685313403606 85
    endloop
  endfacet
  facet normal -0.9335804246653443 0.358367954317452 0
    outer loop
      vertex 87.81054129451513 -63.339685313403606 88.1
      vertex 87.89306562393904 -63.12470208853483 88.1
      vertex 87.89306562393904 -63.12470208853483 85
    endloop
  endfacet
  facet normal -0.9510565170221444 0.3090169921374998 0
    outer loop
      vertex 87.89306562393904 -63.12470208853483 88.1
      vertex 87.9901018217206 -62.82605537772179 88.1
      vertex 87.9901018217206 -62.82605537772179 85
    endloop
  endfacet
  facet normal -0.9659258290470492 0.2588190348095959 0
    outer loop
      vertex 87.9901018217206 -62.82605537772179 88.1
      vertex 88.04970220476389 -62.60362371057272 88.1
      vertex 88.04970220476389 -62.60362371057272 85
    endloop
  endfacet
  facet normal -0.9781476051714453 0.20791166994030516 0
    outer loop
      vertex 88.04970220476389 -62.60362371057272 88.1
      vertex 88.11498975008726 -62.296469926834106 88.1
      vertex 88.11498975008726 -62.296469926834106 85
    endloop
  endfacet
  facet normal -0.9876883409487213 0.15643446280779136 0
    outer loop
      vertex 88.11498975008726 -62.296469926834106 88.1
      vertex 88.1510131880641 -62.06902688741684 88.1
      vertex 88.1510131880641 -62.06902688741684 85
    endloop
  endfacet
  facet normal -0.9945218945377534 0.10452847116952207 0
    outer loop
      vertex 88.1510131880641 -62.06902688741684 88.1
      vertex 88.18383677303791 -61.75673136115074 88.1
      vertex 88.18383677303791 -61.75673136115074 85
    endloop
  endfacet
  facet normal -0.9978589228097784 0.06540313577275131 0
    outer loop
      vertex 88.18383677303791 -61.75673136115074 88.1
      vertex 88.19513472169638 -61.58435799181461 88.1
      vertex 88.19513472169638 -61.58435799181461 85
    endloop
  endfacet
  facet normal -0.9996573251385337 0.02617694208405647 0
    outer loop
      vertex 88.19513472169638 -61.58435799181461 88.1
      vertex 88.19924611598253 -61.427350141108036 88.1
      vertex 88.19924611598253 -61.427350141108036 85
    endloop
  endfacet
  facet normal -0.9999143270843383 0.013089632977087236 0
    outer loop
      vertex 88.19924611598253 -61.427350141108036 88.1
      vertex 88.20000000298023 -61.36976087093353 88.1
      vertex 88.20000000298023 -61.36976087093353 85
    endloop
  endfacet
  facet normal 0 0 -1
    outer loop
      vertex 90 -81.5 85
      vertex 88.20000000298023 -61.36976087093353 85
      vertex 88.20000000298023 61.36976087093353 85
    endloop
  endfacet
  facet normal -1 0 0
    outer loop
      vertex 88.20000000298023 -61.36976087093353 88.1
      vertex 88.20000000298023 61.36976087093353 85
      vertex 88.20000000298023 -61.36976087093353 85
    endloop
  endfacet
  facet normal 1 0 0
    outer loop
      vertex 90 -81.5 85
      vertex 90 81.5 85
      vertex 90 -81.5 90
    endloop
  endfacet
  facet normal 0 -1 0
    outer loop
      vertex -84 -87.5 90
      vertex 84 -87.5 85
      vertex 84 -87.5 90
    endloop
  endfacet
  facet normal 0 0 1
    outer loop
      vertex -89.48127274215221 -83.94041986018419 90
      vertex 73.95 -82.51480577065395 90
      vertex 73.23893945643097 -82.05303765443708 90
    endloop
  endfacet
  facet normal 0 0 1
    outer loop
      vertex -89.19615242630243 -84.5 90
      vertex 75.49696234556292 -83.20355778199074 90
      vertex 74.70543319108602 -82.89971820690506 90
    endloop
  endfacet
  facet normal 0 0 1
    outer loop
      vertex -89.19615242630243 -84.5 90
      vertex 76.31591530437615 -83.42299556594382 90
      vertex 75.49696234556292 -83.20355778199074 90
    endloop
  endfacet
  facet normal 0 0 1
    outer loop
      vertex -89.19615242630243 -84.5 90
      vertex 74.70543319108602 -82.89971820690506 90
      vertex 73.95 -82.51480577065395 90
    endloop
  endfacet
  facet normal 0 0 1
    outer loop
      vertex -88.85410196334124 -85.02671151608229 90
      vertex 77.15331944753201 -83.55562735248301 90
      vertex 76.31591530437615 -83.42299556594382 90
    endloop
  endfacet
  facet normal 0 0 1
    outer loop
      vertex -88.85410196334124 -85.02671151608229 90
      vertex 78 -83.6 90
      vertex 77.15331944753201 -83.55562735248301 90
    endloop
  endfacet
  facet normal 0 0 1
    outer loop
      vertex -76.31591530437615 -83.42299556594382 90
      vertex 73.23893945643097 -82.05303765443708 90
      vertex 72.58004208849324 -81.51947308636689 90
    endloop
  endfacet
  facet normal 0 0 1
    outer loop
      vertex -88.85410196334124 -85.02671151608229 90
      vertex 89.48127274215221 -83.94041986018419 90
      vertex 78 -83.6 90
    endloop
  endfacet
  facet normal 0 0 1
    outer loop
      vertex -71.98052691363311 -80.91995791150676 90
      vertex 71.98052691363311 -80.91995791150676 90
      vertex 71.44696234556292 -80.26106054356903 90
    endloop
  endfacet
  facet normal 0 0 1
    outer loop
      vertex -71.44696234556292 -80.26106054356903 90
      vertex 71.44696234556292 -80.26106054356903 90
      vertex 70.98519422934605 -79.55 90
    endloop
  endfacet
  facet normal 0 0 1
    outer loop
      vertex -70.98519422934605 -79.55 90
      vertex 70.98519422934605 -79.55 90
      vertex 70.60028179309494 -78.79456680891398 90
    endloop
  endfacet
  facet normal 0 0 1
    outer loop
      vertex -72.58004208849324 -81.51947308636689 90
      vertex 72.58004208849324 -81.51947308636689 90
      vertex 71.98052691363311 -80.91995791150676 90
    endloop
  endfacet
  facet normal 0 0 1
    outer loop
      vertex -70.60028179309494 -78.79456680891398 90
      vertex 70.60028179309494 -78.79456680891398 90
      vertex 70.29644221800926 -78.00303765443708 90
    endloop
  endfacet
  facet normal 0 0 1
    outer loop
      vertex -70.29644221800926 -78.00303765443708 90
      vertex 70.29644221800926 -78.00303765443708 90
      vertex 70.07700443405618 -77.18408469562385 90
    endloop
  endfacet
  facet normal 0 0 1
    outer loop
      vertex -70.07700443405618 -77.18408469562385 90
      vertex 70.07700443405618 -77.18408469562385 90
      vertex 69.94437264751699 -76.34668055246799 90
    endloop
  endfacet
  facet normal 0 0 1
    outer loop
      vertex -84 -87.5 90
      vertex 84 -87.5 90
      vertex 85.24747014790773 -87.36888560652733 90
    endloop
  endfacet
  facet normal 0 0 1
    outer loop
      vertex -84 -87.5 90
      vertex 85.24747014790773 -87.36888560652733 90
      vertex 85.85410196334124 -87.20633909851313 90
    endloop
  endfacet
  facet normal 0 0 1
    outer loop
      vertex -84.62717077881098 -87.4671313688159 90
      vertex 85.85410196334124 -87.20633909851313 90
      vertex 86.44041986018419 -86.98127274215221 90
    endloop
  endfacet
  facet normal 0 0 1
    outer loop
      vertex -85.24747014790773 -87.36888560652733 90
      vertex 86.44041986018419 -86.98127274215221 90
      vertex 87 -86.69615242630243 90
    endloop
  endfacet
  facet normal 0 0 1
    outer loop
      vertex -85.85410196334124 -87.20633909851313 90
      vertex 87 -86.69615242630243 90
      vertex 87.52671151608229 -86.35410196334124 90
    endloop
  endfacet
  facet normal 0 0 1
    outer loop
      vertex -86.44041986018419 -86.98127274215221 90
      vertex 87.52671151608229 -86.35410196334124 90
      vertex 88.01478363573551 -85.95886895060539 90
    endloop
  endfacet
  facet normal 0 0 1
    outer loop
      vertex -87 -86.69615242630243 90
      vertex 88.01478363573551 -85.95886895060539 90
      vertex 88.45886895060539 -85.51478363573551 90
    endloop
  endfacet
  facet normal 0 0 1
    outer loop
      vertex -87.52671151608229 -86.35410196334124 90
      vertex 88.45886895060539 -85.51478363573551 90
      vertex 88.85410196334124 -85.02671151608229 90
    endloop
  endfacet
  facet normal 0 0 1
    outer loop
      vertex -88.01478363573551 -85.95886895060539 90
      vertex 88.85410196334124 -85.02671151608229 90
      vertex 89.19615242630243 -84.5 90
    endloop
  endfacet
  facet normal 0 0 1
    outer loop
      vertex -88.45886895060539 -85.51478363573551 90
      vertex 89.19615242630243 -84.5 90
      vertex 89.48127274215221 -83.94041986018419 90
    endloop
  endfacet
  facet normal 0 0 1
    outer loop
      vertex -69.94437264751699 -76.34668055246799 90
      vertex 69.94437264751699 -76.34668055246799 90
      vertex 69.9 -75.5 90
    endloop
  endfacet
  facet normal 0 0 1
    outer loop
      vertex -69.9 -75.5 90
      vertex 69.9 -75.5 90
      vertex 69.94437264751699 -74.65331944753201 90
    endloop
  endfacet
  facet normal 0 0 1
    outer loop
      vertex -69.94437264751699 -74.65331944753201 90
      vertex 69.94437264751699 -74.65331944753201 90
      vertex 70.07700443405618 -73.81591530437615 90
    endloop
  endfacet
  facet normal 0 0 1
    outer loop
      vertex -70.07700443405618 -73.81591530437615 90
      vertex 70.07700443405618 -73.81591530437615 90
      vertex 70.29644221800926 -72.99696234556292 90
    endloop
  endfacet
  facet normal 0 0 1
    outer loop
      vertex -70.29644221800926 -72.99696234556292 90
      vertex 70.29644221800926 -72.99696234556292 90
      vertex 70.60028179309494 -72.20543319108602 90
    endloop
  endfacet
  facet normal 0 0 -1
    outer loop
      vertex -63.86976087093353 -85.70000000298023 88.1
      vertex 81.04691705852747 66.18999654054642 88.1
      vertex 63.86976087093353 -85.70000000298023 88.1
    endloop
  endfacet
  facet normal 0 0 1
    outer loop
      vertex 74.70543319108602 68.10028179309494 90
      vertex -70.60028179309494 -72.20543319108602 90
      vertex 70.60028179309494 -72.20543319108602 90
    endloop
  endfacet
  facet normal 0 0 1
    outer loop
      vertex 70.98519422934605 -79.55 87.8
      vertex 70.98519422934605 -71.45 87.8
      vertex 70.60028179309494 -78.79456680891398 87.8
    endloop
  endfacet
  facet normal 0 0 1
    outer loop
      vertex 71.44696234556292 -80.26106054356903 87.8
      vertex 71.44696234556292 -70.73893945643097 87.8
      vertex 70.98519422934605 -79.55 87.8
    endloop
  endfacet
  facet normal 0 0 1
    outer loop
      vertex 71.98052691363311 -80.91995791150676 87.8
      vertex 72.58004208849324 -81.51947308636689 87.8
      vertex 72.58004208849324 -69.48052691363311 87.8
    endloop
  endfacet
  facet normal 0 0 1
    outer loop
      vertex 71.44696234556292 -80.26106054356903 87.8
      vertex 71.98052691363311 -80.91995791150676 87.8
      vertex 71.98052691363311 -70.08004208849324 87.8
    endloop
  endfacet
  facet normal 0 0 1
    outer loop
      vertex 72.58004208849324 -81.51947308636689 87.8
      vertex 73.23893945643097 -82.05303765443708 87.8
      vertex 73.23893945643097 -68.94696234556292 87.8
    endloop
  endfacet
  facet normal 0 0 1
    outer loop
      vertex 76.31591530437615 -83.42299556594382 87.8
      vertex 77.15331944753201 -83.55562735248301 87.8
      vertex 77.11637531402452 -79.65712730311867 87.8
    endloop
  endfacet
  facet normal 0 0 1
    outer loop
      vertex 77.15331944753201 -83.55562735248301 87.8
      vertex 78 -83.6 87.8
      vertex 78 -79.75 87.8
    endloop
  endfacet
  facet normal 0 0 1
    outer loop
      vertex 78 -83.6 87.8
      vertex 78.84668055246799 -83.55562735248301 87.8
      vertex 78 -79.75 87.8
    endloop
  endfacet
  facet normal 0 0 1
    outer loop
      vertex 73.95 -82.51480577065395 87.8
      vertex 74.70543319108602 -82.89971820690506 87.8
      vertex 74.56167777390647 -77.99808732224301 87.8
    endloop
  endfacet
  facet normal 0 0 1
    outer loop
      vertex 73.23893945643097 -82.05303765443708 87.8
      vertex 73.95 -82.51480577065395 87.8
      vertex 73.84287269688133 -76.38362468597548 87.8
    endloop
  endfacet
  facet normal 0 0 1
    outer loop
      vertex 73.95 -82.51480577065395 87.8
      vertex 74.56167777390647 -77.99808732224301 87.8
      vertex 74.31939203391613 -77.625 87.8
    endloop
  endfacet
  facet normal 0 0 1
    outer loop
      vertex 75.49696234556292 -83.20355778199074 87.8
      vertex 75.15619492297485 -78.65836550827892 87.8
      vertex 74.70543319108602 -82.89971820690506 87.8
    endloop
  endfacet
  facet normal 0 0 1
    outer loop
      vertex 74.70543319108602 -82.89971820690506 87.8
      vertex 74.84163449172108 -78.34380507702515 87.8
      vertex 74.56167777390647 -77.99808732224301 87.8
    endloop
  endfacet
  facet normal 0 0 1
    outer loop
      vertex 74.70543319108602 -82.89971820690506 87.8
      vertex 75.15619492297485 -78.65836550827892 87.8
      vertex 74.84163449172108 -78.34380507702515 87.8
    endloop
  endfacet
  facet normal 0 0 1
    outer loop
      vertex 75.49696234556292 -83.20355778199074 87.8
      vertex 75.50191267775699 -78.93832222609353 87.8
      vertex 75.15619492297485 -78.65836550827892 87.8
    endloop
  endfacet
  facet normal 0 0 1
    outer loop
      vertex 75.49696234556292 -83.20355778199074 87.8
      vertex 75.875 -79.18060796608387 87.8
      vertex 75.50191267775699 -78.93832222609353 87.8
    endloop
  endfacet
  facet normal 0 0 1
    outer loop
      vertex 75.49696234556292 -83.20355778199074 87.8
      vertex 76.27136926692785 -79.38256819498105 87.8
      vertex 75.875 -79.18060796608387 87.8
    endloop
  endfacet
  facet normal 0 0 1
    outer loop
      vertex 73.23893945643097 -82.05303765443708 87.8
      vertex 73.84287269688133 -76.38362468597548 87.8
      vertex 73.77328194468484 -75.94424596888753 87.8
    endloop
  endfacet
  facet normal 0 0 1
    outer loop
      vertex 73.95 -82.51480577065395 87.8
      vertex 74.31939203391613 -77.625 87.8
      vertex 74.11743180501895 -77.22863073307215 87.8
    endloop
  endfacet
  facet normal 0 0 1
    outer loop
      vertex 73.95 -82.51480577065395 87.8
      vertex 74.11743180501895 -77.22863073307215 87.8
      vertex 73.9580098057456 -76.81332222609353 87.8
    endloop
  endfacet
  facet normal 0 0 1
    outer loop
      vertex 73.95 -82.51480577065395 87.8
      vertex 73.9580098057456 -76.81332222609353 87.8
      vertex 73.84287269688133 -76.38362468597548 87.8
    endloop
  endfacet
  facet normal 0 0 1
    outer loop
      vertex 73.23893945643097 -82.05303765443708 87.8
      vertex 73.77328194468484 -75.94424596888753 87.8
      vertex 73.75 -75.5 87.8
    endloop
  endfacet
  facet normal 0 0 1
    outer loop
      vertex 73.23893945643097 -82.05303765443708 87.8
      vertex 73.75 -75.5 87.8
      vertex 73.77328194468484 -75.05575403111247 87.8
    endloop
  endfacet
  facet normal 0 0 1
    outer loop
      vertex 75.49696234556292 -83.20355778199074 87.8
      vertex 76.31591530437615 -83.42299556594382 87.8
      vertex 76.27136926692785 -79.38256819498105 87.8
    endloop
  endfacet
  facet normal 0 0 1
    outer loop
      vertex 76.31591530437615 -83.42299556594382 87.8
      vertex 76.68667777390647 -79.5419901942544 87.8
      vertex 76.27136926692785 -79.38256819498105 87.8
    endloop
  endfacet
  facet normal 0 0 1
    outer loop
      vertex 76.31591530437615 -83.42299556594382 87.8
      vertex 77.11637531402452 -79.65712730311867 87.8
      vertex 76.68667777390647 -79.5419901942544 87.8
    endloop
  endfacet
  facet normal 0 0 1
    outer loop
      vertex 77.15331944753201 -83.55562735248301 87.8
      vertex 77.55575403111247 -79.72671805531516 87.8
      vertex 77.11637531402452 -79.65712730311867 87.8
    endloop
  endfacet
  facet normal 0 0 1
    outer loop
      vertex 77.15331944753201 -83.55562735248301 87.8
      vertex 78 -79.75 87.8
      vertex 77.55575403111247 -79.72671805531516 87.8
    endloop
  endfacet
  facet normal 0 0 1
    outer loop
      vertex 78.84668055246799 -83.55562735248301 87.8
      vertex 78.44424596888753 -79.72671805531516 87.8
      vertex 78 -79.75 87.8
    endloop
  endfacet
  facet normal 0 0 1
    outer loop
      vertex 78.84668055246799 -83.55562735248301 87.8
      vertex 78.88362468597548 -79.65712730311867 87.8
      vertex 78.44424596888753 -79.72671805531516 87.8
    endloop
  endfacet
  facet normal 0 0 -1
    outer loop
      vertex 67.43278760463 -84.2850693911314 88.1
      vertex 68.0065329670906 -83.64786062389612 88.1
      vertex 67.65483026206493 -84.06302673369646 88.1
    endloop
  endfacet
  facet normal 0 0 -1
    outer loop
      vertex 67.65483026206493 -84.06302673369646 88.1
      vertex 68.0065329670906 -83.64786062389612 88.1
      vertex 67.8089164569974 -83.89189668744802 88.1
    endloop
  endfacet
  facet normal 0 0 -1
    outer loop
      vertex 67.43278760463 -84.2850693911314 88.1
      vertex 68.1418870985508 -83.46156164258718 88.1
      vertex 68.0065329670906 -83.64786062389612 88.1
    endloop
  endfacet
  facet normal 0 0 -1
    outer loop
      vertex 67.43278760463 -84.2850693911314 88.1
      vertex 68.31291233748198 -83.19820586591959 88.1
      vertex 68.1418870985508 -83.46156164258718 88.1
    endloop
  endfacet
  facet normal 0 0 -1
    outer loop
      vertex 67.43278760463 -84.2850693911314 88.1
      vertex 68.4280514344573 -82.99877908825874 88.1
      vertex 68.31291233748198 -83.19820586591959 88.1
    endloop
  endfacet
  facet normal 0 0 -1
    outer loop
      vertex 67.43278760463 -84.2850693911314 88.1
      vertex 68.57061159610748 -82.71898901462555 88.1
      vertex 68.4280514344573 -82.99877908825874 88.1
    endloop
  endfacet
  facet normal 0 0 -1
    outer loop
      vertex 67.26165755838156 -84.43915558606386 88.1
      vertex 68.84796722978354 -79.00354709476233 88.1
      vertex 67.43278760463 -84.2850693911314 88.1
    endloop
  endfacet
  facet normal 0 0 -1
    outer loop
      vertex 67.43278760463 -84.2850693911314 88.1
      vertex 68.66427417844534 -82.50861942023039 88.1
      vertex 68.57061159610748 -82.71898901462555 88.1
    endloop
  endfacet
  facet normal 0 0 -1
    outer loop
      vertex 67.43278760463 -84.2850693911314 88.1
      vertex 68.7768073529005 -82.21546047925949 88.1
      vertex 68.66427417844534 -82.50861942023039 88.1
    endloop
  endfacet
  facet normal 0 0 -1
    outer loop
      vertex 67.43278760463 -84.2850693911314 88.1
      vertex 68.84796722978354 -81.99645290523767 88.1
      vertex 68.7768073529005 -82.21546047925949 88.1
    endloop
  endfacet
  facet normal 0 0 -1
    outer loop
      vertex 67.43278760463 -84.2850693911314 88.1
      vertex 68.92924048751593 -81.69313699007034 88.1
      vertex 68.84796722978354 -81.99645290523767 88.1
    endloop
  endfacet
  facet normal 0 0 -1
    outer loop
      vertex 67.43278760463 -84.2850693911314 88.1
      vertex 68.97711802273989 -81.46789091825485 88.1
      vertex 68.92924048751593 -81.69313699007034 88.1
    endloop
  endfacet
  facet normal 0 0 -1
    outer loop
      vertex 67.43278760463 -84.2850693911314 88.1
      vertex 69.02624090760946 -81.1577412262559 88.1
      vertex 68.97711802273989 -81.46789091825485 88.1
    endloop
  endfacet
  facet normal 0 0 -1
    outer loop
      vertex 67.43278760463 -84.2850693911314 88.1
      vertex 69.05031153559685 -80.92872451245785 88.1
      vertex 69.02624090760946 -81.1577412262559 88.1
    endloop
  endfacet
  facet normal 0 0 -1
    outer loop
      vertex 67.43278760463 -84.2850693911314 88.1
      vertex 69.06674584746361 -80.61513908952475 88.1
      vertex 69.05031153559685 -80.92872451245785 88.1
    endloop
  endfacet
  facet normal 0 0 -1
    outer loop
      vertex 67.43278760463 -84.2850693911314 88.1
      vertex 69.06674584746361 -80.38486091047525 88.1
      vertex 69.06674584746361 -80.61513908952475 88.1
    endloop
  endfacet
  facet normal 0 0 -1
    outer loop
      vertex 67.43278760463 -84.2850693911314 88.1
      vertex 69.05031153559685 -80.07127551734447 88.1
      vertex 69.06674584746361 -80.38486091047525 88.1
    endloop
  endfacet
  facet normal 0 0 -1
    outer loop
      vertex 67.43278760463 -84.2850693911314 88.1
      vertex 69.02624090760946 -79.8422587737441 88.1
      vertex 69.05031153559685 -80.07127551734447 88.1
    endloop
  endfacet
  facet normal 0 0 -1
    outer loop
      vertex 67.43278760463 -84.2850693911314 88.1
      vertex 68.97711802273989 -79.53210909664631 88.1
      vertex 69.02624090760946 -79.8422587737441 88.1
    endloop
  endfacet
  facet normal 0 0 -1
    outer loop
      vertex 67.43278760463 -84.2850693911314 88.1
      vertex 68.92924048751593 -79.30686300992966 88.1
      vertex 68.97711802273989 -79.53210909664631 88.1
    endloop
  endfacet
  facet normal 0 0 -1
    outer loop
      vertex 67.26165755838156 -84.43915558606386 88.1
      vertex 68.79674170911312 -78.83857395499945 88.1
      vertex 68.84796722978354 -79.00354709476233 88.1
    endloop
  endfacet
  facet normal 0 0 -1
    outer loop
      vertex 67.43278760463 -84.2850693911314 88.1
      vertex 68.84796722978354 -79.00354709476233 88.1
      vertex 68.92924048751593 -79.30686300992966 88.1
    endloop
  endfacet
  facet normal 0 0 -1
    outer loop
      vertex 67.26165755838156 -84.43915558606386 88.1
      vertex 68.42250815033913 -77.55706536024809 88.1
      vertex 68.6771160364151 -78.50727494060993 88.1
    endloop
  endfacet
  facet normal 0 0 -1
    outer loop
      vertex 67.26165755838156 -84.43915558606386 88.1
      vertex 68.41384196281433 -77.51629415899515 88.1
      vertex 68.42250815033913 -77.55706536024809 88.1
    endloop
  endfacet
  facet normal 0 0 -1
    outer loop
      vertex 67.26165755838156 -84.43915558606386 88.1
      vertex 68.25995276123285 -76.54467599093914 88.1
      vertex 68.41384196281433 -77.51629415899515 88.1
    endloop
  endfacet
  facet normal 0 0 -1
    outer loop
      vertex 67.26165755838156 -84.43915558606386 88.1
      vertex 68.6771160364151 -78.50727494060993 88.1
      vertex 68.68999654054642 -78.54691705852747 88.1
    endloop
  endfacet
  facet normal 0 0 -1
    outer loop
      vertex 67.26165755838156 -84.43915558606386 88.1
      vertex 68.7443134561181 -78.69052112847567 88.1
      vertex 68.79674170911312 -78.83857395499945 88.1
    endloop
  endfacet
  facet normal 0 0 -1
    outer loop
      vertex 67.26165755838156 -84.43915558606386 88.1
      vertex 68.72437911480665 -78.63648672401905 88.1
      vertex 68.7443134561181 -78.69052112847567 88.1
    endloop
  endfacet
  facet normal 0 0 -1
    outer loop
      vertex 67.26165755838156 -84.43915558606386 88.1
      vertex 68.68999654054642 -78.54691705852747 88.1
      vertex 68.72437911480665 -78.63648672401905 88.1
    endloop
  endfacet
  facet normal 0 0 -1
    outer loop
      vertex 67.26165755838156 -84.43915558606386 88.1
      vertex 68.25559581071138 -76.50322233140469 88.1
      vertex 68.25995276123285 -76.54467599093914 88.1
    endloop
  endfacet
  facet normal 0 0 -1
    outer loop
      vertex 67.26165755838156 -84.43915558606386 88.1
      vertex 68.20411139726639 -75.52084110677242 88.1
      vertex 68.25559581071138 -76.50322233140469 88.1
    endloop
  endfacet
  facet normal 0 0 -1
    outer loop
      vertex 67.26165755838156 -84.43915558606386 88.1
      vertex 68.20411139726639 -75.47915887087584 88.1
      vertex 68.20411139726639 -75.52084110677242 88.1
    endloop
  endfacet
  facet normal 0 0 -1
    outer loop
      vertex 67.26165755838156 -84.43915558606386 88.1
      vertex 68.25559579581022 -74.49677781760693 88.1
      vertex 68.20411139726639 -75.47915887087584 88.1
    endloop
  endfacet
  facet normal 0 0 1
    outer loop
      vertex 70.29644221800926 -78.00303765443708 87.8
      vertex 70.29644221800926 -72.99696234556292 87.8
      vertex 70.07700443405618 -77.18408469562385 87.8
    endloop
  endfacet
  facet normal 0 0 1
    outer loop
      vertex 69.94437264751699 -76.34668055246799 87.8
      vertex 69.94437264751699 -74.65331944753201 87.8
      vertex 69.9 -75.5 87.8
    endloop
  endfacet
  facet normal 0 0 1
    outer loop
      vertex 70.07700443405618 -77.18408469562385 87.8
      vertex 70.07700443405618 -73.81591530437615 87.8
      vertex 69.94437264751699 -76.34668055246799 87.8
    endloop
  endfacet
  facet normal 0 0 1
    outer loop
      vertex 69.94437264751699 -76.34668055246799 87.8
      vertex 70.07700443405618 -73.81591530437615 87.8
      vertex 69.94437264751699 -74.65331944753201 87.8
    endloop
  endfacet
  facet normal 0 0 1
    outer loop
      vertex 70.07700443405618 -77.18408469562385 87.8
      vertex 70.29644221800926 -72.99696234556292 87.8
      vertex 70.07700443405618 -73.81591530437615 87.8
    endloop
  endfacet
  facet normal 0 0 1
    outer loop
      vertex 70.60028179309494 -78.79456680891398 87.8
      vertex 70.60028179309494 -72.20543319108602 87.8
      vertex 70.29644221800926 -78.00303765443708 87.8
    endloop
  endfacet
  facet normal 0 0 1
    outer loop
      vertex 70.29644221800926 -78.00303765443708 87.8
      vertex 70.60028179309494 -72.20543319108602 87.8
      vertex 70.29644221800926 -72.99696234556292 87.8
    endloop
  endfacet
  facet normal 0 0 1
    outer loop
      vertex 70.60028179309494 -78.79456680891398 87.8
      vertex 70.98519422934605 -71.45 87.8
      vertex 70.60028179309494 -72.20543319108602 87.8
    endloop
  endfacet
  facet normal 0 0 1
    outer loop
      vertex 70.98519422934605 -79.55 87.8
      vertex 71.44696234556292 -70.73893945643097 87.8
      vertex 70.98519422934605 -71.45 87.8
    endloop
  endfacet
  facet normal 0 0 1
    outer loop
      vertex 71.44696234556292 -80.26106054356903 87.8
      vertex 71.98052691363311 -70.08004208849324 87.8
      vertex 71.44696234556292 -70.73893945643097 87.8
    endloop
  endfacet
  facet normal 0 0 1
    outer loop
      vertex 71.98052691363311 -80.91995791150676 87.8
      vertex 72.58004208849324 -69.48052691363311 87.8
      vertex 71.98052691363311 -70.08004208849324 87.8
    endloop
  endfacet
  facet normal 0 0 1
    outer loop
      vertex 72.58004208849324 -81.51947308636689 87.8
      vertex 73.23893945643097 -68.94696234556292 87.8
      vertex 72.58004208849324 -69.48052691363311 87.8
    endloop
  endfacet
  facet normal 0 0 1
    outer loop
      vertex 73.23893945643097 -82.05303765443708 87.8
      vertex 73.77328194468484 -75.05575403111247 87.8
      vertex 73.95 -68.48519422934605 87.8
    endloop
  endfacet
  facet normal 0 0 1
    outer loop
      vertex 73.23893945643097 -82.05303765443708 87.8
      vertex 73.95 -68.48519422934605 87.8
      vertex 73.23893945643097 -68.94696234556292 87.8
    endloop
  endfacet
  facet normal 0 0 1
    outer loop
      vertex 73.77328194468484 -75.05575403111247 87.8
      vertex 73.84287269688133 -74.61637531402452 87.8
      vertex 73.95 -68.48519422934605 87.8
    endloop
  endfacet
  facet normal 0 0 1
    outer loop
      vertex 73.84287269688133 -74.61637531402452 87.8
      vertex 73.9580098057456 -74.18667777390647 87.8
      vertex 73.95 -68.48519422934605 87.8
    endloop
  endfacet
  facet normal 0 0 1
    outer loop
      vertex 73.9580098057456 -74.18667777390647 87.8
      vertex 74.11743180501895 -73.77136926692785 87.8
      vertex 73.95 -68.48519422934605 87.8
    endloop
  endfacet
  facet normal 0 0 1
    outer loop
      vertex 74.11743180501895 -73.77136926692785 87.8
      vertex 74.31939203391613 -73.375 87.8
      vertex 73.95 -68.48519422934605 87.8
    endloop
  endfacet
  facet normal 0 0 1
    outer loop
      vertex 74.31939203391613 -73.375 87.8
      vertex 74.56167777390647 -73.00191267775699 87.8
      vertex 73.95 -68.48519422934605 87.8
    endloop
  endfacet
  facet normal 0 0 1
    outer loop
      vertex 74.56167777390647 -73.00191267775699 87.8
      vertex 74.84163449172108 -72.65619492297485 87.8
      vertex 74.70543319108602 -68.10028179309494 87.8
    endloop
  endfacet
  facet normal 0 0 1
    outer loop
      vertex 74.56167777390647 -73.00191267775699 87.8
      vertex 74.70543319108602 -68.10028179309494 87.8
      vertex 73.95 -68.48519422934605 87.8
    endloop
  endfacet
  facet normal 0 0 1
    outer loop
      vertex 74.84163449172108 -72.65619492297485 87.8
      vertex 75.15619492297485 -72.34163449172108 87.8
      vertex 74.70543319108602 -68.10028179309494 87.8
    endloop
  endfacet
  facet normal 0 0 1
    outer loop
      vertex 75.15619492297485 -72.34163449172108 87.8
      vertex 75.50191267775699 -72.06167777390647 87.8
      vertex 74.70543319108602 -68.10028179309494 87.8
    endloop
  endfacet
  facet normal 0 0 1
    outer loop
      vertex 75.50191267775699 -72.06167777390647 87.8
      vertex 75.875 -71.81939203391613 87.8
      vertex 75.49696234556292 -67.79644221800926 87.8
    endloop
  endfacet
  facet normal 0 0 1
    outer loop
      vertex 75.875 -71.81939203391613 87.8
      vertex 76.27136926692785 -71.61743180501895 87.8
      vertex 75.49696234556292 -67.79644221800926 87.8
    endloop
  endfacet
  facet normal 0 0 1
    outer loop
      vertex 75.50191267775699 -72.06167777390647 87.8
      vertex 75.49696234556292 -67.79644221800926 87.8
      vertex 74.70543319108602 -68.10028179309494 87.8
    endloop
  endfacet
  facet normal 0 0 1
    outer loop
      vertex 76.27136926692785 -71.61743180501895 87.8
      vertex 76.68667777390647 -71.4580098057456 87.8
      vertex 76.31591530437615 -67.57700443405618 87.8
    endloop
  endfacet
  facet normal 0 0 1
    outer loop
      vertex 76.68667777390647 -71.4580098057456 87.8
      vertex 77.11637531402452 -71.34287269688133 87.8
      vertex 76.31591530437615 -67.57700443405618 87.8
    endloop
  endfacet
  facet normal 0 0 1
    outer loop
      vertex 77.11637531402452 -71.34287269688133 87.8
      vertex 77.55575403111247 -71.27328194468484 87.8
      vertex 77.15331944753201 -67.44437264751699 87.8
    endloop
  endfacet
  facet normal 0 0 1
    outer loop
      vertex 76.27136926692785 -71.61743180501895 87.8
      vertex 76.31591530437615 -67.57700443405618 87.8
      vertex 75.49696234556292 -67.79644221800926 87.8
    endloop
  endfacet
  facet normal 0 0 1
    outer loop
      vertex 77.11637531402452 -71.34287269688133 87.8
      vertex 77.15331944753201 -67.44437264751699 87.8
      vertex 76.31591530437615 -67.57700443405618 87.8
    endloop
  endfacet
  facet normal 0 0 1
    outer loop
      vertex 77.15331944753201 -67.44437264751699 87.8
      vertex 77.55575403111247 -71.27328194468484 87.8
      vertex 78 -71.25 87.8
    endloop
  endfacet
  facet normal 0 0 1
    outer loop
      vertex 78 -71.25 87.8
      vertex 78.44424596888753 -71.27328194468484 87.8
      vertex 78.84668055246799 -67.44437264751699 87.8
    endloop
  endfacet
  facet normal 0 0 1
    outer loop
      vertex 78.44424596888753 -71.27328194468484 87.8
      vertex 78.88362468597548 -71.34287269688133 87.8
      vertex 78.84668055246799 -67.44437264751699 87.8
    endloop
  endfacet
  facet normal 0 0 1
    outer loop
      vertex 77.15331944753201 -67.44437264751699 87.8
      vertex 78 -71.25 87.8
      vertex 78 -67.4 87.8
    endloop
  endfacet
  facet normal 0 0 1
    outer loop
      vertex 78 -71.25 87.8
      vertex 78.84668055246799 -67.44437264751699 87.8
      vertex 78 -67.4 87.8
    endloop
  endfacet
  facet normal 0 0 1
    outer loop
      vertex 78.84668055246799 -83.55562735248301 87.8
      vertex 79.68408469562385 -83.42299556594382 87.8
      vertex 78.88362468597548 -79.65712730311867 87.8
    endloop
  endfacet
  facet normal 0 0 1
    outer loop
      vertex 79.68408469562385 -83.42299556594382 87.8
      vertex 79.31332222609353 -79.5419901942544 87.8
      vertex 78.88362468597548 -79.65712730311867 87.8
    endloop
  endfacet
  facet normal 0 0 1
    outer loop
      vertex 79.68408469562385 -83.42299556594382 87.8
      vertex 80.50303765443708 -83.20355778199074 87.8
      vertex 79.72863073307215 -79.38256819498105 87.8
    endloop
  endfacet
  facet normal 0 0 1
    outer loop
      vertex 79.68408469562385 -83.42299556594382 87.8
      vertex 79.72863073307215 -79.38256819498105 87.8
      vertex 79.31332222609353 -79.5419901942544 87.8
    endloop
  endfacet
  facet normal 0 0 1
    outer loop
      vertex 80.50303765443708 -83.20355778199074 87.8
      vertex 80.125 -79.18060796608387 87.8
      vertex 79.72863073307215 -79.38256819498105 87.8
    endloop
  endfacet
  facet normal 0 0 1
    outer loop
      vertex 80.50303765443708 -83.20355778199074 87.8
      vertex 81.29456680891398 -82.89971820690506 87.8
      vertex 80.49808732224301 -78.93832222609353 87.8
    endloop
  endfacet
  facet normal 0 0 1
    outer loop
      vertex 80.50303765443708 -83.20355778199074 87.8
      vertex 80.49808732224301 -78.93832222609353 87.8
      vertex 80.125 -79.18060796608387 87.8
    endloop
  endfacet
  facet normal 0 0 1
    outer loop
      vertex 81.29456680891398 -82.89971820690506 87.8
      vertex 80.84380507702515 -78.65836550827892 87.8
      vertex 80.49808732224301 -78.93832222609353 87.8
    endloop
  endfacet
  facet normal 0 0 1
    outer loop
      vertex 81.29456680891398 -82.89971820690506 87.8
      vertex 81.15836550827892 -78.34380507702515 87.8
      vertex 80.84380507702515 -78.65836550827892 87.8
    endloop
  endfacet
  facet normal 0 0 1
    outer loop
      vertex 81.29456680891398 -82.89971820690506 87.8
      vertex 81.43832222609353 -77.99808732224301 87.8
      vertex 81.15836550827892 -78.34380507702515 87.8
    endloop
  endfacet
  facet normal 0 0 1
    outer loop
      vertex 81.29456680891398 -82.89971820690506 87.8
      vertex 82.05 -82.51480577065395 87.8
      vertex 81.43832222609353 -77.99808732224301 87.8
    endloop
  endfacet
  facet normal 0 0 1
    outer loop
      vertex 82.05 -82.51480577065395 87.8
      vertex 81.68060796608387 -77.625 87.8
      vertex 81.43832222609353 -77.99808732224301 87.8
    endloop
  endfacet
  facet normal 0 0 1
    outer loop
      vertex 82.05 -82.51480577065395 87.8
      vertex 81.88256819498105 -77.22863073307215 87.8
      vertex 81.68060796608387 -77.625 87.8
    endloop
  endfacet
  facet normal 0 0 1
    outer loop
      vertex 82.05 -82.51480577065395 87.8
      vertex 82.0419901942544 -76.81332222609353 87.8
      vertex 81.88256819498105 -77.22863073307215 87.8
    endloop
  endfacet
  facet normal 0 0 1
    outer loop
      vertex 82.05 -82.51480577065395 87.8
      vertex 82.15712730311867 -76.38362468597548 87.8
      vertex 82.0419901942544 -76.81332222609353 87.8
    endloop
  endfacet
  facet normal 0 0 1
    outer loop
      vertex 82.05 -82.51480577065395 87.8
      vertex 82.22671805531516 -75.94424596888753 87.8
      vertex 82.15712730311867 -76.38362468597548 87.8
    endloop
  endfacet
  facet normal 0 0 1
    outer loop
      vertex 82.05 -82.51480577065395 87.8
      vertex 82.76106054356903 -82.05303765443708 87.8
      vertex 82.76106054356903 -68.94696234556292 87.8
    endloop
  endfacet
  facet normal 0 0 1
    outer loop
      vertex 82.76106054356903 -82.05303765443708 87.8
      vertex 83.41995791150676 -81.51947308636689 87.8
      vertex 83.41995791150676 -69.48052691363311 87.8
    endloop
  endfacet
  facet normal 0 0 1
    outer loop
      vertex 83.41995791150676 -81.51947308636689 87.8
      vertex 84.01947308636689 -80.91995791150676 87.8
      vertex 84.01947308636689 -70.08004208849324 87.8
    endloop
  endfacet
  facet normal 0 0 1
    outer loop
      vertex 84.01947308636689 -80.91995791150676 87.8
      vertex 84.55303765443708 -80.26106054356903 87.8
      vertex 84.55303765443708 -70.73893945643097 87.8
    endloop
  endfacet
  facet normal 0 0 1
    outer loop
      vertex 84.55303765443708 -80.26106054356903 87.8
      vertex 85.01480577065395 -79.55 87.8
      vertex 85.01480577065395 -71.45 87.8
    endloop
  endfacet
  facet normal 0 0 1
    outer loop
      vertex 85.01480577065395 -79.55 87.8
      vertex 85.39971820690506 -78.79456680891398 87.8
      vertex 85.39971820690506 -72.20543319108602 87.8
    endloop
  endfacet
  facet normal 0 0 1
    outer loop
      vertex 85.39971820690506 -78.79456680891398 87.8
      vertex 85.70355778199074 -78.00303765443708 87.8
      vertex 85.70355778199074 -72.99696234556292 87.8
    endloop
  endfacet
  facet normal 0 0 1
    outer loop
      vertex 81.15836550827892 -72.65619492297485 87.8
      vertex 81.43832222609353 -73.00191267775699 87.8
      vertex 81.29456680891398 -68.10028179309494 87.8
    endloop
  endfacet
  facet normal 0 0 1
    outer loop
      vertex 82.05 -82.51480577065395 87.8
      vertex 82.76106054356903 -68.94696234556292 87.8
      vertex 82.22671805531516 -75.94424596888753 87.8
    endloop
  endfacet
  facet normal 0 0 1
    outer loop
      vertex 84.01947308636689 -80.91995791150676 87.8
      vertex 84.55303765443708 -70.73893945643097 87.8
      vertex 84.01947308636689 -70.08004208849324 87.8
    endloop
  endfacet
  facet normal 0 0 1
    outer loop
      vertex 82.22671805531516 -75.94424596888753 87.8
      vertex 82.76106054356903 -68.94696234556292 87.8
      vertex 82.25 -75.5 87.8
    endloop
  endfacet
  facet normal 0 0 1
    outer loop
      vertex 82.25 -75.5 87.8
      vertex 82.76106054356903 -68.94696234556292 87.8
      vertex 82.22671805531516 -75.05575403111247 87.8
    endloop
  endfacet
  facet normal 0 0 1
    outer loop
      vertex 82.22671805531516 -75.05575403111247 87.8
      vertex 82.76106054356903 -68.94696234556292 87.8
      vertex 82.15712730311867 -74.61637531402452 87.8
    endloop
  endfacet
  facet normal 0 0 1
    outer loop
      vertex 81.88256819498105 -73.77136926692785 87.8
      vertex 82.05 -68.48519422934605 87.8
      vertex 81.68060796608387 -73.375 87.8
    endloop
  endfacet
  facet normal 0 0 1
    outer loop
      vertex 82.15712730311867 -74.61637531402452 87.8
      vertex 82.05 -68.48519422934605 87.8
      vertex 82.0419901942544 -74.18667777390647 87.8
    endloop
  endfacet
  facet normal 0 0 1
    outer loop
      vertex 81.88256819498105 -73.77136926692785 87.8
      vertex 82.0419901942544 -74.18667777390647 87.8
      vertex 82.05 -68.48519422934605 87.8
    endloop
  endfacet
  facet normal 0 0 1
    outer loop
      vertex 81.43832222609353 -73.00191267775699 87.8
      vertex 81.68060796608387 -73.375 87.8
      vertex 82.05 -68.48519422934605 87.8
    endloop
  endfacet
  facet normal 0 0 1
    outer loop
      vertex 82.76106054356903 -82.05303765443708 87.8
      vertex 83.41995791150676 -69.48052691363311 87.8
      vertex 82.76106054356903 -68.94696234556292 87.8
    endloop
  endfacet
  facet normal 0 0 1
    outer loop
      vertex 83.41995791150676 -81.51947308636689 87.8
      vertex 84.01947308636689 -70.08004208849324 87.8
      vertex 83.41995791150676 -69.48052691363311 87.8
    endloop
  endfacet
  facet normal 0 0 1
    outer loop
      vertex 78.88362468597548 -71.34287269688133 87.8
      vertex 79.31332222609353 -71.4580098057456 87.8
      vertex 79.68408469562385 -67.57700443405618 87.8
    endloop
  endfacet
  facet normal 0 0 1
    outer loop
      vertex 79.72863073307215 -71.61743180501895 87.8
      vertex 80.125 -71.81939203391613 87.8
      vertex 80.50303765443708 -67.79644221800926 87.8
    endloop
  endfacet
  facet normal 0 0 1
    outer loop
      vertex 79.31332222609353 -71.4580098057456 87.8
      vertex 79.72863073307215 -71.61743180501895 87.8
      vertex 79.68408469562385 -67.57700443405618 87.8
    endloop
  endfacet
  facet normal 0 0 1
    outer loop
      vertex 78.88362468597548 -71.34287269688133 87.8
      vertex 79.68408469562385 -67.57700443405618 87.8
      vertex 78.84668055246799 -67.44437264751699 87.8
    endloop
  endfacet
  facet normal 0 0 1
    outer loop
      vertex 79.72863073307215 -71.61743180501895 87.8
      vertex 80.50303765443708 -67.79644221800926 87.8
      vertex 79.68408469562385 -67.57700443405618 87.8
    endloop
  endfacet
  facet normal 0 0 1
    outer loop
      vertex 80.125 -71.81939203391613 87.8
      vertex 80.49808732224301 -72.06167777390647 87.8
      vertex 80.50303765443708 -67.79644221800926 87.8
    endloop
  endfacet
  facet normal 0 0 1
    outer loop
      vertex 80.84380507702515 -72.34163449172108 87.8
      vertex 80.50303765443708 -67.79644221800926 87.8
      vertex 80.49808732224301 -72.06167777390647 87.8
    endloop
  endfacet
  facet normal 0 0 1
    outer loop
      vertex 80.84380507702515 -72.34163449172108 87.8
      vertex 81.15836550827892 -72.65619492297485 87.8
      vertex 81.29456680891398 -68.10028179309494 87.8
    endloop
  endfacet
  facet normal 0 0 1
    outer loop
      vertex 80.84380507702515 -72.34163449172108 87.8
      vertex 81.29456680891398 -68.10028179309494 87.8
      vertex 80.50303765443708 -67.79644221800926 87.8
    endloop
  endfacet
  facet normal 0 0 1
    outer loop
      vertex 81.43832222609353 -73.00191267775699 87.8
      vertex 82.05 -68.48519422934605 87.8
      vertex 81.29456680891398 -68.10028179309494 87.8
    endloop
  endfacet
  facet normal 0 0 1
    outer loop
      vertex 82.15712730311867 -74.61637531402452 87.8
      vertex 82.76106054356903 -68.94696234556292 87.8
      vertex 82.05 -68.48519422934605 87.8
    endloop
  endfacet
  facet normal 0 0 1
    outer loop
      vertex 84.55303765443708 -80.26106054356903 87.8
      vertex 85.01480577065395 -71.45 87.8
      vertex 84.55303765443708 -70.73893945643097 87.8
    endloop
  endfacet
  facet normal 0 0 1
    outer loop
      vertex 85.70355778199074 -78.00303765443708 87.8
      vertex 85.92299556594382 -73.81591530437615 87.8
      vertex 85.70355778199074 -72.99696234556292 87.8
    endloop
  endfacet
  facet normal 0 0 1
    outer loop
      vertex 85.39971820690506 -78.79456680891398 87.8
      vertex 85.70355778199074 -72.99696234556292 87.8
      vertex 85.39971820690506 -72.20543319108602 87.8
    endloop
  endfacet
  facet normal 0 0 1
    outer loop
      vertex 85.01480577065395 -79.55 87.8
      vertex 85.39971820690506 -72.20543319108602 87.8
      vertex 85.01480577065395 -71.45 87.8
    endloop
  endfacet
  facet normal 0 0 1
    outer loop
      vertex 85.70355778199074 -78.00303765443708 87.8
      vertex 85.92299556594382 -77.18408469562385 87.8
      vertex 85.92299556594382 -73.81591530437615 87.8
    endloop
  endfacet
  facet normal 0 0 1
    outer loop
      vertex 85.92299556594382 -77.18408469562385 87.8
      vertex 86.05562735248301 -76.34668055246799 87.8
      vertex 86.05562735248301 -74.65331944753201 87.8
    endloop
  endfacet
  facet normal 0 0 1
    outer loop
      vertex 86.05562735248301 -76.34668055246799 87.8
      vertex 86.1 -75.5 87.8
      vertex 86.05562735248301 -74.65331944753201 87.8
    endloop
  endfacet
  facet normal 0 0 1
    outer loop
      vertex 85.92299556594382 -77.18408469562385 87.8
      vertex 86.05562735248301 -74.65331944753201 87.8
      vertex 85.92299556594382 -73.81591530437615 87.8
    endloop
  endfacet
  facet normal 0 0 -1
    outer loop
      vertex 83.92670915275812 -66.48475060611963 88.1
      vertex 84.7549412921071 -66.26282646507025 88.1
      vertex 84.23386289179325 -66.41946306079626 88.1
    endloop
  endfacet
  facet normal 0 0 -1
    outer loop
      vertex 84.23386289179325 -66.41946306079626 88.1
      vertex 84.7549412921071 -66.26282646507025 88.1
      vertex 84.45629455894232 -66.35986267775297 88.1
    endloop
  endfacet
  facet normal 0 0 -1
    outer loop
      vertex 83.92670915275812 -66.48475060611963 88.1
      vertex 84.9699244722724 -66.1803021505475 88.1
      vertex 84.7549412921071 -66.26282646507025 88.1
    endloop
  endfacet
  facet normal 0 0 -1
    outer loop
      vertex 83.92670915275812 -66.48475060611963 88.1
      vertex 85.25679212063551 -66.05258044600487 88.1
      vertex 84.9699244722724 -66.1803021505475 88.1
    endloop
  endfacet
  facet normal 0 0 -1
    outer loop
      vertex 83.92670915275812 -66.48475060611963 88.1
      vertex 85.4619715064764 -65.9480363279581 88.1
      vertex 85.25679212063551 -66.05258044600487 88.1
    endloop
  endfacet
  facet normal 0 0 -1
    outer loop
      vertex 83.92670915275812 -66.48475060611963 88.1
      vertex 85.73391714692116 -65.79102843254805 88.1
      vertex 85.4619715064764 -65.9480363279581 88.1
    endloop
  endfacet
  facet normal 0 0 -1
    outer loop
      vertex 83.92670915275812 -66.48475060611963 88.1
      vertex 85.92704467475414 -65.66560994833708 88.1
      vertex 85.73391714692116 -65.79102843254805 88.1
    endloop
  endfacet
  facet normal 0 0 -1
    outer loop
      vertex 83.92670915275812 -66.48475060611963 88.1
      vertex 86.18108874559402 -65.48103612661362 88.1
      vertex 85.92704467475414 -65.66560994833708 88.1
    endloop
  endfacet
  facet normal 0 0 -1
    outer loop
      vertex 83.92670915275812 -66.48475060611963 88.1
      vertex 86.36004852503538 -65.33611735701561 88.1
      vertex 86.18108874559402 -65.48103612661362 88.1
    endloop
  endfacet
  facet normal 0 0 -1
    outer loop
      vertex 83.92670915275812 -66.48475060611963 88.1
      vertex 86.59340770542622 -65.12599980086088 88.1
      vertex 86.36004852503538 -65.33611735701561 88.1
    endloop
  endfacet
  facet normal 0.9659258262890682 0.258819045102521 0
    outer loop
      vertex 70.29644221800926 -78.00303765443708 87.8
      vertex 70.07700443405618 -77.18408469562385 87.8
      vertex 70.07700443405618 -77.18408469562385 90
    endloop
  endfacet
  facet normal 0.9876883405951371 0.1564344650402346 0
    outer loop
      vertex 70.07700443405618 -77.18408469562385 87.8
      vertex 69.94437264751699 -76.34668055246799 87.8
      vertex 69.94437264751699 -76.34668055246799 90
    endloop
  endfacet
  facet normal 0.7771459614569688 0.62932039104984 0
    outer loop
      vertex 71.44696234556292 -80.26106054356903 87.8
      vertex 71.44696234556292 -80.26106054356903 90
      vertex 71.98052691363311 -80.91995791150676 87.8
    endloop
  endfacet
  facet normal 0.8386705679454272 0.5446390350150223 0
    outer loop
      vertex 71.44696234556292 -80.26106054356903 87.8
      vertex 70.98519422934605 -79.55 87.8
      vertex 70.98519422934605 -79.55 90
    endloop
  endfacet
  facet normal 0.7071067811865476 0.7071067811865476 0
    outer loop
      vertex 71.98052691363311 -80.91995791150676 87.8
      vertex 71.98052691363311 -80.91995791150676 90
      vertex 72.58004208849324 -81.51947308636689 87.8
    endloop
  endfacet
  facet normal 0.62932039104984 0.7771459614569688 0
    outer loop
      vertex 72.58004208849324 -81.51947308636689 87.8
      vertex 72.58004208849324 -81.51947308636689 90
      vertex 73.23893945643097 -82.05303765443708 87.8
    endloop
  endfacet
  facet normal 0.891006524188367 0.45399049973954864 0
    outer loop
      vertex 70.98519422934605 -79.55 87.8
      vertex 70.60028179309494 -78.79456680891398 87.8
      vertex 70.60028179309494 -78.79456680891398 90
    endloop
  endfacet
  facet normal 0.9335804264972021 0.3583679495452997 0
    outer loop
      vertex 70.60028179309494 -78.79456680891398 87.8
      vertex 70.29644221800926 -78.00303765443708 87.8
      vertex 70.29644221800926 -78.00303765443708 90
    endloop
  endfacet
  facet normal 0.5446390350150223 0.8386705679454272 0
    outer loop
      vertex 73.23893945643097 -82.05303765443708 87.8
      vertex 73.23893945643097 -82.05303765443708 90
      vertex 73.95 -82.51480577065395 87.8
    endloop
  endfacet
  facet normal 0.45399049973954864 0.891006524188367 0
    outer loop
      vertex 73.95 -82.51480577065395 87.8
      vertex 73.95 -82.51480577065395 90
      vertex 74.70543319108602 -82.89971820690506 87.8
    endloop
  endfacet
  facet normal 0.3583679495452997 0.9335804264972021 0
    outer loop
      vertex 75.49696234556292 -83.20355778199074 87.8
      vertex 74.70543319108602 -82.89971820690506 87.8
      vertex 74.70543319108602 -82.89971820690506 90
    endloop
  endfacet
  facet normal 0.258819045102521 0.9659258262890682 0
    outer loop
      vertex 75.49696234556292 -83.20355778199074 87.8
      vertex 75.49696234556292 -83.20355778199074 90
      vertex 76.31591530437615 -83.42299556594382 87.8
    endloop
  endfacet
  facet normal 0.1564344650402346 0.9876883405951371 0
    outer loop
      vertex 76.31591530437615 -83.42299556594382 87.8
      vertex 76.31591530437615 -83.42299556594382 90
      vertex 77.15331944753201 -83.55562735248301 87.8
    endloop
  endfacet
  facet normal 0.0523359562429368 0.9986295347545743 0
    outer loop
      vertex 77.15331944753201 -83.55562735248301 87.8
      vertex 77.15331944753201 -83.55562735248301 90
      vertex 78 -83.6 87.8
    endloop
  endfacet
  facet normal -0.0523359562429368 0.9986295347545743 0
    outer loop
      vertex 78 -83.6 87.8
      vertex 78 -83.6 90
      vertex 78.84668055246799 -83.55562735248301 87.8
    endloop
  endfacet
  facet normal 0.9986295347545743 0.0523359562429368 0
    outer loop
      vertex 69.94437264751699 -76.34668055246799 87.8
      vertex 69.9 -75.5 87.8
      vertex 69.9 -75.5 90
    endloop
  endfacet
  facet normal 0.9986295347545743 -0.0523359562429368 0
    outer loop
      vertex 69.9 -75.5 87.8
      vertex 69.94437264751699 -74.65331944753201 87.8
      vertex 69.94437264751699 -74.65331944753201 90
    endloop
  endfacet
  facet normal 0.9876883405951371 -0.1564344650402346 0
    outer loop
      vertex 69.94437264751699 -74.65331944753201 87.8
      vertex 70.07700443405618 -73.81591530437615 87.8
      vertex 70.07700443405618 -73.81591530437615 90
    endloop
  endfacet
  facet normal 0.9659258262890682 -0.258819045102521 0
    outer loop
      vertex 70.07700443405618 -73.81591530437615 87.8
      vertex 70.29644221800926 -72.99696234556292 87.8
      vertex 70.29644221800926 -72.99696234556292 90
    endloop
  endfacet
  facet normal 0.9335804264972021 -0.3583679495452997 0
    outer loop
      vertex 70.29644221800926 -72.99696234556292 87.8
      vertex 70.60028179309494 -72.20543319108602 87.8
      vertex 70.60028179309494 -72.20543319108602 90
    endloop
  endfacet
  facet normal 0.891006524188367 -0.45399049973954864 0
    outer loop
      vertex 70.60028179309494 -72.20543319108602 87.8
      vertex 70.98519422934605 -71.45 87.8
      vertex 70.98519422934605 -71.45 90
    endloop
  endfacet
  facet normal 0.8386705679454272 -0.5446390350150223 0
    outer loop
      vertex 70.98519422934605 -71.45 87.8
      vertex 71.44696234556292 -70.73893945643097 87.8
      vertex 71.44696234556292 -70.73893945643097 90
    endloop
  endfacet
  facet normal 0.7771459614569688 -0.62932039104984 0
    outer loop
      vertex 71.44696234556292 -70.73893945643097 87.8
      vertex 71.98052691363311 -70.08004208849324 87.8
      vertex 71.98052691363311 -70.08004208849324 90
    endloop
  endfacet
  facet normal 0.7071067811865476 -0.7071067811865476 0
    outer loop
      vertex 71.98052691363311 -70.08004208849324 87.8
      vertex 72.58004208849324 -69.48052691363311 87.8
      vertex 72.58004208849324 -69.48052691363311 90
    endloop
  endfacet
  facet normal 0.62932039104984 -0.7771459614569688 0
    outer loop
      vertex 72.58004208849324 -69.48052691363311 87.8
      vertex 73.23893945643097 -68.94696234556292 87.8
      vertex 73.23893945643097 -68.94696234556292 90
    endloop
  endfacet
  facet normal 0.5446390350150223 -0.8386705679454272 0
    outer loop
      vertex 73.23893945643097 -68.94696234556292 87.8
      vertex 73.95 -68.48519422934605 87.8
      vertex 73.95 -68.48519422934605 90
    endloop
  endfacet
  facet normal 0.45399049973954864 -0.891006524188367 0
    outer loop
      vertex 73.95 -68.48519422934605 87.8
      vertex 74.70543319108602 -68.10028179309494 87.8
      vertex 74.70543319108602 -68.10028179309494 90
    endloop
  endfacet
  facet normal 0.3583679495452997 -0.9335804264972021 0
    outer loop
      vertex 74.70543319108602 -68.10028179309494 87.8
      vertex 75.49696234556292 -67.79644221800926 87.8
      vertex 75.49696234556292 -67.79644221800926 90
    endloop
  endfacet
  facet normal 0.258819045102521 -0.9659258262890682 0
    outer loop
      vertex 75.49696234556292 -67.79644221800926 87.8
      vertex 76.31591530437615 -67.57700443405618 87.8
      vertex 76.31591530437615 -67.57700443405618 90
    endloop
  endfacet
  facet normal 0.1564344650402346 -0.9876883405951371 0
    outer loop
      vertex 76.31591530437615 -67.57700443405618 87.8
      vertex 77.15331944753201 -67.44437264751699 87.8
      vertex 77.15331944753201 -67.44437264751699 90
    endloop
  endfacet
  facet normal 0.0523359562429368 -0.9986295347545743 0
    outer loop
      vertex 77.15331944753201 -67.44437264751699 87.8
      vertex 78 -67.4 87.8
      vertex 78 -67.4 90
    endloop
  endfacet
  facet normal -0.0523359562429368 -0.9986295347545743 0
    outer loop
      vertex 78 -67.4 87.8
      vertex 78.84668055246799 -67.44437264751699 87.8
      vertex 78.84668055246799 -67.44437264751699 90
    endloop
  endfacet
  facet normal 0.052335961698072614 -0.9986295344686827 0
    outer loop
      vertex 84.62717077881098 -87.4671313688159 85
      vertex 84.62717077881098 -87.4671313688159 90
      vertex 84 -87.5 90
    endloop
  endfacet
  facet normal 0.15643445553477123 -0.9876883421006546 0
    outer loop
      vertex 85.24747014790773 -87.36888560652733 85
      vertex 85.24747014790773 -87.36888560652733 90
      vertex 84.62717077881098 -87.4671313688159 90
    endloop
  endfacet
  facet normal 0.25881904950851087 -0.9659258251084867 0
    outer loop
      vertex 85.85410196334124 -87.20633909851313 85
      vertex 85.85410196334124 -87.20633909851313 90
      vertex 85.24747014790773 -87.36888560652733 90
    endloop
  endfacet
  facet normal 0.3583679532441575 -0.9335804250773435 0
    outer loop
      vertex 86.44041986018419 -86.98127274215221 85
      vertex 86.44041986018419 -86.98127274215221 90
      vertex 85.85410196334124 -87.20633909851313 90
    endloop
  endfacet
  facet normal 0.4539904916265432 -0.8910065283221495 0
    outer loop
      vertex 87 -86.69615242630243 85
      vertex 87 -86.69615242630243 90
      vertex 86.44041986018419 -86.98127274215221 90
    endloop
  endfacet
  facet normal 0.5446390406067345 -0.8386705643141267 0
    outer loop
      vertex 87.52671151608229 -86.35410196334124 85
      vertex 87.52671151608229 -86.35410196334124 90
      vertex 87 -86.69615242630243 90
    endloop
  endfacet
  facet normal 0.6293203941204519 -0.7771459589704363 0
    outer loop
      vertex 88.01478363573551 -85.95886895060539 85
      vertex 88.01478363573551 -85.95886895060539 90
      vertex 87.52671151608229 -86.35410196334124 90
    endloop
  endfacet
  facet normal 0.7071067811865476 -0.7071067811865476 0
    outer loop
      vertex 88.45886895060539 -85.51478363573551 85
      vertex 88.45886895060539 -85.51478363573551 90
      vertex 88.01478363573551 -85.95886895060539 90
    endloop
  endfacet
  facet normal 0.7771459589704363 -0.6293203941204519 0
    outer loop
      vertex 88.85410196334124 -85.02671151608229 85
      vertex 88.85410196334124 -85.02671151608229 90
      vertex 88.45886895060539 -85.51478363573551 90
    endloop
  endfacet
  facet normal 0.8386705643141267 -0.5446390406067345 0
    outer loop
      vertex 89.19615242630243 -84.5 85
      vertex 89.19615242630243 -84.5 90
      vertex 88.85410196334124 -85.02671151608229 90
    endloop
  endfacet
  facet normal 0.8910065283221495 -0.4539904916265432 0
    outer loop
      vertex 89.48127274215221 -83.94041986018419 85
      vertex 89.48127274215221 -83.94041986018419 90
      vertex 89.19615242630243 -84.5 90
    endloop
  endfacet
  facet normal 0.9335804250773435 -0.3583679532441575 0
    outer loop
      vertex 89.70633909851313 -83.35410196334124 85
      vertex 89.70633909851313 -83.35410196334124 90
      vertex 89.48127274215221 -83.94041986018419 90
    endloop
  endfacet
  facet normal 0.9659258251084867 -0.25881904950851087 0
    outer loop
      vertex 89.86888560652733 -82.74747014790773 85
      vertex 89.86888560652733 -82.74747014790773 90
      vertex 89.70633909851313 -83.35410196334124 90
    endloop
  endfacet
  facet normal 0.9876883421006546 -0.15643445553477123 0
    outer loop
      vertex 89.9671313688159 -82.12717077881098 85
      vertex 89.9671313688159 -82.12717077881098 90
      vertex 89.86888560652733 -82.74747014790773 90
    endloop
  endfacet
  facet normal 0.9986295344686827 -0.052335961698072614 0
    outer loop
      vertex 90 -81.5 85
      vertex 90 -81.5 90
      vertex 89.9671313688159 -82.12717077881098 90
    endloop
  endfacet
  facet normal -0.1564344650402346 0.9876883405951371 0
    outer loop
      vertex 78.84668055246799 -83.55562735248301 87.8
      vertex 78.84668055246799 -83.55562735248301 90
      vertex 79.68408469562385 -83.42299556594382 87.8
    endloop
  endfacet
  facet normal -0.258819045102521 0.9659258262890682 0
    outer loop
      vertex 79.68408469562385 -83.42299556594382 87.8
      vertex 79.68408469562385 -83.42299556594382 90
      vertex 80.50303765443708 -83.20355778199074 87.8
    endloop
  endfacet
  facet normal -0.3583679495452997 0.9335804264972021 0
    outer loop
      vertex 80.50303765443708 -83.20355778199074 87.8
      vertex 80.50303765443708 -83.20355778199074 90
      vertex 81.29456680891398 -82.89971820690506 87.8
    endloop
  endfacet
  facet normal -0.45399049973954864 0.891006524188367 0
    outer loop
      vertex 81.29456680891398 -82.89971820690506 87.8
      vertex 81.29456680891398 -82.89971820690506 90
      vertex 82.05 -82.51480577065395 87.8
    endloop
  endfacet
  facet normal -0.5446390350150223 0.8386705679454272 0
    outer loop
      vertex 82.05 -82.51480577065395 87.8
      vertex 82.05 -82.51480577065395 90
      vertex 82.76106054356903 -82.05303765443708 87.8
    endloop
  endfacet
  facet normal -0.62932039104984 0.7771459614569688 0
    outer loop
      vertex 82.76106054356903 -82.05303765443708 87.8
      vertex 82.76106054356903 -82.05303765443708 90
      vertex 83.41995791150676 -81.51947308636689 87.8
    endloop
  endfacet
  facet normal -0.7071067811865476 0.7071067811865476 0
    outer loop
      vertex 83.41995791150676 -81.51947308636689 87.8
      vertex 83.41995791150676 -81.51947308636689 90
      vertex 84.01947308636689 -80.91995791150676 87.8
    endloop
  endfacet
  facet normal -0.7771459614569688 0.62932039104984 0
    outer loop
      vertex 84.01947308636689 -80.91995791150676 87.8
      vertex 84.01947308636689 -80.91995791150676 90
      vertex 84.55303765443708 -80.26106054356903 87.8
    endloop
  endfacet
  facet normal -0.8386705679454272 0.5446390350150223 0
    outer loop
      vertex 84.55303765443708 -80.26106054356903 87.8
      vertex 84.55303765443708 -80.26106054356903 90
      vertex 85.01480577065395 -79.55 87.8
    endloop
  endfacet
  facet normal -0.891006524188367 0.45399049973954864 0
    outer loop
      vertex 85.01480577065395 -79.55 87.8
      vertex 85.01480577065395 -79.55 90
      vertex 85.39971820690506 -78.79456680891398 87.8
    endloop
  endfacet
  facet normal -0.9335804264972021 0.3583679495452997 0
    outer loop
      vertex 85.39971820690506 -78.79456680891398 87.8
      vertex 85.39971820690506 -78.79456680891398 90
      vertex 85.70355778199074 -78.00303765443708 87.8
    endloop
  endfacet
  facet normal -0.9659258262890682 0.258819045102521 0
    outer loop
      vertex 85.70355778199074 -78.00303765443708 87.8
      vertex 85.70355778199074 -78.00303765443708 90
      vertex 85.92299556594382 -77.18408469562385 87.8
    endloop
  endfacet
  facet normal -0.9876883405951371 0.1564344650402346 0
    outer loop
      vertex 85.92299556594382 -77.18408469562385 87.8
      vertex 85.92299556594382 -77.18408469562385 90
      vertex 86.05562735248301 -76.34668055246799 87.8
    endloop
  endfacet
  facet normal -0.1564344650402346 -0.9876883405951371 0
    outer loop
      vertex 78.84668055246799 -67.44437264751699 87.8
      vertex 79.68408469562385 -67.57700443405618 87.8
      vertex 79.68408469562385 -67.57700443405618 90
    endloop
  endfacet
  facet normal -0.258819045102521 -0.9659258262890682 0
    outer loop
      vertex 79.68408469562385 -67.57700443405618 87.8
      vertex 80.50303765443708 -67.79644221800926 87.8
      vertex 80.50303765443708 -67.79644221800926 90
    endloop
  endfacet
  facet normal -0.3583679495452997 -0.9335804264972021 0
    outer loop
      vertex 80.50303765443708 -67.79644221800926 87.8
      vertex 81.29456680891398 -68.10028179309494 87.8
      vertex 81.29456680891398 -68.10028179309494 90
    endloop
  endfacet
  facet normal -0.5446390350150223 -0.8386705679454272 0
    outer loop
      vertex 82.05 -68.48519422934605 87.8
      vertex 82.76106054356903 -68.94696234556292 87.8
      vertex 82.76106054356903 -68.94696234556292 90
    endloop
  endfacet
  facet normal -0.7071067811865476 -0.7071067811865476 0
    outer loop
      vertex 84.01947308636689 -70.08004208849324 87.8
      vertex 84.01947308636689 -70.08004208849324 90
      vertex 83.41995791150676 -69.48052691363311 87.8
    endloop
  endfacet
  facet normal -0.62932039104984 -0.7771459614569688 0
    outer loop
      vertex 82.76106054356903 -68.94696234556292 87.8
      vertex 83.41995791150676 -69.48052691363311 87.8
      vertex 83.41995791150676 -69.48052691363311 90
    endloop
  endfacet
  facet normal -0.45399049973954864 -0.891006524188367 0
    outer loop
      vertex 81.29456680891398 -68.10028179309494 87.8
      vertex 82.05 -68.48519422934605 87.8
      vertex 82.05 -68.48519422934605 90
    endloop
  endfacet
  facet normal -0.9986295347545743 0.0523359562429368 0
    outer loop
      vertex 86.05562735248301 -76.34668055246799 87.8
      vertex 86.05562735248301 -76.34668055246799 90
      vertex 86.1 -75.5 87.8
    endloop
  endfacet
  facet normal -0.9986295347545743 -0.0523359562429368 0
    outer loop
      vertex 86.1 -75.5 87.8
      vertex 86.1 -75.5 90
      vertex 86.05562735248301 -74.65331944753201 87.8
    endloop
  endfacet
  facet normal -0.9876883405951371 -0.1564344650402346 0
    outer loop
      vertex 86.05562735248301 -74.65331944753201 87.8
      vertex 86.05562735248301 -74.65331944753201 90
      vertex 85.92299556594382 -73.81591530437615 87.8
    endloop
  endfacet
  facet normal -0.9335804264972021 -0.3583679495452997 0
    outer loop
      vertex 85.39971820690506 -72.20543319108602 87.8
      vertex 85.70355778199074 -72.99696234556292 87.8
      vertex 85.70355778199074 -72.99696234556292 90
    endloop
  endfacet
  facet normal -0.8386705679454272 -0.5446390350150223 0
    outer loop
      vertex 85.01480577065395 -71.45 87.8
      vertex 85.01480577065395 -71.45 90
      vertex 84.55303765443708 -70.73893945643097 87.8
    endloop
  endfacet
  facet normal -0.891006524188367 -0.45399049973954864 0
    outer loop
      vertex 85.39971820690506 -72.20543319108602 87.8
      vertex 85.39971820690506 -72.20543319108602 90
      vertex 85.01480577065395 -71.45 87.8
    endloop
  endfacet
  facet normal -0.9659258262890682 -0.258819045102521 0
    outer loop
      vertex 85.92299556594382 -73.81591530437615 87.8
      vertex 85.92299556594382 -73.81591530437615 90
      vertex 85.70355778199074 -72.99696234556292 87.8
    endloop
  endfacet
  facet normal -0.7771459614569688 -0.62932039104984 0
    outer loop
      vertex 84.01947308636689 -70.08004208849324 87.8
      vertex 84.55303765443708 -70.73893945643097 87.8
      vertex 84.55303765443708 -70.73893945643097 90
    endloop
  endfacet
  facet normal 0 0 -1
    outer loop
      vertex 81.2450587823987 -66.26282649487257 88.1
      vertex 88.18383677303791 -61.75673136115074 88.1
      vertex 81.54370549321175 -66.35986269265413 88.1
    endloop
  endfacet
  facet normal 0 0 -1
    outer loop
      vertex 82.3007339835167 -66.52077405899763 88.1
      vertex 88.18383677303791 -61.75673136115074 88.1
      vertex 82.61302950978279 -66.55359764397144 88.1
    endloop
  endfacet
  facet normal 0 0 -1
    outer loop
      vertex 81.54370549321175 -66.35986269265413 88.1
      vertex 88.18383677303791 -61.75673136115074 88.1
      vertex 81.76613716036081 -66.41946307569742 88.1
    endloop
  endfacet
  facet normal 0 0 -1
    outer loop
      vertex 81.76613716036081 -66.41946307569742 88.1
      vertex 88.18383677303791 -61.75673136115074 88.1
      vertex 82.07329094409943 -66.4847506210208 88.1
    endloop
  endfacet
  facet normal 0 0 -1
    outer loop
      vertex 82.07329094409943 -66.4847506210208 88.1
      vertex 88.18383677303791 -61.75673136115074 88.1
      vertex 82.3007339835167 -66.52077405899763 88.1
    endloop
  endfacet
  facet normal 0 0 -1
    outer loop
      vertex 82.61302950978279 -66.55359764397144 88.1
      vertex 88.18383677303791 -61.75673136115074 88.1
      vertex 82.84299213439226 -66.56564947962761 88.1
    endloop
  endfacet
  facet normal 0 0 -1
    outer loop
      vertex 82.84299213439226 -66.56564947962761 88.1
      vertex 88.18383677303791 -61.75673136115074 88.1
      vertex 83.15700788795948 -66.56564947962761 88.1
    endloop
  endfacet
  facet normal 0 0 -1
    outer loop
      vertex 83.15700788795948 -66.56564947962761 88.1
      vertex 88.18383677303791 -61.75673136115074 88.1
      vertex 83.38697052747011 -66.55359764397144 88.1
    endloop
  endfacet
  facet normal 0 0 -1
    outer loop
      vertex 83.38697052747011 -66.55359764397144 88.1
      vertex 88.18383677303791 -61.75673136115074 88.1
      vertex 83.69926605373621 -66.52077405899763 88.1
    endloop
  endfacet
  facet normal 0 0 -1
    outer loop
      vertex 83.92670915275812 -66.48475060611963 88.1
      vertex 86.75623895227909 -64.963168554008 88.1
      vertex 86.59340770542622 -65.12599980086088 88.1
    endloop
  endfacet
  facet normal 0 0 -1
    outer loop
      vertex 83.69926605373621 -66.52077405899763 88.1
      vertex 88.18383677303791 -61.75673136115074 88.1
      vertex 83.92670915275812 -66.48475060611963 88.1
    endloop
  endfacet
  facet normal 0 0 -1
    outer loop
      vertex 83.92670915275812 -66.48475060611963 88.1
      vertex 86.96635649353266 -64.72980938851833 88.1
      vertex 86.75623895227909 -64.963168554008 88.1
    endloop
  endfacet
  facet normal 0 0 -1
    outer loop
      vertex 83.92670915275812 -66.48475060611963 88.1
      vertex 87.11127527803183 -64.55084959417582 88.1
      vertex 86.96635649353266 -64.72980938851833 88.1
    endloop
  endfacet
  facet normal 0 0 -1
    outer loop
      vertex 83.92670915275812 -66.48475060611963 88.1
      vertex 87.29584909975529 -64.29680552333593 88.1
      vertex 87.11127527803183 -64.55084959417582 88.1
    endloop
  endfacet
  facet normal 0 0 -1
    outer loop
      vertex 83.92670915275812 -66.48475060611963 88.1
      vertex 87.42126762121916 -64.1036779358983 88.1
      vertex 87.29584909975529 -64.29680552333593 88.1
    endloop
  endfacet
  facet normal 0 0 -1
    outer loop
      vertex 83.92670915275812 -66.48475060611963 88.1
      vertex 87.5782754868269 -63.83173232525587 88.1
      vertex 87.42126762121916 -64.1036779358983 88.1
    endloop
  endfacet
  facet normal 0 0 -1
    outer loop
      vertex 83.92670915275812 -66.48475060611963 88.1
      vertex 87.6828195899725 -63.62655296176672 88.1
      vertex 87.5782754868269 -63.83173232525587 88.1
    endloop
  endfacet
  facet normal 0 0 -1
    outer loop
      vertex 83.92670915275812 -66.48475060611963 88.1
      vertex 87.81054129451513 -63.339685313403606 88.1
      vertex 87.6828195899725 -63.62655296176672 88.1
    endloop
  endfacet
  facet normal 0 0 -1
    outer loop
      vertex 83.92670915275812 -66.48475060611963 88.1
      vertex 87.89306562393904 -63.12470208853483 88.1
      vertex 87.81054129451513 -63.339685313403606 88.1
    endloop
  endfacet
  facet normal 0 0 -1
    outer loop
      vertex 81.2450587823987 -66.26282649487257 88.1
      vertex 88.19513472169638 -61.58435799181461 88.1
      vertex 88.18383677303791 -61.75673136115074 88.1
    endloop
  endfacet
  facet normal 0 0 -1
    outer loop
      vertex 81.2450587823987 -66.26282649487257 88.1
      vertex 88.19924611598253 -61.427350141108036 88.1
      vertex 88.19513472169638 -61.58435799181461 88.1
    endloop
  endfacet
  facet normal 0 0 -1
    outer loop
      vertex 81.2450587823987 -66.26282649487257 88.1
      vertex 88.20000000298023 -61.36976087093353 88.1
      vertex 88.19924611598253 -61.427350141108036 88.1
    endloop
  endfacet
  facet normal 0 0 -1
    outer loop
      vertex 83.92670915275812 -66.48475060611963 88.1
      vertex 87.9901018217206 -62.82605537772179 88.1
      vertex 87.89306562393904 -63.12470208853483 88.1
    endloop
  endfacet
  facet normal 0 0 -1
    outer loop
      vertex 83.92670915275812 -66.48475060611963 88.1
      vertex 88.04970220476389 -62.60362371057272 88.1
      vertex 87.9901018217206 -62.82605537772179 88.1
    endloop
  endfacet
  facet normal 0 0 -1
    outer loop
      vertex 83.92670915275812 -66.48475060611963 88.1
      vertex 88.11498975008726 -62.296469926834106 88.1
      vertex 88.04970220476389 -62.60362371057272 88.1
    endloop
  endfacet
  facet normal 0 0 -1
    outer loop
      vertex 83.92670915275812 -66.48475060611963 88.1
      vertex 88.1510131880641 -62.06902688741684 88.1
      vertex 88.11498975008726 -62.296469926834106 88.1
    endloop
  endfacet
  facet normal 0 0 -1
    outer loop
      vertex 83.92670915275812 -66.48475060611963 88.1
      vertex 88.18383677303791 -61.75673136115074 88.1
      vertex 88.1510131880641 -62.06902688741684 88.1
    endloop
  endfacet
  facet normal 0.9659258262890682 0.258819045102521 0
    outer loop
      vertex 70.29644221800926 -78.00303765443708 87.8
      vertex 70.07700443405618 -77.18408469562385 90
      vertex 70.29644221800926 -78.00303765443708 90
    endloop
  endfacet
  facet normal 0.9876883405951371 0.1564344650402346 0
    outer loop
      vertex 70.07700443405618 -77.18408469562385 87.8
      vertex 69.94437264751699 -76.34668055246799 90
      vertex 70.07700443405618 -77.18408469562385 90
    endloop
  endfacet
  facet normal 0.891006524188367 0.45399049973954864 0
    outer loop
      vertex 70.98519422934605 -79.55 87.8
      vertex 70.60028179309494 -78.79456680891398 90
      vertex 70.98519422934605 -79.55 90
    endloop
  endfacet
  facet normal 0.8386705679454272 0.5446390350150223 0
    outer loop
      vertex 71.44696234556292 -80.26106054356903 87.8
      vertex 70.98519422934605 -79.55 90
      vertex 71.44696234556292 -80.26106054356903 90
    endloop
  endfacet
  facet normal 0.7771459614569688 0.62932039104984 0
    outer loop
      vertex 71.98052691363311 -80.91995791150676 87.8
      vertex 71.44696234556292 -80.26106054356903 90
      vertex 71.98052691363311 -80.91995791150676 90
    endloop
  endfacet
  facet normal 0.7071067811865476 0.7071067811865476 0
    outer loop
      vertex 72.58004208849324 -81.51947308636689 87.8
      vertex 71.98052691363311 -80.91995791150676 90
      vertex 72.58004208849324 -81.51947308636689 90
    endloop
  endfacet
  facet normal 0.62932039104984 0.7771459614569688 0
    outer loop
      vertex 73.23893945643097 -82.05303765443708 87.8
      vertex 72.58004208849324 -81.51947308636689 90
      vertex 73.23893945643097 -82.05303765443708 90
    endloop
  endfacet
  facet normal 0.9335804264972021 0.3583679495452997 0
    outer loop
      vertex 70.60028179309494 -78.79456680891398 87.8
      vertex 70.29644221800926 -78.00303765443708 90
      vertex 70.60028179309494 -78.79456680891398 90
    endloop
  endfacet
  facet normal 0.5446390350150223 0.8386705679454272 0
    outer loop
      vertex 73.95 -82.51480577065395 87.8
      vertex 73.23893945643097 -82.05303765443708 90
      vertex 73.95 -82.51480577065395 90
    endloop
  endfacet
  facet normal 0.45399049973954864 0.891006524188367 0
    outer loop
      vertex 74.70543319108602 -82.89971820690506 87.8
      vertex 73.95 -82.51480577065395 90
      vertex 74.70543319108602 -82.89971820690506 90
    endloop
  endfacet
  facet normal 0.3583679495452997 0.9335804264972021 0
    outer loop
      vertex 75.49696234556292 -83.20355778199074 87.8
      vertex 74.70543319108602 -82.89971820690506 90
      vertex 75.49696234556292 -83.20355778199074 90
    endloop
  endfacet
  facet normal 0.1564344650402346 0.9876883405951371 0
    outer loop
      vertex 77.15331944753201 -83.55562735248301 87.8
      vertex 76.31591530437615 -83.42299556594382 90
      vertex 77.15331944753201 -83.55562735248301 90
    endloop
  endfacet
  facet normal 0.258819045102521 0.9659258262890682 0
    outer loop
      vertex 76.31591530437615 -83.42299556594382 87.8
      vertex 75.49696234556292 -83.20355778199074 90
      vertex 76.31591530437615 -83.42299556594382 90
    endloop
  endfacet
  facet normal 0.0523359562429368 0.9986295347545743 0
    outer loop
      vertex 78 -83.6 87.8
      vertex 77.15331944753201 -83.55562735248301 90
      vertex 78 -83.6 90
    endloop
  endfacet
  facet normal -0.0523359562429368 0.9986295347545743 0
    outer loop
      vertex 78.84668055246799 -83.55562735248301 87.8
      vertex 78 -83.6 90
      vertex 78.84668055246799 -83.55562735248301 90
    endloop
  endfacet
  facet normal 0.9986295347545743 0.0523359562429368 0
    outer loop
      vertex 69.94437264751699 -76.34668055246799 87.8
      vertex 69.9 -75.5 90
      vertex 69.94437264751699 -76.34668055246799 90
    endloop
  endfacet
  facet normal 0.9986295347545743 -0.0523359562429368 0
    outer loop
      vertex 69.9 -75.5 87.8
      vertex 69.94437264751699 -74.65331944753201 90
      vertex 69.9 -75.5 90
    endloop
  endfacet
  facet normal 0.9876883405951371 -0.1564344650402346 0
    outer loop
      vertex 69.94437264751699 -74.65331944753201 87.8
      vertex 70.07700443405618 -73.81591530437615 90
      vertex 69.94437264751699 -74.65331944753201 90
    endloop
  endfacet
  facet normal 0.9659258262890682 -0.258819045102521 0
    outer loop
      vertex 70.07700443405618 -73.81591530437615 87.8
      vertex 70.29644221800926 -72.99696234556292 90
      vertex 70.07700443405618 -73.81591530437615 90
    endloop
  endfacet
  facet normal 0.9335804264972021 -0.3583679495452997 0
    outer loop
      vertex 70.29644221800926 -72.99696234556292 87.8
      vertex 70.60028179309494 -72.20543319108602 90
      vertex 70.29644221800926 -72.99696234556292 90
    endloop
  endfacet
  facet normal 0.891006524188367 -0.45399049973954864 0
    outer loop
      vertex 70.60028179309494 -72.20543319108602 87.8
      vertex 70.98519422934605 -71.45 90
      vertex 70.60028179309494 -72.20543319108602 90
    endloop
  endfacet
  facet normal 0.8386705679454272 -0.5446390350150223 0
    outer loop
      vertex 70.98519422934605 -71.45 87.8
      vertex 71.44696234556292 -70.73893945643097 90
      vertex 70.98519422934605 -71.45 90
    endloop
  endfacet
  facet normal 0.7771459614569688 -0.62932039104984 0
    outer loop
      vertex 71.44696234556292 -70.73893945643097 87.8
      vertex 71.98052691363311 -70.08004208849324 90
      vertex 71.44696234556292 -70.73893945643097 90
    endloop
  endfacet
  facet normal 0.7071067811865476 -0.7071067811865476 0
    outer loop
      vertex 71.98052691363311 -70.08004208849324 87.8
      vertex 72.58004208849324 -69.48052691363311 90
      vertex 71.98052691363311 -70.08004208849324 90
    endloop
  endfacet
  facet normal 0.62932039104984 -0.7771459614569688 0
    outer loop
      vertex 72.58004208849324 -69.48052691363311 87.8
      vertex 73.23893945643097 -68.94696234556292 90
      vertex 72.58004208849324 -69.48052691363311 90
    endloop
  endfacet
  facet normal 0.5446390350150223 -0.8386705679454272 0
    outer loop
      vertex 73.23893945643097 -68.94696234556292 87.8
      vertex 73.95 -68.48519422934605 90
      vertex 73.23893945643097 -68.94696234556292 90
    endloop
  endfacet
  facet normal 0.45399049973954864 -0.891006524188367 0
    outer loop
      vertex 73.95 -68.48519422934605 87.8
      vertex 74.70543319108602 -68.10028179309494 90
      vertex 73.95 -68.48519422934605 90
    endloop
  endfacet
  facet normal 0.3583679495452997 -0.9335804264972021 0
    outer loop
      vertex 74.70543319108602 -68.10028179309494 87.8
      vertex 75.49696234556292 -67.79644221800926 90
      vertex 74.70543319108602 -68.10028179309494 90
    endloop
  endfacet
  facet normal 0.258819045102521 -0.9659258262890682 0
    outer loop
      vertex 75.49696234556292 -67.79644221800926 87.8
      vertex 76.31591530437615 -67.57700443405618 90
      vertex 75.49696234556292 -67.79644221800926 90
    endloop
  endfacet
  facet normal 0.1564344650402346 -0.9876883405951371 0
    outer loop
      vertex 76.31591530437615 -67.57700443405618 87.8
      vertex 77.15331944753201 -67.44437264751699 90
      vertex 76.31591530437615 -67.57700443405618 90
    endloop
  endfacet
  facet normal 0.0523359562429368 -0.9986295347545743 0
    outer loop
      vertex 77.15331944753201 -67.44437264751699 87.8
      vertex 78 -67.4 90
      vertex 77.15331944753201 -67.44437264751699 90
    endloop
  endfacet
  facet normal -0.0523359562429368 -0.9986295347545743 0
    outer loop
      vertex 78 -67.4 87.8
      vertex 78.84668055246799 -67.44437264751699 90
      vertex 78 -67.4 90
    endloop
  endfacet
  facet normal -0.1564344650402346 0.9876883405951371 0
    outer loop
      vertex 79.68408469562385 -83.42299556594382 87.8
      vertex 78.84668055246799 -83.55562735248301 90
      vertex 79.68408469562385 -83.42299556594382 90
    endloop
  endfacet
  facet normal -0.258819045102521 0.9659258262890682 0
    outer loop
      vertex 80.50303765443708 -83.20355778199074 87.8
      vertex 79.68408469562385 -83.42299556594382 90
      vertex 80.50303765443708 -83.20355778199074 90
    endloop
  endfacet
  facet normal -0.3583679495452997 0.9335804264972021 0
    outer loop
      vertex 81.29456680891398 -82.89971820690506 87.8
      vertex 80.50303765443708 -83.20355778199074 90
      vertex 81.29456680891398 -82.89971820690506 90
    endloop
  endfacet
  facet normal -0.45399049973954864 0.891006524188367 0
    outer loop
      vertex 82.05 -82.51480577065395 87.8
      vertex 81.29456680891398 -82.89971820690506 90
      vertex 82.05 -82.51480577065395 90
    endloop
  endfacet
  facet normal -0.5446390350150223 0.8386705679454272 0
    outer loop
      vertex 82.76106054356903 -82.05303765443708 87.8
      vertex 82.05 -82.51480577065395 90
      vertex 82.76106054356903 -82.05303765443708 90
    endloop
  endfacet
  facet normal -0.62932039104984 0.7771459614569688 0
    outer loop
      vertex 83.41995791150676 -81.51947308636689 87.8
      vertex 82.76106054356903 -82.05303765443708 90
      vertex 83.41995791150676 -81.51947308636689 90
    endloop
  endfacet
  facet normal -0.7071067811865476 0.7071067811865476 0
    outer loop
      vertex 84.01947308636689 -80.91995791150676 87.8
      vertex 83.41995791150676 -81.51947308636689 90
      vertex 84.01947308636689 -80.91995791150676 90
    endloop
  endfacet
  facet normal -0.7771459614569688 0.62932039104984 0
    outer loop
      vertex 84.55303765443708 -80.26106054356903 87.8
      vertex 84.01947308636689 -80.91995791150676 90
      vertex 84.55303765443708 -80.26106054356903 90
    endloop
  endfacet
  facet normal -0.8386705679454272 0.5446390350150223 0
    outer loop
      vertex 85.01480577065395 -79.55 87.8
      vertex 84.55303765443708 -80.26106054356903 90
      vertex 85.01480577065395 -79.55 90
    endloop
  endfacet
  facet normal -0.891006524188367 0.45399049973954864 0
    outer loop
      vertex 85.39971820690506 -78.79456680891398 87.8
      vertex 85.01480577065395 -79.55 90
      vertex 85.39971820690506 -78.79456680891398 90
    endloop
  endfacet
  facet normal -0.9335804264972021 0.3583679495452997 0
    outer loop
      vertex 85.70355778199074 -78.00303765443708 87.8
      vertex 85.39971820690506 -78.79456680891398 90
      vertex 85.70355778199074 -78.00303765443708 90
    endloop
  endfacet
  facet normal -0.9659258262890682 0.258819045102521 0
    outer loop
      vertex 85.92299556594382 -77.18408469562385 87.8
      vertex 85.70355778199074 -78.00303765443708 90
      vertex 85.92299556594382 -77.18408469562385 90
    endloop
  endfacet
  facet normal -0.9876883405951371 0.1564344650402346 0
    outer loop
      vertex 86.05562735248301 -76.34668055246799 87.8
      vertex 85.92299556594382 -77.18408469562385 90
      vertex 86.05562735248301 -76.34668055246799 90
    endloop
  endfacet
  facet normal -0.1564344650402346 -0.9876883405951371 0
    outer loop
      vertex 78.84668055246799 -67.44437264751699 87.8
      vertex 79.68408469562385 -67.57700443405618 90
      vertex 78.84668055246799 -67.44437264751699 90
    endloop
  endfacet
  facet normal -0.258819045102521 -0.9659258262890682 0
    outer loop
      vertex 79.68408469562385 -67.57700443405618 87.8
      vertex 80.50303765443708 -67.79644221800926 90
      vertex 79.68408469562385 -67.57700443405618 90
    endloop
  endfacet
  facet normal -0.3583679495452997 -0.9335804264972021 0
    outer loop
      vertex 80.50303765443708 -67.79644221800926 87.8
      vertex 81.29456680891398 -68.10028179309494 90
      vertex 80.50303765443708 -67.79644221800926 90
    endloop
  endfacet
  facet normal -0.45399049973954864 -0.891006524188367 0
    outer loop
      vertex 81.29456680891398 -68.10028179309494 87.8
      vertex 82.05 -68.48519422934605 90
      vertex 81.29456680891398 -68.10028179309494 90
    endloop
  endfacet
  facet normal -0.5446390350150223 -0.8386705679454272 0
    outer loop
      vertex 82.05 -68.48519422934605 87.8
      vertex 82.76106054356903 -68.94696234556292 90
      vertex 82.05 -68.48519422934605 90
    endloop
  endfacet
  facet normal -0.7771459614569688 -0.62932039104984 0
    outer loop
      vertex 84.01947308636689 -70.08004208849324 87.8
      vertex 84.55303765443708 -70.73893945643097 90
      vertex 84.01947308636689 -70.08004208849324 90
    endloop
  endfacet
  facet normal -0.62932039104984 -0.7771459614569688 0
    outer loop
      vertex 82.76106054356903 -68.94696234556292 87.8
      vertex 83.41995791150676 -69.48052691363311 90
      vertex 82.76106054356903 -68.94696234556292 90
    endloop
  endfacet
  facet normal -0.7071067811865476 -0.7071067811865476 0
    outer loop
      vertex 83.41995791150676 -69.48052691363311 87.8
      vertex 84.01947308636689 -70.08004208849324 90
      vertex 83.41995791150676 -69.48052691363311 90
    endloop
  endfacet
  facet normal -0.9986295347545743 0.0523359562429368 0
    outer loop
      vertex 86.1 -75.5 87.8
      vertex 86.05562735248301 -76.34668055246799 90
      vertex 86.1 -75.5 90
    endloop
  endfacet
  facet normal -0.9986295347545743 -0.0523359562429368 0
    outer loop
      vertex 86.05562735248301 -74.65331944753201 87.8
      vertex 86.1 -75.5 90
      vertex 86.05562735248301 -74.65331944753201 90
    endloop
  endfacet
  facet normal -0.9876883405951371 -0.1564344650402346 0
    outer loop
      vertex 85.92299556594382 -73.81591530437615 87.8
      vertex 86.05562735248301 -74.65331944753201 90
      vertex 85.92299556594382 -73.81591530437615 90
    endloop
  endfacet
  facet normal -0.9659258262890682 -0.258819045102521 0
    outer loop
      vertex 85.70355778199074 -72.99696234556292 87.8
      vertex 85.92299556594382 -73.81591530437615 90
      vertex 85.70355778199074 -72.99696234556292 90
    endloop
  endfacet
  facet normal -0.9335804264972021 -0.3583679495452997 0
    outer loop
      vertex 85.39971820690506 -72.20543319108602 87.8
      vertex 85.70355778199074 -72.99696234556292 90
      vertex 85.39971820690506 -72.20543319108602 90
    endloop
  endfacet
  facet normal -0.891006524188367 -0.45399049973954864 0
    outer loop
      vertex 85.01480577065395 -71.45 87.8
      vertex 85.39971820690506 -72.20543319108602 90
      vertex 85.01480577065395 -71.45 90
    endloop
  endfacet
  facet normal -0.8386705679454272 -0.5446390350150223 0
    outer loop
      vertex 84.55303765443708 -70.73893945643097 87.8
      vertex 85.01480577065395 -71.45 90
      vertex 84.55303765443708 -70.73893945643097 90
    endloop
  endfacet
  facet normal 0 0 1
    outer loop
      vertex 89.48127274215221 -83.94041986018419 90
      vertex 78.84668055246799 -83.55562735248301 90
      vertex 78 -83.6 90
    endloop
  endfacet
  facet normal 0 0 1
    outer loop
      vertex 89.70633909851313 -83.35410196334124 90
      vertex 79.68408469562385 -83.42299556594382 90
      vertex 78.84668055246799 -83.55562735248301 90
    endloop
  endfacet
  facet normal 0 0 1
    outer loop
      vertex 89.70633909851313 -83.35410196334124 90
      vertex 80.50303765443708 -83.20355778199074 90
      vertex 79.68408469562385 -83.42299556594382 90
    endloop
  endfacet
  facet normal 0 0 1
    outer loop
      vertex 89.70633909851313 -83.35410196334124 90
      vertex 81.29456680891398 -82.89971820690506 90
      vertex 80.50303765443708 -83.20355778199074 90
    endloop
  endfacet
  facet normal 0 0 1
    outer loop
      vertex 84 -87.5 90
      vertex 84.62717077881098 -87.4671313688159 90
      vertex 85.24747014790773 -87.36888560652733 90
    endloop
  endfacet
  facet normal 0 0 1
    outer loop
      vertex 89.86888560652733 -82.74747014790773 90
      vertex 82.05 -82.51480577065395 90
      vertex 81.29456680891398 -82.89971820690506 90
    endloop
  endfacet
  facet normal 0 0 1
    outer loop
      vertex 89.9671313688159 -82.12717077881098 90
      vertex 82.76106054356903 -82.05303765443708 90
      vertex 82.05 -82.51480577065395 90
    endloop
  endfacet
  facet normal 0 0 1
    outer loop
      vertex 89.48127274215221 -83.94041986018419 90
      vertex 89.70633909851313 -83.35410196334124 90
      vertex 78.84668055246799 -83.55562735248301 90
    endloop
  endfacet
  facet normal 0 0 1
    outer loop
      vertex 89.70633909851313 -83.35410196334124 90
      vertex 89.86888560652733 -82.74747014790773 90
      vertex 81.29456680891398 -82.89971820690506 90
    endloop
  endfacet
  facet normal 0 0 1
    outer loop
      vertex 89.86888560652733 -82.74747014790773 90
      vertex 89.9671313688159 -82.12717077881098 90
      vertex 82.05 -82.51480577065395 90
    endloop
  endfacet
  facet normal 0 0 1
    outer loop
      vertex 90 -81.5 90
      vertex 83.41995791150676 -81.51947308636689 90
      vertex 82.76106054356903 -82.05303765443708 90
    endloop
  endfacet
  facet normal 0 0 1
    outer loop
      vertex 90 -81.5 90
      vertex 84.01947308636689 -80.91995791150676 90
      vertex 83.41995791150676 -81.51947308636689 90
    endloop
  endfacet
  facet normal 0 0 1
    outer loop
      vertex 90 -81.5 90
      vertex 84.55303765443708 -80.26106054356903 90
      vertex 84.01947308636689 -80.91995791150676 90
    endloop
  endfacet
  facet normal 0 0 1
    outer loop
      vertex 90 -81.5 90
      vertex 85.01480577065395 -79.55 90
      vertex 84.55303765443708 -80.26106054356903 90
    endloop
  endfacet
  facet normal 0 0 1
    outer loop
      vertex 90 -81.5 90
      vertex 85.39971820690506 -78.79456680891398 90
      vertex 85.01480577065395 -79.55 90
    endloop
  endfacet
  facet normal 0 0 1
    outer loop
      vertex 90 -81.5 90
      vertex 85.70355778199074 -78.00303765443708 90
      vertex 85.39971820690506 -78.79456680891398 90
    endloop
  endfacet
  facet normal 0 0 1
    outer loop
      vertex 89.9671313688159 -82.12717077881098 90
      vertex 90 -81.5 90
      vertex 82.76106054356903 -82.05303765443708 90
    endloop
  endfacet
  facet normal 0 0 1
    outer loop
      vertex 90 -81.5 90
      vertex 85.92299556594382 -77.18408469562385 90
      vertex 85.70355778199074 -78.00303765443708 90
    endloop
  endfacet
  facet normal 0 0 1
    outer loop
      vertex 90 -81.5 90
      vertex 86.05562735248301 -76.34668055246799 90
      vertex 85.92299556594382 -77.18408469562385 90
    endloop
  endfacet
  facet normal 0 0 1
    outer loop
      vertex 90 -81.5 90
      vertex 86.1 -75.5 90
      vertex 86.05562735248301 -76.34668055246799 90
    endloop
  endfacet
  facet normal 0 0 -1
    outer loop
      vertex 63.86976087093353 -85.70000000298023 88.1
      vertex 81.04691705852747 66.18999654054642 88.1
      vertex 63.98489996045828 -85.69698497653008 88.1
    endloop
  endfacet
  facet normal 0 0 -1
    outer loop
      vertex 63.98489996045828 -85.69698497653008 88.1
      vertex 81.19052112847567 66.2443134561181 88.1
      vertex 64.29848535358906 -85.68055066466331 88.1
    endloop
  endfacet
  facet normal 0 0 -1
    outer loop
      vertex 64.29848535358906 -85.68055066466331 88.1
      vertex 81.19052112847567 66.2443134561181 88.1
      vertex 64.52750209718943 -85.65648003667593 88.1
    endloop
  endfacet
  facet normal 0 0 -1
    outer loop
      vertex 64.52750209718943 -85.65648003667593 88.1
      vertex 81.19052112847567 66.2443134561181 88.1
      vertex 64.83765177428722 -85.60735715180635 88.1
    endloop
  endfacet
  facet normal 0 0 -1
    outer loop
      vertex 64.83765177428722 -85.60735715180635 88.1
      vertex 81.19052112847567 66.2443134561181 88.1
      vertex 65.06289786100388 -85.5594796165824 88.1
    endloop
  endfacet
  facet normal 0 0 -1
    outer loop
      vertex 65.06289786100388 -85.5594796165824 88.1
      vertex 81.19052112847567 66.2443134561181 88.1
      vertex 65.36621377617121 -85.47820635885 88.1
    endloop
  endfacet
  facet normal 0 0 -1
    outer loop
      vertex 65.36621377617121 -85.47820635885 88.1
      vertex 81.19052112847567 66.2443134561181 88.1
      vertex 65.58522135019302 -85.40704648196697 88.1
    endloop
  endfacet
  facet normal 0 0 -1
    outer loop
      vertex 65.58522135019302 -85.40704648196697 88.1
      vertex 81.19052112847567 66.2443134561181 88.1
      vertex 65.87838029116392 -85.2945133075118 88.1
    endloop
  endfacet
  facet normal 0 0 -1
    outer loop
      vertex 65.87838029116392 -85.2945133075118 88.1
      vertex 81.19052112847567 66.2443134561181 88.1
      vertex 66.08874988555908 -85.20085072517395 88.1
    endloop
  endfacet
  facet normal 0 0 -1
    outer loop
      vertex 66.08874988555908 -85.20085072517395 88.1
      vertex 81.19052112847567 66.2443134561181 88.1
      vertex 66.36853995919228 -85.05829056352377 88.1
    endloop
  endfacet
  facet normal 0 0 -1
    outer loop
      vertex 66.36853995919228 -85.05829056352377 88.1
      vertex 81.19052112847567 66.2443134561181 88.1
      vertex 66.56796673685312 -84.94315146654844 88.1
    endloop
  endfacet
  facet normal 0 0 -1
    outer loop
      vertex 66.56796673685312 -84.94315146654844 88.1
      vertex 81.19052112847567 66.2443134561181 88.1
      vertex 66.83132249116898 -84.77212624251842 88.1
    endloop
  endfacet
  facet normal 0 0 -1
    outer loop
      vertex 66.83132249116898 -84.77212624251842 88.1
      vertex 81.19052112847567 66.2443134561181 88.1
      vertex 67.01762149482965 -84.63677209615707 88.1
    endloop
  endfacet
  facet normal 0 0 -1
    outer loop
      vertex 67.01762149482965 -84.63677209615707 88.1
      vertex 81.19052112847567 66.2443134561181 88.1
      vertex 67.26165755838156 -84.43915558606386 88.1
    endloop
  endfacet
  facet normal 0 0 -1
    outer loop
      vertex 67.26165755838156 -84.43915558606386 88.1
      vertex 82.3422587737441 66.52624090760946 88.1
      vertex 68.25559579581022 -74.49677781760693 88.1
    endloop
  endfacet
  facet normal 0 0 -1
    outer loop
      vertex 68.25559579581022 -74.49677781760693 88.1
      vertex 82.3422587737441 66.52624090760946 88.1
      vertex 68.25995279103518 -74.45532381534576 88.1
    endloop
  endfacet
  facet normal 0 0 -1
    outer loop
      vertex 68.25995279103518 -74.45532381534576 88.1
      vertex 82.3422587737441 66.52624090760946 88.1
      vertex 68.41384197026491 -73.48370580375195 88.1
    endloop
  endfacet
  facet normal 0 0 -1
    outer loop
      vertex 68.41384197026491 -73.48370580375195 88.1
      vertex 82.3422587737441 66.52624090760946 88.1
      vertex 68.42250814288855 -73.44293466210365 88.1
    endloop
  endfacet
  facet normal 0 0 -1
    outer loop
      vertex 68.689996547997 -72.45308290421963 88.1
      vertex 88.20000000298023 61.36976087093353 88.1
      vertex 69.04253367334604 -71.53469229489565 88.1
    endloop
  endfacet
  facet normal 0 0 -1
    outer loop
      vertex 68.42250814288855 -73.44293466210365 88.1
      vertex 82.3422587737441 66.52624090760946 88.1
      vertex 68.67711605876684 -72.4927249699831 88.1
    endloop
  endfacet
  facet normal 0 0 -1
    outer loop
      vertex 68.67711605876684 -72.4927249699831 88.1
      vertex 82.3422587737441 66.52624090760946 88.1
      vertex 68.689996547997 -72.45308290421963 88.1
    endloop
  endfacet
  facet normal 0 0 -1
    outer loop
      vertex 69.04253367334604 -71.53469229489565 88.1
      vertex 88.20000000298023 61.36976087093353 88.1
      vertex 69.05948724597692 -71.4966139420867 88.1
    endloop
  endfacet
  facet normal 0 0 -1
    outer loop
      vertex 69.05948724597692 -71.4966139420867 88.1
      vertex 88.20000000298023 61.36976087093353 88.1
      vertex 69.50609109550714 -70.62010453641415 88.1
    endloop
  endfacet
  facet normal 0 0 -1
    outer loop
      vertex 69.50609109550714 -70.62010453641415 88.1
      vertex 88.20000000298023 61.36976087093353 88.1
      vertex 69.52693208307028 -70.58400689065456 88.1
    endloop
  endfacet
  facet normal 0 0 -1
    outer loop
      vertex 69.52693208307028 -70.58400689065456 88.1
      vertex 88.20000000298023 61.36976087093353 88.1
      vertex 70.06270964443684 -69.7589817866683 88.1
    endloop
  endfacet
  facet normal 0 0 -1
    outer loop
      vertex 70.06270964443684 -69.7589817866683 88.1
      vertex 88.20000000298023 61.36976087093353 88.1
      vertex 70.08720956742764 -69.72526054084301 88.1
    endloop
  endfacet
  facet normal 0 0 -1
    outer loop
      vertex 70.08720956742764 -69.72526054084301 88.1
      vertex 88.20000000298023 61.36976087093353 88.1
      vertex 70.70629071444273 -68.9607589840889 88.1
    endloop
  endfacet
  facet normal 0 0 -1
    outer loop
      vertex 70.70629071444273 -68.9607589840889 88.1
      vertex 88.20000000298023 61.36976087093353 88.1
      vertex 70.73418152332306 -68.92978310585022 88.1
    endloop
  endfacet
  facet normal 0 0 -1
    outer loop
      vertex 70.73418152332306 -68.92978310585022 88.1
      vertex 88.20000000298023 61.36976087093353 88.1
      vertex 71.4297831878066 -68.23418144136667 88.1
    endloop
  endfacet
  facet normal 0 0 -1
    outer loop
      vertex 71.4297831878066 -68.23418144136667 88.1
      vertex 88.20000000298023 61.36976087093353 88.1
      vertex 71.46075896918774 -68.20629072189331 88.1
    endloop
  endfacet
  facet normal 0 0 -1
    outer loop
      vertex 71.46075896918774 -68.20629072189331 88.1
      vertex 88.20000000298023 61.36976087093353 88.1
      vertex 72.2252604663372 -67.5872096195817 88.1
    endloop
  endfacet
  facet normal 0 0 -1
    outer loop
      vertex 72.2252604663372 -67.5872096195817 88.1
      vertex 88.20000000298023 61.36976087093353 88.1
      vertex 72.2589817866683 -67.56270964443684 88.1
    endloop
  endfacet
  facet normal 0 0 -1
    outer loop
      vertex 72.2589817866683 -67.56270964443684 88.1
      vertex 88.20000000298023 61.36976087093353 88.1
      vertex 73.08400689065456 -67.02693208307028 88.1
    endloop
  endfacet
  facet normal 0 0 -1
    outer loop
      vertex 73.08400689065456 -67.02693208307028 88.1
      vertex 88.20000000298023 61.36976087093353 88.1
      vertex 73.12010453641415 -67.00609109550714 88.1
    endloop
  endfacet
  facet normal 0 0 -1
    outer loop
      vertex 73.12010453641415 -67.00609109550714 88.1
      vertex 88.20000000298023 61.36976087093353 88.1
      vertex 73.9966139793396 -66.55948723107576 88.1
    endloop
  endfacet
  facet normal 0 0 -1
    outer loop
      vertex 73.9966139793396 -66.55948723107576 88.1
      vertex 88.20000000298023 61.36976087093353 88.1
      vertex 74.03469233214855 -66.54253365844488 88.1
    endloop
  endfacet
  facet normal 0 0 -1
    outer loop
      vertex 74.03469233214855 -66.54253365844488 88.1
      vertex 88.20000000298023 61.36976087093353 88.1
      vertex 74.95308281481266 -66.18999657779932 88.1
    endloop
  endfacet
  facet normal 0 0 -1
    outer loop
      vertex 74.95308281481266 -66.18999657779932 88.1
      vertex 88.20000000298023 61.36976087093353 88.1
      vertex 74.99272506684065 -66.17711602896452 88.1
    endloop
  endfacet
  facet normal 0 0 -1
    outer loop
      vertex 74.99272506684065 -66.17711602896452 88.1
      vertex 88.20000000298023 61.36976087093353 88.1
      vertex 75.94293462485075 -65.92250815033913 88.1
    endloop
  endfacet
  facet normal 0 0 -1
    outer loop
      vertex 75.94293462485075 -65.92250815033913 88.1
      vertex 88.20000000298023 61.36976087093353 88.1
      vertex 75.98370582610369 -65.91384196281433 88.1
    endloop
  endfacet
  facet normal 0 0 -1
    outer loop
      vertex 75.98370582610369 -65.91384196281433 88.1
      vertex 88.20000000298023 61.36976087093353 88.1
      vertex 76.9553239941597 -65.75995276123285 88.1
    endloop
  endfacet
  facet normal 0 0 -1
    outer loop
      vertex 76.9553239941597 -65.75995276123285 88.1
      vertex 88.20000000298023 61.36976087093353 88.1
      vertex 76.99677764624357 -65.75559581071138 88.1
    endloop
  endfacet
  facet normal 0 0 -1
    outer loop
      vertex 76.99677764624357 -65.75559581071138 88.1
      vertex 88.20000000298023 61.36976087093353 88.1
      vertex 77.979158885777 -65.70411139726639 88.1
    endloop
  endfacet
  facet normal 0 0 -1
    outer loop
      vertex 77.979158885777 -65.70411139726639 88.1
      vertex 88.20000000298023 61.36976087093353 88.1
      vertex 78.020841114223 -65.70411139726639 88.1
    endloop
  endfacet
  facet normal 0 0 -1
    outer loop
      vertex 78.020841114223 -65.70411139726639 88.1
      vertex 88.20000000298023 61.36976087093353 88.1
      vertex 79.00322216749191 -65.75559579581022 88.1
    endloop
  endfacet
  facet normal 0 0 -1
    outer loop
      vertex 79.00322216749191 -65.75559579581022 88.1
      vertex 88.20000000298023 61.36976087093353 88.1
      vertex 79.04467616975307 -65.75995279103518 88.1
    endloop
  endfacet
  facet normal 0 0 -1
    outer loop
      vertex 79.04467616975307 -65.75995279103518 88.1
      vertex 88.20000000298023 61.36976087093353 88.1
      vertex 80.0162941813469 -65.91384197026491 88.1
    endloop
  endfacet
  facet normal 0 0 -1
    outer loop
      vertex 80.0162941813469 -65.91384197026491 88.1
      vertex 88.20000000298023 61.36976087093353 88.1
      vertex 80.05706532299519 -65.92250814288855 88.1
    endloop
  endfacet
  facet normal 0 0 -1
    outer loop
      vertex 80.05706532299519 -65.92250814288855 88.1
      vertex 88.20000000298023 61.36976087093353 88.1
      vertex 81.0072750672698 -66.177116073668 88.1
    endloop
  endfacet
  facet normal 0 0 -1
    outer loop
      vertex 81.0469170063734 -66.18999651819468 88.1
      vertex 88.20000000298023 61.36976087093353 88.1
      vertex 81.13648664206266 -66.22437908500433 88.1
    endloop
  endfacet
  facet normal 0 0 -1
    outer loop
      vertex 81.0072750672698 -66.177116073668 88.1
      vertex 88.20000000298023 61.36976087093353 88.1
      vertex 81.0469170063734 -66.18999651819468 88.1
    endloop
  endfacet
  facet normal 0 0 -1
    outer loop
      vertex 81.13648664206266 -66.22437908500433 88.1
      vertex 88.20000000298023 61.36976087093353 88.1
      vertex 81.2450587823987 -66.26282649487257 88.1
    endloop
  endfacet
  facet normal 0 0 -1
    outer loop
      vertex 81.2450587823987 -66.26282649487257 88.1
      vertex 88.20000000298023 61.36976087093353 88.1
      vertex 88.20000000298023 -61.36976087093353 88.1
    endloop
  endfacet
  facet normal 0 0 1
    outer loop
      vertex 74.70543319108602 68.10028179309494 90
      vertex 70.60028179309494 -72.20543319108602 90
      vertex 70.98519422934605 -71.45 90
    endloop
  endfacet
  facet normal 0 0 1
    outer loop
      vertex 74.70543319108602 68.10028179309494 90
      vertex 70.98519422934605 -71.45 90
      vertex 71.44696234556292 -70.73893945643097 90
    endloop
  endfacet
  facet normal 0 0 1
    outer loop
      vertex 74.70543319108602 68.10028179309494 90
      vertex 71.44696234556292 -70.73893945643097 90
      vertex 71.98052691363311 -70.08004208849324 90
    endloop
  endfacet
  facet normal 0 0 1
    outer loop
      vertex 74.70543319108602 68.10028179309494 90
      vertex 71.98052691363311 -70.08004208849324 90
      vertex 72.58004208849324 -69.48052691363311 90
    endloop
  endfacet
  facet normal 0 0 1
    outer loop
      vertex 74.70543319108602 68.10028179309494 90
      vertex 72.58004208849324 -69.48052691363311 90
      vertex 73.23893945643097 -68.94696234556292 90
    endloop
  endfacet
  facet normal 0 0 1
    outer loop
      vertex 74.70543319108602 68.10028179309494 90
      vertex 73.23893945643097 -68.94696234556292 90
      vertex 73.95 -68.48519422934605 90
    endloop
  endfacet
  facet normal 0 0 1
    outer loop
      vertex 74.70543319108602 68.10028179309494 90
      vertex 73.95 -68.48519422934605 90
      vertex 74.70543319108602 -68.10028179309494 90
    endloop
  endfacet
  facet normal 0 0 1
    outer loop
      vertex 74.70543319108602 68.10028179309494 90
      vertex 74.70543319108602 -68.10028179309494 90
      vertex 75.49696234556292 -67.79644221800926 90
    endloop
  endfacet
  facet normal 0 0 1
    outer loop
      vertex 75.49696234556292 -67.79644221800926 90
      vertex 76.31591530437615 -67.57700443405618 90
      vertex 75.49696234556292 67.79644221800926 90
    endloop
  endfacet
  facet normal 0 0 1
    outer loop
      vertex 76.31591530437615 -67.57700443405618 90
      vertex 77.15331944753201 -67.44437264751699 90
      vertex 76.31591530437615 67.57700443405618 90
    endloop
  endfacet
  facet normal 0 0 1
    outer loop
      vertex 77.15331944753201 -67.44437264751699 90
      vertex 78 -67.4 90
      vertex 77.15331944753201 67.44437264751699 90
    endloop
  endfacet
  facet normal 0 0 1
    outer loop
      vertex 78 -67.4 90
      vertex 78.84668055246799 -67.44437264751699 90
      vertex 78 67.4 90
    endloop
  endfacet
  facet normal 0 0 1
    outer loop
      vertex 78.84668055246799 -67.44437264751699 90
      vertex 79.68408469562385 -67.57700443405618 90
      vertex 78.84668055246799 67.44437264751699 90
    endloop
  endfacet
  facet normal 0 0 1
    outer loop
      vertex 79.68408469562385 -67.57700443405618 90
      vertex 80.50303765443708 -67.79644221800926 90
      vertex 79.68408469562385 67.57700443405618 90
    endloop
  endfacet
  facet normal 0 0 1
    outer loop
      vertex 80.50303765443708 -67.79644221800926 90
      vertex 81.29456680891398 -68.10028179309494 90
      vertex 80.50303765443708 67.79644221800926 90
    endloop
  endfacet
  facet normal 0 0 1
    outer loop
      vertex 81.29456680891398 -68.10028179309494 90
      vertex 82.05 -68.48519422934605 90
      vertex 81.29456680891398 68.10028179309494 90
    endloop
  endfacet
  facet normal 0 0 1
    outer loop
      vertex 82.05 -68.48519422934605 90
      vertex 82.76106054356903 -68.94696234556292 90
      vertex 82.05 68.48519422934605 90
    endloop
  endfacet
  facet normal 0 0 1
    outer loop
      vertex 84.01947308636689 -70.08004208849324 90
      vertex 83.41995791150676 69.48052691363311 90
      vertex 83.41995791150676 -69.48052691363311 90
    endloop
  endfacet
  facet normal 0 0 1
    outer loop
      vertex 84.55303765443708 -70.73893945643097 90
      vertex 84.01947308636689 70.08004208849324 90
      vertex 84.01947308636689 -70.08004208849324 90
    endloop
  endfacet
  facet normal 0 0 1
    outer loop
      vertex 82.76106054356903 -68.94696234556292 90
      vertex 83.41995791150676 -69.48052691363311 90
      vertex 82.76106054356903 68.94696234556292 90
    endloop
  endfacet
  facet normal 0 0 1
    outer loop
      vertex 90 -81.5 90
      vertex 90 81.5 90
      vertex 86.1 -75.5 90
    endloop
  endfacet
  facet normal 0 0 1
    outer loop
      vertex 90 81.5 90
      vertex 86.05562735248301 -74.65331944753201 90
      vertex 86.1 -75.5 90
    endloop
  endfacet
  facet normal 0 0 1
    outer loop
      vertex 90 81.5 90
      vertex 85.92299556594382 -73.81591530437615 90
      vertex 86.05562735248301 -74.65331944753201 90
    endloop
  endfacet
  facet normal 0 0 1
    outer loop
      vertex 90 81.5 90
      vertex 85.39971820690506 -72.20543319108602 90
      vertex 85.70355778199074 -72.99696234556292 90
    endloop
  endfacet
  facet normal 0 0 1
    outer loop
      vertex 90 81.5 90
      vertex 85.01480577065395 -71.45 90
      vertex 85.39971820690506 -72.20543319108602 90
    endloop
  endfacet
  facet normal 0 0 1
    outer loop
      vertex 90 81.5 90
      vertex 84.55303765443708 -70.73893945643097 90
      vertex 85.01480577065395 -71.45 90
    endloop
  endfacet
  facet normal 0 0 1
    outer loop
      vertex 90 81.5 90
      vertex 85.70355778199074 -72.99696234556292 90
      vertex 85.92299556594382 -73.81591530437615 90
    endloop
  endfacet
  facet normal 0 -1 0
    outer loop
      vertex 63.86976087093353 85.70000000298023 88.1
      vertex -63.86976087093353 85.70000000298023 85
      vertex 63.86976087093353 85.70000000298023 85
    endloop
  endfacet
  facet normal 0 0 -1
    outer loop
      vertex -85.85410196334124 87.20633909851313 85
      vertex 84 87.5 85
      vertex 84.62717077881098 87.4671313688159 85
    endloop
  endfacet
  facet normal 0 0 -1
    outer loop
      vertex -87 86.69615242630243 85
      vertex 85.24747014790773 87.36888560652733 85
      vertex 85.85410196334124 87.20633909851313 85
    endloop
  endfacet
  facet normal 0 0 -1
    outer loop
      vertex -86.44041986018419 86.98127274215221 85
      vertex 84.62717077881098 87.4671313688159 85
      vertex 85.24747014790773 87.36888560652733 85
    endloop
  endfacet
  facet normal 0 0 -1
    outer loop
      vertex 88.01478363573551 85.95886895060539 85
      vertex 63.86976087093353 85.70000000298023 85
      vertex -63.86976087093353 85.70000000298023 85
    endloop
  endfacet
  facet normal 0 0 -1
    outer loop
      vertex -88.01478363573551 85.95886895060539 85
      vertex 86.44041986018419 86.98127274215221 85
      vertex 87 86.69615242630243 85
    endloop
  endfacet
  facet normal 0 0 -1
    outer loop
      vertex -87.52671151608229 86.35410196334124 85
      vertex 85.85410196334124 87.20633909851313 85
      vertex 86.44041986018419 86.98127274215221 85
    endloop
  endfacet
  facet normal 0 0 -1
    outer loop
      vertex 88.01478363573551 85.95886895060539 85
      vertex -63.86976087093353 85.70000000298023 85
      vertex 87.52671151608229 86.35410196334124 85
    endloop
  endfacet
  facet normal 0 0 -1
    outer loop
      vertex 87 86.69615242630243 85
      vertex 87.52671151608229 86.35410196334124 85
      vertex -63.86976087093353 85.70000000298023 85
    endloop
  endfacet
  facet normal 0 1 0
    outer loop
      vertex -84 87.5 85
      vertex 84 87.5 90
      vertex 84 87.5 85
    endloop
  endfacet
  facet normal 0 0 -1
    outer loop
      vertex 90 -81.5 85
      vertex 88.20000000298023 61.36976087093353 85
      vertex 90 81.5 85
    endloop
  endfacet
  facet normal -1 0 0
    outer loop
      vertex 88.20000000298023 -61.36976087093353 88.1
      vertex 88.20000000298023 61.36976087093353 88.1
      vertex 88.20000000298023 61.36976087093353 85
    endloop
  endfacet
  facet normal -0.013089632977087236 -0.9999143270843383 0
    outer loop
      vertex 63.927350141108036 85.69924611598253 88.1
      vertex 63.86976087093353 85.70000000298023 85
      vertex 63.927350141108036 85.69924611598253 85
    endloop
  endfacet
  facet normal -0.02617694208405647 -0.9996573251385337 0
    outer loop
      vertex 64.08435799181461 85.69513472169638 88.1
      vertex 63.927350141108036 85.69924611598253 85
      vertex 64.08435799181461 85.69513472169638 85
    endloop
  endfacet
  facet normal -0.06540313577275131 -0.9978589228097784 0
    outer loop
      vertex 64.25673136115074 85.68383677303791 88.1
      vertex 64.08435799181461 85.69513472169638 85
      vertex 64.25673136115074 85.68383677303791 85
    endloop
  endfacet
  facet normal -0.10452847116952207 -0.9945218945377534 0
    outer loop
      vertex 64.56902688741684 85.6510131880641 88.1
      vertex 64.25673136115074 85.68383677303791 85
      vertex 64.56902688741684 85.6510131880641 85
    endloop
  endfacet
  facet normal -0.587785252856657 -0.8090169939650439 0
    outer loop
      vertex 67.05084959417582 84.61127527803183 88.1
      vertex 66.79680552333593 84.79584909975529 85
      vertex 67.05084959417582 84.61127527803183 85
    endloop
  endfacet
  facet normal -0.669130614928542 -0.7431448177612162 0
    outer loop
      vertex 67.463168554008 84.25623895227909 88.1
      vertex 67.22980938851833 84.46635649353266 85
      vertex 67.463168554008 84.25623895227909 85
    endloop
  endfacet
  facet normal -0.6293203922477272 -0.7771459604869388 0
    outer loop
      vertex 67.22980938851833 84.46635649353266 88.1
      vertex 67.05084959417582 84.61127527803183 85
      vertex 67.22980938851833 84.46635649353266 85
    endloop
  endfacet
  facet normal -0.15643446280779136 -0.9876883409487213 0
    outer loop
      vertex 64.7964699268341 85.61498975008726 88.1
      vertex 64.56902688741684 85.6510131880641 85
      vertex 64.7964699268341 85.61498975008726 85
    endloop
  endfacet
  facet normal -0.20791166994030516 -0.9781476051714453 0
    outer loop
      vertex 65.10362371057272 85.54970220476389 88.1
      vertex 64.7964699268341 85.61498975008726 85
      vertex 65.10362371057272 85.54970220476389 85
    endloop
  endfacet
  facet normal -0.2588190348095959 -0.9659258290470492 0
    outer loop
      vertex 65.32605537772179 85.4901018217206 88.1
      vertex 65.10362371057272 85.54970220476389 85
      vertex 65.32605537772179 85.4901018217206 85
    endloop
  endfacet
  facet normal -0.3090169921374998 -0.9510565170221444 0
    outer loop
      vertex 65.62470208853483 85.39306562393904 88.1
      vertex 65.32605537772179 85.4901018217206 85
      vertex 65.62470208853483 85.39306562393904 85
    endloop
  endfacet
  facet normal -0.358367954317452 -0.9335804246653443 0
    outer loop
      vertex 65.8396853134036 85.31054129451513 88.1
      vertex 65.62470208853483 85.39306562393904 85
      vertex 65.8396853134036 85.31054129451513 85
    endloop
  endfacet
  facet normal -0.4067366393666262 -0.9135454592940315 0
    outer loop
      vertex 66.12655296176672 85.1828195899725 88.1
      vertex 65.8396853134036 85.31054129451513 85
      vertex 66.12655296176672 85.1828195899725 85
    endloop
  endfacet
  facet normal -0.45399048504203626 -0.8910065316771233 0
    outer loop
      vertex 66.33173232525587 85.0782754868269 88.1
      vertex 66.12655296176672 85.1828195899725 85
      vertex 66.33173232525587 85.0782754868269 85
    endloop
  endfacet
  facet normal -0.4999999859045104 -0.8660254119224733 0
    outer loop
      vertex 66.6036779358983 84.92126762121916 88.1
      vertex 66.33173232525587 85.0782754868269 85
      vertex 66.6036779358983 84.92126762121916 85
    endloop
  endfacet
  facet normal -0.5446390341779859 -0.838670568489005 0
    outer loop
      vertex 66.79680552333593 84.79584909975529 88.1
      vertex 66.6036779358983 84.92126762121916 85
      vertex 66.79680552333593 84.79584909975529 85
    endloop
  endfacet
  facet normal -0.5877852483564419 -0.8090169972346416 0
    outer loop
      vertex 86.14786062389612 65.5065329670906 88.1
      vertex 85.96156164258718 65.6418870985508 85
      vertex 86.14786062389612 65.5065329670906 85
    endloop
  endfacet
  facet normal -0.629320395483342 -0.7771459578667896 0
    outer loop
      vertex 86.39189668744802 65.3089164569974 88.1
      vertex 86.14786062389612 65.5065329670906 85
      vertex 86.39189668744802 65.3089164569974 85
    endloop
  endfacet
  facet normal -0.7771459578667896 -0.629320395483342 0
    outer loop
      vertex 87.13677209615707 64.51762149482965 88.1
      vertex 86.93915558606386 64.76165755838156 85
      vertex 87.13677209615707 64.51762149482965 85
    endloop
  endfacet
  facet normal -0.7431448056336751 -0.6691306283975405 0
    outer loop
      vertex 86.93915558606386 64.76165755838156 88.1
      vertex 86.7850693911314 64.93278760463 85
      vertex 86.93915558606386 64.76165755838156 85
    endloop
  endfacet
  facet normal -0.6691306283975405 -0.7431448056336751 0
    outer loop
      vertex 86.56302673369646 65.15483026206493 88.1
      vertex 86.39189668744802 65.3089164569974 85
      vertex 86.56302673369646 65.15483026206493 85
    endloop
  endfacet
  facet normal -0.7071067811865476 -0.7071067811865476 0
    outer loop
      vertex 86.7850693911314 64.93278760463 88.1
      vertex 86.56302673369646 65.15483026206493 85
      vertex 86.7850693911314 64.93278760463 85
    endloop
  endfacet
  facet normal -0.9996573242298319 -0.026176976785963785 0
    outer loop
      vertex 88.20000000298023 61.36976087093353 88.1
      vertex 88.19698497653008 61.48489996045828 85
      vertex 88.20000000298023 61.36976087093353 85
    endloop
  endfacet
  facet normal -0.9986295351212079 -0.05233594924714904 0
    outer loop
      vertex 88.19698497653008 61.48489996045828 88.1
      vertex 88.18055066466331 61.79848535358906 85
      vertex 88.19698497653008 61.48489996045828 85
    endloop
  endfacet
  facet normal -0.9945218961410265 -0.10452845591539826 0
    outer loop
      vertex 88.18055066466331 61.79848535358906 88.1
      vertex 88.15648003667593 62.027502097189426 85
      vertex 88.18055066466331 61.79848535358906 85
    endloop
  endfacet
  facet normal -0.9876883396870251 -0.15643447077382908 0
    outer loop
      vertex 88.15648003667593 62.027502097189426 88.1
      vertex 88.10735715180635 62.337651774287224 85
      vertex 88.15648003667593 62.027502097189426 85
    endloop
  endfacet
  facet normal -0.9781475994074664 -0.20791169705769463 0
    outer loop
      vertex 88.10735715180635 62.337651774287224 88.1
      vertex 88.0594796165824 62.562897861003876 85
      vertex 88.10735715180635 62.337651774287224 85
    endloop
  endfacet
  facet normal -0.9659258237320325 -0.25881905464550803 0
    outer loop
      vertex 88.0594796165824 62.562897861003876 88.1
      vertex 87.97820635885 62.86621377617121 85
      vertex 88.0594796165824 62.562897861003876 85
    endloop
  endfacet
  facet normal -0.9335804259992488 -0.358367950842512 0
    outer loop
      vertex 87.90704648196697 63.085221350193024 88.1
      vertex 87.7945133075118 63.37838029116392 85
      vertex 87.90704648196697 63.085221350193024 85
    endloop
  endfacet
  facet normal -0.9135454505486409 -0.40673665900909506 0
    outer loop
      vertex 87.7945133075118 63.37838029116392 88.1
      vertex 87.70085072517395 63.58874988555908 85
      vertex 87.7945133075118 63.37838029116392 85
    endloop
  endfacet
  facet normal -0.8660254165537549 -0.4999999778828949 0
    outer loop
      vertex 87.55829056352377 63.868539959192276 88.1
      vertex 87.44315146654844 64.06796673685312 85
      vertex 87.55829056352377 63.868539959192276 85
    endloop
  endfacet
  facet normal -0.8386705716328138 -0.5446390293369446 0
    outer loop
      vertex 87.44315146654844 64.06796673685312 88.1
      vertex 87.27212624251842 64.33132249116898 85
      vertex 87.44315146654844 64.06796673685312 85
    endloop
  endfacet
  facet normal -0.8910065259684403 -0.45399049624595805 0
    outer loop
      vertex 87.70085072517395 63.58874988555908 88.1
      vertex 87.55829056352377 63.868539959192276 85
      vertex 87.70085072517395 63.58874988555908 85
    endloop
  endfacet
  facet normal -0.9510565131566553 -0.30901700403425203 0
    outer loop
      vertex 87.97820635885 62.86621377617121 88.1
      vertex 87.90704648196697 63.085221350193024 85
      vertex 87.97820635885 62.86621377617121 85
    endloop
  endfacet
  facet normal -0.8090169999983138 -0.5877852445525733 0
    outer loop
      vertex 87.27212624251842 64.33132249116898 88.1
      vertex 87.13677209615707 64.51762149482965 85
      vertex 87.27212624251842 64.33132249116898 85
    endloop
  endfacet
  facet normal 0 0 -1
    outer loop
      vertex 70.06270964443684 69.7589817866683 85
      vertex 74.56167777390647 73.00191267775699 85
      vertex 70.0872096195817 69.7252604663372 85
    endloop
  endfacet
  facet normal 0 0 -1
    outer loop
      vertex 71.42978310585022 68.23418152332306 85
      vertex 75.15619492297485 72.34163449172108 85
      vertex 71.4607589840889 68.20629071444273 85
    endloop
  endfacet
  facet normal 0 0 -1
    outer loop
      vertex 71.4607589840889 68.20629071444273 85
      vertex 75.50191267775699 72.06167777390647 85
      vertex 72.22526054084301 67.58720956742764 85
    endloop
  endfacet
  facet normal 0 0 -1
    outer loop
      vertex 70.70629072189331 68.96075896918774 85
      vertex 74.84163449172108 72.65619492297485 85
      vertex 70.73418144136667 68.9297831878066 85
    endloop
  endfacet
  facet normal 0 0 -1
    outer loop
      vertex 70.0872096195817 69.7252604663372 85
      vertex 74.84163449172108 72.65619492297485 85
      vertex 70.70629072189331 68.96075896918774 85
    endloop
  endfacet
  facet normal 0 0 -1
    outer loop
      vertex 70.73418144136667 68.9297831878066 85
      vertex 75.15619492297485 72.34163449172108 85
      vertex 71.42978310585022 68.23418152332306 85
    endloop
  endfacet
  facet normal 0 0 -1
    outer loop
      vertex 68.41384196281433 73.48370582610369 85
      vertex 73.84287269688133 74.61637531402452 85
      vertex 68.42250815033913 73.44293462485075 85
    endloop
  endfacet
  facet normal 0 0 -1
    outer loop
      vertex 68.25995276123285 74.4553239941597 85
      vertex 73.84287269688133 74.61637531402452 85
      vertex 68.41384196281433 73.48370582610369 85
    endloop
  endfacet
  facet normal 0 0 -1
    outer loop
      vertex 68.25559581071138 74.49677765369415 85
      vertex 73.77328194468484 75.05575403111247 85
      vertex 68.25995276123285 74.4553239941597 85
    endloop
  endfacet
  facet normal 0 0 -1
    outer loop
      vertex 68.20411139726639 75.47915887832642 85
      vertex 73.77328194468484 75.05575403111247 85
      vertex 68.25559581071138 74.49677765369415 85
    endloop
  endfacet
  facet normal 0 0 -1
    outer loop
      vertex 68.20411139726639 75.520841114223 85
      vertex 73.75 75.5 85
      vertex 68.20411139726639 75.47915887832642 85
    endloop
  endfacet
  facet normal 0 0 -1
    outer loop
      vertex 68.25559579581022 76.50322216749191 85
      vertex 73.75 75.5 85
      vertex 68.20411139726639 75.520841114223 85
    endloop
  endfacet
  facet normal 0 0 -1
    outer loop
      vertex 68.25995279103518 76.54467616975307 85
      vertex 73.77328194468484 75.94424596888753 85
      vertex 68.25559579581022 76.50322216749191 85
    endloop
  endfacet
  facet normal 0 0 -1
    outer loop
      vertex 69.05948723107576 71.4966139793396 85
      vertex 74.31939203391613 73.375 85
      vertex 69.50609109550714 70.62010453641415 85
    endloop
  endfacet
  facet normal 0 0 -1
    outer loop
      vertex 69.04253365844488 71.53469233214855 85
      vertex 74.11743180501895 73.77136926692785 85
      vertex 69.05948723107576 71.4966139793396 85
    endloop
  endfacet
  facet normal 0 0 -1
    outer loop
      vertex 69.50609109550714 70.62010453641415 85
      vertex 74.31939203391613 73.375 85
      vertex 69.52693208307028 70.58400689065456 85
    endloop
  endfacet
  facet normal 0 0 -1
    outer loop
      vertex 69.52693208307028 70.58400689065456 85
      vertex 74.56167777390647 73.00191267775699 85
      vertex 70.06270964443684 69.7589817866683 85
    endloop
  endfacet
  facet normal 0 0 -1
    outer loop
      vertex 68.68999657779932 72.45308281481266 85
      vertex 74.11743180501895 73.77136926692785 85
      vertex 69.04253365844488 71.53469233214855 85
    endloop
  endfacet
  facet normal 0 0 -1
    outer loop
      vertex 68.67711602896452 72.49272506684065 85
      vertex 73.9580098057456 74.18667777390647 85
      vertex 68.68999657779932 72.45308281481266 85
    endloop
  endfacet
  facet normal 0 0 -1
    outer loop
      vertex 68.42250815033913 73.44293462485075 85
      vertex 73.9580098057456 74.18667777390647 85
      vertex 68.67711602896452 72.49272506684065 85
    endloop
  endfacet
  facet normal 0 0 -1
    outer loop
      vertex 74.56167777390647 73.00191267775699 85
      vertex 69.52693208307028 70.58400689065456 85
      vertex 74.31939203391613 73.375 85
    endloop
  endfacet
  facet normal 0 0 -1
    outer loop
      vertex 74.11743180501895 73.77136926692785 85
      vertex 68.68999657779932 72.45308281481266 85
      vertex 73.9580098057456 74.18667777390647 85
    endloop
  endfacet
  facet normal 0 0 -1
    outer loop
      vertex 74.31939203391613 73.375 85
      vertex 69.05948723107576 71.4966139793396 85
      vertex 74.11743180501895 73.77136926692785 85
    endloop
  endfacet
  facet normal 0 0 -1
    outer loop
      vertex 73.9580098057456 74.18667777390647 85
      vertex 68.42250815033913 73.44293462485075 85
      vertex 73.84287269688133 74.61637531402452 85
    endloop
  endfacet
  facet normal 0 0 -1
    outer loop
      vertex 73.84287269688133 74.61637531402452 85
      vertex 68.25995276123285 74.4553239941597 85
      vertex 73.77328194468484 75.05575403111247 85
    endloop
  endfacet
  facet normal 0 0 -1
    outer loop
      vertex 73.77328194468484 75.05575403111247 85
      vertex 68.20411139726639 75.47915887832642 85
      vertex 73.75 75.5 85
    endloop
  endfacet
  facet normal 0 0 -1
    outer loop
      vertex 73.75 75.5 85
      vertex 68.25559579581022 76.50322216749191 85
      vertex 73.77328194468484 75.94424596888753 85
    endloop
  endfacet
  facet normal 0 0 -1
    outer loop
      vertex 73.12010453641415 67.00609109550714 85
      vertex 78.88362468597548 71.34287269688133 85
      vertex 73.9966139420867 66.55948724597692 85
    endloop
  endfacet
  facet normal 0 0 -1
    outer loop
      vertex 78.88362468597548 71.34287269688133 85
      vertex 74.03469229489565 66.54253367334604 85
      vertex 73.9966139420867 66.55948724597692 85
    endloop
  endfacet
  facet normal 0 0 -1
    outer loop
      vertex 72.22526054084301 67.58720956742764 85
      vertex 75.50191267775699 72.06167777390647 85
      vertex 72.2589817866683 67.56270964443684 85
    endloop
  endfacet
  facet normal 0 0 -1
    outer loop
      vertex 77.55575403111247 71.27328194468484 85
      vertex 73.08400689065456 67.02693208307028 85
      vertex 72.2589817866683 67.56270964443684 85
    endloop
  endfacet
  facet normal 0 0 -1
    outer loop
      vertex 75.50191267775699 72.06167777390647 85
      vertex 71.4607589840889 68.20629071444273 85
      vertex 75.15619492297485 72.34163449172108 85
    endloop
  endfacet
  facet normal 0 0 -1
    outer loop
      vertex 77.55575403111247 71.27328194468484 85
      vertex 73.12010453641415 67.00609109550714 85
      vertex 73.08400689065456 67.02693208307028 85
    endloop
  endfacet
  facet normal 0 0 -1
    outer loop
      vertex 72.2589817866683 67.56270964443684 85
      vertex 75.875 71.81939203391613 85
      vertex 76.27136926692785 71.61743180501895 85
    endloop
  endfacet
  facet normal 0 0 -1
    outer loop
      vertex 72.2589817866683 67.56270964443684 85
      vertex 76.27136926692785 71.61743180501895 85
      vertex 76.68667777390647 71.4580098057456 85
    endloop
  endfacet
  facet normal 0 0 -1
    outer loop
      vertex 75.875 71.81939203391613 85
      vertex 72.2589817866683 67.56270964443684 85
      vertex 75.50191267775699 72.06167777390647 85
    endloop
  endfacet
  facet normal 0 0 -1
    outer loop
      vertex 72.2589817866683 67.56270964443684 85
      vertex 76.68667777390647 71.4580098057456 85
      vertex 77.11637531402452 71.34287269688133 85
    endloop
  endfacet
  facet normal 0 0 -1
    outer loop
      vertex 77.55575403111247 71.27328194468484 85
      vertex 72.2589817866683 67.56270964443684 85
      vertex 77.11637531402452 71.34287269688133 85
    endloop
  endfacet
  facet normal 0 0 -1
    outer loop
      vertex 78.88362468597548 71.34287269688133 85
      vertex 74.9927249699831 66.17711605876684 85
      vertex 74.95308290421963 66.189996547997 85
    endloop
  endfacet
  facet normal 0 0 -1
    outer loop
      vertex 78.88362468597548 71.34287269688133 85
      vertex 74.95308290421963 66.189996547997 85
      vertex 74.03469229489565 66.54253367334604 85
    endloop
  endfacet
  facet normal 0 0 -1
    outer loop
      vertex 78.88362468597548 71.34287269688133 85
      vertex 75.94293466210365 65.92250814288855 85
      vertex 74.9927249699831 66.17711605876684 85
    endloop
  endfacet
  facet normal 0 0 -1
    outer loop
      vertex 78.88362468597548 71.34287269688133 85
      vertex 76.95532381534576 65.75995279103518 85
      vertex 75.98370580375195 65.91384197026491 85
    endloop
  endfacet
  facet normal 0 0 -1
    outer loop
      vertex 78.88362468597548 71.34287269688133 85
      vertex 75.98370580375195 65.91384197026491 85
      vertex 75.94293466210365 65.92250814288855 85
    endloop
  endfacet
  facet normal 0 0 -1
    outer loop
      vertex 78.88362468597548 71.34287269688133 85
      vertex 76.99677781760693 65.75559579581022 85
      vertex 76.95532381534576 65.75995279103518 85
    endloop
  endfacet
  facet normal 0 0 -1
    outer loop
      vertex 78.88362468597548 71.34287269688133 85
      vertex 77.979158885777 65.70411139726639 85
      vertex 76.99677781760693 65.75559579581022 85
    endloop
  endfacet
  facet normal 0 0 -1
    outer loop
      vertex 78.88362468597548 71.34287269688133 85
      vertex 78.020841114223 65.70411139726639 85
      vertex 77.979158885777 65.70411139726639 85
    endloop
  endfacet
  facet normal 0 0 -1
    outer loop
      vertex 78.88362468597548 71.34287269688133 85
      vertex 79.00322233140469 65.75559581071138 85
      vertex 78.020841114223 65.70411139726639 85
    endloop
  endfacet
  facet normal 0 0 -1
    outer loop
      vertex 73.12010453641415 67.00609109550714 85
      vertex 77.55575403111247 71.27328194468484 85
      vertex 78 71.25 85
    endloop
  endfacet
  facet normal 0 0 -1
    outer loop
      vertex 78.44424596888753 71.27328194468484 85
      vertex 73.12010453641415 67.00609109550714 85
      vertex 78 71.25 85
    endloop
  endfacet
  facet normal 0 0 -1
    outer loop
      vertex 73.12010453641415 67.00609109550714 85
      vertex 78.44424596888753 71.27328194468484 85
      vertex 78.88362468597548 71.34287269688133 85
    endloop
  endfacet
  facet normal 0 0 -1
    outer loop
      vertex 75.15619492297485 72.34163449172108 85
      vertex 70.73418144136667 68.9297831878066 85
      vertex 74.84163449172108 72.65619492297485 85
    endloop
  endfacet
  facet normal 0 0 -1
    outer loop
      vertex 74.84163449172108 72.65619492297485 85
      vertex 70.0872096195817 69.7252604663372 85
      vertex 74.56167777390647 73.00191267775699 85
    endloop
  endfacet
  facet normal 0 0 -1
    outer loop
      vertex 68.41384197026491 77.5162941813469 85
      vertex 73.77328194468484 75.94424596888753 85
      vertex 68.25995279103518 76.54467616975307 85
    endloop
  endfacet
  facet normal 0 0 -1
    outer loop
      vertex 68.42250814288855 77.55706532299519 85
      vertex 73.84287269688133 76.38362468597548 85
      vertex 68.41384197026491 77.5162941813469 85
    endloop
  endfacet
  facet normal 0 0 -1
    outer loop
      vertex 68.677116073668 78.5072750672698 85
      vertex 73.84287269688133 76.38362468597548 85
      vertex 68.42250814288855 77.55706532299519 85
    endloop
  endfacet
  facet normal 0 0 -1
    outer loop
      vertex 68.68999651819468 78.5469170063734 85
      vertex 73.9580098057456 76.81332222609353 85
      vertex 68.677116073668 78.5072750672698 85
    endloop
  endfacet
  facet normal 0 0 -1
    outer loop
      vertex 68.72437908500433 78.63648664206266 85
      vertex 73.9580098057456 76.81332222609353 85
      vertex 68.68999651819468 78.5469170063734 85
    endloop
  endfacet
  facet normal 0 0 -1
    outer loop
      vertex 68.76282649487257 78.7450587823987 85
      vertex 73.9580098057456 76.81332222609353 85
      vertex 68.72437908500433 78.63648664206266 85
    endloop
  endfacet
  facet normal 0 0 -1
    outer loop
      vertex 73.9580098057456 76.81332222609353 85
      vertex 68.76282649487257 78.7450587823987 85
      vertex 68.85986269265413 79.04370549321175 85
    endloop
  endfacet
  facet normal 0 0 -1
    outer loop
      vertex 68.91946307569742 79.26613716036081 85
      vertex 74.11743180501895 77.22863073307215 85
      vertex 68.85986269265413 79.04370549321175 85
    endloop
  endfacet
  facet normal 0 0 -1
    outer loop
      vertex 68.9847506210208 79.57329094409943 85
      vertex 74.31939203391613 77.625 85
      vertex 68.91946307569742 79.26613716036081 85
    endloop
  endfacet
  facet normal 0 0 -1
    outer loop
      vertex 69.02077405899763 79.8007339835167 85
      vertex 74.31939203391613 77.625 85
      vertex 68.9847506210208 79.57329094409943 85
    endloop
  endfacet
  facet normal 0 0 -1
    outer loop
      vertex 73.77328194468484 75.94424596888753 85
      vertex 68.41384197026491 77.5162941813469 85
      vertex 73.84287269688133 76.38362468597548 85
    endloop
  endfacet
  facet normal 0 0 -1
    outer loop
      vertex 73.84287269688133 76.38362468597548 85
      vertex 68.677116073668 78.5072750672698 85
      vertex 73.9580098057456 76.81332222609353 85
    endloop
  endfacet
  facet normal 0 0 -1
    outer loop
      vertex 73.9580098057456 76.81332222609353 85
      vertex 68.85986269265413 79.04370549321175 85
      vertex 74.11743180501895 77.22863073307215 85
    endloop
  endfacet
  facet normal 0 0 -1
    outer loop
      vertex 74.11743180501895 77.22863073307215 85
      vertex 68.91946307569742 79.26613716036081 85
      vertex 74.31939203391613 77.625 85
    endloop
  endfacet
  facet normal 0 0 -1
    outer loop
      vertex 74.31939203391613 77.625 85
      vertex 69.02077405899763 79.8007339835167 85
      vertex 74.56167777390647 77.99808732224301 85
    endloop
  endfacet
  facet normal 0 0 -1
    outer loop
      vertex 74.56167777390647 77.99808732224301 85
      vertex 69.06564947962761 80.34299213439226 85
      vertex 74.84163449172108 78.34380507702515 85
    endloop
  endfacet
  facet normal 0 0 -1
    outer loop
      vertex 74.84163449172108 78.34380507702515 85
      vertex 69.05359764397144 80.88697052747011 85
      vertex 75.15619492297485 78.65836550827892 85
    endloop
  endfacet
  facet normal 0 0 -1
    outer loop
      vertex 69.05359764397144 80.11302950978279 85
      vertex 74.56167777390647 77.99808732224301 85
      vertex 69.02077405899763 79.8007339835167 85
    endloop
  endfacet
  facet normal 0 0 -1
    outer loop
      vertex 74.56167777390647 77.99808732224301 85
      vertex 69.05359764397144 80.11302950978279 85
      vertex 69.06564947962761 80.34299213439226 85
    endloop
  endfacet
  facet normal 0 0 -1
    outer loop
      vertex 69.06564947962761 80.65700788795948 85
      vertex 74.84163449172108 78.34380507702515 85
      vertex 69.06564947962761 80.34299213439226 85
    endloop
  endfacet
  facet normal 0 0 -1
    outer loop
      vertex 74.84163449172108 78.34380507702515 85
      vertex 69.06564947962761 80.65700788795948 85
      vertex 69.05359764397144 80.88697052747011 85
    endloop
  endfacet
  facet normal 0 0 -1
    outer loop
      vertex 69.02077405899763 81.19926605373621 85
      vertex 75.15619492297485 78.65836550827892 85
      vertex 69.05359764397144 80.88697052747011 85
    endloop
  endfacet
  facet normal 0 0 -1
    outer loop
      vertex 68.98475060611963 81.42670915275812 85
      vertex 75.50191267775699 78.93832222609353 85
      vertex 69.02077405899763 81.19926605373621 85
    endloop
  endfacet
  facet normal 0 0 -1
    outer loop
      vertex 68.91946306079626 81.73386289179325 85
      vertex 75.50191267775699 78.93832222609353 85
      vertex 68.98475060611963 81.42670915275812 85
    endloop
  endfacet
  facet normal 0 0 -1
    outer loop
      vertex 68.85986267775297 81.95629455894232 85
      vertex 75.875 79.18060796608387 85
      vertex 68.91946306079626 81.73386289179325 85
    endloop
  endfacet
  facet normal 0 0 -1
    outer loop
      vertex 68.76282646507025 82.2549412921071 85
      vertex 75.875 79.18060796608387 85
      vertex 68.85986267775297 81.95629455894232 85
    endloop
  endfacet
  facet normal 0 0 -1
    outer loop
      vertex 68.55258044600487 82.75679212063551 85
      vertex 76.27136926692785 79.38256819498105 85
      vertex 68.6803021505475 82.4699244722724 85
    endloop
  endfacet
  facet normal 0 0 -1
    outer loop
      vertex 68.6803021505475 82.4699244722724 85
      vertex 76.27136926692785 79.38256819498105 85
      vertex 68.76282646507025 82.2549412921071 85
    endloop
  endfacet
  facet normal 0 0 -1
    outer loop
      vertex 88.01478363573551 85.95886895060539 85
      vertex 63.927350141108036 85.69924611598253 85
      vertex 63.86976087093353 85.70000000298023 85
    endloop
  endfacet
  facet normal 0 0 -1
    outer loop
      vertex 88.01478363573551 85.95886895060539 85
      vertex 64.08435799181461 85.69513472169638 85
      vertex 63.927350141108036 85.69924611598253 85
    endloop
  endfacet
  facet normal 0 0 -1
    outer loop
      vertex 88.01478363573551 85.95886895060539 85
      vertex 64.25673136115074 85.68383677303791 85
      vertex 64.08435799181461 85.69513472169638 85
    endloop
  endfacet
  facet normal 0 0 -1
    outer loop
      vertex 88.01478363573551 85.95886895060539 85
      vertex 64.56902688741684 85.6510131880641 85
      vertex 64.25673136115074 85.68383677303791 85
    endloop
  endfacet
  facet normal 0 0 -1
    outer loop
      vertex 88.01478363573551 85.95886895060539 85
      vertex 64.7964699268341 85.61498975008726 85
      vertex 64.56902688741684 85.6510131880641 85
    endloop
  endfacet
  facet normal 0 0 -1
    outer loop
      vertex 88.01478363573551 85.95886895060539 85
      vertex 65.10362371057272 85.54970220476389 85
      vertex 64.7964699268341 85.61498975008726 85
    endloop
  endfacet
  facet normal 0 0 -1
    outer loop
      vertex 88.01478363573551 85.95886895060539 85
      vertex 65.32605537772179 85.4901018217206 85
      vertex 65.10362371057272 85.54970220476389 85
    endloop
  endfacet
  facet normal 0 0 -1
    outer loop
      vertex 88.01478363573551 85.95886895060539 85
      vertex 65.62470208853483 85.39306562393904 85
      vertex 65.32605537772179 85.4901018217206 85
    endloop
  endfacet
  facet normal 0 0 -1
    outer loop
      vertex 75.15619492297485 78.65836550827892 85
      vertex 69.02077405899763 81.19926605373621 85
      vertex 75.50191267775699 78.93832222609353 85
    endloop
  endfacet
  facet normal 0 0 -1
    outer loop
      vertex 75.50191267775699 78.93832222609353 85
      vertex 68.91946306079626 81.73386289179325 85
      vertex 75.875 79.18060796608387 85
    endloop
  endfacet
  facet normal 0 0 -1
    outer loop
      vertex 75.875 79.18060796608387 85
      vertex 68.76282646507025 82.2549412921071 85
      vertex 76.27136926692785 79.38256819498105 85
    endloop
  endfacet
  facet normal 0 0 -1
    outer loop
      vertex 68.55258044600487 82.75679212063551 85
      vertex 76.68667777390647 79.5419901942544 85
      vertex 76.27136926692785 79.38256819498105 85
    endloop
  endfacet
  facet normal 0 0 -1
    outer loop
      vertex 68.55258044600487 82.75679212063551 85
      vertex 77.11637531402452 79.65712730311867 85
      vertex 76.68667777390647 79.5419901942544 85
    endloop
  endfacet
  facet normal 0 0 -1
    outer loop
      vertex 68.55258044600487 82.75679212063551 85
      vertex 77.55575403111247 79.72671805531516 85
      vertex 77.11637531402452 79.65712730311867 85
    endloop
  endfacet
  facet normal 0 0 -1
    outer loop
      vertex 68.55258044600487 82.75679212063551 85
      vertex 79.31332222609353 79.5419901942544 85
      vertex 78.88362468597548 79.65712730311867 85
    endloop
  endfacet
  facet normal 0 0 -1
    outer loop
      vertex 68.55258044600487 82.75679212063551 85
      vertex 78 79.75 85
      vertex 77.55575403111247 79.72671805531516 85
    endloop
  endfacet
  facet normal 0 0 -1
    outer loop
      vertex 68.55258044600487 82.75679212063551 85
      vertex 78.44424596888753 79.72671805531516 85
      vertex 78 79.75 85
    endloop
  endfacet
  facet normal 0 0 -1
    outer loop
      vertex 68.55258044600487 82.75679212063551 85
      vertex 78.88362468597548 79.65712730311867 85
      vertex 78.44424596888753 79.72671805531516 85
    endloop
  endfacet
  facet normal 0 0 -1
    outer loop
      vertex 88.85410196334124 85.02671151608229 85
      vertex 67.22980938851833 84.46635649353266 85
      vertex 67.05084959417582 84.61127527803183 85
    endloop
  endfacet
  facet normal 0 0 -1
    outer loop
      vertex 89.70633909851313 83.35410196334124 85
      vertex 68.55258044600487 82.75679212063551 85
      vertex 68.4480363279581 82.9619715064764 85
    endloop
  endfacet
  facet normal 0 0 -1
    outer loop
      vertex 89.70633909851313 83.35410196334124 85
      vertex 68.4480363279581 82.9619715064764 85
      vertex 68.29102843254805 83.23391714692116 85
    endloop
  endfacet
  facet normal 0 0 -1
    outer loop
      vertex 89.48127274215221 83.94041986018419 85
      vertex 68.16560994833708 83.42704467475414 85
      vertex 67.98103612661362 83.68108874559402 85
    endloop
  endfacet
  facet normal 0 0 -1
    outer loop
      vertex 89.48127274215221 83.94041986018419 85
      vertex 67.98103612661362 83.68108874559402 85
      vertex 67.83611735701561 83.86004852503538 85
    endloop
  endfacet
  facet normal 0 0 -1
    outer loop
      vertex 89.19615242630243 84.5 85
      vertex 67.463168554008 84.25623895227909 85
      vertex 67.22980938851833 84.46635649353266 85
    endloop
  endfacet
  facet normal 0 0 -1
    outer loop
      vertex 89.19615242630243 84.5 85
      vertex 67.62599980086088 84.09340770542622 85
      vertex 67.463168554008 84.25623895227909 85
    endloop
  endfacet
  facet normal 0 0 -1
    outer loop
      vertex 89.19615242630243 84.5 85
      vertex 67.83611735701561 83.86004852503538 85
      vertex 67.62599980086088 84.09340770542622 85
    endloop
  endfacet
  facet normal 0 0 -1
    outer loop
      vertex 89.48127274215221 83.94041986018419 85
      vertex 68.29102843254805 83.23391714692116 85
      vertex 68.16560994833708 83.42704467475414 85
    endloop
  endfacet
  facet normal 0 0 -1
    outer loop
      vertex 88.45886895060539 85.51478363573551 85
      vertex 65.8396853134036 85.31054129451513 85
      vertex 65.62470208853483 85.39306562393904 85
    endloop
  endfacet
  facet normal 0 0 -1
    outer loop
      vertex 88.45886895060539 85.51478363573551 85
      vertex 66.12655296176672 85.1828195899725 85
      vertex 65.8396853134036 85.31054129451513 85
    endloop
  endfacet
  facet normal 0 0 -1
    outer loop
      vertex 88.45886895060539 85.51478363573551 85
      vertex 66.33173232525587 85.0782754868269 85
      vertex 66.12655296176672 85.1828195899725 85
    endloop
  endfacet
  facet normal 0 0 -1
    outer loop
      vertex 88.45886895060539 85.51478363573551 85
      vertex 66.6036779358983 84.92126762121916 85
      vertex 66.33173232525587 85.0782754868269 85
    endloop
  endfacet
  facet normal 0 0 -1
    outer loop
      vertex 88.85410196334124 85.02671151608229 85
      vertex 66.79680552333593 84.79584909975529 85
      vertex 66.6036779358983 84.92126762121916 85
    endloop
  endfacet
  facet normal 0 0 -1
    outer loop
      vertex 88.85410196334124 85.02671151608229 85
      vertex 67.05084959417582 84.61127527803183 85
      vertex 66.79680552333593 84.79584909975529 85
    endloop
  endfacet
  facet normal 0 0 -1
    outer loop
      vertex 78.88362468597548 71.34287269688133 85
      vertex 79.04467599093914 65.75995276123285 85
      vertex 79.00322233140469 65.75559581071138 85
    endloop
  endfacet
  facet normal 0 0 -1
    outer loop
      vertex 78.88362468597548 71.34287269688133 85
      vertex 80.01629415899515 65.91384196281433 85
      vertex 79.04467599093914 65.75995276123285 85
    endloop
  endfacet
  facet normal 0 0 -1
    outer loop
      vertex 80.01629415899515 65.91384196281433 85
      vertex 78.88362468597548 71.34287269688133 85
      vertex 80.05706536024809 65.92250815033913 85
    endloop
  endfacet
  facet normal 0 0 -1
    outer loop
      vertex 80.05706536024809 65.92250815033913 85
      vertex 78.88362468597548 71.34287269688133 85
      vertex 81.00727494060993 66.1771160364151 85
    endloop
  endfacet
  facet normal 0 0 -1
    outer loop
      vertex 81.00727494060993 66.1771160364151 85
      vertex 79.31332222609353 71.4580098057456 85
      vertex 81.04691705852747 66.18999654054642 85
    endloop
  endfacet
  facet normal 0 0 -1
    outer loop
      vertex 81.04691705852747 66.18999654054642 85
      vertex 79.31332222609353 71.4580098057456 85
      vertex 81.13648672401905 66.22437911480665 85
    endloop
  endfacet
  facet normal 0 0 -1
    outer loop
      vertex 81.13648672401905 66.22437911480665 85
      vertex 79.31332222609353 71.4580098057456 85
      vertex 81.19052112847567 66.2443134561181 85
    endloop
  endfacet
  facet normal 0 0 -1
    outer loop
      vertex 81.19052112847567 66.2443134561181 85
      vertex 79.31332222609353 71.4580098057456 85
      vertex 81.33857395499945 66.29674170911312 85
    endloop
  endfacet
  facet normal 0 0 -1
    outer loop
      vertex 79.72863073307215 71.61743180501895 85
      vertex 81.50354709476233 66.34796722978354 85
      vertex 81.33857395499945 66.29674170911312 85
    endloop
  endfacet
  facet normal 0 0 -1
    outer loop
      vertex 81.50354709476233 66.34796722978354 85
      vertex 79.72863073307215 71.61743180501895 85
      vertex 81.80686300992966 66.42924048751593 85
    endloop
  endfacet
  facet normal 0 0 -1
    outer loop
      vertex 80.125 71.81939203391613 85
      vertex 82.03210909664631 66.47711802273989 85
      vertex 81.80686300992966 66.42924048751593 85
    endloop
  endfacet
  facet normal 0 0 -1
    outer loop
      vertex 82.03210909664631 66.47711802273989 85
      vertex 80.125 71.81939203391613 85
      vertex 82.3422587737441 66.52624090760946 85
    endloop
  endfacet
  facet normal 0 0 -1
    outer loop
      vertex 79.31332222609353 71.4580098057456 85
      vertex 81.00727494060993 66.1771160364151 85
      vertex 78.88362468597548 71.34287269688133 85
    endloop
  endfacet
  facet normal 0 0 -1
    outer loop
      vertex 79.72863073307215 71.61743180501895 85
      vertex 81.33857395499945 66.29674170911312 85
      vertex 79.31332222609353 71.4580098057456 85
    endloop
  endfacet
  facet normal 0 0 -1
    outer loop
      vertex 80.125 71.81939203391613 85
      vertex 81.80686300992966 66.42924048751593 85
      vertex 79.72863073307215 71.61743180501895 85
    endloop
  endfacet
  facet normal 0 0 -1
    outer loop
      vertex 80.49808732224301 72.06167777390647 85
      vertex 82.3422587737441 66.52624090760946 85
      vertex 80.125 71.81939203391613 85
    endloop
  endfacet
  facet normal 0 0 -1
    outer loop
      vertex 80.84380507702515 72.34163449172108 85
      vertex 82.88486091047525 66.56674584746361 85
      vertex 80.49808732224301 72.06167777390647 85
    endloop
  endfacet
  facet normal 0 0 -1
    outer loop
      vertex 82.3422587737441 66.52624090760946 85
      vertex 80.49808732224301 72.06167777390647 85
      vertex 82.57127551734447 66.55031153559685 85
    endloop
  endfacet
  facet normal 0 0 -1
    outer loop
      vertex 82.57127551734447 66.55031153559685 85
      vertex 80.49808732224301 72.06167777390647 85
      vertex 82.88486091047525 66.56674584746361 85
    endloop
  endfacet
  facet normal 0 0 -1
    outer loop
      vertex 82.88486091047525 66.56674584746361 85
      vertex 80.84380507702515 72.34163449172108 85
      vertex 83.11513908952475 66.56674584746361 85
    endloop
  endfacet
  facet normal 0 0 -1
    outer loop
      vertex 81.15836550827892 72.65619492297485 85
      vertex 83.42872451245785 66.55031153559685 85
      vertex 83.11513908952475 66.56674584746361 85
    endloop
  endfacet
  facet normal 0 0 -1
    outer loop
      vertex 83.42872451245785 66.55031153559685 85
      vertex 81.15836550827892 72.65619492297485 85
      vertex 83.6577412262559 66.52624090760946 85
    endloop
  endfacet
  facet normal 0 0 -1
    outer loop
      vertex 81.15836550827892 72.65619492297485 85
      vertex 83.11513908952475 66.56674584746361 85
      vertex 80.84380507702515 72.34163449172108 85
    endloop
  endfacet
  facet normal 0 0 -1
    outer loop
      vertex 81.43832222609353 73.00191267775699 85
      vertex 83.6577412262559 66.52624090760946 85
      vertex 81.15836550827892 72.65619492297485 85
    endloop
  endfacet
  facet normal 0 0 -1
    outer loop
      vertex 81.68060796608387 73.375 85
      vertex 84.19313699007034 66.42924048751593 85
      vertex 81.43832222609353 73.00191267775699 85
    endloop
  endfacet
  facet normal 0 0 -1
    outer loop
      vertex 81.43832222609353 73.00191267775699 85
      vertex 83.96789091825485 66.47711802273989 85
      vertex 83.6577412262559 66.52624090760946 85
    endloop
  endfacet
  facet normal 0 0 -1
    outer loop
      vertex 83.96789091825485 66.47711802273989 85
      vertex 81.43832222609353 73.00191267775699 85
      vertex 84.19313699007034 66.42924048751593 85
    endloop
  endfacet
  facet normal 0 0 -1
    outer loop
      vertex 84.49645290523767 66.34796722978354 85
      vertex 81.68060796608387 73.375 85
      vertex 84.71546047925949 66.2768073529005 85
    endloop
  endfacet
  facet normal 0 0 -1
    outer loop
      vertex 81.68060796608387 73.375 85
      vertex 84.49645290523767 66.34796722978354 85
      vertex 84.19313699007034 66.42924048751593 85
    endloop
  endfacet
  facet normal 0 0 -1
    outer loop
      vertex 84.71546047925949 66.2768073529005 85
      vertex 81.88256819498105 73.77136926692785 85
      vertex 85.00861942023039 66.16427417844534 85
    endloop
  endfacet
  facet normal 0 0 -1
    outer loop
      vertex 85.00861942023039 66.16427417844534 85
      vertex 81.88256819498105 73.77136926692785 85
      vertex 85.21898901462555 66.07061159610748 85
    endloop
  endfacet
  facet normal 0 0 -1
    outer loop
      vertex 85.21898901462555 66.07061159610748 85
      vertex 82.0419901942544 74.18667777390647 85
      vertex 85.49877908825874 65.9280514344573 85
    endloop
  endfacet
  facet normal 0 0 -1
    outer loop
      vertex 81.88256819498105 73.77136926692785 85
      vertex 84.71546047925949 66.2768073529005 85
      vertex 81.68060796608387 73.375 85
    endloop
  endfacet
  facet normal 0 0 -1
    outer loop
      vertex 82.0419901942544 74.18667777390647 85
      vertex 85.21898901462555 66.07061159610748 85
      vertex 81.88256819498105 73.77136926692785 85
    endloop
  endfacet
  facet normal 0 0 -1
    outer loop
      vertex 82.15712730311867 74.61637531402452 85
      vertex 85.49877908825874 65.9280514344573 85
      vertex 82.0419901942544 74.18667777390647 85
    endloop
  endfacet
  facet normal 0 0 -1
    outer loop
      vertex 90 81.5 85
      vertex 85.69820586591959 65.81291233748198 85
      vertex 85.49877908825874 65.9280514344573 85
    endloop
  endfacet
  facet normal 0 0 -1
    outer loop
      vertex 90 81.5 85
      vertex 88.20000000298023 61.36976087093353 85
      vertex 88.19698497653008 61.48489996045828 85
    endloop
  endfacet
  facet normal 0 0 -1
    outer loop
      vertex 90 81.5 85
      vertex 88.19698497653008 61.48489996045828 85
      vertex 88.18055066466331 61.79848535358906 85
    endloop
  endfacet
  facet normal 0 0 -1
    outer loop
      vertex 90 81.5 85
      vertex 87.90704648196697 63.085221350193024 85
      vertex 87.7945133075118 63.37838029116392 85
    endloop
  endfacet
  facet normal 0 0 -1
    outer loop
      vertex 90 81.5 85
      vertex 87.7945133075118 63.37838029116392 85
      vertex 87.70085072517395 63.58874988555908 85
    endloop
  endfacet
  facet normal 0 0 -1
    outer loop
      vertex 90 81.5 85
      vertex 87.70085072517395 63.58874988555908 85
      vertex 87.55829056352377 63.868539959192276 85
    endloop
  endfacet
  facet normal 0 0 -1
    outer loop
      vertex 90 81.5 85
      vertex 85.96156164258718 65.6418870985508 85
      vertex 85.69820586591959 65.81291233748198 85
    endloop
  endfacet
  facet normal 0 0 -1
    outer loop
      vertex 90 81.5 85
      vertex 86.14786062389612 65.5065329670906 85
      vertex 85.96156164258718 65.6418870985508 85
    endloop
  endfacet
  facet normal 0 0 -1
    outer loop
      vertex 90 81.5 85
      vertex 86.39189668744802 65.3089164569974 85
      vertex 86.14786062389612 65.5065329670906 85
    endloop
  endfacet
  facet normal 0 0 -1
    outer loop
      vertex 90 81.5 85
      vertex 86.56302673369646 65.15483026206493 85
      vertex 86.39189668744802 65.3089164569974 85
    endloop
  endfacet
  facet normal 0 0 -1
    outer loop
      vertex 90 81.5 85
      vertex 86.7850693911314 64.93278760463 85
      vertex 86.56302673369646 65.15483026206493 85
    endloop
  endfacet
  facet normal 0 0 -1
    outer loop
      vertex 90 81.5 85
      vertex 87.44315146654844 64.06796673685312 85
      vertex 87.27212624251842 64.33132249116898 85
    endloop
  endfacet
  facet normal 0 0 -1
    outer loop
      vertex 90 81.5 85
      vertex 86.93915558606386 64.76165755838156 85
      vertex 86.7850693911314 64.93278760463 85
    endloop
  endfacet
  facet normal 0 0 -1
    outer loop
      vertex 90 81.5 85
      vertex 87.13677209615707 64.51762149482965 85
      vertex 86.93915558606386 64.76165755838156 85
    endloop
  endfacet
  facet normal 0 0 -1
    outer loop
      vertex 90 81.5 85
      vertex 87.27212624251842 64.33132249116898 85
      vertex 87.13677209615707 64.51762149482965 85
    endloop
  endfacet
  facet normal 0 0 -1
    outer loop
      vertex 90 81.5 85
      vertex 87.55829056352377 63.868539959192276 85
      vertex 87.44315146654844 64.06796673685312 85
    endloop
  endfacet
  facet normal 0 0 -1
    outer loop
      vertex 90 81.5 85
      vertex 88.15648003667593 62.027502097189426 85
      vertex 88.10735715180635 62.337651774287224 85
    endloop
  endfacet
  facet normal 0 0 -1
    outer loop
      vertex 90 81.5 85
      vertex 88.18055066466331 61.79848535358906 85
      vertex 88.15648003667593 62.027502097189426 85
    endloop
  endfacet
  facet normal 0 0 -1
    outer loop
      vertex 90 81.5 85
      vertex 88.10735715180635 62.337651774287224 85
      vertex 88.0594796165824 62.562897861003876 85
    endloop
  endfacet
  facet normal 0 0 -1
    outer loop
      vertex 90 81.5 85
      vertex 88.0594796165824 62.562897861003876 85
      vertex 87.97820635885 62.86621377617121 85
    endloop
  endfacet
  facet normal 0 0 -1
    outer loop
      vertex 90 81.5 85
      vertex 87.97820635885 62.86621377617121 85
      vertex 87.90704648196697 63.085221350193024 85
    endloop
  endfacet
  facet normal 0 0 -1
    outer loop
      vertex 90 81.5 85
      vertex 85.49877908825874 65.9280514344573 85
      vertex 82.15712730311867 74.61637531402452 85
    endloop
  endfacet
  facet normal 0 0 -1
    outer loop
      vertex 89.86888560652733 82.74747014790773 85
      vertex 79.31332222609353 79.5419901942544 85
      vertex 68.55258044600487 82.75679212063551 85
    endloop
  endfacet
  facet normal 0 0 -1
    outer loop
      vertex 89.86888560652733 82.74747014790773 85
      vertex 79.72863073307215 79.38256819498105 85
      vertex 79.31332222609353 79.5419901942544 85
    endloop
  endfacet
  facet normal 0 0 -1
    outer loop
      vertex 89.86888560652733 82.74747014790773 85
      vertex 80.125 79.18060796608387 85
      vertex 79.72863073307215 79.38256819498105 85
    endloop
  endfacet
  facet normal 0 0 -1
    outer loop
      vertex 89.86888560652733 82.74747014790773 85
      vertex 80.49808732224301 78.93832222609353 85
      vertex 80.125 79.18060796608387 85
    endloop
  endfacet
  facet normal 0 0 -1
    outer loop
      vertex 89.86888560652733 82.74747014790773 85
      vertex 81.15836550827892 78.34380507702515 85
      vertex 80.84380507702515 78.65836550827892 85
    endloop
  endfacet
  facet normal 0 0 -1
    outer loop
      vertex 89.86888560652733 82.74747014790773 85
      vertex 81.68060796608387 77.625 85
      vertex 81.43832222609353 77.99808732224301 85
    endloop
  endfacet
  facet normal 0 0 -1
    outer loop
      vertex 89.86888560652733 82.74747014790773 85
      vertex 81.43832222609353 77.99808732224301 85
      vertex 81.15836550827892 78.34380507702515 85
    endloop
  endfacet
  facet normal 0 0 -1
    outer loop
      vertex 89.86888560652733 82.74747014790773 85
      vertex 80.84380507702515 78.65836550827892 85
      vertex 80.49808732224301 78.93832222609353 85
    endloop
  endfacet
  facet normal 0 0 -1
    outer loop
      vertex 88.01478363573551 85.95886895060539 85
      vertex 88.45886895060539 85.51478363573551 85
      vertex 65.62470208853483 85.39306562393904 85
    endloop
  endfacet
  facet normal 0 0 -1
    outer loop
      vertex 88.45886895060539 85.51478363573551 85
      vertex 88.85410196334124 85.02671151608229 85
      vertex 66.6036779358983 84.92126762121916 85
    endloop
  endfacet
  facet normal 0 0 -1
    outer loop
      vertex 89.86888560652733 82.74747014790773 85
      vertex 68.55258044600487 82.75679212063551 85
      vertex 89.70633909851313 83.35410196334124 85
    endloop
  endfacet
  facet normal 0 0 -1
    outer loop
      vertex 89.19615242630243 84.5 85
      vertex 67.22980938851833 84.46635649353266 85
      vertex 88.85410196334124 85.02671151608229 85
    endloop
  endfacet
  facet normal 0 0 -1
    outer loop
      vertex 89.19615242630243 84.5 85
      vertex 89.48127274215221 83.94041986018419 85
      vertex 67.83611735701561 83.86004852503538 85
    endloop
  endfacet
  facet normal 0 0 -1
    outer loop
      vertex 89.70633909851313 83.35410196334124 85
      vertex 68.29102843254805 83.23391714692116 85
      vertex 89.48127274215221 83.94041986018419 85
    endloop
  endfacet
  facet normal 0 0 -1
    outer loop
      vertex 90 81.5 85
      vertex 82.15712730311867 74.61637531402452 85
      vertex 82.22671805531516 75.05575403111247 85
    endloop
  endfacet
  facet normal 0 0 -1
    outer loop
      vertex 90 81.5 85
      vertex 82.22671805531516 75.05575403111247 85
      vertex 82.25 75.5 85
    endloop
  endfacet
  facet normal 0 0 -1
    outer loop
      vertex 89.9671313688159 82.12717077881098 85
      vertex 82.25 75.5 85
      vertex 82.22671805531516 75.94424596888753 85
    endloop
  endfacet
  facet normal 0 0 -1
    outer loop
      vertex 89.86888560652733 82.74747014790773 85
      vertex 82.22671805531516 75.94424596888753 85
      vertex 82.15712730311867 76.38362468597548 85
    endloop
  endfacet
  facet normal 0 0 -1
    outer loop
      vertex 89.86888560652733 82.74747014790773 85
      vertex 82.15712730311867 76.38362468597548 85
      vertex 82.0419901942544 76.81332222609353 85
    endloop
  endfacet
  facet normal 0 0 -1
    outer loop
      vertex 89.86888560652733 82.74747014790773 85
      vertex 82.0419901942544 76.81332222609353 85
      vertex 81.88256819498105 77.22863073307215 85
    endloop
  endfacet
  facet normal 0 0 -1
    outer loop
      vertex 89.86888560652733 82.74747014790773 85
      vertex 81.88256819498105 77.22863073307215 85
      vertex 81.68060796608387 77.625 85
    endloop
  endfacet
  facet normal 0 0 -1
    outer loop
      vertex 90 81.5 85
      vertex 82.25 75.5 85
      vertex 89.9671313688159 82.12717077881098 85
    endloop
  endfacet
  facet normal 0 0 -1
    outer loop
      vertex 89.9671313688159 82.12717077881098 85
      vertex 82.22671805531516 75.94424596888753 85
      vertex 89.86888560652733 82.74747014790773 85
    endloop
  endfacet
  facet normal 0.8386705679454243 0.5446390350150268 0
    outer loop
      vertex 74.31939203391613 73.375 87.8
      vertex 74.56167777390647 73.00191267775699 85
      vertex 74.31939203391613 73.375 85
    endloop
  endfacet
  facet normal 0.891006524188378 0.453990499739527 0
    outer loop
      vertex 74.11743180501895 73.77136926692785 87.8
      vertex 74.31939203391613 73.375 85
      vertex 74.11743180501895 73.77136926692785 85
    endloop
  endfacet
  facet normal 0.629320391049847 0.777145961456963 0
    outer loop
      vertex 75.15619492297485 72.34163449172108 87.8
      vertex 75.50191267775699 72.06167777390647 85
      vertex 75.15619492297485 72.34163449172108 85
    endloop
  endfacet
  facet normal 0.5446390350150268 0.8386705679454243 0
    outer loop
      vertex 75.50191267775699 72.06167777390647 87.8
      vertex 75.875 71.81939203391613 85
      vertex 75.50191267775699 72.06167777390647 85
    endloop
  endfacet
  facet normal 0.777145961456963 0.629320391049847 0
    outer loop
      vertex 74.56167777390647 73.00191267775699 87.8
      vertex 74.84163449172108 72.65619492297485 85
      vertex 74.56167777390647 73.00191267775699 85
    endloop
  endfacet
  facet normal 0.7071067811865475 0.7071067811865475 0
    outer loop
      vertex 74.84163449172108 72.65619492297485 87.8
      vertex 75.15619492297485 72.34163449172108 85
      vertex 74.84163449172108 72.65619492297485 85
    endloop
  endfacet
  facet normal 0.987688340595137 0.1564344650402362 0
    outer loop
      vertex 73.77328194468484 75.05575403111247 87.8
      vertex 73.84287269688133 74.61637531402452 85
      vertex 73.77328194468484 75.05575403111247 85
    endloop
  endfacet
  facet normal 0.9335804264972004 0.3583679495453039 0
    outer loop
      vertex 73.9580098057456 74.18667777390647 87.8
      vertex 74.11743180501895 73.77136926692785 85
      vertex 73.9580098057456 74.18667777390647 85
    endloop
  endfacet
  facet normal 0.9659258262890673 0.2588190451025243 0
    outer loop
      vertex 73.84287269688133 74.61637531402452 87.8
      vertex 73.9580098057456 74.18667777390647 85
      vertex 73.84287269688133 74.61637531402452 85
    endloop
  endfacet
  facet normal 0.9986295347545738 0.05233595624294646 0
    outer loop
      vertex 73.75 75.5 87.8
      vertex 73.77328194468484 75.05575403111247 85
      vertex 73.75 75.5 85
    endloop
  endfacet
  facet normal 0.9986295347545738 -0.05233595624294646 0
    outer loop
      vertex 73.77328194468484 75.94424596888753 87.8
      vertex 73.75 75.5 85
      vertex 73.77328194468484 75.94424596888753 85
    endloop
  endfacet
  facet normal 0.987688340595137 -0.1564344650402362 0
    outer loop
      vertex 73.84287269688133 76.38362468597548 87.8
      vertex 73.77328194468484 75.94424596888753 85
      vertex 73.84287269688133 76.38362468597548 85
    endloop
  endfacet
  facet normal 0.453990499739527 0.891006524188378 0
    outer loop
      vertex 75.875 71.81939203391613 87.8
      vertex 76.27136926692785 71.61743180501895 85
      vertex 75.875 71.81939203391613 85
    endloop
  endfacet
  facet normal 0.3583679495453039 0.9335804264972004 0
    outer loop
      vertex 76.27136926692785 71.61743180501895 87.8
      vertex 76.68667777390647 71.4580098057456 85
      vertex 76.27136926692785 71.61743180501895 85
    endloop
  endfacet
  facet normal 0.2588190451025243 0.9659258262890673 0
    outer loop
      vertex 76.68667777390647 71.4580098057456 87.8
      vertex 77.11637531402452 71.34287269688133 85
      vertex 76.68667777390647 71.4580098057456 85
    endloop
  endfacet
  facet normal 0.1564344650402362 0.987688340595137 0
    outer loop
      vertex 77.11637531402452 71.34287269688133 87.8
      vertex 77.55575403111247 71.27328194468484 85
      vertex 77.11637531402452 71.34287269688133 85
    endloop
  endfacet
  facet normal 0.05233595624294646 0.9986295347545738 0
    outer loop
      vertex 77.55575403111247 71.27328194468484 87.8
      vertex 78 71.25 85
      vertex 77.55575403111247 71.27328194468484 85
    endloop
  endfacet
  facet normal -0.05233595624294646 0.9986295347545738 0
    outer loop
      vertex 78 71.25 87.8
      vertex 78.44424596888753 71.27328194468484 85
      vertex 78 71.25 85
    endloop
  endfacet
  facet normal -0.1564344650402362 0.987688340595137 0
    outer loop
      vertex 78.44424596888753 71.27328194468484 87.8
      vertex 78.88362468597548 71.34287269688133 85
      vertex 78.44424596888753 71.27328194468484 85
    endloop
  endfacet
  facet normal -0.8660253823142725 -0.5000000371874168 0
    outer loop
      vertex 69.52693208307028 70.58400689065456 88.1
      vertex 69.50609109550714 70.62010453641415 85
      vertex 69.52693208307028 70.58400689065456 85
    endloop
  endfacet
  facet normal -0.8910065256116595 -0.45399049694617966 0
    outer loop
      vertex 69.50609109550714 70.62010453641415 88.1
      vertex 69.05948723107576 71.4966139793396 85
      vertex 69.50609109550714 70.62010453641415 85
    endloop
  endfacet
  facet normal -0.8386705706109828 -0.5446390309104264 0
    outer loop
      vertex 70.06270964443684 69.7589817866683 88.1
      vertex 69.52693208307028 70.58400689065456 85
      vertex 70.06270964443684 69.7589817866683 85
    endloop
  endfacet
  facet normal -0.8090169735677465 -0.5877852809311274 0
    outer loop
      vertex 70.0872096195817 69.7252604663372 88.1
      vertex 70.06270964443684 69.7589817866683 85
      vertex 70.0872096195817 69.7252604663372 85
    endloop
  endfacet
  facet normal -0.6691306439679336 -0.7431447916140289 0
    outer loop
      vertex 71.4607589840889 68.20629071444273 88.1
      vertex 71.42978310585022 68.23418152332306 85
      vertex 71.4607589840889 68.20629071444273 85
    endloop
  endfacet
  facet normal -0.5877853119840554 -0.809016951006471 0
    outer loop
      vertex 72.2589817866683 67.56270964443684 88.1
      vertex 72.22526054084301 67.58720956742764 85
      vertex 72.2589817866683 67.56270964443684 85
    endloop
  endfacet
  facet normal -0.6293203867539962 -0.7771459649356746 0
    outer loop
      vertex 72.22526054084301 67.58720956742764 88.1
      vertex 71.4607589840889 68.20629071444273 85
      vertex 72.22526054084301 67.58720956742764 85
    endloop
  endfacet
  facet normal -0.5446390309104264 -0.8386705706109828 0
    outer loop
      vertex 73.08400689065456 67.02693208307028 88.1
      vertex 72.2589817866683 67.56270964443684 85
      vertex 73.08400689065456 67.02693208307028 85
    endloop
  endfacet
  facet normal -0.5000000371874168 -0.8660253823142725 0
    outer loop
      vertex 73.12010453641415 67.00609109550714 88.1
      vertex 73.08400689065456 67.02693208307028 85
      vertex 73.12010453641415 67.00609109550714 85
    endloop
  endfacet
  facet normal -0.7431448178123772 -0.6691306148717219 0
    outer loop
      vertex 70.73418144136667 68.9297831878066 88.1
      vertex 70.70629072189331 68.96075896918774 85
      vertex 70.73418144136667 68.9297831878066 85
    endloop
  endfacet
  facet normal -0.7771459631640818 -0.629320388941731 0
    outer loop
      vertex 70.70629072189331 68.96075896918774 88.1
      vertex 70.0872096195817 69.7252604663372 85
      vertex 70.70629072189331 68.96075896918774 85
    endloop
  endfacet
  facet normal -0.7071067811865476 -0.7071067811865476 0
    outer loop
      vertex 71.42978310585022 68.23418152332306 88.1
      vertex 70.73418144136667 68.9297831878066 85
      vertex 71.42978310585022 68.23418152332306 85
    endloop
  endfacet
  facet normal -0.9510565138423422 -0.3090170019239249 0
    outer loop
      vertex 68.68999657779932 72.45308281481266 88.1
      vertex 68.67711602896452 72.49272506684065 85
      vertex 68.68999657779932 72.45308281481266 85
    endloop
  endfacet
  facet normal -0.9659258275810262 -0.2588190402808679 0
    outer loop
      vertex 68.67711602896452 72.49272506684065 88.1
      vertex 68.42250815033913 73.44293462485075 85
      vertex 68.67711602896452 72.49272506684065 85
    endloop
  endfacet
  facet normal -0.9781475950189167 -0.20791171770419659 0
    outer loop
      vertex 68.42250815033913 73.44293462485075 88.1
      vertex 68.41384196281433 73.48370582610369 85
      vertex 68.42250815033913 73.44293462485075 85
    endloop
  endfacet
  facet normal -0.9876883403085313 -0.15643446684979345 0
    outer loop
      vertex 68.41384196281433 73.48370582610369 88.1
      vertex 68.25995276123285 74.4553239941597 85
      vertex 68.41384196281433 73.48370582610369 85
    endloop
  endfacet
  facet normal -0.9135454784040611 -0.40673659644479404 0
    outer loop
      vertex 69.05948723107576 71.4966139793396 88.1
      vertex 69.04253365844488 71.53469233214855 85
      vertex 69.05948723107576 71.4966139793396 85
    endloop
  endfacet
  facet normal -0.9335804250579053 -0.3583679532947957 0
    outer loop
      vertex 69.04253365844488 71.53469233214855 88.1
      vertex 68.68999657779932 72.45308281481266 85
      vertex 69.04253365844488 71.53469233214855 85
    endloop
  endfacet
  facet normal -0.994521906997554 -0.10452835262237818 0
    outer loop
      vertex 68.25995276123285 74.4553239941597 88.1
      vertex 68.25559581071138 74.49677765369415 85
      vertex 68.25995276123285 74.4553239941597 85
    endloop
  endfacet
  facet normal -0.9986295350174192 -0.05233595122755594 0
    outer loop
      vertex 68.25559581071138 74.49677765369415 88.1
      vertex 68.20411139726639 75.47915887832642 85
      vertex 68.25559581071138 74.49677765369415 85
    endloop
  endfacet
  facet normal -1 0 0
    outer loop
      vertex 68.20411139726639 75.47915887832642 88.1
      vertex 68.20411139726639 75.520841114223 85
      vertex 68.20411139726639 75.47915887832642 85
    endloop
  endfacet
  facet normal -0.9986295353319616 0.05233594522572854 0
    outer loop
      vertex 68.20411139726639 75.520841114223 88.1
      vertex 68.25559579581022 76.50322216749191 85
      vertex 68.20411139726639 75.520841114223 85
    endloop
  endfacet
  facet normal -0.9945218853458931 0.10452855862418647 0
    outer loop
      vertex 68.25559579581022 76.50322216749191 88.1
      vertex 68.25995279103518 76.54467616975307 85
      vertex 68.25559579581022 76.50322216749191 85
    endloop
  endfacet
  facet normal -0.4539905002389483 -0.8910065239339101 0
    outer loop
      vertex 73.9966139420867 66.55948724597692 88.1
      vertex 73.12010453641415 67.00609109550714 85
      vertex 73.9966139420867 66.55948724597692 85
    endloop
  endfacet
  facet normal -0.40673659644479404 -0.9135454784040611 0
    outer loop
      vertex 74.03469229489565 66.54253367334604 88.1
      vertex 73.9966139420867 66.55948724597692 85
      vertex 74.03469229489565 66.54253367334604 85
    endloop
  endfacet
  facet normal -0.3583679498246596 -0.9335804263899657 0
    outer loop
      vertex 74.95308290421963 66.189996547997 88.1
      vertex 74.03469229489565 66.54253367334604 85
      vertex 74.95308290421963 66.189996547997 85
    endloop
  endfacet
  facet normal -0.3090170218092126 -0.9510565073812202 0
    outer loop
      vertex 74.9927249699831 66.17711605876684 88.1
      vertex 74.95308290421963 66.189996547997 85
      vertex 74.9927249699831 66.17711605876684 85
    endloop
  endfacet
  facet normal -0.25881904153102836 -0.9659258272460467 0
    outer loop
      vertex 75.94293466210365 65.92250814288855 88.1
      vertex 74.9927249699831 66.17711605876684 85
      vertex 75.94293466210365 65.92250814288855 85
    endloop
  endfacet
  facet normal -0.20791166647520556 -0.9781476059079749 0
    outer loop
      vertex 75.98370580375195 65.91384197026491 88.1
      vertex 75.94293466210365 65.92250814288855 85
      vertex 75.98370580375195 65.91384197026491 85
    endloop
  endfacet
  facet normal -0.15643446925897514 -0.9876883399269542 0
    outer loop
      vertex 76.95532381534576 65.75995279103518 88.1
      vertex 75.98370580375195 65.91384197026491 85
      vertex 76.95532381534576 65.75995279103518 85
    endloop
  endfacet
  facet normal -0.10452855862418647 -0.9945218853458931 0
    outer loop
      vertex 76.99677781760693 65.75559579581022 88.1
      vertex 76.95532381534576 65.75995279103518 85
      vertex 76.99677781760693 65.75559579581022 85
    endloop
  endfacet
  facet normal -0.05233594443404974 -0.9986295353734517 0
    outer loop
      vertex 77.979158885777 65.70411139726639 88.1
      vertex 76.99677781760693 65.75559579581022 85
      vertex 77.979158885777 65.70411139726639 85
    endloop
  endfacet
  facet normal 0 -1 0
    outer loop
      vertex 78.020841114223 65.70411139726639 88.1
      vertex 77.979158885777 65.70411139726639 85
      vertex 78.020841114223 65.70411139726639 85
    endloop
  endfacet
  facet normal 0.05233595162339533 -0.9986295349966742 0
    outer loop
      vertex 79.00322233140469 65.75559581071138 88.1
      vertex 78.020841114223 65.70411139726639 85
      vertex 79.00322233140469 65.75559581071138 85
    endloop
  endfacet
  facet normal 0.9659258262890673 -0.2588190451025243 0
    outer loop
      vertex 73.9580098057456 76.81332222609353 87.8
      vertex 73.84287269688133 76.38362468597548 85
      vertex 73.9580098057456 76.81332222609353 85
    endloop
  endfacet
  facet normal 0.9335804264972004 -0.3583679495453039 0
    outer loop
      vertex 74.11743180501895 77.22863073307215 87.8
      vertex 73.9580098057456 76.81332222609353 85
      vertex 74.11743180501895 77.22863073307215 85
    endloop
  endfacet
  facet normal 0.891006524188378 -0.453990499739527 0
    outer loop
      vertex 74.31939203391613 77.625 87.8
      vertex 74.11743180501895 77.22863073307215 85
      vertex 74.31939203391613 77.625 85
    endloop
  endfacet
  facet normal 0.8386705679454243 -0.5446390350150268 0
    outer loop
      vertex 74.56167777390647 77.99808732224301 87.8
      vertex 74.31939203391613 77.625 85
      vertex 74.56167777390647 77.99808732224301 85
    endloop
  endfacet
  facet normal 0.777145961456963 -0.629320391049847 0
    outer loop
      vertex 74.84163449172108 78.34380507702515 87.8
      vertex 74.56167777390647 77.99808732224301 85
      vertex 74.84163449172108 78.34380507702515 85
    endloop
  endfacet
  facet normal 0.7071067811865475 -0.7071067811865475 0
    outer loop
      vertex 75.15619492297485 78.65836550827892 87.8
      vertex 74.84163449172108 78.34380507702515 85
      vertex 75.15619492297485 78.65836550827892 85
    endloop
  endfacet
  facet normal 0.629320391049847 -0.777145961456963 0
    outer loop
      vertex 75.50191267775699 78.93832222609353 87.8
      vertex 75.15619492297485 78.65836550827892 85
      vertex 75.50191267775699 78.93832222609353 85
    endloop
  endfacet
  facet normal 0.5446390350150268 -0.8386705679454243 0
    outer loop
      vertex 75.875 79.18060796608387 87.8
      vertex 75.50191267775699 78.93832222609353 85
      vertex 75.875 79.18060796608387 85
    endloop
  endfacet
  facet normal 0.453990499739527 -0.891006524188378 0
    outer loop
      vertex 76.27136926692785 79.38256819498105 87.8
      vertex 75.875 79.18060796608387 85
      vertex 76.27136926692785 79.38256819498105 85
    endloop
  endfacet
  facet normal 0.3583679495453039 -0.9335804264972004 0
    outer loop
      vertex 76.68667777390647 79.5419901942544 87.8
      vertex 76.27136926692785 79.38256819498105 85
      vertex 76.68667777390647 79.5419901942544 85
    endloop
  endfacet
  facet normal 0.2588190451025243 -0.9659258262890673 0
    outer loop
      vertex 77.11637531402452 79.65712730311867 87.8
      vertex 76.68667777390647 79.5419901942544 85
      vertex 77.11637531402452 79.65712730311867 85
    endloop
  endfacet
  facet normal 0.1564344650402362 -0.987688340595137 0
    outer loop
      vertex 77.55575403111247 79.72671805531516 87.8
      vertex 77.11637531402452 79.65712730311867 85
      vertex 77.55575403111247 79.72671805531516 85
    endloop
  endfacet
  facet normal 0.05233595624294646 -0.9986295347545738 0
    outer loop
      vertex 78 79.75 87.8
      vertex 77.55575403111247 79.72671805531516 85
      vertex 78 79.75 85
    endloop
  endfacet
  facet normal -0.05233595624294646 -0.9986295347545738 0
    outer loop
      vertex 78.44424596888753 79.72671805531516 87.8
      vertex 78 79.75 85
      vertex 78.44424596888753 79.72671805531516 85
    endloop
  endfacet
  facet normal -0.1564344650402362 -0.987688340595137 0
    outer loop
      vertex 78.88362468597548 79.65712730311867 87.8
      vertex 78.44424596888753 79.72671805531516 85
      vertex 78.88362468597548 79.65712730311867 85
    endloop
  endfacet
  facet normal -0.9876883399269542 0.15643446925897514 0
    outer loop
      vertex 68.25995279103518 76.54467616975307 88.1
      vertex 68.41384197026491 77.5162941813469 85
      vertex 68.25995279103518 76.54467616975307 85
    endloop
  endfacet
  facet normal -0.9781476059079749 0.20791166647520556 0
    outer loop
      vertex 68.41384197026491 77.5162941813469 88.1
      vertex 68.42250814288855 77.55706532299519 85
      vertex 68.41384197026491 77.5162941813469 85
    endloop
  endfacet
  facet normal -0.9659258270105853 0.25881904240978293 0
    outer loop
      vertex 68.42250814288855 77.55706532299519 88.1
      vertex 68.677116073668 78.5072750672698 85
      vertex 68.42250814288855 77.55706532299519 85
    endloop
  endfacet
  facet normal -0.9510565324059691 0.3090169447909515 0
    outer loop
      vertex 68.677116073668 78.5072750672698 88.1
      vertex 68.68999651819468 78.5469170063734 85
      vertex 68.677116073668 78.5072750672698 85
    endloop
  endfacet
  facet normal -0.9335804089312506 0.35836799530616414 0
    outer loop
      vertex 68.68999651819468 78.5469170063734 88.1
      vertex 68.72437908500433 78.63648664206266 85
      vertex 68.68999651819468 78.5469170063734 85
    endloop
  endfacet
  facet normal -0.9426414951468022 0.33380684778386666 0
    outer loop
      vertex 68.72437908500433 78.63648664206266 88.1
      vertex 68.76282649487257 78.7450587823987 85
      vertex 68.72437908500433 78.63648664206266 85
    endloop
  endfacet
  facet normal -0.9510565170221444 0.3090169921374998 0
    outer loop
      vertex 68.76282649487257 78.7450587823987 88.1
      vertex 68.85986269265413 79.04370549321175 85
      vertex 68.76282649487257 78.7450587823987 85
    endloop
  endfacet
  facet normal -0.9659258290470492 0.2588190348095959 0
    outer loop
      vertex 68.85986269265413 79.04370549321175 88.1
      vertex 68.91946307569742 79.26613716036081 85
      vertex 68.85986269265413 79.04370549321175 85
    endloop
  endfacet
  facet normal -0.9659258290470492 -0.2588190348095959 0
    outer loop
      vertex 68.91946306079626 81.73386289179325 88.1
      vertex 68.85986267775297 81.95629455894232 85
      vertex 68.91946306079626 81.73386289179325 85
    endloop
  endfacet
  facet normal -0.9781476051714453 0.20791166994030516 0
    outer loop
      vertex 68.91946307569742 79.26613716036081 88.1
      vertex 68.9847506210208 79.57329094409943 85
      vertex 68.91946307569742 79.26613716036081 85
    endloop
  endfacet
  facet normal -0.9876883409487213 0.15643446280779136 0
    outer loop
      vertex 68.9847506210208 79.57329094409943 88.1
      vertex 69.02077405899763 79.8007339835167 85
      vertex 68.9847506210208 79.57329094409943 85
    endloop
  endfacet
  facet normal -0.9945218945377534 0.10452847116952207 0
    outer loop
      vertex 69.02077405899763 79.8007339835167 88.1
      vertex 69.05359764397144 80.11302950978279 85
      vertex 69.02077405899763 79.8007339835167 85
    endloop
  endfacet
  facet normal -0.9986295335783959 0.052335978685751045 0
    outer loop
      vertex 69.05359764397144 80.11302950978279 88.1
      vertex 69.06564947962761 80.34299213439226 85
      vertex 69.05359764397144 80.11302950978279 85
    endloop
  endfacet
  facet normal -1 0 0
    outer loop
      vertex 69.06564947962761 80.34299213439226 88.1
      vertex 69.06564947962761 80.65700788795948 85
      vertex 69.06564947962761 80.34299213439226 85
    endloop
  endfacet
  facet normal -0.9986295337556385 -0.05233597530376362 0
    outer loop
      vertex 69.06564947962761 80.65700788795948 88.1
      vertex 69.05359764397144 80.88697052747011 85
      vertex 69.06564947962761 80.65700788795948 85
    endloop
  endfacet
  facet normal -0.9945218945377534 -0.10452847116952207 0
    outer loop
      vertex 69.05359764397144 80.88697052747011 88.1
      vertex 69.02077405899763 81.19926605373621 85
      vertex 69.05359764397144 80.88697052747011 85
    endloop
  endfacet
  facet normal -0.9876883372847768 -0.15643448594102635 0
    outer loop
      vertex 69.02077405899763 81.19926605373621 88.1
      vertex 68.98475060611963 81.42670915275812 85
      vertex 69.02077405899763 81.19926605373621 85
    endloop
  endfacet
  facet normal -0.9781475990175837 -0.2079116988919482 0
    outer loop
      vertex 68.98475060611963 81.42670915275812 88.1
      vertex 68.91946306079626 81.73386289179325 85
      vertex 68.98475060611963 81.42670915275812 85
    endloop
  endfacet
  facet normal -0.9510565098730126 -0.3090170141402644 0
    outer loop
      vertex 68.85986267775297 81.95629455894232 88.1
      vertex 68.76282646507025 82.2549412921071 85
      vertex 68.85986267775297 81.95629455894232 85
    endloop
  endfacet
  facet normal -0.9335804213834477 -0.35836796286708494 0
    outer loop
      vertex 68.76282646507025 82.2549412921071 88.1
      vertex 68.6803021505475 82.4699244722724 85
      vertex 68.76282646507025 82.2549412921071 85
    endloop
  endfacet
  facet normal -0.9135454592940315 -0.4067366393666262 0
    outer loop
      vertex 68.6803021505475 82.4699244722724 88.1
      vertex 68.55258044600487 82.75679212063551 85
      vertex 68.6803021505475 82.4699244722724 85
    endloop
  endfacet
  facet normal -0.8910065255072487 -0.45399049715109746 0
    outer loop
      vertex 68.55258044600487 82.75679212063551 88.1
      vertex 68.4480363279581 82.9619715064764 85
      vertex 68.55258044600487 82.75679212063551 85
    endloop
  endfacet
  facet normal -0.8660253945532701 -0.5000000159888526 0
    outer loop
      vertex 68.4480363279581 82.9619715064764 88.1
      vertex 68.29102843254805 83.23391714692116 85
      vertex 68.4480363279581 82.9619715064764 85
    endloop
  endfacet
  facet normal -0.8386705656032967 -0.5446390386215869 0
    outer loop
      vertex 68.29102843254805 83.23391714692116 88.1
      vertex 68.16560994833708 83.42704467475414 85
      vertex 68.29102843254805 83.23391714692116 85
    endloop
  endfacet
  facet normal -0.7431448154110712 -0.6691306175386421 0
    outer loop
      vertex 67.83611735701561 83.86004852503538 88.1
      vertex 67.62599980086088 84.09340770542622 85
      vertex 67.83611735701561 83.86004852503538 85
    endloop
  endfacet
  facet normal -0.8090169939650439 -0.587785252856657 0
    outer loop
      vertex 68.16560994833708 83.42704467475414 88.1
      vertex 67.98103612661362 83.68108874559402 85
      vertex 68.16560994833708 83.42704467475414 85
    endloop
  endfacet
  facet normal -0.77714596650683 -0.6293203848137808 0
    outer loop
      vertex 67.98103612661362 83.68108874559402 88.1
      vertex 67.83611735701561 83.86004852503538 85
      vertex 67.98103612661362 83.68108874559402 85
    endloop
  endfacet
  facet normal -0.7071067811865475 -0.7071067811865475 0
    outer loop
      vertex 67.62599980086088 84.09340770542622 88.1
      vertex 67.463168554008 84.25623895227909 85
      vertex 67.62599980086088 84.09340770542622 85
    endloop
  endfacet
  facet normal -0.2588190451025243 0.9659258262890673 0
    outer loop
      vertex 78.88362468597548 71.34287269688133 87.8
      vertex 79.31332222609353 71.4580098057456 85
      vertex 78.88362468597548 71.34287269688133 85
    endloop
  endfacet
  facet normal -0.3583679495453039 0.9335804264972004 0
    outer loop
      vertex 79.31332222609353 71.4580098057456 87.8
      vertex 79.72863073307215 71.61743180501895 85
      vertex 79.31332222609353 71.4580098057456 85
    endloop
  endfacet
  facet normal -0.453990499739527 0.891006524188378 0
    outer loop
      vertex 79.72863073307215 71.61743180501895 87.8
      vertex 80.125 71.81939203391613 85
      vertex 79.72863073307215 71.61743180501895 85
    endloop
  endfacet
  facet normal -0.5446390350150268 0.8386705679454243 0
    outer loop
      vertex 80.125 71.81939203391613 87.8
      vertex 80.49808732224301 72.06167777390647 85
      vertex 80.125 71.81939203391613 85
    endloop
  endfacet
  facet normal -0.629320391049847 0.777145961456963 0
    outer loop
      vertex 80.49808732224301 72.06167777390647 87.8
      vertex 80.84380507702515 72.34163449172108 85
      vertex 80.49808732224301 72.06167777390647 85
    endloop
  endfacet
  facet normal -0.7071067811865475 0.7071067811865475 0
    outer loop
      vertex 80.84380507702515 72.34163449172108 87.8
      vertex 81.15836550827892 72.65619492297485 85
      vertex 80.84380507702515 72.34163449172108 85
    endloop
  endfacet
  facet normal -0.777145961456963 0.629320391049847 0
    outer loop
      vertex 81.15836550827892 72.65619492297485 87.8
      vertex 81.43832222609353 73.00191267775699 85
      vertex 81.15836550827892 72.65619492297485 85
    endloop
  endfacet
  facet normal -0.8386705679454243 0.5446390350150268 0
    outer loop
      vertex 81.43832222609353 73.00191267775699 87.8
      vertex 81.68060796608387 73.375 85
      vertex 81.43832222609353 73.00191267775699 85
    endloop
  endfacet
  facet normal -0.891006524188378 0.453990499739527 0
    outer loop
      vertex 81.68060796608387 73.375 87.8
      vertex 81.88256819498105 73.77136926692785 85
      vertex 81.68060796608387 73.375 85
    endloop
  endfacet
  facet normal -0.9335804264972004 0.3583679495453039 0
    outer loop
      vertex 81.88256819498105 73.77136926692785 87.8
      vertex 82.0419901942544 74.18667777390647 85
      vertex 81.88256819498105 73.77136926692785 85
    endloop
  endfacet
  facet normal -0.9659258262890673 0.2588190451025243 0
    outer loop
      vertex 82.0419901942544 74.18667777390647 87.8
      vertex 82.15712730311867 74.61637531402452 85
      vertex 82.0419901942544 74.18667777390647 85
    endloop
  endfacet
  facet normal -0.987688340595137 0.1564344650402362 0
    outer loop
      vertex 82.15712730311867 74.61637531402452 87.8
      vertex 82.22671805531516 75.05575403111247 85
      vertex 82.15712730311867 74.61637531402452 85
    endloop
  endfacet
  facet normal -0.9986295347545738 0.05233595624294646 0
    outer loop
      vertex 82.22671805531516 75.05575403111247 87.8
      vertex 82.25 75.5 85
      vertex 82.22671805531516 75.05575403111247 85
    endloop
  endfacet
  facet normal -0.9986295347545738 -0.05233595624294646 0
    outer loop
      vertex 82.25 75.5 87.8
      vertex 82.22671805531516 75.94424596888753 85
      vertex 82.25 75.5 85
    endloop
  endfacet
  facet normal -0.987688340595137 -0.1564344650402362 0
    outer loop
      vertex 82.22671805531516 75.94424596888753 87.8
      vertex 82.15712730311867 76.38362468597548 85
      vertex 82.22671805531516 75.94424596888753 85
    endloop
  endfacet
  facet normal -0.9659258262890673 -0.2588190451025243 0
    outer loop
      vertex 82.15712730311867 76.38362468597548 87.8
      vertex 82.0419901942544 76.81332222609353 85
      vertex 82.15712730311867 76.38362468597548 85
    endloop
  endfacet
  facet normal 0.10452835262237818 -0.994521906997554 0
    outer loop
      vertex 79.04467599093914 65.75995276123285 88.1
      vertex 79.00322233140469 65.75559581071138 85
      vertex 79.04467599093914 65.75995276123285 85
    endloop
  endfacet
  facet normal 0.15643446684979345 -0.9876883403085313 0
    outer loop
      vertex 80.01629415899515 65.91384196281433 88.1
      vertex 79.04467599093914 65.75995276123285 85
      vertex 80.01629415899515 65.91384196281433 85
    endloop
  endfacet
  facet normal 0.20791171770419659 -0.9781475950189167 0
    outer loop
      vertex 80.05706536024809 65.92250815033913 88.1
      vertex 80.01629415899515 65.91384196281433 85
      vertex 80.05706536024809 65.92250815033913 85
    endloop
  endfacet
  facet normal 0.2588190416669718 -0.9659258272096208 0
    outer loop
      vertex 81.00727494060993 66.1771160364151 88.1
      vertex 80.05706536024809 65.92250815033913 85
      vertex 81.00727494060993 66.1771160364151 85
    endloop
  endfacet
  facet normal 0.30901697743847567 -0.9510565217981466 0
    outer loop
      vertex 81.04691705852747 66.18999654054642 88.1
      vertex 81.00727494060993 66.1771160364151 85
      vertex 81.04691705852747 66.18999654054642 85
    endloop
  endfacet
  facet normal 0.35836795906447355 -0.9335804228431335 0
    outer loop
      vertex 81.13648672401905 66.22437911480665 88.1
      vertex 81.04691705852747 66.18999654054642 85
      vertex 81.13648672401905 66.22437911480665 85
    endloop
  endfacet
  facet normal 0.34611701235043446 -0.938191352423166 0
    outer loop
      vertex 81.19052112847567 66.2443134561181 88.1
      vertex 81.13648672401905 66.22437911480665 85
      vertex 81.19052112847567 66.2443134561181 85
    endloop
  endfacet
  facet normal 0.3338068445654997 -0.9426414962864855 0
    outer loop
      vertex 81.33857395499945 66.29674170911312 88.1
      vertex 81.19052112847567 66.2443134561181 85
      vertex 81.33857395499945 66.29674170911312 85
    endloop
  endfacet
  facet normal 0.29654157061630665 -0.9550199458107742 0
    outer loop
      vertex 81.50354709476233 66.34796722978354 88.1
      vertex 81.33857395499945 66.29674170911312 85
      vertex 81.50354709476233 66.34796722978354 85
    endloop
  endfacet
  facet normal 0.25881905464550803 -0.9659258237320325 0
    outer loop
      vertex 81.80686300992966 66.42924048751593 88.1
      vertex 81.50354709476233 66.34796722978354 85
      vertex 81.80686300992966 66.42924048751593 85
    endloop
  endfacet
  facet normal 0.20791169705769463 -0.9781475994074664 0
    outer loop
      vertex 82.03210909664631 66.47711802273989 88.1
      vertex 81.80686300992966 66.42924048751593 85
      vertex 82.03210909664631 66.47711802273989 85
    endloop
  endfacet
  facet normal 0.15643447077382908 -0.9876883396870251 0
    outer loop
      vertex 82.3422587737441 66.52624090760946 88.1
      vertex 82.03210909664631 66.47711802273989 85
      vertex 82.3422587737441 66.52624090760946 85
    endloop
  endfacet
  facet normal 0.10452845591539826 -0.9945218961410265 0
    outer loop
      vertex 82.57127551734447 66.55031153559685 88.1
      vertex 82.3422587737441 66.52624090760946 85
      vertex 82.57127551734447 66.55031153559685 85
    endloop
  endfacet
  facet normal 0.05233594924714904 -0.9986295351212079 0
    outer loop
      vertex 82.88486091047525 66.56674584746361 88.1
      vertex 82.57127551734447 66.55031153559685 85
      vertex 82.88486091047525 66.56674584746361 85
    endloop
  endfacet
  facet normal 0 -1 0
    outer loop
      vertex 83.11513908952475 66.56674584746361 88.1
      vertex 82.88486091047525 66.56674584746361 85
      vertex 83.11513908952475 66.56674584746361 85
    endloop
  endfacet
  facet normal -0.05233594428690367 -0.9986295353811633 0
    outer loop
      vertex 83.42872451245785 66.55031153559685 88.1
      vertex 83.11513908952475 66.56674584746361 85
      vertex 83.42872451245785 66.55031153559685 85
    endloop
  endfacet
  facet normal -0.10452846936923531 -0.9945218947269713 0
    outer loop
      vertex 83.6577412262559 66.52624090760946 88.1
      vertex 83.42872451245785 66.55031153559685 85
      vertex 83.6577412262559 66.52624090760946 85
    endloop
  endfacet
  facet normal -0.15643446344185244 -0.9876883408482959 0
    outer loop
      vertex 83.96789091825485 66.47711802273989 88.1
      vertex 83.6577412262559 66.52624090760946 85
      vertex 83.96789091825485 66.47711802273989 85
    endloop
  endfacet
  facet normal -0.2079117102175342 -0.978147596610256 0
    outer loop
      vertex 84.19313699007034 66.42924048751593 88.1
      vertex 83.96789091825485 66.47711802273989 85
      vertex 84.19313699007034 66.42924048751593 85
    endloop
  endfacet
  facet normal -0.30901700403425203 -0.9510565131566553 0
    outer loop
      vertex 84.71546047925949 66.2768073529005 88.1
      vertex 84.49645290523767 66.34796722978354 85
      vertex 84.71546047925949 66.2768073529005 85
    endloop
  endfacet
  facet normal -0.358367950842512 -0.9335804259992488 0
    outer loop
      vertex 85.00861942023039 66.16427417844534 88.1
      vertex 84.71546047925949 66.2768073529005 85
      vertex 85.00861942023039 66.16427417844534 85
    endloop
  endfacet
  facet normal -0.25881905464550803 -0.9659258237320325 0
    outer loop
      vertex 84.49645290523767 66.34796722978354 88.1
      vertex 84.19313699007034 66.42924048751593 85
      vertex 84.49645290523767 66.34796722978354 85
    endloop
  endfacet
  facet normal -0.40673665900909506 -0.9135454505486409 0
    outer loop
      vertex 85.21898901462555 66.07061159610748 88.1
      vertex 85.00861942023039 66.16427417844534 85
      vertex 85.21898901462555 66.07061159610748 85
    endloop
  endfacet
  facet normal -0.45399049624595805 -0.8910065259684403 0
    outer loop
      vertex 85.49877908825874 65.9280514344573 88.1
      vertex 85.21898901462555 66.07061159610748 85
      vertex 85.49877908825874 65.9280514344573 85
    endloop
  endfacet
  facet normal -0.4999999778828949 -0.8660254165537549 0
    outer loop
      vertex 85.69820586591959 65.81291233748198 88.1
      vertex 85.49877908825874 65.9280514344573 85
      vertex 85.69820586591959 65.81291233748198 85
    endloop
  endfacet
  facet normal -0.5446390302010375 -0.8386705710716652 0
    outer loop
      vertex 85.96156164258718 65.6418870985508 88.1
      vertex 85.69820586591959 65.81291233748198 85
      vertex 85.96156164258718 65.6418870985508 85
    endloop
  endfacet
  facet normal -0.453990499739527 -0.891006524188378 0
    outer loop
      vertex 80.125 79.18060796608387 87.8
      vertex 79.72863073307215 79.38256819498105 85
      vertex 80.125 79.18060796608387 85
    endloop
  endfacet
  facet normal -0.5446390350150268 -0.8386705679454243 0
    outer loop
      vertex 80.49808732224301 78.93832222609353 87.8
      vertex 80.125 79.18060796608387 85
      vertex 80.49808732224301 78.93832222609353 85
    endloop
  endfacet
  facet normal -0.629320391049847 -0.777145961456963 0
    outer loop
      vertex 80.84380507702515 78.65836550827892 87.8
      vertex 80.49808732224301 78.93832222609353 85
      vertex 80.84380507702515 78.65836550827892 85
    endloop
  endfacet
  facet normal -0.7071067811865475 -0.7071067811865475 0
    outer loop
      vertex 81.15836550827892 78.34380507702515 87.8
      vertex 80.84380507702515 78.65836550827892 85
      vertex 81.15836550827892 78.34380507702515 85
    endloop
  endfacet
  facet normal -0.777145961456963 -0.629320391049847 0
    outer loop
      vertex 81.43832222609353 77.99808732224301 87.8
      vertex 81.15836550827892 78.34380507702515 85
      vertex 81.43832222609353 77.99808732224301 85
    endloop
  endfacet
  facet normal -0.2588190451025243 -0.9659258262890673 0
    outer loop
      vertex 79.31332222609353 79.5419901942544 87.8
      vertex 78.88362468597548 79.65712730311867 85
      vertex 79.31332222609353 79.5419901942544 85
    endloop
  endfacet
  facet normal -0.3583679495453039 -0.9335804264972004 0
    outer loop
      vertex 79.72863073307215 79.38256819498105 87.8
      vertex 79.31332222609353 79.5419901942544 85
      vertex 79.72863073307215 79.38256819498105 85
    endloop
  endfacet
  facet normal -0.9335804264972004 -0.3583679495453039 0
    outer loop
      vertex 82.0419901942544 76.81332222609353 87.8
      vertex 81.88256819498105 77.22863073307215 85
      vertex 82.0419901942544 76.81332222609353 85
    endloop
  endfacet
  facet normal -0.891006524188378 -0.453990499739527 0
    outer loop
      vertex 81.88256819498105 77.22863073307215 87.8
      vertex 81.68060796608387 77.625 85
      vertex 81.88256819498105 77.22863073307215 85
    endloop
  endfacet
  facet normal -0.8386705679454243 -0.5446390350150268 0
    outer loop
      vertex 81.68060796608387 77.625 87.8
      vertex 81.43832222609353 77.99808732224301 85
      vertex 81.68060796608387 77.625 85
    endloop
  endfacet
  facet normal -0.013089632977087236 -0.9999143270843383 0
    outer loop
      vertex 63.86976087093353 85.70000000298023 88.1
      vertex 63.86976087093353 85.70000000298023 85
      vertex 63.927350141108036 85.69924611598253 88.1
    endloop
  endfacet
  facet normal -0.02617694208405647 -0.9996573251385337 0
    outer loop
      vertex 63.927350141108036 85.69924611598253 88.1
      vertex 63.927350141108036 85.69924611598253 85
      vertex 64.08435799181461 85.69513472169638 88.1
    endloop
  endfacet
  facet normal -0.06540313577275131 -0.9978589228097784 0
    outer loop
      vertex 64.08435799181461 85.69513472169638 88.1
      vertex 64.08435799181461 85.69513472169638 85
      vertex 64.25673136115074 85.68383677303791 88.1
    endloop
  endfacet
  facet normal -0.10452847116952207 -0.9945218945377534 0
    outer loop
      vertex 64.25673136115074 85.68383677303791 88.1
      vertex 64.25673136115074 85.68383677303791 85
      vertex 64.56902688741684 85.6510131880641 88.1
    endloop
  endfacet
  facet normal -0.15643446280779136 -0.9876883409487213 0
    outer loop
      vertex 64.56902688741684 85.6510131880641 88.1
      vertex 64.56902688741684 85.6510131880641 85
      vertex 64.7964699268341 85.61498975008726 88.1
    endloop
  endfacet
  facet normal -0.587785252856657 -0.8090169939650439 0
    outer loop
      vertex 66.79680552333593 84.79584909975529 88.1
      vertex 66.79680552333593 84.79584909975529 85
      vertex 67.05084959417582 84.61127527803183 88.1
    endloop
  endfacet
  facet normal -0.6293203922477272 -0.7771459604869388 0
    outer loop
      vertex 67.05084959417582 84.61127527803183 88.1
      vertex 67.05084959417582 84.61127527803183 85
      vertex 67.22980938851833 84.46635649353266 88.1
    endloop
  endfacet
  facet normal -0.669130614928542 -0.7431448177612162 0
    outer loop
      vertex 67.463168554008 84.25623895227909 88.1
      vertex 67.22980938851833 84.46635649353266 88.1
      vertex 67.22980938851833 84.46635649353266 85
    endloop
  endfacet
  facet normal -0.20791166994030516 -0.9781476051714453 0
    outer loop
      vertex 64.7964699268341 85.61498975008726 88.1
      vertex 64.7964699268341 85.61498975008726 85
      vertex 65.10362371057272 85.54970220476389 88.1
    endloop
  endfacet
  facet normal -0.2588190348095959 -0.9659258290470492 0
    outer loop
      vertex 65.10362371057272 85.54970220476389 88.1
      vertex 65.10362371057272 85.54970220476389 85
      vertex 65.32605537772179 85.4901018217206 88.1
    endloop
  endfacet
  facet normal -0.358367954317452 -0.9335804246653443 0
    outer loop
      vertex 65.62470208853483 85.39306562393904 88.1
      vertex 65.62470208853483 85.39306562393904 85
      vertex 65.8396853134036 85.31054129451513 88.1
    endloop
  endfacet
  facet normal -0.4067366393666262 -0.9135454592940315 0
    outer loop
      vertex 65.8396853134036 85.31054129451513 88.1
      vertex 65.8396853134036 85.31054129451513 85
      vertex 66.12655296176672 85.1828195899725 88.1
    endloop
  endfacet
  facet normal -0.3090169921374998 -0.9510565170221444 0
    outer loop
      vertex 65.32605537772179 85.4901018217206 88.1
      vertex 65.32605537772179 85.4901018217206 85
      vertex 65.62470208853483 85.39306562393904 88.1
    endloop
  endfacet
  facet normal -0.4999999859045104 -0.8660254119224733 0
    outer loop
      vertex 66.6036779358983 84.92126762121916 88.1
      vertex 66.33173232525587 85.0782754868269 88.1
      vertex 66.33173232525587 85.0782754868269 85
    endloop
  endfacet
  facet normal -0.45399048504203626 -0.8910065316771233 0
    outer loop
      vertex 66.12655296176672 85.1828195899725 88.1
      vertex 66.12655296176672 85.1828195899725 85
      vertex 66.33173232525587 85.0782754868269 88.1
    endloop
  endfacet
  facet normal -0.5446390341779859 -0.838670568489005 0
    outer loop
      vertex 66.6036779358983 84.92126762121916 88.1
      vertex 66.6036779358983 84.92126762121916 85
      vertex 66.79680552333593 84.79584909975529 88.1
    endloop
  endfacet
  facet normal -0.5877852483564419 -0.8090169972346416 0
    outer loop
      vertex 86.14786062389612 65.5065329670906 88.1
      vertex 85.96156164258718 65.6418870985508 88.1
      vertex 85.96156164258718 65.6418870985508 85
    endloop
  endfacet
  facet normal -0.6691306283975405 -0.7431448056336751 0
    outer loop
      vertex 86.39189668744802 65.3089164569974 88.1
      vertex 86.39189668744802 65.3089164569974 85
      vertex 86.56302673369646 65.15483026206493 88.1
    endloop
  endfacet
  facet normal -0.629320395483342 -0.7771459578667896 0
    outer loop
      vertex 86.14786062389612 65.5065329670906 88.1
      vertex 86.14786062389612 65.5065329670906 85
      vertex 86.39189668744802 65.3089164569974 88.1
    endloop
  endfacet
  facet normal -0.8090169999983138 -0.5877852445525733 0
    outer loop
      vertex 87.13677209615707 64.51762149482965 88.1
      vertex 87.13677209615707 64.51762149482965 85
      vertex 87.27212624251842 64.33132249116898 88.1
    endloop
  endfacet
  facet normal -0.7771459578667896 -0.629320395483342 0
    outer loop
      vertex 87.13677209615707 64.51762149482965 88.1
      vertex 86.93915558606386 64.76165755838156 88.1
      vertex 86.93915558606386 64.76165755838156 85
    endloop
  endfacet
  facet normal -0.7431448056336751 -0.6691306283975405 0
    outer loop
      vertex 86.7850693911314 64.93278760463 88.1
      vertex 86.7850693911314 64.93278760463 85
      vertex 86.93915558606386 64.76165755838156 88.1
    endloop
  endfacet
  facet normal -0.7071067811865476 -0.7071067811865476 0
    outer loop
      vertex 86.7850693911314 64.93278760463 88.1
      vertex 86.56302673369646 65.15483026206493 88.1
      vertex 86.56302673369646 65.15483026206493 85
    endloop
  endfacet
  facet normal -0.9996573242298319 -0.026176976785963785 0
    outer loop
      vertex 88.20000000298023 61.36976087093353 88.1
      vertex 88.19698497653008 61.48489996045828 88.1
      vertex 88.19698497653008 61.48489996045828 85
    endloop
  endfacet
  facet normal -0.9986295351212079 -0.05233594924714904 0
    outer loop
      vertex 88.19698497653008 61.48489996045828 88.1
      vertex 88.18055066466331 61.79848535358906 88.1
      vertex 88.18055066466331 61.79848535358906 85
    endloop
  endfacet
  facet normal -0.9945218961410265 -0.10452845591539826 0
    outer loop
      vertex 88.18055066466331 61.79848535358906 88.1
      vertex 88.15648003667593 62.027502097189426 88.1
      vertex 88.15648003667593 62.027502097189426 85
    endloop
  endfacet
  facet normal -0.9876883396870251 -0.15643447077382908 0
    outer loop
      vertex 88.15648003667593 62.027502097189426 88.1
      vertex 88.10735715180635 62.337651774287224 88.1
      vertex 88.10735715180635 62.337651774287224 85
    endloop
  endfacet
  facet normal -0.9781475994074664 -0.20791169705769463 0
    outer loop
      vertex 88.10735715180635 62.337651774287224 88.1
      vertex 88.0594796165824 62.562897861003876 88.1
      vertex 88.0594796165824 62.562897861003876 85
    endloop
  endfacet
  facet normal -0.9659258237320325 -0.25881905464550803 0
    outer loop
      vertex 88.0594796165824 62.562897861003876 88.1
      vertex 87.97820635885 62.86621377617121 88.1
      vertex 87.97820635885 62.86621377617121 85
    endloop
  endfacet
  facet normal -0.9335804259992488 -0.358367950842512 0
    outer loop
      vertex 87.7945133075118 63.37838029116392 88.1
      vertex 87.7945133075118 63.37838029116392 85
      vertex 87.90704648196697 63.085221350193024 88.1
    endloop
  endfacet
  facet normal -0.9135454505486409 -0.40673665900909506 0
    outer loop
      vertex 87.7945133075118 63.37838029116392 88.1
      vertex 87.70085072517395 63.58874988555908 88.1
      vertex 87.70085072517395 63.58874988555908 85
    endloop
  endfacet
  facet normal -0.8386705716328138 -0.5446390293369446 0
    outer loop
      vertex 87.44315146654844 64.06796673685312 88.1
      vertex 87.27212624251842 64.33132249116898 88.1
      vertex 87.27212624251842 64.33132249116898 85
    endloop
  endfacet
  facet normal -0.8660254165537549 -0.4999999778828949 0
    outer loop
      vertex 87.44315146654844 64.06796673685312 88.1
      vertex 87.44315146654844 64.06796673685312 85
      vertex 87.55829056352377 63.868539959192276 88.1
    endloop
  endfacet
  facet normal -0.8910065259684403 -0.45399049624595805 0
    outer loop
      vertex 87.70085072517395 63.58874988555908 88.1
      vertex 87.55829056352377 63.868539959192276 88.1
      vertex 87.55829056352377 63.868539959192276 85
    endloop
  endfacet
  facet normal -0.9510565131566553 -0.30901700403425203 0
    outer loop
      vertex 87.97820635885 62.86621377617121 88.1
      vertex 87.90704648196697 63.085221350193024 88.1
      vertex 87.90704648196697 63.085221350193024 85
    endloop
  endfacet
  facet normal 0.8386705679454243 0.5446390350150268 0
    outer loop
      vertex 74.31939203391613 73.375 87.8
      vertex 74.56167777390647 73.00191267775699 87.8
      vertex 74.56167777390647 73.00191267775699 85
    endloop
  endfacet
  facet normal 0.891006524188378 0.453990499739527 0
    outer loop
      vertex 74.31939203391613 73.375 87.8
      vertex 74.31939203391613 73.375 85
      vertex 74.11743180501895 73.77136926692785 87.8
    endloop
  endfacet
  facet normal 0.7071067811865475 0.7071067811865475 0
    outer loop
      vertex 74.84163449172108 72.65619492297485 87.8
      vertex 75.15619492297485 72.34163449172108 87.8
      vertex 75.15619492297485 72.34163449172108 85
    endloop
  endfacet
  facet normal 0.629320391049847 0.777145961456963 0
    outer loop
      vertex 75.50191267775699 72.06167777390647 87.8
      vertex 75.50191267775699 72.06167777390647 85
      vertex 75.15619492297485 72.34163449172108 87.8
    endloop
  endfacet
  facet normal 0.5446390350150268 0.8386705679454243 0
    outer loop
      vertex 75.50191267775699 72.06167777390647 87.8
      vertex 75.875 71.81939203391613 87.8
      vertex 75.875 71.81939203391613 85
    endloop
  endfacet
  facet normal 0.777145961456963 0.629320391049847 0
    outer loop
      vertex 74.84163449172108 72.65619492297485 87.8
      vertex 74.84163449172108 72.65619492297485 85
      vertex 74.56167777390647 73.00191267775699 87.8
    endloop
  endfacet
  facet normal 0.987688340595137 0.1564344650402362 0
    outer loop
      vertex 73.84287269688133 74.61637531402452 87.8
      vertex 73.84287269688133 74.61637531402452 85
      vertex 73.77328194468484 75.05575403111247 87.8
    endloop
  endfacet
  facet normal 0.9335804264972004 0.3583679495453039 0
    outer loop
      vertex 73.9580098057456 74.18667777390647 87.8
      vertex 74.11743180501895 73.77136926692785 87.8
      vertex 74.11743180501895 73.77136926692785 85
    endloop
  endfacet
  facet normal 0.9659258262890673 0.2588190451025243 0
    outer loop
      vertex 73.9580098057456 74.18667777390647 87.8
      vertex 73.9580098057456 74.18667777390647 85
      vertex 73.84287269688133 74.61637531402452 87.8
    endloop
  endfacet
  facet normal 0.9986295347545738 0.05233595624294646 0
    outer loop
      vertex 73.77328194468484 75.05575403111247 87.8
      vertex 73.77328194468484 75.05575403111247 85
      vertex 73.75 75.5 87.8
    endloop
  endfacet
  facet normal 0.9986295347545738 -0.05233595624294646 0
    outer loop
      vertex 73.75 75.5 87.8
      vertex 73.75 75.5 85
      vertex 73.77328194468484 75.94424596888753 87.8
    endloop
  endfacet
  facet normal 0.987688340595137 -0.1564344650402362 0
    outer loop
      vertex 73.77328194468484 75.94424596888753 87.8
      vertex 73.77328194468484 75.94424596888753 85
      vertex 73.84287269688133 76.38362468597548 87.8
    endloop
  endfacet
  facet normal 0.9659258262890673 -0.2588190451025243 0
    outer loop
      vertex 73.84287269688133 76.38362468597548 87.8
      vertex 73.84287269688133 76.38362468597548 85
      vertex 73.9580098057456 76.81332222609353 87.8
    endloop
  endfacet
  facet normal 0.453990499739527 0.891006524188378 0
    outer loop
      vertex 76.27136926692785 71.61743180501895 87.8
      vertex 76.27136926692785 71.61743180501895 85
      vertex 75.875 71.81939203391613 87.8
    endloop
  endfacet
  facet normal 0.3583679495453039 0.9335804264972004 0
    outer loop
      vertex 76.27136926692785 71.61743180501895 87.8
      vertex 76.68667777390647 71.4580098057456 87.8
      vertex 76.68667777390647 71.4580098057456 85
    endloop
  endfacet
  facet normal 0.2588190451025243 0.9659258262890673 0
    outer loop
      vertex 76.68667777390647 71.4580098057456 87.8
      vertex 77.11637531402452 71.34287269688133 87.8
      vertex 77.11637531402452 71.34287269688133 85
    endloop
  endfacet
  facet normal 0.1564344650402362 0.987688340595137 0
    outer loop
      vertex 77.11637531402452 71.34287269688133 87.8
      vertex 77.55575403111247 71.27328194468484 87.8
      vertex 77.55575403111247 71.27328194468484 85
    endloop
  endfacet
  facet normal 0.05233595624294646 0.9986295347545738 0
    outer loop
      vertex 77.55575403111247 71.27328194468484 87.8
      vertex 78 71.25 87.8
      vertex 78 71.25 85
    endloop
  endfacet
  facet normal -0.05233595624294646 0.9986295347545738 0
    outer loop
      vertex 78 71.25 87.8
      vertex 78.44424596888753 71.27328194468484 87.8
      vertex 78.44424596888753 71.27328194468484 85
    endloop
  endfacet
  facet normal -0.1564344650402362 0.987688340595137 0
    outer loop
      vertex 78.44424596888753 71.27328194468484 87.8
      vertex 78.88362468597548 71.34287269688133 87.8
      vertex 78.88362468597548 71.34287269688133 85
    endloop
  endfacet
  facet normal 0.9335804264972004 -0.3583679495453039 0
    outer loop
      vertex 73.9580098057456 76.81332222609353 87.8
      vertex 73.9580098057456 76.81332222609353 85
      vertex 74.11743180501895 77.22863073307215 87.8
    endloop
  endfacet
  facet normal 0.891006524188378 -0.453990499739527 0
    outer loop
      vertex 74.11743180501895 77.22863073307215 87.8
      vertex 74.11743180501895 77.22863073307215 85
      vertex 74.31939203391613 77.625 87.8
    endloop
  endfacet
  facet normal 0.8386705679454243 -0.5446390350150268 0
    outer loop
      vertex 74.31939203391613 77.625 87.8
      vertex 74.31939203391613 77.625 85
      vertex 74.56167777390647 77.99808732224301 87.8
    endloop
  endfacet
  facet normal 0.777145961456963 -0.629320391049847 0
    outer loop
      vertex 74.56167777390647 77.99808732224301 87.8
      vertex 74.56167777390647 77.99808732224301 85
      vertex 74.84163449172108 78.34380507702515 87.8
    endloop
  endfacet
  facet normal 0.7071067811865475 -0.7071067811865475 0
    outer loop
      vertex 74.84163449172108 78.34380507702515 87.8
      vertex 74.84163449172108 78.34380507702515 85
      vertex 75.15619492297485 78.65836550827892 87.8
    endloop
  endfacet
  facet normal 0.629320391049847 -0.777145961456963 0
    outer loop
      vertex 75.15619492297485 78.65836550827892 87.8
      vertex 75.15619492297485 78.65836550827892 85
      vertex 75.50191267775699 78.93832222609353 87.8
    endloop
  endfacet
  facet normal 0.5446390350150268 -0.8386705679454243 0
    outer loop
      vertex 75.50191267775699 78.93832222609353 87.8
      vertex 75.50191267775699 78.93832222609353 85
      vertex 75.875 79.18060796608387 87.8
    endloop
  endfacet
  facet normal 0.453990499739527 -0.891006524188378 0
    outer loop
      vertex 75.875 79.18060796608387 87.8
      vertex 75.875 79.18060796608387 85
      vertex 76.27136926692785 79.38256819498105 87.8
    endloop
  endfacet
  facet normal 0.3583679495453039 -0.9335804264972004 0
    outer loop
      vertex 76.27136926692785 79.38256819498105 87.8
      vertex 76.27136926692785 79.38256819498105 85
      vertex 76.68667777390647 79.5419901942544 87.8
    endloop
  endfacet
  facet normal 0.2588190451025243 -0.9659258262890673 0
    outer loop
      vertex 76.68667777390647 79.5419901942544 87.8
      vertex 76.68667777390647 79.5419901942544 85
      vertex 77.11637531402452 79.65712730311867 87.8
    endloop
  endfacet
  facet normal 0.1564344650402362 -0.987688340595137 0
    outer loop
      vertex 77.11637531402452 79.65712730311867 87.8
      vertex 77.11637531402452 79.65712730311867 85
      vertex 77.55575403111247 79.72671805531516 87.8
    endloop
  endfacet
  facet normal 0.05233595624294646 -0.9986295347545738 0
    outer loop
      vertex 77.55575403111247 79.72671805531516 87.8
      vertex 77.55575403111247 79.72671805531516 85
      vertex 78 79.75 87.8
    endloop
  endfacet
  facet normal -0.05233595624294646 -0.9986295347545738 0
    outer loop
      vertex 78 79.75 87.8
      vertex 78 79.75 85
      vertex 78.44424596888753 79.72671805531516 87.8
    endloop
  endfacet
  facet normal -0.1564344650402362 -0.987688340595137 0
    outer loop
      vertex 78.44424596888753 79.72671805531516 87.8
      vertex 78.44424596888753 79.72671805531516 85
      vertex 78.88362468597548 79.65712730311867 87.8
    endloop
  endfacet
  facet normal -0.2588190451025243 0.9659258262890673 0
    outer loop
      vertex 78.88362468597548 71.34287269688133 87.8
      vertex 79.31332222609353 71.4580098057456 87.8
      vertex 79.31332222609353 71.4580098057456 85
    endloop
  endfacet
  facet normal -0.3583679495453039 0.9335804264972004 0
    outer loop
      vertex 79.31332222609353 71.4580098057456 87.8
      vertex 79.72863073307215 71.61743180501895 87.8
      vertex 79.72863073307215 71.61743180501895 85
    endloop
  endfacet
  facet normal -0.453990499739527 0.891006524188378 0
    outer loop
      vertex 79.72863073307215 71.61743180501895 87.8
      vertex 80.125 71.81939203391613 87.8
      vertex 80.125 71.81939203391613 85
    endloop
  endfacet
  facet normal -0.5446390350150268 0.8386705679454243 0
    outer loop
      vertex 80.125 71.81939203391613 87.8
      vertex 80.49808732224301 72.06167777390647 87.8
      vertex 80.49808732224301 72.06167777390647 85
    endloop
  endfacet
  facet normal -0.629320391049847 0.777145961456963 0
    outer loop
      vertex 80.49808732224301 72.06167777390647 87.8
      vertex 80.84380507702515 72.34163449172108 87.8
      vertex 80.84380507702515 72.34163449172108 85
    endloop
  endfacet
  facet normal -0.7071067811865475 0.7071067811865475 0
    outer loop
      vertex 80.84380507702515 72.34163449172108 87.8
      vertex 81.15836550827892 72.65619492297485 87.8
      vertex 81.15836550827892 72.65619492297485 85
    endloop
  endfacet
  facet normal -0.777145961456963 0.629320391049847 0
    outer loop
      vertex 81.15836550827892 72.65619492297485 87.8
      vertex 81.43832222609353 73.00191267775699 87.8
      vertex 81.43832222609353 73.00191267775699 85
    endloop
  endfacet
  facet normal -0.8386705679454243 0.5446390350150268 0
    outer loop
      vertex 81.43832222609353 73.00191267775699 87.8
      vertex 81.68060796608387 73.375 87.8
      vertex 81.68060796608387 73.375 85
    endloop
  endfacet
  facet normal -0.891006524188378 0.453990499739527 0
    outer loop
      vertex 81.68060796608387 73.375 87.8
      vertex 81.88256819498105 73.77136926692785 87.8
      vertex 81.88256819498105 73.77136926692785 85
    endloop
  endfacet
  facet normal -0.9335804264972004 0.3583679495453039 0
    outer loop
      vertex 81.88256819498105 73.77136926692785 87.8
      vertex 82.0419901942544 74.18667777390647 87.8
      vertex 82.0419901942544 74.18667777390647 85
    endloop
  endfacet
  facet normal -0.9659258262890673 0.2588190451025243 0
    outer loop
      vertex 82.0419901942544 74.18667777390647 87.8
      vertex 82.15712730311867 74.61637531402452 87.8
      vertex 82.15712730311867 74.61637531402452 85
    endloop
  endfacet
  facet normal -0.987688340595137 0.1564344650402362 0
    outer loop
      vertex 82.15712730311867 74.61637531402452 87.8
      vertex 82.22671805531516 75.05575403111247 87.8
      vertex 82.22671805531516 75.05575403111247 85
    endloop
  endfacet
  facet normal -0.9986295347545738 0.05233595624294646 0
    outer loop
      vertex 82.22671805531516 75.05575403111247 87.8
      vertex 82.25 75.5 87.8
      vertex 82.25 75.5 85
    endloop
  endfacet
  facet normal -0.9986295347545738 -0.05233595624294646 0
    outer loop
      vertex 82.25 75.5 87.8
      vertex 82.22671805531516 75.94424596888753 87.8
      vertex 82.22671805531516 75.94424596888753 85
    endloop
  endfacet
  facet normal -0.987688340595137 -0.1564344650402362 0
    outer loop
      vertex 82.22671805531516 75.94424596888753 87.8
      vertex 82.15712730311867 76.38362468597548 87.8
      vertex 82.15712730311867 76.38362468597548 85
    endloop
  endfacet
  facet normal -0.8386705679454243 -0.5446390350150268 0
    outer loop
      vertex 81.68060796608387 77.625 87.8
      vertex 81.43832222609353 77.99808732224301 87.8
      vertex 81.43832222609353 77.99808732224301 85
    endloop
  endfacet
  facet normal -0.5446390350150268 -0.8386705679454243 0
    outer loop
      vertex 80.49808732224301 78.93832222609353 87.8
      vertex 80.125 79.18060796608387 87.8
      vertex 80.125 79.18060796608387 85
    endloop
  endfacet
  facet normal -0.629320391049847 -0.777145961456963 0
    outer loop
      vertex 80.49808732224301 78.93832222609353 87.8
      vertex 80.49808732224301 78.93832222609353 85
      vertex 80.84380507702515 78.65836550827892 87.8
    endloop
  endfacet
  facet normal -0.7071067811865475 -0.7071067811865475 0
    outer loop
      vertex 80.84380507702515 78.65836550827892 87.8
      vertex 80.84380507702515 78.65836550827892 85
      vertex 81.15836550827892 78.34380507702515 87.8
    endloop
  endfacet
  facet normal -0.777145961456963 -0.629320391049847 0
    outer loop
      vertex 81.15836550827892 78.34380507702515 87.8
      vertex 81.15836550827892 78.34380507702515 85
      vertex 81.43832222609353 77.99808732224301 87.8
    endloop
  endfacet
  facet normal -0.2588190451025243 -0.9659258262890673 0
    outer loop
      vertex 78.88362468597548 79.65712730311867 87.8
      vertex 78.88362468597548 79.65712730311867 85
      vertex 79.31332222609353 79.5419901942544 87.8
    endloop
  endfacet
  facet normal -0.3583679495453039 -0.9335804264972004 0
    outer loop
      vertex 79.31332222609353 79.5419901942544 87.8
      vertex 79.31332222609353 79.5419901942544 85
      vertex 79.72863073307215 79.38256819498105 87.8
    endloop
  endfacet
  facet normal -0.453990499739527 -0.891006524188378 0
    outer loop
      vertex 79.72863073307215 79.38256819498105 87.8
      vertex 79.72863073307215 79.38256819498105 85
      vertex 80.125 79.18060796608387 87.8
    endloop
  endfacet
  facet normal -0.9659258262890673 -0.2588190451025243 0
    outer loop
      vertex 82.15712730311867 76.38362468597548 87.8
      vertex 82.0419901942544 76.81332222609353 87.8
      vertex 82.0419901942544 76.81332222609353 85
    endloop
  endfacet
  facet normal -0.9335804264972004 -0.3583679495453039 0
    outer loop
      vertex 81.88256819498105 77.22863073307215 87.8
      vertex 81.88256819498105 77.22863073307215 85
      vertex 82.0419901942544 76.81332222609353 87.8
    endloop
  endfacet
  facet normal -0.891006524188378 -0.453990499739527 0
    outer loop
      vertex 81.88256819498105 77.22863073307215 87.8
      vertex 81.68060796608387 77.625 87.8
      vertex 81.68060796608387 77.625 85
    endloop
  endfacet
  facet normal 0.9986295344686827 0.052335961698072614 0
    outer loop
      vertex 90 81.5 85
      vertex 89.9671313688159 82.12717077881098 85
      vertex 90 81.5 90
    endloop
  endfacet
  facet normal 0.052335961698072614 0.9986295344686827 0
    outer loop
      vertex 84 87.5 85
      vertex 84.62717077881098 87.4671313688159 90
      vertex 84.62717077881098 87.4671313688159 85
    endloop
  endfacet
  facet normal 0.15643445553477123 0.9876883421006546 0
    outer loop
      vertex 84.62717077881098 87.4671313688159 85
      vertex 85.24747014790773 87.36888560652733 90
      vertex 85.24747014790773 87.36888560652733 85
    endloop
  endfacet
  facet normal 0.25881904950851087 0.9659258251084867 0
    outer loop
      vertex 85.24747014790773 87.36888560652733 85
      vertex 85.85410196334124 87.20633909851313 90
      vertex 85.85410196334124 87.20633909851313 85
    endloop
  endfacet
  facet normal 0.3583679532441575 0.9335804250773435 0
    outer loop
      vertex 85.85410196334124 87.20633909851313 85
      vertex 86.44041986018419 86.98127274215221 90
      vertex 86.44041986018419 86.98127274215221 85
    endloop
  endfacet
  facet normal 0.4539904916265432 0.8910065283221495 0
    outer loop
      vertex 86.44041986018419 86.98127274215221 85
      vertex 87 86.69615242630243 90
      vertex 87 86.69615242630243 85
    endloop
  endfacet
  facet normal 0.9876883421006546 0.15643445553477123 0
    outer loop
      vertex 89.9671313688159 82.12717077881098 85
      vertex 89.86888560652733 82.74747014790773 85
      vertex 89.9671313688159 82.12717077881098 90
    endloop
  endfacet
  facet normal 0.9659258251084867 0.25881904950851087 0
    outer loop
      vertex 89.86888560652733 82.74747014790773 85
      vertex 89.70633909851313 83.35410196334124 85
      vertex 89.86888560652733 82.74747014790773 90
    endloop
  endfacet
  facet normal 0.8386705643141267 0.5446390406067345 0
    outer loop
      vertex 89.19615242630243 84.5 85
      vertex 88.85410196334124 85.02671151608229 85
      vertex 89.19615242630243 84.5 90
    endloop
  endfacet
  facet normal 0.9335804250773435 0.3583679532441575 0
    outer loop
      vertex 89.70633909851313 83.35410196334124 85
      vertex 89.48127274215221 83.94041986018419 85
      vertex 89.70633909851313 83.35410196334124 90
    endloop
  endfacet
  facet normal 0.8910065283221495 0.4539904916265432 0
    outer loop
      vertex 89.19615242630243 84.5 85
      vertex 89.48127274215221 83.94041986018419 90
      vertex 89.48127274215221 83.94041986018419 85
    endloop
  endfacet
  facet normal 0.6293203941204519 0.7771459589704363 0
    outer loop
      vertex 88.01478363573551 85.95886895060539 85
      vertex 87.52671151608229 86.35410196334124 85
      vertex 88.01478363573551 85.95886895060539 90
    endloop
  endfacet
  facet normal 0.7071067811865476 0.7071067811865476 0
    outer loop
      vertex 88.01478363573551 85.95886895060539 85
      vertex 88.45886895060539 85.51478363573551 90
      vertex 88.45886895060539 85.51478363573551 85
    endloop
  endfacet
  facet normal 0.5446390406067345 0.8386705643141267 0
    outer loop
      vertex 87 86.69615242630243 85
      vertex 87.52671151608229 86.35410196334124 90
      vertex 87.52671151608229 86.35410196334124 85
    endloop
  endfacet
  facet normal 0.7771459589704363 0.6293203941204519 0
    outer loop
      vertex 88.45886895060539 85.51478363573551 85
      vertex 88.85410196334124 85.02671151608229 90
      vertex 88.85410196334124 85.02671151608229 85
    endloop
  endfacet
  facet normal -0.7771459631640818 -0.629320388941731 0
    outer loop
      vertex 70.70629072189331 68.96075896918774 88.1
      vertex 70.0872096195817 69.7252604663372 88.1
      vertex 70.0872096195817 69.7252604663372 85
    endloop
  endfacet
  facet normal -0.8660253823142725 -0.5000000371874168 0
    outer loop
      vertex 69.52693208307028 70.58400689065456 88.1
      vertex 69.50609109550714 70.62010453641415 88.1
      vertex 69.50609109550714 70.62010453641415 85
    endloop
  endfacet
  facet normal -0.8386705706109828 -0.5446390309104264 0
    outer loop
      vertex 69.52693208307028 70.58400689065456 88.1
      vertex 69.52693208307028 70.58400689065456 85
      vertex 70.06270964443684 69.7589817866683 88.1
    endloop
  endfacet
  facet normal -0.8090169735677465 -0.5877852809311274 0
    outer loop
      vertex 70.0872096195817 69.7252604663372 88.1
      vertex 70.06270964443684 69.7589817866683 88.1
      vertex 70.06270964443684 69.7589817866683 85
    endloop
  endfacet
  facet normal -0.6293203867539962 -0.7771459649356746 0
    outer loop
      vertex 71.4607589840889 68.20629071444273 88.1
      vertex 71.4607589840889 68.20629071444273 85
      vertex 72.22526054084301 67.58720956742764 88.1
    endloop
  endfacet
  facet normal -0.6691306439679336 -0.7431447916140289 0
    outer loop
      vertex 71.4607589840889 68.20629071444273 88.1
      vertex 71.42978310585022 68.23418152332306 88.1
      vertex 71.42978310585022 68.23418152332306 85
    endloop
  endfacet
  facet normal -0.5877853119840554 -0.809016951006471 0
    outer loop
      vertex 72.2589817866683 67.56270964443684 88.1
      vertex 72.22526054084301 67.58720956742764 88.1
      vertex 72.22526054084301 67.58720956742764 85
    endloop
  endfacet
  facet normal -0.5446390309104264 -0.8386705706109828 0
    outer loop
      vertex 72.2589817866683 67.56270964443684 88.1
      vertex 72.2589817866683 67.56270964443684 85
      vertex 73.08400689065456 67.02693208307028 88.1
    endloop
  endfacet
  facet normal -0.5000000371874168 -0.8660253823142725 0
    outer loop
      vertex 73.12010453641415 67.00609109550714 88.1
      vertex 73.08400689065456 67.02693208307028 88.1
      vertex 73.08400689065456 67.02693208307028 85
    endloop
  endfacet
  facet normal -0.7071067811865476 -0.7071067811865476 0
    outer loop
      vertex 71.42978310585022 68.23418152332306 88.1
      vertex 70.73418144136667 68.9297831878066 88.1
      vertex 70.73418144136667 68.9297831878066 85
    endloop
  endfacet
  facet normal -0.7431448178123772 -0.6691306148717219 0
    outer loop
      vertex 70.73418144136667 68.9297831878066 88.1
      vertex 70.70629072189331 68.96075896918774 88.1
      vertex 70.70629072189331 68.96075896918774 85
    endloop
  endfacet
  facet normal -0.9335804250579053 -0.3583679532947957 0
    outer loop
      vertex 68.68999657779932 72.45308281481266 88.1
      vertex 68.68999657779932 72.45308281481266 85
      vertex 69.04253365844488 71.53469233214855 88.1
    endloop
  endfacet
  facet normal -0.9659258275810262 -0.2588190402808679 0
    outer loop
      vertex 68.67711602896452 72.49272506684065 88.1
      vertex 68.42250815033913 73.44293462485075 88.1
      vertex 68.42250815033913 73.44293462485075 85
    endloop
  endfacet
  facet normal -0.9510565138423422 -0.3090170019239249 0
    outer loop
      vertex 68.68999657779932 72.45308281481266 88.1
      vertex 68.67711602896452 72.49272506684065 88.1
      vertex 68.67711602896452 72.49272506684065 85
    endloop
  endfacet
  facet normal -0.9781475950189167 -0.20791171770419659 0
    outer loop
      vertex 68.42250815033913 73.44293462485075 88.1
      vertex 68.41384196281433 73.48370582610369 88.1
      vertex 68.41384196281433 73.48370582610369 85
    endloop
  endfacet
  facet normal -0.8910065256116595 -0.45399049694617966 0
    outer loop
      vertex 69.50609109550714 70.62010453641415 88.1
      vertex 69.05948723107576 71.4966139793396 88.1
      vertex 69.05948723107576 71.4966139793396 85
    endloop
  endfacet
  facet normal -0.9135454784040611 -0.40673659644479404 0
    outer loop
      vertex 69.05948723107576 71.4966139793396 88.1
      vertex 69.04253365844488 71.53469233214855 88.1
      vertex 69.04253365844488 71.53469233214855 85
    endloop
  endfacet
  facet normal -0.9876883403085313 -0.15643446684979345 0
    outer loop
      vertex 68.41384196281433 73.48370582610369 88.1
      vertex 68.25995276123285 74.4553239941597 88.1
      vertex 68.25995276123285 74.4553239941597 85
    endloop
  endfacet
  facet normal -0.994521906997554 -0.10452835262237818 0
    outer loop
      vertex 68.25995276123285 74.4553239941597 88.1
      vertex 68.25559581071138 74.49677765369415 88.1
      vertex 68.25559581071138 74.49677765369415 85
    endloop
  endfacet
  facet normal -0.9986295350174192 -0.05233595122755594 0
    outer loop
      vertex 68.25559581071138 74.49677765369415 88.1
      vertex 68.20411139726639 75.47915887832642 88.1
      vertex 68.20411139726639 75.47915887832642 85
    endloop
  endfacet
  facet normal -1 0 0
    outer loop
      vertex 68.20411139726639 75.47915887832642 88.1
      vertex 68.20411139726639 75.520841114223 88.1
      vertex 68.20411139726639 75.520841114223 85
    endloop
  endfacet
  facet normal -0.9986295353319616 0.05233594522572854 0
    outer loop
      vertex 68.20411139726639 75.520841114223 88.1
      vertex 68.25559579581022 76.50322216749191 88.1
      vertex 68.25559579581022 76.50322216749191 85
    endloop
  endfacet
  facet normal -0.9945218853458931 0.10452855862418647 0
    outer loop
      vertex 68.25559579581022 76.50322216749191 88.1
      vertex 68.25995279103518 76.54467616975307 88.1
      vertex 68.25995279103518 76.54467616975307 85
    endloop
  endfacet
  facet normal -0.4539905002389483 -0.8910065239339101 0
    outer loop
      vertex 73.9966139420867 66.55948724597692 88.1
      vertex 73.12010453641415 67.00609109550714 88.1
      vertex 73.12010453641415 67.00609109550714 85
    endloop
  endfacet
  facet normal -0.40673659644479404 -0.9135454784040611 0
    outer loop
      vertex 74.03469229489565 66.54253367334604 88.1
      vertex 73.9966139420867 66.55948724597692 88.1
      vertex 73.9966139420867 66.55948724597692 85
    endloop
  endfacet
  facet normal -0.3583679498246596 -0.9335804263899657 0
    outer loop
      vertex 74.03469229489565 66.54253367334604 88.1
      vertex 74.03469229489565 66.54253367334604 85
      vertex 74.95308290421963 66.189996547997 88.1
    endloop
  endfacet
  facet normal -0.3090170218092126 -0.9510565073812202 0
    outer loop
      vertex 74.9927249699831 66.17711605876684 88.1
      vertex 74.95308290421963 66.189996547997 88.1
      vertex 74.95308290421963 66.189996547997 85
    endloop
  endfacet
  facet normal -0.25881904153102836 -0.9659258272460467 0
    outer loop
      vertex 74.9927249699831 66.17711605876684 88.1
      vertex 74.9927249699831 66.17711605876684 85
      vertex 75.94293466210365 65.92250814288855 88.1
    endloop
  endfacet
  facet normal -0.20791166647520556 -0.9781476059079749 0
    outer loop
      vertex 75.94293466210365 65.92250814288855 88.1
      vertex 75.94293466210365 65.92250814288855 85
      vertex 75.98370580375195 65.91384197026491 88.1
    endloop
  endfacet
  facet normal -0.15643446925897514 -0.9876883399269542 0
    outer loop
      vertex 75.98370580375195 65.91384197026491 88.1
      vertex 75.98370580375195 65.91384197026491 85
      vertex 76.95532381534576 65.75995279103518 88.1
    endloop
  endfacet
  facet normal -0.10452855862418647 -0.9945218853458931 0
    outer loop
      vertex 76.99677781760693 65.75559579581022 88.1
      vertex 76.95532381534576 65.75995279103518 88.1
      vertex 76.95532381534576 65.75995279103518 85
    endloop
  endfacet
  facet normal -0.05233594443404974 -0.9986295353734517 0
    outer loop
      vertex 76.99677781760693 65.75559579581022 88.1
      vertex 76.99677781760693 65.75559579581022 85
      vertex 77.979158885777 65.70411139726639 88.1
    endloop
  endfacet
  facet normal 0 -1 0
    outer loop
      vertex 78.020841114223 65.70411139726639 88.1
      vertex 77.979158885777 65.70411139726639 88.1
      vertex 77.979158885777 65.70411139726639 85
    endloop
  endfacet
  facet normal 0.05233595162339533 -0.9986295349966742 0
    outer loop
      vertex 78.020841114223 65.70411139726639 88.1
      vertex 78.020841114223 65.70411139726639 85
      vertex 79.00322233140469 65.75559581071138 88.1
    endloop
  endfacet
  facet normal -0.9876883399269542 0.15643446925897514 0
    outer loop
      vertex 68.25995279103518 76.54467616975307 88.1
      vertex 68.41384197026491 77.5162941813469 88.1
      vertex 68.41384197026491 77.5162941813469 85
    endloop
  endfacet
  facet normal -0.9781476059079749 0.20791166647520556 0
    outer loop
      vertex 68.41384197026491 77.5162941813469 88.1
      vertex 68.42250814288855 77.55706532299519 88.1
      vertex 68.42250814288855 77.55706532299519 85
    endloop
  endfacet
  facet normal -0.9659258270105853 0.25881904240978293 0
    outer loop
      vertex 68.42250814288855 77.55706532299519 88.1
      vertex 68.677116073668 78.5072750672698 88.1
      vertex 68.677116073668 78.5072750672698 85
    endloop
  endfacet
  facet normal -0.9510565324059691 0.3090169447909515 0
    outer loop
      vertex 68.677116073668 78.5072750672698 88.1
      vertex 68.68999651819468 78.5469170063734 88.1
      vertex 68.68999651819468 78.5469170063734 85
    endloop
  endfacet
  facet normal -0.9335804089312506 0.35836799530616414 0
    outer loop
      vertex 68.68999651819468 78.5469170063734 88.1
      vertex 68.72437908500433 78.63648664206266 88.1
      vertex 68.72437908500433 78.63648664206266 85
    endloop
  endfacet
  facet normal -0.9426414951468022 0.33380684778386666 0
    outer loop
      vertex 68.72437908500433 78.63648664206266 88.1
      vertex 68.76282649487257 78.7450587823987 88.1
      vertex 68.76282649487257 78.7450587823987 85
    endloop
  endfacet
  facet normal -0.9510565170221444 0.3090169921374998 0
    outer loop
      vertex 68.76282649487257 78.7450587823987 88.1
      vertex 68.85986269265413 79.04370549321175 88.1
      vertex 68.85986269265413 79.04370549321175 85
    endloop
  endfacet
  facet normal -0.9659258290470492 0.2588190348095959 0
    outer loop
      vertex 68.85986269265413 79.04370549321175 88.1
      vertex 68.91946307569742 79.26613716036081 88.1
      vertex 68.91946307569742 79.26613716036081 85
    endloop
  endfacet
  facet normal -0.9659258290470492 -0.2588190348095959 0
    outer loop
      vertex 68.85986267775297 81.95629455894232 88.1
      vertex 68.85986267775297 81.95629455894232 85
      vertex 68.91946306079626 81.73386289179325 88.1
    endloop
  endfacet
  facet normal -0.9781476051714453 0.20791166994030516 0
    outer loop
      vertex 68.91946307569742 79.26613716036081 88.1
      vertex 68.9847506210208 79.57329094409943 88.1
      vertex 68.9847506210208 79.57329094409943 85
    endloop
  endfacet
  facet normal -0.9876883409487213 0.15643446280779136 0
    outer loop
      vertex 68.9847506210208 79.57329094409943 88.1
      vertex 69.02077405899763 79.8007339835167 88.1
      vertex 69.02077405899763 79.8007339835167 85
    endloop
  endfacet
  facet normal -0.9945218945377534 0.10452847116952207 0
    outer loop
      vertex 69.02077405899763 79.8007339835167 88.1
      vertex 69.05359764397144 80.11302950978279 88.1
      vertex 69.05359764397144 80.11302950978279 85
    endloop
  endfacet
  facet normal -0.9986295335783959 0.052335978685751045 0
    outer loop
      vertex 69.05359764397144 80.11302950978279 88.1
      vertex 69.06564947962761 80.34299213439226 88.1
      vertex 69.06564947962761 80.34299213439226 85
    endloop
  endfacet
  facet normal -1 0 0
    outer loop
      vertex 69.06564947962761 80.34299213439226 88.1
      vertex 69.06564947962761 80.65700788795948 88.1
      vertex 69.06564947962761 80.65700788795948 85
    endloop
  endfacet
  facet normal -0.9986295337556385 -0.05233597530376362 0
    outer loop
      vertex 69.06564947962761 80.65700788795948 88.1
      vertex 69.05359764397144 80.88697052747011 88.1
      vertex 69.05359764397144 80.88697052747011 85
    endloop
  endfacet
  facet normal -0.9945218945377534 -0.10452847116952207 0
    outer loop
      vertex 69.05359764397144 80.88697052747011 88.1
      vertex 69.02077405899763 81.19926605373621 88.1
      vertex 69.02077405899763 81.19926605373621 85
    endloop
  endfacet
  facet normal -0.9876883372847768 -0.15643448594102635 0
    outer loop
      vertex 69.02077405899763 81.19926605373621 88.1
      vertex 68.98475060611963 81.42670915275812 88.1
      vertex 68.98475060611963 81.42670915275812 85
    endloop
  endfacet
  facet normal -0.9781475990175837 -0.2079116988919482 0
    outer loop
      vertex 68.98475060611963 81.42670915275812 88.1
      vertex 68.91946306079626 81.73386289179325 88.1
      vertex 68.91946306079626 81.73386289179325 85
    endloop
  endfacet
  facet normal -0.9510565098730126 -0.3090170141402644 0
    outer loop
      vertex 68.85986267775297 81.95629455894232 88.1
      vertex 68.76282646507025 82.2549412921071 88.1
      vertex 68.76282646507025 82.2549412921071 85
    endloop
  endfacet
  facet normal -0.9335804213834477 -0.35836796286708494 0
    outer loop
      vertex 68.76282646507025 82.2549412921071 88.1
      vertex 68.6803021505475 82.4699244722724 88.1
      vertex 68.6803021505475 82.4699244722724 85
    endloop
  endfacet
  facet normal -0.9135454592940315 -0.4067366393666262 0
    outer loop
      vertex 68.55258044600487 82.75679212063551 88.1
      vertex 68.55258044600487 82.75679212063551 85
      vertex 68.6803021505475 82.4699244722724 88.1
    endloop
  endfacet
  facet normal -0.8910065255072487 -0.45399049715109746 0
    outer loop
      vertex 68.55258044600487 82.75679212063551 88.1
      vertex 68.4480363279581 82.9619715064764 88.1
      vertex 68.4480363279581 82.9619715064764 85
    endloop
  endfacet
  facet normal -0.8660253945532701 -0.5000000159888526 0
    outer loop
      vertex 68.4480363279581 82.9619715064764 88.1
      vertex 68.29102843254805 83.23391714692116 88.1
      vertex 68.29102843254805 83.23391714692116 85
    endloop
  endfacet
  facet normal -0.8386705656032967 -0.5446390386215869 0
    outer loop
      vertex 68.16560994833708 83.42704467475414 88.1
      vertex 68.16560994833708 83.42704467475414 85
      vertex 68.29102843254805 83.23391714692116 88.1
    endloop
  endfacet
  facet normal -0.7431448154110712 -0.6691306175386421 0
    outer loop
      vertex 67.83611735701561 83.86004852503538 88.1
      vertex 67.62599980086088 84.09340770542622 88.1
      vertex 67.62599980086088 84.09340770542622 85
    endloop
  endfacet
  facet normal -0.8090169939650439 -0.587785252856657 0
    outer loop
      vertex 67.98103612661362 83.68108874559402 88.1
      vertex 67.98103612661362 83.68108874559402 85
      vertex 68.16560994833708 83.42704467475414 88.1
    endloop
  endfacet
  facet normal -0.77714596650683 -0.6293203848137808 0
    outer loop
      vertex 67.98103612661362 83.68108874559402 88.1
      vertex 67.83611735701561 83.86004852503538 88.1
      vertex 67.83611735701561 83.86004852503538 85
    endloop
  endfacet
  facet normal -0.7071067811865475 -0.7071067811865475 0
    outer loop
      vertex 67.463168554008 84.25623895227909 88.1
      vertex 67.463168554008 84.25623895227909 85
      vertex 67.62599980086088 84.09340770542622 88.1
    endloop
  endfacet
  facet normal 0.10452835262237818 -0.994521906997554 0
    outer loop
      vertex 79.04467599093914 65.75995276123285 88.1
      vertex 79.00322233140469 65.75559581071138 88.1
      vertex 79.00322233140469 65.75559581071138 85
    endloop
  endfacet
  facet normal 0.15643446684979345 -0.9876883403085313 0
    outer loop
      vertex 79.04467599093914 65.75995276123285 88.1
      vertex 79.04467599093914 65.75995276123285 85
      vertex 80.01629415899515 65.91384196281433 88.1
    endloop
  endfacet
  facet normal 0.20791171770419659 -0.9781475950189167 0
    outer loop
      vertex 80.05706536024809 65.92250815033913 88.1
      vertex 80.01629415899515 65.91384196281433 88.1
      vertex 80.01629415899515 65.91384196281433 85
    endloop
  endfacet
  facet normal 0.2588190416669718 -0.9659258272096208 0
    outer loop
      vertex 80.05706536024809 65.92250815033913 88.1
      vertex 80.05706536024809 65.92250815033913 85
      vertex 81.00727494060993 66.1771160364151 88.1
    endloop
  endfacet
  facet normal 0.30901697743847567 -0.9510565217981466 0
    outer loop
      vertex 81.04691705852747 66.18999654054642 88.1
      vertex 81.00727494060993 66.1771160364151 88.1
      vertex 81.00727494060993 66.1771160364151 85
    endloop
  endfacet
  facet normal 0.35836795906447355 -0.9335804228431335 0
    outer loop
      vertex 81.13648672401905 66.22437911480665 88.1
      vertex 81.04691705852747 66.18999654054642 88.1
      vertex 81.04691705852747 66.18999654054642 85
    endloop
  endfacet
  facet normal 0.34611701235043446 -0.938191352423166 0
    outer loop
      vertex 81.13648672401905 66.22437911480665 88.1
      vertex 81.13648672401905 66.22437911480665 85
      vertex 81.19052112847567 66.2443134561181 88.1
    endloop
  endfacet
  facet normal 0.3338068445654997 -0.9426414962864855 0
    outer loop
      vertex 81.19052112847567 66.2443134561181 88.1
      vertex 81.19052112847567 66.2443134561181 85
      vertex 81.33857395499945 66.29674170911312 88.1
    endloop
  endfacet
  facet normal 0.29654157061630665 -0.9550199458107742 0
    outer loop
      vertex 81.33857395499945 66.29674170911312 88.1
      vertex 81.33857395499945 66.29674170911312 85
      vertex 81.50354709476233 66.34796722978354 88.1
    endloop
  endfacet
  facet normal 0.25881905464550803 -0.9659258237320325 0
    outer loop
      vertex 81.50354709476233 66.34796722978354 88.1
      vertex 81.50354709476233 66.34796722978354 85
      vertex 81.80686300992966 66.42924048751593 88.1
    endloop
  endfacet
  facet normal 0.20791169705769463 -0.9781475994074664 0
    outer loop
      vertex 81.80686300992966 66.42924048751593 88.1
      vertex 81.80686300992966 66.42924048751593 85
      vertex 82.03210909664631 66.47711802273989 88.1
    endloop
  endfacet
  facet normal 0.15643447077382908 -0.9876883396870251 0
    outer loop
      vertex 82.03210909664631 66.47711802273989 88.1
      vertex 82.03210909664631 66.47711802273989 85
      vertex 82.3422587737441 66.52624090760946 88.1
    endloop
  endfacet
  facet normal 0.10452845591539826 -0.9945218961410265 0
    outer loop
      vertex 82.3422587737441 66.52624090760946 88.1
      vertex 82.3422587737441 66.52624090760946 85
      vertex 82.57127551734447 66.55031153559685 88.1
    endloop
  endfacet
  facet normal 0.05233594924714904 -0.9986295351212079 0
    outer loop
      vertex 82.57127551734447 66.55031153559685 88.1
      vertex 82.57127551734447 66.55031153559685 85
      vertex 82.88486091047525 66.56674584746361 88.1
    endloop
  endfacet
  facet normal 0 -1 0
    outer loop
      vertex 82.88486091047525 66.56674584746361 88.1
      vertex 82.88486091047525 66.56674584746361 85
      vertex 83.11513908952475 66.56674584746361 88.1
    endloop
  endfacet
  facet normal -0.05233594428690367 -0.9986295353811633 0
    outer loop
      vertex 83.11513908952475 66.56674584746361 88.1
      vertex 83.11513908952475 66.56674584746361 85
      vertex 83.42872451245785 66.55031153559685 88.1
    endloop
  endfacet
  facet normal -0.10452846936923531 -0.9945218947269713 0
    outer loop
      vertex 83.42872451245785 66.55031153559685 88.1
      vertex 83.42872451245785 66.55031153559685 85
      vertex 83.6577412262559 66.52624090760946 88.1
    endloop
  endfacet
  facet normal -0.15643446344185244 -0.9876883408482959 0
    outer loop
      vertex 83.6577412262559 66.52624090760946 88.1
      vertex 83.6577412262559 66.52624090760946 85
      vertex 83.96789091825485 66.47711802273989 88.1
    endloop
  endfacet
  facet normal -0.2079117102175342 -0.978147596610256 0
    outer loop
      vertex 83.96789091825485 66.47711802273989 88.1
      vertex 83.96789091825485 66.47711802273989 85
      vertex 84.19313699007034 66.42924048751593 88.1
    endloop
  endfacet
  facet normal -0.25881905464550803 -0.9659258237320325 0
    outer loop
      vertex 84.19313699007034 66.42924048751593 88.1
      vertex 84.19313699007034 66.42924048751593 85
      vertex 84.49645290523767 66.34796722978354 88.1
    endloop
  endfacet
  facet normal -0.358367950842512 -0.9335804259992488 0
    outer loop
      vertex 84.71546047925949 66.2768073529005 88.1
      vertex 84.71546047925949 66.2768073529005 85
      vertex 85.00861942023039 66.16427417844534 88.1
    endloop
  endfacet
  facet normal -0.30901700403425203 -0.9510565131566553 0
    outer loop
      vertex 84.71546047925949 66.2768073529005 88.1
      vertex 84.49645290523767 66.34796722978354 88.1
      vertex 84.49645290523767 66.34796722978354 85
    endloop
  endfacet
  facet normal -0.40673665900909506 -0.9135454505486409 0
    outer loop
      vertex 85.00861942023039 66.16427417844534 88.1
      vertex 85.00861942023039 66.16427417844534 85
      vertex 85.21898901462555 66.07061159610748 88.1
    endloop
  endfacet
  facet normal -0.45399049624595805 -0.8910065259684403 0
    outer loop
      vertex 85.21898901462555 66.07061159610748 88.1
      vertex 85.21898901462555 66.07061159610748 85
      vertex 85.49877908825874 65.9280514344573 88.1
    endloop
  endfacet
  facet normal -0.4999999778828949 -0.8660254165537549 0
    outer loop
      vertex 85.49877908825874 65.9280514344573 88.1
      vertex 85.49877908825874 65.9280514344573 85
      vertex 85.69820586591959 65.81291233748198 88.1
    endloop
  endfacet
  facet normal -0.5446390302010375 -0.8386705710716652 0
    outer loop
      vertex 85.69820586591959 65.81291233748198 88.1
      vertex 85.69820586591959 65.81291233748198 85
      vertex 85.96156164258718 65.6418870985508 88.1
    endloop
  endfacet
  facet normal 0 0 -1
    outer loop
      vertex -68.20411139726639 -75.47915887832642 88.1
      vertex 76.99677781760693 65.75559579581022 88.1
      vertex 77.979158885777 65.70411139726639 88.1
    endloop
  endfacet
  facet normal 0 0 -1
    outer loop
      vertex -68.20411139726639 -75.520841114223 88.1
      vertex 77.979158885777 65.70411139726639 88.1
      vertex 78.020841114223 65.70411139726639 88.1
    endloop
  endfacet
  facet normal 0 0 -1
    outer loop
      vertex -68.25559579581022 -76.50322216749191 88.1
      vertex 78.020841114223 65.70411139726639 88.1
      vertex 79.00322233140469 65.75559581071138 88.1
    endloop
  endfacet
  facet normal 0 0 -1
    outer loop
      vertex -68.41384197026491 -77.5162941813469 88.1
      vertex 79.04467599093914 65.75995276123285 88.1
      vertex 80.01629415899515 65.91384196281433 88.1
    endloop
  endfacet
  facet normal 0 0 -1
    outer loop
      vertex -68.25995279103518 -76.54467616975307 88.1
      vertex 79.00322233140469 65.75559581071138 88.1
      vertex 79.04467599093914 65.75995276123285 88.1
    endloop
  endfacet
  facet normal 0 0 -1
    outer loop
      vertex -68.42250814288855 -77.55706532299519 88.1
      vertex 80.01629415899515 65.91384196281433 88.1
      vertex 80.05706536024809 65.92250815033913 88.1
    endloop
  endfacet
  facet normal 0 0 -1
    outer loop
      vertex -68.677116073668 -78.5072750672698 88.1
      vertex 80.05706536024809 65.92250815033913 88.1
      vertex 81.00727494060993 66.1771160364151 88.1
    endloop
  endfacet
  facet normal 0 0 -1
    outer loop
      vertex -68.68999651819468 -78.5469170063734 88.1
      vertex 81.00727494060993 66.1771160364151 88.1
      vertex 81.04691705852747 66.18999654054642 88.1
    endloop
  endfacet
  facet normal 0 0 1
    outer loop
      vertex -74.70543319108602 -68.10028179309494 90
      vertex 70.98519422934605 71.45 90
      vertex 70.60028179309494 72.20543319108602 90
    endloop
  endfacet
  facet normal 0 0 1
    outer loop
      vertex -74.70543319108602 -68.10028179309494 90
      vertex 71.98052691363311 70.08004208849324 90
      vertex 71.44696234556292 70.73893945643097 90
    endloop
  endfacet
  facet normal 0 0 1
    outer loop
      vertex -74.70543319108602 -68.10028179309494 90
      vertex 72.58004208849324 69.48052691363311 90
      vertex 71.98052691363311 70.08004208849324 90
    endloop
  endfacet
  facet normal 0 0 1
    outer loop
      vertex -74.70543319108602 -68.10028179309494 90
      vertex 73.23893945643097 68.94696234556292 90
      vertex 72.58004208849324 69.48052691363311 90
    endloop
  endfacet
  facet normal 0 0 1
    outer loop
      vertex -74.70543319108602 -68.10028179309494 90
      vertex 73.95 68.48519422934605 90
      vertex 73.23893945643097 68.94696234556292 90
    endloop
  endfacet
  facet normal 0 0 1
    outer loop
      vertex 73.95 68.48519422934605 90
      vertex -73.95 -68.48519422934605 90
      vertex 74.70543319108602 68.10028179309494 90
    endloop
  endfacet
  facet normal 0 0 1
    outer loop
      vertex -74.70543319108602 -68.10028179309494 90
      vertex 71.44696234556292 70.73893945643097 90
      vertex 70.98519422934605 71.45 90
    endloop
  endfacet
  facet normal 0 0 -1
    outer loop
      vertex -75.98370582610369 65.91384196281433 88.1
      vertex 75.94293466210365 65.92250814288855 88.1
      vertex 75.98370580375195 65.91384197026491 88.1
    endloop
  endfacet
  facet normal 0 0 -1
    outer loop
      vertex -75.98370582610369 65.91384196281433 88.1
      vertex 75.98370580375195 65.91384197026491 88.1
      vertex 76.95532381534576 65.75995279103518 88.1
    endloop
  endfacet
  facet normal 0 0 -1
    outer loop
      vertex -74.99272506684065 66.17711602896452 88.1
      vertex 74.9927249699831 66.17711605876684 88.1
      vertex 75.94293466210365 65.92250814288855 88.1
    endloop
  endfacet
  facet normal 0 0 -1
    outer loop
      vertex -76.9553239941597 65.75995276123285 88.1
      vertex 76.95532381534576 65.75995279103518 88.1
      vertex 76.99677781760693 65.75559579581022 88.1
    endloop
  endfacet
  facet normal 0 0 -1
    outer loop
      vertex -63.86976087093353 85.70000000298023 88.1
      vertex 69.52693208307028 70.58400689065456 88.1
      vertex 70.06270964443684 69.7589817866683 88.1
    endloop
  endfacet
  facet normal 0 0 -1
    outer loop
      vertex -63.86976087093353 85.70000000298023 88.1
      vertex 69.50609109550714 70.62010453641415 88.1
      vertex 69.52693208307028 70.58400689065456 88.1
    endloop
  endfacet
  facet normal 0 0 -1
    outer loop
      vertex -63.86976087093353 85.70000000298023 88.1
      vertex 69.05948723107576 71.4966139793396 88.1
      vertex 69.50609109550714 70.62010453641415 88.1
    endloop
  endfacet
  facet normal 0 0 -1
    outer loop
      vertex -63.86976087093353 85.70000000298023 88.1
      vertex 69.04253365844488 71.53469233214855 88.1
      vertex 69.05948723107576 71.4966139793396 88.1
    endloop
  endfacet
  facet normal 0 0 -1
    outer loop
      vertex -63.86976087093353 85.70000000298023 88.1
      vertex 72.22526054084301 67.58720956742764 88.1
      vertex 72.2589817866683 67.56270964443684 88.1
    endloop
  endfacet
  facet normal 0 0 -1
    outer loop
      vertex -63.86976087093353 85.70000000298023 88.1
      vertex 72.2589817866683 67.56270964443684 88.1
      vertex 73.08400689065456 67.02693208307028 88.1
    endloop
  endfacet
  facet normal 0 0 -1
    outer loop
      vertex -63.86976087093353 85.70000000298023 88.1
      vertex 73.12010453641415 67.00609109550714 88.1
      vertex 73.9966139420867 66.55948724597692 88.1
    endloop
  endfacet
  facet normal 0 0 -1
    outer loop
      vertex -63.86976087093353 85.70000000298023 88.1
      vertex 73.9966139420867 66.55948724597692 88.1
      vertex 74.03469229489565 66.54253367334604 88.1
    endloop
  endfacet
  facet normal 0 0 -1
    outer loop
      vertex -63.86976087093353 85.70000000298023 88.1
      vertex 73.08400689065456 67.02693208307028 88.1
      vertex 73.12010453641415 67.00609109550714 88.1
    endloop
  endfacet
  facet normal 0 0 -1
    outer loop
      vertex -63.86976087093353 85.70000000298023 88.1
      vertex 70.0872096195817 69.7252604663372 88.1
      vertex 70.70629072189331 68.96075896918774 88.1
    endloop
  endfacet
  facet normal 0 0 -1
    outer loop
      vertex -63.86976087093353 85.70000000298023 88.1
      vertex 70.06270964443684 69.7589817866683 88.1
      vertex 70.0872096195817 69.7252604663372 88.1
    endloop
  endfacet
  facet normal 0 0 -1
    outer loop
      vertex -63.86976087093353 85.70000000298023 88.1
      vertex 70.70629072189331 68.96075896918774 88.1
      vertex 70.73418144136667 68.9297831878066 88.1
    endloop
  endfacet
  facet normal 0 0 -1
    outer loop
      vertex -63.86976087093353 85.70000000298023 88.1
      vertex 71.42978310585022 68.23418152332306 88.1
      vertex 71.4607589840889 68.20629071444273 88.1
    endloop
  endfacet
  facet normal 0 0 -1
    outer loop
      vertex -63.86976087093353 85.70000000298023 88.1
      vertex 70.73418144136667 68.9297831878066 88.1
      vertex 71.42978310585022 68.23418152332306 88.1
    endloop
  endfacet
  facet normal 0 0 -1
    outer loop
      vertex -63.86976087093353 85.70000000298023 88.1
      vertex 71.4607589840889 68.20629071444273 88.1
      vertex 72.22526054084301 67.58720956742764 88.1
    endloop
  endfacet
  facet normal 0 0 -1
    outer loop
      vertex -63.86976087093353 85.70000000298023 88.1
      vertex 74.03469229489565 66.54253367334604 88.1
      vertex 74.95308290421963 66.189996547997 88.1
    endloop
  endfacet
  facet normal 0 0 -1
    outer loop
      vertex -63.86976087093353 85.70000000298023 88.1
      vertex 74.95308290421963 66.189996547997 88.1
      vertex 74.9927249699831 66.17711605876684 88.1
    endloop
  endfacet
  facet normal 0 0 -1
    outer loop
      vertex -63.86976087093353 85.70000000298023 88.1
      vertex 68.67711602896452 72.49272506684065 88.1
      vertex 68.68999657779932 72.45308281481266 88.1
    endloop
  endfacet
  facet normal 0 0 -1
    outer loop
      vertex -63.86976087093353 85.70000000298023 88.1
      vertex 68.42250815033913 73.44293462485075 88.1
      vertex 68.67711602896452 72.49272506684065 88.1
    endloop
  endfacet
  facet normal 0 0 -1
    outer loop
      vertex -63.86976087093353 85.70000000298023 88.1
      vertex 68.41384196281433 73.48370582610369 88.1
      vertex 68.42250815033913 73.44293462485075 88.1
    endloop
  endfacet
  facet normal 0 0 -1
    outer loop
      vertex -63.86976087093353 85.70000000298023 88.1
      vertex 68.25995276123285 74.4553239941597 88.1
      vertex 68.41384196281433 73.48370582610369 88.1
    endloop
  endfacet
  facet normal 0 0 -1
    outer loop
      vertex -63.86976087093353 85.70000000298023 88.1
      vertex 68.68999657779932 72.45308281481266 88.1
      vertex 69.04253365844488 71.53469233214855 88.1
    endloop
  endfacet
  facet normal 0 0 -1
    outer loop
      vertex -63.86976087093353 85.70000000298023 88.1
      vertex 68.25559581071138 74.49677765369415 88.1
      vertex 68.25995276123285 74.4553239941597 88.1
    endloop
  endfacet
  facet normal 0 0 -1
    outer loop
      vertex -63.86976087093353 85.70000000298023 88.1
      vertex 68.20411139726639 75.47915887832642 88.1
      vertex 68.25559581071138 74.49677765369415 88.1
    endloop
  endfacet
  facet normal 0 0 -1
    outer loop
      vertex -63.86976087093353 85.70000000298023 88.1
      vertex 68.20411139726639 75.520841114223 88.1
      vertex 68.20411139726639 75.47915887832642 88.1
    endloop
  endfacet
  facet normal 0 0 -1
    outer loop
      vertex -63.86976087093353 85.70000000298023 88.1
      vertex 68.25559579581022 76.50322216749191 88.1
      vertex 68.20411139726639 75.520841114223 88.1
    endloop
  endfacet
  facet normal 0 0 -1
    outer loop
      vertex -63.86976087093353 85.70000000298023 88.1
      vertex 68.25995279103518 76.54467616975307 88.1
      vertex 68.25559579581022 76.50322216749191 88.1
    endloop
  endfacet
  facet normal 0 0 -1
    outer loop
      vertex -63.86976087093353 85.70000000298023 88.1
      vertex 68.41384197026491 77.5162941813469 88.1
      vertex 68.25995279103518 76.54467616975307 88.1
    endloop
  endfacet
  facet normal 0 0 -1
    outer loop
      vertex -63.86976087093353 85.70000000298023 88.1
      vertex 68.42250814288855 77.55706532299519 88.1
      vertex 68.41384197026491 77.5162941813469 88.1
    endloop
  endfacet
  facet normal 0 0 -1
    outer loop
      vertex -63.86976087093353 85.70000000298023 88.1
      vertex 68.677116073668 78.5072750672698 88.1
      vertex 68.42250814288855 77.55706532299519 88.1
    endloop
  endfacet
  facet normal 0 0 -1
    outer loop
      vertex -63.86976087093353 85.70000000298023 88.1
      vertex 68.72437908500433 78.63648664206266 88.1
      vertex 68.68999651819468 78.5469170063734 88.1
    endloop
  endfacet
  facet normal 0 0 -1
    outer loop
      vertex -63.86976087093353 85.70000000298023 88.1
      vertex 68.68999651819468 78.5469170063734 88.1
      vertex 68.677116073668 78.5072750672698 88.1
    endloop
  endfacet
  facet normal 0 0 -1
    outer loop
      vertex -63.86976087093353 85.70000000298023 88.1
      vertex 68.76282649487257 78.7450587823987 88.1
      vertex 68.72437908500433 78.63648664206266 88.1
    endloop
  endfacet
  facet normal 0 0 -1
    outer loop
      vertex -63.86976087093353 85.70000000298023 88.1
      vertex 63.86976087093353 85.70000000298023 88.1
      vertex 68.76282649487257 78.7450587823987 88.1
    endloop
  endfacet
  facet normal 0 0 1
    outer loop
      vertex -70.60028179309494 72.20543319108602 90
      vertex 70.60028179309494 72.20543319108602 90
      vertex 70.29644221800926 72.99696234556292 90
    endloop
  endfacet
  facet normal 0 0 1
    outer loop
      vertex -70.29644221800926 72.99696234556292 90
      vertex 70.29644221800926 72.99696234556292 90
      vertex 70.07700443405618 73.81591530437615 90
    endloop
  endfacet
  facet normal 0 0 1
    outer loop
      vertex -70.07700443405618 73.81591530437615 90
      vertex 70.07700443405618 73.81591530437615 90
      vertex 69.94437264751699 74.65331944753201 90
    endloop
  endfacet
  facet normal 0 0 1
    outer loop
      vertex -69.94437264751699 74.65331944753201 90
      vertex 69.94437264751699 74.65331944753201 90
      vertex 69.9 75.5 90
    endloop
  endfacet
  facet normal 0 0 1
    outer loop
      vertex -69.9 75.5 90
      vertex 69.9 75.5 90
      vertex 69.94437264751699 76.34668055246799 90
    endloop
  endfacet
  facet normal 0 0 1
    outer loop
      vertex -69.94437264751699 76.34668055246799 90
      vertex 69.94437264751699 76.34668055246799 90
      vertex 70.07700443405618 77.18408469562385 90
    endloop
  endfacet
  facet normal 0 0 1
    outer loop
      vertex -70.07700443405618 77.18408469562385 90
      vertex 70.07700443405618 77.18408469562385 90
      vertex 70.29644221800926 78.00303765443708 90
    endloop
  endfacet
  facet normal 0 0 1
    outer loop
      vertex -70.29644221800926 78.00303765443708 90
      vertex 70.29644221800926 78.00303765443708 90
      vertex 70.60028179309494 78.79456680891398 90
    endloop
  endfacet
  facet normal 0 0 1
    outer loop
      vertex -70.60028179309494 78.79456680891398 90
      vertex 70.60028179309494 78.79456680891398 90
      vertex 70.98519422934605 79.55 90
    endloop
  endfacet
  facet normal 0 0 1
    outer loop
      vertex -70.98519422934605 79.55 90
      vertex 70.98519422934605 79.55 90
      vertex 71.44696234556292 80.26106054356903 90
    endloop
  endfacet
  facet normal 0 0 1
    outer loop
      vertex -71.44696234556292 80.26106054356903 90
      vertex 71.44696234556292 80.26106054356903 90
      vertex 71.98052691363311 80.91995791150676 90
    endloop
  endfacet
  facet normal 0 0 1
    outer loop
      vertex -71.98052691363311 80.91995791150676 90
      vertex 71.98052691363311 80.91995791150676 90
      vertex 72.58004208849324 81.51947308636689 90
    endloop
  endfacet
  facet normal 0 0 1
    outer loop
      vertex -72.58004208849324 81.51947308636689 90
      vertex 72.58004208849324 81.51947308636689 90
      vertex 73.23893945643097 82.05303765443708 90
    endloop
  endfacet
  facet normal 0 0 1
    outer loop
      vertex -72.58004208849324 81.51947308636689 90
      vertex 73.23893945643097 82.05303765443708 90
      vertex 73.95 82.51480577065395 90
    endloop
  endfacet
  facet normal 0 0 1
    outer loop
      vertex -72.58004208849324 81.51947308636689 90
      vertex 73.95 82.51480577065395 90
      vertex 74.70543319108602 82.89971820690506 90
    endloop
  endfacet
  facet normal 0 0 1
    outer loop
      vertex -72.58004208849324 81.51947308636689 90
      vertex 74.70543319108602 82.89971820690506 90
      vertex 75.49696234556292 83.20355778199074 90
    endloop
  endfacet
  facet normal 0 0 1
    outer loop
      vertex -72.58004208849324 81.51947308636689 90
      vertex 75.49696234556292 83.20355778199074 90
      vertex 76.31591530437615 83.42299556594382 90
    endloop
  endfacet
  facet normal 0 0 1
    outer loop
      vertex -73.23893945643097 82.05303765443708 90
      vertex 76.31591530437615 83.42299556594382 90
      vertex 77.15331944753201 83.55562735248301 90
    endloop
  endfacet
  facet normal 0 0 1
    outer loop
      vertex -73.23893945643097 82.05303765443708 90
      vertex 77.15331944753201 83.55562735248301 90
      vertex 78 83.6 90
    endloop
  endfacet
  facet normal 0 0 1
    outer loop
      vertex -85.85410196334124 87.20633909851313 90
      vertex 84.62717077881098 87.4671313688159 90
      vertex 84 87.5 90
    endloop
  endfacet
  facet normal 0 0 1
    outer loop
      vertex -87 86.69615242630243 90
      vertex 85.85410196334124 87.20633909851313 90
      vertex 85.24747014790773 87.36888560652733 90
    endloop
  endfacet
  facet normal 0 0 1
    outer loop
      vertex -86.44041986018419 86.98127274215221 90
      vertex 85.24747014790773 87.36888560652733 90
      vertex 84.62717077881098 87.4671313688159 90
    endloop
  endfacet
  facet normal 0 0 1
    outer loop
      vertex -89.19615242630243 84.5 90
      vertex 88.45886895060539 85.51478363573551 90
      vertex 88.01478363573551 85.95886895060539 90
    endloop
  endfacet
  facet normal 0 0 1
    outer loop
      vertex -89.48127274215221 83.94041986018419 90
      vertex 88.85410196334124 85.02671151608229 90
      vertex 88.45886895060539 85.51478363573551 90
    endloop
  endfacet
  facet normal 0 0 1
    outer loop
      vertex -88.85410196334124 85.02671151608229 90
      vertex 88.01478363573551 85.95886895060539 90
      vertex 87.52671151608229 86.35410196334124 90
    endloop
  endfacet
  facet normal 0 0 1
    outer loop
      vertex -88.01478363573551 85.95886895060539 90
      vertex 87 86.69615242630243 90
      vertex 86.44041986018419 86.98127274215221 90
    endloop
  endfacet
  facet normal 0 0 1
    outer loop
      vertex -88.45886895060539 85.51478363573551 90
      vertex 87.52671151608229 86.35410196334124 90
      vertex 87 86.69615242630243 90
    endloop
  endfacet
  facet normal 0 0 1
    outer loop
      vertex -87.52671151608229 86.35410196334124 90
      vertex 86.44041986018419 86.98127274215221 90
      vertex 85.85410196334124 87.20633909851313 90
    endloop
  endfacet
  facet normal 0 0 1
    outer loop
      vertex 89.48127274215221 83.94041986018419 90
      vertex -73.23893945643097 82.05303765443708 90
      vertex 78 83.6 90
    endloop
  endfacet
  facet normal 0 0 1
    outer loop
      vertex 89.19615242630243 84.5 90
      vertex 88.85410196334124 85.02671151608229 90
      vertex -76.31591530437615 83.42299556594382 90
    endloop
  endfacet
  facet normal 0 0 1
    outer loop
      vertex 89.19615242630243 84.5 90
      vertex -73.95 82.51480577065395 90
      vertex 89.48127274215221 83.94041986018419 90
    endloop
  endfacet
  facet normal 0 0 -1
    outer loop
      vertex 63.98489996045828 -85.69698497653008 88.1
      vertex 81.04691705852747 66.18999654054642 88.1
      vertex 81.13648672401905 66.22437911480665 88.1
    endloop
  endfacet
  facet normal 0 0 -1
    outer loop
      vertex 63.98489996045828 -85.69698497653008 88.1
      vertex 81.13648672401905 66.22437911480665 88.1
      vertex 81.19052112847567 66.2443134561181 88.1
    endloop
  endfacet
  facet normal 0 0 -1
    outer loop
      vertex 67.26165755838156 -84.43915558606386 88.1
      vertex 81.19052112847567 66.2443134561181 88.1
      vertex 81.33857395499945 66.29674170911312 88.1
    endloop
  endfacet
  facet normal 0 0 -1
    outer loop
      vertex 67.26165755838156 -84.43915558606386 88.1
      vertex 81.33857395499945 66.29674170911312 88.1
      vertex 81.50354709476233 66.34796722978354 88.1
    endloop
  endfacet
  facet normal 0 0 -1
    outer loop
      vertex 67.26165755838156 -84.43915558606386 88.1
      vertex 81.50354709476233 66.34796722978354 88.1
      vertex 81.80686300992966 66.42924048751593 88.1
    endloop
  endfacet
  facet normal 0 0 -1
    outer loop
      vertex 67.26165755838156 -84.43915558606386 88.1
      vertex 81.80686300992966 66.42924048751593 88.1
      vertex 82.03210909664631 66.47711802273989 88.1
    endloop
  endfacet
  facet normal 0 0 -1
    outer loop
      vertex 67.26165755838156 -84.43915558606386 88.1
      vertex 82.03210909664631 66.47711802273989 88.1
      vertex 82.3422587737441 66.52624090760946 88.1
    endloop
  endfacet
  facet normal 0 0 -1
    outer loop
      vertex 68.689996547997 -72.45308290421963 88.1
      vertex 82.3422587737441 66.52624090760946 88.1
      vertex 82.57127551734447 66.55031153559685 88.1
    endloop
  endfacet
  facet normal 0 0 -1
    outer loop
      vertex 68.689996547997 -72.45308290421963 88.1
      vertex 82.57127551734447 66.55031153559685 88.1
      vertex 82.88486091047525 66.56674584746361 88.1
    endloop
  endfacet
  facet normal 0 0 -1
    outer loop
      vertex 68.689996547997 -72.45308290421963 88.1
      vertex 82.88486091047525 66.56674584746361 88.1
      vertex 83.11513908952475 66.56674584746361 88.1
    endloop
  endfacet
  facet normal 0 0 -1
    outer loop
      vertex 68.689996547997 -72.45308290421963 88.1
      vertex 83.11513908952475 66.56674584746361 88.1
      vertex 83.42872451245785 66.55031153559685 88.1
    endloop
  endfacet
  facet normal 0 0 -1
    outer loop
      vertex 68.689996547997 -72.45308290421963 88.1
      vertex 83.42872451245785 66.55031153559685 88.1
      vertex 83.6577412262559 66.52624090760946 88.1
    endloop
  endfacet
  facet normal 0 0 -1
    outer loop
      vertex 68.689996547997 -72.45308290421963 88.1
      vertex 86.7850693911314 64.93278760463 88.1
      vertex 86.93915558606386 64.76165755838156 88.1
    endloop
  endfacet
  facet normal 0 0 -1
    outer loop
      vertex 68.689996547997 -72.45308290421963 88.1
      vertex 87.90704648196697 63.085221350193024 88.1
      vertex 87.97820635885 62.86621377617121 88.1
    endloop
  endfacet
  facet normal 0 0 -1
    outer loop
      vertex 68.689996547997 -72.45308290421963 88.1
      vertex 87.7945133075118 63.37838029116392 88.1
      vertex 87.90704648196697 63.085221350193024 88.1
    endloop
  endfacet
  facet normal 0 0 -1
    outer loop
      vertex 68.689996547997 -72.45308290421963 88.1
      vertex 87.55829056352377 63.868539959192276 88.1
      vertex 87.70085072517395 63.58874988555908 88.1
    endloop
  endfacet
  facet normal 0 0 -1
    outer loop
      vertex 68.689996547997 -72.45308290421963 88.1
      vertex 87.70085072517395 63.58874988555908 88.1
      vertex 87.7945133075118 63.37838029116392 88.1
    endloop
  endfacet
  facet normal 0 0 -1
    outer loop
      vertex 68.689996547997 -72.45308290421963 88.1
      vertex 87.13677209615707 64.51762149482965 88.1
      vertex 87.27212624251842 64.33132249116898 88.1
    endloop
  endfacet
  facet normal 0 0 -1
    outer loop
      vertex 68.689996547997 -72.45308290421963 88.1
      vertex 87.27212624251842 64.33132249116898 88.1
      vertex 87.44315146654844 64.06796673685312 88.1
    endloop
  endfacet
  facet normal 0 0 -1
    outer loop
      vertex 68.689996547997 -72.45308290421963 88.1
      vertex 86.93915558606386 64.76165755838156 88.1
      vertex 87.13677209615707 64.51762149482965 88.1
    endloop
  endfacet
  facet normal 0 0 -1
    outer loop
      vertex 68.689996547997 -72.45308290421963 88.1
      vertex 87.44315146654844 64.06796673685312 88.1
      vertex 87.55829056352377 63.868539959192276 88.1
    endloop
  endfacet
  facet normal 0 0 -1
    outer loop
      vertex 68.689996547997 -72.45308290421963 88.1
      vertex 83.96789091825485 66.47711802273989 88.1
      vertex 84.19313699007034 66.42924048751593 88.1
    endloop
  endfacet
  facet normal 0 0 -1
    outer loop
      vertex 68.689996547997 -72.45308290421963 88.1
      vertex 83.6577412262559 66.52624090760946 88.1
      vertex 83.96789091825485 66.47711802273989 88.1
    endloop
  endfacet
  facet normal 0 0 -1
    outer loop
      vertex 68.689996547997 -72.45308290421963 88.1
      vertex 84.19313699007034 66.42924048751593 88.1
      vertex 84.49645290523767 66.34796722978354 88.1
    endloop
  endfacet
  facet normal 0 0 -1
    outer loop
      vertex 68.689996547997 -72.45308290421963 88.1
      vertex 84.49645290523767 66.34796722978354 88.1
      vertex 84.71546047925949 66.2768073529005 88.1
    endloop
  endfacet
  facet normal 0 0 -1
    outer loop
      vertex 68.689996547997 -72.45308290421963 88.1
      vertex 85.49877908825874 65.9280514344573 88.1
      vertex 85.69820586591959 65.81291233748198 88.1
    endloop
  endfacet
  facet normal 0 0 -1
    outer loop
      vertex 68.689996547997 -72.45308290421963 88.1
      vertex 85.69820586591959 65.81291233748198 88.1
      vertex 85.96156164258718 65.6418870985508 88.1
    endloop
  endfacet
  facet normal 0 0 -1
    outer loop
      vertex 68.689996547997 -72.45308290421963 88.1
      vertex 84.71546047925949 66.2768073529005 88.1
      vertex 85.00861942023039 66.16427417844534 88.1
    endloop
  endfacet
  facet normal 0 0 -1
    outer loop
      vertex 68.689996547997 -72.45308290421963 88.1
      vertex 85.00861942023039 66.16427417844534 88.1
      vertex 85.21898901462555 66.07061159610748 88.1
    endloop
  endfacet
  facet normal 0 0 -1
    outer loop
      vertex 68.689996547997 -72.45308290421963 88.1
      vertex 85.21898901462555 66.07061159610748 88.1
      vertex 85.49877908825874 65.9280514344573 88.1
    endloop
  endfacet
  facet normal 0 0 -1
    outer loop
      vertex 68.689996547997 -72.45308290421963 88.1
      vertex 86.14786062389612 65.5065329670906 88.1
      vertex 86.39189668744802 65.3089164569974 88.1
    endloop
  endfacet
  facet normal 0 0 -1
    outer loop
      vertex 68.689996547997 -72.45308290421963 88.1
      vertex 85.96156164258718 65.6418870985508 88.1
      vertex 86.14786062389612 65.5065329670906 88.1
    endloop
  endfacet
  facet normal 0 0 -1
    outer loop
      vertex 68.689996547997 -72.45308290421963 88.1
      vertex 86.56302673369646 65.15483026206493 88.1
      vertex 86.7850693911314 64.93278760463 88.1
    endloop
  endfacet
  facet normal 0 0 -1
    outer loop
      vertex 68.689996547997 -72.45308290421963 88.1
      vertex 86.39189668744802 65.3089164569974 88.1
      vertex 86.56302673369646 65.15483026206493 88.1
    endloop
  endfacet
  facet normal 0 0 -1
    outer loop
      vertex 68.689996547997 -72.45308290421963 88.1
      vertex 88.19698497653008 61.48489996045828 88.1
      vertex 88.20000000298023 61.36976087093353 88.1
    endloop
  endfacet
  facet normal 0 0 -1
    outer loop
      vertex 68.689996547997 -72.45308290421963 88.1
      vertex 88.18055066466331 61.79848535358906 88.1
      vertex 88.19698497653008 61.48489996045828 88.1
    endloop
  endfacet
  facet normal 0 0 -1
    outer loop
      vertex 68.689996547997 -72.45308290421963 88.1
      vertex 88.15648003667593 62.027502097189426 88.1
      vertex 88.18055066466331 61.79848535358906 88.1
    endloop
  endfacet
  facet normal 0 0 -1
    outer loop
      vertex 68.689996547997 -72.45308290421963 88.1
      vertex 88.10735715180635 62.337651774287224 88.1
      vertex 88.15648003667593 62.027502097189426 88.1
    endloop
  endfacet
  facet normal 0 0 -1
    outer loop
      vertex 68.689996547997 -72.45308290421963 88.1
      vertex 88.0594796165824 62.562897861003876 88.1
      vertex 88.10735715180635 62.337651774287224 88.1
    endloop
  endfacet
  facet normal 0 0 -1
    outer loop
      vertex 68.689996547997 -72.45308290421963 88.1
      vertex 87.97820635885 62.86621377617121 88.1
      vertex 88.0594796165824 62.562897861003876 88.1
    endloop
  endfacet
  facet normal 1 0 0
    outer loop
      vertex 90 -81.5 90
      vertex 90 81.5 85
      vertex 90 81.5 90
    endloop
  endfacet
  facet normal 0 0 1
    outer loop
      vertex 75.49696234556292 -67.79644221800926 90
      vertex 75.49696234556292 67.79644221800926 90
      vertex 74.70543319108602 68.10028179309494 90
    endloop
  endfacet
  facet normal 0 0 1
    outer loop
      vertex 76.31591530437615 -67.57700443405618 90
      vertex 76.31591530437615 67.57700443405618 90
      vertex 75.49696234556292 67.79644221800926 90
    endloop
  endfacet
  facet normal 0 0 1
    outer loop
      vertex 77.15331944753201 -67.44437264751699 90
      vertex 77.15331944753201 67.44437264751699 90
      vertex 76.31591530437615 67.57700443405618 90
    endloop
  endfacet
  facet normal 0 0 1
    outer loop
      vertex 78 -67.4 90
      vertex 78 67.4 90
      vertex 77.15331944753201 67.44437264751699 90
    endloop
  endfacet
  facet normal 0 0 1
    outer loop
      vertex 78.84668055246799 -67.44437264751699 90
      vertex 78.84668055246799 67.44437264751699 90
      vertex 78 67.4 90
    endloop
  endfacet
  facet normal 0 0 1
    outer loop
      vertex 79.68408469562385 -67.57700443405618 90
      vertex 79.68408469562385 67.57700443405618 90
      vertex 78.84668055246799 67.44437264751699 90
    endloop
  endfacet
  facet normal 0 0 1
    outer loop
      vertex 80.50303765443708 -67.79644221800926 90
      vertex 80.50303765443708 67.79644221800926 90
      vertex 79.68408469562385 67.57700443405618 90
    endloop
  endfacet
  facet normal 0 0 1
    outer loop
      vertex 81.29456680891398 -68.10028179309494 90
      vertex 81.29456680891398 68.10028179309494 90
      vertex 80.50303765443708 67.79644221800926 90
    endloop
  endfacet
  facet normal 0 0 1
    outer loop
      vertex 82.05 -68.48519422934605 90
      vertex 82.05 68.48519422934605 90
      vertex 81.29456680891398 68.10028179309494 90
    endloop
  endfacet
  facet normal 0 0 1
    outer loop
      vertex 82.76106054356903 -68.94696234556292 90
      vertex 82.76106054356903 68.94696234556292 90
      vertex 82.05 68.48519422934605 90
    endloop
  endfacet
  facet normal 0 0 1
    outer loop
      vertex 83.41995791150676 -69.48052691363311 90
      vertex 83.41995791150676 69.48052691363311 90
      vertex 82.76106054356903 68.94696234556292 90
    endloop
  endfacet
  facet normal 0 0 1
    outer loop
      vertex 84.01947308636689 -70.08004208849324 90
      vertex 84.01947308636689 70.08004208849324 90
      vertex 83.41995791150676 69.48052691363311 90
    endloop
  endfacet
  facet normal 0 0 1
    outer loop
      vertex 84.55303765443708 -70.73893945643097 90
      vertex 84.55303765443708 70.73893945643097 90
      vertex 84.01947308636689 70.08004208849324 90
    endloop
  endfacet
  facet normal 0 0 1
    outer loop
      vertex 84.55303765443708 -70.73893945643097 90
      vertex 85.01480577065395 71.45 90
      vertex 84.55303765443708 70.73893945643097 90
    endloop
  endfacet
  facet normal 0 0 1
    outer loop
      vertex 84.55303765443708 -70.73893945643097 90
      vertex 85.39971820690506 72.20543319108602 90
      vertex 85.01480577065395 71.45 90
    endloop
  endfacet
  facet normal 0 0 1
    outer loop
      vertex 84.55303765443708 -70.73893945643097 90
      vertex 85.70355778199074 72.99696234556292 90
      vertex 85.39971820690506 72.20543319108602 90
    endloop
  endfacet
  facet normal 0 0 1
    outer loop
      vertex 84.55303765443708 -70.73893945643097 90
      vertex 85.92299556594382 73.81591530437615 90
      vertex 85.70355778199074 72.99696234556292 90
    endloop
  endfacet
  facet normal 0 0 1
    outer loop
      vertex 84.55303765443708 -70.73893945643097 90
      vertex 86.05562735248301 74.65331944753201 90
      vertex 85.92299556594382 73.81591530437615 90
    endloop
  endfacet
  facet normal 0 0 1
    outer loop
      vertex 84.55303765443708 -70.73893945643097 90
      vertex 86.1 75.5 90
      vertex 86.05562735248301 74.65331944753201 90
    endloop
  endfacet
  facet normal 0 0 1
    outer loop
      vertex 90 81.5 90
      vertex 86.1 75.5 90
      vertex 84.55303765443708 -70.73893945643097 90
    endloop
  endfacet
  facet normal 0 0 -1
    outer loop
      vertex 64.25673136115074 85.68383677303791 88.1
      vertex 68.85986269265413 79.04370549321175 88.1
      vertex 68.76282649487257 78.7450587823987 88.1
    endloop
  endfacet
  facet normal 0 0 -1
    outer loop
      vertex 64.25673136115074 85.68383677303791 88.1
      vertex 68.91946307569742 79.26613716036081 88.1
      vertex 68.85986269265413 79.04370549321175 88.1
    endloop
  endfacet
  facet normal 0 0 -1
    outer loop
      vertex 64.25673136115074 85.68383677303791 88.1
      vertex 68.9847506210208 79.57329094409943 88.1
      vertex 68.91946307569742 79.26613716036081 88.1
    endloop
  endfacet
  facet normal 0 0 -1
    outer loop
      vertex 64.25673136115074 85.68383677303791 88.1
      vertex 69.02077405899763 79.8007339835167 88.1
      vertex 68.9847506210208 79.57329094409943 88.1
    endloop
  endfacet
  facet normal 0 0 -1
    outer loop
      vertex 64.25673136115074 85.68383677303791 88.1
      vertex 69.05359764397144 80.11302950978279 88.1
      vertex 69.02077405899763 79.8007339835167 88.1
    endloop
  endfacet
  facet normal 0 0 -1
    outer loop
      vertex 63.86976087093353 85.70000000298023 88.1
      vertex 63.927350141108036 85.69924611598253 88.1
      vertex 68.76282649487257 78.7450587823987 88.1
    endloop
  endfacet
  facet normal 0 0 -1
    outer loop
      vertex 63.927350141108036 85.69924611598253 88.1
      vertex 64.08435799181461 85.69513472169638 88.1
      vertex 68.76282649487257 78.7450587823987 88.1
    endloop
  endfacet
  facet normal 0 0 -1
    outer loop
      vertex 64.08435799181461 85.69513472169638 88.1
      vertex 64.25673136115074 85.68383677303791 88.1
      vertex 68.76282649487257 78.7450587823987 88.1
    endloop
  endfacet
  facet normal 0 0 -1
    outer loop
      vertex 64.25673136115074 85.68383677303791 88.1
      vertex 64.56902688741684 85.6510131880641 88.1
      vertex 68.98475060611963 81.42670915275812 88.1
    endloop
  endfacet
  facet normal 0 0 -1
    outer loop
      vertex 64.25673136115074 85.68383677303791 88.1
      vertex 69.06564947962761 80.34299213439226 88.1
      vertex 69.05359764397144 80.11302950978279 88.1
    endloop
  endfacet
  facet normal 0 0 -1
    outer loop
      vertex 64.25673136115074 85.68383677303791 88.1
      vertex 69.06564947962761 80.65700788795948 88.1
      vertex 69.06564947962761 80.34299213439226 88.1
    endloop
  endfacet
  facet normal 0 0 -1
    outer loop
      vertex 64.25673136115074 85.68383677303791 88.1
      vertex 69.05359764397144 80.88697052747011 88.1
      vertex 69.06564947962761 80.65700788795948 88.1
    endloop
  endfacet
  facet normal 0 0 -1
    outer loop
      vertex 64.25673136115074 85.68383677303791 88.1
      vertex 69.02077405899763 81.19926605373621 88.1
      vertex 69.05359764397144 80.88697052747011 88.1
    endloop
  endfacet
  facet normal 0 0 -1
    outer loop
      vertex 64.25673136115074 85.68383677303791 88.1
      vertex 68.98475060611963 81.42670915275812 88.1
      vertex 69.02077405899763 81.19926605373621 88.1
    endloop
  endfacet
  facet normal 0 0 -1
    outer loop
      vertex 64.56902688741684 85.6510131880641 88.1
      vertex 64.7964699268341 85.61498975008726 88.1
      vertex 68.98475060611963 81.42670915275812 88.1
    endloop
  endfacet
  facet normal 0 0 -1
    outer loop
      vertex 64.7964699268341 85.61498975008726 88.1
      vertex 65.10362371057272 85.54970220476389 88.1
      vertex 68.98475060611963 81.42670915275812 88.1
    endloop
  endfacet
  facet normal 0 0 -1
    outer loop
      vertex 65.10362371057272 85.54970220476389 88.1
      vertex 65.32605537772179 85.4901018217206 88.1
      vertex 68.98475060611963 81.42670915275812 88.1
    endloop
  endfacet
  facet normal 0 0 -1
    outer loop
      vertex 65.32605537772179 85.4901018217206 88.1
      vertex 65.62470208853483 85.39306562393904 88.1
      vertex 68.98475060611963 81.42670915275812 88.1
    endloop
  endfacet
  facet normal 0 0 -1
    outer loop
      vertex 65.62470208853483 85.39306562393904 88.1
      vertex 65.8396853134036 85.31054129451513 88.1
      vertex 68.98475060611963 81.42670915275812 88.1
    endloop
  endfacet
  facet normal 0 0 -1
    outer loop
      vertex 66.12655296176672 85.1828195899725 88.1
      vertex 66.33173232525587 85.0782754868269 88.1
      vertex 68.98475060611963 81.42670915275812 88.1
    endloop
  endfacet
  facet normal 0 0 -1
    outer loop
      vertex 65.8396853134036 85.31054129451513 88.1
      vertex 66.12655296176672 85.1828195899725 88.1
      vertex 68.98475060611963 81.42670915275812 88.1
    endloop
  endfacet
  facet normal 0 0 -1
    outer loop
      vertex 66.6036779358983 84.92126762121916 88.1
      vertex 66.79680552333593 84.79584909975529 88.1
      vertex 68.98475060611963 81.42670915275812 88.1
    endloop
  endfacet
  facet normal 0 0 -1
    outer loop
      vertex 66.6036779358983 84.92126762121916 88.1
      vertex 68.98475060611963 81.42670915275812 88.1
      vertex 66.33173232525587 85.0782754868269 88.1
    endloop
  endfacet
  facet normal 0 0 1
    outer loop
      vertex 70.07700443405618 73.81591530437615 87.8
      vertex 70.29644221800926 72.99696234556292 87.8
      vertex 70.29644221800926 78.00303765443708 87.8
    endloop
  endfacet
  facet normal 0 0 1
    outer loop
      vertex 69.94437264751699 74.65331944753201 87.8
      vertex 69.94437264751699 76.34668055246799 87.8
      vertex 69.9 75.5 87.8
    endloop
  endfacet
  facet normal 0 0 1
    outer loop
      vertex 70.07700443405618 73.81591530437615 87.8
      vertex 70.07700443405618 77.18408469562385 87.8
      vertex 69.94437264751699 74.65331944753201 87.8
    endloop
  endfacet
  facet normal 0 0 1
    outer loop
      vertex 69.94437264751699 74.65331944753201 87.8
      vertex 70.07700443405618 77.18408469562385 87.8
      vertex 69.94437264751699 76.34668055246799 87.8
    endloop
  endfacet
  facet normal 0 0 1
    outer loop
      vertex 70.07700443405618 73.81591530437615 87.8
      vertex 70.29644221800926 78.00303765443708 87.8
      vertex 70.07700443405618 77.18408469562385 87.8
    endloop
  endfacet
  facet normal 0 0 1
    outer loop
      vertex 72.58004208849324 69.48052691363311 87.8
      vertex 72.58004208849324 81.51947308636689 87.8
      vertex 71.98052691363311 70.08004208849324 87.8
    endloop
  endfacet
  facet normal 0 0 1
    outer loop
      vertex 72.58004208849324 69.48052691363311 87.8
      vertex 73.23893945643097 68.94696234556292 87.8
      vertex 73.23893945643097 82.05303765443708 87.8
    endloop
  endfacet
  facet normal 0 0 1
    outer loop
      vertex 70.60028179309494 72.20543319108602 87.8
      vertex 70.98519422934605 71.45 87.8
      vertex 70.98519422934605 79.55 87.8
    endloop
  endfacet
  facet normal 0 0 1
    outer loop
      vertex 70.60028179309494 72.20543319108602 87.8
      vertex 70.60028179309494 78.79456680891398 87.8
      vertex 70.29644221800926 72.99696234556292 87.8
    endloop
  endfacet
  facet normal 0 0 1
    outer loop
      vertex 71.44696234556292 70.73893945643097 87.8
      vertex 71.44696234556292 80.26106054356903 87.8
      vertex 70.98519422934605 71.45 87.8
    endloop
  endfacet
  facet normal 0 0 1
    outer loop
      vertex 71.44696234556292 70.73893945643097 87.8
      vertex 71.98052691363311 70.08004208849324 87.8
      vertex 71.98052691363311 80.91995791150676 87.8
    endloop
  endfacet
  facet normal 0 0 1
    outer loop
      vertex 73.23893945643097 68.94696234556292 87.8
      vertex 73.95 68.48519422934605 87.8
      vertex 73.84287269688133 74.61637531402452 87.8
    endloop
  endfacet
  facet normal 0 0 1
    outer loop
      vertex 73.95 68.48519422934605 87.8
      vertex 74.70543319108602 68.10028179309494 87.8
      vertex 74.56167777390647 73.00191267775699 87.8
    endloop
  endfacet
  facet normal 0 0 1
    outer loop
      vertex 74.70543319108602 68.10028179309494 87.8
      vertex 75.49696234556292 67.79644221800926 87.8
      vertex 75.15619492297485 72.34163449172108 87.8
    endloop
  endfacet
  facet normal 0 0 1
    outer loop
      vertex 74.70543319108602 68.10028179309494 87.8
      vertex 75.15619492297485 72.34163449172108 87.8
      vertex 74.84163449172108 72.65619492297485 87.8
    endloop
  endfacet
  facet normal 0 0 1
    outer loop
      vertex 75.49696234556292 67.79644221800926 87.8
      vertex 75.50191267775699 72.06167777390647 87.8
      vertex 75.15619492297485 72.34163449172108 87.8
    endloop
  endfacet
  facet normal 0 0 1
    outer loop
      vertex 75.49696234556292 67.79644221800926 87.8
      vertex 75.875 71.81939203391613 87.8
      vertex 75.50191267775699 72.06167777390647 87.8
    endloop
  endfacet
  facet normal 0 0 1
    outer loop
      vertex 75.49696234556292 67.79644221800926 87.8
      vertex 76.27136926692785 71.61743180501895 87.8
      vertex 75.875 71.81939203391613 87.8
    endloop
  endfacet
  facet normal 0 0 1
    outer loop
      vertex 75.49696234556292 67.79644221800926 87.8
      vertex 76.31591530437615 67.57700443405618 87.8
      vertex 76.27136926692785 71.61743180501895 87.8
    endloop
  endfacet
  facet normal 0 0 1
    outer loop
      vertex 76.31591530437615 67.57700443405618 87.8
      vertex 77.15331944753201 67.44437264751699 87.8
      vertex 77.11637531402452 71.34287269688133 87.8
    endloop
  endfacet
  facet normal 0 0 1
    outer loop
      vertex 76.31591530437615 67.57700443405618 87.8
      vertex 76.68667777390647 71.4580098057456 87.8
      vertex 76.27136926692785 71.61743180501895 87.8
    endloop
  endfacet
  facet normal 0 0 1
    outer loop
      vertex 76.31591530437615 67.57700443405618 87.8
      vertex 77.11637531402452 71.34287269688133 87.8
      vertex 76.68667777390647 71.4580098057456 87.8
    endloop
  endfacet
  facet normal 0 0 1
    outer loop
      vertex 77.15331944753201 67.44437264751699 87.8
      vertex 77.55575403111247 71.27328194468484 87.8
      vertex 77.11637531402452 71.34287269688133 87.8
    endloop
  endfacet
  facet normal 0 0 1
    outer loop
      vertex 77.15331944753201 67.44437264751699 87.8
      vertex 78 67.4 87.8
      vertex 78 71.25 87.8
    endloop
  endfacet
  facet normal 0 0 1
    outer loop
      vertex 78 67.4 87.8
      vertex 78.84668055246799 67.44437264751699 87.8
      vertex 78 71.25 87.8
    endloop
  endfacet
  facet normal 0 0 1
    outer loop
      vertex 77.15331944753201 67.44437264751699 87.8
      vertex 78 71.25 87.8
      vertex 77.55575403111247 71.27328194468484 87.8
    endloop
  endfacet
  facet normal 0 0 1
    outer loop
      vertex 78.84668055246799 67.44437264751699 87.8
      vertex 78.44424596888753 71.27328194468484 87.8
      vertex 78 71.25 87.8
    endloop
  endfacet
  facet normal 0 0 1
    outer loop
      vertex 78.84668055246799 67.44437264751699 87.8
      vertex 78.88362468597548 71.34287269688133 87.8
      vertex 78.44424596888753 71.27328194468484 87.8
    endloop
  endfacet
  facet normal 0 0 1
    outer loop
      vertex 73.95 68.48519422934605 87.8
      vertex 74.56167777390647 73.00191267775699 87.8
      vertex 74.31939203391613 73.375 87.8
    endloop
  endfacet
  facet normal 0 0 1
    outer loop
      vertex 73.95 68.48519422934605 87.8
      vertex 74.31939203391613 73.375 87.8
      vertex 74.11743180501895 73.77136926692785 87.8
    endloop
  endfacet
  facet normal 0 0 1
    outer loop
      vertex 73.95 68.48519422934605 87.8
      vertex 73.9580098057456 74.18667777390647 87.8
      vertex 73.84287269688133 74.61637531402452 87.8
    endloop
  endfacet
  facet normal 0 0 1
    outer loop
      vertex 73.95 68.48519422934605 87.8
      vertex 74.11743180501895 73.77136926692785 87.8
      vertex 73.9580098057456 74.18667777390647 87.8
    endloop
  endfacet
  facet normal 0 0 1
    outer loop
      vertex 73.23893945643097 68.94696234556292 87.8
      vertex 73.84287269688133 74.61637531402452 87.8
      vertex 73.77328194468484 75.05575403111247 87.8
    endloop
  endfacet
  facet normal 0 0 1
    outer loop
      vertex 73.23893945643097 68.94696234556292 87.8
      vertex 73.77328194468484 75.05575403111247 87.8
      vertex 73.75 75.5 87.8
    endloop
  endfacet
  facet normal 0 0 1
    outer loop
      vertex 73.23893945643097 68.94696234556292 87.8
      vertex 73.75 75.5 87.8
      vertex 73.77328194468484 75.94424596888753 87.8
    endloop
  endfacet
  facet normal 0 0 1
    outer loop
      vertex 74.70543319108602 68.10028179309494 87.8
      vertex 74.84163449172108 72.65619492297485 87.8
      vertex 74.56167777390647 73.00191267775699 87.8
    endloop
  endfacet
  facet normal 0 0 1
    outer loop
      vertex 73.23893945643097 68.94696234556292 87.8
      vertex 73.77328194468484 75.94424596888753 87.8
      vertex 73.95 82.51480577065395 87.8
    endloop
  endfacet
  facet normal 0 0 1
    outer loop
      vertex 70.29644221800926 72.99696234556292 87.8
      vertex 70.60028179309494 78.79456680891398 87.8
      vertex 70.29644221800926 78.00303765443708 87.8
    endloop
  endfacet
  facet normal 0 0 1
    outer loop
      vertex 70.60028179309494 72.20543319108602 87.8
      vertex 70.98519422934605 79.55 87.8
      vertex 70.60028179309494 78.79456680891398 87.8
    endloop
  endfacet
  facet normal 0 0 1
    outer loop
      vertex 70.98519422934605 71.45 87.8
      vertex 71.44696234556292 80.26106054356903 87.8
      vertex 70.98519422934605 79.55 87.8
    endloop
  endfacet
  facet normal 0 0 1
    outer loop
      vertex 71.44696234556292 70.73893945643097 87.8
      vertex 71.98052691363311 80.91995791150676 87.8
      vertex 71.44696234556292 80.26106054356903 87.8
    endloop
  endfacet
  facet normal 0 0 1
    outer loop
      vertex 71.98052691363311 70.08004208849324 87.8
      vertex 72.58004208849324 81.51947308636689 87.8
      vertex 71.98052691363311 80.91995791150676 87.8
    endloop
  endfacet
  facet normal 0 0 1
    outer loop
      vertex 72.58004208849324 69.48052691363311 87.8
      vertex 73.23893945643097 82.05303765443708 87.8
      vertex 72.58004208849324 81.51947308636689 87.8
    endloop
  endfacet
  facet normal 0 0 1
    outer loop
      vertex 73.23893945643097 68.94696234556292 87.8
      vertex 73.95 82.51480577065395 87.8
      vertex 73.23893945643097 82.05303765443708 87.8
    endloop
  endfacet
  facet normal 0 0 1
    outer loop
      vertex 73.77328194468484 75.94424596888753 87.8
      vertex 73.84287269688133 76.38362468597548 87.8
      vertex 73.95 82.51480577065395 87.8
    endloop
  endfacet
  facet normal 0 0 1
    outer loop
      vertex 73.84287269688133 76.38362468597548 87.8
      vertex 73.9580098057456 76.81332222609353 87.8
      vertex 73.95 82.51480577065395 87.8
    endloop
  endfacet
  facet normal 0 0 1
    outer loop
      vertex 73.9580098057456 76.81332222609353 87.8
      vertex 74.11743180501895 77.22863073307215 87.8
      vertex 73.95 82.51480577065395 87.8
    endloop
  endfacet
  facet normal 0 0 1
    outer loop
      vertex 74.11743180501895 77.22863073307215 87.8
      vertex 74.31939203391613 77.625 87.8
      vertex 73.95 82.51480577065395 87.8
    endloop
  endfacet
  facet normal 0 0 1
    outer loop
      vertex 74.31939203391613 77.625 87.8
      vertex 74.56167777390647 77.99808732224301 87.8
      vertex 73.95 82.51480577065395 87.8
    endloop
  endfacet
  facet normal 0 0 1
    outer loop
      vertex 74.56167777390647 77.99808732224301 87.8
      vertex 74.70543319108602 82.89971820690506 87.8
      vertex 73.95 82.51480577065395 87.8
    endloop
  endfacet
  facet normal 0 0 1
    outer loop
      vertex 74.56167777390647 77.99808732224301 87.8
      vertex 74.84163449172108 78.34380507702515 87.8
      vertex 74.70543319108602 82.89971820690506 87.8
    endloop
  endfacet
  facet normal 0 0 1
    outer loop
      vertex 74.84163449172108 78.34380507702515 87.8
      vertex 75.15619492297485 78.65836550827892 87.8
      vertex 74.70543319108602 82.89971820690506 87.8
    endloop
  endfacet
  facet normal 0 0 1
    outer loop
      vertex 75.15619492297485 78.65836550827892 87.8
      vertex 75.50191267775699 78.93832222609353 87.8
      vertex 74.70543319108602 82.89971820690506 87.8
    endloop
  endfacet
  facet normal 0 0 1
    outer loop
      vertex 75.50191267775699 78.93832222609353 87.8
      vertex 75.875 79.18060796608387 87.8
      vertex 75.49696234556292 83.20355778199074 87.8
    endloop
  endfacet
  facet normal 0 0 1
    outer loop
      vertex 75.875 79.18060796608387 87.8
      vertex 76.27136926692785 79.38256819498105 87.8
      vertex 75.49696234556292 83.20355778199074 87.8
    endloop
  endfacet
  facet normal 0 0 1
    outer loop
      vertex 75.50191267775699 78.93832222609353 87.8
      vertex 75.49696234556292 83.20355778199074 87.8
      vertex 74.70543319108602 82.89971820690506 87.8
    endloop
  endfacet
  facet normal 0 0 1
    outer loop
      vertex 76.27136926692785 79.38256819498105 87.8
      vertex 76.68667777390647 79.5419901942544 87.8
      vertex 76.31591530437615 83.42299556594382 87.8
    endloop
  endfacet
  facet normal 0 0 1
    outer loop
      vertex 76.27136926692785 79.38256819498105 87.8
      vertex 76.31591530437615 83.42299556594382 87.8
      vertex 75.49696234556292 83.20355778199074 87.8
    endloop
  endfacet
  facet normal 0 0 1
    outer loop
      vertex 76.68667777390647 79.5419901942544 87.8
      vertex 77.11637531402452 79.65712730311867 87.8
      vertex 76.31591530437615 83.42299556594382 87.8
    endloop
  endfacet
  facet normal 0 0 1
    outer loop
      vertex 77.11637531402452 79.65712730311867 87.8
      vertex 77.55575403111247 79.72671805531516 87.8
      vertex 77.15331944753201 83.55562735248301 87.8
    endloop
  endfacet
  facet normal 0 0 1
    outer loop
      vertex 77.15331944753201 83.55562735248301 87.8
      vertex 77.55575403111247 79.72671805531516 87.8
      vertex 78 79.75 87.8
    endloop
  endfacet
  facet normal 0 0 1
    outer loop
      vertex 78.44424596888753 79.72671805531516 87.8
      vertex 78.88362468597548 79.65712730311867 87.8
      vertex 78.84668055246799 83.55562735248301 87.8
    endloop
  endfacet
  facet normal 0 0 1
    outer loop
      vertex 78 79.75 87.8
      vertex 78.44424596888753 79.72671805531516 87.8
      vertex 78.84668055246799 83.55562735248301 87.8
    endloop
  endfacet
  facet normal 0 0 1
    outer loop
      vertex 77.11637531402452 79.65712730311867 87.8
      vertex 77.15331944753201 83.55562735248301 87.8
      vertex 76.31591530437615 83.42299556594382 87.8
    endloop
  endfacet
  facet normal 0 0 1
    outer loop
      vertex 77.15331944753201 83.55562735248301 87.8
      vertex 78 79.75 87.8
      vertex 78 83.6 87.8
    endloop
  endfacet
  facet normal 0 0 1
    outer loop
      vertex 78 79.75 87.8
      vertex 78.84668055246799 83.55562735248301 87.8
      vertex 78 83.6 87.8
    endloop
  endfacet
  facet normal 0 0 -1
    outer loop
      vertex 68.76282646507025 82.2549412921071 88.1
      vertex 68.91946306079626 81.73386289179325 88.1
      vertex 68.98475060611963 81.42670915275812 88.1
    endloop
  endfacet
  facet normal 0 0 -1
    outer loop
      vertex 68.85986267775297 81.95629455894232 88.1
      vertex 68.91946306079626 81.73386289179325 88.1
      vertex 68.76282646507025 82.2549412921071 88.1
    endloop
  endfacet
  facet normal 0 0 -1
    outer loop
      vertex 67.463168554008 84.25623895227909 88.1
      vertex 67.62599980086088 84.09340770542622 88.1
      vertex 68.98475060611963 81.42670915275812 88.1
    endloop
  endfacet
  facet normal 0 0 -1
    outer loop
      vertex 67.463168554008 84.25623895227909 88.1
      vertex 68.98475060611963 81.42670915275812 88.1
      vertex 67.22980938851833 84.46635649353266 88.1
    endloop
  endfacet
  facet normal 0 0 -1
    outer loop
      vertex 67.83611735701561 83.86004852503538 88.1
      vertex 68.98475060611963 81.42670915275812 88.1
      vertex 67.62599980086088 84.09340770542622 88.1
    endloop
  endfacet
  facet normal 0 0 -1
    outer loop
      vertex 68.16560994833708 83.42704467475414 88.1
      vertex 68.29102843254805 83.23391714692116 88.1
      vertex 68.98475060611963 81.42670915275812 88.1
    endloop
  endfacet
  facet normal 0 0 -1
    outer loop
      vertex 68.76282646507025 82.2549412921071 88.1
      vertex 68.98475060611963 81.42670915275812 88.1
      vertex 68.6803021505475 82.4699244722724 88.1
    endloop
  endfacet
  facet normal 0 0 -1
    outer loop
      vertex 68.55258044600487 82.75679212063551 88.1
      vertex 68.6803021505475 82.4699244722724 88.1
      vertex 68.98475060611963 81.42670915275812 88.1
    endloop
  endfacet
  facet normal 0 0 -1
    outer loop
      vertex 68.55258044600487 82.75679212063551 88.1
      vertex 68.98475060611963 81.42670915275812 88.1
      vertex 68.4480363279581 82.9619715064764 88.1
    endloop
  endfacet
  facet normal 0 0 -1
    outer loop
      vertex 68.4480363279581 82.9619715064764 88.1
      vertex 68.98475060611963 81.42670915275812 88.1
      vertex 68.29102843254805 83.23391714692116 88.1
    endloop
  endfacet
  facet normal 0 0 -1
    outer loop
      vertex 67.98103612661362 83.68108874559402 88.1
      vertex 68.16560994833708 83.42704467475414 88.1
      vertex 68.98475060611963 81.42670915275812 88.1
    endloop
  endfacet
  facet normal 0 0 -1
    outer loop
      vertex 67.98103612661362 83.68108874559402 88.1
      vertex 68.98475060611963 81.42670915275812 88.1
      vertex 67.83611735701561 83.86004852503538 88.1
    endloop
  endfacet
  facet normal 0 0 -1
    outer loop
      vertex 66.79680552333593 84.79584909975529 88.1
      vertex 67.05084959417582 84.61127527803183 88.1
      vertex 68.98475060611963 81.42670915275812 88.1
    endloop
  endfacet
  facet normal 0 0 -1
    outer loop
      vertex 67.05084959417582 84.61127527803183 88.1
      vertex 67.22980938851833 84.46635649353266 88.1
      vertex 68.98475060611963 81.42670915275812 88.1
    endloop
  endfacet
  facet normal 0 0 1
    outer loop
      vertex 78.84668055246799 67.44437264751699 87.8
      vertex 79.68408469562385 67.57700443405618 87.8
      vertex 78.88362468597548 71.34287269688133 87.8
    endloop
  endfacet
  facet normal 0 0 1
    outer loop
      vertex 79.68408469562385 67.57700443405618 87.8
      vertex 80.50303765443708 67.79644221800926 87.8
      vertex 79.72863073307215 71.61743180501895 87.8
    endloop
  endfacet
  facet normal 0 0 1
    outer loop
      vertex 79.68408469562385 67.57700443405618 87.8
      vertex 79.31332222609353 71.4580098057456 87.8
      vertex 78.88362468597548 71.34287269688133 87.8
    endloop
  endfacet
  facet normal 0 0 1
    outer loop
      vertex 79.68408469562385 67.57700443405618 87.8
      vertex 79.72863073307215 71.61743180501895 87.8
      vertex 79.31332222609353 71.4580098057456 87.8
    endloop
  endfacet
  facet normal 0 0 1
    outer loop
      vertex 80.50303765443708 67.79644221800926 87.8
      vertex 80.125 71.81939203391613 87.8
      vertex 79.72863073307215 71.61743180501895 87.8
    endloop
  endfacet
  facet normal 0 0 1
    outer loop
      vertex 80.50303765443708 67.79644221800926 87.8
      vertex 81.29456680891398 68.10028179309494 87.8
      vertex 80.49808732224301 72.06167777390647 87.8
    endloop
  endfacet
  facet normal 0 0 1
    outer loop
      vertex 80.50303765443708 67.79644221800926 87.8
      vertex 80.49808732224301 72.06167777390647 87.8
      vertex 80.125 71.81939203391613 87.8
    endloop
  endfacet
  facet normal 0 0 1
    outer loop
      vertex 81.29456680891398 68.10028179309494 87.8
      vertex 80.84380507702515 72.34163449172108 87.8
      vertex 80.49808732224301 72.06167777390647 87.8
    endloop
  endfacet
  facet normal 0 0 1
    outer loop
      vertex 81.29456680891398 68.10028179309494 87.8
      vertex 81.15836550827892 72.65619492297485 87.8
      vertex 80.84380507702515 72.34163449172108 87.8
    endloop
  endfacet
  facet normal 0 0 1
    outer loop
      vertex 81.29456680891398 68.10028179309494 87.8
      vertex 82.05 68.48519422934605 87.8
      vertex 81.43832222609353 73.00191267775699 87.8
    endloop
  endfacet
  facet normal 0 0 1
    outer loop
      vertex 81.29456680891398 68.10028179309494 87.8
      vertex 81.43832222609353 73.00191267775699 87.8
      vertex 81.15836550827892 72.65619492297485 87.8
    endloop
  endfacet
  facet normal 0 0 1
    outer loop
      vertex 82.05 68.48519422934605 87.8
      vertex 81.68060796608387 73.375 87.8
      vertex 81.43832222609353 73.00191267775699 87.8
    endloop
  endfacet
  facet normal 0 0 1
    outer loop
      vertex 82.05 68.48519422934605 87.8
      vertex 81.88256819498105 73.77136926692785 87.8
      vertex 81.68060796608387 73.375 87.8
    endloop
  endfacet
  facet normal 0 0 1
    outer loop
      vertex 82.05 68.48519422934605 87.8
      vertex 82.0419901942544 74.18667777390647 87.8
      vertex 81.88256819498105 73.77136926692785 87.8
    endloop
  endfacet
  facet normal 0 0 1
    outer loop
      vertex 82.05 68.48519422934605 87.8
      vertex 82.15712730311867 74.61637531402452 87.8
      vertex 82.0419901942544 74.18667777390647 87.8
    endloop
  endfacet
  facet normal 0 0 1
    outer loop
      vertex 82.05 68.48519422934605 87.8
      vertex 82.22671805531516 75.05575403111247 87.8
      vertex 82.15712730311867 74.61637531402452 87.8
    endloop
  endfacet
  facet normal 0 0 1
    outer loop
      vertex 82.05 68.48519422934605 87.8
      vertex 82.76106054356903 68.94696234556292 87.8
      vertex 82.76106054356903 82.05303765443708 87.8
    endloop
  endfacet
  facet normal 0 0 1
    outer loop
      vertex 82.76106054356903 68.94696234556292 87.8
      vertex 83.41995791150676 69.48052691363311 87.8
      vertex 83.41995791150676 81.51947308636689 87.8
    endloop
  endfacet
  facet normal 0 0 1
    outer loop
      vertex 83.41995791150676 69.48052691363311 87.8
      vertex 84.01947308636689 70.08004208849324 87.8
      vertex 84.01947308636689 80.91995791150676 87.8
    endloop
  endfacet
  facet normal 0 0 1
    outer loop
      vertex 82.05 68.48519422934605 87.8
      vertex 82.76106054356903 82.05303765443708 87.8
      vertex 82.22671805531516 75.05575403111247 87.8
    endloop
  endfacet
  facet normal 0 0 1
    outer loop
      vertex 84.01947308636689 70.08004208849324 87.8
      vertex 84.55303765443708 70.73893945643097 87.8
      vertex 84.55303765443708 80.26106054356903 87.8
    endloop
  endfacet
  facet normal 0 0 1
    outer loop
      vertex 84.55303765443708 70.73893945643097 87.8
      vertex 85.01480577065395 71.45 87.8
      vertex 85.01480577065395 79.55 87.8
    endloop
  endfacet
  facet normal 0 0 1
    outer loop
      vertex 85.01480577065395 71.45 87.8
      vertex 85.39971820690506 72.20543319108602 87.8
      vertex 85.39971820690506 78.79456680891398 87.8
    endloop
  endfacet
  facet normal 0 0 1
    outer loop
      vertex 85.39971820690506 72.20543319108602 87.8
      vertex 85.70355778199074 72.99696234556292 87.8
      vertex 85.70355778199074 78.00303765443708 87.8
    endloop
  endfacet
  facet normal 0 0 1
    outer loop
      vertex 85.70355778199074 72.99696234556292 87.8
      vertex 85.92299556594382 77.18408469562385 87.8
      vertex 85.70355778199074 78.00303765443708 87.8
    endloop
  endfacet
  facet normal 0 0 1
    outer loop
      vertex 85.39971820690506 72.20543319108602 87.8
      vertex 85.70355778199074 78.00303765443708 87.8
      vertex 85.39971820690506 78.79456680891398 87.8
    endloop
  endfacet
  facet normal 0 0 1
    outer loop
      vertex 85.70355778199074 72.99696234556292 87.8
      vertex 85.92299556594382 73.81591530437615 87.8
      vertex 85.92299556594382 77.18408469562385 87.8
    endloop
  endfacet
  facet normal 0 0 1
    outer loop
      vertex 85.92299556594382 73.81591530437615 87.8
      vertex 86.05562735248301 74.65331944753201 87.8
      vertex 86.05562735248301 76.34668055246799 87.8
    endloop
  endfacet
  facet normal 0 0 1
    outer loop
      vertex 86.05562735248301 74.65331944753201 87.8
      vertex 86.1 75.5 87.8
      vertex 86.05562735248301 76.34668055246799 87.8
    endloop
  endfacet
  facet normal 0 0 1
    outer loop
      vertex 85.92299556594382 73.81591530437615 87.8
      vertex 86.05562735248301 76.34668055246799 87.8
      vertex 85.92299556594382 77.18408469562385 87.8
    endloop
  endfacet
  facet normal 0 0 1
    outer loop
      vertex 79.72863073307215 79.38256819498105 87.8
      vertex 80.125 79.18060796608387 87.8
      vertex 80.50303765443708 83.20355778199074 87.8
    endloop
  endfacet
  facet normal 0 0 1
    outer loop
      vertex 78.88362468597548 79.65712730311867 87.8
      vertex 79.31332222609353 79.5419901942544 87.8
      vertex 79.68408469562385 83.42299556594382 87.8
    endloop
  endfacet
  facet normal 0 0 1
    outer loop
      vertex 79.31332222609353 79.5419901942544 87.8
      vertex 79.72863073307215 79.38256819498105 87.8
      vertex 79.68408469562385 83.42299556594382 87.8
    endloop
  endfacet
  facet normal 0 0 1
    outer loop
      vertex 79.72863073307215 79.38256819498105 87.8
      vertex 80.50303765443708 83.20355778199074 87.8
      vertex 79.68408469562385 83.42299556594382 87.8
    endloop
  endfacet
  facet normal 0 0 1
    outer loop
      vertex 80.49808732224301 78.93832222609353 87.8
      vertex 80.50303765443708 83.20355778199074 87.8
      vertex 80.125 79.18060796608387 87.8
    endloop
  endfacet
  facet normal 0 0 1
    outer loop
      vertex 80.49808732224301 78.93832222609353 87.8
      vertex 80.84380507702515 78.65836550827892 87.8
      vertex 80.50303765443708 83.20355778199074 87.8
    endloop
  endfacet
  facet normal 0 0 1
    outer loop
      vertex 80.84380507702515 78.65836550827892 87.8
      vertex 81.15836550827892 78.34380507702515 87.8
      vertex 81.29456680891398 82.89971820690506 87.8
    endloop
  endfacet
  facet normal 0 0 1
    outer loop
      vertex 81.15836550827892 78.34380507702515 87.8
      vertex 81.43832222609353 77.99808732224301 87.8
      vertex 81.29456680891398 82.89971820690506 87.8
    endloop
  endfacet
  facet normal 0 0 1
    outer loop
      vertex 80.84380507702515 78.65836550827892 87.8
      vertex 81.29456680891398 82.89971820690506 87.8
      vertex 80.50303765443708 83.20355778199074 87.8
    endloop
  endfacet
  facet normal 0 0 1
    outer loop
      vertex 82.22671805531516 75.05575403111247 87.8
      vertex 82.76106054356903 82.05303765443708 87.8
      vertex 82.25 75.5 87.8
    endloop
  endfacet
  facet normal 0 0 1
    outer loop
      vertex 82.25 75.5 87.8
      vertex 82.76106054356903 82.05303765443708 87.8
      vertex 82.22671805531516 75.94424596888753 87.8
    endloop
  endfacet
  facet normal 0 0 1
    outer loop
      vertex 82.15712730311867 76.38362468597548 87.8
      vertex 82.05 82.51480577065395 87.8
      vertex 82.0419901942544 76.81332222609353 87.8
    endloop
  endfacet
  facet normal 0 0 1
    outer loop
      vertex 81.88256819498105 77.22863073307215 87.8
      vertex 82.05 82.51480577065395 87.8
      vertex 81.68060796608387 77.625 87.8
    endloop
  endfacet
  facet normal 0 0 1
    outer loop
      vertex 81.88256819498105 77.22863073307215 87.8
      vertex 82.0419901942544 76.81332222609353 87.8
      vertex 82.05 82.51480577065395 87.8
    endloop
  endfacet
  facet normal 0 0 1
    outer loop
      vertex 82.22671805531516 75.94424596888753 87.8
      vertex 82.76106054356903 82.05303765443708 87.8
      vertex 82.15712730311867 76.38362468597548 87.8
    endloop
  endfacet
  facet normal 0 0 1
    outer loop
      vertex 82.76106054356903 68.94696234556292 87.8
      vertex 83.41995791150676 81.51947308636689 87.8
      vertex 82.76106054356903 82.05303765443708 87.8
    endloop
  endfacet
  facet normal 0 0 1
    outer loop
      vertex 83.41995791150676 69.48052691363311 87.8
      vertex 84.01947308636689 80.91995791150676 87.8
      vertex 83.41995791150676 81.51947308636689 87.8
    endloop
  endfacet
  facet normal 0 0 1
    outer loop
      vertex 84.01947308636689 70.08004208849324 87.8
      vertex 84.55303765443708 80.26106054356903 87.8
      vertex 84.01947308636689 80.91995791150676 87.8
    endloop
  endfacet
  facet normal 0 0 1
    outer loop
      vertex 81.68060796608387 77.625 87.8
      vertex 82.05 82.51480577065395 87.8
      vertex 81.43832222609353 77.99808732224301 87.8
    endloop
  endfacet
  facet normal 0 0 1
    outer loop
      vertex 82.15712730311867 76.38362468597548 87.8
      vertex 82.76106054356903 82.05303765443708 87.8
      vertex 82.05 82.51480577065395 87.8
    endloop
  endfacet
  facet normal 0 0 1
    outer loop
      vertex 81.43832222609353 77.99808732224301 87.8
      vertex 82.05 82.51480577065395 87.8
      vertex 81.29456680891398 82.89971820690506 87.8
    endloop
  endfacet
  facet normal 0 0 1
    outer loop
      vertex 78.88362468597548 79.65712730311867 87.8
      vertex 79.68408469562385 83.42299556594382 87.8
      vertex 78.84668055246799 83.55562735248301 87.8
    endloop
  endfacet
  facet normal 0 0 1
    outer loop
      vertex 84.55303765443708 70.73893945643097 87.8
      vertex 85.01480577065395 79.55 87.8
      vertex 84.55303765443708 80.26106054356903 87.8
    endloop
  endfacet
  facet normal 0 0 1
    outer loop
      vertex 85.01480577065395 71.45 87.8
      vertex 85.39971820690506 78.79456680891398 87.8
      vertex 85.01480577065395 79.55 87.8
    endloop
  endfacet
  facet normal 0.7771459614569688 0.62932039104984 0
    outer loop
      vertex 71.44696234556292 70.73893945643097 87.8
      vertex 71.44696234556292 70.73893945643097 90
      vertex 71.98052691363311 70.08004208849324 87.8
    endloop
  endfacet
  facet normal 0.62932039104984 0.7771459614569688 0
    outer loop
      vertex 72.58004208849324 69.48052691363311 87.8
      vertex 72.58004208849324 69.48052691363311 90
      vertex 73.23893945643097 68.94696234556292 87.8
    endloop
  endfacet
  facet normal 0.7071067811865476 0.7071067811865476 0
    outer loop
      vertex 72.58004208849324 69.48052691363311 87.8
      vertex 71.98052691363311 70.08004208849324 87.8
      vertex 71.98052691363311 70.08004208849324 90
    endloop
  endfacet
  facet normal 0.9659258262890682 0.258819045102521 0
    outer loop
      vertex 70.07700443405618 73.81591530437615 87.8
      vertex 70.07700443405618 73.81591530437615 90
      vertex 70.29644221800926 72.99696234556292 87.8
    endloop
  endfacet
  facet normal 0.9876883405951371 0.1564344650402346 0
    outer loop
      vertex 70.07700443405618 73.81591530437615 87.8
      vertex 69.94437264751699 74.65331944753201 87.8
      vertex 69.94437264751699 74.65331944753201 90
    endloop
  endfacet
  facet normal 0.9986295347545743 0.0523359562429368 0
    outer loop
      vertex 69.94437264751699 74.65331944753201 87.8
      vertex 69.9 75.5 87.8
      vertex 69.9 75.5 90
    endloop
  endfacet
  facet normal 0.9986295347545743 -0.0523359562429368 0
    outer loop
      vertex 69.9 75.5 87.8
      vertex 69.94437264751699 76.34668055246799 87.8
      vertex 69.94437264751699 76.34668055246799 90
    endloop
  endfacet
  facet normal 0.891006524188367 0.45399049973954864 0
    outer loop
      vertex 70.60028179309494 72.20543319108602 87.8
      vertex 70.60028179309494 72.20543319108602 90
      vertex 70.98519422934605 71.45 87.8
    endloop
  endfacet
  facet normal 0.8386705679454272 0.5446390350150223 0
    outer loop
      vertex 71.44696234556292 70.73893945643097 87.8
      vertex 70.98519422934605 71.45 87.8
      vertex 70.98519422934605 71.45 90
    endloop
  endfacet
  facet normal 0.9335804264972021 0.3583679495452997 0
    outer loop
      vertex 70.60028179309494 72.20543319108602 87.8
      vertex 70.29644221800926 72.99696234556292 87.8
      vertex 70.29644221800926 72.99696234556292 90
    endloop
  endfacet
  facet normal 0.45399049973954864 0.891006524188367 0
    outer loop
      vertex 73.95 68.48519422934605 87.8
      vertex 73.95 68.48519422934605 90
      vertex 74.70543319108602 68.10028179309494 87.8
    endloop
  endfacet
  facet normal 0.3583679495452997 0.9335804264972021 0
    outer loop
      vertex 74.70543319108602 68.10028179309494 87.8
      vertex 74.70543319108602 68.10028179309494 90
      vertex 75.49696234556292 67.79644221800926 87.8
    endloop
  endfacet
  facet normal 0.258819045102521 0.9659258262890682 0
    outer loop
      vertex 75.49696234556292 67.79644221800926 87.8
      vertex 75.49696234556292 67.79644221800926 90
      vertex 76.31591530437615 67.57700443405618 87.8
    endloop
  endfacet
  facet normal 0.5446390350150223 0.8386705679454272 0
    outer loop
      vertex 73.23893945643097 68.94696234556292 87.8
      vertex 73.23893945643097 68.94696234556292 90
      vertex 73.95 68.48519422934605 87.8
    endloop
  endfacet
  facet normal 0.1564344650402346 0.9876883405951371 0
    outer loop
      vertex 76.31591530437615 67.57700443405618 87.8
      vertex 76.31591530437615 67.57700443405618 90
      vertex 77.15331944753201 67.44437264751699 87.8
    endloop
  endfacet
  facet normal 0.0523359562429368 0.9986295347545743 0
    outer loop
      vertex 77.15331944753201 67.44437264751699 87.8
      vertex 77.15331944753201 67.44437264751699 90
      vertex 78 67.4 87.8
    endloop
  endfacet
  facet normal -0.0523359562429368 0.9986295347545743 0
    outer loop
      vertex 78 67.4 87.8
      vertex 78 67.4 90
      vertex 78.84668055246799 67.44437264751699 87.8
    endloop
  endfacet
  facet normal 0.9876883405951371 -0.1564344650402346 0
    outer loop
      vertex 69.94437264751699 76.34668055246799 87.8
      vertex 70.07700443405618 77.18408469562385 87.8
      vertex 70.07700443405618 77.18408469562385 90
    endloop
  endfacet
  facet normal 0.9659258262890682 -0.258819045102521 0
    outer loop
      vertex 70.07700443405618 77.18408469562385 87.8
      vertex 70.29644221800926 78.00303765443708 87.8
      vertex 70.29644221800926 78.00303765443708 90
    endloop
  endfacet
  facet normal 0.9335804264972021 -0.3583679495452997 0
    outer loop
      vertex 70.29644221800926 78.00303765443708 87.8
      vertex 70.60028179309494 78.79456680891398 87.8
      vertex 70.60028179309494 78.79456680891398 90
    endloop
  endfacet
  facet normal 0.891006524188367 -0.45399049973954864 0
    outer loop
      vertex 70.60028179309494 78.79456680891398 87.8
      vertex 70.98519422934605 79.55 87.8
      vertex 70.98519422934605 79.55 90
    endloop
  endfacet
  facet normal 0.8386705679454272 -0.5446390350150223 0
    outer loop
      vertex 70.98519422934605 79.55 87.8
      vertex 71.44696234556292 80.26106054356903 87.8
      vertex 71.44696234556292 80.26106054356903 90
    endloop
  endfacet
  facet normal 0.7771459614569688 -0.62932039104984 0
    outer loop
      vertex 71.44696234556292 80.26106054356903 87.8
      vertex 71.98052691363311 80.91995791150676 87.8
      vertex 71.98052691363311 80.91995791150676 90
    endloop
  endfacet
  facet normal 0.7071067811865476 -0.7071067811865476 0
    outer loop
      vertex 71.98052691363311 80.91995791150676 87.8
      vertex 72.58004208849324 81.51947308636689 87.8
      vertex 72.58004208849324 81.51947308636689 90
    endloop
  endfacet
  facet normal 0.62932039104984 -0.7771459614569688 0
    outer loop
      vertex 72.58004208849324 81.51947308636689 87.8
      vertex 73.23893945643097 82.05303765443708 87.8
      vertex 73.23893945643097 82.05303765443708 90
    endloop
  endfacet
  facet normal 0.5446390350150223 -0.8386705679454272 0
    outer loop
      vertex 73.23893945643097 82.05303765443708 87.8
      vertex 73.95 82.51480577065395 87.8
      vertex 73.95 82.51480577065395 90
    endloop
  endfacet
  facet normal 0.45399049973954864 -0.891006524188367 0
    outer loop
      vertex 73.95 82.51480577065395 87.8
      vertex 74.70543319108602 82.89971820690506 87.8
      vertex 74.70543319108602 82.89971820690506 90
    endloop
  endfacet
  facet normal 0.3583679495452997 -0.9335804264972021 0
    outer loop
      vertex 74.70543319108602 82.89971820690506 87.8
      vertex 75.49696234556292 83.20355778199074 87.8
      vertex 75.49696234556292 83.20355778199074 90
    endloop
  endfacet
  facet normal 0.258819045102521 -0.9659258262890682 0
    outer loop
      vertex 75.49696234556292 83.20355778199074 87.8
      vertex 76.31591530437615 83.42299556594382 87.8
      vertex 76.31591530437615 83.42299556594382 90
    endloop
  endfacet
  facet normal 0.1564344650402346 -0.9876883405951371 0
    outer loop
      vertex 76.31591530437615 83.42299556594382 87.8
      vertex 77.15331944753201 83.55562735248301 87.8
      vertex 77.15331944753201 83.55562735248301 90
    endloop
  endfacet
  facet normal 0.0523359562429368 -0.9986295347545743 0
    outer loop
      vertex 77.15331944753201 83.55562735248301 87.8
      vertex 78 83.6 87.8
      vertex 78 83.6 90
    endloop
  endfacet
  facet normal -0.0523359562429368 -0.9986295347545743 0
    outer loop
      vertex 78 83.6 87.8
      vertex 78.84668055246799 83.55562735248301 87.8
      vertex 78.84668055246799 83.55562735248301 90
    endloop
  endfacet
  facet normal -0.1564344650402346 0.9876883405951371 0
    outer loop
      vertex 78.84668055246799 67.44437264751699 87.8
      vertex 78.84668055246799 67.44437264751699 90
      vertex 79.68408469562385 67.57700443405618 87.8
    endloop
  endfacet
  facet normal -0.258819045102521 0.9659258262890682 0
    outer loop
      vertex 79.68408469562385 67.57700443405618 87.8
      vertex 79.68408469562385 67.57700443405618 90
      vertex 80.50303765443708 67.79644221800926 87.8
    endloop
  endfacet
  facet normal -0.3583679495452997 0.9335804264972021 0
    outer loop
      vertex 80.50303765443708 67.79644221800926 87.8
      vertex 80.50303765443708 67.79644221800926 90
      vertex 81.29456680891398 68.10028179309494 87.8
    endloop
  endfacet
  facet normal -0.45399049973954864 0.891006524188367 0
    outer loop
      vertex 81.29456680891398 68.10028179309494 87.8
      vertex 81.29456680891398 68.10028179309494 90
      vertex 82.05 68.48519422934605 87.8
    endloop
  endfacet
  facet normal -0.5446390350150223 0.8386705679454272 0
    outer loop
      vertex 82.05 68.48519422934605 87.8
      vertex 82.05 68.48519422934605 90
      vertex 82.76106054356903 68.94696234556292 87.8
    endloop
  endfacet
  facet normal -0.62932039104984 0.7771459614569688 0
    outer loop
      vertex 82.76106054356903 68.94696234556292 87.8
      vertex 82.76106054356903 68.94696234556292 90
      vertex 83.41995791150676 69.48052691363311 87.8
    endloop
  endfacet
  facet normal -0.7071067811865476 0.7071067811865476 0
    outer loop
      vertex 83.41995791150676 69.48052691363311 87.8
      vertex 83.41995791150676 69.48052691363311 90
      vertex 84.01947308636689 70.08004208849324 87.8
    endloop
  endfacet
  facet normal -0.7771459614569688 0.62932039104984 0
    outer loop
      vertex 84.01947308636689 70.08004208849324 87.8
      vertex 84.01947308636689 70.08004208849324 90
      vertex 84.55303765443708 70.73893945643097 87.8
    endloop
  endfacet
  facet normal -0.8386705679454272 0.5446390350150223 0
    outer loop
      vertex 84.55303765443708 70.73893945643097 87.8
      vertex 84.55303765443708 70.73893945643097 90
      vertex 85.01480577065395 71.45 87.8
    endloop
  endfacet
  facet normal -0.891006524188367 0.45399049973954864 0
    outer loop
      vertex 85.01480577065395 71.45 87.8
      vertex 85.01480577065395 71.45 90
      vertex 85.39971820690506 72.20543319108602 87.8
    endloop
  endfacet
  facet normal -0.9335804264972021 0.3583679495452997 0
    outer loop
      vertex 85.39971820690506 72.20543319108602 87.8
      vertex 85.39971820690506 72.20543319108602 90
      vertex 85.70355778199074 72.99696234556292 87.8
    endloop
  endfacet
  facet normal -0.9659258262890682 0.258819045102521 0
    outer loop
      vertex 85.70355778199074 72.99696234556292 87.8
      vertex 85.70355778199074 72.99696234556292 90
      vertex 85.92299556594382 73.81591530437615 87.8
    endloop
  endfacet
  facet normal -0.9876883405951371 0.1564344650402346 0
    outer loop
      vertex 85.92299556594382 73.81591530437615 87.8
      vertex 85.92299556594382 73.81591530437615 90
      vertex 86.05562735248301 74.65331944753201 87.8
    endloop
  endfacet
  facet normal -0.9986295347545743 0.0523359562429368 0
    outer loop
      vertex 86.05562735248301 74.65331944753201 87.8
      vertex 86.05562735248301 74.65331944753201 90
      vertex 86.1 75.5 87.8
    endloop
  endfacet
  facet normal -0.9986295347545743 -0.0523359562429368 0
    outer loop
      vertex 86.1 75.5 87.8
      vertex 86.1 75.5 90
      vertex 86.05562735248301 76.34668055246799 87.8
    endloop
  endfacet
  facet normal 0.052335961698072614 0.9986295344686827 0
    outer loop
      vertex 84 87.5 85
      vertex 84 87.5 90
      vertex 84.62717077881098 87.4671313688159 90
    endloop
  endfacet
  facet normal 0.9986295344686827 0.052335961698072614 0
    outer loop
      vertex 89.9671313688159 82.12717077881098 85
      vertex 89.9671313688159 82.12717077881098 90
      vertex 90 81.5 90
    endloop
  endfacet
  facet normal 0.15643445553477123 0.9876883421006546 0
    outer loop
      vertex 84.62717077881098 87.4671313688159 85
      vertex 84.62717077881098 87.4671313688159 90
      vertex 85.24747014790773 87.36888560652733 90
    endloop
  endfacet
  facet normal 0.25881904950851087 0.9659258251084867 0
    outer loop
      vertex 85.24747014790773 87.36888560652733 85
      vertex 85.24747014790773 87.36888560652733 90
      vertex 85.85410196334124 87.20633909851313 90
    endloop
  endfacet
  facet normal 0.3583679532441575 0.9335804250773435 0
    outer loop
      vertex 85.85410196334124 87.20633909851313 85
      vertex 85.85410196334124 87.20633909851313 90
      vertex 86.44041986018419 86.98127274215221 90
    endloop
  endfacet
  facet normal 0.5446390406067345 0.8386705643141267 0
    outer loop
      vertex 87 86.69615242630243 85
      vertex 87 86.69615242630243 90
      vertex 87.52671151608229 86.35410196334124 90
    endloop
  endfacet
  facet normal 0.4539904916265432 0.8910065283221495 0
    outer loop
      vertex 86.44041986018419 86.98127274215221 85
      vertex 86.44041986018419 86.98127274215221 90
      vertex 87 86.69615242630243 90
    endloop
  endfacet
  facet normal 0.9876883421006546 0.15643445553477123 0
    outer loop
      vertex 89.86888560652733 82.74747014790773 85
      vertex 89.86888560652733 82.74747014790773 90
      vertex 89.9671313688159 82.12717077881098 90
    endloop
  endfacet
  facet normal 0.9659258251084867 0.25881904950851087 0
    outer loop
      vertex 89.70633909851313 83.35410196334124 85
      vertex 89.70633909851313 83.35410196334124 90
      vertex 89.86888560652733 82.74747014790773 90
    endloop
  endfacet
  facet normal 0.8910065283221495 0.4539904916265432 0
    outer loop
      vertex 89.19615242630243 84.5 85
      vertex 89.19615242630243 84.5 90
      vertex 89.48127274215221 83.94041986018419 90
    endloop
  endfacet
  facet normal 0.9335804250773435 0.3583679532441575 0
    outer loop
      vertex 89.48127274215221 83.94041986018419 85
      vertex 89.48127274215221 83.94041986018419 90
      vertex 89.70633909851313 83.35410196334124 90
    endloop
  endfacet
  facet normal 0.7771459589704363 0.6293203941204519 0
    outer loop
      vertex 88.45886895060539 85.51478363573551 85
      vertex 88.45886895060539 85.51478363573551 90
      vertex 88.85410196334124 85.02671151608229 90
    endloop
  endfacet
  facet normal 0.7071067811865476 0.7071067811865476 0
    outer loop
      vertex 88.01478363573551 85.95886895060539 85
      vertex 88.01478363573551 85.95886895060539 90
      vertex 88.45886895060539 85.51478363573551 90
    endloop
  endfacet
  facet normal 0.6293203941204519 0.7771459589704363 0
    outer loop
      vertex 87.52671151608229 86.35410196334124 85
      vertex 87.52671151608229 86.35410196334124 90
      vertex 88.01478363573551 85.95886895060539 90
    endloop
  endfacet
  facet normal 0.8386705643141267 0.5446390406067345 0
    outer loop
      vertex 88.85410196334124 85.02671151608229 85
      vertex 88.85410196334124 85.02671151608229 90
      vertex 89.19615242630243 84.5 90
    endloop
  endfacet
  facet normal -0.62932039104984 -0.7771459614569688 0
    outer loop
      vertex 83.41995791150676 81.51947308636689 87.8
      vertex 83.41995791150676 81.51947308636689 90
      vertex 82.76106054356903 82.05303765443708 87.8
    endloop
  endfacet
  facet normal -0.7071067811865476 -0.7071067811865476 0
    outer loop
      vertex 84.01947308636689 80.91995791150676 87.8
      vertex 84.01947308636689 80.91995791150676 90
      vertex 83.41995791150676 81.51947308636689 87.8
    endloop
  endfacet
  facet normal -0.1564344650402346 -0.9876883405951371 0
    outer loop
      vertex 78.84668055246799 83.55562735248301 87.8
      vertex 79.68408469562385 83.42299556594382 87.8
      vertex 79.68408469562385 83.42299556594382 90
    endloop
  endfacet
  facet normal -0.258819045102521 -0.9659258262890682 0
    outer loop
      vertex 79.68408469562385 83.42299556594382 87.8
      vertex 80.50303765443708 83.20355778199074 87.8
      vertex 80.50303765443708 83.20355778199074 90
    endloop
  endfacet
  facet normal -0.3583679495452997 -0.9335804264972021 0
    outer loop
      vertex 81.29456680891398 82.89971820690506 87.8
      vertex 81.29456680891398 82.89971820690506 90
      vertex 80.50303765443708 83.20355778199074 87.8
    endloop
  endfacet
  facet normal -0.45399049973954864 -0.891006524188367 0
    outer loop
      vertex 81.29456680891398 82.89971820690506 87.8
      vertex 82.05 82.51480577065395 87.8
      vertex 82.05 82.51480577065395 90
    endloop
  endfacet
  facet normal -0.5446390350150223 -0.8386705679454272 0
    outer loop
      vertex 82.05 82.51480577065395 87.8
      vertex 82.76106054356903 82.05303765443708 87.8
      vertex 82.76106054356903 82.05303765443708 90
    endloop
  endfacet
  facet normal -0.9335804264972021 -0.3583679495452997 0
    outer loop
      vertex 85.39971820690506 78.79456680891398 87.8
      vertex 85.70355778199074 78.00303765443708 87.8
      vertex 85.70355778199074 78.00303765443708 90
    endloop
  endfacet
  facet normal -0.891006524188367 -0.45399049973954864 0
    outer loop
      vertex 85.39971820690506 78.79456680891398 87.8
      vertex 85.39971820690506 78.79456680891398 90
      vertex 85.01480577065395 79.55 87.8
    endloop
  endfacet
  facet normal -0.9876883405951371 -0.1564344650402346 0
    outer loop
      vertex 86.05562735248301 76.34668055246799 87.8
      vertex 86.05562735248301 76.34668055246799 90
      vertex 85.92299556594382 77.18408469562385 87.8
    endloop
  endfacet
  facet normal -0.9659258262890682 -0.258819045102521 0
    outer loop
      vertex 85.92299556594382 77.18408469562385 87.8
      vertex 85.92299556594382 77.18408469562385 90
      vertex 85.70355778199074 78.00303765443708 87.8
    endloop
  endfacet
  facet normal -0.8386705679454272 -0.5446390350150223 0
    outer loop
      vertex 84.55303765443708 80.26106054356903 87.8
      vertex 85.01480577065395 79.55 87.8
      vertex 85.01480577065395 79.55 90
    endloop
  endfacet
  facet normal -0.7771459614569688 -0.62932039104984 0
    outer loop
      vertex 84.55303765443708 80.26106054356903 87.8
      vertex 84.55303765443708 80.26106054356903 90
      vertex 84.01947308636689 80.91995791150676 87.8
    endloop
  endfacet
  facet normal 0.8386705679454272 0.5446390350150223 0
    outer loop
      vertex 71.44696234556292 70.73893945643097 87.8
      vertex 70.98519422934605 71.45 90
      vertex 71.44696234556292 70.73893945643097 90
    endloop
  endfacet
  facet normal 0.7071067811865476 0.7071067811865476 0
    outer loop
      vertex 72.58004208849324 69.48052691363311 87.8
      vertex 71.98052691363311 70.08004208849324 90
      vertex 72.58004208849324 69.48052691363311 90
    endloop
  endfacet
  facet normal 0.62932039104984 0.7771459614569688 0
    outer loop
      vertex 73.23893945643097 68.94696234556292 87.8
      vertex 72.58004208849324 69.48052691363311 90
      vertex 73.23893945643097 68.94696234556292 90
    endloop
  endfacet
  facet normal 0.7771459614569688 0.62932039104984 0
    outer loop
      vertex 71.98052691363311 70.08004208849324 87.8
      vertex 71.44696234556292 70.73893945643097 90
      vertex 71.98052691363311 70.08004208849324 90
    endloop
  endfacet
  facet normal 0.9659258262890682 0.258819045102521 0
    outer loop
      vertex 70.29644221800926 72.99696234556292 87.8
      vertex 70.07700443405618 73.81591530437615 90
      vertex 70.29644221800926 72.99696234556292 90
    endloop
  endfacet
  facet normal 0.9876883405951371 0.1564344650402346 0
    outer loop
      vertex 70.07700443405618 73.81591530437615 87.8
      vertex 69.94437264751699 74.65331944753201 90
      vertex 70.07700443405618 73.81591530437615 90
    endloop
  endfacet
  facet normal 0.9986295347545743 0.0523359562429368 0
    outer loop
      vertex 69.94437264751699 74.65331944753201 87.8
      vertex 69.9 75.5 90
      vertex 69.94437264751699 74.65331944753201 90
    endloop
  endfacet
  facet normal 0.9986295347545743 -0.0523359562429368 0
    outer loop
      vertex 69.9 75.5 87.8
      vertex 69.94437264751699 76.34668055246799 90
      vertex 69.9 75.5 90
    endloop
  endfacet
  facet normal 0.891006524188367 0.45399049973954864 0
    outer loop
      vertex 70.98519422934605 71.45 87.8
      vertex 70.60028179309494 72.20543319108602 90
      vertex 70.98519422934605 71.45 90
    endloop
  endfacet
  facet normal 0.9335804264972021 0.3583679495452997 0
    outer loop
      vertex 70.60028179309494 72.20543319108602 87.8
      vertex 70.29644221800926 72.99696234556292 90
      vertex 70.60028179309494 72.20543319108602 90
    endloop
  endfacet
  facet normal 0.45399049973954864 0.891006524188367 0
    outer loop
      vertex 74.70543319108602 68.10028179309494 87.8
      vertex 73.95 68.48519422934605 90
      vertex 74.70543319108602 68.10028179309494 90
    endloop
  endfacet
  facet normal 0.3583679495452997 0.9335804264972021 0
    outer loop
      vertex 75.49696234556292 67.79644221800926 87.8
      vertex 74.70543319108602 68.10028179309494 90
      vertex 75.49696234556292 67.79644221800926 90
    endloop
  endfacet
  facet normal 0.5446390350150223 0.8386705679454272 0
    outer loop
      vertex 73.95 68.48519422934605 87.8
      vertex 73.23893945643097 68.94696234556292 90
      vertex 73.95 68.48519422934605 90
    endloop
  endfacet
  facet normal 0.258819045102521 0.9659258262890682 0
    outer loop
      vertex 76.31591530437615 67.57700443405618 87.8
      vertex 75.49696234556292 67.79644221800926 90
      vertex 76.31591530437615 67.57700443405618 90
    endloop
  endfacet
  facet normal 0.1564344650402346 0.9876883405951371 0
    outer loop
      vertex 77.15331944753201 67.44437264751699 87.8
      vertex 76.31591530437615 67.57700443405618 90
      vertex 77.15331944753201 67.44437264751699 90
    endloop
  endfacet
  facet normal 0.0523359562429368 0.9986295347545743 0
    outer loop
      vertex 78 67.4 87.8
      vertex 77.15331944753201 67.44437264751699 90
      vertex 78 67.4 90
    endloop
  endfacet
  facet normal -0.0523359562429368 0.9986295347545743 0
    outer loop
      vertex 78.84668055246799 67.44437264751699 87.8
      vertex 78 67.4 90
      vertex 78.84668055246799 67.44437264751699 90
    endloop
  endfacet
  facet normal 0.9876883405951371 -0.1564344650402346 0
    outer loop
      vertex 69.94437264751699 76.34668055246799 87.8
      vertex 70.07700443405618 77.18408469562385 90
      vertex 69.94437264751699 76.34668055246799 90
    endloop
  endfacet
  facet normal 0.9659258262890682 -0.258819045102521 0
    outer loop
      vertex 70.07700443405618 77.18408469562385 87.8
      vertex 70.29644221800926 78.00303765443708 90
      vertex 70.07700443405618 77.18408469562385 90
    endloop
  endfacet
  facet normal 0.9335804264972021 -0.3583679495452997 0
    outer loop
      vertex 70.29644221800926 78.00303765443708 87.8
      vertex 70.60028179309494 78.79456680891398 90
      vertex 70.29644221800926 78.00303765443708 90
    endloop
  endfacet
  facet normal 0.891006524188367 -0.45399049973954864 0
    outer loop
      vertex 70.60028179309494 78.79456680891398 87.8
      vertex 70.98519422934605 79.55 90
      vertex 70.60028179309494 78.79456680891398 90
    endloop
  endfacet
  facet normal 0.8386705679454272 -0.5446390350150223 0
    outer loop
      vertex 70.98519422934605 79.55 87.8
      vertex 71.44696234556292 80.26106054356903 90
      vertex 70.98519422934605 79.55 90
    endloop
  endfacet
  facet normal 0.7771459614569688 -0.62932039104984 0
    outer loop
      vertex 71.44696234556292 80.26106054356903 87.8
      vertex 71.98052691363311 80.91995791150676 90
      vertex 71.44696234556292 80.26106054356903 90
    endloop
  endfacet
  facet normal 0.7071067811865476 -0.7071067811865476 0
    outer loop
      vertex 71.98052691363311 80.91995791150676 87.8
      vertex 72.58004208849324 81.51947308636689 90
      vertex 71.98052691363311 80.91995791150676 90
    endloop
  endfacet
  facet normal 0.62932039104984 -0.7771459614569688 0
    outer loop
      vertex 72.58004208849324 81.51947308636689 87.8
      vertex 73.23893945643097 82.05303765443708 90
      vertex 72.58004208849324 81.51947308636689 90
    endloop
  endfacet
  facet normal 0.5446390350150223 -0.8386705679454272 0
    outer loop
      vertex 73.23893945643097 82.05303765443708 87.8
      vertex 73.95 82.51480577065395 90
      vertex 73.23893945643097 82.05303765443708 90
    endloop
  endfacet
  facet normal 0.45399049973954864 -0.891006524188367 0
    outer loop
      vertex 73.95 82.51480577065395 87.8
      vertex 74.70543319108602 82.89971820690506 90
      vertex 73.95 82.51480577065395 90
    endloop
  endfacet
  facet normal 0.3583679495452997 -0.9335804264972021 0
    outer loop
      vertex 74.70543319108602 82.89971820690506 87.8
      vertex 75.49696234556292 83.20355778199074 90
      vertex 74.70543319108602 82.89971820690506 90
    endloop
  endfacet
  facet normal 0.258819045102521 -0.9659258262890682 0
    outer loop
      vertex 75.49696234556292 83.20355778199074 87.8
      vertex 76.31591530437615 83.42299556594382 90
      vertex 75.49696234556292 83.20355778199074 90
    endloop
  endfacet
  facet normal 0.1564344650402346 -0.9876883405951371 0
    outer loop
      vertex 76.31591530437615 83.42299556594382 87.8
      vertex 77.15331944753201 83.55562735248301 90
      vertex 76.31591530437615 83.42299556594382 90
    endloop
  endfacet
  facet normal 0.0523359562429368 -0.9986295347545743 0
    outer loop
      vertex 77.15331944753201 83.55562735248301 87.8
      vertex 78 83.6 90
      vertex 77.15331944753201 83.55562735248301 90
    endloop
  endfacet
  facet normal -0.0523359562429368 -0.9986295347545743 0
    outer loop
      vertex 78 83.6 87.8
      vertex 78.84668055246799 83.55562735248301 90
      vertex 78 83.6 90
    endloop
  endfacet
  facet normal -0.1564344650402346 0.9876883405951371 0
    outer loop
      vertex 79.68408469562385 67.57700443405618 87.8
      vertex 78.84668055246799 67.44437264751699 90
      vertex 79.68408469562385 67.57700443405618 90
    endloop
  endfacet
  facet normal -0.258819045102521 0.9659258262890682 0
    outer loop
      vertex 80.50303765443708 67.79644221800926 87.8
      vertex 79.68408469562385 67.57700443405618 90
      vertex 80.50303765443708 67.79644221800926 90
    endloop
  endfacet
  facet normal -0.3583679495452997 0.9335804264972021 0
    outer loop
      vertex 81.29456680891398 68.10028179309494 87.8
      vertex 80.50303765443708 67.79644221800926 90
      vertex 81.29456680891398 68.10028179309494 90
    endloop
  endfacet
  facet normal -0.45399049973954864 0.891006524188367 0
    outer loop
      vertex 82.05 68.48519422934605 87.8
      vertex 81.29456680891398 68.10028179309494 90
      vertex 82.05 68.48519422934605 90
    endloop
  endfacet
  facet normal -0.5446390350150223 0.8386705679454272 0
    outer loop
      vertex 82.76106054356903 68.94696234556292 87.8
      vertex 82.05 68.48519422934605 90
      vertex 82.76106054356903 68.94696234556292 90
    endloop
  endfacet
  facet normal -0.62932039104984 0.7771459614569688 0
    outer loop
      vertex 83.41995791150676 69.48052691363311 87.8
      vertex 82.76106054356903 68.94696234556292 90
      vertex 83.41995791150676 69.48052691363311 90
    endloop
  endfacet
  facet normal -0.7071067811865476 0.7071067811865476 0
    outer loop
      vertex 84.01947308636689 70.08004208849324 87.8
      vertex 83.41995791150676 69.48052691363311 90
      vertex 84.01947308636689 70.08004208849324 90
    endloop
  endfacet
  facet normal -0.7771459614569688 0.62932039104984 0
    outer loop
      vertex 84.55303765443708 70.73893945643097 87.8
      vertex 84.01947308636689 70.08004208849324 90
      vertex 84.55303765443708 70.73893945643097 90
    endloop
  endfacet
  facet normal -0.8386705679454272 0.5446390350150223 0
    outer loop
      vertex 85.01480577065395 71.45 87.8
      vertex 84.55303765443708 70.73893945643097 90
      vertex 85.01480577065395 71.45 90
    endloop
  endfacet
  facet normal -0.891006524188367 0.45399049973954864 0
    outer loop
      vertex 85.39971820690506 72.20543319108602 87.8
      vertex 85.01480577065395 71.45 90
      vertex 85.39971820690506 72.20543319108602 90
    endloop
  endfacet
  facet normal -0.9335804264972021 0.3583679495452997 0
    outer loop
      vertex 85.70355778199074 72.99696234556292 87.8
      vertex 85.39971820690506 72.20543319108602 90
      vertex 85.70355778199074 72.99696234556292 90
    endloop
  endfacet
  facet normal -0.9659258262890682 0.258819045102521 0
    outer loop
      vertex 85.92299556594382 73.81591530437615 87.8
      vertex 85.70355778199074 72.99696234556292 90
      vertex 85.92299556594382 73.81591530437615 90
    endloop
  endfacet
  facet normal -0.9876883405951371 0.1564344650402346 0
    outer loop
      vertex 86.05562735248301 74.65331944753201 87.8
      vertex 85.92299556594382 73.81591530437615 90
      vertex 86.05562735248301 74.65331944753201 90
    endloop
  endfacet
  facet normal -0.9986295347545743 0.0523359562429368 0
    outer loop
      vertex 86.1 75.5 87.8
      vertex 86.05562735248301 74.65331944753201 90
      vertex 86.1 75.5 90
    endloop
  endfacet
  facet normal -0.9986295347545743 -0.0523359562429368 0
    outer loop
      vertex 86.05562735248301 76.34668055246799 87.8
      vertex 86.1 75.5 90
      vertex 86.05562735248301 76.34668055246799 90
    endloop
  endfacet
  facet normal -0.7071067811865476 -0.7071067811865476 0
    outer loop
      vertex 83.41995791150676 81.51947308636689 87.8
      vertex 84.01947308636689 80.91995791150676 90
      vertex 83.41995791150676 81.51947308636689 90
    endloop
  endfacet
  facet normal -0.62932039104984 -0.7771459614569688 0
    outer loop
      vertex 82.76106054356903 82.05303765443708 87.8
      vertex 83.41995791150676 81.51947308636689 90
      vertex 82.76106054356903 82.05303765443708 90
    endloop
  endfacet
  facet normal -0.7771459614569688 -0.62932039104984 0
    outer loop
      vertex 84.01947308636689 80.91995791150676 87.8
      vertex 84.55303765443708 80.26106054356903 90
      vertex 84.01947308636689 80.91995791150676 90
    endloop
  endfacet
  facet normal -0.258819045102521 -0.9659258262890682 0
    outer loop
      vertex 79.68408469562385 83.42299556594382 87.8
      vertex 80.50303765443708 83.20355778199074 90
      vertex 79.68408469562385 83.42299556594382 90
    endloop
  endfacet
  facet normal -0.1564344650402346 -0.9876883405951371 0
    outer loop
      vertex 78.84668055246799 83.55562735248301 87.8
      vertex 79.68408469562385 83.42299556594382 90
      vertex 78.84668055246799 83.55562735248301 90
    endloop
  endfacet
  facet normal -0.3583679495452997 -0.9335804264972021 0
    outer loop
      vertex 80.50303765443708 83.20355778199074 87.8
      vertex 81.29456680891398 82.89971820690506 90
      vertex 80.50303765443708 83.20355778199074 90
    endloop
  endfacet
  facet normal -0.45399049973954864 -0.891006524188367 0
    outer loop
      vertex 81.29456680891398 82.89971820690506 87.8
      vertex 82.05 82.51480577065395 90
      vertex 81.29456680891398 82.89971820690506 90
    endloop
  endfacet
  facet normal -0.5446390350150223 -0.8386705679454272 0
    outer loop
      vertex 82.05 82.51480577065395 87.8
      vertex 82.76106054356903 82.05303765443708 90
      vertex 82.05 82.51480577065395 90
    endloop
  endfacet
  facet normal -0.9659258262890682 -0.258819045102521 0
    outer loop
      vertex 85.70355778199074 78.00303765443708 87.8
      vertex 85.92299556594382 77.18408469562385 90
      vertex 85.70355778199074 78.00303765443708 90
    endloop
  endfacet
  facet normal -0.9335804264972021 -0.3583679495452997 0
    outer loop
      vertex 85.39971820690506 78.79456680891398 87.8
      vertex 85.70355778199074 78.00303765443708 90
      vertex 85.39971820690506 78.79456680891398 90
    endloop
  endfacet
  facet normal -0.9876883405951371 -0.1564344650402346 0
    outer loop
      vertex 85.92299556594382 77.18408469562385 87.8
      vertex 86.05562735248301 76.34668055246799 90
      vertex 85.92299556594382 77.18408469562385 90
    endloop
  endfacet
  facet normal -0.8386705679454272 -0.5446390350150223 0
    outer loop
      vertex 84.55303765443708 80.26106054356903 87.8
      vertex 85.01480577065395 79.55 90
      vertex 84.55303765443708 80.26106054356903 90
    endloop
  endfacet
  facet normal -0.891006524188367 -0.45399049973954864 0
    outer loop
      vertex 85.01480577065395 79.55 87.8
      vertex 85.39971820690506 78.79456680891398 90
      vertex 85.01480577065395 79.55 90
    endloop
  endfacet
  facet normal 0 0 1
    outer loop
      vertex 89.48127274215221 83.94041986018419 90
      vertex 78 83.6 90
      vertex 78.84668055246799 83.55562735248301 90
    endloop
  endfacet
  facet normal 0 0 1
    outer loop
      vertex 89.48127274215221 83.94041986018419 90
      vertex 78.84668055246799 83.55562735248301 90
      vertex 79.68408469562385 83.42299556594382 90
    endloop
  endfacet
  facet normal 0 0 1
    outer loop
      vertex 89.70633909851313 83.35410196334124 90
      vertex 80.50303765443708 83.20355778199074 90
      vertex 81.29456680891398 82.89971820690506 90
    endloop
  endfacet
  facet normal 0 0 1
    outer loop
      vertex 89.70633909851313 83.35410196334124 90
      vertex 81.29456680891398 82.89971820690506 90
      vertex 82.05 82.51480577065395 90
    endloop
  endfacet
  facet normal 0 0 1
    outer loop
      vertex 89.48127274215221 83.94041986018419 90
      vertex 79.68408469562385 83.42299556594382 90
      vertex 80.50303765443708 83.20355778199074 90
    endloop
  endfacet
  facet normal 0 0 1
    outer loop
      vertex 89.86888560652733 82.74747014790773 90
      vertex 83.41995791150676 81.51947308636689 90
      vertex 84.01947308636689 80.91995791150676 90
    endloop
  endfacet
  facet normal 0 0 1
    outer loop
      vertex 89.86888560652733 82.74747014790773 90
      vertex 85.39971820690506 78.79456680891398 90
      vertex 85.70355778199074 78.00303765443708 90
    endloop
  endfacet
  facet normal 0 0 1
    outer loop
      vertex 89.86888560652733 82.74747014790773 90
      vertex 85.01480577065395 79.55 90
      vertex 85.39971820690506 78.79456680891398 90
    endloop
  endfacet
  facet normal 0 0 1
    outer loop
      vertex 89.86888560652733 82.74747014790773 90
      vertex 84.55303765443708 80.26106054356903 90
      vertex 85.01480577065395 79.55 90
    endloop
  endfacet
  facet normal 0 0 1
    outer loop
      vertex 89.86888560652733 82.74747014790773 90
      vertex 84.01947308636689 80.91995791150676 90
      vertex 84.55303765443708 80.26106054356903 90
    endloop
  endfacet
  facet normal 0 0 1
    outer loop
      vertex 90 81.5 90
      vertex 86.05562735248301 76.34668055246799 90
      vertex 86.1 75.5 90
    endloop
  endfacet
  facet normal 0 0 1
    outer loop
      vertex 90 81.5 90
      vertex 85.92299556594382 77.18408469562385 90
      vertex 86.05562735248301 76.34668055246799 90
    endloop
  endfacet
  facet normal 0 0 1
    outer loop
      vertex 90 81.5 90
      vertex 85.70355778199074 78.00303765443708 90
      vertex 85.92299556594382 77.18408469562385 90
    endloop
  endfacet
  facet normal 0 0 1
    outer loop
      vertex 90 81.5 90
      vertex 89.9671313688159 82.12717077881098 90
      vertex 85.70355778199074 78.00303765443708 90
    endloop
  endfacet
  facet normal 0 0 1
    outer loop
      vertex 89.9671313688159 82.12717077881098 90
      vertex 89.86888560652733 82.74747014790773 90
      vertex 85.70355778199074 78.00303765443708 90
    endloop
  endfacet
  facet normal 0 0 1
    outer loop
      vertex 89.86888560652733 82.74747014790773 90
      vertex 82.05 82.51480577065395 90
      vertex 82.76106054356903 82.05303765443708 90
    endloop
  endfacet
  facet normal 0 0 1
    outer loop
      vertex 89.86888560652733 82.74747014790773 90
      vertex 82.76106054356903 82.05303765443708 90
      vertex 83.41995791150676 81.51947308636689 90
    endloop
  endfacet
  facet normal 0 0 1
    outer loop
      vertex 89.70633909851313 83.35410196334124 90
      vertex 89.48127274215221 83.94041986018419 90
      vertex 80.50303765443708 83.20355778199074 90
    endloop
  endfacet
  facet normal 0 0 1
    outer loop
      vertex 89.86888560652733 82.74747014790773 90
      vertex 89.70633909851313 83.35410196334124 90
      vertex 82.05 82.51480577065395 90
    endloop
  endfacet
endsolid OpenSCAD_Model
