  0
SECTION
  2
HEADER
  9
$ACADVER
  1
AC1018
  9
$ACADMAINTVER
 70
0
  9
$DWGCODEPAGE
  3
ANSI_1252
  9
$INSBASE
 10
0.0
 20
0.0
 30
0.0
  9
$EXTMIN
 10
1e+20
 20
1e+20
 30
1e+20
  9
$EXTMAX
 10
-1e+20
 20
-1e+20
 30
-1e+20
  9
$LIMMIN
 10
0.0
 20
0.0
  9
$LIMMAX
 10
12.0
 20
9.0
  9
$ORTHOMODE
 70
0
  9
$REGENMODE
 70
1
  9
$FILLMODE
 70
1
  9
$QTEXTMODE
 70
0
  9
$MIRRTEXT
 70
0
  9
$LTSCALE
 40
1.0
  9
$ATTMODE
 70
1
  9
$TEXTSIZE
 40
0.2
  9
$TRACEWID
 40
0.05
  9
$TEXTSTYLE
  7
Standard
  9
$CLAYER
  8
0
  9
$CELTYPE
  6
ByLayer
  9
$CECOLOR
 62
256
  9
$CELTSCALE
 40
1.0
  9
$DISPSILH
 70
0
  9
$DIMSCALE
 40
1.0
  9
$DIMASZ
 40
0.18
  9
$DIMEXO
 40
0.0625
  9
$DIMDLI
 40
0.38
  9
$DIMRND
 40
0.0
  9
$DIMDLE
 40
0.0
  9
$DIMEXE
 40
0.18
  9
$DIMTP
 40
0.0
  9
$DIMTM
 40
0.0
  9
$DIMTXT
 40
0.18
  9
$DIMCEN
 40
0.09
  9
$DIMTSZ
 40
0.0
  9
$DIMTOL
 70
0
  9
$DIMLIM
 70
0
  9
$DIMTIH
 70
1
  9
$DIMTOH
 70
1
  9
$DIMSE1
 70
0
  9
$DIMSE2
 70
0
  9
$DIMTAD
 70
0
  9
$DIMZIN
 70
0
  9
$DIMBLK
  1

  9
$DIMASO
 70
1
  9
$DIMSHO
 70
1
  9
$DIMPOST
  1

  9
$DIMAPOST
  1

  9
$DIMALT
 70
0
  9
$DIMALTD
 70
2
  9
$DIMALTF
 40
25.4
  9
$DIMLFAC
 40
1.0
  9
$DIMTOFL
 70
0
  9
$DIMTVP
 40
0.0
  9
$DIMTIX
 70
0
  9
$DIMSOXD
 70
0
  9
$DIMSAH
 70
0
  9
$DIMBLK1
  1

  9
$DIMBLK2
  1

  9
$DIMSTYLE
  2
Standard
  9
$DIMCLRD
 70
0
  9
$DIMCLRE
 70
0
  9
$DIMCLRT
 70
0
  9
$DIMTFAC
 40
1.0
  9
$DIMGAP
 40
0.09
  9
$DIMJUST
 70
0
  9
$DIMSD1
 70
0
  9
$DIMSD2
 70
0
  9
$DIMTOLJ
 70
1
  9
$DIMTZIN
 70
0
  9
$DIMALTZ
 70
0
  9
$DIMALTTZ
 70
0
  9
$DIMUPT
 70
0
  9
$DIMDEC
 70
4
  9
$DIMTDEC
 70
4
  9
$DIMALTU
 70
2
  9
$DIMALTTD
 70
2
  9
$DIMTXSTY
  7
Standard
  9
$DIMAUNIT
 70
0
  9
$DIMADEC
 70
0
  9
$DIMALTRND
 40
0.0
  9
$DIMAZIN
 70
0
  9
$DIMDSEP
 70
46
  9
$DIMATFIT
 70
3
  9
$DIMFRAC
 70
0
  9
$DIMLDRBLK
  1

  9
$DIMLUNIT
 70
2
  9
$DIMLWD
 70
-2
  9
$DIMLWE
 70
-2
  9
$DIMTMOVE
 70
0
  9
$LUNITS
 70
2
  9
$LUPREC
 70
4
  9
$SKETCHINC
 40
0.1
  9
$FILLETRAD
 40
0.0
  9
$AUNITS
 70
0
  9
$AUPREC
 70
0
  9
$MENU
  1
.
  9
$ELEVATION
 40
0.0
  9
$PELEVATION
 40
0.0
  9
$THICKNESS
 40
0.0
  9
$LIMCHECK
 70
0
  9
$CHAMFERA
 40
0.0
  9
$CHAMFERB
 40
0.0
  9
$CHAMFERC
 40
0.0
  9
$CHAMFERD
 40
0.0
  9
$SKPOLY
 70
0
  9
$TDCREATE
 40
2461061.971446759
  9
$TDUCREATE
 40
2461061.927696759
  9
$TDUPDATE
 40
2461061.971446759
  9
$TDUUPDATE
 40
2461061.927696759
  9
$TDINDWG
 40
0.0
  9
$TDUSRTIMER
 40
0.0
  9
$USRTIMER
 70
1
  9
$ANGBASE
 50
0.0
  9
$ANGDIR
 70
0
  9
$PDMODE
 70
0
  9
$PDSIZE
 40
0.0
  9
$PLINEWID
 40
0.0
  9
$SPLFRAME
 70
0
  9
$SPLINETYPE
 70
6
  9
$SPLINESEGS
 70
8
  9
$HANDSEED
  5
CF
  9
$SURFTAB1
 70
6
  9
$SURFTAB2
 70
6
  9
$SURFTYPE
 70
6
  9
$SURFU
 70
6
  9
$SURFV
 70
6
  9
$UCSBASE
  2

  9
$UCSNAME
  2

  9
$UCSORG
 10
0.0
 20
0.0
 30
0.0
  9
$UCSXDIR
 10
1.0
 20
0.0
 30
0.0
  9
$UCSYDIR
 10
0.0
 20
1.0
 30
0.0
  9
$UCSORTHOREF
  2

  9
$UCSORTHOVIEW
 70
0
  9
$UCSORGTOP
 10
0.0
 20
0.0
 30
0.0
  9
$UCSORGBOTTOM
 10
0.0
 20
0.0
 30
0.0
  9
$UCSORGLEFT
 10
0.0
 20
0.0
 30
0.0
  9
$UCSORGRIGHT
 10
0.0
 20
0.0
 30
0.0
  9
$UCSORGFRONT
 10
0.0
 20
0.0
 30
0.0
  9
$UCSORGBACK
 10
0.0
 20
0.0
 30
0.0
  9
$PUCSBASE
  2

  9
$PUCSNAME
  2

  9
$PUCSORG
 10
0.0
 20
0.0
 30
0.0
  9
$PUCSXDIR
 10
1.0
 20
0.0
 30
0.0
  9
$PUCSYDIR
 10
0.0
 20
1.0
 30
0.0
  9
$PUCSORTHOREF
  2

  9
$PUCSORTHOVIEW
 70
0
  9
$PUCSORGTOP
 10
0.0
 20
0.0
 30
0.0
  9
$PUCSORGBOTTOM
 10
0.0
 20
0.0
 30
0.0
  9
$PUCSORGLEFT
 10
0.0
 20
0.0
 30
0.0
  9
$PUCSORGRIGHT
 10
0.0
 20
0.0
 30
0.0
  9
$PUCSORGFRONT
 10
0.0
 20
0.0
 30
0.0
  9
$PUCSORGBACK
 10
0.0
 20
0.0
 30
0.0
  9
$USERI1
 70
0
  9
$USERI2
 70
0
  9
$USERI3
 70
0
  9
$USERI4
 70
0
  9
$USERI5
 70
0
  9
$USERR1
 40
0.0
  9
$USERR2
 40
0.0
  9
$USERR3
 40
0.0
  9
$USERR4
 40
0.0
  9
$USERR5
 40
0.0
  9
$WORLDVIEW
 70
1
  9
$SHADEDGE
 70
3
  9
$SHADEDIF
 70
70
  9
$TILEMODE
 70
1
  9
$MAXACTVP
 70
64
  9
$PINSBASE
 10
0.0
 20
0.0
 30
0.0
  9
$PLIMCHECK
 70
0
  9
$PEXTMIN
 10
0.0
 20
0.0
 30
0.0
  9
$PEXTMAX
 10
0.0
 20
0.0
 30
0.0
  9
$PLIMMIN
 10
0.0
 20
0.0
  9
$PLIMMAX
 10
12.0
 20
9.0
  9
$UNITMODE
 70
0
  9
$VISRETAIN
 70
1
  9
$PLINEGEN
 70
0
  9
$PSLTSCALE
 70
1
  9
$TREEDEPTH
 70
3020
  9
$CMLSTYLE
  2
Standard
  9
$CMLJUST
 70
0
  9
$CMLSCALE
 40
1.0
  9
$PROXYGRAPHICS
 70
1
  9
$MEASUREMENT
 70
0
  9
$CELWEIGHT
370
-1
  9
$ENDCAPS
280
0
  9
$JOINSTYLE
280
0
  9
$LWDISPLAY
290
1
  9
$INSUNITS
 70
4
  9
$HYPERLINKBASE
  1

  9
$STYLESHEET
  1

  9
$XEDIT
290
1
  9
$CEPSNTYPE
380
0
  9
$PSTYLEMODE
290
1
  9
$FINGERPRINTGUID
  2
{13C45DF8-8E0B-5047-95AF-009CF4EAF993}
  9
$VERSIONGUID
  2
{7E905D30-2103-4A75-B92C-C4370B67DAC8}
  9
$EXTNAMES
290
1
  9
$PSVPSCALE
 40
0.0
  9
$OLESTARTUP
290
0
  9
$SORTENTS
280
127
  9
$INDEXCTL
280
0
  9
$HIDETEXT
280
1
  9
$XCLIPFRAME
290
0
  9
$HALOGAP
280
0
  9
$OBSCOLOR
 70
257
  9
$OBSLTYPE
280
0
  9
$INTERSECTIONDISPLAY
280
0
  9
$INTERSECTIONCOLOR
 70
257
  9
$DIMASSOC
280
2
  9
$PROJECTNAME
  1

  0
ENDSEC
  0
SECTION
  2
CLASSES
  0
CLASS
  1
ACDBDICTIONARYWDFLT
  2
AcDbDictionaryWithDefault
  3
ObjectDBX Classes
 90
0
 91
1
280
0
281
0
  0
CLASS
  1
MATERIAL
  2
AcDbMaterial
  3
ObjectDBX Classes
 90
1153
 91
3
280
0
281
0
  0
CLASS
  1
VISUALSTYLE
  2
AcDbVisualStyle
  3
ObjectDBX Classes
 90
4095
 91
24
280
0
281
0
  0
CLASS
  1
SCALE
  2
AcDbScale
  3
ObjectDBX Classes
 90
1153
 91
17
280
0
281
0
  0
CLASS
  1
TABLESTYLE
  2
AcDbTableStyle
  3
ObjectDBX Classes
 90
4095
 91
1
280
0
281
0
  0
CLASS
  1
MLEADERSTYLE
  2
AcDbMLeaderStyle
  3
ACDB_MLEADERSTYLE_CLASS
 90
4095
 91
1
280
0
281
0
  0
CLASS
  1
ACDBSECTIONVIEWSTYLE
  2
AcDbSectionViewStyle
  3
ObjectDBX Classes
 90
1025
 91
1
280
0
281
0
  0
CLASS
  1
ACDBDETAILVIEWSTYLE
  2
AcDbDetailViewStyle
  3
ObjectDBX Classes
 90
1025
 91
1
280
0
281
0
  0
CLASS
  1
DICTIONARYVAR
  2
AcDbDictionaryVar
  3
ObjectDBX Classes
 90
0
 91
10
280
0
281
0
  0
CLASS
  1
CELLSTYLEMAP
  2
AcDbCellStyleMap
  3
ObjectDBX Classes
 90
1152
 91
1
280
0
281
0
  0
CLASS
  1
SUN
  2
AcDbSun
  3
SCENEOE
 90
1153
 91
0
280
0
281
0
  0
CLASS
  1
MENTALRAYRENDERSETTINGS
  2
AcDbMentalRayRenderSettings
  3
SCENEOE
 90
1024
 91
0
280
0
281
0
  0
CLASS
  1
RASTERVARIABLES
  2
AcDbRasterVariables
  3
ISM
 90
0
 91
0
280
0
281
0
  0
CLASS
  1
LAYOUT
  2
AcDbLayout
  3
ObjectDBX Classes
 90
0
 91
0
280
0
281
0
  0
CLASS
  1
ACDBPLACEHOLDER
  2
AcDbPlaceHolder
  3
ObjectDBX Classes
 90
0
 91
0
280
0
281
0
  0
ENDSEC
  0
SECTION
  2
TABLES
  0
TABLE
  2
VPORT
  5
8
330
0
100
AcDbSymbolTable
 70
1
  0
VPORT
  5
57
330
8
100
AcDbSymbolTableRecord
100
AcDbViewportTableRecord
  2
*Active
 70
0
 10
0.0
 20
0.0
 11
1.0
 21
1.0
 12
0.0
 22
0.0
 13
0.0
 23
0.0
 14
1.0
 24
1.0
 15
0.0
 25
0.0
 16
0.0
 26
0.0
 36
1.0
 17
104.9999999737534
 27
-112.3612044537026
 37
0.0
 40
60.08914284212017
 41
1.706733329529375
 42
50.0
 43
0.0
 44
0.0
 50
0.0
 51
0.0
 71
0
 72
100
 73
1
 74
1
 75
0
 76
0
 77
0
 78
0
281
0
 65
1
110
0.0
120
0.0
130
0.0
111
1.0
121
0.0
131
0.0
112
0.0
122
1.0
132
0.0
 79
0
146
0.0
  0
ENDTAB
  0
TABLE
  2
LTYPE
  5
5
330
0
100
AcDbSymbolTable
 70
3
  0
LTYPE
  5
5B
330
5
100
AcDbSymbolTableRecord
100
AcDbLinetypeTableRecord
  2
ByBlock
 70
0
  3

 72
65
 73
0
 40
0.0
  0
LTYPE
  5
5C
330
5
100
AcDbSymbolTableRecord
100
AcDbLinetypeTableRecord
  2
ByLayer
 70
0
  3

 72
65
 73
0
 40
0.0
  0
LTYPE
  5
5D
330
5
100
AcDbSymbolTableRecord
100
AcDbLinetypeTableRecord
  2
Continuous
 70
0
  3
Solid line
 72
65
 73
0
 40
0.0
  0
ENDTAB
  0
TABLE
  2
LAYER
  5
2
330
0
100
AcDbSymbolTable
 70
3
  0
LAYER
  5
54
330
2
100
AcDbSymbolTableRecord
100
AcDbLayerTableRecord
  2
0
 70
0
 62
7
  6
Continuous
370
-3
390
F
  0
LAYER
  5
78
330
2
100
AcDbSymbolTableRecord
100
AcDbLayerTableRecord
  2
Layer 1
 70
0
 62
7
  6
Continuous
370
0
390
F
  0
LAYER
  5
C7
330
2
100
AcDbSymbolTableRecord
100
AcDbLayerTableRecord
  2
Defpoints
 70
0
 62
7
  6
Continuous
290
0
370
-3
390
F
  0
ENDTAB
  0
TABLE
  2
STYLE
  5
3
330
0
100
AcDbSymbolTable
 70
2
  0
STYLE
  5
55
330
3
100
AcDbSymbolTableRecord
100
AcDbTextStyleTableRecord
  2
Standard
 70
0
 40
0.0
 41
1.0
 50
0.0
 71
0
 42
0.2
  3
txt
  4

  0
STYLE
  5
5A
330
3
100
AcDbSymbolTableRecord
100
AcDbTextStyleTableRecord
  2
Annotative
 70
0
 40
0.0
 41
1.0
 50
0.0
 71
0
 42
0.2
  3
txt
  4

1001
AcadAnnotative
1000
AnnotativeData
1002
{
1070
1
1070
1
1002
}
  0
ENDTAB
  0
TABLE
  2
VIEW
  5
C6
330
0
100
AcDbSymbolTable
 70
0
  0
ENDTAB
  0
TABLE
  2
UCS
  5
C5
330
0
100
AcDbSymbolTable
 70
0
  0
ENDTAB
  0
TABLE
  2
APPID
  5
9
330
0
100
AcDbSymbolTable
 70
5
  0
APPID
  5
56
330
9
100
AcDbSymbolTableRecord
100
AcDbRegAppTableRecord
  2
ACAD
 70
0
  0
APPID
  5
5E
330
9
100
AcDbSymbolTableRecord
100
AcDbRegAppTableRecord
  2
AcadAnnotative
 70
0
  0
APPID
  5
BE
330
9
100
AcDbSymbolTableRecord
100
AcDbRegAppTableRecord
  2
ACAD_MLEADERVER
 70
0
  0
APPID
  5
CB
330
9
100
AcDbSymbolTableRecord
100
AcDbRegAppTableRecord
  2
HATCHBACKGROUNDCOLOR
 70
0
  0
APPID
  5
CC
330
9
100
AcDbSymbolTableRecord
100
AcDbRegAppTableRecord
  2
EZDXF
 70
0
  0
ENDTAB
  0
TABLE
  2
DIMSTYLE
  5
A
330
0
100
AcDbSymbolTable
 70
2
100
AcDbDimStyleTable
  0
DIMSTYLE
105
58
330
A
100
AcDbSymbolTableRecord
100
AcDbDimStyleTableRecord
  2
Standard
 70
0
  3

  4

 40
1.0
 41
2.5
 42
0.625
 43
3.75
 44
1.25
 45
0.0
 46
0.0
 47
0.0
 48
0.0
140
2.5
141
2.5
142
0.0
143
0.03937007874
144
1.0
145
0.0
146
1.0
147
0.625
148
0.0
 71
0
 72
0
 73
0
 74
0
 75
0
 76
0
 77
1
 78
8
 79
3
170
0
171
3
172
1
173
0
174
0
175
0
176
0
177
0
178
0
179
2
271
2
272
2
273
2
274
3
275
0
276
0
277
2
278
44
279
0
280
0
281
0
282
0
283
0
284
8
285
0
286
0
288
0
289
3
340
55
371
-2
372
-2
  0
DIMSTYLE
105
59
330
A
100
AcDbSymbolTableRecord
100
AcDbDimStyleTableRecord
  2
Annotative
 70
0
  3

  4

 40
1.0
 41
2.5
 42
0.625
 43
3.75
 44
1.25
 45
0.0
 46
0.0
 47
0.0
 48
0.0
140
2.5
141
2.5
142
0.0
143
0.03937007874
144
1.0
145
0.0
146
1.0
147
0.625
148
0.0
 71
0
 72
0
 73
0
 74
0
 75
0
 76
0
 77
1
 78
8
 79
3
170
0
171
3
172
1
173
0
174
0
175
0
176
0
177
0
178
0
179
2
271
2
272
2
273
2
274
3
275
0
276
0
277
2
278
44
279
0
280
0
281
0
282
0
283
0
284
8
285
0
286
0
288
0
289
3
340
55
371
-2
372
-2
1001
AcadAnnotative
1000
AnnotativeData
1002
{
1070
1
1070
1
1002
}
  0
ENDTAB
  0
TABLE
  2
BLOCK_RECORD
  5
1
330
0
100
AcDbSymbolTable
 70
3
  0
BLOCK_RECORD
  5
70
330
1
100
AcDbSymbolTableRecord
100
AcDbBlockTableRecord
  2
*Model_Space
340
73
  0
BLOCK_RECORD
  5
6C
330
1
100
AcDbSymbolTableRecord
100
AcDbBlockTableRecord
  2
*Paper_Space
340
6F
  0
BLOCK_RECORD
  5
74
330
1
100
AcDbSymbolTableRecord
100
AcDbBlockTableRecord
  2
*Paper_Space0
340
77
  0
ENDTAB
  0
ENDSEC
  0
SECTION
  2
BLOCKS
  0
BLOCK
  5
71
330
70
100
AcDbEntity
  8
0
100
AcDbBlockBegin
  2
*Model_Space
 70
0
 10
0.0
 20
0.0
 30
0.0
  3
*Model_Space
  1

  0
ENDBLK
  5
72
330
70
100
AcDbEntity
  8
0
100
AcDbBlockEnd
  0
BLOCK
  5
6D
330
6C
100
AcDbEntity
 67
1
  8
0
100
AcDbBlockBegin
  2
*Paper_Space
 70
0
 10
0.0
 20
0.0
 30
0.0
  3
*Paper_Space
  1

  0
ENDBLK
  5
6E
330
6C
100
AcDbEntity
 67
1
  8
0
100
AcDbBlockEnd
  0
BLOCK
  5
75
330
74
100
AcDbEntity
 67
1
  8
0
100
AcDbBlockBegin
  2
*Paper_Space0
 70
0
 10
0.0
 20
0.0
 30
0.0
  3
*Paper_Space0
  1

  0
ENDBLK
  5
76
330
74
100
AcDbEntity
 67
1
  8
0
100
AcDbBlockEnd
  0
ENDSEC
  0
SECTION
  2
ENTITIES
  0
LWPOLYLINE
  5
C8
330
70
100
AcDbEntity
  8
0
100
AcDbPolyline
 90
29
 70
0
 10
105.5586946011602
 20
-108.9739254149223
 10
104.72462823686845
 20
-107.86605470397863
 10
102.88968223542665
 20
-105.42873913990255
 10
101.05473623398483
 20
-102.99142357582647
 10
100.2206698696931
 20
-101.8835528648828
 10
101.65335521805758
 20
-101.8835528648828
 10
104.80526298445949
 20
-101.8835528648828
 10
107.9571707508614
 20
-101.8835528648828
 10
109.3898560992259
 20
-101.8835528648828
 10
109.6119638274927
 20
-101.56956807352353
 10
110.1006008296797
 20
-100.8788015325331
 10
110.5892378318667
 20
-100.18803499154268
 10
110.8113455601335
 20
-99.8740502001834
 10
108.93335134114093
 20
-99.8740502001834
 10
104.80176405935728
 20
-99.8740502001834
 10
100.67017677757363
 20
-99.8740502001834
 10
98.79218255858105
 20
-99.8740502001834
 10
97.75289414399168
 20
-98.4763103662772
 10
95.4664596318951
 20
-95.40128273168355
 10
93.18002511979851
 20
-92.32625509708988
 10
92.14073670520916
 20
-90.92851526318368
 10
96.31503509656737
 20
-90.92851526318368
 10
105.49849155755548
 20
-90.9285152631837
 10
114.68194801854358
 20
-90.92851526318367
 10
118.8562464099018
 20
-90.92851526318368
 10
116.77850393978592
 20
-93.74811059939285
 10
112.207470505531
 20
-99.951220339053
 10
107.63643707127608
 20
-106.15433007871314
 10
105.5586946011602
 20
-108.9739254149223
  0
LWPOLYLINE
  5
C9
330
70
100
AcDbEntity
  8
0
100
AcDbPolyline
 90
17
 70
0
 10
97.67235427110057
 20
-119.6761145398509
 10
95.59189340532836
 20
-116.88521038947982
 10
91.01487950062952
 20
-110.74522125866349
 10
86.43786559593067
 20
-104.60523212784716
 10
84.35740473015846
 20
-101.8143279774761
 10
86.46047403505263
 20
-101.8143279774761
 10
91.08722650581977
 20
-101.8143279774761
 10
95.7139789765869
 20
-101.8143279774761
 10
97.81704828148106
 20
-101.8143279774761
 10
98.83862675209156
 20
-103.18822129107033
 10
101.08609938743464
 20
-106.21078658097765
 10
103.3335720227777
 20
-109.23335187088496
 10
104.3551504933882
 20
-110.6072451844792
 10
103.31096358365576
 20
-112.02425602125601
 10
101.01375238224438
 20
-115.14167986216505
 10
98.71654118083302
 20
-118.25910370307408
 10
97.67235427110057
 20
-119.6761145398509
  0
LWPOLYLINE
  5
CA
330
70
100
AcDbEntity
  8
0
100
AcDbPolyline
 90
93
 70
0
 10
129.4795428482182
 20
-100.4586829040303
 10
129.32618226950765
 20
-100.23697486066936
 10
129.12185580946215
 20
-100.06865503140644
 10
128.8796763627725
 20
-99.96176556101489
 10
128.6127568241294
 20
-99.92434859426805
 10
126.6716137357441
 20
-99.92434859426805
 10
122.40109894129645
 20
-99.92434859426805
 10
118.1305841468488
 20
-99.92434859426805
 10
116.1894410584635
 20
-99.92434859426805
 10
115.97298207562612
 20
-100.22281363418841
 10
115.49677231338386
 20
-100.87943672201322
 10
115.02056255114161
 20
-101.53605980983802
 10
114.8041035683042
 20
-101.8345248497584
 10
114.80410356830421
 20
-101.83922821254001
 10
114.8041035683042
 20
-101.84957561065954
 10
114.80410356830421
 20
-101.85992300877908
 10
114.8041035683042
 20
-101.8646263715607
 10
116.66020595495057
 20
-101.8646263715607
 10
120.74363120557254
 20
-101.8646263715607
 10
124.82705645619453
 20
-101.86462637156069
 10
126.6831588428409
 20
-101.8646263715607
 10
124.62030026181364
 20
-104.64026982552444
 10
120.08201138355369
 20
-110.7466854242447
 10
115.54372250529374
 20
-116.85310102296495
 10
113.4808639242665
 20
-119.6287444769287
 10
112.43215532670966
 20
-118.21832776822913
 10
110.1249964120846
 20
-115.11541100909005
 10
107.81783749745955
 20
-112.01249424995099
 10
106.7691288999027
 20
-110.6020775412514
 10
109.07976520778317
 20
-107.46642160907905
 10
114.1631650851202
 20
-100.56797855829984
 10
119.24656496245723
 20
-93.66953550752065
 10
121.5572012703377
 20
-90.5338795753483
 10
121.74389728643577
 20
-90.03335066032611
 10
121.63453150373412
 20
-89.52449045430808
 10
121.29124030365732
 20
-89.13391888677836
 10
120.77616006763
 20
-88.98825588722116
 10
116.00028387840153
 20
-88.98824524895213
 10
105.49331915730241
 20
-88.98823978605724
 10
94.9863473006655
 20
-88.98823777341175
 10
90.21044970482369
 20
-88.98823748589096
 10
89.94345749619767
 20
-89.02568136744628
 10
89.70128612395055
 20
-89.1326300504165
 10
89.49700003611778
 20
-89.30100909225808
 10
89.34366368073483
 20
-89.52274405042748
 10
89.25720793294016
 20
-89.77809291290569
 10
89.24397123013041
 20
-90.04250129991776
 10
89.3026293637285
 20
-90.30067621728622
 10
89.43185812515723
 20
-90.53732467083356
 10
90.51663256607529
 20
-91.99618803479447
 10
92.90313633609497
 20
-95.20568743550848
 10
95.28964010611466
 20
-98.41518683622249
 10
96.37441454703271
 20
-99.8740502001834
 10
94.19469186759174
 20
-99.8740502001834
 10
89.39930197282163
 20
-99.8740502001834
 10
84.60391207805151
 20
-99.8740502001834
 10
82.42418939861054
 20
-99.8740502001834
 10
81.90914470279941
 20
-100.02133179751314
 10
81.56444559470617
 20
-100.41291709039376
 10
81.45519509022351
 20
-100.9225609484094
 10
81.64649620524413
 20
-101.4240182411442
 10
84.02970029596828
 20
-104.62105553052737
 10
89.27278548017941
 20
-111.65455665976356
 10
94.51587762297095
 20
-118.6880614606523
 10
96.89910258943625
 20
-121.8851097649931
 10
97.05480206500361
 20
-122.04972611660939
 10
97.2417819309847
 20
-122.17238766476936
 10
97.45185470264036
 20
-122.2489925926609
 10
97.67683289523141
 20
-122.2754390834719
 10
97.90318593296129
 20
-122.24868116214856
 10
98.11437672229509
 20
-122.17117404771534
 10
98.30204637490682
 20
-122.0471405162337
 10
98.45783600247039
 20
-121.8808033437651
 10
99.56842176742063
 20
-120.37368175819043
 10
102.01171041202572
 20
-117.0580142193514
 10
104.45499904926821
 20
-113.74234667078649
 10
105.5655847921307
 20
-112.2352250560341
 10
106.68074605182098
 20
-113.73499892888233
 10
109.13410082313959
 20
-117.0345014491485
 10
111.58745559445822
 20
-120.33400396941465
 10
112.7026168541485
 20
-121.8337778422629
 10
113.04827334257645
 20
-122.12368115213295
 10
113.48149051055829
 20
-122.22054985321405
 10
113.91456668229152
 20
-122.12394074665491
 10
114.2598001819737
 20
-121.8334106336042
 10
116.62410452055074
 20
-118.65212030917536
 10
121.82557422970018
 20
-111.65325946379947
 10
127.02704397044187
 20
-104.65439436234044
 10
129.3913484037958
 20
-101.4730912696621
 10
129.52057716522455
 20
-101.23654240090615
 10
129.57923529882262
 20
-100.97841862167378
 10
129.56599859601292
 20
-100.71402907502764
 10
129.4795428482182
 20
-100.4586829040303
  0
ENDSEC
  0
SECTION
  2
OBJECTS
  0
DICTIONARY
  5
C
330
0
100
AcDbDictionary
281
1
  3
ACAD_COLOR
350
63
  3
ACAD_DETAILVIEWSTYLE
350
6A
  3
ACAD_GROUP
350
D
  3
ACAD_LAYOUT
350
62
  3
ACAD_MATERIAL
350
10
  3
ACAD_MLEADERSTYLE
350
66
  3
ACAD_MLINESTYLE
350
5F
  3
ACAD_PLOTSETTINGS
350
61
  3
ACAD_PLOTSTYLENAME
350
E
  3
ACAD_SCALELIST
350
42
  3
ACAD_SECTIONVIEWSTYLE
350
68
  3
ACAD_TABLESTYLE
350
64
  3
ACAD_VISUALSTYLE
350
29
  3
ACDB_RECOMPOSE_DATA
350
89
  3
AcDbVariableDictionary
350
7C
  3
EZDXF_META
350
CD
  0
DICTIONARY
  5
63
102
{ACAD_REACTORS
330
C
102
}
330
C
100
AcDbDictionary
281
1
  0
DICTIONARY
  5
6A
102
{ACAD_REACTORS
330
C
102
}
330
C
100
AcDbDictionary
281
1
  3
Imperial24
350
6B
  0
DICTIONARY
  5
D
102
{ACAD_REACTORS
330
C
102
}
330
C
100
AcDbDictionary
281
1
  0
DICTIONARY
  5
62
102
{ACAD_REACTORS
330
C
102
}
330
C
100
AcDbDictionary
281
1
  3
Layout1
350
6F
  3
Layout2
350
77
  3
Model
350
73
  0
DICTIONARY
  5
10
102
{ACAD_REACTORS
330
C
102
}
330
C
100
AcDbDictionary
281
1
  3
ByBlock
350
19
  3
ByLayer
350
11
  3
Global
350
21
  0
DICTIONARY
  5
66
102
{ACAD_REACTORS
330
C
102
}
330
C
100
AcDbDictionary
281
1
  3
Standard
350
67
  0
DICTIONARY
  5
5F
102
{ACAD_REACTORS
330
C
102
}
330
C
100
AcDbDictionary
281
1
  3
Standard
350
60
  0
DICTIONARY
  5
61
102
{ACAD_REACTORS
330
C
102
}
330
C
100
AcDbDictionary
281
1
  0
ACDBDICTIONARYWDFLT
  5
E
102
{ACAD_REACTORS
330
C
102
}
330
C
100
AcDbDictionary
281
1
  3
Normal
350
F
100
AcDbDictionaryWithDefault
340
F
  0
DICTIONARY
  5
42
102
{ACAD_REACTORS
330
C
102
}
330
C
100
AcDbDictionary
281
1
  3
A0
350
43
  3
A1
350
44
  3
A2
350
45
  3
A3
350
46
  3
A4
350
47
  3
A5
350
48
  3
A6
350
49
  3
A7
350
4A
  3
A8
350
4B
  3
A9
350
4C
  3
B0
350
4D
  3
B1
350
4E
  3
B2
350
4F
  3
B3
350
50
  3
B4
350
51
  3
B5
350
52
  3
B6
350
53
  0
DICTIONARY
  5
68
102
{ACAD_REACTORS
330
C
102
}
330
C
100
AcDbDictionary
281
1
  3
Imperial24
350
69
  0
DICTIONARY
  5
64
102
{ACAD_REACTORS
330
C
102
}
330
C
100
AcDbDictionary
281
1
  3
Standard
350
65
  0
DICTIONARY
  5
29
102
{ACAD_REACTORS
330
C
102
}
330
C
100
AcDbDictionary
281
1
  3
2dWireframe
350
2F
  3
Basic
350
2E
  3
Brighten
350
35
  3
ColorChange
350
39
  3
Conceptual
350
32
  3
Dim
350
34
  3
EdgeColorOff
350
41
  3
Facepattern
350
38
  3
Flat
350
2A
  3
FlatWithEdges
350
2B
  3
Gouraud
350
2C
  3
GouraudWithEdges
350
2D
  3
Hidden
350
31
  3
JitterOff
350
3F
  3
Linepattern
350
37
  3
OverhangOff
350
40
  3
Realistic
350
33
  3
Shaded
350
3E
  3
Shaded with edges
350
3D
  3
Shades of Gray
350
3A
  3
Sketchy
350
3B
  3
Thicken
350
36
  3
Wireframe
350
30
  3
X-Ray
350
3C
  0
XRECORD
  5
89
102
{ACAD_REACTORS
330
C
102
}
330
C
100
AcDbXrecord
280
1
 90
1
330
65
  0
DICTIONARY
  5
7C
102
{ACAD_REACTORS
330
C
102
}
330
C
100
AcDbDictionary
281
1
  3
CANNOSCALE
350
82
  3
CMLEADERSTYLE
350
7E
  3
CTABLESTYLE
350
7D
  3
CVIEWDETAILSTYLE
350
7F
  3
CVIEWSECTIONSTYLE
350
80
  3
LAYEREVAL
350
84
  3
LAYERNOTIFY
350
85
  3
LIGHTINGUNITS
350
83
  3
MSLTSCALE
350
81
  3
XCLIPFRAME
350
86
  0
ACDBDETAILVIEWSTYLE
  5
6B
102
{ACAD_XDICTIONARY
360
C3
102
}
102
{ACAD_REACTORS
330
6A
102
}
330
6A
100
AcDbModelDocViewStyle
 70
0
  3
Imperial24
290
0
100
AcDbDetailViewStyle
 70
0
 71
0
 90
3
 71
1
340
55
 62
256
 40
0.24
340
0
 62
256
 40
0.24
300

 40
0.36
280
3
 71
2
340
5D
 90
25
 62
256
 71
3
340
55
 62
256
 40
0.24
 90
1
 40
0.75
 90
1
300
%<\AcVar ViewType \f "%tc1">% %<\AcVar ViewDetailId>%\PSCALE %<\AcVar ViewScale \f "%sn">%
 71
4
340
5D
 90
25
 62
256
340
5D
 90
25
 62
256
280
0
  0
LAYOUT
  5
6F
102
{ACAD_REACTORS
330
62
102
}
330
62
100
AcDbPlotSettings
  1

  4

  6

 40
0.0
 41
0.0
 42
0.0
 43
0.0
 44
0.0
 45
0.0
 46
0.0
 47
0.0
 48
0.0
 49
0.0
140
0.0
141
0.0
142
1.0
143
1.0
 70
688
 72
0
 73
0
 74
5
  7

 75
16
 76
0
 77
2
 78
300
147
1.0
148
0.0
149
0.0
100
AcDbLayout
  1
Layout1
 70
1
 71
1
 10
0.0
 20
0.0
 11
12.0
 21
9.0
 12
0.0
 22
0.0
 32
0.0
 14
0.0
 24
0.0
 34
0.0
 15
0.0
 25
0.0
 35
0.0
146
0.0
 13
0.0
 23
0.0
 33
0.0
 16
1.0
 26
0.0
 36
0.0
 17
0.0
 27
1.0
 37
0.0
 76
0
330
6C
  0
LAYOUT
  5
77
102
{ACAD_REACTORS
330
62
102
}
330
62
100
AcDbPlotSettings
  1

  4

  6

 40
0.0
 41
0.0
 42
0.0
 43
0.0
 44
0.0
 45
0.0
 46
0.0
 47
0.0
 48
0.0
 49
0.0
140
0.0
141
0.0
142
1.0
143
1.0
 70
688
 72
0
 73
0
 74
5
  7

 75
16
 76
0
 77
2
 78
300
147
1.0
148
0.0
149
0.0
100
AcDbLayout
  1
Layout2
 70
1
 71
2
 10
0.0
 20
0.0
 11
12.0
 21
9.0
 12
0.0
 22
0.0
 32
0.0
 14
0.0
 24
0.0
 34
0.0
 15
0.0
 25
0.0
 35
0.0
146
0.0
 13
0.0
 23
0.0
 33
0.0
 16
1.0
 26
0.0
 36
0.0
 17
0.0
 27
1.0
 37
0.0
 76
0
330
74
  0
LAYOUT
  5
73
102
{ACAD_REACTORS
330
62
102
}
330
62
100
AcDbPlotSettings
  1

  4

  6

 40
0.0
 41
0.0
 42
0.0
 43
0.0
 44
0.0
 45
0.0
 46
0.0
 47
0.0
 48
0.0
 49
0.0
140
0.0
141
0.0
142
1.0
143
1.0
 70
1712
 72
0
 73
0
 74
0
  7

 75
0
 76
0
 77
2
 78
300
147
1.0
148
0.0
149
0.0
100
AcDbLayout
  1
Model
 70
1
 71
0
 10
0.0
 20
0.0
 11
12.0
 21
9.0
 12
0.0
 22
0.0
 32
0.0
 14
0.0
 24
0.0
 34
0.0
 15
0.0
 25
0.0
 35
0.0
146
0.0
 13
0.0
 23
0.0
 33
0.0
 16
1.0
 26
0.0
 36
0.0
 17
0.0
 27
1.0
 37
0.0
 76
0
330
70
  0
MATERIAL
  5
19
102
{ACAD_XDICTIONARY
360
1A
102
}
102
{ACAD_REACTORS
330
10
102
}
330
10
100
AcDbMaterial
  1
ByBlock
  2

 70
0
 40
1.0
 71
0
 41
1.0
 91
-1023410177
 42
1.0
 72
0
  3

 73
1
 74
1
 75
1
 43
0.0208333333333333
 43
0.0
 43
0.0
 43
0.0
 43
0.0
 43
0.0208333333333333
 43
0.0
 43
0.0
 43
0.0
 43
0.0
 43
1.0
 43
0.0
 43
0.0
 43
0.0
 43
0.0
 43
1.0
 44
0.5
 73
0
 45
1.0
 46
1.0
 77
0
  4

 78
1
 79
1
170
1
 47
0.0208333333333333
 47
0.0
 47
0.0
 47
0.0
 47
0.0
 47
0.0208333333333333
 47
0.0
 47
0.0
 47
0.0
 47
0.0
 47
1.0
 47
0.0
 47
0.0
 47
0.0
 47
0.0
 47
1.0
 48
1.0
171
0
  6

172
1
173
1
174
1
 49
0.0208333333333333
 49
0.0
 49
0.0
 49
0.0
 49
0.0
 49
0.0208333333333333
 49
0.0
 49
0.0
 49
0.0
 49
0.0
 49
1.0
 49
0.0
 49
0.0
 49
0.0
 49
0.0
 49
1.0
140
1.0
141
1.0
175
0
  7

176
1
177
1
178
1
142
0.0208333333333333
142
0.0
142
0.0
142
0.0
142
0.0
142
0.0208333333333333
142
0.0
142
0.0
142
0.0
142
0.0
142
1.0
142
0.0
142
0.0
142
0.0
142
0.0
142
1.0
143
1.0
179
0
  8

270
1
271
1
272
1
144
0.0208333333333333
144
0.0
144
0.0
144
0.0
144
0.0
144
0.0208333333333333
144
0.0
144
0.0
144
0.0
144
0.0
144
1.0
144
0.0
144
0.0
144
0.0
144
0.0
144
1.0
145
1.0
146
1.0
273
1
  9

274
1
275
1
276
1
147
0.0208333333333333
147
0.0
147
0.0
147
0.0
147
0.0
147
0.0208333333333333
147
0.0
147
0.0
147
0.0
147
0.0
147
1.0
147
0.0
147
0.0
147
0.0
147
0.0
147
1.0
 42
1.0
 72
1
  3

 73
1
 74
1
 75
1
 94
63
  0
MATERIAL
  5
11
102
{ACAD_XDICTIONARY
360
12
102
}
102
{ACAD_REACTORS
330
10
102
}
330
10
100
AcDbMaterial
  1
ByLayer
  2

 70
0
 40
1.0
 71
0
 41
1.0
 91
-1023410177
 42
1.0
 72
0
  3

 73
1
 74
1
 75
1
 43
0.0208333333333333
 43
0.0
 43
0.0
 43
0.0
 43
0.0
 43
0.0208333333333333
 43
0.0
 43
0.0
 43
0.0
 43
0.0
 43
1.0
 43
0.0
 43
0.0
 43
0.0
 43
0.0
 43
1.0
 44
0.5
 73
0
 45
1.0
 46
1.0
 77
0
  4

 78
1
 79
1
170
1
 47
0.0208333333333333
 47
0.0
 47
0.0
 47
0.0
 47
0.0
 47
0.0208333333333333
 47
0.0
 47
0.0
 47
0.0
 47
0.0
 47
1.0
 47
0.0
 47
0.0
 47
0.0
 47
0.0
 47
1.0
 48
1.0
171
0
  6

172
1
173
1
174
1
 49
0.0208333333333333
 49
0.0
 49
0.0
 49
0.0
 49
0.0
 49
0.0208333333333333
 49
0.0
 49
0.0
 49
0.0
 49
0.0
 49
1.0
 49
0.0
 49
0.0
 49
0.0
 49
0.0
 49
1.0
140
1.0
141
1.0
175
0
  7

176
1
177
1
178
1
142
0.0208333333333333
142
0.0
142
0.0
142
0.0
142
0.0
142
0.0208333333333333
142
0.0
142
0.0
142
0.0
142
0.0
142
1.0
142
0.0
142
0.0
142
0.0
142
0.0
142
1.0
143
1.0
179
0
  8

270
1
271
1
272
1
144
0.0208333333333333
144
0.0
144
0.0
144
0.0
144
0.0
144
0.0208333333333333
144
0.0
144
0.0
144
0.0
144
0.0
144
1.0
144
0.0
144
0.0
144
0.0
144
0.0
144
1.0
145
1.0
146
1.0
273
1
  9

274
1
275
1
276
1
147
0.0208333333333333
147
0.0
147
0.0
147
0.0
147
0.0
147
0.0208333333333333
147
0.0
147
0.0
147
0.0
147
0.0
147
1.0
147
0.0
147
0.0
147
0.0
147
0.0
147
1.0
 42
1.0
 72
1
  3

 73
1
 74
1
 75
1
 94
63
  0
MATERIAL
  5
21
102
{ACAD_XDICTIONARY
360
22
102
}
102
{ACAD_REACTORS
330
10
102
}
330
10
100
AcDbMaterial
  1
Global
  2

 70
0
 40
1.0
 71
0
 41
1.0
 91
-1023410177
 42
1.0
 72
0
  3

 73
1
 74
1
 75
1
 43
0.0208333333333333
 43
0.0
 43
0.0
 43
0.0
 43
0.0
 43
0.0208333333333333
 43
0.0
 43
0.0
 43
0.0
 43
0.0
 43
1.0
 43
0.0
 43
0.0
 43
0.0
 43
0.0
 43
1.0
 44
0.5
 73
0
 45
1.0
 46
1.0
 77
0
  4

 78
1
 79
1
170
1
 47
0.0208333333333333
 47
0.0
 47
0.0
 47
0.0
 47
0.0
 47
0.0208333333333333
 47
0.0
 47
0.0
 47
0.0
 47
0.0
 47
1.0
 47
0.0
 47
0.0
 47
0.0
 47
0.0
 47
1.0
 48
1.0
171
0
  6

172
1
173
1
174
1
 49
0.0208333333333333
 49
0.0
 49
0.0
 49
0.0
 49
0.0
 49
0.0208333333333333
 49
0.0
 49
0.0
 49
0.0
 49
0.0
 49
1.0
 49
0.0
 49
0.0
 49
0.0
 49
0.0
 49
1.0
140
1.0
141
1.0
175
0
  7

176
1
177
1
178
1
142
0.0208333333333333
142
0.0
142
0.0
142
0.0
142
0.0
142
0.0208333333333333
142
0.0
142
0.0
142
0.0
142
0.0
142
1.0
142
0.0
142
0.0
142
0.0
142
0.0
142
1.0
143
1.0
179
0
  8

270
1
271
1
272
1
144
0.0208333333333333
144
0.0
144
0.0
144
0.0
144
0.0
144
0.0208333333333333
144
0.0
144
0.0
144
0.0
144
0.0
144
1.0
144
0.0
144
0.0
144
0.0
144
0.0
144
1.0
145
1.0
146
1.0
273
1
  9

274
1
275
1
276
1
147
0.0208333333333333
147
0.0
147
0.0
147
0.0
147
0.0
147
0.0208333333333333
147
0.0
147
0.0
147
0.0
147
0.0
147
1.0
147
0.0
147
0.0
147
0.0
147
0.0
147
1.0
 42
1.0
 72
1
  3

 73
1
 74
1
 75
1
 94
63
  0
MLEADERSTYLE
  5
67
102
{ACAD_XDICTIONARY
360
BF
102
}
102
{ACAD_REACTORS
330
66
102
}
330
66
100
AcDbMLeaderStyle
179
2
170
2
171
1
172
0
 90
2
 40
0.0
 41
0.0
173
1
 91
-1056964608
340
5B
 92
-2
290
1
 42
0.09
291
1
 43
0.36
  3
Standard
 44
0.18
300

342
55
174
1
175
1
176
0
178
6
 93
-1056964608
 45
0.18
292
0
297
0
 46
0.18
293
1
 94
-1056964608
 47
1.0
 49
1.0
140
1.0
294
1
141
0.0
177
0
142
1.0
295
0
296
0
143
0.125
271
0
272
9
273
9
1001
ACAD_MLEADERVER
1070
2
  0
MLINESTYLE
  5
60
102
{ACAD_REACTORS
330
5F
102
}
330
5F
100
AcDbMlineStyle
  2
STANDARD
 70
0
  3

 62
256
 51
90.0
 52
90.0
 71
2
 49
0.5
 62
256
  6
BYLAYER
 49
-0.5
 62
256
  6
BYLAYER
  0
ACDBPLACEHOLDER
  5
F
102
{ACAD_REACTORS
330
E
102
}
330
E
  0
SCALE
  5
43
102
{ACAD_REACTORS
330
42
102
}
330
42
100
AcDbScale
 70
0
300
1:1
140
1.0
141
1.0
290
1
  0
SCALE
  5
44
102
{ACAD_REACTORS
330
42
102
}
330
42
100
AcDbScale
 70
0
300
1/128" = 1'-0"
140
0.0078125
141
12.0
290
0
  0
SCALE
  5
45
102
{ACAD_REACTORS
330
42
102
}
330
42
100
AcDbScale
 70
0
300
1/64" = 1'-0"
140
0.015625
141
12.0
290
0
  0
SCALE
  5
46
102
{ACAD_REACTORS
330
42
102
}
330
42
100
AcDbScale
 70
0
300
1/32" = 1'-0"
140
0.03125
141
12.0
290
0
  0
SCALE
  5
47
102
{ACAD_REACTORS
330
42
102
}
330
42
100
AcDbScale
 70
0
300
1/16" = 1'-0"
140
0.0625
141
12.0
290
0
  0
SCALE
  5
48
102
{ACAD_REACTORS
330
42
102
}
330
42
100
AcDbScale
 70
0
300
3/32" = 1'-0"
140
0.09375
141
12.0
290
0
  0
SCALE
  5
49
102
{ACAD_REACTORS
330
42
102
}
330
42
100
AcDbScale
 70
0
300
1/8" = 1'-0"
140
0.125
141
12.0
290
0
  0
SCALE
  5
4A
102
{ACAD_REACTORS
330
42
102
}
330
42
100
AcDbScale
 70
0
300
3/16" = 1'-0"
140
0.1875
141
12.0
290
0
  0
SCALE
  5
4B
102
{ACAD_REACTORS
330
42
102
}
330
42
100
AcDbScale
 70
0
300
1/4" = 1'-0"
140
0.25
141
12.0
290
0
  0
SCALE
  5
4C
102
{ACAD_REACTORS
330
42
102
}
330
42
100
AcDbScale
 70
0
300
3/8" = 1'-0"
140
0.375
141
12.0
290
0
  0
SCALE
  5
4D
102
{ACAD_REACTORS
330
42
102
}
330
42
100
AcDbScale
 70
0
300
1/2" = 1'-0"
140
0.5
141
12.0
290
0
  0
SCALE
  5
4E
102
{ACAD_REACTORS
330
42
102
}
330
42
100
AcDbScale
 70
0
300
3/4" = 1'-0"
140
0.75
141
12.0
290
0
  0
SCALE
  5
4F
102
{ACAD_REACTORS
330
42
102
}
330
42
100
AcDbScale
 70
0
300
1" = 1'-0"
140
1.0
141
12.0
290
0
  0
SCALE
  5
50
102
{ACAD_REACTORS
330
42
102
}
330
42
100
AcDbScale
 70
0
300
1-1/2" = 1'-0"
140
1.5
141
12.0
290
0
  0
SCALE
  5
51
102
{ACAD_REACTORS
330
42
102
}
330
42
100
AcDbScale
 70
0
300
3" = 1'-0"
140
3.0
141
12.0
290
0
  0
SCALE
  5
52
102
{ACAD_REACTORS
330
42
102
}
330
42
100
AcDbScale
 70
0
300
6" = 1'-0"
140
6.0
141
12.0
290
0
  0
SCALE
  5
53
102
{ACAD_REACTORS
330
42
102
}
330
42
100
AcDbScale
 70
0
300
1'-0" = 1'-0"
140
12.0
141
12.0
290
0
  0
ACDBSECTIONVIEWSTYLE
  5
69
102
{ACAD_XDICTIONARY
360
C1
102
}
102
{ACAD_REACTORS
330
68
102
}
330
68
100
AcDbModelDocViewStyle
 70
0
  3
Imperial24
290
0
100
AcDbSectionViewStyle
 70
0
 71
0
 90
78
 71
1
340
55
 62
256
 40
0.24
340
0
340
0
 62
256
 40
0.24
300
I, O, Q, S, X, Z
 40
0.48
 90
3
 40
0.18
 90
1
 71
2
340
5D
 90
25
 62
256
340
5D
 90
50
 62
256
 40
0.24
 40
0.0
 40
0.24
 71
3
340
55
 62
256
 40
0.24
 90
1
 40
0.75
 90
1
300
%<\AcVar ViewType \f "%tc1">% %<\AcVar ViewSectionStartId>%-%<\AcVar ViewSectionEndId>%\PSCALE %<\AcVar ViewScale \f "%sn">%
 71
4
 62
256
 62
257
300
ANSI31
 40
1.0
 90
0
290
0
290
0
 90
6
 40
0.0
 40
1.570796326794896
 40
0.2617993877991494
 40
1.308996938995747
 40
-0.2617993877991494
 40
1.832595714594046
  0
TABLESTYLE
  5
65
102
{ACAD_XDICTIONARY
360
87
102
}
102
{ACAD_REACTORS
330
64
102
}
330
64
100
AcDbTableStyle
  3
Standard
 70
0
 71
0
 40
0.06
 41
0.06
280
0
281
0
  7
Standard
140
0.18
170
2
 62
0
 63
7
283
0
274
-2
284
1
 64
0
275
-2
285
1
 65
0
276
-2
286
1
 66
0
277
-2
287
1
 67
0
278
-2
288
1
 68
0
279
-2
289
1
 69
0
  7
Standard
140
0.25
170
5
 62
0
 63
7
283
0
274
-2
284
1
 64
0
275
-2
285
1
 65
0
276
-2
286
1
 66
0
277
-2
287
1
 67
0
278
-2
288
1
 68
0
279
-2
289
1
 69
0
  7
Standard
140
0.18
170
5
 62
0
 63
7
283
0
274
-2
284
1
 64
0
275
-2
285
1
 65
0
276
-2
286
1
 66
0
277
-2
287
1
 67
0
278
-2
288
1
 68
0
279
-2
289
1
 69
0
  0
VISUALSTYLE
  5
2F
102
{ACAD_XDICTIONARY
360
97
102
}
102
{ACAD_REACTORS
330
29
102
}
330
29
100
AcDbVisualStyle
  2
2dWireframe
 70
4
 71
0
 72
2
 73
0
 90
0
 40
-0.6
 41
-30.0
 62
5
 63
7
421
16777215
 74
1
 91
4
 64
7
 65
257
 75
1
175
1
 42
1.0
 92
0
 66
257
 43
1.0
 76
1
 77
6
 78
2
 67
7
 79
5
170
0
171
0
290
0
174
0
 93
1
 44
0.0
173
0
291
0
 45
0.0
1001
ACAD
1000
AcDbSavedByObjectVersion
1070
0
  0
VISUALSTYLE
  5
2E
102
{ACAD_XDICTIONARY
360
95
102
}
102
{ACAD_REACTORS
330
29
102
}
330
29
100
AcDbVisualStyle
  2
Basic
 70
7
 71
1
 72
0
 73
1
 90
0
 40
-0.6
 41
-30.0
 62
5
 63
7
421
16777215
 74
0
 91
4
 64
7
 65
257
 75
1
175
1
 42
1.0
 92
8
 66
7
 43
1.0
 76
1
 77
6
 78
2
 67
7
 79
5
170
0
171
0
290
0
174
0
 93
1
 44
0.0
173
0
291
1
 45
0.0
1001
ACAD
1000
AcDbSavedByObjectVersion
1070
0
  0
VISUALSTYLE
  5
35
102
{ACAD_XDICTIONARY
360
A3
102
}
102
{ACAD_REACTORS
330
29
102
}
330
29
100
AcDbVisualStyle
  2
Brighten
 70
12
 71
2
 72
2
 73
0
 90
0
 40
-0.6
 41
-30.0
 62
5
 63
7
421
16777215
 74
1
 91
4
 64
7
 65
257
 75
1
175
1
 42
1.0
 92
8
 66
7
 43
1.0
 76
1
 77
6
 78
2
 67
7
 79
5
170
0
171
0
290
0
174
0
 93
1
 44
50.0
173
0
291
1
 45
0.0
1001
ACAD
1000
AcDbSavedByObjectVersion
1070
0
  0
VISUALSTYLE
  5
39
102
{ACAD_XDICTIONARY
360
AB
102
}
102
{ACAD_REACTORS
330
29
102
}
330
29
100
AcDbVisualStyle
  2
ColorChange
 70
16
 71
2
 72
2
 73
3
 90
0
 40
-0.6
 41
-30.0
 62
5
 63
8
421
8421504
 74
1
 91
4
 64
7
 65
257
 75
1
175
1
 42
1.0
 92
8
 66
8
 43
1.0
 76
1
 77
6
 78
2
 67
7
 79
5
170
0
171
0
290
0
174
0
 93
1
 44
0.0
173
0
291
1
 45
0.0
1001
ACAD
1000
AcDbSavedByObjectVersion
1070
0
  0
VISUALSTYLE
  5
32
102
{ACAD_XDICTIONARY
360
9D
102
}
102
{ACAD_REACTORS
330
29
102
}
330
29
100
AcDbVisualStyle
  2
Conceptual
 70
9
 71
3
 72
2
 73
0
 90
0
 40
-0.6
 41
-30.0
 62
5
 63
7
421
16777215
 74
2
 91
2
 64
7
 65
257
 75
1
175
1
 42
179.0
 92
8
 66
7
 43
1.0
 76
1
 77
6
 78
2
 67
7
 79
3
170
0
171
0
290
0
174
0
 93
1
 44
0.0
173
0
291
0
 45
0.0
1001
ACAD
1000
AcDbSavedByObjectVersion
1070
0
  0
VISUALSTYLE
  5
34
102
{ACAD_XDICTIONARY
360
A1
102
}
102
{ACAD_REACTORS
330
29
102
}
330
29
100
AcDbVisualStyle
  2
Dim
 70
11
 71
2
 72
2
 73
0
 90
0
 40
-0.6
 41
-30.0
 62
5
 63
7
421
16777215
 74
1
 91
4
 64
7
 65
257
 75
1
175
1
 42
1.0
 92
8
 66
7
 43
1.0
 76
1
 77
6
 78
2
 67
7
 79
5
170
0
171
0
290
0
174
0
 93
1
 44
-50.0
173
0
291
1
 45
0.0
1001
ACAD
1000
AcDbSavedByObjectVersion
1070
0
  0
VISUALSTYLE
  5
41
102
{ACAD_XDICTIONARY
360
BB
102
}
102
{ACAD_REACTORS
330
29
102
}
330
29
100
AcDbVisualStyle
  2
EdgeColorOff
 70
22
 71
2
 72
2
 73
0
 90
0
 40
-0.6
 41
-30.0
 62
5
 63
7
421
16777215
 74
1
 91
4
 64
7
 65
257
 75
1
175
1
 42
1.0
 92
8
 66
7
 43
1.0
 76
1
 77
6
 78
2
 67
7
 79
5
170
0
171
0
290
0
174
0
 93
1
 44
0.0
173
0
291
1
 45
0.0
1001
ACAD
1000
AcDbSavedByObjectVersion
1070
0
  0
VISUALSTYLE
  5
38
102
{ACAD_XDICTIONARY
360
A9
102
}
102
{ACAD_REACTORS
330
29
102
}
330
29
100
AcDbVisualStyle
  2
Facepattern
 70
15
 71
2
 72
2
 73
0
 90
0
 40
-0.6
 41
-30.0
 62
5
 63
7
421
16777215
 74
1
 91
4
 64
7
 65
257
 75
1
175
1
 42
1.0
 92
8
 66
7
 43
1.0
 76
1
 77
6
 78
2
 67
7
 79
5
170
0
171
0
290
0
174
0
 93
1
 44
0.0
173
0
291
1
 45
0.0
1001
ACAD
1000
AcDbSavedByObjectVersion
1070
0
  0
VISUALSTYLE
  5
2A
102
{ACAD_XDICTIONARY
360
8D
102
}
102
{ACAD_REACTORS
330
29
102
}
330
29
100
AcDbVisualStyle
  2
Flat
 70
0
 71
2
 72
1
 73
1
 90
2
 40
-0.6
 41
30.0
 62
5
 63
7
421
16777215
 74
0
 91
0
 64
7
 65
257
 75
1
175
1
 42
1.0
 92
8
 66
7
 43
1.0
 76
1
 77
6
 78
2
 67
7
 79
5
170
0
171
0
290
0
174
0
 93
13
 44
0.0
173
0
291
1
 45
0.0
1001
ACAD
1000
AcDbSavedByObjectVersion
1070
0
  0
VISUALSTYLE
  5
2B
102
{ACAD_XDICTIONARY
360
8F
102
}
102
{ACAD_REACTORS
330
29
102
}
330
29
100
AcDbVisualStyle
  2
FlatWithEdges
 70
1
 71
2
 72
1
 73
1
 90
2
 40
-0.6
 41
30.0
 62
5
 63
7
421
16777215
 74
1
 91
0
 64
7
 65
257
 75
1
175
1
 42
1.0
 92
0
 66
257
 43
1.0
 76
1
 77
6
 78
2
 67
7
 79
5
170
0
171
0
290
0
174
0
 93
13
 44
0.0
173
0
291
1
 45
0.0
1001
ACAD
1000
AcDbSavedByObjectVersion
1070
0
  0
VISUALSTYLE
  5
2C
102
{ACAD_XDICTIONARY
360
91
102
}
102
{ACAD_REACTORS
330
29
102
}
330
29
100
AcDbVisualStyle
  2
Gouraud
 70
2
 71
2
 72
2
 73
1
 90
2
 40
-0.6
 41
30.0
 62
5
 63
7
421
16777215
 74
0
 91
0
 64
7
 65
257
 75
1
175
1
 42
1.0
 92
0
 66
7
 43
1.0
 76
1
 77
6
 78
2
 67
7
 79
5
170
0
171
0
290
0
174
0
 93
13
 44
0.0
173
0
291
1
 45
0.0
1001
ACAD
1000
AcDbSavedByObjectVersion
1070
0
  0
VISUALSTYLE
  5
2D
102
{ACAD_XDICTIONARY
360
93
102
}
102
{ACAD_REACTORS
330
29
102
}
330
29
100
AcDbVisualStyle
  2
GouraudWithEdges
 70
3
 71
2
 72
2
 73
1
 90
2
 40
-0.6
 41
30.0
 62
5
 63
7
421
16777215
 74
1
 91
0
 64
7
 65
257
 75
1
175
1
 42
1.0
 92
0
 66
257
 43
1.0
 76
1
 77
6
 78
2
 67
7
 79
5
170
0
171
0
290
0
174
0
 93
13
 44
0.0
173
0
291
1
 45
0.0
1001
ACAD
1000
AcDbSavedByObjectVersion
1070
0
  0
VISUALSTYLE
  5
31
102
{ACAD_XDICTIONARY
360
9B
102
}
102
{ACAD_REACTORS
330
29
102
}
330
29
100
AcDbVisualStyle
  2
Hidden
 70
6
 71
1
 72
2
 73
2
 90
0
 40
-0.6
 41
-30.0
 62
5
 63
7
421
16777215
 74
2
 91
2
 64
7
 65
257
 75
2
175
1
 42
40.0
 92
0
 66
257
 43
1.0
 76
1
 77
6
 78
2
 67
7
 79
3
170
0
171
0
290
0
174
0
 93
1
 44
0.0
173
0
291
0
 45
0.0
1001
ACAD
1000
AcDbSavedByObjectVersion
1070
0
  0
VISUALSTYLE
  5
3F
102
{ACAD_XDICTIONARY
360
B7
102
}
102
{ACAD_REACTORS
330
29
102
}
330
29
100
AcDbVisualStyle
  2
JitterOff
 70
20
 71
2
 72
2
 73
0
 90
0
 40
-0.6
 41
-30.0
 62
5
 63
7
421
16777215
 74
1
 91
4
 64
7
 65
257
 75
1
175
1
 42
1.0
 92
10
 66
7
 43
1.0
 76
1
 77
6
 78
2
 67
7
 79
5
170
0
171
0
290
0
174
0
 93
1
 44
0.0
173
0
291
1
 45
0.0
1001
ACAD
1000
AcDbSavedByObjectVersion
1070
0
  0
VISUALSTYLE
  5
37
102
{ACAD_XDICTIONARY
360
A7
102
}
102
{ACAD_REACTORS
330
29
102
}
330
29
100
AcDbVisualStyle
  2
Linepattern
 70
14
 71
2
 72
2
 73
0
 90
0
 40
-0.6
 41
-30.0
 62
5
 63
7
421
16777215
 74
1
 91
4
 64
7
 65
257
 75
7
175
7
 42
1.0
 92
8
 66
7
 43
1.0
 76
1
 77
6
 78
2
 67
7
 79
5
170
0
171
0
290
0
174
0
 93
1
 44
0.0
173
0
291
1
 45
0.0
1001
ACAD
1000
AcDbSavedByObjectVersion
1070
0
  0
VISUALSTYLE
  5
40
102
{ACAD_XDICTIONARY
360
B9
102
}
102
{ACAD_REACTORS
330
29
102
}
330
29
100
AcDbVisualStyle
  2
OverhangOff
 70
21
 71
2
 72
2
 73
0
 90
0
 40
-0.6
 41
-30.0
 62
5
 63
7
421
16777215
 74
1
 91
4
 64
7
 65
257
 75
1
175
1
 42
1.0
 92
9
 66
7
 43
1.0
 76
1
 77
6
 78
2
 67
7
 79
5
170
0
171
0
290
0
174
0
 93
1
 44
0.0
173
0
291
1
 45
0.0
1001
ACAD
1000
AcDbSavedByObjectVersion
1070
0
  0
VISUALSTYLE
  5
33
102
{ACAD_XDICTIONARY
360
9F
102
}
102
{ACAD_REACTORS
330
29
102
}
330
29
100
AcDbVisualStyle
  2
Realistic
 70
8
 71
2
 72
3
 73
0
 90
2
 40
-0.6
 41
30.0
 62
5
 63
7
421
16777215
 74
0
 91
0
 64
7
 65
257
 75
1
175
1
 42
1.0
 92
8
 66
257
 43
1.0
 76
1
 77
6
 78
2
 67
7
 79
3
170
0
171
0
290
0
174
0
 93
13
 44
0.0
173
0
291
0
 45
0.0
1001
ACAD
1000
AcDbSavedByObjectVersion
1070
0
  0
VISUALSTYLE
  5
3E
102
{ACAD_XDICTIONARY
360
B5
102
}
102
{ACAD_REACTORS
330
29
102
}
330
29
100
AcDbVisualStyle
  2
Shaded
 70
27
 71
2
 72
2
 73
1
 90
2
 40
-0.6
 41
30.0
 62
5
 63
7
421
16777215
 74
0
 91
4
 64
7
 65
257
 75
1
175
1
 42
1.0
 92
8
 66
257
 43
1.0
 76
1
 77
6
 78
2
 67
8
 79
3
170
0
171
0
290
0
174
0
 93
5
 44
0.0
173
0
291
0
 45
0.0
1001
ACAD
1000
AcDbSavedByObjectVersion
1070
0
  0
VISUALSTYLE
  5
3D
102
{ACAD_XDICTIONARY
360
B3
102
}
102
{ACAD_REACTORS
330
29
102
}
330
29
100
AcDbVisualStyle
  2
Shaded with edges
 70
26
 71
2
 72
2
 73
1
 90
2
 40
-0.6
 41
30.0
 62
5
 63
7
421
16777215
 74
1
 91
2
 64
7
 65
257
 75
2
175
1
 42
1.0
 92
8
 66
257
 43
1.0
 76
1
 77
6
 78
2
 67
7
 79
3
170
0
171
0
290
0
174
0
 93
5
 44
0.0
173
0
291
0
 45
0.0
1001
ACAD
1000
AcDbSavedByObjectVersion
1070
0
  0
VISUALSTYLE
  5
3A
102
{ACAD_XDICTIONARY
360
AD
102
}
102
{ACAD_REACTORS
330
29
102
}
330
29
100
AcDbVisualStyle
  2
Shades of Gray
 70
23
 71
2
 72
2
 73
3
 90
0
 40
-0.6
 41
-30.0
 62
5
 63
7
421
16777215
 74
2
 91
2
 64
7
 65
7
 75
1
175
1
 42
40.0
 92
8
 66
7
 43
1.0
 76
1
 77
6
 78
2
 67
7
 79
3
170
0
171
0
290
0
174
0
 93
1
 44
0.0
173
0
291
0
 45
0.0
1001
ACAD
1000
AcDbSavedByObjectVersion
1070
0
  0
VISUALSTYLE
  5
3B
102
{ACAD_XDICTIONARY
360
AF
102
}
102
{ACAD_REACTORS
330
29
102
}
330
29
100
AcDbVisualStyle
  2
Sketchy
 70
24
 71
1
 72
2
 73
2
 90
0
 40
-0.6
 41
-30.0
 62
5
 63
7
421
16777215
 74
2
 91
2
 64
7
 65
7
 75
1
175
1
 42
40.0
 92
11
 66
7
 43
1.0
 76
1
 77
6
 78
2
 67
7
 79
6
170
0
171
0
290
0
174
0
 93
1
 44
0.0
173
0
291
0
 45
0.0
1001
ACAD
1000
AcDbSavedByObjectVersion
1070
0
  0
VISUALSTYLE
  5
36
102
{ACAD_XDICTIONARY
360
A5
102
}
102
{ACAD_REACTORS
330
29
102
}
330
29
100
AcDbVisualStyle
  2
Thicken
 70
13
 71
2
 72
2
 73
0
 90
0
 40
-0.6
 41
-30.0
 62
5
 63
7
421
16777215
 74
1
 91
4
 64
7
 65
257
 75
1
175
1
 42
1.0
 92
12
 66
7
 43
1.0
 76
1
 77
6
 78
2
 67
7
 79
5
170
0
171
0
290
0
174
0
 93
1
 44
0.0
173
0
291
1
 45
0.0
1001
ACAD
1000
AcDbSavedByObjectVersion
1070
0
  0
VISUALSTYLE
  5
30
102
{ACAD_XDICTIONARY
360
99
102
}
102
{ACAD_REACTORS
330
29
102
}
330
29
100
AcDbVisualStyle
  2
Wireframe
 70
5
 71
0
 72
2
 73
0
 90
0
 40
-0.6
 41
-30.0
 62
5
 63
7
421
16777215
 74
1
 91
4
 64
7
 65
257
 75
1
175
1
 42
1.0
 92
0
 66
257
 43
1.0
 76
1
 77
6
 78
2
 67
7
 79
3
170
0
171
0
290
0
174
0
 93
1
 44
0.0
173
0
291
0
 45
0.0
1001
ACAD
1000
AcDbSavedByObjectVersion
1070
0
  0
VISUALSTYLE
  5
3C
102
{ACAD_XDICTIONARY
360
B1
102
}
102
{ACAD_REACTORS
330
29
102
}
330
29
100
AcDbVisualStyle
  2
X-Ray
 70
25
 71
2
 72
2
 73
1
 90
1
 40
0.5
 41
-30.0
 62
5
 63
7
421
16777215
 74
1
 91
0
 64
7
 65
257
 75
1
175
1
 42
1.0
 92
8
 66
7
 43
1.0
 76
1
 77
6
 78
2
 67
7
 79
3
170
0
171
0
290
0
174
0
 93
13
 44
0.0
173
0
291
0
 45
0.0
1001
ACAD
1000
AcDbSavedByObjectVersion
1070
0
  0
DICTIONARYVAR
  5
82
102
{ACAD_REACTORS
330
7C
102
}
330
7C
100
DictionaryVariables
280
0
  1
1:1
  0
DICTIONARYVAR
  5
7E
102
{ACAD_REACTORS
330
7C
102
}
330
7C
100
DictionaryVariables
280
0
  1
STANDARD
  0
DICTIONARYVAR
  5
7D
102
{ACAD_REACTORS
330
7C
102
}
330
7C
100
DictionaryVariables
280
0
  1
STANDARD
  0
DICTIONARYVAR
  5
7F
102
{ACAD_REACTORS
330
7C
102
}
330
7C
100
DictionaryVariables
280
0
  1
Imperial24
  0
DICTIONARYVAR
  5
80
102
{ACAD_REACTORS
330
7C
102
}
330
7C
100
DictionaryVariables
280
0
  1
Imperial24
  0
DICTIONARYVAR
  5
84
102
{ACAD_REACTORS
330
7C
102
}
330
7C
100
DictionaryVariables
280
0
  1
0
  0
DICTIONARYVAR
  5
85
102
{ACAD_REACTORS
330
7C
102
}
330
7C
100
DictionaryVariables
280
0
  1
0
  0
DICTIONARYVAR
  5
83
102
{ACAD_REACTORS
330
7C
102
}
330
7C
100
DictionaryVariables
280
0
  1
2
  0
DICTIONARYVAR
  5
81
102
{ACAD_REACTORS
330
7C
102
}
330
7C
100
DictionaryVariables
280
0
  1
1
  0
DICTIONARYVAR
  5
86
102
{ACAD_REACTORS
330
7C
102
}
330
7C
100
DictionaryVariables
280
0
  1
2
  0
DICTIONARY
  5
C3
330
6B
100
AcDbDictionary
280
1
281
1
  3
ACAD_XREC_ROUNDTRIP
360
C4
  0
DICTIONARY
  5
1A
330
19
100
AcDbDictionary
280
1
281
1
  3
ACAD_XREC_ROUNDTRIP
360
8B
  3
BUMPTILE
360
1C
  3
DIFFUSETILE
360
1B
  3
OPACITYTILE
360
1F
  3
REFLECTIONTILE
360
1E
  3
REFRACTIONTILE
360
20
  3
SPECULARTILE
360
1D
  0
DICTIONARY
  5
12
330
11
100
AcDbDictionary
280
1
281
1
  3
ACAD_XREC_ROUNDTRIP
360
8A
  3
BUMPTILE
360
14
  3
DIFFUSETILE
360
13
  3
OPACITYTILE
360
17
  3
REFLECTIONTILE
360
16
  3
REFRACTIONTILE
360
18
  3
SPECULARTILE
360
15
  0
DICTIONARY
  5
22
330
21
100
AcDbDictionary
280
1
281
1
  3
ACAD_XREC_ROUNDTRIP
360
8C
  3
BUMPTILE
360
24
  3
DIFFUSETILE
360
23
  3
OPACITYTILE
360
27
  3
REFLECTIONTILE
360
26
  3
REFRACTIONTILE
360
28
  3
SPECULARTILE
360
25
  0
DICTIONARY
  5
BF
330
67
100
AcDbDictionary
280
1
281
1
  3
ACAD_XREC_ROUNDTRIP
360
C0
  0
DICTIONARY
  5
C1
330
69
100
AcDbDictionary
280
1
281
1
  3
ACAD_XREC_ROUNDTRIP
360
C2
  0
DICTIONARY
  5
87
330
65
100
AcDbDictionary
280
1
281
1
  3
ACAD_ROUNDTRIP_2008_TABLESTYLE_CELLSTYLEMAP
360
88
  3
ACAD_XREC_ROUNDTRIP
360
BD
  0
DICTIONARY
  5
97
330
2F
100
AcDbDictionary
280
1
281
1
  3
ACAD_XREC_ROUNDTRIP
360
98
  0
DICTIONARY
  5
95
330
2E
100
AcDbDictionary
280
1
281
1
  3
ACAD_XREC_ROUNDTRIP
360
96
  0
DICTIONARY
  5
A3
330
35
100
AcDbDictionary
280
1
281
1
  3
ACAD_XREC_ROUNDTRIP
360
A4
  0
DICTIONARY
  5
AB
330
39
100
AcDbDictionary
280
1
281
1
  3
ACAD_XREC_ROUNDTRIP
360
AC
  0
DICTIONARY
  5
9D
330
32
100
AcDbDictionary
280
1
281
1
  3
ACAD_XREC_ROUNDTRIP
360
9E
  0
DICTIONARY
  5
A1
330
34
100
AcDbDictionary
280
1
281
1
  3
ACAD_XREC_ROUNDTRIP
360
A2
  0
DICTIONARY
  5
BB
330
41
100
AcDbDictionary
280
1
281
1
  3
ACAD_XREC_ROUNDTRIP
360
BC
  0
DICTIONARY
  5
A9
330
38
100
AcDbDictionary
280
1
281
1
  3
ACAD_XREC_ROUNDTRIP
360
AA
  0
DICTIONARY
  5
8D
330
2A
100
AcDbDictionary
280
1
281
1
  3
ACAD_XREC_ROUNDTRIP
360
8E
  0
DICTIONARY
  5
8F
330
2B
100
AcDbDictionary
280
1
281
1
  3
ACAD_XREC_ROUNDTRIP
360
90
  0
DICTIONARY
  5
91
330
2C
100
AcDbDictionary
280
1
281
1
  3
ACAD_XREC_ROUNDTRIP
360
92
  0
DICTIONARY
  5
93
330
2D
100
AcDbDictionary
280
1
281
1
  3
ACAD_XREC_ROUNDTRIP
360
94
  0
DICTIONARY
  5
9B
330
31
100
AcDbDictionary
280
1
281
1
  3
ACAD_XREC_ROUNDTRIP
360
9C
  0
DICTIONARY
  5
B7
330
3F
100
AcDbDictionary
280
1
281
1
  3
ACAD_XREC_ROUNDTRIP
360
B8
  0
DICTIONARY
  5
A7
330
37
100
AcDbDictionary
280
1
281
1
  3
ACAD_XREC_ROUNDTRIP
360
A8
  0
DICTIONARY
  5
B9
330
40
100
AcDbDictionary
280
1
281
1
  3
ACAD_XREC_ROUNDTRIP
360
BA
  0
DICTIONARY
  5
9F
330
33
100
AcDbDictionary
280
1
281
1
  3
ACAD_XREC_ROUNDTRIP
360
A0
  0
DICTIONARY
  5
B5
330
3E
100
AcDbDictionary
280
1
281
1
  3
ACAD_XREC_ROUNDTRIP
360
B6
  0
DICTIONARY
  5
B3
330
3D
100
AcDbDictionary
280
1
281
1
  3
ACAD_XREC_ROUNDTRIP
360
B4
  0
DICTIONARY
  5
AD
330
3A
100
AcDbDictionary
280
1
281
1
  3
ACAD_XREC_ROUNDTRIP
360
AE
  0
DICTIONARY
  5
AF
330
3B
100
AcDbDictionary
280
1
281
1
  3
ACAD_XREC_ROUNDTRIP
360
B0
  0
DICTIONARY
  5
A5
330
36
100
AcDbDictionary
280
1
281
1
  3
ACAD_XREC_ROUNDTRIP
360
A6
  0
DICTIONARY
  5
99
330
30
100
AcDbDictionary
280
1
281
1
  3
ACAD_XREC_ROUNDTRIP
360
9A
  0
DICTIONARY
  5
B1
330
3C
100
AcDbDictionary
280
1
281
1
  3
ACAD_XREC_ROUNDTRIP
360
B2
  0
XRECORD
  5
C4
102
{ACAD_REACTORS
330
C3
102
}
330
C3
100
AcDbXrecord
280
1
102
DISPLAYNAME
  1
Imperial24
102
FLAGS
 90
0
  0
XRECORD
  5
8B
102
{ACAD_REACTORS
330
1A
102
}
330
1A
100
AcDbXrecord
280
1
102
MATERIAL
148
0.0
149
0.0
149
0.0
 93
0
 94
127
282
0
 72
0
 77
0
171
0
175
0
179
0
273
0
  0
XRECORD
  5
1C
102
{ACAD_REACTORS
330
1A
102
}
330
1A
100
AcDbXrecord
280
1
270
1
271
1
  0
XRECORD
  5
1B
102
{ACAD_REACTORS
330
1A
102
}
330
1A
100
AcDbXrecord
280
1
270
1
271
1
  0
XRECORD
  5
1F
102
{ACAD_REACTORS
330
1A
102
}
330
1A
100
AcDbXrecord
280
1
270
1
271
1
  0
XRECORD
  5
1E
102
{ACAD_REACTORS
330
1A
102
}
330
1A
100
AcDbXrecord
280
1
270
1
271
1
  0
XRECORD
  5
20
102
{ACAD_REACTORS
330
1A
102
}
330
1A
100
AcDbXrecord
280
1
270
1
271
1
  0
XRECORD
  5
1D
102
{ACAD_REACTORS
330
1A
102
}
330
1A
100
AcDbXrecord
280
1
270
1
271
1
  0
XRECORD
  5
8A
102
{ACAD_REACTORS
330
12
102
}
330
12
100
AcDbXrecord
280
1
102
MATERIAL
148
0.0
149
0.0
149
0.0
 93
0
 94
127
282
0
 72
0
 77
0
171
0
175
0
179
0
273
0
  0
XRECORD
  5
14
102
{ACAD_REACTORS
330
12
102
}
330
12
100
AcDbXrecord
280
1
270
1
271
1
  0
XRECORD
  5
13
102
{ACAD_REACTORS
330
12
102
}
330
12
100
AcDbXrecord
280
1
270
1
271
1
  0
XRECORD
  5
17
102
{ACAD_REACTORS
330
12
102
}
330
12
100
AcDbXrecord
280
1
270
1
271
1
  0
XRECORD
  5
16
102
{ACAD_REACTORS
330
12
102
}
330
12
100
AcDbXrecord
280
1
270
1
271
1
  0
XRECORD
  5
18
102
{ACAD_REACTORS
330
12
102
}
330
12
100
AcDbXrecord
280
1
270
1
271
1
  0
XRECORD
  5
15
102
{ACAD_REACTORS
330
12
102
}
330
12
100
AcDbXrecord
280
1
270
1
271
1
  0
XRECORD
  5
8C
102
{ACAD_REACTORS
330
22
102
}
330
22
100
AcDbXrecord
280
1
102
MATERIAL
148
0.0
149
0.0
149
0.0
 93
0
 94
127
282
0
 72
0
 77
0
171
0
175
0
179
0
273
0
  0
XRECORD
  5
24
102
{ACAD_REACTORS
330
22
102
}
330
22
100
AcDbXrecord
280
1
270
1
271
1
  0
XRECORD
  5
23
102
{ACAD_REACTORS
330
22
102
}
330
22
100
AcDbXrecord
280
1
270
1
271
1
  0
XRECORD
  5
27
102
{ACAD_REACTORS
330
22
102
}
330
22
100
AcDbXrecord
280
1
270
1
271
1
  0
XRECORD
  5
26
102
{ACAD_REACTORS
330
22
102
}
330
22
100
AcDbXrecord
280
1
270
1
271
1
  0
XRECORD
  5
28
102
{ACAD_REACTORS
330
22
102
}
330
22
100
AcDbXrecord
280
1
270
1
271
1
  0
XRECORD
  5
25
102
{ACAD_REACTORS
330
22
102
}
330
22
100
AcDbXrecord
280
1
270
1
271
1
  0
XRECORD
  5
C0
102
{ACAD_REACTORS
330
BF
102
}
330
BF
100
AcDbXrecord
280
1
102
ACAD_ROUNDTRIP_2012_MLEADER_STYLE
298
1
  0
XRECORD
  5
C2
102
{ACAD_REACTORS
330
C1
102
}
330
C1
100
AcDbXrecord
280
1
102
DISPLAYNAME
  1
Imperial24
102
FLAGS
 90
0
  0
CELLSTYLEMAP
  5
88
102
{ACAD_REACTORS
330
87
102
}
330
87
100
AcDbCellStyleMap
 90
3
300
CELLSTYLE
  1
TABLEFORMAT_BEGIN
 90
5
170
1
 91
0
 92
32768
 62
257
 93
1
300
CONTENTFORMAT
  1
CONTENTFORMAT_BEGIN
 90
0
 91
0
 92
512
 93
0
300

 40
0.0
140
1.0
 94
5
 62
0
340
55
144
0.25
309
CONTENTFORMAT_END
171
0
 94
0
309
TABLEFORMAT_END
  1
CELLSTYLE_BEGIN
 90
1
 91
1
300
_TITLE
309
CELLSTYLE_END
300
CELLSTYLE
  1
TABLEFORMAT_BEGIN
 90
5
170
1
 91
0
 92
0
 62
257
 93
1
300
CONTENTFORMAT
  1
CONTENTFORMAT_BEGIN
 90
0
 91
0
 92
512
 93
0
300

 40
0.0
140
1.0
 94
5
 62
0
340
55
144
0.18
309
CONTENTFORMAT_END
171
0
 94
0
309
TABLEFORMAT_END
  1
CELLSTYLE_BEGIN
 90
2
 91
1
300
_HEADER
309
CELLSTYLE_END
300
CELLSTYLE
  1
TABLEFORMAT_BEGIN
 90
5
170
1
 91
0
 92
0
 62
257
 93
1
300
CONTENTFORMAT
  1
CONTENTFORMAT_BEGIN
 90
0
 91
0
 92
512
 93
0
300

 40
0.0
140
1.0
 94
2
 62
0
340
55
144
0.18
309
CONTENTFORMAT_END
171
0
 94
0
309
TABLEFORMAT_END
  1
CELLSTYLE_BEGIN
 90
3
 91
2
300
_DATA
309
CELLSTYLE_END
  0
XRECORD
  5
BD
102
{ACAD_REACTORS
330
87
102
}
330
87
100
AcDbXrecord
280
1
102
ACAD_ROUNDTRIP_PRE2007_TABLESTYLE
 90
512
 91
0
  1

 92
512
 93
0
  2

 94
512
 95
0
  3

  0
XRECORD
  5
98
102
{ACAD_REACTORS
330
97
102
}
330
97
100
AcDbXrecord
280
1
102
RTVSPost2010Prop28
280
1
102
RTVSPost2010PropOp28
 70
1
102
RTVSPost2010Prop29
280
1
102
RTVSPost2010PropOp29
 70
1
102
RTVSPost2010Prop30
280
0
102
RTVSPost2010PropOp30
 70
1
102
RTVSPost2010Prop31
280
0
102
RTVSPost2010PropOp31
 70
1
102
RTVSPost2010Prop32
280
0
102
RTVSPost2010PropOp32
 70
1
102
RTVSPost2010Prop33
280
0
102
RTVSPost2010PropOp33
 70
1
102
RTVSPost2010Prop34
280
0
102
RTVSPost2010PropOp34
 70
1
102
RTVSPost2010Prop35
280
0
102
RTVSPost2010PropOp35
 70
1
102
RTVSPost2010Prop36
280
0
102
RTVSPost2010PropOp36
 70
1
102
RTVSPost2010Prop37
 90
50
102
RTVSPost2010PropOp37
 70
1
102
RTVSPost2010Prop38
140
0.0
102
RTVSPost2010PropOp38
 70
1
102
RTVSPost2010Prop39
140
1.0
102
RTVSPost2010PropOp39
 70
1
102
RTVSPost2010Prop40
 90
0
102
RTVSPost2010PropOp40
 70
1
102
RTVSPost2010Prop41ColorIndex
 90
18
102
RTVSPost2010Prop41ColorRGB
 90
0
102
RTVSPost2010PropOp41
 70
1
102
RTVSPost2010Prop42
 90
50
102
RTVSPost2010PropOp42
 70
1
102
RTVSPost2010Prop43
 90
3
102
RTVSPost2010PropOp43
 70
1
102
RTVSPost2010Prop44ColorIndex
 90
5
102
RTVSPost2010Prop44ColorRGB
 90
255
102
RTVSPost2010PropOp44
 70
1
102
RTVSPost2010Prop45
280
0
102
RTVSPost2010PropOp45
 70
1
102
RTVSPost2010Prop46
 90
50
102
RTVSPost2010PropOp46
 70
1
102
RTVSPost2010Prop47
 90
50
102
RTVSPost2010PropOp47
 70
1
102
RTVSPost2010Prop48
 90
50
102
RTVSPost2010PropOp48
 70
1
102
RTVSPost2010Prop49
280
0
102
RTVSPost2010PropOp49
 70
1
102
RTVSPost2010Prop50
 90
50
102
RTVSPost2010PropOp50
 70
1
102
RTVSPost2010Prop51ColorIndex
 90
256
102
RTVSPost2010Prop51ColorRGB
 90
-16777216
102
RTVSPost2010PropOp51
 70
0
102
RTVSPost2010Prop52
140
1.0
102
RTVSPost2010PropOp52
 70
0
102
RTVSPost2010Prop53
 90
2
102
RTVSPost2010PropOp53
 70
1
102
RTVSPost2010Prop54
  1
strokes_ogs.tif
102
RTVSPost2010PropOp54
 70
1
102
RTVSPost2010Prop55
280
0
102
RTVSPost2010PropOp55
 70
1
102
RTVSPost2010Prop56
140
1.0
102
RTVSPost2010PropOp56
 70
1
102
RTVSPost2010Prop57
140
1.0
102
RTVSPost2010PropOp57
 70
1
102
RTVSPropertyOp0
 70
1
102
RTVSPropertyOp1
 70
1
102
RTVSPropertyOp2
 70
1
102
RTVSPropertyOp3
 70
1
102
RTVSPropertyOp4
 70
1
102
RTVSPropertyOp5
 70
1
102
RTVSPropertyOp6
 70
1
102
RTVSPropertyOp7
 70
1
102
RTVSPropertyOp8
 70
1
102
RTVSPropertyOp9
 70
1
102
RTVSPropertyOp10
 70
1
102
RTVSPropertyOp11
 70
1
102
RTVSPropertyOp12
 70
1
102
RTVSPropertyOp13
 70
1
102
RTVSPropertyOp14
 70
1
102
RTVSPropertyOp15
 70
1
102
RTVSPropertyOp16
 70
1
102
RTVSPropertyOp17
 70
1
102
RTVSPropertyOp18
 70
1
102
RTVSPropertyOp19
 70
1
102
RTVSPropertyOp20
 70
1
102
RTVSPropertyOp21
 70
1
102
RTVSPropertyOp22
 70
1
102
RTVSPropertyOp23
 70
1
102
RTVSPropertyOp24
 70
1
102
RTVSPropertyOp25
 70
1
102
RTVSPropertyOp26
 70
1
102
RTVSPropertyOp27
 70
1
102
RTVSPropertyOp28
 70
1
102
RTVSPropertyOp29
 70
1
102
RTVSPropertyOp30
 70
1
102
RTVSPropertyOp31
 70
1
102
RTVSPropertyOp32
 70
1
102
RTVSPropertyOp33
 70
1
102
RTVSPropertyOp34
 70
1
102
RTVSPropertyOp35
 70
1
102
RTVSPropertyOp36
 70
1
102
RTVSPropertyOp37
 70
1
102
RTVSPropertyOp38
 70
1
102
RTVSPropertyOp39
 70
1
102
RTVSPropertyOp40
 70
1
102
RTVSPropertyOp41
 70
1
102
RTVSPropertyOp42
 70
1
102
RTVSPropertyOp43
 70
1
102
RTVSPropertyOp44
 70
1
102
RTVSPropertyOp45
 70
1
102
RTVSPropertyOp46
 70
1
102
RTVSPropertyOp47
 70
1
102
RTVSPropertyOp48
 70
1
102
RTVSPropertyOp49
 70
1
102
RTVSPropertyOp50
 70
1
102
RTVSPropertyOp51
 70
0
102
RTVSPropertyOp52
 70
0
102
RTVSPropertyOp53
 70
1
102
RTVSPropertyOp54
 70
1
102
RTVSPropertyOp55
 70
1
102
RTVSPropertyOp56
 70
1
102
RTVSPropertyOp57
 70
1
102
RTVSPropertyOp58
 70
1
102
RTVSPropertyOp59
 70
1
102
RTVSPropertyOp60
 70
1
102
RTVSPropertyOp61
 70
1
102
RTVSPropertyOp62
 70
1
  0
XRECORD
  5
96
102
{ACAD_REACTORS
330
95
102
}
330
95
100
AcDbXrecord
280
1
102
RTVSPost2010Prop28
280
0
102
RTVSPost2010PropOp28
 70
1
102
RTVSPost2010Prop29
280
1
102
RTVSPost2010PropOp29
 70
1
102
RTVSPost2010Prop30
280
1
102
RTVSPost2010PropOp30
 70
1
102
RTVSPost2010Prop31
280
0
102
RTVSPost2010PropOp31
 70
1
102
RTVSPost2010Prop32
280
0
102
RTVSPost2010PropOp32
 70
1
102
RTVSPost2010Prop33
280
0
102
RTVSPost2010PropOp33
 70
1
102
RTVSPost2010Prop34
280
0
102
RTVSPost2010PropOp34
 70
1
102
RTVSPost2010Prop35
280
0
102
RTVSPost2010PropOp35
 70
1
102
RTVSPost2010Prop36
280
0
102
RTVSPost2010PropOp36
 70
1
102
RTVSPost2010Prop37
 90
50
102
RTVSPost2010PropOp37
 70
1
102
RTVSPost2010Prop38
140
0.0
102
RTVSPost2010PropOp38
 70
1
102
RTVSPost2010Prop39
140
1.0
102
RTVSPost2010PropOp39
 70
1
102
RTVSPost2010Prop40
 90
0
102
RTVSPost2010PropOp40
 70
1
102
RTVSPost2010Prop41ColorIndex
 90
18
102
RTVSPost2010Prop41ColorRGB
 90
0
102
RTVSPost2010PropOp41
 70
1
102
RTVSPost2010Prop42
 90
50
102
RTVSPost2010PropOp42
 70
1
102
RTVSPost2010Prop43
 90
3
102
RTVSPost2010PropOp43
 70
1
102
RTVSPost2010Prop44ColorIndex
 90
5
102
RTVSPost2010Prop44ColorRGB
 90
255
102
RTVSPost2010PropOp44
 70
1
102
RTVSPost2010Prop45
280
0
102
RTVSPost2010PropOp45
 70
1
102
RTVSPost2010Prop46
 90
50
102
RTVSPost2010PropOp46
 70
1
102
RTVSPost2010Prop47
 90
50
102
RTVSPost2010PropOp47
 70
1
102
RTVSPost2010Prop48
 90
50
102
RTVSPost2010PropOp48
 70
1
102
RTVSPost2010Prop49
280
0
102
RTVSPost2010PropOp49
 70
1
102
RTVSPost2010Prop50
 90
50
102
RTVSPost2010PropOp50
 70
1
102
RTVSPost2010Prop51ColorIndex
 90
256
102
RTVSPost2010Prop51ColorRGB
 90
-16777216
102
RTVSPost2010PropOp51
 70
0
102
RTVSPost2010Prop52
140
1.0
102
RTVSPost2010PropOp52
 70
0
102
RTVSPost2010Prop53
 90
2
102
RTVSPost2010PropOp53
 70
1
102
RTVSPost2010Prop54
  1
strokes_ogs.tif
102
RTVSPost2010PropOp54
 70
1
102
RTVSPost2010Prop55
280
0
102
RTVSPost2010PropOp55
 70
1
102
RTVSPost2010Prop56
140
1.0
102
RTVSPost2010PropOp56
 70
1
102
RTVSPost2010Prop57
140
1.0
102
RTVSPost2010PropOp57
 70
1
102
RTVSPropertyOp0
 70
1
102
RTVSPropertyOp1
 70
1
102
RTVSPropertyOp2
 70
1
102
RTVSPropertyOp3
 70
1
102
RTVSPropertyOp4
 70
1
102
RTVSPropertyOp5
 70
1
102
RTVSPropertyOp6
 70
1
102
RTVSPropertyOp7
 70
1
102
RTVSPropertyOp8
 70
1
102
RTVSPropertyOp9
 70
1
102
RTVSPropertyOp10
 70
1
102
RTVSPropertyOp11
 70
1
102
RTVSPropertyOp12
 70
1
102
RTVSPropertyOp13
 70
1
102
RTVSPropertyOp14
 70
1
102
RTVSPropertyOp15
 70
1
102
RTVSPropertyOp16
 70
1
102
RTVSPropertyOp17
 70
1
102
RTVSPropertyOp18
 70
1
102
RTVSPropertyOp19
 70
1
102
RTVSPropertyOp20
 70
1
102
RTVSPropertyOp21
 70
1
102
RTVSPropertyOp22
 70
1
102
RTVSPropertyOp23
 70
1
102
RTVSPropertyOp24
 70
1
102
RTVSPropertyOp25
 70
1
102
RTVSPropertyOp26
 70
1
102
RTVSPropertyOp27
 70
1
102
RTVSPropertyOp28
 70
1
102
RTVSPropertyOp29
 70
1
102
RTVSPropertyOp30
 70
1
102
RTVSPropertyOp31
 70
1
102
RTVSPropertyOp32
 70
1
102
RTVSPropertyOp33
 70
1
102
RTVSPropertyOp34
 70
1
102
RTVSPropertyOp35
 70
1
102
RTVSPropertyOp36
 70
1
102
RTVSPropertyOp37
 70
1
102
RTVSPropertyOp38
 70
1
102
RTVSPropertyOp39
 70
1
102
RTVSPropertyOp40
 70
1
102
RTVSPropertyOp41
 70
1
102
RTVSPropertyOp42
 70
1
102
RTVSPropertyOp43
 70
1
102
RTVSPropertyOp44
 70
1
102
RTVSPropertyOp45
 70
1
102
RTVSPropertyOp46
 70
1
102
RTVSPropertyOp47
 70
1
102
RTVSPropertyOp48
 70
1
102
RTVSPropertyOp49
 70
1
102
RTVSPropertyOp50
 70
1
102
RTVSPropertyOp51
 70
0
102
RTVSPropertyOp52
 70
0
102
RTVSPropertyOp53
 70
1
102
RTVSPropertyOp54
 70
1
102
RTVSPropertyOp55
 70
1
102
RTVSPropertyOp56
 70
1
102
RTVSPropertyOp57
 70
1
102
RTVSPropertyOp58
 70
1
102
RTVSPropertyOp59
 70
1
102
RTVSPropertyOp60
 70
1
102
RTVSPropertyOp61
 70
1
102
RTVSPropertyOp62
 70
1
  0
XRECORD
  5
A4
102
{ACAD_REACTORS
330
A3
102
}
330
A3
100
AcDbXrecord
280
1
102
RTVSPost2010Prop28
280
0
102
RTVSPost2010PropOp28
 70
1
102
RTVSPost2010Prop29
280
1
102
RTVSPost2010PropOp29
 70
1
102
RTVSPost2010Prop30
280
1
102
RTVSPost2010PropOp30
 70
1
102
RTVSPost2010Prop31
280
0
102
RTVSPost2010PropOp31
 70
1
102
RTVSPost2010Prop32
280
0
102
RTVSPost2010PropOp32
 70
1
102
RTVSPost2010Prop33
280
0
102
RTVSPost2010PropOp33
 70
1
102
RTVSPost2010Prop34
280
0
102
RTVSPost2010PropOp34
 70
1
102
RTVSPost2010Prop35
280
0
102
RTVSPost2010PropOp35
 70
1
102
RTVSPost2010Prop36
280
0
102
RTVSPost2010PropOp36
 70
1
102
RTVSPost2010Prop37
 90
50
102
RTVSPost2010PropOp37
 70
1
102
RTVSPost2010Prop38
140
0.0
102
RTVSPost2010PropOp38
 70
1
102
RTVSPost2010Prop39
140
1.0
102
RTVSPost2010PropOp39
 70
1
102
RTVSPost2010Prop40
 90
0
102
RTVSPost2010PropOp40
 70
1
102
RTVSPost2010Prop41ColorIndex
 90
18
102
RTVSPost2010Prop41ColorRGB
 90
0
102
RTVSPost2010PropOp41
 70
1
102
RTVSPost2010Prop42
 90
50
102
RTVSPost2010PropOp42
 70
1
102
RTVSPost2010Prop43
 90
3
102
RTVSPost2010PropOp43
 70
1
102
RTVSPost2010Prop44ColorIndex
 90
5
102
RTVSPost2010Prop44ColorRGB
 90
255
102
RTVSPost2010PropOp44
 70
1
102
RTVSPost2010Prop45
280
0
102
RTVSPost2010PropOp45
 70
1
102
RTVSPost2010Prop46
 90
50
102
RTVSPost2010PropOp46
 70
1
102
RTVSPost2010Prop47
 90
50
102
RTVSPost2010PropOp47
 70
1
102
RTVSPost2010Prop48
 90
50
102
RTVSPost2010PropOp48
 70
1
102
RTVSPost2010Prop49
280
0
102
RTVSPost2010PropOp49
 70
1
102
RTVSPost2010Prop50
 90
50
102
RTVSPost2010PropOp50
 70
1
102
RTVSPost2010Prop51ColorIndex
 90
256
102
RTVSPost2010Prop51ColorRGB
 90
-16777216
102
RTVSPost2010PropOp51
 70
0
102
RTVSPost2010Prop52
140
1.0
102
RTVSPost2010PropOp52
 70
0
102
RTVSPost2010Prop53
 90
2
102
RTVSPost2010PropOp53
 70
1
102
RTVSPost2010Prop54
  1
strokes_ogs.tif
102
RTVSPost2010PropOp54
 70
1
102
RTVSPost2010Prop55
280
0
102
RTVSPost2010PropOp55
 70
1
102
RTVSPost2010Prop56
140
1.0
102
RTVSPost2010PropOp56
 70
1
102
RTVSPost2010Prop57
140
1.0
102
RTVSPost2010PropOp57
 70
1
102
RTVSPropertyOp0
 70
1
102
RTVSPropertyOp1
 70
1
102
RTVSPropertyOp2
 70
1
102
RTVSPropertyOp3
 70
1
102
RTVSPropertyOp4
 70
1
102
RTVSPropertyOp5
 70
1
102
RTVSPropertyOp6
 70
1
102
RTVSPropertyOp7
 70
1
102
RTVSPropertyOp8
 70
1
102
RTVSPropertyOp9
 70
1
102
RTVSPropertyOp10
 70
1
102
RTVSPropertyOp11
 70
1
102
RTVSPropertyOp12
 70
1
102
RTVSPropertyOp13
 70
1
102
RTVSPropertyOp14
 70
1
102
RTVSPropertyOp15
 70
1
102
RTVSPropertyOp16
 70
1
102
RTVSPropertyOp17
 70
1
102
RTVSPropertyOp18
 70
1
102
RTVSPropertyOp19
 70
1
102
RTVSPropertyOp20
 70
1
102
RTVSPropertyOp21
 70
1
102
RTVSPropertyOp22
 70
1
102
RTVSPropertyOp23
 70
1
102
RTVSPropertyOp24
 70
1
102
RTVSPropertyOp25
 70
1
102
RTVSPropertyOp26
 70
1
102
RTVSPropertyOp27
 70
1
102
RTVSPropertyOp28
 70
1
102
RTVSPropertyOp29
 70
1
102
RTVSPropertyOp30
 70
1
102
RTVSPropertyOp31
 70
1
102
RTVSPropertyOp32
 70
1
102
RTVSPropertyOp33
 70
1
102
RTVSPropertyOp34
 70
1
102
RTVSPropertyOp35
 70
1
102
RTVSPropertyOp36
 70
1
102
RTVSPropertyOp37
 70
1
102
RTVSPropertyOp38
 70
1
102
RTVSPropertyOp39
 70
1
102
RTVSPropertyOp40
 70
1
102
RTVSPropertyOp41
 70
1
102
RTVSPropertyOp42
 70
1
102
RTVSPropertyOp43
 70
1
102
RTVSPropertyOp44
 70
1
102
RTVSPropertyOp45
 70
1
102
RTVSPropertyOp46
 70
1
102
RTVSPropertyOp47
 70
1
102
RTVSPropertyOp48
 70
1
102
RTVSPropertyOp49
 70
1
102
RTVSPropertyOp50
 70
1
102
RTVSPropertyOp51
 70
0
102
RTVSPropertyOp52
 70
0
102
RTVSPropertyOp53
 70
1
102
RTVSPropertyOp54
 70
1
102
RTVSPropertyOp55
 70
1
102
RTVSPropertyOp56
 70
1
102
RTVSPropertyOp57
 70
1
102
RTVSPropertyOp58
 70
1
102
RTVSPropertyOp59
 70
1
102
RTVSPropertyOp60
 70
1
102
RTVSPropertyOp61
 70
1
102
RTVSPropertyOp62
 70
1
  0
XRECORD
  5
AC
102
{ACAD_REACTORS
330
AB
102
}
330
AB
100
AcDbXrecord
280
1
102
RTVSPost2010Prop28
280
0
102
RTVSPost2010PropOp28
 70
1
102
RTVSPost2010Prop29
280
1
102
RTVSPost2010PropOp29
 70
1
102
RTVSPost2010Prop30
280
1
102
RTVSPost2010PropOp30
 70
1
102
RTVSPost2010Prop31
280
0
102
RTVSPost2010PropOp31
 70
1
102
RTVSPost2010Prop32
280
0
102
RTVSPost2010PropOp32
 70
1
102
RTVSPost2010Prop33
280
0
102
RTVSPost2010PropOp33
 70
1
102
RTVSPost2010Prop34
280
0
102
RTVSPost2010PropOp34
 70
1
102
RTVSPost2010Prop35
280
0
102
RTVSPost2010PropOp35
 70
1
102
RTVSPost2010Prop36
280
0
102
RTVSPost2010PropOp36
 70
1
102
RTVSPost2010Prop37
 90
50
102
RTVSPost2010PropOp37
 70
1
102
RTVSPost2010Prop38
140
0.0
102
RTVSPost2010PropOp38
 70
1
102
RTVSPost2010Prop39
140
1.0
102
RTVSPost2010PropOp39
 70
1
102
RTVSPost2010Prop40
 90
0
102
RTVSPost2010PropOp40
 70
1
102
RTVSPost2010Prop41ColorIndex
 90
18
102
RTVSPost2010Prop41ColorRGB
 90
0
102
RTVSPost2010PropOp41
 70
1
102
RTVSPost2010Prop42
 90
50
102
RTVSPost2010PropOp42
 70
1
102
RTVSPost2010Prop43
 90
3
102
RTVSPost2010PropOp43
 70
1
102
RTVSPost2010Prop44ColorIndex
 90
5
102
RTVSPost2010Prop44ColorRGB
 90
255
102
RTVSPost2010PropOp44
 70
1
102
RTVSPost2010Prop45
280
0
102
RTVSPost2010PropOp45
 70
1
102
RTVSPost2010Prop46
 90
50
102
RTVSPost2010PropOp46
 70
1
102
RTVSPost2010Prop47
 90
50
102
RTVSPost2010PropOp47
 70
1
102
RTVSPost2010Prop48
 90
50
102
RTVSPost2010PropOp48
 70
1
102
RTVSPost2010Prop49
280
0
102
RTVSPost2010PropOp49
 70
1
102
RTVSPost2010Prop50
 90
50
102
RTVSPost2010PropOp50
 70
1
102
RTVSPost2010Prop51ColorIndex
 90
256
102
RTVSPost2010Prop51ColorRGB
 90
-16777216
102
RTVSPost2010PropOp51
 70
0
102
RTVSPost2010Prop52
140
1.0
102
RTVSPost2010PropOp52
 70
0
102
RTVSPost2010Prop53
 90
2
102
RTVSPost2010PropOp53
 70
1
102
RTVSPost2010Prop54
  1
strokes_ogs.tif
102
RTVSPost2010PropOp54
 70
1
102
RTVSPost2010Prop55
280
0
102
RTVSPost2010PropOp55
 70
1
102
RTVSPost2010Prop56
140
1.0
102
RTVSPost2010PropOp56
 70
1
102
RTVSPost2010Prop57
140
1.0
102
RTVSPost2010PropOp57
 70
1
102
RTVSPropertyOp0
 70
1
102
RTVSPropertyOp1
 70
1
102
RTVSPropertyOp2
 70
1
102
RTVSPropertyOp3
 70
1
102
RTVSPropertyOp4
 70
1
102
RTVSPropertyOp5
 70
1
102
RTVSPropertyOp6
 70
1
102
RTVSPropertyOp7
 70
1
102
RTVSPropertyOp8
 70
1
102
RTVSPropertyOp9
 70
1
102
RTVSPropertyOp10
 70
1
102
RTVSPropertyOp11
 70
1
102
RTVSPropertyOp12
 70
1
102
RTVSPropertyOp13
 70
1
102
RTVSPropertyOp14
 70
1
102
RTVSPropertyOp15
 70
1
102
RTVSPropertyOp16
 70
1
102
RTVSPropertyOp17
 70
1
102
RTVSPropertyOp18
 70
1
102
RTVSPropertyOp19
 70
1
102
RTVSPropertyOp20
 70
1
102
RTVSPropertyOp21
 70
1
102
RTVSPropertyOp22
 70
1
102
RTVSPropertyOp23
 70
1
102
RTVSPropertyOp24
 70
1
102
RTVSPropertyOp25
 70
1
102
RTVSPropertyOp26
 70
1
102
RTVSPropertyOp27
 70
1
102
RTVSPropertyOp28
 70
1
102
RTVSPropertyOp29
 70
1
102
RTVSPropertyOp30
 70
1
102
RTVSPropertyOp31
 70
1
102
RTVSPropertyOp32
 70
1
102
RTVSPropertyOp33
 70
1
102
RTVSPropertyOp34
 70
1
102
RTVSPropertyOp35
 70
1
102
RTVSPropertyOp36
 70
1
102
RTVSPropertyOp37
 70
1
102
RTVSPropertyOp38
 70
1
102
RTVSPropertyOp39
 70
1
102
RTVSPropertyOp40
 70
1
102
RTVSPropertyOp41
 70
1
102
RTVSPropertyOp42
 70
1
102
RTVSPropertyOp43
 70
1
102
RTVSPropertyOp44
 70
1
102
RTVSPropertyOp45
 70
1
102
RTVSPropertyOp46
 70
1
102
RTVSPropertyOp47
 70
1
102
RTVSPropertyOp48
 70
1
102
RTVSPropertyOp49
 70
1
102
RTVSPropertyOp50
 70
1
102
RTVSPropertyOp51
 70
0
102
RTVSPropertyOp52
 70
0
102
RTVSPropertyOp53
 70
1
102
RTVSPropertyOp54
 70
1
102
RTVSPropertyOp55
 70
1
102
RTVSPropertyOp56
 70
1
102
RTVSPropertyOp57
 70
1
102
RTVSPropertyOp58
 70
1
102
RTVSPropertyOp59
 70
1
102
RTVSPropertyOp60
 70
1
102
RTVSPropertyOp61
 70
1
102
RTVSPropertyOp62
 70
1
  0
XRECORD
  5
9E
102
{ACAD_REACTORS
330
9D
102
}
330
9D
100
AcDbXrecord
280
1
102
RTVSPost2010Prop28
280
0
102
RTVSPost2010PropOp28
 70
1
102
RTVSPost2010Prop29
280
1
102
RTVSPost2010PropOp29
 70
1
102
RTVSPost2010Prop30
280
1
102
RTVSPost2010PropOp30
 70
1
102
RTVSPost2010Prop31
280
0
102
RTVSPost2010PropOp31
 70
1
102
RTVSPost2010Prop32
280
0
102
RTVSPost2010PropOp32
 70
1
102
RTVSPost2010Prop33
280
0
102
RTVSPost2010PropOp33
 70
1
102
RTVSPost2010Prop34
280
0
102
RTVSPost2010PropOp34
 70
1
102
RTVSPost2010Prop35
280
0
102
RTVSPost2010PropOp35
 70
1
102
RTVSPost2010Prop36
280
0
102
RTVSPost2010PropOp36
 70
1
102
RTVSPost2010Prop37
 90
50
102
RTVSPost2010PropOp37
 70
1
102
RTVSPost2010Prop38
140
0.0
102
RTVSPost2010PropOp38
 70
1
102
RTVSPost2010Prop39
140
1.0
102
RTVSPost2010PropOp39
 70
1
102
RTVSPost2010Prop40
 90
0
102
RTVSPost2010PropOp40
 70
1
102
RTVSPost2010Prop41ColorIndex
 90
18
102
RTVSPost2010Prop41ColorRGB
 90
0
102
RTVSPost2010PropOp41
 70
1
102
RTVSPost2010Prop42
 90
50
102
RTVSPost2010PropOp42
 70
1
102
RTVSPost2010Prop43
 90
3
102
RTVSPost2010PropOp43
 70
1
102
RTVSPost2010Prop44ColorIndex
 90
5
102
RTVSPost2010Prop44ColorRGB
 90
255
102
RTVSPost2010PropOp44
 70
1
102
RTVSPost2010Prop45
280
0
102
RTVSPost2010PropOp45
 70
1
102
RTVSPost2010Prop46
 90
50
102
RTVSPost2010PropOp46
 70
1
102
RTVSPost2010Prop47
 90
50
102
RTVSPost2010PropOp47
 70
1
102
RTVSPost2010Prop48
 90
50
102
RTVSPost2010PropOp48
 70
1
102
RTVSPost2010Prop49
280
0
102
RTVSPost2010PropOp49
 70
1
102
RTVSPost2010Prop50
 90
50
102
RTVSPost2010PropOp50
 70
1
102
RTVSPost2010Prop51ColorIndex
 90
256
102
RTVSPost2010Prop51ColorRGB
 90
-16777216
102
RTVSPost2010PropOp51
 70
0
102
RTVSPost2010Prop52
140
1.0
102
RTVSPost2010PropOp52
 70
0
102
RTVSPost2010Prop53
 90
2
102
RTVSPost2010PropOp53
 70
1
102
RTVSPost2010Prop54
  1
strokes_ogs.tif
102
RTVSPost2010PropOp54
 70
1
102
RTVSPost2010Prop55
280
0
102
RTVSPost2010PropOp55
 70
1
102
RTVSPost2010Prop56
140
1.0
102
RTVSPost2010PropOp56
 70
1
102
RTVSPost2010Prop57
140
1.0
102
RTVSPost2010PropOp57
 70
1
102
RTVSPropertyOp0
 70
1
102
RTVSPropertyOp1
 70
1
102
RTVSPropertyOp2
 70
1
102
RTVSPropertyOp3
 70
1
102
RTVSPropertyOp4
 70
1
102
RTVSPropertyOp5
 70
1
102
RTVSPropertyOp6
 70
1
102
RTVSPropertyOp7
 70
1
102
RTVSPropertyOp8
 70
1
102
RTVSPropertyOp9
 70
1
102
RTVSPropertyOp10
 70
1
102
RTVSPropertyOp11
 70
1
102
RTVSPropertyOp12
 70
1
102
RTVSPropertyOp13
 70
1
102
RTVSPropertyOp14
 70
1
102
RTVSPropertyOp15
 70
1
102
RTVSPropertyOp16
 70
1
102
RTVSPropertyOp17
 70
1
102
RTVSPropertyOp18
 70
1
102
RTVSPropertyOp19
 70
1
102
RTVSPropertyOp20
 70
1
102
RTVSPropertyOp21
 70
1
102
RTVSPropertyOp22
 70
1
102
RTVSPropertyOp23
 70
1
102
RTVSPropertyOp24
 70
1
102
RTVSPropertyOp25
 70
1
102
RTVSPropertyOp26
 70
1
102
RTVSPropertyOp27
 70
1
102
RTVSPropertyOp28
 70
1
102
RTVSPropertyOp29
 70
1
102
RTVSPropertyOp30
 70
1
102
RTVSPropertyOp31
 70
1
102
RTVSPropertyOp32
 70
1
102
RTVSPropertyOp33
 70
1
102
RTVSPropertyOp34
 70
1
102
RTVSPropertyOp35
 70
1
102
RTVSPropertyOp36
 70
1
102
RTVSPropertyOp37
 70
1
102
RTVSPropertyOp38
 70
1
102
RTVSPropertyOp39
 70
1
102
RTVSPropertyOp40
 70
1
102
RTVSPropertyOp41
 70
1
102
RTVSPropertyOp42
 70
1
102
RTVSPropertyOp43
 70
1
102
RTVSPropertyOp44
 70
1
102
RTVSPropertyOp45
 70
1
102
RTVSPropertyOp46
 70
1
102
RTVSPropertyOp47
 70
1
102
RTVSPropertyOp48
 70
1
102
RTVSPropertyOp49
 70
1
102
RTVSPropertyOp50
 70
1
102
RTVSPropertyOp51
 70
0
102
RTVSPropertyOp52
 70
0
102
RTVSPropertyOp53
 70
1
102
RTVSPropertyOp54
 70
1
102
RTVSPropertyOp55
 70
1
102
RTVSPropertyOp56
 70
1
102
RTVSPropertyOp57
 70
1
102
RTVSPropertyOp58
 70
1
102
RTVSPropertyOp59
 70
1
102
RTVSPropertyOp60
 70
1
102
RTVSPropertyOp61
 70
1
102
RTVSPropertyOp62
 70
1
  0
XRECORD
  5
A2
102
{ACAD_REACTORS
330
A1
102
}
330
A1
100
AcDbXrecord
280
1
102
RTVSPost2010Prop28
280
0
102
RTVSPost2010PropOp28
 70
1
102
RTVSPost2010Prop29
280
1
102
RTVSPost2010PropOp29
 70
1
102
RTVSPost2010Prop30
280
1
102
RTVSPost2010PropOp30
 70
1
102
RTVSPost2010Prop31
280
0
102
RTVSPost2010PropOp31
 70
1
102
RTVSPost2010Prop32
280
0
102
RTVSPost2010PropOp32
 70
1
102
RTVSPost2010Prop33
280
0
102
RTVSPost2010PropOp33
 70
1
102
RTVSPost2010Prop34
280
0
102
RTVSPost2010PropOp34
 70
1
102
RTVSPost2010Prop35
280
0
102
RTVSPost2010PropOp35
 70
1
102
RTVSPost2010Prop36
280
0
102
RTVSPost2010PropOp36
 70
1
102
RTVSPost2010Prop37
 90
50
102
RTVSPost2010PropOp37
 70
1
102
RTVSPost2010Prop38
140
0.0
102
RTVSPost2010PropOp38
 70
1
102
RTVSPost2010Prop39
140
1.0
102
RTVSPost2010PropOp39
 70
1
102
RTVSPost2010Prop40
 90
0
102
RTVSPost2010PropOp40
 70
1
102
RTVSPost2010Prop41ColorIndex
 90
18
102
RTVSPost2010Prop41ColorRGB
 90
0
102
RTVSPost2010PropOp41
 70
1
102
RTVSPost2010Prop42
 90
50
102
RTVSPost2010PropOp42
 70
1
102
RTVSPost2010Prop43
 90
3
102
RTVSPost2010PropOp43
 70
1
102
RTVSPost2010Prop44ColorIndex
 90
5
102
RTVSPost2010Prop44ColorRGB
 90
255
102
RTVSPost2010PropOp44
 70
1
102
RTVSPost2010Prop45
280
0
102
RTVSPost2010PropOp45
 70
1
102
RTVSPost2010Prop46
 90
50
102
RTVSPost2010PropOp46
 70
1
102
RTVSPost2010Prop47
 90
50
102
RTVSPost2010PropOp47
 70
1
102
RTVSPost2010Prop48
 90
50
102
RTVSPost2010PropOp48
 70
1
102
RTVSPost2010Prop49
280
0
102
RTVSPost2010PropOp49
 70
1
102
RTVSPost2010Prop50
 90
50
102
RTVSPost2010PropOp50
 70
1
102
RTVSPost2010Prop51ColorIndex
 90
256
102
RTVSPost2010Prop51ColorRGB
 90
-16777216
102
RTVSPost2010PropOp51
 70
0
102
RTVSPost2010Prop52
140
1.0
102
RTVSPost2010PropOp52
 70
0
102
RTVSPost2010Prop53
 90
2
102
RTVSPost2010PropOp53
 70
1
102
RTVSPost2010Prop54
  1
strokes_ogs.tif
102
RTVSPost2010PropOp54
 70
1
102
RTVSPost2010Prop55
280
0
102
RTVSPost2010PropOp55
 70
1
102
RTVSPost2010Prop56
140
1.0
102
RTVSPost2010PropOp56
 70
1
102
RTVSPost2010Prop57
140
1.0
102
RTVSPost2010PropOp57
 70
1
102
RTVSPropertyOp0
 70
1
102
RTVSPropertyOp1
 70
1
102
RTVSPropertyOp2
 70
1
102
RTVSPropertyOp3
 70
1
102
RTVSPropertyOp4
 70
1
102
RTVSPropertyOp5
 70
1
102
RTVSPropertyOp6
 70
1
102
RTVSPropertyOp7
 70
1
102
RTVSPropertyOp8
 70
1
102
RTVSPropertyOp9
 70
1
102
RTVSPropertyOp10
 70
1
102
RTVSPropertyOp11
 70
1
102
RTVSPropertyOp12
 70
1
102
RTVSPropertyOp13
 70
1
102
RTVSPropertyOp14
 70
1
102
RTVSPropertyOp15
 70
1
102
RTVSPropertyOp16
 70
1
102
RTVSPropertyOp17
 70
1
102
RTVSPropertyOp18
 70
1
102
RTVSPropertyOp19
 70
1
102
RTVSPropertyOp20
 70
1
102
RTVSPropertyOp21
 70
1
102
RTVSPropertyOp22
 70
1
102
RTVSPropertyOp23
 70
1
102
RTVSPropertyOp24
 70
1
102
RTVSPropertyOp25
 70
1
102
RTVSPropertyOp26
 70
1
102
RTVSPropertyOp27
 70
1
102
RTVSPropertyOp28
 70
1
102
RTVSPropertyOp29
 70
1
102
RTVSPropertyOp30
 70
1
102
RTVSPropertyOp31
 70
1
102
RTVSPropertyOp32
 70
1
102
RTVSPropertyOp33
 70
1
102
RTVSPropertyOp34
 70
1
102
RTVSPropertyOp35
 70
1
102
RTVSPropertyOp36
 70
1
102
RTVSPropertyOp37
 70
1
102
RTVSPropertyOp38
 70
1
102
RTVSPropertyOp39
 70
1
102
RTVSPropertyOp40
 70
1
102
RTVSPropertyOp41
 70
1
102
RTVSPropertyOp42
 70
1
102
RTVSPropertyOp43
 70
1
102
RTVSPropertyOp44
 70
1
102
RTVSPropertyOp45
 70
1
102
RTVSPropertyOp46
 70
1
102
RTVSPropertyOp47
 70
1
102
RTVSPropertyOp48
 70
1
102
RTVSPropertyOp49
 70
1
102
RTVSPropertyOp50
 70
1
102
RTVSPropertyOp51
 70
0
102
RTVSPropertyOp52
 70
0
102
RTVSPropertyOp53
 70
1
102
RTVSPropertyOp54
 70
1
102
RTVSPropertyOp55
 70
1
102
RTVSPropertyOp56
 70
1
102
RTVSPropertyOp57
 70
1
102
RTVSPropertyOp58
 70
1
102
RTVSPropertyOp59
 70
1
102
RTVSPropertyOp60
 70
1
102
RTVSPropertyOp61
 70
1
102
RTVSPropertyOp62
 70
1
  0
XRECORD
  5
BC
102
{ACAD_REACTORS
330
BB
102
}
330
BB
100
AcDbXrecord
280
1
102
RTVSPost2010Prop28
280
0
102
RTVSPost2010PropOp28
 70
0
102
RTVSPost2010Prop29
280
1
102
RTVSPost2010PropOp29
 70
0
102
RTVSPost2010Prop30
280
1
102
RTVSPost2010PropOp30
 70
0
102
RTVSPost2010Prop31
280
0
102
RTVSPost2010PropOp31
 70
0
102
RTVSPost2010Prop32
280
0
102
RTVSPost2010PropOp32
 70
0
102
RTVSPost2010Prop33
280
0
102
RTVSPost2010PropOp33
 70
0
102
RTVSPost2010Prop34
280
0
102
RTVSPost2010PropOp34
 70
0
102
RTVSPost2010Prop35
280
0
102
RTVSPost2010PropOp35
 70
0
102
RTVSPost2010Prop36
280
0
102
RTVSPost2010PropOp36
 70
0
102
RTVSPost2010Prop37
 90
50
102
RTVSPost2010PropOp37
 70
0
102
RTVSPost2010Prop38
140
0.0
102
RTVSPost2010PropOp38
 70
0
102
RTVSPost2010Prop39
140
1.0
102
RTVSPost2010PropOp39
 70
0
102
RTVSPost2010Prop40
 90
0
102
RTVSPost2010PropOp40
 70
0
102
RTVSPost2010Prop41ColorIndex
 90
18
102
RTVSPost2010Prop41ColorRGB
 90
0
102
RTVSPost2010PropOp41
 70
0
102
RTVSPost2010Prop42
 90
50
102
RTVSPost2010PropOp42
 70
0
102
RTVSPost2010Prop43
 90
3
102
RTVSPost2010PropOp43
 70
0
102
RTVSPost2010Prop44ColorIndex
 90
5
102
RTVSPost2010Prop44ColorRGB
 90
255
102
RTVSPost2010PropOp44
 70
0
102
RTVSPost2010Prop45
280
0
102
RTVSPost2010PropOp45
 70
0
102
RTVSPost2010Prop46
 90
50
102
RTVSPost2010PropOp46
 70
0
102
RTVSPost2010Prop47
 90
50
102
RTVSPost2010PropOp47
 70
0
102
RTVSPost2010Prop48
 90
50
102
RTVSPost2010PropOp48
 70
0
102
RTVSPost2010Prop49
280
0
102
RTVSPost2010PropOp49
 70
0
102
RTVSPost2010Prop50
 90
50
102
RTVSPost2010PropOp50
 70
0
102
RTVSPost2010Prop51ColorIndex
 90
256
102
RTVSPost2010Prop51ColorRGB
 90
-16777216
102
RTVSPost2010PropOp51
 70
0
102
RTVSPost2010Prop52
140
1.0
102
RTVSPost2010PropOp52
 70
0
102
RTVSPost2010Prop53
 90
2
102
RTVSPost2010PropOp53
 70
0
102
RTVSPost2010Prop54
  1
strokes_ogs.tif
102
RTVSPost2010PropOp54
 70
0
102
RTVSPost2010Prop55
280
0
102
RTVSPost2010PropOp55
 70
0
102
RTVSPost2010Prop56
140
1.0
102
RTVSPost2010PropOp56
 70
0
102
RTVSPost2010Prop57
140
1.0
102
RTVSPost2010PropOp57
 70
0
102
RTVSPropertyOp0
 70
0
102
RTVSPropertyOp1
 70
0
102
RTVSPropertyOp2
 70
0
102
RTVSPropertyOp3
 70
0
102
RTVSPropertyOp4
 70
0
102
RTVSPropertyOp5
 70
0
102
RTVSPropertyOp6
 70
0
102
RTVSPropertyOp7
 70
0
102
RTVSPropertyOp8
 70
0
102
RTVSPropertyOp9
 70
0
102
RTVSPropertyOp10
 70
0
102
RTVSPropertyOp11
 70
0
102
RTVSPropertyOp12
 70
0
102
RTVSPropertyOp13
 70
0
102
RTVSPropertyOp14
 70
2
102
RTVSPropertyOp15
 70
0
102
RTVSPropertyOp16
 70
0
102
RTVSPropertyOp17
 70
0
102
RTVSPropertyOp18
 70
0
102
RTVSPropertyOp19
 70
0
102
RTVSPropertyOp20
 70
0
102
RTVSPropertyOp21
 70
0
102
RTVSPropertyOp22
 70
0
102
RTVSPropertyOp23
 70
0
102
RTVSPropertyOp24
 70
0
102
RTVSPropertyOp25
 70
0
102
RTVSPropertyOp26
 70
0
102
RTVSPropertyOp27
 70
0
102
RTVSPropertyOp28
 70
0
102
RTVSPropertyOp29
 70
0
102
RTVSPropertyOp30
 70
0
102
RTVSPropertyOp31
 70
0
102
RTVSPropertyOp32
 70
0
102
RTVSPropertyOp33
 70
0
102
RTVSPropertyOp34
 70
0
102
RTVSPropertyOp35
 70
0
102
RTVSPropertyOp36
 70
0
102
RTVSPropertyOp37
 70
0
102
RTVSPropertyOp38
 70
0
102
RTVSPropertyOp39
 70
0
102
RTVSPropertyOp40
 70
0
102
RTVSPropertyOp41
 70
0
102
RTVSPropertyOp42
 70
0
102
RTVSPropertyOp43
 70
0
102
RTVSPropertyOp44
 70
0
102
RTVSPropertyOp45
 70
0
102
RTVSPropertyOp46
 70
0
102
RTVSPropertyOp47
 70
0
102
RTVSPropertyOp48
 70
0
102
RTVSPropertyOp49
 70
0
102
RTVSPropertyOp50
 70
0
102
RTVSPropertyOp51
 70
0
102
RTVSPropertyOp52
 70
0
102
RTVSPropertyOp53
 70
0
102
RTVSPropertyOp54
 70
0
102
RTVSPropertyOp55
 70
0
102
RTVSPropertyOp56
 70
0
102
RTVSPropertyOp57
 70
0
102
RTVSPropertyOp58
 70
0
102
RTVSPropertyOp59
 70
0
102
RTVSPropertyOp60
 70
0
102
RTVSPropertyOp61
 70
0
102
RTVSPropertyOp62
 70
0
  0
XRECORD
  5
AA
102
{ACAD_REACTORS
330
A9
102
}
330
A9
100
AcDbXrecord
280
1
102
RTVSPost2010Prop28
280
0
102
RTVSPost2010PropOp28
 70
1
102
RTVSPost2010Prop29
280
1
102
RTVSPost2010PropOp29
 70
1
102
RTVSPost2010Prop30
280
1
102
RTVSPost2010PropOp30
 70
1
102
RTVSPost2010Prop31
280
0
102
RTVSPost2010PropOp31
 70
1
102
RTVSPost2010Prop32
280
0
102
RTVSPost2010PropOp32
 70
1
102
RTVSPost2010Prop33
280
0
102
RTVSPost2010PropOp33
 70
1
102
RTVSPost2010Prop34
280
0
102
RTVSPost2010PropOp34
 70
1
102
RTVSPost2010Prop35
280
0
102
RTVSPost2010PropOp35
 70
1
102
RTVSPost2010Prop36
280
0
102
RTVSPost2010PropOp36
 70
1
102
RTVSPost2010Prop37
 90
50
102
RTVSPost2010PropOp37
 70
1
102
RTVSPost2010Prop38
140
0.0
102
RTVSPost2010PropOp38
 70
1
102
RTVSPost2010Prop39
140
1.0
102
RTVSPost2010PropOp39
 70
1
102
RTVSPost2010Prop40
 90
0
102
RTVSPost2010PropOp40
 70
1
102
RTVSPost2010Prop41ColorIndex
 90
18
102
RTVSPost2010Prop41ColorRGB
 90
0
102
RTVSPost2010PropOp41
 70
1
102
RTVSPost2010Prop42
 90
50
102
RTVSPost2010PropOp42
 70
1
102
RTVSPost2010Prop43
 90
3
102
RTVSPost2010PropOp43
 70
1
102
RTVSPost2010Prop44ColorIndex
 90
5
102
RTVSPost2010Prop44ColorRGB
 90
255
102
RTVSPost2010PropOp44
 70
1
102
RTVSPost2010Prop45
280
0
102
RTVSPost2010PropOp45
 70
1
102
RTVSPost2010Prop46
 90
50
102
RTVSPost2010PropOp46
 70
1
102
RTVSPost2010Prop47
 90
50
102
RTVSPost2010PropOp47
 70
1
102
RTVSPost2010Prop48
 90
50
102
RTVSPost2010PropOp48
 70
1
102
RTVSPost2010Prop49
280
0
102
RTVSPost2010PropOp49
 70
1
102
RTVSPost2010Prop50
 90
50
102
RTVSPost2010PropOp50
 70
1
102
RTVSPost2010Prop51ColorIndex
 90
256
102
RTVSPost2010Prop51ColorRGB
 90
-16777216
102
RTVSPost2010PropOp51
 70
0
102
RTVSPost2010Prop52
140
1.0
102
RTVSPost2010PropOp52
 70
0
102
RTVSPost2010Prop53
 90
2
102
RTVSPost2010PropOp53
 70
1
102
RTVSPost2010Prop54
  1
strokes_ogs.tif
102
RTVSPost2010PropOp54
 70
1
102
RTVSPost2010Prop55
280
0
102
RTVSPost2010PropOp55
 70
1
102
RTVSPost2010Prop56
140
1.0
102
RTVSPost2010PropOp56
 70
1
102
RTVSPost2010Prop57
140
1.0
102
RTVSPost2010PropOp57
 70
1
102
RTVSPropertyOp0
 70
1
102
RTVSPropertyOp1
 70
1
102
RTVSPropertyOp2
 70
1
102
RTVSPropertyOp3
 70
1
102
RTVSPropertyOp4
 70
1
102
RTVSPropertyOp5
 70
1
102
RTVSPropertyOp6
 70
1
102
RTVSPropertyOp7
 70
1
102
RTVSPropertyOp8
 70
1
102
RTVSPropertyOp9
 70
1
102
RTVSPropertyOp10
 70
1
102
RTVSPropertyOp11
 70
1
102
RTVSPropertyOp12
 70
1
102
RTVSPropertyOp13
 70
1
102
RTVSPropertyOp14
 70
1
102
RTVSPropertyOp15
 70
1
102
RTVSPropertyOp16
 70
1
102
RTVSPropertyOp17
 70
1
102
RTVSPropertyOp18
 70
1
102
RTVSPropertyOp19
 70
1
102
RTVSPropertyOp20
 70
1
102
RTVSPropertyOp21
 70
1
102
RTVSPropertyOp22
 70
1
102
RTVSPropertyOp23
 70
1
102
RTVSPropertyOp24
 70
1
102
RTVSPropertyOp25
 70
1
102
RTVSPropertyOp26
 70
1
102
RTVSPropertyOp27
 70
1
102
RTVSPropertyOp28
 70
1
102
RTVSPropertyOp29
 70
1
102
RTVSPropertyOp30
 70
1
102
RTVSPropertyOp31
 70
1
102
RTVSPropertyOp32
 70
1
102
RTVSPropertyOp33
 70
1
102
RTVSPropertyOp34
 70
1
102
RTVSPropertyOp35
 70
1
102
RTVSPropertyOp36
 70
1
102
RTVSPropertyOp37
 70
1
102
RTVSPropertyOp38
 70
1
102
RTVSPropertyOp39
 70
1
102
RTVSPropertyOp40
 70
1
102
RTVSPropertyOp41
 70
1
102
RTVSPropertyOp42
 70
1
102
RTVSPropertyOp43
 70
1
102
RTVSPropertyOp44
 70
1
102
RTVSPropertyOp45
 70
1
102
RTVSPropertyOp46
 70
1
102
RTVSPropertyOp47
 70
1
102
RTVSPropertyOp48
 70
1
102
RTVSPropertyOp49
 70
1
102
RTVSPropertyOp50
 70
1
102
RTVSPropertyOp51
 70
0
102
RTVSPropertyOp52
 70
0
102
RTVSPropertyOp53
 70
1
102
RTVSPropertyOp54
 70
1
102
RTVSPropertyOp55
 70
1
102
RTVSPropertyOp56
 70
1
102
RTVSPropertyOp57
 70
1
102
RTVSPropertyOp58
 70
1
102
RTVSPropertyOp59
 70
1
102
RTVSPropertyOp60
 70
1
102
RTVSPropertyOp61
 70
1
102
RTVSPropertyOp62
 70
1
  0
XRECORD
  5
8E
102
{ACAD_REACTORS
330
8D
102
}
330
8D
100
AcDbXrecord
280
1
102
RTVSPost2010Prop28
280
0
102
RTVSPost2010PropOp28
 70
1
102
RTVSPost2010Prop29
280
1
102
RTVSPost2010PropOp29
 70
1
102
RTVSPost2010Prop30
280
1
102
RTVSPost2010PropOp30
 70
1
102
RTVSPost2010Prop31
280
0
102
RTVSPost2010PropOp31
 70
1
102
RTVSPost2010Prop32
280
0
102
RTVSPost2010PropOp32
 70
1
102
RTVSPost2010Prop33
280
0
102
RTVSPost2010PropOp33
 70
1
102
RTVSPost2010Prop34
280
0
102
RTVSPost2010PropOp34
 70
1
102
RTVSPost2010Prop35
280
0
102
RTVSPost2010PropOp35
 70
1
102
RTVSPost2010Prop36
280
0
102
RTVSPost2010PropOp36
 70
1
102
RTVSPost2010Prop37
 90
50
102
RTVSPost2010PropOp37
 70
1
102
RTVSPost2010Prop38
140
0.0
102
RTVSPost2010PropOp38
 70
1
102
RTVSPost2010Prop39
140
1.0
102
RTVSPost2010PropOp39
 70
1
102
RTVSPost2010Prop40
 90
0
102
RTVSPost2010PropOp40
 70
1
102
RTVSPost2010Prop41ColorIndex
 90
18
102
RTVSPost2010Prop41ColorRGB
 90
0
102
RTVSPost2010PropOp41
 70
1
102
RTVSPost2010Prop42
 90
50
102
RTVSPost2010PropOp42
 70
1
102
RTVSPost2010Prop43
 90
3
102
RTVSPost2010PropOp43
 70
1
102
RTVSPost2010Prop44ColorIndex
 90
5
102
RTVSPost2010Prop44ColorRGB
 90
255
102
RTVSPost2010PropOp44
 70
1
102
RTVSPost2010Prop45
280
0
102
RTVSPost2010PropOp45
 70
1
102
RTVSPost2010Prop46
 90
50
102
RTVSPost2010PropOp46
 70
1
102
RTVSPost2010Prop47
 90
50
102
RTVSPost2010PropOp47
 70
1
102
RTVSPost2010Prop48
 90
50
102
RTVSPost2010PropOp48
 70
1
102
RTVSPost2010Prop49
280
0
102
RTVSPost2010PropOp49
 70
1
102
RTVSPost2010Prop50
 90
50
102
RTVSPost2010PropOp50
 70
1
102
RTVSPost2010Prop51ColorIndex
 90
256
102
RTVSPost2010Prop51ColorRGB
 90
-16777216
102
RTVSPost2010PropOp51
 70
0
102
RTVSPost2010Prop52
140
1.0
102
RTVSPost2010PropOp52
 70
0
102
RTVSPost2010Prop53
 90
2
102
RTVSPost2010PropOp53
 70
1
102
RTVSPost2010Prop54
  1
strokes_ogs.tif
102
RTVSPost2010PropOp54
 70
1
102
RTVSPost2010Prop55
280
0
102
RTVSPost2010PropOp55
 70
1
102
RTVSPost2010Prop56
140
1.0
102
RTVSPost2010PropOp56
 70
1
102
RTVSPost2010Prop57
140
1.0
102
RTVSPost2010PropOp57
 70
1
102
RTVSPropertyOp0
 70
1
102
RTVSPropertyOp1
 70
1
102
RTVSPropertyOp2
 70
1
102
RTVSPropertyOp3
 70
1
102
RTVSPropertyOp4
 70
1
102
RTVSPropertyOp5
 70
1
102
RTVSPropertyOp6
 70
1
102
RTVSPropertyOp7
 70
1
102
RTVSPropertyOp8
 70
1
102
RTVSPropertyOp9
 70
1
102
RTVSPropertyOp10
 70
1
102
RTVSPropertyOp11
 70
1
102
RTVSPropertyOp12
 70
1
102
RTVSPropertyOp13
 70
1
102
RTVSPropertyOp14
 70
1
102
RTVSPropertyOp15
 70
1
102
RTVSPropertyOp16
 70
1
102
RTVSPropertyOp17
 70
1
102
RTVSPropertyOp18
 70
1
102
RTVSPropertyOp19
 70
1
102
RTVSPropertyOp20
 70
1
102
RTVSPropertyOp21
 70
1
102
RTVSPropertyOp22
 70
1
102
RTVSPropertyOp23
 70
1
102
RTVSPropertyOp24
 70
1
102
RTVSPropertyOp25
 70
1
102
RTVSPropertyOp26
 70
1
102
RTVSPropertyOp27
 70
1
102
RTVSPropertyOp28
 70
1
102
RTVSPropertyOp29
 70
1
102
RTVSPropertyOp30
 70
1
102
RTVSPropertyOp31
 70
1
102
RTVSPropertyOp32
 70
1
102
RTVSPropertyOp33
 70
1
102
RTVSPropertyOp34
 70
1
102
RTVSPropertyOp35
 70
1
102
RTVSPropertyOp36
 70
1
102
RTVSPropertyOp37
 70
1
102
RTVSPropertyOp38
 70
1
102
RTVSPropertyOp39
 70
1
102
RTVSPropertyOp40
 70
1
102
RTVSPropertyOp41
 70
1
102
RTVSPropertyOp42
 70
1
102
RTVSPropertyOp43
 70
1
102
RTVSPropertyOp44
 70
1
102
RTVSPropertyOp45
 70
1
102
RTVSPropertyOp46
 70
1
102
RTVSPropertyOp47
 70
1
102
RTVSPropertyOp48
 70
1
102
RTVSPropertyOp49
 70
1
102
RTVSPropertyOp50
 70
1
102
RTVSPropertyOp51
 70
0
102
RTVSPropertyOp52
 70
0
102
RTVSPropertyOp53
 70
1
102
RTVSPropertyOp54
 70
1
102
RTVSPropertyOp55
 70
1
102
RTVSPropertyOp56
 70
1
102
RTVSPropertyOp57
 70
1
102
RTVSPropertyOp58
 70
1
102
RTVSPropertyOp59
 70
1
102
RTVSPropertyOp60
 70
1
102
RTVSPropertyOp61
 70
1
102
RTVSPropertyOp62
 70
1
  0
XRECORD
  5
90
102
{ACAD_REACTORS
330
8F
102
}
330
8F
100
AcDbXrecord
280
1
102
RTVSPost2010Prop28
280
0
102
RTVSPost2010PropOp28
 70
1
102
RTVSPost2010Prop29
280
1
102
RTVSPost2010PropOp29
 70
1
102
RTVSPost2010Prop30
280
1
102
RTVSPost2010PropOp30
 70
1
102
RTVSPost2010Prop31
280
0
102
RTVSPost2010PropOp31
 70
1
102
RTVSPost2010Prop32
280
0
102
RTVSPost2010PropOp32
 70
1
102
RTVSPost2010Prop33
280
0
102
RTVSPost2010PropOp33
 70
1
102
RTVSPost2010Prop34
280
0
102
RTVSPost2010PropOp34
 70
1
102
RTVSPost2010Prop35
280
0
102
RTVSPost2010PropOp35
 70
1
102
RTVSPost2010Prop36
280
0
102
RTVSPost2010PropOp36
 70
1
102
RTVSPost2010Prop37
 90
50
102
RTVSPost2010PropOp37
 70
1
102
RTVSPost2010Prop38
140
0.0
102
RTVSPost2010PropOp38
 70
1
102
RTVSPost2010Prop39
140
1.0
102
RTVSPost2010PropOp39
 70
1
102
RTVSPost2010Prop40
 90
0
102
RTVSPost2010PropOp40
 70
1
102
RTVSPost2010Prop41ColorIndex
 90
18
102
RTVSPost2010Prop41ColorRGB
 90
0
102
RTVSPost2010PropOp41
 70
1
102
RTVSPost2010Prop42
 90
50
102
RTVSPost2010PropOp42
 70
1
102
RTVSPost2010Prop43
 90
3
102
RTVSPost2010PropOp43
 70
1
102
RTVSPost2010Prop44ColorIndex
 90
5
102
RTVSPost2010Prop44ColorRGB
 90
255
102
RTVSPost2010PropOp44
 70
1
102
RTVSPost2010Prop45
280
0
102
RTVSPost2010PropOp45
 70
1
102
RTVSPost2010Prop46
 90
50
102
RTVSPost2010PropOp46
 70
1
102
RTVSPost2010Prop47
 90
50
102
RTVSPost2010PropOp47
 70
1
102
RTVSPost2010Prop48
 90
50
102
RTVSPost2010PropOp48
 70
1
102
RTVSPost2010Prop49
280
0
102
RTVSPost2010PropOp49
 70
1
102
RTVSPost2010Prop50
 90
50
102
RTVSPost2010PropOp50
 70
1
102
RTVSPost2010Prop51ColorIndex
 90
256
102
RTVSPost2010Prop51ColorRGB
 90
-16777216
102
RTVSPost2010PropOp51
 70
0
102
RTVSPost2010Prop52
140
1.0
102
RTVSPost2010PropOp52
 70
0
102
RTVSPost2010Prop53
 90
2
102
RTVSPost2010PropOp53
 70
1
102
RTVSPost2010Prop54
  1
strokes_ogs.tif
102
RTVSPost2010PropOp54
 70
1
102
RTVSPost2010Prop55
280
0
102
RTVSPost2010PropOp55
 70
1
102
RTVSPost2010Prop56
140
1.0
102
RTVSPost2010PropOp56
 70
1
102
RTVSPost2010Prop57
140
1.0
102
RTVSPost2010PropOp57
 70
1
102
RTVSPropertyOp0
 70
1
102
RTVSPropertyOp1
 70
1
102
RTVSPropertyOp2
 70
1
102
RTVSPropertyOp3
 70
1
102
RTVSPropertyOp4
 70
1
102
RTVSPropertyOp5
 70
1
102
RTVSPropertyOp6
 70
1
102
RTVSPropertyOp7
 70
1
102
RTVSPropertyOp8
 70
1
102
RTVSPropertyOp9
 70
1
102
RTVSPropertyOp10
 70
1
102
RTVSPropertyOp11
 70
1
102
RTVSPropertyOp12
 70
1
102
RTVSPropertyOp13
 70
1
102
RTVSPropertyOp14
 70
1
102
RTVSPropertyOp15
 70
1
102
RTVSPropertyOp16
 70
1
102
RTVSPropertyOp17
 70
1
102
RTVSPropertyOp18
 70
1
102
RTVSPropertyOp19
 70
1
102
RTVSPropertyOp20
 70
1
102
RTVSPropertyOp21
 70
1
102
RTVSPropertyOp22
 70
1
102
RTVSPropertyOp23
 70
1
102
RTVSPropertyOp24
 70
1
102
RTVSPropertyOp25
 70
1
102
RTVSPropertyOp26
 70
1
102
RTVSPropertyOp27
 70
1
102
RTVSPropertyOp28
 70
1
102
RTVSPropertyOp29
 70
1
102
RTVSPropertyOp30
 70
1
102
RTVSPropertyOp31
 70
1
102
RTVSPropertyOp32
 70
1
102
RTVSPropertyOp33
 70
1
102
RTVSPropertyOp34
 70
1
102
RTVSPropertyOp35
 70
1
102
RTVSPropertyOp36
 70
1
102
RTVSPropertyOp37
 70
1
102
RTVSPropertyOp38
 70
1
102
RTVSPropertyOp39
 70
1
102
RTVSPropertyOp40
 70
1
102
RTVSPropertyOp41
 70
1
102
RTVSPropertyOp42
 70
1
102
RTVSPropertyOp43
 70
1
102
RTVSPropertyOp44
 70
1
102
RTVSPropertyOp45
 70
1
102
RTVSPropertyOp46
 70
1
102
RTVSPropertyOp47
 70
1
102
RTVSPropertyOp48
 70
1
102
RTVSPropertyOp49
 70
1
102
RTVSPropertyOp50
 70
1
102
RTVSPropertyOp51
 70
0
102
RTVSPropertyOp52
 70
0
102
RTVSPropertyOp53
 70
1
102
RTVSPropertyOp54
 70
1
102
RTVSPropertyOp55
 70
1
102
RTVSPropertyOp56
 70
1
102
RTVSPropertyOp57
 70
1
102
RTVSPropertyOp58
 70
1
102
RTVSPropertyOp59
 70
1
102
RTVSPropertyOp60
 70
1
102
RTVSPropertyOp61
 70
1
102
RTVSPropertyOp62
 70
1
  0
XRECORD
  5
92
102
{ACAD_REACTORS
330
91
102
}
330
91
100
AcDbXrecord
280
1
102
RTVSPost2010Prop28
280
0
102
RTVSPost2010PropOp28
 70
1
102
RTVSPost2010Prop29
280
1
102
RTVSPost2010PropOp29
 70
1
102
RTVSPost2010Prop30
280
1
102
RTVSPost2010PropOp30
 70
1
102
RTVSPost2010Prop31
280
0
102
RTVSPost2010PropOp31
 70
1
102
RTVSPost2010Prop32
280
0
102
RTVSPost2010PropOp32
 70
1
102
RTVSPost2010Prop33
280
0
102
RTVSPost2010PropOp33
 70
1
102
RTVSPost2010Prop34
280
0
102
RTVSPost2010PropOp34
 70
1
102
RTVSPost2010Prop35
280
0
102
RTVSPost2010PropOp35
 70
1
102
RTVSPost2010Prop36
280
0
102
RTVSPost2010PropOp36
 70
1
102
RTVSPost2010Prop37
 90
50
102
RTVSPost2010PropOp37
 70
1
102
RTVSPost2010Prop38
140
0.0
102
RTVSPost2010PropOp38
 70
1
102
RTVSPost2010Prop39
140
1.0
102
RTVSPost2010PropOp39
 70
1
102
RTVSPost2010Prop40
 90
0
102
RTVSPost2010PropOp40
 70
1
102
RTVSPost2010Prop41ColorIndex
 90
18
102
RTVSPost2010Prop41ColorRGB
 90
0
102
RTVSPost2010PropOp41
 70
1
102
RTVSPost2010Prop42
 90
50
102
RTVSPost2010PropOp42
 70
1
102
RTVSPost2010Prop43
 90
3
102
RTVSPost2010PropOp43
 70
1
102
RTVSPost2010Prop44ColorIndex
 90
5
102
RTVSPost2010Prop44ColorRGB
 90
255
102
RTVSPost2010PropOp44
 70
1
102
RTVSPost2010Prop45
280
0
102
RTVSPost2010PropOp45
 70
1
102
RTVSPost2010Prop46
 90
50
102
RTVSPost2010PropOp46
 70
1
102
RTVSPost2010Prop47
 90
50
102
RTVSPost2010PropOp47
 70
1
102
RTVSPost2010Prop48
 90
50
102
RTVSPost2010PropOp48
 70
1
102
RTVSPost2010Prop49
280
0
102
RTVSPost2010PropOp49
 70
1
102
RTVSPost2010Prop50
 90
50
102
RTVSPost2010PropOp50
 70
1
102
RTVSPost2010Prop51ColorIndex
 90
256
102
RTVSPost2010Prop51ColorRGB
 90
-16777216
102
RTVSPost2010PropOp51
 70
0
102
RTVSPost2010Prop52
140
1.0
102
RTVSPost2010PropOp52
 70
0
102
RTVSPost2010Prop53
 90
2
102
RTVSPost2010PropOp53
 70
1
102
RTVSPost2010Prop54
  1
strokes_ogs.tif
102
RTVSPost2010PropOp54
 70
1
102
RTVSPost2010Prop55
280
0
102
RTVSPost2010PropOp55
 70
1
102
RTVSPost2010Prop56
140
1.0
102
RTVSPost2010PropOp56
 70
1
102
RTVSPost2010Prop57
140
1.0
102
RTVSPost2010PropOp57
 70
1
102
RTVSPropertyOp0
 70
1
102
RTVSPropertyOp1
 70
1
102
RTVSPropertyOp2
 70
1
102
RTVSPropertyOp3
 70
1
102
RTVSPropertyOp4
 70
1
102
RTVSPropertyOp5
 70
1
102
RTVSPropertyOp6
 70
1
102
RTVSPropertyOp7
 70
1
102
RTVSPropertyOp8
 70
1
102
RTVSPropertyOp9
 70
1
102
RTVSPropertyOp10
 70
1
102
RTVSPropertyOp11
 70
1
102
RTVSPropertyOp12
 70
1
102
RTVSPropertyOp13
 70
1
102
RTVSPropertyOp14
 70
1
102
RTVSPropertyOp15
 70
1
102
RTVSPropertyOp16
 70
1
102
RTVSPropertyOp17
 70
1
102
RTVSPropertyOp18
 70
1
102
RTVSPropertyOp19
 70
1
102
RTVSPropertyOp20
 70
1
102
RTVSPropertyOp21
 70
1
102
RTVSPropertyOp22
 70
1
102
RTVSPropertyOp23
 70
1
102
RTVSPropertyOp24
 70
1
102
RTVSPropertyOp25
 70
1
102
RTVSPropertyOp26
 70
1
102
RTVSPropertyOp27
 70
1
102
RTVSPropertyOp28
 70
1
102
RTVSPropertyOp29
 70
1
102
RTVSPropertyOp30
 70
1
102
RTVSPropertyOp31
 70
1
102
RTVSPropertyOp32
 70
1
102
RTVSPropertyOp33
 70
1
102
RTVSPropertyOp34
 70
1
102
RTVSPropertyOp35
 70
1
102
RTVSPropertyOp36
 70
1
102
RTVSPropertyOp37
 70
1
102
RTVSPropertyOp38
 70
1
102
RTVSPropertyOp39
 70
1
102
RTVSPropertyOp40
 70
1
102
RTVSPropertyOp41
 70
1
102
RTVSPropertyOp42
 70
1
102
RTVSPropertyOp43
 70
1
102
RTVSPropertyOp44
 70
1
102
RTVSPropertyOp45
 70
1
102
RTVSPropertyOp46
 70
1
102
RTVSPropertyOp47
 70
1
102
RTVSPropertyOp48
 70
1
102
RTVSPropertyOp49
 70
1
102
RTVSPropertyOp50
 70
1
102
RTVSPropertyOp51
 70
0
102
RTVSPropertyOp52
 70
0
102
RTVSPropertyOp53
 70
1
102
RTVSPropertyOp54
 70
1
102
RTVSPropertyOp55
 70
1
102
RTVSPropertyOp56
 70
1
102
RTVSPropertyOp57
 70
1
102
RTVSPropertyOp58
 70
1
102
RTVSPropertyOp59
 70
1
102
RTVSPropertyOp60
 70
1
102
RTVSPropertyOp61
 70
1
102
RTVSPropertyOp62
 70
1
  0
XRECORD
  5
94
102
{ACAD_REACTORS
330
93
102
}
330
93
100
AcDbXrecord
280
1
102
RTVSPost2010Prop28
280
0
102
RTVSPost2010PropOp28
 70
1
102
RTVSPost2010Prop29
280
1
102
RTVSPost2010PropOp29
 70
1
102
RTVSPost2010Prop30
280
1
102
RTVSPost2010PropOp30
 70
1
102
RTVSPost2010Prop31
280
0
102
RTVSPost2010PropOp31
 70
1
102
RTVSPost2010Prop32
280
0
102
RTVSPost2010PropOp32
 70
1
102
RTVSPost2010Prop33
280
0
102
RTVSPost2010PropOp33
 70
1
102
RTVSPost2010Prop34
280
0
102
RTVSPost2010PropOp34
 70
1
102
RTVSPost2010Prop35
280
0
102
RTVSPost2010PropOp35
 70
1
102
RTVSPost2010Prop36
280
0
102
RTVSPost2010PropOp36
 70
1
102
RTVSPost2010Prop37
 90
50
102
RTVSPost2010PropOp37
 70
1
102
RTVSPost2010Prop38
140
0.0
102
RTVSPost2010PropOp38
 70
1
102
RTVSPost2010Prop39
140
1.0
102
RTVSPost2010PropOp39
 70
1
102
RTVSPost2010Prop40
 90
0
102
RTVSPost2010PropOp40
 70
1
102
RTVSPost2010Prop41ColorIndex
 90
18
102
RTVSPost2010Prop41ColorRGB
 90
0
102
RTVSPost2010PropOp41
 70
1
102
RTVSPost2010Prop42
 90
50
102
RTVSPost2010PropOp42
 70
1
102
RTVSPost2010Prop43
 90
3
102
RTVSPost2010PropOp43
 70
1
102
RTVSPost2010Prop44ColorIndex
 90
5
102
RTVSPost2010Prop44ColorRGB
 90
255
102
RTVSPost2010PropOp44
 70
1
102
RTVSPost2010Prop45
280
0
102
RTVSPost2010PropOp45
 70
1
102
RTVSPost2010Prop46
 90
50
102
RTVSPost2010PropOp46
 70
1
102
RTVSPost2010Prop47
 90
50
102
RTVSPost2010PropOp47
 70
1
102
RTVSPost2010Prop48
 90
50
102
RTVSPost2010PropOp48
 70
1
102
RTVSPost2010Prop49
280
0
102
RTVSPost2010PropOp49
 70
1
102
RTVSPost2010Prop50
 90
50
102
RTVSPost2010PropOp50
 70
1
102
RTVSPost2010Prop51ColorIndex
 90
256
102
RTVSPost2010Prop51ColorRGB
 90
-16777216
102
RTVSPost2010PropOp51
 70
0
102
RTVSPost2010Prop52
140
1.0
102
RTVSPost2010PropOp52
 70
0
102
RTVSPost2010Prop53
 90
2
102
RTVSPost2010PropOp53
 70
1
102
RTVSPost2010Prop54
  1
strokes_ogs.tif
102
RTVSPost2010PropOp54
 70
1
102
RTVSPost2010Prop55
280
0
102
RTVSPost2010PropOp55
 70
1
102
RTVSPost2010Prop56
140
1.0
102
RTVSPost2010PropOp56
 70
1
102
RTVSPost2010Prop57
140
1.0
102
RTVSPost2010PropOp57
 70
1
102
RTVSPropertyOp0
 70
1
102
RTVSPropertyOp1
 70
1
102
RTVSPropertyOp2
 70
1
102
RTVSPropertyOp3
 70
1
102
RTVSPropertyOp4
 70
1
102
RTVSPropertyOp5
 70
1
102
RTVSPropertyOp6
 70
1
102
RTVSPropertyOp7
 70
1
102
RTVSPropertyOp8
 70
1
102
RTVSPropertyOp9
 70
1
102
RTVSPropertyOp10
 70
1
102
RTVSPropertyOp11
 70
1
102
RTVSPropertyOp12
 70
1
102
RTVSPropertyOp13
 70
1
102
RTVSPropertyOp14
 70
1
102
RTVSPropertyOp15
 70
1
102
RTVSPropertyOp16
 70
1
102
RTVSPropertyOp17
 70
1
102
RTVSPropertyOp18
 70
1
102
RTVSPropertyOp19
 70
1
102
RTVSPropertyOp20
 70
1
102
RTVSPropertyOp21
 70
1
102
RTVSPropertyOp22
 70
1
102
RTVSPropertyOp23
 70
1
102
RTVSPropertyOp24
 70
1
102
RTVSPropertyOp25
 70
1
102
RTVSPropertyOp26
 70
1
102
RTVSPropertyOp27
 70
1
102
RTVSPropertyOp28
 70
1
102
RTVSPropertyOp29
 70
1
102
RTVSPropertyOp30
 70
1
102
RTVSPropertyOp31
 70
1
102
RTVSPropertyOp32
 70
1
102
RTVSPropertyOp33
 70
1
102
RTVSPropertyOp34
 70
1
102
RTVSPropertyOp35
 70
1
102
RTVSPropertyOp36
 70
1
102
RTVSPropertyOp37
 70
1
102
RTVSPropertyOp38
 70
1
102
RTVSPropertyOp39
 70
1
102
RTVSPropertyOp40
 70
1
102
RTVSPropertyOp41
 70
1
102
RTVSPropertyOp42
 70
1
102
RTVSPropertyOp43
 70
1
102
RTVSPropertyOp44
 70
1
102
RTVSPropertyOp45
 70
1
102
RTVSPropertyOp46
 70
1
102
RTVSPropertyOp47
 70
1
102
RTVSPropertyOp48
 70
1
102
RTVSPropertyOp49
 70
1
102
RTVSPropertyOp50
 70
1
102
RTVSPropertyOp51
 70
0
102
RTVSPropertyOp52
 70
0
102
RTVSPropertyOp53
 70
1
102
RTVSPropertyOp54
 70
1
102
RTVSPropertyOp55
 70
1
102
RTVSPropertyOp56
 70
1
102
RTVSPropertyOp57
 70
1
102
RTVSPropertyOp58
 70
1
102
RTVSPropertyOp59
 70
1
102
RTVSPropertyOp60
 70
1
102
RTVSPropertyOp61
 70
1
102
RTVSPropertyOp62
 70
1
  0
XRECORD
  5
9C
102
{ACAD_REACTORS
330
9B
102
}
330
9B
100
AcDbXrecord
280
1
102
RTVSPost2010Prop28
280
0
102
RTVSPost2010PropOp28
 70
1
102
RTVSPost2010Prop29
280
1
102
RTVSPost2010PropOp29
 70
1
102
RTVSPost2010Prop30
280
1
102
RTVSPost2010PropOp30
 70
1
102
RTVSPost2010Prop31
280
0
102
RTVSPost2010PropOp31
 70
1
102
RTVSPost2010Prop32
280
0
102
RTVSPost2010PropOp32
 70
1
102
RTVSPost2010Prop33
280
0
102
RTVSPost2010PropOp33
 70
1
102
RTVSPost2010Prop34
280
0
102
RTVSPost2010PropOp34
 70
1
102
RTVSPost2010Prop35
280
0
102
RTVSPost2010PropOp35
 70
1
102
RTVSPost2010Prop36
280
0
102
RTVSPost2010PropOp36
 70
1
102
RTVSPost2010Prop37
 90
50
102
RTVSPost2010PropOp37
 70
1
102
RTVSPost2010Prop38
140
0.0
102
RTVSPost2010PropOp38
 70
1
102
RTVSPost2010Prop39
140
1.0
102
RTVSPost2010PropOp39
 70
1
102
RTVSPost2010Prop40
 90
0
102
RTVSPost2010PropOp40
 70
1
102
RTVSPost2010Prop41ColorIndex
 90
18
102
RTVSPost2010Prop41ColorRGB
 90
0
102
RTVSPost2010PropOp41
 70
1
102
RTVSPost2010Prop42
 90
50
102
RTVSPost2010PropOp42
 70
1
102
RTVSPost2010Prop43
 90
3
102
RTVSPost2010PropOp43
 70
1
102
RTVSPost2010Prop44ColorIndex
 90
5
102
RTVSPost2010Prop44ColorRGB
 90
255
102
RTVSPost2010PropOp44
 70
1
102
RTVSPost2010Prop45
280
0
102
RTVSPost2010PropOp45
 70
1
102
RTVSPost2010Prop46
 90
50
102
RTVSPost2010PropOp46
 70
1
102
RTVSPost2010Prop47
 90
50
102
RTVSPost2010PropOp47
 70
1
102
RTVSPost2010Prop48
 90
50
102
RTVSPost2010PropOp48
 70
1
102
RTVSPost2010Prop49
280
0
102
RTVSPost2010PropOp49
 70
1
102
RTVSPost2010Prop50
 90
50
102
RTVSPost2010PropOp50
 70
1
102
RTVSPost2010Prop51ColorIndex
 90
256
102
RTVSPost2010Prop51ColorRGB
 90
-16777216
102
RTVSPost2010PropOp51
 70
0
102
RTVSPost2010Prop52
140
1.0
102
RTVSPost2010PropOp52
 70
0
102
RTVSPost2010Prop53
 90
2
102
RTVSPost2010PropOp53
 70
1
102
RTVSPost2010Prop54
  1
strokes_ogs.tif
102
RTVSPost2010PropOp54
 70
1
102
RTVSPost2010Prop55
280
0
102
RTVSPost2010PropOp55
 70
1
102
RTVSPost2010Prop56
140
1.0
102
RTVSPost2010PropOp56
 70
1
102
RTVSPost2010Prop57
140
1.0
102
RTVSPost2010PropOp57
 70
1
102
RTVSPropertyOp0
 70
1
102
RTVSPropertyOp1
 70
1
102
RTVSPropertyOp2
 70
1
102
RTVSPropertyOp3
 70
1
102
RTVSPropertyOp4
 70
1
102
RTVSPropertyOp5
 70
1
102
RTVSPropertyOp6
 70
1
102
RTVSPropertyOp7
 70
1
102
RTVSPropertyOp8
 70
1
102
RTVSPropertyOp9
 70
1
102
RTVSPropertyOp10
 70
1
102
RTVSPropertyOp11
 70
1
102
RTVSPropertyOp12
 70
1
102
RTVSPropertyOp13
 70
1
102
RTVSPropertyOp14
 70
1
102
RTVSPropertyOp15
 70
1
102
RTVSPropertyOp16
 70
1
102
RTVSPropertyOp17
 70
1
102
RTVSPropertyOp18
 70
1
102
RTVSPropertyOp19
 70
1
102
RTVSPropertyOp20
 70
1
102
RTVSPropertyOp21
 70
1
102
RTVSPropertyOp22
 70
1
102
RTVSPropertyOp23
 70
1
102
RTVSPropertyOp24
 70
1
102
RTVSPropertyOp25
 70
1
102
RTVSPropertyOp26
 70
1
102
RTVSPropertyOp27
 70
1
102
RTVSPropertyOp28
 70
1
102
RTVSPropertyOp29
 70
1
102
RTVSPropertyOp30
 70
1
102
RTVSPropertyOp31
 70
1
102
RTVSPropertyOp32
 70
1
102
RTVSPropertyOp33
 70
1
102
RTVSPropertyOp34
 70
1
102
RTVSPropertyOp35
 70
1
102
RTVSPropertyOp36
 70
1
102
RTVSPropertyOp37
 70
1
102
RTVSPropertyOp38
 70
1
102
RTVSPropertyOp39
 70
1
102
RTVSPropertyOp40
 70
1
102
RTVSPropertyOp41
 70
1
102
RTVSPropertyOp42
 70
1
102
RTVSPropertyOp43
 70
1
102
RTVSPropertyOp44
 70
1
102
RTVSPropertyOp45
 70
1
102
RTVSPropertyOp46
 70
1
102
RTVSPropertyOp47
 70
1
102
RTVSPropertyOp48
 70
1
102
RTVSPropertyOp49
 70
1
102
RTVSPropertyOp50
 70
1
102
RTVSPropertyOp51
 70
0
102
RTVSPropertyOp52
 70
0
102
RTVSPropertyOp53
 70
1
102
RTVSPropertyOp54
 70
1
102
RTVSPropertyOp55
 70
1
102
RTVSPropertyOp56
 70
1
102
RTVSPropertyOp57
 70
1
102
RTVSPropertyOp58
 70
1
102
RTVSPropertyOp59
 70
1
102
RTVSPropertyOp60
 70
1
102
RTVSPropertyOp61
 70
1
102
RTVSPropertyOp62
 70
1
  0
XRECORD
  5
B8
102
{ACAD_REACTORS
330
B7
102
}
330
B7
100
AcDbXrecord
280
1
102
RTVSPost2010Prop28
280
0
102
RTVSPost2010PropOp28
 70
0
102
RTVSPost2010Prop29
280
1
102
RTVSPost2010PropOp29
 70
0
102
RTVSPost2010Prop30
280
1
102
RTVSPost2010PropOp30
 70
0
102
RTVSPost2010Prop31
280
0
102
RTVSPost2010PropOp31
 70
0
102
RTVSPost2010Prop32
280
0
102
RTVSPost2010PropOp32
 70
0
102
RTVSPost2010Prop33
280
0
102
RTVSPost2010PropOp33
 70
0
102
RTVSPost2010Prop34
280
0
102
RTVSPost2010PropOp34
 70
0
102
RTVSPost2010Prop35
280
0
102
RTVSPost2010PropOp35
 70
0
102
RTVSPost2010Prop36
280
0
102
RTVSPost2010PropOp36
 70
0
102
RTVSPost2010Prop37
 90
50
102
RTVSPost2010PropOp37
 70
0
102
RTVSPost2010Prop38
140
0.0
102
RTVSPost2010PropOp38
 70
0
102
RTVSPost2010Prop39
140
1.0
102
RTVSPost2010PropOp39
 70
0
102
RTVSPost2010Prop40
 90
0
102
RTVSPost2010PropOp40
 70
0
102
RTVSPost2010Prop41ColorIndex
 90
18
102
RTVSPost2010Prop41ColorRGB
 90
0
102
RTVSPost2010PropOp41
 70
0
102
RTVSPost2010Prop42
 90
50
102
RTVSPost2010PropOp42
 70
0
102
RTVSPost2010Prop43
 90
3
102
RTVSPost2010PropOp43
 70
0
102
RTVSPost2010Prop44ColorIndex
 90
5
102
RTVSPost2010Prop44ColorRGB
 90
255
102
RTVSPost2010PropOp44
 70
0
102
RTVSPost2010Prop45
280
0
102
RTVSPost2010PropOp45
 70
0
102
RTVSPost2010Prop46
 90
50
102
RTVSPost2010PropOp46
 70
0
102
RTVSPost2010Prop47
 90
50
102
RTVSPost2010PropOp47
 70
0
102
RTVSPost2010Prop48
 90
50
102
RTVSPost2010PropOp48
 70
0
102
RTVSPost2010Prop49
280
0
102
RTVSPost2010PropOp49
 70
0
102
RTVSPost2010Prop50
 90
50
102
RTVSPost2010PropOp50
 70
0
102
RTVSPost2010Prop51ColorIndex
 90
256
102
RTVSPost2010Prop51ColorRGB
 90
-16777216
102
RTVSPost2010PropOp51
 70
0
102
RTVSPost2010Prop52
140
1.0
102
RTVSPost2010PropOp52
 70
0
102
RTVSPost2010Prop53
 90
2
102
RTVSPost2010PropOp53
 70
0
102
RTVSPost2010Prop54
  1
strokes_ogs.tif
102
RTVSPost2010PropOp54
 70
0
102
RTVSPost2010Prop55
280
0
102
RTVSPost2010PropOp55
 70
0
102
RTVSPost2010Prop56
140
1.0
102
RTVSPost2010PropOp56
 70
0
102
RTVSPost2010Prop57
140
1.0
102
RTVSPost2010PropOp57
 70
0
102
RTVSPropertyOp0
 70
0
102
RTVSPropertyOp1
 70
0
102
RTVSPropertyOp2
 70
0
102
RTVSPropertyOp3
 70
0
102
RTVSPropertyOp4
 70
0
102
RTVSPropertyOp5
 70
0
102
RTVSPropertyOp6
 70
0
102
RTVSPropertyOp7
 70
0
102
RTVSPropertyOp8
 70
0
102
RTVSPropertyOp9
 70
0
102
RTVSPropertyOp10
 70
0
102
RTVSPropertyOp11
 70
0
102
RTVSPropertyOp12
 70
0
102
RTVSPropertyOp13
 70
0
102
RTVSPropertyOp14
 70
2
102
RTVSPropertyOp15
 70
0
102
RTVSPropertyOp16
 70
0
102
RTVSPropertyOp17
 70
0
102
RTVSPropertyOp18
 70
0
102
RTVSPropertyOp19
 70
0
102
RTVSPropertyOp20
 70
0
102
RTVSPropertyOp21
 70
0
102
RTVSPropertyOp22
 70
0
102
RTVSPropertyOp23
 70
0
102
RTVSPropertyOp24
 70
0
102
RTVSPropertyOp25
 70
0
102
RTVSPropertyOp26
 70
0
102
RTVSPropertyOp27
 70
0
102
RTVSPropertyOp28
 70
0
102
RTVSPropertyOp29
 70
0
102
RTVSPropertyOp30
 70
0
102
RTVSPropertyOp31
 70
0
102
RTVSPropertyOp32
 70
0
102
RTVSPropertyOp33
 70
0
102
RTVSPropertyOp34
 70
0
102
RTVSPropertyOp35
 70
0
102
RTVSPropertyOp36
 70
0
102
RTVSPropertyOp37
 70
0
102
RTVSPropertyOp38
 70
0
102
RTVSPropertyOp39
 70
0
102
RTVSPropertyOp40
 70
0
102
RTVSPropertyOp41
 70
0
102
RTVSPropertyOp42
 70
0
102
RTVSPropertyOp43
 70
0
102
RTVSPropertyOp44
 70
0
102
RTVSPropertyOp45
 70
0
102
RTVSPropertyOp46
 70
0
102
RTVSPropertyOp47
 70
0
102
RTVSPropertyOp48
 70
0
102
RTVSPropertyOp49
 70
0
102
RTVSPropertyOp50
 70
0
102
RTVSPropertyOp51
 70
0
102
RTVSPropertyOp52
 70
0
102
RTVSPropertyOp53
 70
0
102
RTVSPropertyOp54
 70
0
102
RTVSPropertyOp55
 70
0
102
RTVSPropertyOp56
 70
0
102
RTVSPropertyOp57
 70
0
102
RTVSPropertyOp58
 70
0
102
RTVSPropertyOp59
 70
0
102
RTVSPropertyOp60
 70
0
102
RTVSPropertyOp61
 70
0
102
RTVSPropertyOp62
 70
0
  0
XRECORD
  5
A8
102
{ACAD_REACTORS
330
A7
102
}
330
A7
100
AcDbXrecord
280
1
102
RTVSPost2010Prop28
280
0
102
RTVSPost2010PropOp28
 70
1
102
RTVSPost2010Prop29
280
1
102
RTVSPost2010PropOp29
 70
1
102
RTVSPost2010Prop30
280
1
102
RTVSPost2010PropOp30
 70
1
102
RTVSPost2010Prop31
280
0
102
RTVSPost2010PropOp31
 70
1
102
RTVSPost2010Prop32
280
0
102
RTVSPost2010PropOp32
 70
1
102
RTVSPost2010Prop33
280
0
102
RTVSPost2010PropOp33
 70
1
102
RTVSPost2010Prop34
280
0
102
RTVSPost2010PropOp34
 70
1
102
RTVSPost2010Prop35
280
0
102
RTVSPost2010PropOp35
 70
1
102
RTVSPost2010Prop36
280
0
102
RTVSPost2010PropOp36
 70
1
102
RTVSPost2010Prop37
 90
50
102
RTVSPost2010PropOp37
 70
1
102
RTVSPost2010Prop38
140
0.0
102
RTVSPost2010PropOp38
 70
1
102
RTVSPost2010Prop39
140
1.0
102
RTVSPost2010PropOp39
 70
1
102
RTVSPost2010Prop40
 90
0
102
RTVSPost2010PropOp40
 70
1
102
RTVSPost2010Prop41ColorIndex
 90
18
102
RTVSPost2010Prop41ColorRGB
 90
0
102
RTVSPost2010PropOp41
 70
1
102
RTVSPost2010Prop42
 90
50
102
RTVSPost2010PropOp42
 70
1
102
RTVSPost2010Prop43
 90
3
102
RTVSPost2010PropOp43
 70
1
102
RTVSPost2010Prop44ColorIndex
 90
5
102
RTVSPost2010Prop44ColorRGB
 90
255
102
RTVSPost2010PropOp44
 70
1
102
RTVSPost2010Prop45
280
0
102
RTVSPost2010PropOp45
 70
1
102
RTVSPost2010Prop46
 90
50
102
RTVSPost2010PropOp46
 70
1
102
RTVSPost2010Prop47
 90
50
102
RTVSPost2010PropOp47
 70
1
102
RTVSPost2010Prop48
 90
50
102
RTVSPost2010PropOp48
 70
1
102
RTVSPost2010Prop49
280
0
102
RTVSPost2010PropOp49
 70
1
102
RTVSPost2010Prop50
 90
50
102
RTVSPost2010PropOp50
 70
1
102
RTVSPost2010Prop51ColorIndex
 90
256
102
RTVSPost2010Prop51ColorRGB
 90
-16777216
102
RTVSPost2010PropOp51
 70
0
102
RTVSPost2010Prop52
140
1.0
102
RTVSPost2010PropOp52
 70
0
102
RTVSPost2010Prop53
 90
2
102
RTVSPost2010PropOp53
 70
1
102
RTVSPost2010Prop54
  1
strokes_ogs.tif
102
RTVSPost2010PropOp54
 70
1
102
RTVSPost2010Prop55
280
0
102
RTVSPost2010PropOp55
 70
1
102
RTVSPost2010Prop56
140
1.0
102
RTVSPost2010PropOp56
 70
1
102
RTVSPost2010Prop57
140
1.0
102
RTVSPost2010PropOp57
 70
1
102
RTVSPropertyOp0
 70
1
102
RTVSPropertyOp1
 70
1
102
RTVSPropertyOp2
 70
1
102
RTVSPropertyOp3
 70
1
102
RTVSPropertyOp4
 70
1
102
RTVSPropertyOp5
 70
1
102
RTVSPropertyOp6
 70
1
102
RTVSPropertyOp7
 70
1
102
RTVSPropertyOp8
 70
1
102
RTVSPropertyOp9
 70
1
102
RTVSPropertyOp10
 70
1
102
RTVSPropertyOp11
 70
1
102
RTVSPropertyOp12
 70
1
102
RTVSPropertyOp13
 70
1
102
RTVSPropertyOp14
 70
1
102
RTVSPropertyOp15
 70
1
102
RTVSPropertyOp16
 70
1
102
RTVSPropertyOp17
 70
1
102
RTVSPropertyOp18
 70
1
102
RTVSPropertyOp19
 70
1
102
RTVSPropertyOp20
 70
1
102
RTVSPropertyOp21
 70
1
102
RTVSPropertyOp22
 70
1
102
RTVSPropertyOp23
 70
1
102
RTVSPropertyOp24
 70
1
102
RTVSPropertyOp25
 70
1
102
RTVSPropertyOp26
 70
1
102
RTVSPropertyOp27
 70
1
102
RTVSPropertyOp28
 70
1
102
RTVSPropertyOp29
 70
1
102
RTVSPropertyOp30
 70
1
102
RTVSPropertyOp31
 70
1
102
RTVSPropertyOp32
 70
1
102
RTVSPropertyOp33
 70
1
102
RTVSPropertyOp34
 70
1
102
RTVSPropertyOp35
 70
1
102
RTVSPropertyOp36
 70
1
102
RTVSPropertyOp37
 70
1
102
RTVSPropertyOp38
 70
1
102
RTVSPropertyOp39
 70
1
102
RTVSPropertyOp40
 70
1
102
RTVSPropertyOp41
 70
1
102
RTVSPropertyOp42
 70
1
102
RTVSPropertyOp43
 70
1
102
RTVSPropertyOp44
 70
1
102
RTVSPropertyOp45
 70
1
102
RTVSPropertyOp46
 70
1
102
RTVSPropertyOp47
 70
1
102
RTVSPropertyOp48
 70
1
102
RTVSPropertyOp49
 70
1
102
RTVSPropertyOp50
 70
1
102
RTVSPropertyOp51
 70
0
102
RTVSPropertyOp52
 70
0
102
RTVSPropertyOp53
 70
1
102
RTVSPropertyOp54
 70
1
102
RTVSPropertyOp55
 70
1
102
RTVSPropertyOp56
 70
1
102
RTVSPropertyOp57
 70
1
102
RTVSPropertyOp58
 70
1
102
RTVSPropertyOp59
 70
1
102
RTVSPropertyOp60
 70
1
102
RTVSPropertyOp61
 70
1
102
RTVSPropertyOp62
 70
1
  0
XRECORD
  5
BA
102
{ACAD_REACTORS
330
B9
102
}
330
B9
100
AcDbXrecord
280
1
102
RTVSPost2010Prop28
280
0
102
RTVSPost2010PropOp28
 70
0
102
RTVSPost2010Prop29
280
1
102
RTVSPost2010PropOp29
 70
0
102
RTVSPost2010Prop30
280
1
102
RTVSPost2010PropOp30
 70
0
102
RTVSPost2010Prop31
280
0
102
RTVSPost2010PropOp31
 70
0
102
RTVSPost2010Prop32
280
0
102
RTVSPost2010PropOp32
 70
0
102
RTVSPost2010Prop33
280
0
102
RTVSPost2010PropOp33
 70
0
102
RTVSPost2010Prop34
280
0
102
RTVSPost2010PropOp34
 70
0
102
RTVSPost2010Prop35
280
0
102
RTVSPost2010PropOp35
 70
0
102
RTVSPost2010Prop36
280
0
102
RTVSPost2010PropOp36
 70
0
102
RTVSPost2010Prop37
 90
50
102
RTVSPost2010PropOp37
 70
0
102
RTVSPost2010Prop38
140
0.0
102
RTVSPost2010PropOp38
 70
0
102
RTVSPost2010Prop39
140
1.0
102
RTVSPost2010PropOp39
 70
0
102
RTVSPost2010Prop40
 90
0
102
RTVSPost2010PropOp40
 70
0
102
RTVSPost2010Prop41ColorIndex
 90
18
102
RTVSPost2010Prop41ColorRGB
 90
0
102
RTVSPost2010PropOp41
 70
0
102
RTVSPost2010Prop42
 90
50
102
RTVSPost2010PropOp42
 70
0
102
RTVSPost2010Prop43
 90
3
102
RTVSPost2010PropOp43
 70
0
102
RTVSPost2010Prop44ColorIndex
 90
5
102
RTVSPost2010Prop44ColorRGB
 90
255
102
RTVSPost2010PropOp44
 70
0
102
RTVSPost2010Prop45
280
0
102
RTVSPost2010PropOp45
 70
0
102
RTVSPost2010Prop46
 90
50
102
RTVSPost2010PropOp46
 70
0
102
RTVSPost2010Prop47
 90
50
102
RTVSPost2010PropOp47
 70
0
102
RTVSPost2010Prop48
 90
50
102
RTVSPost2010PropOp48
 70
0
102
RTVSPost2010Prop49
280
0
102
RTVSPost2010PropOp49
 70
0
102
RTVSPost2010Prop50
 90
50
102
RTVSPost2010PropOp50
 70
0
102
RTVSPost2010Prop51ColorIndex
 90
256
102
RTVSPost2010Prop51ColorRGB
 90
-16777216
102
RTVSPost2010PropOp51
 70
0
102
RTVSPost2010Prop52
140
1.0
102
RTVSPost2010PropOp52
 70
0
102
RTVSPost2010Prop53
 90
2
102
RTVSPost2010PropOp53
 70
0
102
RTVSPost2010Prop54
  1
strokes_ogs.tif
102
RTVSPost2010PropOp54
 70
0
102
RTVSPost2010Prop55
280
0
102
RTVSPost2010PropOp55
 70
0
102
RTVSPost2010Prop56
140
1.0
102
RTVSPost2010PropOp56
 70
0
102
RTVSPost2010Prop57
140
1.0
102
RTVSPost2010PropOp57
 70
0
102
RTVSPropertyOp0
 70
0
102
RTVSPropertyOp1
 70
0
102
RTVSPropertyOp2
 70
0
102
RTVSPropertyOp3
 70
0
102
RTVSPropertyOp4
 70
0
102
RTVSPropertyOp5
 70
0
102
RTVSPropertyOp6
 70
0
102
RTVSPropertyOp7
 70
0
102
RTVSPropertyOp8
 70
0
102
RTVSPropertyOp9
 70
0
102
RTVSPropertyOp10
 70
0
102
RTVSPropertyOp11
 70
0
102
RTVSPropertyOp12
 70
0
102
RTVSPropertyOp13
 70
0
102
RTVSPropertyOp14
 70
2
102
RTVSPropertyOp15
 70
0
102
RTVSPropertyOp16
 70
0
102
RTVSPropertyOp17
 70
0
102
RTVSPropertyOp18
 70
0
102
RTVSPropertyOp19
 70
0
102
RTVSPropertyOp20
 70
0
102
RTVSPropertyOp21
 70
0
102
RTVSPropertyOp22
 70
0
102
RTVSPropertyOp23
 70
0
102
RTVSPropertyOp24
 70
0
102
RTVSPropertyOp25
 70
0
102
RTVSPropertyOp26
 70
0
102
RTVSPropertyOp27
 70
0
102
RTVSPropertyOp28
 70
0
102
RTVSPropertyOp29
 70
0
102
RTVSPropertyOp30
 70
0
102
RTVSPropertyOp31
 70
0
102
RTVSPropertyOp32
 70
0
102
RTVSPropertyOp33
 70
0
102
RTVSPropertyOp34
 70
0
102
RTVSPropertyOp35
 70
0
102
RTVSPropertyOp36
 70
0
102
RTVSPropertyOp37
 70
0
102
RTVSPropertyOp38
 70
0
102
RTVSPropertyOp39
 70
0
102
RTVSPropertyOp40
 70
0
102
RTVSPropertyOp41
 70
0
102
RTVSPropertyOp42
 70
0
102
RTVSPropertyOp43
 70
0
102
RTVSPropertyOp44
 70
0
102
RTVSPropertyOp45
 70
0
102
RTVSPropertyOp46
 70
0
102
RTVSPropertyOp47
 70
0
102
RTVSPropertyOp48
 70
0
102
RTVSPropertyOp49
 70
0
102
RTVSPropertyOp50
 70
0
102
RTVSPropertyOp51
 70
0
102
RTVSPropertyOp52
 70
0
102
RTVSPropertyOp53
 70
0
102
RTVSPropertyOp54
 70
0
102
RTVSPropertyOp55
 70
0
102
RTVSPropertyOp56
 70
0
102
RTVSPropertyOp57
 70
0
102
RTVSPropertyOp58
 70
0
102
RTVSPropertyOp59
 70
0
102
RTVSPropertyOp60
 70
0
102
RTVSPropertyOp61
 70
0
102
RTVSPropertyOp62
 70
0
  0
XRECORD
  5
A0
102
{ACAD_REACTORS
330
9F
102
}
330
9F
100
AcDbXrecord
280
1
102
RTVSPost2010Prop28
280
0
102
RTVSPost2010PropOp28
 70
1
102
RTVSPost2010Prop29
280
1
102
RTVSPost2010PropOp29
 70
1
102
RTVSPost2010Prop30
280
1
102
RTVSPost2010PropOp30
 70
1
102
RTVSPost2010Prop31
280
0
102
RTVSPost2010PropOp31
 70
1
102
RTVSPost2010Prop32
280
0
102
RTVSPost2010PropOp32
 70
1
102
RTVSPost2010Prop33
280
0
102
RTVSPost2010PropOp33
 70
1
102
RTVSPost2010Prop34
280
0
102
RTVSPost2010PropOp34
 70
1
102
RTVSPost2010Prop35
280
0
102
RTVSPost2010PropOp35
 70
1
102
RTVSPost2010Prop36
280
0
102
RTVSPost2010PropOp36
 70
1
102
RTVSPost2010Prop37
 90
50
102
RTVSPost2010PropOp37
 70
1
102
RTVSPost2010Prop38
140
0.0
102
RTVSPost2010PropOp38
 70
1
102
RTVSPost2010Prop39
140
1.0
102
RTVSPost2010PropOp39
 70
1
102
RTVSPost2010Prop40
 90
0
102
RTVSPost2010PropOp40
 70
1
102
RTVSPost2010Prop41ColorIndex
 90
18
102
RTVSPost2010Prop41ColorRGB
 90
0
102
RTVSPost2010PropOp41
 70
1
102
RTVSPost2010Prop42
 90
50
102
RTVSPost2010PropOp42
 70
1
102
RTVSPost2010Prop43
 90
3
102
RTVSPost2010PropOp43
 70
1
102
RTVSPost2010Prop44ColorIndex
 90
5
102
RTVSPost2010Prop44ColorRGB
 90
255
102
RTVSPost2010PropOp44
 70
1
102
RTVSPost2010Prop45
280
0
102
RTVSPost2010PropOp45
 70
1
102
RTVSPost2010Prop46
 90
50
102
RTVSPost2010PropOp46
 70
1
102
RTVSPost2010Prop47
 90
50
102
RTVSPost2010PropOp47
 70
1
102
RTVSPost2010Prop48
 90
50
102
RTVSPost2010PropOp48
 70
1
102
RTVSPost2010Prop49
280
0
102
RTVSPost2010PropOp49
 70
1
102
RTVSPost2010Prop50
 90
50
102
RTVSPost2010PropOp50
 70
1
102
RTVSPost2010Prop51ColorIndex
 90
256
102
RTVSPost2010Prop51ColorRGB
 90
-16777216
102
RTVSPost2010PropOp51
 70
0
102
RTVSPost2010Prop52
140
1.0
102
RTVSPost2010PropOp52
 70
0
102
RTVSPost2010Prop53
 90
2
102
RTVSPost2010PropOp53
 70
1
102
RTVSPost2010Prop54
  1
strokes_ogs.tif
102
RTVSPost2010PropOp54
 70
1
102
RTVSPost2010Prop55
280
0
102
RTVSPost2010PropOp55
 70
1
102
RTVSPost2010Prop56
140
1.0
102
RTVSPost2010PropOp56
 70
1
102
RTVSPost2010Prop57
140
1.0
102
RTVSPost2010PropOp57
 70
1
102
RTVSPropertyOp0
 70
1
102
RTVSPropertyOp1
 70
1
102
RTVSPropertyOp2
 70
1
102
RTVSPropertyOp3
 70
1
102
RTVSPropertyOp4
 70
1
102
RTVSPropertyOp5
 70
1
102
RTVSPropertyOp6
 70
1
102
RTVSPropertyOp7
 70
1
102
RTVSPropertyOp8
 70
1
102
RTVSPropertyOp9
 70
1
102
RTVSPropertyOp10
 70
1
102
RTVSPropertyOp11
 70
1
102
RTVSPropertyOp12
 70
1
102
RTVSPropertyOp13
 70
1
102
RTVSPropertyOp14
 70
1
102
RTVSPropertyOp15
 70
1
102
RTVSPropertyOp16
 70
1
102
RTVSPropertyOp17
 70
1
102
RTVSPropertyOp18
 70
1
102
RTVSPropertyOp19
 70
1
102
RTVSPropertyOp20
 70
1
102
RTVSPropertyOp21
 70
1
102
RTVSPropertyOp22
 70
1
102
RTVSPropertyOp23
 70
1
102
RTVSPropertyOp24
 70
1
102
RTVSPropertyOp25
 70
1
102
RTVSPropertyOp26
 70
1
102
RTVSPropertyOp27
 70
1
102
RTVSPropertyOp28
 70
1
102
RTVSPropertyOp29
 70
1
102
RTVSPropertyOp30
 70
1
102
RTVSPropertyOp31
 70
1
102
RTVSPropertyOp32
 70
1
102
RTVSPropertyOp33
 70
1
102
RTVSPropertyOp34
 70
1
102
RTVSPropertyOp35
 70
1
102
RTVSPropertyOp36
 70
1
102
RTVSPropertyOp37
 70
1
102
RTVSPropertyOp38
 70
1
102
RTVSPropertyOp39
 70
1
102
RTVSPropertyOp40
 70
1
102
RTVSPropertyOp41
 70
1
102
RTVSPropertyOp42
 70
1
102
RTVSPropertyOp43
 70
1
102
RTVSPropertyOp44
 70
1
102
RTVSPropertyOp45
 70
1
102
RTVSPropertyOp46
 70
1
102
RTVSPropertyOp47
 70
1
102
RTVSPropertyOp48
 70
1
102
RTVSPropertyOp49
 70
1
102
RTVSPropertyOp50
 70
1
102
RTVSPropertyOp51
 70
0
102
RTVSPropertyOp52
 70
0
102
RTVSPropertyOp53
 70
1
102
RTVSPropertyOp54
 70
1
102
RTVSPropertyOp55
 70
1
102
RTVSPropertyOp56
 70
1
102
RTVSPropertyOp57
 70
1
102
RTVSPropertyOp58
 70
1
102
RTVSPropertyOp59
 70
1
102
RTVSPropertyOp60
 70
1
102
RTVSPropertyOp61
 70
1
102
RTVSPropertyOp62
 70
1
  0
XRECORD
  5
B6
102
{ACAD_REACTORS
330
B5
102
}
330
B5
100
AcDbXrecord
280
1
102
RTVSPost2010Prop28
280
0
102
RTVSPost2010PropOp28
 70
1
102
RTVSPost2010Prop29
280
1
102
RTVSPost2010PropOp29
 70
1
102
RTVSPost2010Prop30
280
1
102
RTVSPost2010PropOp30
 70
1
102
RTVSPost2010Prop31
280
0
102
RTVSPost2010PropOp31
 70
1
102
RTVSPost2010Prop32
280
0
102
RTVSPost2010PropOp32
 70
1
102
RTVSPost2010Prop33
280
0
102
RTVSPost2010PropOp33
 70
1
102
RTVSPost2010Prop34
280
0
102
RTVSPost2010PropOp34
 70
1
102
RTVSPost2010Prop35
280
0
102
RTVSPost2010PropOp35
 70
1
102
RTVSPost2010Prop36
280
0
102
RTVSPost2010PropOp36
 70
1
102
RTVSPost2010Prop37
 90
50
102
RTVSPost2010PropOp37
 70
1
102
RTVSPost2010Prop38
140
0.0
102
RTVSPost2010PropOp38
 70
1
102
RTVSPost2010Prop39
140
1.0
102
RTVSPost2010PropOp39
 70
1
102
RTVSPost2010Prop40
 90
0
102
RTVSPost2010PropOp40
 70
1
102
RTVSPost2010Prop41ColorIndex
 90
18
102
RTVSPost2010Prop41ColorRGB
 90
0
102
RTVSPost2010PropOp41
 70
1
102
RTVSPost2010Prop42
 90
50
102
RTVSPost2010PropOp42
 70
1
102
RTVSPost2010Prop43
 90
3
102
RTVSPost2010PropOp43
 70
1
102
RTVSPost2010Prop44ColorIndex
 90
5
102
RTVSPost2010Prop44ColorRGB
 90
255
102
RTVSPost2010PropOp44
 70
1
102
RTVSPost2010Prop45
280
0
102
RTVSPost2010PropOp45
 70
1
102
RTVSPost2010Prop46
 90
50
102
RTVSPost2010PropOp46
 70
1
102
RTVSPost2010Prop47
 90
50
102
RTVSPost2010PropOp47
 70
1
102
RTVSPost2010Prop48
 90
50
102
RTVSPost2010PropOp48
 70
1
102
RTVSPost2010Prop49
280
0
102
RTVSPost2010PropOp49
 70
1
102
RTVSPost2010Prop50
 90
50
102
RTVSPost2010PropOp50
 70
1
102
RTVSPost2010Prop51ColorIndex
 90
256
102
RTVSPost2010Prop51ColorRGB
 90
-16777216
102
RTVSPost2010PropOp51
 70
0
102
RTVSPost2010Prop52
140
1.0
102
RTVSPost2010PropOp52
 70
0
102
RTVSPost2010Prop53
 90
2
102
RTVSPost2010PropOp53
 70
1
102
RTVSPost2010Prop54
  1
strokes_ogs.tif
102
RTVSPost2010PropOp54
 70
1
102
RTVSPost2010Prop55
280
0
102
RTVSPost2010PropOp55
 70
1
102
RTVSPost2010Prop56
140
1.0
102
RTVSPost2010PropOp56
 70
1
102
RTVSPost2010Prop57
140
1.0
102
RTVSPost2010PropOp57
 70
1
102
RTVSPropertyOp0
 70
1
102
RTVSPropertyOp1
 70
1
102
RTVSPropertyOp2
 70
1
102
RTVSPropertyOp3
 70
1
102
RTVSPropertyOp4
 70
1
102
RTVSPropertyOp5
 70
1
102
RTVSPropertyOp6
 70
1
102
RTVSPropertyOp7
 70
1
102
RTVSPropertyOp8
 70
1
102
RTVSPropertyOp9
 70
1
102
RTVSPropertyOp10
 70
1
102
RTVSPropertyOp11
 70
1
102
RTVSPropertyOp12
 70
1
102
RTVSPropertyOp13
 70
1
102
RTVSPropertyOp14
 70
1
102
RTVSPropertyOp15
 70
1
102
RTVSPropertyOp16
 70
1
102
RTVSPropertyOp17
 70
1
102
RTVSPropertyOp18
 70
1
102
RTVSPropertyOp19
 70
1
102
RTVSPropertyOp20
 70
1
102
RTVSPropertyOp21
 70
1
102
RTVSPropertyOp22
 70
1
102
RTVSPropertyOp23
 70
1
102
RTVSPropertyOp24
 70
1
102
RTVSPropertyOp25
 70
1
102
RTVSPropertyOp26
 70
1
102
RTVSPropertyOp27
 70
1
102
RTVSPropertyOp28
 70
1
102
RTVSPropertyOp29
 70
1
102
RTVSPropertyOp30
 70
1
102
RTVSPropertyOp31
 70
1
102
RTVSPropertyOp32
 70
1
102
RTVSPropertyOp33
 70
1
102
RTVSPropertyOp34
 70
1
102
RTVSPropertyOp35
 70
1
102
RTVSPropertyOp36
 70
1
102
RTVSPropertyOp37
 70
1
102
RTVSPropertyOp38
 70
1
102
RTVSPropertyOp39
 70
1
102
RTVSPropertyOp40
 70
1
102
RTVSPropertyOp41
 70
1
102
RTVSPropertyOp42
 70
1
102
RTVSPropertyOp43
 70
1
102
RTVSPropertyOp44
 70
1
102
RTVSPropertyOp45
 70
1
102
RTVSPropertyOp46
 70
1
102
RTVSPropertyOp47
 70
1
102
RTVSPropertyOp48
 70
1
102
RTVSPropertyOp49
 70
1
102
RTVSPropertyOp50
 70
1
102
RTVSPropertyOp51
 70
0
102
RTVSPropertyOp52
 70
0
102
RTVSPropertyOp53
 70
1
102
RTVSPropertyOp54
 70
1
102
RTVSPropertyOp55
 70
1
102
RTVSPropertyOp56
 70
1
102
RTVSPropertyOp57
 70
1
102
RTVSPropertyOp58
 70
1
102
RTVSPropertyOp59
 70
1
102
RTVSPropertyOp60
 70
1
102
RTVSPropertyOp61
 70
1
102
RTVSPropertyOp62
 70
1
  0
XRECORD
  5
B4
102
{ACAD_REACTORS
330
B3
102
}
330
B3
100
AcDbXrecord
280
1
102
RTVSPost2010Prop28
280
0
102
RTVSPost2010PropOp28
 70
1
102
RTVSPost2010Prop29
280
1
102
RTVSPost2010PropOp29
 70
1
102
RTVSPost2010Prop30
280
1
102
RTVSPost2010PropOp30
 70
1
102
RTVSPost2010Prop31
280
0
102
RTVSPost2010PropOp31
 70
1
102
RTVSPost2010Prop32
280
0
102
RTVSPost2010PropOp32
 70
1
102
RTVSPost2010Prop33
280
0
102
RTVSPost2010PropOp33
 70
1
102
RTVSPost2010Prop34
280
0
102
RTVSPost2010PropOp34
 70
1
102
RTVSPost2010Prop35
280
0
102
RTVSPost2010PropOp35
 70
1
102
RTVSPost2010Prop36
280
0
102
RTVSPost2010PropOp36
 70
1
102
RTVSPost2010Prop37
 90
50
102
RTVSPost2010PropOp37
 70
1
102
RTVSPost2010Prop38
140
0.0
102
RTVSPost2010PropOp38
 70
1
102
RTVSPost2010Prop39
140
1.0
102
RTVSPost2010PropOp39
 70
1
102
RTVSPost2010Prop40
 90
0
102
RTVSPost2010PropOp40
 70
1
102
RTVSPost2010Prop41ColorIndex
 90
18
102
RTVSPost2010Prop41ColorRGB
 90
0
102
RTVSPost2010PropOp41
 70
1
102
RTVSPost2010Prop42
 90
50
102
RTVSPost2010PropOp42
 70
1
102
RTVSPost2010Prop43
 90
3
102
RTVSPost2010PropOp43
 70
1
102
RTVSPost2010Prop44ColorIndex
 90
5
102
RTVSPost2010Prop44ColorRGB
 90
255
102
RTVSPost2010PropOp44
 70
1
102
RTVSPost2010Prop45
280
0
102
RTVSPost2010PropOp45
 70
1
102
RTVSPost2010Prop46
 90
50
102
RTVSPost2010PropOp46
 70
1
102
RTVSPost2010Prop47
 90
50
102
RTVSPost2010PropOp47
 70
1
102
RTVSPost2010Prop48
 90
50
102
RTVSPost2010PropOp48
 70
1
102
RTVSPost2010Prop49
280
0
102
RTVSPost2010PropOp49
 70
1
102
RTVSPost2010Prop50
 90
50
102
RTVSPost2010PropOp50
 70
1
102
RTVSPost2010Prop51ColorIndex
 90
256
102
RTVSPost2010Prop51ColorRGB
 90
-16777216
102
RTVSPost2010PropOp51
 70
0
102
RTVSPost2010Prop52
140
1.0
102
RTVSPost2010PropOp52
 70
0
102
RTVSPost2010Prop53
 90
2
102
RTVSPost2010PropOp53
 70
1
102
RTVSPost2010Prop54
  1
strokes_ogs.tif
102
RTVSPost2010PropOp54
 70
1
102
RTVSPost2010Prop55
280
0
102
RTVSPost2010PropOp55
 70
1
102
RTVSPost2010Prop56
140
1.0
102
RTVSPost2010PropOp56
 70
1
102
RTVSPost2010Prop57
140
1.0
102
RTVSPost2010PropOp57
 70
1
102
RTVSPropertyOp0
 70
1
102
RTVSPropertyOp1
 70
1
102
RTVSPropertyOp2
 70
1
102
RTVSPropertyOp3
 70
1
102
RTVSPropertyOp4
 70
1
102
RTVSPropertyOp5
 70
1
102
RTVSPropertyOp6
 70
1
102
RTVSPropertyOp7
 70
1
102
RTVSPropertyOp8
 70
1
102
RTVSPropertyOp9
 70
1
102
RTVSPropertyOp10
 70
1
102
RTVSPropertyOp11
 70
1
102
RTVSPropertyOp12
 70
1
102
RTVSPropertyOp13
 70
1
102
RTVSPropertyOp14
 70
1
102
RTVSPropertyOp15
 70
1
102
RTVSPropertyOp16
 70
1
102
RTVSPropertyOp17
 70
1
102
RTVSPropertyOp18
 70
1
102
RTVSPropertyOp19
 70
1
102
RTVSPropertyOp20
 70
1
102
RTVSPropertyOp21
 70
1
102
RTVSPropertyOp22
 70
1
102
RTVSPropertyOp23
 70
1
102
RTVSPropertyOp24
 70
1
102
RTVSPropertyOp25
 70
1
102
RTVSPropertyOp26
 70
1
102
RTVSPropertyOp27
 70
1
102
RTVSPropertyOp28
 70
1
102
RTVSPropertyOp29
 70
1
102
RTVSPropertyOp30
 70
1
102
RTVSPropertyOp31
 70
1
102
RTVSPropertyOp32
 70
1
102
RTVSPropertyOp33
 70
1
102
RTVSPropertyOp34
 70
1
102
RTVSPropertyOp35
 70
1
102
RTVSPropertyOp36
 70
1
102
RTVSPropertyOp37
 70
1
102
RTVSPropertyOp38
 70
1
102
RTVSPropertyOp39
 70
1
102
RTVSPropertyOp40
 70
1
102
RTVSPropertyOp41
 70
1
102
RTVSPropertyOp42
 70
1
102
RTVSPropertyOp43
 70
1
102
RTVSPropertyOp44
 70
1
102
RTVSPropertyOp45
 70
1
102
RTVSPropertyOp46
 70
1
102
RTVSPropertyOp47
 70
1
102
RTVSPropertyOp48
 70
1
102
RTVSPropertyOp49
 70
1
102
RTVSPropertyOp50
 70
1
102
RTVSPropertyOp51
 70
0
102
RTVSPropertyOp52
 70
0
102
RTVSPropertyOp53
 70
1
102
RTVSPropertyOp54
 70
1
102
RTVSPropertyOp55
 70
1
102
RTVSPropertyOp56
 70
1
102
RTVSPropertyOp57
 70
1
102
RTVSPropertyOp58
 70
1
102
RTVSPropertyOp59
 70
1
102
RTVSPropertyOp60
 70
1
102
RTVSPropertyOp61
 70
1
102
RTVSPropertyOp62
 70
1
  0
XRECORD
  5
AE
102
{ACAD_REACTORS
330
AD
102
}
330
AD
100
AcDbXrecord
280
1
102
RTVSPost2010Prop28
280
0
102
RTVSPost2010PropOp28
 70
1
102
RTVSPost2010Prop29
280
1
102
RTVSPost2010PropOp29
 70
1
102
RTVSPost2010Prop30
280
1
102
RTVSPost2010PropOp30
 70
1
102
RTVSPost2010Prop31
280
0
102
RTVSPost2010PropOp31
 70
1
102
RTVSPost2010Prop32
280
0
102
RTVSPost2010PropOp32
 70
1
102
RTVSPost2010Prop33
280
0
102
RTVSPost2010PropOp33
 70
1
102
RTVSPost2010Prop34
280
0
102
RTVSPost2010PropOp34
 70
1
102
RTVSPost2010Prop35
280
0
102
RTVSPost2010PropOp35
 70
1
102
RTVSPost2010Prop36
280
0
102
RTVSPost2010PropOp36
 70
1
102
RTVSPost2010Prop37
 90
50
102
RTVSPost2010PropOp37
 70
1
102
RTVSPost2010Prop38
140
0.0
102
RTVSPost2010PropOp38
 70
1
102
RTVSPost2010Prop39
140
1.0
102
RTVSPost2010PropOp39
 70
1
102
RTVSPost2010Prop40
 90
0
102
RTVSPost2010PropOp40
 70
1
102
RTVSPost2010Prop41ColorIndex
 90
18
102
RTVSPost2010Prop41ColorRGB
 90
0
102
RTVSPost2010PropOp41
 70
1
102
RTVSPost2010Prop42
 90
50
102
RTVSPost2010PropOp42
 70
1
102
RTVSPost2010Prop43
 90
3
102
RTVSPost2010PropOp43
 70
1
102
RTVSPost2010Prop44ColorIndex
 90
5
102
RTVSPost2010Prop44ColorRGB
 90
255
102
RTVSPost2010PropOp44
 70
1
102
RTVSPost2010Prop45
280
0
102
RTVSPost2010PropOp45
 70
1
102
RTVSPost2010Prop46
 90
50
102
RTVSPost2010PropOp46
 70
1
102
RTVSPost2010Prop47
 90
50
102
RTVSPost2010PropOp47
 70
1
102
RTVSPost2010Prop48
 90
50
102
RTVSPost2010PropOp48
 70
1
102
RTVSPost2010Prop49
280
0
102
RTVSPost2010PropOp49
 70
1
102
RTVSPost2010Prop50
 90
50
102
RTVSPost2010PropOp50
 70
1
102
RTVSPost2010Prop51ColorIndex
 90
256
102
RTVSPost2010Prop51ColorRGB
 90
-16777216
102
RTVSPost2010PropOp51
 70
0
102
RTVSPost2010Prop52
140
1.0
102
RTVSPost2010PropOp52
 70
0
102
RTVSPost2010Prop53
 90
2
102
RTVSPost2010PropOp53
 70
1
102
RTVSPost2010Prop54
  1
strokes_ogs.tif
102
RTVSPost2010PropOp54
 70
1
102
RTVSPost2010Prop55
280
0
102
RTVSPost2010PropOp55
 70
1
102
RTVSPost2010Prop56
140
1.0
102
RTVSPost2010PropOp56
 70
1
102
RTVSPost2010Prop57
140
1.0
102
RTVSPost2010PropOp57
 70
1
102
RTVSPropertyOp0
 70
1
102
RTVSPropertyOp1
 70
1
102
RTVSPropertyOp2
 70
1
102
RTVSPropertyOp3
 70
1
102
RTVSPropertyOp4
 70
1
102
RTVSPropertyOp5
 70
1
102
RTVSPropertyOp6
 70
1
102
RTVSPropertyOp7
 70
1
102
RTVSPropertyOp8
 70
1
102
RTVSPropertyOp9
 70
1
102
RTVSPropertyOp10
 70
1
102
RTVSPropertyOp11
 70
1
102
RTVSPropertyOp12
 70
1
102
RTVSPropertyOp13
 70
1
102
RTVSPropertyOp14
 70
1
102
RTVSPropertyOp15
 70
1
102
RTVSPropertyOp16
 70
1
102
RTVSPropertyOp17
 70
1
102
RTVSPropertyOp18
 70
1
102
RTVSPropertyOp19
 70
1
102
RTVSPropertyOp20
 70
1
102
RTVSPropertyOp21
 70
1
102
RTVSPropertyOp22
 70
1
102
RTVSPropertyOp23
 70
1
102
RTVSPropertyOp24
 70
1
102
RTVSPropertyOp25
 70
1
102
RTVSPropertyOp26
 70
1
102
RTVSPropertyOp27
 70
1
102
RTVSPropertyOp28
 70
1
102
RTVSPropertyOp29
 70
1
102
RTVSPropertyOp30
 70
1
102
RTVSPropertyOp31
 70
1
102
RTVSPropertyOp32
 70
1
102
RTVSPropertyOp33
 70
1
102
RTVSPropertyOp34
 70
1
102
RTVSPropertyOp35
 70
1
102
RTVSPropertyOp36
 70
1
102
RTVSPropertyOp37
 70
1
102
RTVSPropertyOp38
 70
1
102
RTVSPropertyOp39
 70
1
102
RTVSPropertyOp40
 70
1
102
RTVSPropertyOp41
 70
1
102
RTVSPropertyOp42
 70
1
102
RTVSPropertyOp43
 70
1
102
RTVSPropertyOp44
 70
1
102
RTVSPropertyOp45
 70
1
102
RTVSPropertyOp46
 70
1
102
RTVSPropertyOp47
 70
1
102
RTVSPropertyOp48
 70
1
102
RTVSPropertyOp49
 70
1
102
RTVSPropertyOp50
 70
1
102
RTVSPropertyOp51
 70
0
102
RTVSPropertyOp52
 70
0
102
RTVSPropertyOp53
 70
1
102
RTVSPropertyOp54
 70
1
102
RTVSPropertyOp55
 70
1
102
RTVSPropertyOp56
 70
1
102
RTVSPropertyOp57
 70
1
102
RTVSPropertyOp58
 70
1
102
RTVSPropertyOp59
 70
1
102
RTVSPropertyOp60
 70
1
102
RTVSPropertyOp61
 70
1
102
RTVSPropertyOp62
 70
1
  0
XRECORD
  5
B0
102
{ACAD_REACTORS
330
AF
102
}
330
AF
100
AcDbXrecord
280
1
102
RTVSPost2010Prop28
280
0
102
RTVSPost2010PropOp28
 70
1
102
RTVSPost2010Prop29
280
1
102
RTVSPost2010PropOp29
 70
1
102
RTVSPost2010Prop30
280
1
102
RTVSPost2010PropOp30
 70
1
102
RTVSPost2010Prop31
280
0
102
RTVSPost2010PropOp31
 70
1
102
RTVSPost2010Prop32
280
0
102
RTVSPost2010PropOp32
 70
1
102
RTVSPost2010Prop33
280
0
102
RTVSPost2010PropOp33
 70
1
102
RTVSPost2010Prop34
280
0
102
RTVSPost2010PropOp34
 70
1
102
RTVSPost2010Prop35
280
0
102
RTVSPost2010PropOp35
 70
1
102
RTVSPost2010Prop36
280
0
102
RTVSPost2010PropOp36
 70
1
102
RTVSPost2010Prop37
 90
50
102
RTVSPost2010PropOp37
 70
1
102
RTVSPost2010Prop38
140
0.0
102
RTVSPost2010PropOp38
 70
1
102
RTVSPost2010Prop39
140
1.0
102
RTVSPost2010PropOp39
 70
1
102
RTVSPost2010Prop40
 90
0
102
RTVSPost2010PropOp40
 70
1
102
RTVSPost2010Prop41ColorIndex
 90
18
102
RTVSPost2010Prop41ColorRGB
 90
0
102
RTVSPost2010PropOp41
 70
1
102
RTVSPost2010Prop42
 90
50
102
RTVSPost2010PropOp42
 70
1
102
RTVSPost2010Prop43
 90
3
102
RTVSPost2010PropOp43
 70
1
102
RTVSPost2010Prop44ColorIndex
 90
5
102
RTVSPost2010Prop44ColorRGB
 90
255
102
RTVSPost2010PropOp44
 70
1
102
RTVSPost2010Prop45
280
0
102
RTVSPost2010PropOp45
 70
1
102
RTVSPost2010Prop46
 90
50
102
RTVSPost2010PropOp46
 70
1
102
RTVSPost2010Prop47
 90
50
102
RTVSPost2010PropOp47
 70
1
102
RTVSPost2010Prop48
 90
50
102
RTVSPost2010PropOp48
 70
1
102
RTVSPost2010Prop49
280
0
102
RTVSPost2010PropOp49
 70
1
102
RTVSPost2010Prop50
 90
50
102
RTVSPost2010PropOp50
 70
1
102
RTVSPost2010Prop51ColorIndex
 90
256
102
RTVSPost2010Prop51ColorRGB
 90
-16777216
102
RTVSPost2010PropOp51
 70
0
102
RTVSPost2010Prop52
140
1.0
102
RTVSPost2010PropOp52
 70
0
102
RTVSPost2010Prop53
 90
2
102
RTVSPost2010PropOp53
 70
1
102
RTVSPost2010Prop54
  1
strokes_ogs.tif
102
RTVSPost2010PropOp54
 70
1
102
RTVSPost2010Prop55
280
0
102
RTVSPost2010PropOp55
 70
1
102
RTVSPost2010Prop56
140
1.0
102
RTVSPost2010PropOp56
 70
1
102
RTVSPost2010Prop57
140
1.0
102
RTVSPost2010PropOp57
 70
1
102
RTVSPropertyOp0
 70
1
102
RTVSPropertyOp1
 70
1
102
RTVSPropertyOp2
 70
1
102
RTVSPropertyOp3
 70
1
102
RTVSPropertyOp4
 70
1
102
RTVSPropertyOp5
 70
1
102
RTVSPropertyOp6
 70
1
102
RTVSPropertyOp7
 70
1
102
RTVSPropertyOp8
 70
1
102
RTVSPropertyOp9
 70
1
102
RTVSPropertyOp10
 70
1
102
RTVSPropertyOp11
 70
1
102
RTVSPropertyOp12
 70
1
102
RTVSPropertyOp13
 70
1
102
RTVSPropertyOp14
 70
1
102
RTVSPropertyOp15
 70
1
102
RTVSPropertyOp16
 70
1
102
RTVSPropertyOp17
 70
1
102
RTVSPropertyOp18
 70
1
102
RTVSPropertyOp19
 70
1
102
RTVSPropertyOp20
 70
1
102
RTVSPropertyOp21
 70
1
102
RTVSPropertyOp22
 70
1
102
RTVSPropertyOp23
 70
1
102
RTVSPropertyOp24
 70
1
102
RTVSPropertyOp25
 70
1
102
RTVSPropertyOp26
 70
1
102
RTVSPropertyOp27
 70
1
102
RTVSPropertyOp28
 70
1
102
RTVSPropertyOp29
 70
1
102
RTVSPropertyOp30
 70
1
102
RTVSPropertyOp31
 70
1
102
RTVSPropertyOp32
 70
1
102
RTVSPropertyOp33
 70
1
102
RTVSPropertyOp34
 70
1
102
RTVSPropertyOp35
 70
1
102
RTVSPropertyOp36
 70
1
102
RTVSPropertyOp37
 70
1
102
RTVSPropertyOp38
 70
1
102
RTVSPropertyOp39
 70
1
102
RTVSPropertyOp40
 70
1
102
RTVSPropertyOp41
 70
1
102
RTVSPropertyOp42
 70
1
102
RTVSPropertyOp43
 70
1
102
RTVSPropertyOp44
 70
1
102
RTVSPropertyOp45
 70
1
102
RTVSPropertyOp46
 70
1
102
RTVSPropertyOp47
 70
1
102
RTVSPropertyOp48
 70
1
102
RTVSPropertyOp49
 70
1
102
RTVSPropertyOp50
 70
1
102
RTVSPropertyOp51
 70
0
102
RTVSPropertyOp52
 70
0
102
RTVSPropertyOp53
 70
1
102
RTVSPropertyOp54
 70
1
102
RTVSPropertyOp55
 70
1
102
RTVSPropertyOp56
 70
1
102
RTVSPropertyOp57
 70
1
102
RTVSPropertyOp58
 70
1
102
RTVSPropertyOp59
 70
1
102
RTVSPropertyOp60
 70
1
102
RTVSPropertyOp61
 70
1
102
RTVSPropertyOp62
 70
1
  0
XRECORD
  5
A6
102
{ACAD_REACTORS
330
A5
102
}
330
A5
100
AcDbXrecord
280
1
102
RTVSPost2010Prop28
280
0
102
RTVSPost2010PropOp28
 70
1
102
RTVSPost2010Prop29
280
1
102
RTVSPost2010PropOp29
 70
1
102
RTVSPost2010Prop30
280
1
102
RTVSPost2010PropOp30
 70
1
102
RTVSPost2010Prop31
280
0
102
RTVSPost2010PropOp31
 70
1
102
RTVSPost2010Prop32
280
0
102
RTVSPost2010PropOp32
 70
1
102
RTVSPost2010Prop33
280
0
102
RTVSPost2010PropOp33
 70
1
102
RTVSPost2010Prop34
280
0
102
RTVSPost2010PropOp34
 70
1
102
RTVSPost2010Prop35
280
0
102
RTVSPost2010PropOp35
 70
1
102
RTVSPost2010Prop36
280
0
102
RTVSPost2010PropOp36
 70
1
102
RTVSPost2010Prop37
 90
50
102
RTVSPost2010PropOp37
 70
1
102
RTVSPost2010Prop38
140
0.0
102
RTVSPost2010PropOp38
 70
1
102
RTVSPost2010Prop39
140
1.0
102
RTVSPost2010PropOp39
 70
1
102
RTVSPost2010Prop40
 90
0
102
RTVSPost2010PropOp40
 70
1
102
RTVSPost2010Prop41ColorIndex
 90
18
102
RTVSPost2010Prop41ColorRGB
 90
0
102
RTVSPost2010PropOp41
 70
1
102
RTVSPost2010Prop42
 90
50
102
RTVSPost2010PropOp42
 70
1
102
RTVSPost2010Prop43
 90
3
102
RTVSPost2010PropOp43
 70
1
102
RTVSPost2010Prop44ColorIndex
 90
5
102
RTVSPost2010Prop44ColorRGB
 90
255
102
RTVSPost2010PropOp44
 70
1
102
RTVSPost2010Prop45
280
0
102
RTVSPost2010PropOp45
 70
1
102
RTVSPost2010Prop46
 90
50
102
RTVSPost2010PropOp46
 70
1
102
RTVSPost2010Prop47
 90
50
102
RTVSPost2010PropOp47
 70
1
102
RTVSPost2010Prop48
 90
50
102
RTVSPost2010PropOp48
 70
1
102
RTVSPost2010Prop49
280
0
102
RTVSPost2010PropOp49
 70
1
102
RTVSPost2010Prop50
 90
50
102
RTVSPost2010PropOp50
 70
1
102
RTVSPost2010Prop51ColorIndex
 90
256
102
RTVSPost2010Prop51ColorRGB
 90
-16777216
102
RTVSPost2010PropOp51
 70
0
102
RTVSPost2010Prop52
140
1.0
102
RTVSPost2010PropOp52
 70
0
102
RTVSPost2010Prop53
 90
2
102
RTVSPost2010PropOp53
 70
1
102
RTVSPost2010Prop54
  1
strokes_ogs.tif
102
RTVSPost2010PropOp54
 70
1
102
RTVSPost2010Prop55
280
0
102
RTVSPost2010PropOp55
 70
1
102
RTVSPost2010Prop56
140
1.0
102
RTVSPost2010PropOp56
 70
1
102
RTVSPost2010Prop57
140
1.0
102
RTVSPost2010PropOp57
 70
1
102
RTVSPropertyOp0
 70
1
102
RTVSPropertyOp1
 70
1
102
RTVSPropertyOp2
 70
1
102
RTVSPropertyOp3
 70
1
102
RTVSPropertyOp4
 70
1
102
RTVSPropertyOp5
 70
1
102
RTVSPropertyOp6
 70
1
102
RTVSPropertyOp7
 70
1
102
RTVSPropertyOp8
 70
1
102
RTVSPropertyOp9
 70
1
102
RTVSPropertyOp10
 70
1
102
RTVSPropertyOp11
 70
1
102
RTVSPropertyOp12
 70
1
102
RTVSPropertyOp13
 70
1
102
RTVSPropertyOp14
 70
1
102
RTVSPropertyOp15
 70
1
102
RTVSPropertyOp16
 70
1
102
RTVSPropertyOp17
 70
1
102
RTVSPropertyOp18
 70
1
102
RTVSPropertyOp19
 70
1
102
RTVSPropertyOp20
 70
1
102
RTVSPropertyOp21
 70
1
102
RTVSPropertyOp22
 70
1
102
RTVSPropertyOp23
 70
1
102
RTVSPropertyOp24
 70
1
102
RTVSPropertyOp25
 70
1
102
RTVSPropertyOp26
 70
1
102
RTVSPropertyOp27
 70
1
102
RTVSPropertyOp28
 70
1
102
RTVSPropertyOp29
 70
1
102
RTVSPropertyOp30
 70
1
102
RTVSPropertyOp31
 70
1
102
RTVSPropertyOp32
 70
1
102
RTVSPropertyOp33
 70
1
102
RTVSPropertyOp34
 70
1
102
RTVSPropertyOp35
 70
1
102
RTVSPropertyOp36
 70
1
102
RTVSPropertyOp37
 70
1
102
RTVSPropertyOp38
 70
1
102
RTVSPropertyOp39
 70
1
102
RTVSPropertyOp40
 70
1
102
RTVSPropertyOp41
 70
1
102
RTVSPropertyOp42
 70
1
102
RTVSPropertyOp43
 70
1
102
RTVSPropertyOp44
 70
1
102
RTVSPropertyOp45
 70
1
102
RTVSPropertyOp46
 70
1
102
RTVSPropertyOp47
 70
1
102
RTVSPropertyOp48
 70
1
102
RTVSPropertyOp49
 70
1
102
RTVSPropertyOp50
 70
1
102
RTVSPropertyOp51
 70
0
102
RTVSPropertyOp52
 70
0
102
RTVSPropertyOp53
 70
1
102
RTVSPropertyOp54
 70
1
102
RTVSPropertyOp55
 70
1
102
RTVSPropertyOp56
 70
1
102
RTVSPropertyOp57
 70
1
102
RTVSPropertyOp58
 70
1
102
RTVSPropertyOp59
 70
1
102
RTVSPropertyOp60
 70
1
102
RTVSPropertyOp61
 70
1
102
RTVSPropertyOp62
 70
1
  0
XRECORD
  5
9A
102
{ACAD_REACTORS
330
99
102
}
330
99
100
AcDbXrecord
280
1
102
RTVSPost2010Prop28
280
0
102
RTVSPost2010PropOp28
 70
1
102
RTVSPost2010Prop29
280
1
102
RTVSPost2010PropOp29
 70
1
102
RTVSPost2010Prop30
280
1
102
RTVSPost2010PropOp30
 70
1
102
RTVSPost2010Prop31
280
0
102
RTVSPost2010PropOp31
 70
1
102
RTVSPost2010Prop32
280
0
102
RTVSPost2010PropOp32
 70
1
102
RTVSPost2010Prop33
280
0
102
RTVSPost2010PropOp33
 70
1
102
RTVSPost2010Prop34
280
0
102
RTVSPost2010PropOp34
 70
1
102
RTVSPost2010Prop35
280
0
102
RTVSPost2010PropOp35
 70
1
102
RTVSPost2010Prop36
280
0
102
RTVSPost2010PropOp36
 70
1
102
RTVSPost2010Prop37
 90
50
102
RTVSPost2010PropOp37
 70
1
102
RTVSPost2010Prop38
140
0.0
102
RTVSPost2010PropOp38
 70
1
102
RTVSPost2010Prop39
140
1.0
102
RTVSPost2010PropOp39
 70
1
102
RTVSPost2010Prop40
 90
0
102
RTVSPost2010PropOp40
 70
1
102
RTVSPost2010Prop41ColorIndex
 90
18
102
RTVSPost2010Prop41ColorRGB
 90
0
102
RTVSPost2010PropOp41
 70
1
102
RTVSPost2010Prop42
 90
50
102
RTVSPost2010PropOp42
 70
1
102
RTVSPost2010Prop43
 90
3
102
RTVSPost2010PropOp43
 70
1
102
RTVSPost2010Prop44ColorIndex
 90
5
102
RTVSPost2010Prop44ColorRGB
 90
255
102
RTVSPost2010PropOp44
 70
1
102
RTVSPost2010Prop45
280
0
102
RTVSPost2010PropOp45
 70
1
102
RTVSPost2010Prop46
 90
50
102
RTVSPost2010PropOp46
 70
1
102
RTVSPost2010Prop47
 90
50
102
RTVSPost2010PropOp47
 70
1
102
RTVSPost2010Prop48
 90
50
102
RTVSPost2010PropOp48
 70
1
102
RTVSPost2010Prop49
280
0
102
RTVSPost2010PropOp49
 70
1
102
RTVSPost2010Prop50
 90
50
102
RTVSPost2010PropOp50
 70
1
102
RTVSPost2010Prop51ColorIndex
 90
256
102
RTVSPost2010Prop51ColorRGB
 90
-16777216
102
RTVSPost2010PropOp51
 70
0
102
RTVSPost2010Prop52
140
1.0
102
RTVSPost2010PropOp52
 70
0
102
RTVSPost2010Prop53
 90
2
102
RTVSPost2010PropOp53
 70
1
102
RTVSPost2010Prop54
  1
strokes_ogs.tif
102
RTVSPost2010PropOp54
 70
1
102
RTVSPost2010Prop55
280
0
102
RTVSPost2010PropOp55
 70
1
102
RTVSPost2010Prop56
140
1.0
102
RTVSPost2010PropOp56
 70
1
102
RTVSPost2010Prop57
140
1.0
102
RTVSPost2010PropOp57
 70
1
102
RTVSPropertyOp0
 70
1
102
RTVSPropertyOp1
 70
1
102
RTVSPropertyOp2
 70
1
102
RTVSPropertyOp3
 70
1
102
RTVSPropertyOp4
 70
1
102
RTVSPropertyOp5
 70
1
102
RTVSPropertyOp6
 70
1
102
RTVSPropertyOp7
 70
1
102
RTVSPropertyOp8
 70
1
102
RTVSPropertyOp9
 70
1
102
RTVSPropertyOp10
 70
1
102
RTVSPropertyOp11
 70
1
102
RTVSPropertyOp12
 70
1
102
RTVSPropertyOp13
 70
1
102
RTVSPropertyOp14
 70
1
102
RTVSPropertyOp15
 70
1
102
RTVSPropertyOp16
 70
1
102
RTVSPropertyOp17
 70
1
102
RTVSPropertyOp18
 70
1
102
RTVSPropertyOp19
 70
1
102
RTVSPropertyOp20
 70
1
102
RTVSPropertyOp21
 70
1
102
RTVSPropertyOp22
 70
1
102
RTVSPropertyOp23
 70
1
102
RTVSPropertyOp24
 70
1
102
RTVSPropertyOp25
 70
1
102
RTVSPropertyOp26
 70
1
102
RTVSPropertyOp27
 70
1
102
RTVSPropertyOp28
 70
1
102
RTVSPropertyOp29
 70
1
102
RTVSPropertyOp30
 70
1
102
RTVSPropertyOp31
 70
1
102
RTVSPropertyOp32
 70
1
102
RTVSPropertyOp33
 70
1
102
RTVSPropertyOp34
 70
1
102
RTVSPropertyOp35
 70
1
102
RTVSPropertyOp36
 70
1
102
RTVSPropertyOp37
 70
1
102
RTVSPropertyOp38
 70
1
102
RTVSPropertyOp39
 70
1
102
RTVSPropertyOp40
 70
1
102
RTVSPropertyOp41
 70
1
102
RTVSPropertyOp42
 70
1
102
RTVSPropertyOp43
 70
1
102
RTVSPropertyOp44
 70
1
102
RTVSPropertyOp45
 70
1
102
RTVSPropertyOp46
 70
1
102
RTVSPropertyOp47
 70
1
102
RTVSPropertyOp48
 70
1
102
RTVSPropertyOp49
 70
1
102
RTVSPropertyOp50
 70
1
102
RTVSPropertyOp51
 70
0
102
RTVSPropertyOp52
 70
0
102
RTVSPropertyOp53
 70
1
102
RTVSPropertyOp54
 70
1
102
RTVSPropertyOp55
 70
1
102
RTVSPropertyOp56
 70
1
102
RTVSPropertyOp57
 70
1
102
RTVSPropertyOp58
 70
1
102
RTVSPropertyOp59
 70
1
102
RTVSPropertyOp60
 70
1
102
RTVSPropertyOp61
 70
1
102
RTVSPropertyOp62
 70
1
  0
XRECORD
  5
B2
102
{ACAD_REACTORS
330
B1
102
}
330
B1
100
AcDbXrecord
280
1
102
RTVSPost2010Prop28
280
0
102
RTVSPost2010PropOp28
 70
1
102
RTVSPost2010Prop29
280
1
102
RTVSPost2010PropOp29
 70
1
102
RTVSPost2010Prop30
280
1
102
RTVSPost2010PropOp30
 70
1
102
RTVSPost2010Prop31
280
0
102
RTVSPost2010PropOp31
 70
1
102
RTVSPost2010Prop32
280
0
102
RTVSPost2010PropOp32
 70
1
102
RTVSPost2010Prop33
280
0
102
RTVSPost2010PropOp33
 70
1
102
RTVSPost2010Prop34
280
0
102
RTVSPost2010PropOp34
 70
1
102
RTVSPost2010Prop35
280
0
102
RTVSPost2010PropOp35
 70
1
102
RTVSPost2010Prop36
280
0
102
RTVSPost2010PropOp36
 70
1
102
RTVSPost2010Prop37
 90
50
102
RTVSPost2010PropOp37
 70
1
102
RTVSPost2010Prop38
140
0.0
102
RTVSPost2010PropOp38
 70
1
102
RTVSPost2010Prop39
140
1.0
102
RTVSPost2010PropOp39
 70
1
102
RTVSPost2010Prop40
 90
0
102
RTVSPost2010PropOp40
 70
1
102
RTVSPost2010Prop41ColorIndex
 90
18
102
RTVSPost2010Prop41ColorRGB
 90
0
102
RTVSPost2010PropOp41
 70
1
102
RTVSPost2010Prop42
 90
50
102
RTVSPost2010PropOp42
 70
1
102
RTVSPost2010Prop43
 90
3
102
RTVSPost2010PropOp43
 70
1
102
RTVSPost2010Prop44ColorIndex
 90
5
102
RTVSPost2010Prop44ColorRGB
 90
255
102
RTVSPost2010PropOp44
 70
1
102
RTVSPost2010Prop45
280
0
102
RTVSPost2010PropOp45
 70
1
102
RTVSPost2010Prop46
 90
50
102
RTVSPost2010PropOp46
 70
1
102
RTVSPost2010Prop47
 90
50
102
RTVSPost2010PropOp47
 70
1
102
RTVSPost2010Prop48
 90
50
102
RTVSPost2010PropOp48
 70
1
102
RTVSPost2010Prop49
280
0
102
RTVSPost2010PropOp49
 70
1
102
RTVSPost2010Prop50
 90
50
102
RTVSPost2010PropOp50
 70
1
102
RTVSPost2010Prop51ColorIndex
 90
256
102
RTVSPost2010Prop51ColorRGB
 90
-16777216
102
RTVSPost2010PropOp51
 70
0
102
RTVSPost2010Prop52
140
1.0
102
RTVSPost2010PropOp52
 70
0
102
RTVSPost2010Prop53
 90
2
102
RTVSPost2010PropOp53
 70
1
102
RTVSPost2010Prop54
  1
strokes_ogs.tif
102
RTVSPost2010PropOp54
 70
1
102
RTVSPost2010Prop55
280
0
102
RTVSPost2010PropOp55
 70
1
102
RTVSPost2010Prop56
140
1.0
102
RTVSPost2010PropOp56
 70
1
102
RTVSPost2010Prop57
140
1.0
102
RTVSPost2010PropOp57
 70
1
102
RTVSPropertyOp0
 70
1
102
RTVSPropertyOp1
 70
1
102
RTVSPropertyOp2
 70
1
102
RTVSPropertyOp3
 70
1
102
RTVSPropertyOp4
 70
1
102
RTVSPropertyOp5
 70
1
102
RTVSPropertyOp6
 70
1
102
RTVSPropertyOp7
 70
1
102
RTVSPropertyOp8
 70
1
102
RTVSPropertyOp9
 70
1
102
RTVSPropertyOp10
 70
1
102
RTVSPropertyOp11
 70
1
102
RTVSPropertyOp12
 70
1
102
RTVSPropertyOp13
 70
1
102
RTVSPropertyOp14
 70
1
102
RTVSPropertyOp15
 70
1
102
RTVSPropertyOp16
 70
1
102
RTVSPropertyOp17
 70
1
102
RTVSPropertyOp18
 70
1
102
RTVSPropertyOp19
 70
1
102
RTVSPropertyOp20
 70
1
102
RTVSPropertyOp21
 70
1
102
RTVSPropertyOp22
 70
1
102
RTVSPropertyOp23
 70
1
102
RTVSPropertyOp24
 70
1
102
RTVSPropertyOp25
 70
1
102
RTVSPropertyOp26
 70
1
102
RTVSPropertyOp27
 70
1
102
RTVSPropertyOp28
 70
1
102
RTVSPropertyOp29
 70
1
102
RTVSPropertyOp30
 70
1
102
RTVSPropertyOp31
 70
1
102
RTVSPropertyOp32
 70
1
102
RTVSPropertyOp33
 70
1
102
RTVSPropertyOp34
 70
1
102
RTVSPropertyOp35
 70
1
102
RTVSPropertyOp36
 70
1
102
RTVSPropertyOp37
 70
1
102
RTVSPropertyOp38
 70
1
102
RTVSPropertyOp39
 70
1
102
RTVSPropertyOp40
 70
1
102
RTVSPropertyOp41
 70
1
102
RTVSPropertyOp42
 70
1
102
RTVSPropertyOp43
 70
1
102
RTVSPropertyOp44
 70
1
102
RTVSPropertyOp45
 70
1
102
RTVSPropertyOp46
 70
1
102
RTVSPropertyOp47
 70
1
102
RTVSPropertyOp48
 70
1
102
RTVSPropertyOp49
 70
1
102
RTVSPropertyOp50
 70
1
102
RTVSPropertyOp51
 70
0
102
RTVSPropertyOp52
 70
0
102
RTVSPropertyOp53
 70
1
102
RTVSPropertyOp54
 70
1
102
RTVSPropertyOp55
 70
1
102
RTVSPropertyOp56
 70
1
102
RTVSPropertyOp57
 70
1
102
RTVSPropertyOp58
 70
1
102
RTVSPropertyOp59
 70
1
102
RTVSPropertyOp60
 70
1
102
RTVSPropertyOp61
 70
1
102
RTVSPropertyOp62
 70
1
  0
DICTIONARY
  5
CD
330
C
100
AcDbDictionary
280
1
281
1
  3
WRITTEN_BY_EZDXF
350
CE
  0
DICTIONARYVAR
  5
CE
330
CD
100
DictionaryVariables
280
0
  1
1.4.3 @ 2026-01-20T22:18:53.883964+00:00
  0
ENDSEC
  0
EOF
